"device","algorithm","execution_backend","N","num_chunks","n_threads","n_chains","threads_per_chain","n_iter","dataset_md5","timing_scope","timing_estimator","benchmark_role","timing_method","stan_chunk_size","n_repeats","time_mean","time_median","time_sd","time_short_run_mean","time_long_run_mean","fixed_cost_mean","seconds_per_iteration_mean","time_short_run_median","time_long_run_median","fixed_cost_median","seconds_per_iteration_median","n_repeats_two_run_flagged","time_mean_not_positive","time_median_not_positive","chain_rate","total_iter_per_sec","max_divergences","case_ids","configuration_id"
"Laptop","AD_Stan","NicoStan_BridgeStan",500,1,1,1,1,200,"257aba3ac8b8727679d269bf8597bb85","NicoStan_BridgeStan_state_allocation_thread_setup_sampling_model_load_divergence_check","iteration_difference","main_scaling","two_run_difference",NA,4,1.19899497487423,1.20100502512534,0.00701120587447401,0.0154999999987484,1.2084999999986,0.00950502512437728,0.00599497487437113,0.0144999999974971,1.20949999999721,0.00849497487187039,0.00600502512562668,0,FALSE,FALSE,0.83403185247286,166.806370494572,0,"1;2;3;4",1
"Laptop","AD_Stan","NicoStan_BridgeStan",500,1,2,2,1,200,"257aba3ac8b8727679d269bf8597bb85","NicoStan_BridgeStan_state_allocation_thread_setup_sampling_model_load_divergence_check","iteration_difference","main_scaling","two_run_difference",NA,4,1.27185929648314,1.27587939698159,0.0151422303269973,0.0165000000006694,1.2820000000014,0.0101407035182537,0.00635929648241572,0.0155000000013388,1.28700000000175,0.0091608040163509,0.00637939698490795,0,FALSE,FALSE,1.57250098775097,314.500197550195,0,"5;6;7;8",2
"Laptop","AD_Stan","NicoStan_BridgeStan",500,1,4,4,1,200,"257aba3ac8b8727679d269bf8597bb85","NicoStan_BridgeStan_state_allocation_thread_setup_sampling_model_load_divergence_check","iteration_difference","main_scaling","two_run_difference",NA,4,1.41281407035275,1.40854271356837,0.0135678391971684,0.0200000000018332,1.42575000000282,0.0129359296500695,0.00706407035176377,0.0200000000001159,1.422,0.0129145728644302,0.00704271356784183,0,FALSE,FALSE,2.83122888137805,566.245776275611,0,"9;10;11;12",3
"Laptop","AD_Stan","NicoStan_BridgeStan",500,1,8,8,1,200,"257aba3ac8b8727679d269bf8597bb85","NicoStan_BridgeStan_state_allocation_thread_setup_sampling_model_load_divergence_check","iteration_difference","main_scaling","two_run_difference",NA,4,2.47261306532046,2.4587939698465,0.086094056470001,0.0267500000034055,2.48699999999726,0.0143869346768032,0.0123630653266023,0.0250000000043658,2.47099999999971,0.0125150753812981,0.0122939698492325,0,FALSE,FALSE,3.23544355249258,647.088710498516,0,"13;14;15;16",4
"Laptop","AD_Stan","NicoStan_BridgeStan",500,1,16,16,1,200,"257aba3ac8b8727679d269bf8597bb85","NicoStan_BridgeStan_state_allocation_thread_setup_sampling_model_load_divergence_check","iteration_difference","main_scaling","two_run_difference",NA,4,5.49195979899901,5.51407035176277,0.147740972413821,0.0459999999972061,5.51050000000122,0.018540201002211,0.0274597989949951,0.0439999999944121,5.53500000000116,0.0171507537632159,0.0275703517588139,0,FALSE,FALSE,2.91334980327355,582.66996065471,0,"17;18;19;20",5
"Laptop","AD_Stan","NicoStan_BridgeStan",2500,1,1,1,1,40,"7184208393ceb4c8ae3e26f0d1660bdb","NicoStan_BridgeStan_state_allocation_thread_setup_sampling_model_load_divergence_check","iteration_difference","main_scaling","two_run_difference",NA,4,1.17871794871657,1.17999999999898,0.0118245631476949,0.0680000000007572,1.21724999999942,0.0385320512828429,0.0294679487179144,0.0625000000007567,1.21749999999884,0.0332051282059103,0.0294999999999746,0,FALSE,FALSE,0.848379377856112,33.9351751142445,0,"21;22;23;24",6
"Laptop","AD_Stan","NicoStan_BridgeStan",2500,1,2,2,1,40,"7184208393ceb4c8ae3e26f0d1660bdb","NicoStan_BridgeStan_state_allocation_thread_setup_sampling_model_load_divergence_check","iteration_difference","main_scaling","two_run_difference",NA,4,1.24051282051223,1.23897435897412,0.010740702954631,0.0800000000002612,1.28949999999968,0.0489871794874556,0.0310128205128056,0.0740000000005239,1.29149999999936,0.042782051282605,0.0309743589743531,0,FALSE,FALSE,1.61223646134844,64.4894584539375,0,"25;26;27;28",7
"Laptop","AD_Stan","NicoStan_BridgeStan",2500,1,4,4,1,40,"7184208393ceb4c8ae3e26f0d1660bdb","NicoStan_BridgeStan_state_allocation_thread_setup_sampling_model_load_divergence_check","iteration_difference","main_scaling","two_run_difference",NA,4,1.48666666666974,1.48974358974998,0.0135161691642213,0.0857499999979918,1.53525000000099,0.0485833333312483,0.0371666666667436,0.0784999999959837,1.53650000000198,0.0411153846112146,0.0372435897437494,0,FALSE,FALSE,2.69058295963569,107.623318385428,0,"29;30;31;32",8
"Laptop","AD_Stan","NicoStan_BridgeStan",2500,1,8,8,1,40,"7184208393ceb4c8ae3e26f0d1660bdb","NicoStan_BridgeStan_state_allocation_thread_setup_sampling_model_load_divergence_check","iteration_difference","main_scaling","two_run_difference",NA,4,2.80692307692496,2.78820512820913,0.0738194396108165,0.127999999996913,2.86474999999875,0.0578269230737888,0.070173076923124,0.12149999999383,2.84,0.050525641019377,0.0697051282052283,0,FALSE,FALSE,2.85009591668759,114.003836667504,0,"33;34;35;36",9
"Laptop","AD_Stan","NicoStan_BridgeStan",2500,1,16,16,1,40,"7184208393ceb4c8ae3e26f0d1660bdb","NicoStan_BridgeStan_state_allocation_thread_setup_sampling_model_load_divergence_check","iteration_difference","main_scaling","two_run_difference",NA,4,5.89948717948783,5.85846153846154,0.101370836334182,0.231499999997148,5.98349999999779,0.0840128205099518,0.147487179487196,0.221999999994296,5.953,0.0734871794814423,0.146461538461538,0,FALSE,FALSE,2.71210013908176,108.48400556327,0,"37;38;39;40",10
"Laptop","AD_Stan","NicoStan_BridgeStan",10000,1,1,1,1,20,"b352a26c8e9b174599c6b645056fb577","NicoStan_BridgeStan_state_allocation_thread_setup_sampling_model_load_divergence_check","iteration_difference","main_scaling","two_run_difference",NA,4,2.36052631578968,2.36684210526284,0.0152419695634141,0.269499999999685,2.51199999999988,0.151473684210201,0.118026315789484,0.24799999999999,2.49749999999968,0.129605263157901,0.118342105263142,0,FALSE,FALSE,0.423634336677779,8.47268673355557,0,"41;42;43;44",11
"Laptop","AD_Stan","NicoStan_BridgeStan",10000,1,2,2,1,20,"b352a26c8e9b174599c6b645056fb577","NicoStan_BridgeStan_state_allocation_thread_setup_sampling_model_load_divergence_check","iteration_difference","main_scaling","two_run_difference",NA,4,2.5126315789469,2.50947368420958,0.0319163264314635,0.289999999999761,2.67699999999931,0.164368421052416,0.125631578947345,0.273999999999717,2.64949999999862,0.149710526315517,0.125473684210479,0,FALSE,FALSE,0.795978215333203,15.9195643066641,0,"45;46;47;48",12
"Laptop","AD_Stan","NicoStan_BridgeStan",10000,1,4,4,1,20,"b352a26c8e9b174599c6b645056fb577","NicoStan_BridgeStan_state_allocation_thread_setup_sampling_model_load_divergence_check","iteration_difference","main_scaling","two_run_difference",NA,4,3.22763157894691,3.2284210526311,0.0477092997777797,0.324500000000196,3.39074999999976,0.16311842105285,0.161381578947345,0.301000000000386,3.39099999999959,0.138157894737273,0.161421052631555,0,FALSE,FALSE,1.23929881777433,24.7859763554866,0,"49;50;51;52",13
"Laptop","AD_Stan","NicoStan_BridgeStan",10000,1,8,8,1,20,"b352a26c8e9b174599c6b645056fb577","NicoStan_BridgeStan_state_allocation_thread_setup_sampling_model_load_divergence_check","iteration_difference","main_scaling","two_run_difference",NA,4,6.52868421052587,6.51684210526247,0.0333688637967825,0.533750000000232,6.73599999999981,0.207315789473939,0.326434210526293,0.533500000000458,6.74349999999978,0.205947368421556,0.325842105263124,0,FALSE,FALSE,1.2253617638761,24.5072352775219,0,"53;54;55;56",14
"Laptop","AD_Stan","NicoStan_BridgeStan",10000,1,16,16,1,20,"b352a26c8e9b174599c6b645056fb577","NicoStan_BridgeStan_state_allocation_thread_setup_sampling_model_load_divergence_check","iteration_difference","main_scaling","two_run_difference",NA,4,14.1634210526319,14.1910526315786,0.135968534189707,0.980999999999618,14.4362499999999,0.272828947368025,0.708171052631593,0.967499999999873,14.4829999999996,0.260447368420261,0.709552631578931,0,FALSE,FALSE,1.12967057468272,22.5934114936545,0,"57;58;59;60",15
"Laptop","AD_Stan","NicoStan_BridgeStan",50000,1,1,1,1,10,"50597d787bf5578f0fdbdd94f2702741","NicoStan_BridgeStan_state_allocation_thread_setup_sampling_model_load_divergence_check","iteration_difference","main_scaling","two_run_difference",NA,4,5.97666666666689,5.9844444444448,0.0227348285233019,1.4252500000005,6.8042500000007,0.827583333333806,0.597666666666689,1.3150000000002,6.70600000000051,0.716611111111902,0.59844444444448,0,FALSE,FALSE,0.167317345231449,1.67317345231449,0,"61;62;63;64",16
"Laptop","AD_Stan","NicoStan_BridgeStan",50000,1,2,2,1,10,"50597d787bf5578f0fdbdd94f2702741","NicoStan_BridgeStan_state_allocation_thread_setup_sampling_model_load_divergence_check","iteration_difference","main_scaling","two_run_difference",NA,4,6.52388888888921,6.54166666666667,0.0475446508779371,1.47399999999982,7.34550000000011,0.821611111110898,0.652388888888921,1.3774999999995,7.22650000000016,0.728166666666106,0.654166666666667,0,FALSE,FALSE,0.306565613556998,3.06565613556998,0,"65;66;67;68",17
"Laptop","AD_Stan","NicoStan_BridgeStan",50000,1,4,4,1,10,"50597d787bf5578f0fdbdd94f2702741","NicoStan_BridgeStan_state_allocation_thread_setup_sampling_model_load_divergence_check","iteration_difference","main_scaling","two_run_difference",NA,4,9.57833333333363,9.58111111111101,0.0283206216951012,1.78124999999967,10.4017499999999,0.82341666666631,0.957833333333363,1.66449999999952,10.3000000000002,0.70499999999945,0.9581111111111,0,FALSE,FALSE,0.41760918740211,4.1760918740211,0,"69;70;71;72",18
"Laptop","AD_Stan","NicoStan_BridgeStan",50000,1,8,8,1,10,"50597d787bf5578f0fdbdd94f2702741","NicoStan_BridgeStan_state_allocation_thread_setup_sampling_model_load_divergence_check","iteration_difference","main_scaling","two_run_difference",NA,4,20.4241666666669,20.4072222222234,0.151954008095013,2.90599999999975,21.28775,0.863583333333055,2.04241666666669,2.83099999999916,21.308,0.790277777776822,2.04072222222234,0,FALSE,FALSE,0.391692847525393,3.91692847525393,0,"73;74;75;76",19
"Laptop","AD_Stan","NicoStan_BridgeStan",50000,1,16,16,1,10,"50597d787bf5578f0fdbdd94f2702741","NicoStan_BridgeStan_state_allocation_thread_setup_sampling_model_load_divergence_check","iteration_difference","main_scaling","two_run_difference",NA,4,41.1647222222222,41.1094444444444,0.147885994907778,5.75275000000008,42.801,1.63627777777786,4.11647222222222,5.67549999999974,42.8055,1.55166666666713,4.11094444444444,0,FALSE,FALSE,0.388682326425675,3.88682326425675,0,"77;78;79;80",20
"Laptop","AD_Stan_chunked","NicoStan_BridgeStan",500,2,1,1,1,200,"257aba3ac8b8727679d269bf8597bb85","NicoStan_BridgeStan_state_allocation_thread_setup_sampling_model_load_divergence_check","iteration_difference","main_scaling","two_run_difference",250,4,1.51884422110626,1.52814070351923,0.0286079303066016,0.0179999999979921,1.52924999999872,0.0104057788924608,0.0075942211055313,0.0164999999962747,1.54000000000134,0.00895226130280826,0.00764070351759613,0,FALSE,FALSE,0.65839536807247,131.679073614494,0,"81;82;83;84",21
"Laptop","AD_Stan_chunked","NicoStan_BridgeStan",500,2,2,2,1,200,"257aba3ac8b8727679d269bf8597bb85","NicoStan_BridgeStan_state_allocation_thread_setup_sampling_model_load_divergence_check","iteration_difference","main_scaling","two_run_difference",250,4,1.61934673367089,1.61758793969808,0.0264428585308006,0.0222500000003198,1.63350000000285,0.0141532663319654,0.00809673366835443,0.0234999999999994,1.63400000000396,0.0155075376884416,0.00808793969849042,0,FALSE,FALSE,1.23506594258921,247.013188517843,0,"85;86;87;88",22
"Laptop","AD_Stan_chunked","NicoStan_BridgeStan",500,2,4,4,1,200,"257aba3ac8b8727679d269bf8597bb85","NicoStan_BridgeStan_state_allocation_thread_setup_sampling_model_load_divergence_check","iteration_difference","main_scaling","two_run_difference",250,4,1.84447236180843,1.84271356783604,0.0396900103313621,0.0244999999997675,1.85974999999916,0.0152776381907253,0.00922236180904215,0.0244999999995343,1.8579999999993,0.0152688442181859,0.00921356783918018,0,FALSE,FALSE,2.16864187440475,433.728374880951,0,"89;90;91;92",23
"Laptop","AD_Stan_chunked","NicoStan_BridgeStan",500,2,8,8,1,200,"257aba3ac8b8727679d269bf8597bb85","NicoStan_BridgeStan_state_allocation_thread_setup_sampling_model_load_divergence_check","iteration_difference","main_scaling","two_run_difference",250,4,2.91432160803827,2.88391959798416,0.0680522740945034,0.0302500000028534,2.93000000000093,0.015678391962662,0.0145716080401913,0.0285000000028539,2.90149999999709,0.0141005025154457,0.0144195979899208,0,FALSE,FALSE,2.74506422967679,549.012845935358,0,"93;94;95;96",24
"Laptop","AD_Stan_chunked","NicoStan_BridgeStan",500,2,16,16,1,200,"257aba3ac8b8727679d269bf8597bb85","NicoStan_BridgeStan_state_allocation_thread_setup_sampling_model_load_divergence_check","iteration_difference","main_scaling","two_run_difference",250,4,6.17010050251604,6.09246231155884,0.183530861200477,0.076499999996857,6.21575000000032,0.0456494974842768,0.0308505025125802,0.0539999999941791,6.16100000000058,0.0227613065268129,0.0304623115577942,0,FALSE,FALSE,2.59315062914705,518.63012582941,0,"97;98;99;100",25
"Laptop","AD_Stan_chunked","NicoStan_BridgeStan",500,4,1,1,1,200,"257aba3ac8b8727679d269bf8597bb85","NicoStan_BridgeStan_state_allocation_thread_setup_sampling_model_load_divergence_check","iteration_difference","main_scaling","two_run_difference",125,4,1.5783919597985,1.57638190954657,0.0168672641549688,0.0172500000006695,1.58775000000017,0.00935804020167696,0.00789195979899249,0.0155000000016301,1.58749999999855,0.00759798995137797,0.00788190954773285,0,FALSE,FALSE,0.633556192295647,126.711238459129,0,"101;102;103;104",26
"Laptop","AD_Stan_chunked","NicoStan_BridgeStan",500,4,2,2,1,200,"257aba3ac8b8727679d269bf8597bb85","NicoStan_BridgeStan_state_allocation_thread_setup_sampling_model_load_divergence_check","iteration_difference","main_scaling","two_run_difference",125,4,1.7271356783881,1.72562814070118,0.0343232388941181,0.0195000000018339,1.73799999999799,0.0108643216098934,0.00863567839194049,0.0190000000020376,1.7369999999993,0.0103567839216625,0.00862814070350589,0,FALSE,FALSE,1.15798661623768,231.597323247536,0,"105;106;107;108",27
"Laptop","AD_Stan_chunked","NicoStan_BridgeStan",500,4,4,4,1,200,"257aba3ac8b8727679d269bf8597bb85","NicoStan_BridgeStan_state_allocation_thread_setup_sampling_model_load_divergence_check","iteration_difference","main_scaling","two_run_difference",125,4,1.98241206030145,1.9783919597942,0.0279546373226999,0.0250000000022403,1.99750000000218,0.0150879397007331,0.00991206030150725,0.024500000004366,1.99299999999959,0.014608040205395,0.00989195979897099,0,FALSE,FALSE,2.01774397972122,403.548795944245,0,"109;110;111;112",28
"Laptop","AD_Stan_chunked","NicoStan_BridgeStan",500,4,8,8,1,200,"257aba3ac8b8727679d269bf8597bb85","NicoStan_BridgeStan_state_allocation_thread_setup_sampling_model_load_divergence_check","iteration_difference","main_scaling","two_run_difference",125,4,3.00276381910004,3.02211055276985,0.0876290276936258,0.0312499999974953,3.01900000000204,0.0162361809019951,0.0150138190955002,0.0289999999974953,3.03600000000349,0.013889447233646,0.0151105527638492,0,FALSE,FALSE,2.66421219981186,532.842439962373,0,"113;114;115;116",29
"Laptop","AD_Stan_chunked","NicoStan_BridgeStan",500,4,16,16,1,200,"257aba3ac8b8727679d269bf8597bb85","NicoStan_BridgeStan_state_allocation_thread_setup_sampling_model_load_divergence_check","iteration_difference","main_scaling","two_run_difference",125,4,6.07562814070671,6.07185929648803,0.0929032346112488,0.0587500000016572,6.10400000000483,0.0283718592981237,0.0303781407035335,0.0530000000037809,6.10600000000512,0.022603015079154,0.0303592964824401,0,FALSE,FALSE,2.63347256110031,526.694512220062,0,"117;118;119;120",30
"Laptop","AD_Stan_chunked","NicoStan_BridgeStan",500,10,1,1,1,200,"257aba3ac8b8727679d269bf8597bb85","NicoStan_BridgeStan_state_allocation_thread_setup_sampling_model_load_divergence_check","iteration_difference","main_scaling","two_run_difference",50,4,1.76030150753389,1.75427135678392,0.0332773112392851,0.0197500000018334,1.77124999999805,0.0109484924641639,0.00880150753766943,0.0185000000020388,1.767,0.0096457286452689,0.0087713567839196,0,FALSE,FALSE,0.568084499002084,113.616899800417,0,"121;122;123;124",31
"Laptop","AD_Stan_chunked","NicoStan_BridgeStan",500,10,2,2,1,200,"257aba3ac8b8727679d269bf8597bb85","NicoStan_BridgeStan_state_allocation_thread_setup_sampling_model_load_divergence_check","iteration_difference","main_scaling","two_run_difference",50,4,1.93768844221152,1.92110552763608,0.0449984965559367,0.0215000000008736,1.94950000000134,0.011811557789816,0.00968844221105761,0.0200000000001168,1.93599999999802,0.0104447236182178,0.00960552763818042,0,FALSE,FALSE,1.0321576763483,206.43153526966,0,"125;126;127;128",32
"Laptop","AD_Stan_chunked","NicoStan_BridgeStan",500,10,4,4,1,200,"257aba3ac8b8727679d269bf8597bb85","NicoStan_BridgeStan_state_allocation_thread_setup_sampling_model_load_divergence_check","iteration_difference","main_scaling","two_run_difference",50,4,2.21658291456862,2.21758793969246,0.0177996352787647,0.0282500000018935,2.23374999999767,0.0171670854290504,0.0110829145728431,0.0275000000037835,2.23099999999494,0.0163567839234239,0.0110879396984623,0,FALSE,FALSE,1.80457946044326,360.915892088653,0,"129;130;131;132",33
"Laptop","AD_Stan_chunked","NicoStan_BridgeStan",500,10,8,8,1,200,"257aba3ac8b8727679d269bf8597bb85","NicoStan_BridgeStan_state_allocation_thread_setup_sampling_model_load_divergence_check","iteration_difference","main_scaling","two_run_difference",50,4,3.35075376884709,3.35728643216654,0.0362459865067419,0.0332499999950233,3.36724999999787,0.0164962311507879,0.0167537688442354,0.0314999999900465,3.37199999999575,0.0147135678292138,0.0167864321608327,0,FALSE,FALSE,2.38752249549886,477.504499099772,0,"133;134;135;136",34
"Laptop","AD_Stan_chunked","NicoStan_BridgeStan",500,10,16,16,1,200,"257aba3ac8b8727679d269bf8597bb85","NicoStan_BridgeStan_state_allocation_thread_setup_sampling_model_load_divergence_check","iteration_difference","main_scaling","two_run_difference",50,4,6.39798994975032,6.41105527638606,0.0444262032259626,0.0572499999982252,6.4232499999998,0.0252600502494736,0.0319899497487516,0.0545000000018625,6.43349999999872,0.0224447236126562,0.0320552763819303,0,FALSE,FALSE,2.50078542255672,500.157084511344,0,"137;138;139;140",35
"Laptop","AD_Stan_chunked","NicoStan_BridgeStan",2500,4,1,1,1,40,"7184208393ceb4c8ae3e26f0d1660bdb","NicoStan_BridgeStan_state_allocation_thread_setup_sampling_model_load_divergence_check","iteration_difference","main_scaling","two_run_difference",625,4,1.46282051282636,1.46461538462195,0.0162465121275707,0.0852499999966838,1.51150000000239,0.0486794871760248,0.036570512820659,0.0834999999933643,1.51450000000477,0.0468076923007641,0.0366153846155487,0,FALSE,FALSE,0.683610867657215,27.3444347062886,0,"141;142;143;144",36
"Laptop","AD_Stan_chunked","NicoStan_BridgeStan",2500,4,2,2,1,40,"7184208393ceb4c8ae3e26f0d1660bdb","NicoStan_BridgeStan_state_allocation_thread_setup_sampling_model_load_divergence_check","iteration_difference","main_scaling","two_run_difference",625,4,1.53358974358995,1.53794871795027,0.0144654174340507,0.0877500000010762,1.58300000000128,0.0494102564113274,0.0383397435897488,0.0820000000021537,1.58400000000256,0.0434871794893227,0.0384487179487567,0,FALSE,FALSE,1.30412974418976,52.1651897675902,0,"145;146;147;148",37
"Laptop","AD_Stan_chunked","NicoStan_BridgeStan",2500,4,4,4,1,40,"7184208393ceb4c8ae3e26f0d1660bdb","NicoStan_BridgeStan_state_allocation_thread_setup_sampling_model_load_divergence_check","iteration_difference","main_scaling","two_run_difference",625,4,1.74564102564578,1.73948717949315,0.0344061418844406,0.106499999999418,1.80850000000405,0.0628589743582735,0.0436410256411444,0.102499999997555,1.81500000000338,0.0593205128179184,0.0434871794873288,0,FALSE,FALSE,2.29142185663301,91.6568742653205,0,"149;150;151;152",38
"Laptop","AD_Stan_chunked","NicoStan_BridgeStan",2500,4,8,8,1,40,"7184208393ceb4c8ae3e26f0d1660bdb","NicoStan_BridgeStan_state_allocation_thread_setup_sampling_model_load_divergence_check","iteration_difference","main_scaling","two_run_difference",625,4,2.9853846153819,2.98615384614841,0.0052548465472699,0.149000000002445,3.0597499999998,0.0743653846178977,0.0746346153845474,0.149000000000001,3.06049999999959,0.0743846153846164,0.0746538461537103,0,FALSE,FALSE,2.67972172120831,107.188868848333,0,"153;154;155;156",39
"Laptop","AD_Stan_chunked","NicoStan_BridgeStan",2500,4,16,16,1,40,"7184208393ceb4c8ae3e26f0d1660bdb","NicoStan_BridgeStan_state_allocation_thread_setup_sampling_model_load_divergence_check","iteration_difference","main_scaling","two_run_difference",625,4,6.18230769230593,6.19333333333064,0.088003645850988,0.241000000003115,6.2687500000014,0.0864423076954672,0.154557692307648,0.233500000001399,6.28700000000221,0.0795897435946441,0.154833333333266,0,FALSE,FALSE,2.58803035958765,103.521214383506,0,"157;158;159;160",40
"Laptop","AD_Stan_chunked","NicoStan_BridgeStan",2500,10,1,1,1,40,"7184208393ceb4c8ae3e26f0d1660bdb","NicoStan_BridgeStan_state_allocation_thread_setup_sampling_model_load_divergence_check","iteration_difference","main_scaling","two_run_difference",250,4,1.56615384615403,1.56769230769267,0.0198702784081286,0.0832499999997083,1.61024999999989,0.0440961538458575,0.0391538461538507,0.0779999999978429,1.60599999999977,0.0391794871771688,0.0391923076923166,0,FALSE,FALSE,0.638506876227823,25.5402750491129,0,"161;162;163;164",41
"Laptop","AD_Stan_chunked","NicoStan_BridgeStan",2500,10,2,2,1,40,"7184208393ceb4c8ae3e26f0d1660bdb","NicoStan_BridgeStan_state_allocation_thread_setup_sampling_model_load_divergence_check","iteration_difference","main_scaling","two_run_difference",250,4,1.64076923076383,1.64051282050876,0.0123183714290494,0.0912500000025886,1.69099999999732,0.0502307692334929,0.0410192307690958,0.0805000000027931,1.68799999999464,0.0394743589773206,0.041012820512719,0,FALSE,FALSE,1.2189404594508,48.757618378032,0,"165;166;167;168",42
"Laptop","AD_Stan_chunked","NicoStan_BridgeStan",2500,10,4,4,1,40,"7184208393ceb4c8ae3e26f0d1660bdb","NicoStan_BridgeStan_state_allocation_thread_setup_sampling_model_load_divergence_check","iteration_difference","main_scaling","two_run_difference",250,4,1.9005128205116,1.88871794871389,0.0417961826642365,0.106500000001191,1.9595,0.0589871794884006,0.04751282051279,0.109000000002617,1.9375,0.0622307692333454,0.0472179487178473,0,FALSE,FALSE,2.10469508904614,84.1878035618457,0,"169;170;171;172",43
"Laptop","AD_Stan_chunked","NicoStan_BridgeStan",2500,10,8,8,1,40,"7184208393ceb4c8ae3e26f0d1660bdb","NicoStan_BridgeStan_state_allocation_thread_setup_sampling_model_load_divergence_check","iteration_difference","main_scaling","two_run_difference",250,4,3.08871794872215,3.07487179487836,0.080748199680141,0.147499999996828,3.15900000000093,0.0702820512787744,0.0772179487180539,0.139999999997791,3.15300000000227,0.062730769226475,0.076871794871959,0,FALSE,FALSE,2.59007139299,103.6028557196,0,"173;174;175;176",44
"Laptop","AD_Stan_chunked","NicoStan_BridgeStan",2500,10,16,16,1,40,"7184208393ceb4c8ae3e26f0d1660bdb","NicoStan_BridgeStan_state_allocation_thread_setup_sampling_model_load_divergence_check","iteration_difference","main_scaling","two_run_difference",250,4,6.3223076923107,6.32102564103166,0.036496827379908,0.253749999996863,6.4179999999998,0.0956923076890956,0.158057692307768,0.239499999998785,6.41500000000082,0.0814102564090411,0.158025641025792,0,FALSE,FALSE,2.53072149896461,101.228859958584,0,"177;178;179;180",45
"Laptop","AD_Stan_chunked","NicoStan_BridgeStan",2500,25,1,1,1,40,"7184208393ceb4c8ae3e26f0d1660bdb","NicoStan_BridgeStan_state_allocation_thread_setup_sampling_model_load_divergence_check","iteration_difference","main_scaling","two_run_difference",100,4,1.73589743590075,1.72666666667329,0.0228497843544801,0.096749999997904,1.78925000000114,0.0533525641003852,0.0433974358975188,0.095499999995809,1.77900000000227,0.0523333333289767,0.0431666666668323,0,FALSE,FALSE,0.576070901032873,23.0428360413149,0,"181;182;183;184",46
"Laptop","AD_Stan_chunked","NicoStan_BridgeStan",2500,25,2,2,1,40,"7184208393ceb4c8ae3e26f0d1660bdb","NicoStan_BridgeStan_state_allocation_thread_setup_sampling_model_load_divergence_check","iteration_difference","main_scaling","two_run_difference",100,4,1.85410256410113,1.84974358973971,0.0342976873992883,0.0960000000012826,1.90374999999988,0.0496474358987544,0.0463525641025282,0.0849999999978479,1.91050000000093,0.0385384615362842,0.0462435897434926,0,FALSE,FALSE,1.07868897801218,43.147559120487,0,"185;186;187;188",47
"Laptop","AD_Stan_chunked","NicoStan_BridgeStan",2500,25,4,4,1,40,"7184208393ceb4c8ae3e26f0d1660bdb","NicoStan_BridgeStan_state_allocation_thread_setup_sampling_model_load_divergence_check","iteration_difference","main_scaling","two_run_difference",100,4,2.13410256410579,2.13230769230817,0.00707494088076339,0.11149999999968,2.19225000000282,0.0581474358970351,0.0533525641026447,0.107999999999883,2.19100000000035,0.0545897435896149,0.0533076923077042,0,FALSE,FALSE,1.874324161958,74.97296647832,0,"189;190;191;192",48
"Laptop","AD_Stan_chunked","NicoStan_BridgeStan",2500,25,8,8,1,40,"7184208393ceb4c8ae3e26f0d1660bdb","NicoStan_BridgeStan_state_allocation_thread_setup_sampling_model_load_divergence_check","iteration_difference","main_scaling","two_run_difference",100,4,3.19692307692642,3.19230769230739,0.0499168715111478,0.15549999999881,3.27250000000206,0.0755769230756494,0.0799230769231604,0.148999999997613,3.27899999999872,0.0680512820487284,0.0798076923076848,0,FALSE,FALSE,2.5024061597664,100.096246390656,0,"193;194;195;196",49
"Laptop","AD_Stan_chunked","NicoStan_BridgeStan",2500,25,16,16,1,40,"7184208393ceb4c8ae3e26f0d1660bdb","NicoStan_BridgeStan_state_allocation_thread_setup_sampling_model_load_divergence_check","iteration_difference","main_scaling","two_run_difference",100,4,6.20076923077275,6.21589743590448,0.0567132499883858,0.252749999995753,6.29849999999918,0.0977307692264347,0.155019230769319,0.243999999991502,6.30449999999837,0.0886025640938897,0.155397435897612,0,FALSE,FALSE,2.580325021708,103.21300086832,0,"197;198;199;200",50
"Laptop","AD_Stan_chunked","NicoStan_BridgeStan",2500,50,1,1,1,40,"7184208393ceb4c8ae3e26f0d1660bdb","NicoStan_BridgeStan_state_allocation_thread_setup_sampling_model_load_divergence_check","iteration_difference","main_scaling","two_run_difference",50,4,1.89307692307161,1.88923076922014,0.0318375781573192,0.0917500000022429,1.93749999999706,0.0444230769254527,0.0473269230767901,0.085000000002097,1.92649999999412,0.0383333333355664,0.0472307692305036,0,FALSE,FALSE,0.52824055262237,21.1296221048948,0,"201;202;203;204",51
"Laptop","AD_Stan_chunked","NicoStan_BridgeStan",2500,50,2,2,1,40,"7184208393ceb4c8ae3e26f0d1660bdb","NicoStan_BridgeStan_state_allocation_thread_setup_sampling_model_load_divergence_check","iteration_difference","main_scaling","two_run_difference",50,4,2.01256410256505,2.0102564102564,0.0217792804995738,0.101499999997905,2.06374999999883,0.051185897433779,0.0503141025641264,0.095499999995809,2.06449999999936,0.0451282051239664,0.0502564102564101,0,FALSE,FALSE,0.993757166517558,39.7502866607023,0,"205;206;207;208",52
"Laptop","AD_Stan_chunked","NicoStan_BridgeStan",2500,50,4,4,1,40,"7184208393ceb4c8ae3e26f0d1660bdb","NicoStan_BridgeStan_state_allocation_thread_setup_sampling_model_load_divergence_check","iteration_difference","main_scaling","two_run_difference",50,4,2.30000000000168,2.28564102564163,0.0498571265777642,0.129500000001102,2.37200000000274,0.0720000000010596,0.0575000000000419,0.134500000003143,2.37300000000373,0.0778205128236413,0.0571410256410409,0,FALSE,FALSE,1.73913043478134,69.5652173912537,0,"209;210;211;212",53
"Laptop","AD_Stan_chunked","NicoStan_BridgeStan",2500,50,8,8,1,40,"7184208393ceb4c8ae3e26f0d1660bdb","NicoStan_BridgeStan_state_allocation_thread_setup_sampling_model_load_divergence_check","iteration_difference","main_scaling","two_run_difference",50,4,3.47179487179278,3.45692307692546,0.0501830967021929,0.164500000003059,3.54950000000102,0.0777051282082397,0.0867948717948195,0.156500000003263,3.54500000000559,0.0702948717980748,0.0864230769231365,0,FALSE,FALSE,2.30428360413728,92.1713441654913,0,"213;214;215;216",54
"Laptop","AD_Stan_chunked","NicoStan_BridgeStan",2500,50,16,16,1,40,"7184208393ceb4c8ae3e26f0d1660bdb","NicoStan_BridgeStan_state_allocation_thread_setup_sampling_model_load_divergence_check","iteration_difference","main_scaling","two_run_difference",50,4,6.55769230769098,6.4712820512803,0.190166080798162,0.270500000001988,6.66425000000069,0.106557692309713,0.163942307692274,0.260500000003958,6.59300000000296,0.0958076923124021,0.161782051282008,0,FALSE,FALSE,2.43988269794771,97.5953079179083,0,"217;218;219;220",55
"Laptop","AD_Stan_chunked","NicoStan_BridgeStan",10000,4,1,1,1,20,"b352a26c8e9b174599c6b645056fb577","NicoStan_BridgeStan_state_allocation_thread_setup_sampling_model_load_divergence_check","iteration_difference","main_scaling","two_run_difference",2500,4,2.80552631578936,2.80315789473645,0.0188569969576665,0.292000000000307,2.9572500000002,0.151723684210839,0.140276315789468,0.263500000000406,2.93950000000041,0.123710526316214,0.140157894736822,0,FALSE,FALSE,0.356439358409169,7.12878716818338,0,"221;222;223;224",56
"Laptop","AD_Stan_chunked","NicoStan_BridgeStan",10000,4,2,2,1,20,"b352a26c8e9b174599c6b645056fb577","NicoStan_BridgeStan_state_allocation_thread_setup_sampling_model_load_divergence_check","iteration_difference","main_scaling","two_run_difference",2500,4,2.93868421052606,2.93526315789447,0.0340807254156225,0.319750000000226,3.11149999999999,0.172815789473923,0.146934210526303,0.293500000000023,3.10249999999996,0.146868421052667,0.146763157894723,0,FALSE,FALSE,0.680576699203068,13.6115339840614,0,"225;226;227;228",57
"Laptop","AD_Stan_chunked","NicoStan_BridgeStan",10000,4,4,4,1,20,"b352a26c8e9b174599c6b645056fb577","NicoStan_BridgeStan_state_allocation_thread_setup_sampling_model_load_divergence_check","iteration_difference","main_scaling","two_run_difference",2500,4,3.43105263157868,3.44210526315762,0.0704582022481458,0.34975,3.60924999999975,0.178197368421066,0.171552631578934,0.322999999999951,3.62249999999949,0.152236842105227,0.172105263157881,0,FALSE,FALSE,1.1658229789846,23.3164595796919,0,"229;230;231;232",58
"Laptop","AD_Stan_chunked","NicoStan_BridgeStan",10000,4,8,8,1,20,"b352a26c8e9b174599c6b645056fb577","NicoStan_BridgeStan_state_allocation_thread_setup_sampling_model_load_divergence_check","iteration_difference","main_scaling","two_run_difference",2500,4,6.20473684210532,6.19421052631591,0.0923620480632699,0.523249999999798,6.41774999999986,0.213013157894532,0.310236842105266,0.497999999999593,6.40349999999971,0.188289473683797,0.309710526315796,0,FALSE,FALSE,1.28933751802527,25.7867503605053,0,"233;234;235;236",59
"Laptop","AD_Stan_chunked","NicoStan_BridgeStan",10000,4,16,16,1,20,"b352a26c8e9b174599c6b645056fb577","NicoStan_BridgeStan_state_allocation_thread_setup_sampling_model_load_divergence_check","iteration_difference","main_scaling","two_run_difference",2500,4,13.3492105263159,13.3136842105266,0.119634330515326,0.95474999999994,13.6365,0.287289473684146,0.667460526315794,0.932499999999891,13.5754999999996,0.269157894736724,0.665684210526332,0,FALSE,FALSE,1.19857275218325,23.9714550436649,0,"237;238;239;240",60
"Laptop","AD_Stan_chunked","NicoStan_BridgeStan",10000,10,1,1,1,20,"b352a26c8e9b174599c6b645056fb577","NicoStan_BridgeStan_state_allocation_thread_setup_sampling_model_load_divergence_check","iteration_difference","main_scaling","two_run_difference",1000,4,2.8623684210526,2.86210526315725,0.0162022079357125,0.315500000000029,3.03475,0.172381578947398,0.14311842105263,0.286000000000058,3.00199999999951,0.143157894736903,0.143105263157862,0,FALSE,FALSE,0.349361037050661,6.98722074101321,0,"241;242;243;244",61
"Laptop","AD_Stan_chunked","NicoStan_BridgeStan",10000,10,2,2,1,20,"b352a26c8e9b174599c6b645056fb577","NicoStan_BridgeStan_state_allocation_thread_setup_sampling_model_load_divergence_check","iteration_difference","main_scaling","two_run_difference",1000,4,2.9934210526315,2.97999999999999,0.0450740644219105,0.317250000000087,3.16100000000002,0.167578947368511,0.149671052631575,0.28799999999984,3.14900000000006,0.137421052631408,0.148999999999999,0,FALSE,FALSE,0.668131868131885,13.3626373626377,0,"245;246;247;248",62
"Laptop","AD_Stan_chunked","NicoStan_BridgeStan",10000,10,4,4,1,20,"b352a26c8e9b174599c6b645056fb577","NicoStan_BridgeStan_state_allocation_thread_setup_sampling_model_load_divergence_check","iteration_difference","main_scaling","two_run_difference",1000,4,3.49684210526335,3.45210526315804,0.14113901518258,0.368749999999778,3.69074999999996,0.193907894736611,0.174842105263167,0.346499999999594,3.67749999999975,0.173894736841692,0.172605263157902,0,FALSE,FALSE,1.14388922335936,22.8777844671872,0,"249;250;251;252",63
"Laptop","AD_Stan_chunked","NicoStan_BridgeStan",10000,10,8,8,1,20,"b352a26c8e9b174599c6b645056fb577","NicoStan_BridgeStan_state_allocation_thread_setup_sampling_model_load_divergence_check","iteration_difference","main_scaling","two_run_difference",1000,4,6.08473684210533,6.05473684210485,0.15051404685583,0.516249999999907,6.29674999999997,0.21201315789464,0.304236842105267,0.512499999999818,6.30149999999952,0.212421052631391,0.302736842105243,0,FALSE,FALSE,1.31476515872328,26.2953031744656,0,"253;254;255;256",64
"Laptop","AD_Stan_chunked","NicoStan_BridgeStan",10000,10,16,16,1,20,"b352a26c8e9b174599c6b645056fb577","NicoStan_BridgeStan_state_allocation_thread_setup_sampling_model_load_divergence_check","iteration_difference","main_scaling","two_run_difference",1000,4,12.6757894736843,12.7305263157892,0.12776363217384,0.952750000000108,12.9947500000002,0.318960526315893,0.633789473684215,0.938500000000204,13.0190000000002,0.308289473684406,0.636526315789461,0,FALSE,FALSE,1.26224879588107,25.2449759176215,0,"257;258;259;260",65
"Laptop","AD_Stan_chunked","NicoStan_BridgeStan",10000,25,1,1,1,20,"b352a26c8e9b174599c6b645056fb577","NicoStan_BridgeStan_state_allocation_thread_setup_sampling_model_load_divergence_check","iteration_difference","main_scaling","two_run_difference",400,4,3.03447368421005,3.03578947368327,0.0246020966158002,0.311500000000109,3.19424999999966,0.159776315789606,0.151723684210502,0.274499999999819,3.15749999999935,0.123578947368251,0.151789473684163,0,FALSE,FALSE,0.329546440031272,6.59092880062544,0,"261;262;263;264",66
"Laptop","AD_Stan_chunked","NicoStan_BridgeStan",10000,25,2,2,1,20,"b352a26c8e9b174599c6b645056fb577","NicoStan_BridgeStan_state_allocation_thread_setup_sampling_model_load_divergence_check","iteration_difference","main_scaling","two_run_difference",400,4,3.151578947368,3.15263157894695,0.0258270403078517,0.337250000000253,3.33124999999986,0.179671052631853,0.1575789473684,0.310500000000502,3.31999999999971,0.152105263158439,0.157631578947348,0,FALSE,FALSE,0.634602538410238,12.6920507682048,0,"265;266;267;268",67
"Laptop","AD_Stan_chunked","NicoStan_BridgeStan",10000,25,4,4,1,20,"b352a26c8e9b174599c6b645056fb577","NicoStan_BridgeStan_state_allocation_thread_setup_sampling_model_load_divergence_check","iteration_difference","main_scaling","two_run_difference",400,4,3.61631578947369,3.61315789473664,0.0513564840890221,0.362999999999801,3.79849999999981,0.182184210526116,0.180815789473684,0.328499999999622,3.80599999999959,0.1468684210528,0.180657894736832,0,FALSE,FALSE,1.10609809343618,22.1219618687236,0,"269;270;271;272",68
"Laptop","AD_Stan_chunked","NicoStan_BridgeStan",10000,25,8,8,1,20,"b352a26c8e9b174599c6b645056fb577","NicoStan_BridgeStan_state_allocation_thread_setup_sampling_model_load_divergence_check","iteration_difference","main_scaling","two_run_difference",400,4,6.0668421052624,6.08842105263073,0.0596604736355958,0.51125000000043,6.27474999999971,0.20790789473731,0.30334210526312,0.488000000000397,6.28,0.183078947368855,0.304421052631537,0,FALSE,FALSE,1.31864318556449,26.3728637112898,0,"273;274;275;276",69
"Laptop","AD_Stan_chunked","NicoStan_BridgeStan",10000,25,16,16,1,20,"b352a26c8e9b174599c6b645056fb577","NicoStan_BridgeStan_state_allocation_thread_setup_sampling_model_load_divergence_check","iteration_difference","main_scaling","two_run_difference",400,4,12.6515789473689,12.6184210526319,0.244432748257706,0.950999999999837,12.9700000000003,0.318421052631393,0.632578947368444,0.92699999999968,12.8955000000003,0.303657894736477,0.630921052631596,0,FALSE,FALSE,1.26466428155416,25.2932856310832,0,"277;278;279;280",70
"Laptop","AD_Stan_chunked","NicoStan_BridgeStan",10000,50,1,1,1,20,"b352a26c8e9b174599c6b645056fb577","NicoStan_BridgeStan_state_allocation_thread_setup_sampling_model_load_divergence_check","iteration_difference","main_scaling","two_run_difference",200,4,3.22763157894769,3.22421052631584,0.0147211696116497,0.335499999999683,3.40174999999999,0.174118421052299,0.161381578947385,0.306499999999545,3.37600000000012,0.144947368420567,0.161210526315792,0,FALSE,FALSE,0.309824704443507,6.19649408887015,0,"281;282;283;284",71
"Laptop","AD_Stan_chunked","NicoStan_BridgeStan",10000,50,2,2,1,20,"b352a26c8e9b174599c6b645056fb577","NicoStan_BridgeStan_state_allocation_thread_setup_sampling_model_load_divergence_check","iteration_difference","main_scaling","two_run_difference",200,4,3.3947368421052,3.3889473684207,0.0282581425850161,0.338250000000045,3.56324999999998,0.168513157894785,0.16973684210526,0.308500000000095,3.55349999999999,0.13771052631589,0.169447368421035,0,FALSE,FALSE,0.589147286821717,11.7829457364343,0,"285;286;287;288",72
"Laptop","AD_Stan_chunked","NicoStan_BridgeStan",10000,50,4,4,1,20,"b352a26c8e9b174599c6b645056fb577","NicoStan_BridgeStan_state_allocation_thread_setup_sampling_model_load_divergence_check","iteration_difference","main_scaling","two_run_difference",200,4,3.87526315789444,3.87157894736794,0.0483485345596366,0.377750000000432,4.05925000000015,0.18398684210571,0.193763157894722,0.342500000000484,4.0595000000003,0.149105263158402,0.193578947368397,0,FALSE,FALSE,1.03218796686141,20.6437593372283,0,"289;290;291;292",73
"Laptop","AD_Stan_chunked","NicoStan_BridgeStan",10000,50,8,8,1,20,"b352a26c8e9b174599c6b645056fb577","NicoStan_BridgeStan_state_allocation_thread_setup_sampling_model_load_divergence_check","iteration_difference","main_scaling","two_run_difference",200,4,6.17157894736836,6.15999999999985,0.106303629667642,0.529750000000107,6.39275000000005,0.221171052631688,0.308578947368418,0.505500000000211,6.40249999999983,0.197500000000218,0.307999999999993,0,FALSE,FALSE,1.29626471089887,25.9252942179774,0,"293;294;295;296",74
"Laptop","AD_Stan_chunked","NicoStan_BridgeStan",10000,50,16,16,1,20,"b352a26c8e9b174599c6b645056fb577","NicoStan_BridgeStan_state_allocation_thread_setup_sampling_model_load_divergence_check","iteration_difference","main_scaling","two_run_difference",200,4,12.8336842105262,12.8105263157897,0.140630423358599,0.955499999999844,13.1474999999997,0.313815789473534,0.64168421052631,0.93249999999955,13.1634999999997,0.295842105262696,0.640526315789483,0,FALSE,FALSE,1.246719160105,24.9343832021,0,"297;298;299;300",75
"Laptop","AD_Stan_chunked","NicoStan_BridgeStan",10000,100,1,1,1,20,"b352a26c8e9b174599c6b645056fb577","NicoStan_BridgeStan_state_allocation_thread_setup_sampling_model_load_divergence_check","iteration_difference","main_scaling","two_run_difference",100,4,3.49736842105282,3.4931578947369,0.0293543951921708,0.33649999999983,3.65900000000001,0.16163157894719,0.174868421052641,0.30199999999968,3.64300000000003,0.126157894736504,0.174657894736845,0,FALSE,FALSE,0.285929270127901,5.71858540255801,0,"301;302;303;304",76
"Laptop","AD_Stan_chunked","NicoStan_BridgeStan",10000,100,2,2,1,20,"b352a26c8e9b174599c6b645056fb577","NicoStan_BridgeStan_state_allocation_thread_setup_sampling_model_load_divergence_check","iteration_difference","main_scaling","two_run_difference",100,4,3.69605263157874,3.69421052631504,0.0161107661742859,0.369250000000363,3.88050000000017,0.184447368421426,0.184802631578937,0.334000000000742,3.85000000000036,0.148947368421815,0.184710526315752,0,FALSE,FALSE,0.541117835528688,10.8223567105738,0,"305;306;307;308",77
"Laptop","AD_Stan_chunked","NicoStan_BridgeStan",10000,100,4,4,1,20,"b352a26c8e9b174599c6b645056fb577","NicoStan_BridgeStan_state_allocation_thread_setup_sampling_model_load_divergence_check","iteration_difference","main_scaling","two_run_difference",100,4,4.2602631578948,4.25263157894709,0.0355240415129831,0.398499999999544,4.44574999999961,0.185486842104804,0.21301315789474,0.365999999999076,4.43799999999919,0.151684210525386,0.212631578947355,0,FALSE,FALSE,0.938909135832959,18.7781827166592,0,"309;310;311;312",78
"Laptop","AD_Stan_chunked","NicoStan_BridgeStan",10000,100,8,8,1,20,"b352a26c8e9b174599c6b645056fb577","NicoStan_BridgeStan_state_allocation_thread_setup_sampling_model_load_divergence_check","iteration_difference","main_scaling","two_run_difference",100,4,6.34973684210494,6.34000000000003,0.0442136590375984,0.560750000000297,6.59299999999999,0.24326315789505,0.317486842105247,0.529499999999985,6.5890000000002,0.210578947368394,0.317000000000001,0,FALSE,FALSE,1.25989473247965,25.1978946495931,0,"313;314;315;316",79
"Laptop","AD_Stan_chunked","NicoStan_BridgeStan",10000,100,16,16,1,20,"b352a26c8e9b174599c6b645056fb577","NicoStan_BridgeStan_state_allocation_thread_setup_sampling_model_load_divergence_check","iteration_difference","main_scaling","two_run_difference",100,4,12.6092105263156,12.5873684210522,0.113200318444925,0.963499999999897,12.9422499999997,0.333039473684117,0.63046052631578,0.936499999999796,12.8944999999994,0.307131578947184,0.629368421052612,0,FALSE,FALSE,1.26891370134615,25.3782740269231,0,"317;318;319;320",80
"Laptop","AD_Stan_chunked","NicoStan_BridgeStan",50000,10,1,1,1,10,"50597d787bf5578f0fdbdd94f2702741","NicoStan_BridgeStan_state_allocation_thread_setup_sampling_model_load_divergence_check","iteration_difference","main_scaling","two_run_difference",5000,4,7.0713888888892,7.08555555555525,0.0470825822064884,1.48774999999981,7.85200000000009,0.780611111110886,0.70713888888892,1.36099999999948,7.73249999999985,0.655277777777163,0.708555555555525,0,FALSE,FALSE,0.141414934988406,1.41414934988406,0,"321;322;323;324",81
"Laptop","AD_Stan_chunked","NicoStan_BridgeStan",50000,10,2,2,1,10,"50597d787bf5578f0fdbdd94f2702741","NicoStan_BridgeStan_state_allocation_thread_setup_sampling_model_load_divergence_check","iteration_difference","main_scaling","two_run_difference",5000,4,7.36444444444396,7.36611111111011,0.0749814791945443,1.5535000000003,8.18149999999986,0.817055555555902,0.736444444444395,1.40900000000056,8.08799999999974,0.66688888888954,0.736611111111011,0,FALSE,FALSE,0.271575135787586,2.71575135787586,0,"325;326;327;328",82
"Laptop","AD_Stan_chunked","NicoStan_BridgeStan",50000,10,4,4,1,10,"50597d787bf5578f0fdbdd94f2702741","NicoStan_BridgeStan_state_allocation_thread_setup_sampling_model_load_divergence_check","iteration_difference","main_scaling","two_run_difference",5000,4,8.93611111111069,8.92555555555475,0.043711549829473,1.75125000000006,9.79374999999968,0.857638888888987,0.893611111111069,1.60500000000019,9.66649999999936,0.7142222222225,0.892555555555475,0,FALSE,FALSE,0.447622008082085,4.47622008082085,0,"329;330;331;332",83
"Laptop","AD_Stan_chunked","NicoStan_BridgeStan",50000,10,8,8,1,10,"50597d787bf5578f0fdbdd94f2702741","NicoStan_BridgeStan_state_allocation_thread_setup_sampling_model_load_divergence_check","iteration_difference","main_scaling","two_run_difference",5000,4,17.0755555555559,17.0755555555555,0.02415655386576,2.60200000000009,17.9700000000004,0.894444444444503,1.70755555555559,2.48150000000072,17.8510000000001,0.773944444445173,1.70755555555555,0,FALSE,FALSE,0.468505986465374,4.68505986465374,0,"333;334;335;336",84
"Laptop","AD_Stan_chunked","NicoStan_BridgeStan",50000,10,16,16,1,10,"50597d787bf5578f0fdbdd94f2702741","NicoStan_BridgeStan_state_allocation_thread_setup_sampling_model_load_divergence_check","iteration_difference","main_scaling","two_run_difference",5000,4,36.2000000000005,36.237222222223,0.207947049290558,5.32349999999965,37.9035000000001,1.70349999999961,3.62000000000005,5.21699999999976,37.8900000000003,1.60238888888812,3.6237222222223,0,FALSE,FALSE,0.441988950276237,4.41988950276237,0,"337;338;339;340",85
"Laptop","AD_Stan_chunked","NicoStan_BridgeStan",50000,25,1,1,1,10,"50597d787bf5578f0fdbdd94f2702741","NicoStan_BridgeStan_state_allocation_thread_setup_sampling_model_load_divergence_check","iteration_difference","main_scaling","two_run_difference",2000,4,7.03972222222288,7.01277777777818,0.173732624143161,1.49524999999994,7.83100000000053,0.791277777777654,0.703972222222288,1.35499999999973,7.79550000000108,0.648333333332977,0.701277777777818,0,FALSE,FALSE,0.142051059464139,1.42051059464139,0,"341;342;343;344",86
"Laptop","AD_Stan_chunked","NicoStan_BridgeStan",50000,25,2,2,1,10,"50597d787bf5578f0fdbdd94f2702741","NicoStan_BridgeStan_state_allocation_thread_setup_sampling_model_load_divergence_check","iteration_difference","main_scaling","two_run_difference",2000,4,7.39277777777785,7.43055555555556,0.138232523136304,1.5840000000002,8.23750000000027,0.844722222222417,0.739277777777785,1.43900000000042,8.09150000000045,0.70511111111156,0.743055555555556,0,FALSE,FALSE,0.270534305252872,2.70534305252872,0,"345;346;347;348",87
"Laptop","AD_Stan_chunked","NicoStan_BridgeStan",50000,25,4,4,1,10,"50597d787bf5578f0fdbdd94f2702741","NicoStan_BridgeStan_state_allocation_thread_setup_sampling_model_load_divergence_check","iteration_difference","main_scaling","two_run_difference",2000,4,8.74999999999931,8.77833333333203,0.0829646163852552,1.72950000000043,9.6044999999998,0.854500000000497,0.874999999999931,1.57600000000019,9.46699999999964,0.706166666666882,0.877833333333203,0,FALSE,FALSE,0.457142857142893,4.57142857142893,0,"349;350;351;352",88
"Laptop","AD_Stan_chunked","NicoStan_BridgeStan",50000,25,8,8,1,10,"50597d787bf5578f0fdbdd94f2702741","NicoStan_BridgeStan_state_allocation_thread_setup_sampling_model_load_divergence_check","iteration_difference","main_scaling","two_run_difference",2000,4,15.720833333333,15.7211111111111,0.0657803740730866,2.49625000000006,16.6449999999997,0.924166666666764,1.5720833333333,2.3535,16.5379999999997,0.777444444444471,1.57211111111111,0,FALSE,FALSE,0.508878876225827,5.08878876225827,0,"353;354;355;356",89
"Laptop","AD_Stan_chunked","NicoStan_BridgeStan",50000,25,16,16,1,10,"50597d787bf5578f0fdbdd94f2702741","NicoStan_BridgeStan_state_allocation_thread_setup_sampling_model_load_divergence_check","iteration_difference","main_scaling","two_run_difference",2000,4,32.9488888888881,32.8694444444444,0.210797037329341,4.95675000000034,34.6107499999997,1.66186111111153,3.29488888888881,4.8384999999999,34.6184999999999,1.529611111111,3.28694444444444,0,FALSE,FALSE,0.485600593511848,4.85600593511848,0,"357;358;359;360",90
"Laptop","AD_Stan_chunked","NicoStan_BridgeStan",50000,50,1,1,1,10,"50597d787bf5578f0fdbdd94f2702741","NicoStan_BridgeStan_state_allocation_thread_setup_sampling_model_load_divergence_check","iteration_difference","main_scaling","two_run_difference",1000,4,7.2027777777778,7.17777777777782,0.122868660849383,1.49724999999989,7.97974999999991,0.776972222222115,0.72027777777778,1.32499999999982,7.78499999999985,0.610222222221978,0.717777777777782,0,FALSE,FALSE,0.138835325877362,1.38835325877362,0,"361;362;363;364",91
"Laptop","AD_Stan_chunked","NicoStan_BridgeStan",50000,50,2,2,1,10,"50597d787bf5578f0fdbdd94f2702741","NicoStan_BridgeStan_state_allocation_thread_setup_sampling_model_load_divergence_check","iteration_difference","main_scaling","two_run_difference",1000,4,7.59249999999933,7.56222222222138,0.1515445173564,1.58850000000035,8.42174999999975,0.829250000000419,0.759249999999933,1.43800000000022,8.3204999999997,0.683555555556268,0.756222222222138,0,FALSE,FALSE,0.263417846559128,2.63417846559128,0,"365;366;367;368",92
"Laptop","AD_Stan_chunked","NicoStan_BridgeStan",50000,50,4,4,1,10,"50597d787bf5578f0fdbdd94f2702741","NicoStan_BridgeStan_state_allocation_thread_setup_sampling_model_load_divergence_check","iteration_difference","main_scaling","two_run_difference",1000,4,8.7783333333333,8.79388888888874,0.126388583637943,1.74274999999994,9.64324999999991,0.864916666666615,0.877833333333329,1.57149999999967,9.47649999999976,0.70438888888854,0.879388888888873,0,FALSE,FALSE,0.45566736282514,4.5566736282514,0,"369;370;371;372",93
"Laptop","AD_Stan_chunked","NicoStan_BridgeStan",50000,50,8,8,1,10,"50597d787bf5578f0fdbdd94f2702741","NicoStan_BridgeStan_state_allocation_thread_setup_sampling_model_load_divergence_check","iteration_difference","main_scaling","two_run_difference",1000,4,15.4772222222214,15.5699999999988,0.200662483037035,2.51850000000036,16.4479999999996,0.970777777778216,1.54772222222214,2.37199999999996,16.3759999999993,0.83355555555555,1.55699999999988,0,FALSE,FALSE,0.516888617681925,5.16888617681925,0,"373;374;375;376",94
"Laptop","AD_Stan_chunked","NicoStan_BridgeStan",50000,50,16,16,1,10,"50597d787bf5578f0fdbdd94f2702741","NicoStan_BridgeStan_state_allocation_thread_setup_sampling_model_load_divergence_check","iteration_difference","main_scaling","two_run_difference",1000,4,31.8783333333331,31.8955555555552,0.257031967075524,4.87499999999994,33.5654999999997,1.68716666666664,3.18783333333331,4.70099999999991,33.5639999999997,1.51144444444439,3.18955555555552,0,FALSE,FALSE,0.501908297171542,5.01908297171542,0,"377;378;379;380",95
"Laptop","AD_Stan_chunked","NicoStan_BridgeStan",50000,100,1,1,1,10,"50597d787bf5578f0fdbdd94f2702741","NicoStan_BridgeStan_state_allocation_thread_setup_sampling_model_load_divergence_check","iteration_difference","main_scaling","two_run_difference",500,4,7.45666666666687,7.44777777777825,0.0949116981865512,1.56875000000002,8.27975000000021,0.823083333333336,0.745666666666687,1.40200000000004,8.10500000000047,0.657222222222218,0.744777777777826,0,FALSE,FALSE,0.134108180599013,1.34108180599013,0,"381;382;383;384",96
"Laptop","AD_Stan_chunked","NicoStan_BridgeStan",50000,100,2,2,1,10,"50597d787bf5578f0fdbdd94f2702741","NicoStan_BridgeStan_state_allocation_thread_setup_sampling_model_load_divergence_check","iteration_difference","main_scaling","two_run_difference",500,4,7.79722222222271,7.76388888888997,0.142194731139445,1.64849999999996,8.66600000000039,0.868777777777685,0.779722222222271,1.45500000000027,8.57100000000082,0.67561111111066,0.776388888888998,0,FALSE,FALSE,0.256501603135004,2.56501603135004,0,"385;386;387;388",97
"Laptop","AD_Stan_chunked","NicoStan_BridgeStan",50000,100,4,4,1,10,"50597d787bf5578f0fdbdd94f2702741","NicoStan_BridgeStan_state_allocation_thread_setup_sampling_model_load_divergence_check","iteration_difference","main_scaling","two_run_difference",500,4,9.01972222222266,9.0072222222222,0.0300120003425154,1.8384999999999,9.9562500000003,0.93652777777763,0.901972222222267,1.66849999999954,9.77150000000063,0.768166666666086,0.90072222222222,0,FALSE,FALSE,0.443472637122334,4.43472637122334,0,"389;390;391;392",98
"Laptop","AD_Stan_chunked","NicoStan_BridgeStan",50000,100,8,8,1,10,"50597d787bf5578f0fdbdd94f2702741","NicoStan_BridgeStan_state_allocation_thread_setup_sampling_model_load_divergence_check","iteration_difference","main_scaling","two_run_difference",500,4,15.5025000000008,15.4622222222224,0.339331677940373,2.56124999999986,16.5135000000006,1.01099999999978,1.55025000000008,2.38949999999932,16.4995000000006,0.859944444443626,1.54622222222224,0,FALSE,FALSE,0.51604579906464,5.1604579906464,0,"393;394;395;396",99
"Laptop","AD_Stan_chunked","NicoStan_BridgeStan",50000,100,16,16,1,10,"50597d787bf5578f0fdbdd94f2702741","NicoStan_BridgeStan_state_allocation_thread_setup_sampling_model_load_divergence_check","iteration_difference","main_scaling","two_run_difference",500,4,31.9113888888889,31.8044444444445,0.386867098967812,4.90575000000024,33.6260000000002,1.71461111111135,3.19113888888888,4.70300000000009,33.5965000000004,1.5161111111115,3.18044444444445,0,FALSE,FALSE,0.501388393206884,5.01388393206884,0,"397;398;399;400",100
"Laptop","AD_Stan_chunked","NicoStan_BridgeStan",50000,250,1,1,1,10,"50597d787bf5578f0fdbdd94f2702741","NicoStan_BridgeStan_state_allocation_thread_setup_sampling_model_load_divergence_check","iteration_difference","main_scaling","two_run_difference",200,4,8.09944444444473,8.07444444444438,0.0630728887916231,1.63375000000002,8.92325000000028,0.823805555555547,0.809944444444473,1.43549999999982,8.75050000000044,0.625555555555782,0.807444444444438,0,FALSE,FALSE,0.123465258248161,1.23465258248161,0,"401;402;403;404",101
"Laptop","AD_Stan_chunked","NicoStan_BridgeStan",50000,250,2,2,1,10,"50597d787bf5578f0fdbdd94f2702741","NicoStan_BridgeStan_state_allocation_thread_setup_sampling_model_load_divergence_check","iteration_difference","main_scaling","two_run_difference",200,4,8.45361111111111,8.50222222222278,0.205248770064747,1.78775000000002,9.39600000000002,0.942388888888906,0.845361111111111,1.67299999999955,9.27700000000004,0.838444444443945,0.850222222222278,0,FALSE,FALSE,0.236585285709592,2.36585285709592,0,"405;406;407;408",102
"Laptop","AD_Stan_chunked","NicoStan_BridgeStan",50000,250,4,4,1,10,"50597d787bf5578f0fdbdd94f2702741","NicoStan_BridgeStan_state_allocation_thread_setup_sampling_model_load_divergence_check","iteration_difference","main_scaling","two_run_difference",200,4,9.84416666666694,9.83888888888941,0.0531042533920786,1.90949999999998,10.7692500000002,0.925083333333286,0.984416666666694,1.72899999999981,10.5825000000004,0.748888888888599,0.983888888888941,0,FALSE,FALSE,0.406332007110799,4.06332007110799,0,"409;410;411;412",103
"Laptop","AD_Stan_chunked","NicoStan_BridgeStan",50000,250,8,8,1,10,"50597d787bf5578f0fdbdd94f2702741","NicoStan_BridgeStan_state_allocation_thread_setup_sampling_model_load_divergence_check","iteration_difference","main_scaling","two_run_difference",200,4,15.8886111111107,15.8472222222219,0.18331958422021,2.57225000000034,16.872,0.983388888889269,1.58886111111107,2.38999999999999,16.7449999999999,0.797000000000038,1.58472222222219,0,FALSE,FALSE,0.503505306036832,5.03505306036832,0,"413;414;415;416",104
"Laptop","AD_Stan_chunked","NicoStan_BridgeStan",50000,250,16,16,1,10,"50597d787bf5578f0fdbdd94f2702741","NicoStan_BridgeStan_state_allocation_thread_setup_sampling_model_load_divergence_check","iteration_difference","main_scaling","two_run_difference",200,4,32.4713888888881,32.4749999999998,0.315764634699814,4.92275000000024,34.1469999999995,1.67561111111143,3.2471388888888,4.70650000000023,34.0384999999998,1.47544444444489,3.24749999999998,0,FALSE,FALSE,0.4927414732628,4.927414732628,0,"417;418;419;420",105
"Laptop","AD_Stan_chunked","NicoStan_BridgeStan",50000,500,1,1,1,10,"50597d787bf5578f0fdbdd94f2702741","NicoStan_BridgeStan_state_allocation_thread_setup_sampling_model_load_divergence_check","iteration_difference","main_scaling","two_run_difference",100,4,8.82416666666731,8.81833333333374,0.0377600721030886,1.67299999999972,9.6147500000003,0.790583333332986,0.882416666666731,1.49299999999948,9.44500000000062,0.613444444443808,0.881833333333374,0,FALSE,FALSE,0.113325148739249,1.13325148739249,0,"421;422;423;424",106
"Laptop","AD_Stan_chunked","NicoStan_BridgeStan",50000,500,2,2,1,10,"50597d787bf5578f0fdbdd94f2702741","NicoStan_BridgeStan_state_allocation_thread_setup_sampling_model_load_divergence_check","iteration_difference","main_scaling","two_run_difference",100,4,9.3783333333337,9.39388888888971,0.104122830281828,1.79449999999963,10.235,0.85666666666626,0.93783333333337,1.61649999999997,10.1349999999996,0.673222222221372,0.939388888888971,0,FALSE,FALSE,0.213257508441435,2.13257508441435,0,"425;426;427;428",107
"Laptop","AD_Stan_chunked","NicoStan_BridgeStan",50000,500,4,4,1,10,"50597d787bf5578f0fdbdd94f2702741","NicoStan_BridgeStan_state_allocation_thread_setup_sampling_model_load_divergence_check","iteration_difference","main_scaling","two_run_difference",100,4,10.7594444444447,10.7572222222229,0.045816775909429,1.99099999999987,11.6745000000001,0.915055555555404,1.07594444444447,1.80699999999979,11.4770000000002,0.732555555555299,1.07572222222229,0,FALSE,FALSE,0.371766406774402,3.71766406774402,0,"429;430;431;432",108
"Laptop","AD_Stan_chunked","NicoStan_BridgeStan",50000,500,8,8,1,10,"50597d787bf5578f0fdbdd94f2702741","NicoStan_BridgeStan_state_allocation_thread_setup_sampling_model_load_divergence_check","iteration_difference","main_scaling","two_run_difference",100,4,16.0852777777766,16.0505555555555,0.130700471187804,2.67025000000046,17.1469999999994,1.0617222222228,1.60852777777766,2.52250000000095,17.0304999999989,0.910500000001169,1.60505555555555,0,FALSE,FALSE,0.497349197851764,4.97349197851764,0,"433;434;435;436",109
"Laptop","AD_Stan_chunked","NicoStan_BridgeStan",50000,500,16,16,1,10,"50597d787bf5578f0fdbdd94f2702741","NicoStan_BridgeStan_state_allocation_thread_setup_sampling_model_load_divergence_check","iteration_difference","main_scaling","two_run_difference",100,4,31.6405555555565,31.7200000000008,0.194385176153202,4.97199999999953,33.4485000000004,1.80794444444388,3.16405555555565,4.7514999999994,33.3340000000007,1.57949999999932,3.17200000000008,0,FALSE,FALSE,0.505680122206015,5.05680122206015,0,"437;438;439;440",110
"Laptop","AD_Stan_tape_chunked","NicoStan_BridgeStan",500,2,1,1,1,200,"257aba3ac8b8727679d269bf8597bb85","NicoStan_BridgeStan_state_allocation_thread_setup_sampling_model_load_divergence_check","iteration_difference","main_scaling","two_run_difference",250,4,1.49472361808993,1.4849246231116,0.0213415060142255,0.0179999999997094,1.50524999999918,0.0105263819092597,0.00747361809044963,0.0174999999997096,1.49599999999575,0.00997738693436838,0.007424623115558,0,FALSE,FALSE,0.669020003362146,133.804000672429,0,"441;442;443;444",111
"Laptop","AD_Stan_tape_chunked","NicoStan_BridgeStan",500,2,2,2,1,200,"257aba3ac8b8727679d269bf8597bb85","NicoStan_BridgeStan_state_allocation_thread_setup_sampling_model_load_divergence_check","iteration_difference","main_scaling","two_run_difference",250,4,1.52035175879821,1.54020100503361,0.0441782569954553,0.0164999999970314,1.52925000000125,0.00889824120304039,0.00760175879399105,0.0154999999943541,1.5480000000025,0.00801758793400935,0.00770100502516804,0,FALSE,FALSE,1.31548504379074,263.097008758149,0,"445;446;447;448",112
"Laptop","AD_Stan_tape_chunked","NicoStan_BridgeStan",500,2,4,4,1,200,"257aba3ac8b8727679d269bf8597bb85","NicoStan_BridgeStan_state_allocation_thread_setup_sampling_model_load_divergence_check","iteration_difference","main_scaling","two_run_difference",250,4,1.66432160803897,1.66884422110301,0.0380761741625369,0.0195000000001166,1.67549999999889,0.0111783919599218,0.00832160804019486,0.0190000000020376,1.68149999999953,0.0108090452281808,0.00834422110551506,0,FALSE,FALSE,2.40338164251385,480.67632850277,0,"449;450;451;452",113
"Laptop","AD_Stan_tape_chunked","NicoStan_BridgeStan",500,2,8,8,1,200,"257aba3ac8b8727679d269bf8597bb85","NicoStan_BridgeStan_state_allocation_thread_setup_sampling_model_load_divergence_check","iteration_difference","main_scaling","two_run_difference",250,4,2.29346733668163,2.30753768843636,0.0367716522176195,0.0252500000005247,2.30724999999875,0.0137826633171165,0.0114673366834082,0.0239999999951692,2.32250000000006,0.0126030150705347,0.0115376884421818,0,FALSE,FALSE,3.48816827344706,697.633654689412,0,"453;454;455;456",114
"Laptop","AD_Stan_tape_chunked","NicoStan_BridgeStan",500,2,16,16,1,200,"257aba3ac8b8727679d269bf8597bb85","NicoStan_BridgeStan_state_allocation_thread_setup_sampling_model_load_divergence_check","iteration_difference","main_scaling","two_run_difference",250,4,5.58793969848986,5.59698492462399,0.164230659348074,0.0482500000048893,5.6082500000023,0.02031030151244,0.0279396984924493,0.0480000000097789,5.61550000000576,0.0207587939796542,0.02798492462312,0,FALSE,FALSE,2.86330935251932,572.661870503864,0,"457;458;459;460",115
"Laptop","AD_Stan_tape_chunked","NicoStan_BridgeStan",500,4,1,1,1,200,"257aba3ac8b8727679d269bf8597bb85","NicoStan_BridgeStan_state_allocation_thread_setup_sampling_model_load_divergence_check","iteration_difference","main_scaling","two_run_difference",125,4,1.55854271357164,1.55427135678392,0.0220552834469143,0.0159999999979927,1.56675000000178,0.00820728643013453,0.0077927135678582,0.0160000000000018,1.5625,0.0082286432160822,0.00777135678391959,0,FALSE,FALSE,0.641625020149975,128.325004029995,0,"461;462;463;464",116
"Laptop","AD_Stan_tape_chunked","NicoStan_BridgeStan",500,4,2,2,1,200,"257aba3ac8b8727679d269bf8597bb85","NicoStan_BridgeStan_state_allocation_thread_setup_sampling_model_load_divergence_check","iteration_difference","main_scaling","two_run_difference",125,4,1.54924623115651,1.53618090452478,0.0396995526015141,0.0172500000010771,1.5587500000018,0.00950376884529457,0.00774623115578255,0.0160000000016289,1.54450000000361,0.00811809045387941,0.00768090452262388,0,FALSE,FALSE,1.29095037301269,258.190074602538,0,"465;466;467;468",117
"Laptop","AD_Stan_tape_chunked","NicoStan_BridgeStan",500,4,4,4,1,200,"257aba3ac8b8727679d269bf8597bb85","NicoStan_BridgeStan_state_allocation_thread_setup_sampling_model_load_divergence_check","iteration_difference","main_scaling","two_run_difference",125,4,1.57738693467114,1.58442211054832,0.0414260579804064,0.0187500000025906,1.58825000000038,0.0108630653292349,0.00788693467335572,0.017500000003551,1.59300000000076,0.00973618090809819,0.00792211055274159,0,FALSE,FALSE,2.53583943931546,507.167887863091,0,"469;470;471;472",118
"Laptop","AD_Stan_tape_chunked","NicoStan_BridgeStan",500,4,8,8,1,200,"257aba3ac8b8727679d269bf8597bb85","NicoStan_BridgeStan_state_allocation_thread_setup_sampling_model_load_divergence_check","iteration_difference","main_scaling","two_run_difference",125,4,1.86005025125628,1.86482412059915,0.0297276284340499,0.0247499999988063,1.87549999999881,0.0154497487425249,0.00930025125628141,0.0239999999976135,1.88099999999668,0.0147236180875224,0.00932412060299577,0,FALSE,FALSE,4.30095907064703,860.191814129407,0,"473;474;475;476",119
"Laptop","AD_Stan_tape_chunked","NicoStan_BridgeStan",500,4,16,16,1,200,"257aba3ac8b8727679d269bf8597bb85","NicoStan_BridgeStan_state_allocation_thread_setup_sampling_model_load_divergence_check","iteration_difference","main_scaling","two_run_difference",125,4,4.22060301507198,4.22060301507,0.060348948393734,0.0415000000016006,4.24099999999823,0.0203969849262407,0.0211030150753599,0.0415000000021521,4.2405,0.0206582914594456,0.02110301507535,0,FALSE,FALSE,3.79092749137107,758.185498274214,0,"477;478;479;480",120
"Laptop","AD_Stan_tape_chunked","NicoStan_BridgeStan",500,10,1,1,1,200,"257aba3ac8b8727679d269bf8597bb85","NicoStan_BridgeStan_state_allocation_thread_setup_sampling_model_load_divergence_check","iteration_difference","main_scaling","two_run_difference",50,4,1.78266331658148,1.75025125628211,0.0706639400466199,0.0182500000020376,1.79200000000061,0.00933668341913018,0.0089133165829074,0.0165000000000006,1.75900000000081,0.00739698492462375,0.00875125628141054,0,FALSE,FALSE,0.560958421423989,112.191684284798,0,"481;482;483;484",121
"Laptop","AD_Stan_tape_chunked","NicoStan_BridgeStan",500,10,2,2,1,200,"257aba3ac8b8727679d269bf8597bb85","NicoStan_BridgeStan_state_allocation_thread_setup_sampling_model_load_divergence_check","iteration_difference","main_scaling","two_run_difference",50,4,1.79195979899819,1.78140703518231,0.0446680625330255,0.0177499999981947,1.8007500000014,0.00879020100320374,0.00895979899499097,0.0179999999963911,1.79050000000279,0.00909296482047955,0.00890703517591157,0,FALSE,FALSE,1.11609646662727,223.219293325454,0,"485;486;487;488",122
"Laptop","AD_Stan_tape_chunked","NicoStan_BridgeStan",500,10,4,4,1,200,"257aba3ac8b8727679d269bf8597bb85","NicoStan_BridgeStan_state_allocation_thread_setup_sampling_model_load_divergence_check","iteration_difference","main_scaling","two_run_difference",50,4,1.78065326633318,1.7557788944754,0.0552634368872813,0.0187499999999119,1.79050000000143,0.00984673366824599,0.0089032663316659,0.0180000000035498,1.76400000000285,0.00924623115202791,0.00877889447237702,0,FALSE,FALSE,2.24636658670614,449.273317341227,0,"489;490;491;492",123
"Laptop","AD_Stan_tape_chunked","NicoStan_BridgeStan",500,10,8,8,1,200,"257aba3ac8b8727679d269bf8597bb85","NicoStan_BridgeStan_state_allocation_thread_setup_sampling_model_load_divergence_check","iteration_difference","main_scaling","two_run_difference",50,4,1.87311557789427,1.88341708543006,0.0481180379109448,0.0209999999983985,1.8847500000032,0.0116344221089272,0.00936557788947137,0.0204999999966802,1.89550000000303,0.0111859296448877,0.00941708542715029,0,FALSE,FALSE,4.27095908784949,854.191817569898,0,"493;494;495;496",124
"Laptop","AD_Stan_tape_chunked","NicoStan_BridgeStan",500,10,16,16,1,200,"257aba3ac8b8727679d269bf8597bb85","NicoStan_BridgeStan_state_allocation_thread_setup_sampling_model_load_divergence_check","iteration_difference","main_scaling","two_run_difference",50,4,2.9444723618072,2.94472361809051,0.0337881316088841,0.0352499999981077,2.96499999999627,0.0205276381890717,0.014722361809036,0.0354999999963894,2.96599999999645,0.0206407035139771,0.0147236180904525,0,FALSE,FALSE,5.43391074324088,1086.78214864818,0,"497;498;499;500",125
"Laptop","AD_Stan_tape_chunked","NicoStan_BridgeStan",500,8,1,1,1,200,"257aba3ac8b8727679d269bf8597bb85","NicoStan_BridgeStan_state_allocation_thread_setup_sampling_model_load_divergence_check","iteration_difference","main_scaling","two_run_difference",63,4,1.61231155778895,1.60753768844222,0.0181160251038436,0.0162499999999959,1.6205,0.00818844221105112,0.00806155778894476,0.0164999999999935,1.6155,0.0083718592964759,0.00803768844221108,0,FALSE,FALSE,0.620227520648275,124.045504129655,0,"501;502;503;504",126
"Laptop","AD_Stan_tape_chunked","NicoStan_BridgeStan",2500,4,1,1,1,40,"7184208393ceb4c8ae3e26f0d1660bdb","NicoStan_BridgeStan_state_allocation_thread_setup_sampling_model_load_divergence_check","iteration_difference","main_scaling","two_run_difference",625,4,1.44743589743635,1.45128205128295,0.0270760813127462,0.0702499999969728,1.48149999999741,0.0340641025610641,0.0361858974359087,0.0694999999962178,1.48349999999482,0.0337820512782243,0.0362820512820737,0,FALSE,FALSE,0.69087688219642,27.6350752878568,0,"505;506;507;508",127
"Laptop","AD_Stan_tape_chunked","NicoStan_BridgeStan",2500,4,2,2,1,40,"7184208393ceb4c8ae3e26f0d1660bdb","NicoStan_BridgeStan_state_allocation_thread_setup_sampling_model_load_divergence_check","iteration_difference","main_scaling","two_run_difference",625,4,1.53333333333671,1.53743589743703,0.023641711620239,0.0799999999955183,1.57499999999881,0.0416666666621007,0.0383333333334177,0.080999999991036,1.58199999999814,0.0423974358883033,0.0384358974359257,0,FALSE,FALSE,1.30434782608409,52.1739130433635,0,"509;510;511;512",128
"Laptop","AD_Stan_tape_chunked","NicoStan_BridgeStan",2500,4,4,4,1,40,"7184208393ceb4c8ae3e26f0d1660bdb","NicoStan_BridgeStan_state_allocation_thread_setup_sampling_model_load_divergence_check","iteration_difference","main_scaling","two_run_difference",625,4,1.70000000000263,1.70461538461479,0.0247503422913488,0.0899999999951699,1.74749999999773,0.0474999999951043,0.0425000000000657,0.0879999999963346,1.75449999999546,0.0459487179450675,0.0426153846153697,0,FALSE,FALSE,2.35294117646695,94.1176470586781,0,"513;514;515;516",129
"Laptop","AD_Stan_tape_chunked","NicoStan_BridgeStan",2500,4,8,8,1,40,"7184208393ceb4c8ae3e26f0d1660bdb","NicoStan_BridgeStan_state_allocation_thread_setup_sampling_model_load_divergence_check","iteration_difference","main_scaling","two_run_difference",625,4,2.73102564102522,2.72923076923143,0.0302216227642574,0.126999999998283,2.78974999999788,0.0587243589726524,0.0682756410256306,0.126999999997381,2.79699999999802,0.0591025640999282,0.0682307692307857,0,FALSE,FALSE,2.92930241291942,117.172096516777,0,"517;518;519;520",130
"Laptop","AD_Stan_tape_chunked","NicoStan_BridgeStan",2500,4,16,16,1,40,"7184208393ceb4c8ae3e26f0d1660bdb","NicoStan_BridgeStan_state_allocation_thread_setup_sampling_model_load_divergence_check","iteration_difference","main_scaling","two_run_difference",625,4,5.74256410256646,5.73743589744061,0.0316788619691517,0.214749999996128,5.81374999999843,0.0711858974319664,0.143564102564162,0.211999999992258,5.80599999999686,0.0685641025602738,0.143435897436015,0,FALSE,FALSE,2.78621182353877,111.448472941551,0,"521;522;523;524",131
"Laptop","AD_Stan_tape_chunked","NicoStan_BridgeStan",2500,10,1,1,1,40,"7184208393ceb4c8ae3e26f0d1660bdb","NicoStan_BridgeStan_state_allocation_thread_setup_sampling_model_load_divergence_check","iteration_difference","main_scaling","two_run_difference",250,4,1.52897435897457,1.52871794871992,0.0133563246876612,0.0719999999962155,1.56274999999642,0.0337756410218513,0.0382243589743642,0.069999999992433,1.56499999999814,0.031487179479602,0.038217948717998,0,FALSE,FALSE,0.654033204762614,26.1613281905045,0,"525;526;527;528",132
"Laptop","AD_Stan_tape_chunked","NicoStan_BridgeStan",2500,10,2,2,1,40,"7184208393ceb4c8ae3e26f0d1660bdb","NicoStan_BridgeStan_state_allocation_thread_setup_sampling_model_load_divergence_check","iteration_difference","main_scaling","two_run_difference",250,4,1.52923076922984,1.53282051282403,0.0276859758477462,0.0759999999993042,1.5669999999984,0.0377692307685582,0.038230769230746,0.0744999999966254,1.56900000000006,0.0361794871760245,0.0383205128206009,0,FALSE,FALSE,1.30784708249576,52.3138832998306,0,"529;530;531;532",133
"Laptop","AD_Stan_tape_chunked","NicoStan_BridgeStan",2500,10,4,4,1,40,"7184208393ceb4c8ae3e26f0d1660bdb","NicoStan_BridgeStan_state_allocation_thread_setup_sampling_model_load_divergence_check","iteration_difference","main_scaling","two_run_difference",250,4,1.57000000000206,1.58410256409928,0.0344710507858983,0.0829999999981972,1.6137500000002,0.0437499999981458,0.0392500000000514,0.0804999999963911,1.62700000000041,0.040846153842442,0.0396025641024821,0,FALSE,FALSE,2.54777070063361,101.910828025344,0,"533;534;535;536",134
"Laptop","AD_Stan_tape_chunked","NicoStan_BridgeStan",2500,10,8,8,1,40,"7184208393ceb4c8ae3e26f0d1660bdb","NicoStan_BridgeStan_state_allocation_thread_setup_sampling_model_load_divergence_check","iteration_difference","main_scaling","two_run_difference",250,4,1.96102564102872,1.95846153846751,0.0549460317402929,0.11849999999939,2.03050000000239,0.069474358973672,0.0490256410257179,0.118000000000002,2.03350000000047,0.0701538461538483,0.0489615384616877,0,FALSE,FALSE,4.0794979079434,163.179916317736,0,"537;538;539;540",135
"Laptop","AD_Stan_tape_chunked","NicoStan_BridgeStan",2500,10,16,16,1,40,"7184208393ceb4c8ae3e26f0d1660bdb","NicoStan_BridgeStan_state_allocation_thread_setup_sampling_model_load_divergence_check","iteration_difference","main_scaling","two_run_difference",250,4,4.63153846153464,4.6312820512774,0.00930172161423774,0.195499999999853,4.71124999999613,0.0797115384614874,0.115788461538366,0.194999999999709,4.71199999999226,0.0791794871793872,0.115782051281935,0,FALSE,FALSE,3.45457565188792,138.183026075517,0,"541;542;543;544",136
"Laptop","AD_Stan_tape_chunked","NicoStan_BridgeStan",2500,25,1,1,1,40,"7184208393ceb4c8ae3e26f0d1660bdb","NicoStan_BridgeStan_state_allocation_thread_setup_sampling_model_load_divergence_check","iteration_difference","main_scaling","two_run_difference",100,4,1.59307692307862,1.59179487179827,0.0394338634388198,0.0760000000008745,1.62925000000253,0.0361730769239089,0.0398269230769656,0.0760000000023879,1.63200000000506,0.0354358974383048,0.0397948717949569,0,FALSE,FALSE,0.627716079188128,25.1086431675251,0,"545;546;547;548",137
"Laptop","AD_Stan_tape_chunked","NicoStan_BridgeStan",2500,25,2,2,1,40,"7184208393ceb4c8ae3e26f0d1660bdb","NicoStan_BridgeStan_state_allocation_thread_setup_sampling_model_load_divergence_check","iteration_difference","main_scaling","two_run_difference",100,4,1.57307692307892,1.57641025641426,0.0374733450452435,0.0787499999960701,1.61249999999802,0.039423076919097,0.0393269230769731,0.077499999992142,1.61449999999604,0.0380897435817856,0.0394102564103564,0,FALSE,FALSE,1.27139364303017,50.8557457212067,0,"549;550;551;552",138
"Laptop","AD_Stan_tape_chunked","NicoStan_BridgeStan",2500,25,4,4,1,40,"7184208393ceb4c8ae3e26f0d1660bdb","NicoStan_BridgeStan_state_allocation_thread_setup_sampling_model_load_divergence_check","iteration_difference","main_scaling","two_run_difference",100,4,1.5789743589763,1.56666666667055,0.0355341816080398,0.0877499999972926,1.62724999999918,0.0482756410228852,0.0394743589744074,0.0859999999999985,1.61699999999837,0.0465897435855177,0.0391666666667637,0,FALSE,FALSE,2.53329002922716,101.331601169086,0,"553;554;555;556",139
"Laptop","AD_Stan_tape_chunked","NicoStan_BridgeStan",2500,25,8,8,1,40,"7184208393ceb4c8ae3e26f0d1660bdb","NicoStan_BridgeStan_state_allocation_thread_setup_sampling_model_load_divergence_check","iteration_difference","main_scaling","two_run_difference",100,4,1.70025641025588,1.70717948717841,0.0283662839674768,0.100500000001539,1.75825000000102,0.0579935897451416,0.042506410256397,0.101500000001394,1.76000000000204,0.0595384615398317,0.0426794871794603,0,FALSE,FALSE,4.70517267380633,188.206906952253,0,"557;558;559;560",140
"Laptop","AD_Stan_tape_chunked","NicoStan_BridgeStan",2500,25,16,16,1,40,"7184208393ceb4c8ae3e26f0d1660bdb","NicoStan_BridgeStan_state_allocation_thread_setup_sampling_model_load_divergence_check","iteration_difference","main_scaling","two_run_difference",100,4,3.37102564102403,3.38461538461688,0.0358571202163919,0.168250000000086,3.45499999999852,0.0839743589744849,0.0842756410256008,0.166999999999824,3.45800000000128,0.0832179487177354,0.0846153846154221,0,FALSE,FALSE,4.74632996121015,189.853198448406,0,"561;562;563;564",141
"Laptop","AD_Stan_tape_chunked","NicoStan_BridgeStan",2500,50,1,1,1,40,"7184208393ceb4c8ae3e26f0d1660bdb","NicoStan_BridgeStan_state_allocation_thread_setup_sampling_model_load_divergence_check","iteration_difference","main_scaling","two_run_difference",50,4,1.71615384615483,1.72461538461592,0.0605468541126064,0.0867500000003183,1.76000000000128,0.0438461538464475,0.0429038461538708,0.0840000000001737,1.77150000000256,0.0423333333334936,0.0431153846153981,0,FALSE,FALSE,0.582698341550539,23.3079336620216,0,"565;566;567;568",142
"Laptop","AD_Stan_tape_chunked","NicoStan_BridgeStan",2500,50,2,2,1,40,"7184208393ceb4c8ae3e26f0d1660bdb","NicoStan_BridgeStan_state_allocation_thread_setup_sampling_model_load_divergence_check","iteration_difference","main_scaling","two_run_difference",50,4,1.70128205128306,1.70410256410459,0.0253643189169832,0.0774999999977908,1.73624999999878,0.0349679487157142,0.0425320512820766,0.0779999999989585,1.73799999999756,0.0358717948707087,0.0426025641026148,0,FALSE,FALSE,1.17558402411385,47.0233609645538,0,"569;570;571;572",143
"Laptop","AD_Stan_tape_chunked","NicoStan_BridgeStan",2500,50,4,4,1,40,"7184208393ceb4c8ae3e26f0d1660bdb","NicoStan_BridgeStan_state_allocation_thread_setup_sampling_model_load_divergence_check","iteration_difference","main_scaling","two_run_difference",50,4,1.69282051281956,1.70307692307501,0.0429832110491662,0.0949999999985991,1.74549999999767,0.05267948717811,0.0423205128204891,0.094499999999762,1.74499999999534,0.0525641025639152,0.0425769230768753,0,FALSE,FALSE,2.36292032717491,94.5168130869964,0,"573;574;575;576",144
"Laptop","AD_Stan_tape_chunked","NicoStan_BridgeStan",2500,50,8,8,1,40,"7184208393ceb4c8ae3e26f0d1660bdb","NicoStan_BridgeStan_state_allocation_thread_setup_sampling_model_load_divergence_check","iteration_difference","main_scaling","two_run_difference",50,4,1.78230769230446,1.78153846153201,0.0322642497295901,0.101000000003875,1.83875000000073,0.0564423076962635,0.0445576923076116,0.101500000000009,1.83750000000146,0.0569230769230858,0.0445384615383004,0,FALSE,FALSE,4.48856279672803,179.542511869121,0,"577;578;579;580",145
"Laptop","AD_Stan_tape_chunked","NicoStan_BridgeStan",2500,50,16,16,1,40,"7184208393ceb4c8ae3e26f0d1660bdb","NicoStan_BridgeStan_state_allocation_thread_setup_sampling_model_load_divergence_check","iteration_difference","main_scaling","two_run_difference",50,4,2.807692307693,2.80717948717782,0.0494758855213217,0.15325000000017,2.89075000000084,0.0830576923078455,0.0701923076923249,0.153500000000349,2.89300000000122,0.0825897435900585,0.0701794871794455,0,FALSE,FALSE,5.6986301369849,227.945205479396,0,"581;582;583;584",146
"Laptop","AD_Stan_tape_chunked","NicoStan_BridgeStan",2500,2,1,1,1,40,"7184208393ceb4c8ae3e26f0d1660bdb","NicoStan_BridgeStan_state_allocation_thread_setup_sampling_model_load_divergence_check","iteration_difference","main_scaling","two_run_difference",1250,4,1.52974358974359,1.53025641025641,0.0182993828254051,0.0837499999999984,1.57525,0.0455064102564087,0.0382435897435897,0.0835000000000008,1.5745,0.0454487179487189,0.0382564102564104,0,FALSE,FALSE,0.653704324505532,26.1481729802213,0,"585;586;587;588",147
"Laptop","AD_Stan_tape_chunked","NicoStan_BridgeStan",2500,8,1,1,1,40,"7184208393ceb4c8ae3e26f0d1660bdb","NicoStan_BridgeStan_state_allocation_thread_setup_sampling_model_load_divergence_check","iteration_difference","main_scaling","two_run_difference",313,4,1.50025641025641,1.49641025641026,0.0249039355287792,0.0734999999999992,1.53625,0.035993589743589,0.0375064102564103,0.072499999999998,1.534,0.0345897435897391,0.0374102564102565,0,FALSE,FALSE,0.666552726029739,26.6621090411895,0,"589;590;591;592",148
"Laptop","AD_Stan_tape_chunked","NicoStan_BridgeStan",10000,4,1,1,1,20,"b352a26c8e9b174599c6b645056fb577","NicoStan_BridgeStan_state_allocation_thread_setup_sampling_model_load_divergence_check","iteration_difference","main_scaling","two_run_difference",2500,4,2.83605263157927,2.83368421052694,0.0281583046373366,0.27300000000016,2.96725000000047,0.131197368421196,0.141802631578964,0.263000000000204,2.95500000000079,0.121894736842205,0.141684210526347,0,FALSE,FALSE,0.35260276514796,7.0520553029592,0,"593;594;595;596",149
"Laptop","AD_Stan_tape_chunked","NicoStan_BridgeStan",10000,4,2,2,1,20,"b352a26c8e9b174599c6b645056fb577","NicoStan_BridgeStan_state_allocation_thread_setup_sampling_model_load_divergence_check","iteration_difference","main_scaling","two_run_difference",2500,4,2.93210526315707,2.93368421052468,0.00466811743669891,0.292000000000222,3.07749999999944,0.145394736842368,0.146605263157854,0.286000000000328,3.07399999999954,0.139263157895106,0.146684210526234,0,FALSE,FALSE,0.682103751570825,13.6420750314165,0,"597;598;599;600",150
"Laptop","AD_Stan_tape_chunked","NicoStan_BridgeStan",10000,4,4,4,1,20,"b352a26c8e9b174599c6b645056fb577","NicoStan_BridgeStan_state_allocation_thread_setup_sampling_model_load_divergence_check","iteration_difference","main_scaling","two_run_difference",2500,4,3.42736842105244,3.41473684210525,0.0382246844386365,0.316750000000091,3.57274999999991,0.145381578947469,0.171368421052622,0.308000000000135,3.57000000000014,0.137789473684345,0.170736842105262,0,FALSE,FALSE,1.16707616707623,23.3415233415246,0,"601;602;603;604",151
"Laptop","AD_Stan_tape_chunked","NicoStan_BridgeStan",10000,4,8,8,1,20,"b352a26c8e9b174599c6b645056fb577","NicoStan_BridgeStan_state_allocation_thread_setup_sampling_model_load_divergence_check","iteration_difference","main_scaling","two_run_difference",2500,4,6.08263157894683,6.0984210526308,0.0911382824005028,0.473000000000432,6.25149999999992,0.168868421053091,0.304131578947342,0.472000000000392,6.26749999999973,0.168657894737249,0.30492105263154,0,FALSE,FALSE,1.31522021285812,26.3044042571625,0,"605;606;607;608",152
"Laptop","AD_Stan_tape_chunked","NicoStan_BridgeStan",10000,4,16,16,1,20,"b352a26c8e9b174599c6b645056fb577","NicoStan_BridgeStan_state_allocation_thread_setup_sampling_model_load_divergence_check","iteration_difference","main_scaling","two_run_difference",2500,4,13.2605263157889,13.2563157894733,0.0872118656533989,0.934750000000399,13.5322499999998,0.271723684210956,0.663026315789443,0.9325000000008,13.5209999999999,0.273026315790335,0.662815789473665,0,FALSE,FALSE,1.20658860885102,24.1317721770204,0,"609;610;611;612",153
"Laptop","AD_Stan_tape_chunked","NicoStan_BridgeStan",10000,10,1,1,1,20,"b352a26c8e9b174599c6b645056fb577","NicoStan_BridgeStan_state_allocation_thread_setup_sampling_model_load_divergence_check","iteration_difference","main_scaling","two_run_difference",1000,4,2.83868421052702,2.84368421052689,0.044288777866598,0.273499999999828,2.9702500000005,0.131565789473477,0.141934210526351,0.277499999999819,2.97900000000037,0.135315789473474,0.142184210526345,0,FALSE,FALSE,0.352275887642445,7.0455177528489,0,"613;614;615;616",154
"Laptop","AD_Stan_tape_chunked","NicoStan_BridgeStan",10000,10,2,2,1,20,"b352a26c8e9b174599c6b645056fb577","NicoStan_BridgeStan_state_allocation_thread_setup_sampling_model_load_divergence_check","iteration_difference","main_scaling","two_run_difference",1000,4,2.99210526315754,2.9952631578942,0.0688676383786258,0.278750000000066,3.12124999999973,0.129144736842189,0.149605263157877,0.275500000000122,3.1274999999995,0.126052631579078,0.14976315789471,0,FALSE,FALSE,0.668425681618374,13.3685136323675,0,"617;618;619;620",155
"Laptop","AD_Stan_tape_chunked","NicoStan_BridgeStan",10000,10,4,4,1,20,"b352a26c8e9b174599c6b645056fb577","NicoStan_BridgeStan_state_allocation_thread_setup_sampling_model_load_divergence_check","iteration_difference","main_scaling","two_run_difference",1000,4,3.33342105263172,3.36105263157902,0.086531075124268,0.311749999999691,3.47849999999983,0.145078947368105,0.166671052631586,0.313999999999396,3.51099999999971,0.145184210525957,0.168052631578951,0,FALSE,FALSE,1.19996842188358,23.9993684376717,0,"621;622;623;624",156
"Laptop","AD_Stan_tape_chunked","NicoStan_BridgeStan",10000,10,8,8,1,20,"b352a26c8e9b174599c6b645056fb577","NicoStan_BridgeStan_state_allocation_thread_setup_sampling_model_load_divergence_check","iteration_difference","main_scaling","two_run_difference",1000,4,5.43763157894798,5.42421052631701,0.0941438556604151,0.440749999999895,5.60650000000048,0.168868421052495,0.271881578947399,0.436499999999853,5.58950000000095,0.165289473683946,0.27121052631585,0,FALSE,FALSE,1.47122876639387,29.4245753278774,0,"625;626;627;628",157
"Laptop","AD_Stan_tape_chunked","NicoStan_BridgeStan",10000,10,16,16,1,20,"b352a26c8e9b174599c6b645056fb577","NicoStan_BridgeStan_state_allocation_thread_setup_sampling_model_load_divergence_check","iteration_difference","main_scaling","two_run_difference",1000,4,11.7126315789473,11.7068421052632,0.0771084066182109,0.847750000000083,11.9747500000001,0.262118421052716,0.585631578947367,0.845000000000383,11.9719999999998,0.259078947368807,0.585342105263158,0,FALSE,FALSE,1.3660465534286,27.320931068572,0,"629;630;631;632",158
"Laptop","AD_Stan_tape_chunked","NicoStan_BridgeStan",10000,25,1,1,1,20,"b352a26c8e9b174599c6b645056fb577","NicoStan_BridgeStan_state_allocation_thread_setup_sampling_model_load_divergence_check","iteration_difference","main_scaling","two_run_difference",400,4,2.87921052631601,2.86842105263166,0.0541150581615142,0.266499999999965,3.00175000000017,0.122539473684165,0.1439605263158,0.267999999999915,2.99000000000029,0.123868421052642,0.143421052631583,0,FALSE,FALSE,0.347317429850993,6.94634859701986,0,"633;634;635;636",159
"Laptop","AD_Stan_tape_chunked","NicoStan_BridgeStan",10000,25,2,2,1,20,"b352a26c8e9b174599c6b645056fb577","NicoStan_BridgeStan_state_allocation_thread_setup_sampling_model_load_divergence_check","iteration_difference","main_scaling","two_run_difference",400,4,2.94263157894706,2.9384210526309,0.0570528905283888,0.273249999999948,3.06874999999965,0.126118421052595,0.147131578947353,0.272999999999996,3.06349999999929,0.127052631578956,0.146921052631545,0,FALSE,FALSE,0.679663745305026,13.5932749061005,0,"637;638;639;640",160
"Laptop","AD_Stan_tape_chunked","NicoStan_BridgeStan",10000,25,4,4,1,20,"b352a26c8e9b174599c6b645056fb577","NicoStan_BridgeStan_state_allocation_thread_setup_sampling_model_load_divergence_check","iteration_difference","main_scaling","two_run_difference",400,4,3.23421052631647,3.2521052631586,0.0632776642156568,0.304999999999765,3.37750000000041,0.143289473683942,0.161710526315823,0.302999999999514,3.39050000000069,0.138999999999482,0.16260526315793,0,FALSE,FALSE,1.23677786818526,24.7355573637051,0,"641;642;643;644",161
"Laptop","AD_Stan_tape_chunked","NicoStan_BridgeStan",10000,25,8,8,1,20,"b352a26c8e9b174599c6b645056fb577","NicoStan_BridgeStan_state_allocation_thread_setup_sampling_model_load_divergence_check","iteration_difference","main_scaling","two_run_difference",400,4,4.68368421052609,4.71421052631567,0.0746329893710995,0.416000000000238,4.86550000000003,0.181815789473934,0.234184210526305,0.417500000000473,4.88249999999991,0.181236842105758,0.235710526315783,0,FALSE,FALSE,1.70805708506582,34.1611417013164,0,"645;646;647;648",162
"Laptop","AD_Stan_tape_chunked","NicoStan_BridgeStan",10000,25,16,16,1,20,"b352a26c8e9b174599c6b645056fb577","NicoStan_BridgeStan_state_allocation_thread_setup_sampling_model_load_divergence_check","iteration_difference","main_scaling","two_run_difference",400,4,11.4307894736848,11.4126315789474,0.0683933817200428,0.830000000000013,11.6892500000006,0.25846052631577,0.571539473684242,0.829499999999996,11.6745000000004,0.258868421052628,0.570631578947368,0,FALSE,FALSE,1.39972834219667,27.9945668439333,0,"649;650;651;652",163
"Laptop","AD_Stan_tape_chunked","NicoStan_BridgeStan",10000,50,1,1,1,20,"b352a26c8e9b174599c6b645056fb577","NicoStan_BridgeStan_state_allocation_thread_setup_sampling_model_load_divergence_check","iteration_difference","main_scaling","two_run_difference",200,4,2.9805263157896,2.99473684210553,0.0344378412838936,0.278000000000063,3.10950000000018,0.128973684210583,0.14902631578948,0.266000000000503,3.10900000000038,0.118000000000541,0.149736842105277,0,FALSE,FALSE,0.335511213137899,6.71022426275797,0,"653;654;655;656",164
"Laptop","AD_Stan_tape_chunked","NicoStan_BridgeStan",10000,50,2,2,1,20,"b352a26c8e9b174599c6b645056fb577","NicoStan_BridgeStan_state_allocation_thread_setup_sampling_model_load_divergence_check","iteration_difference","main_scaling","two_run_difference",200,4,2.99710526315841,2.98894736842206,0.0771006225777322,0.277499999999819,3.1247500000003,0.127644736841898,0.14985526315792,0.274999999999636,3.11450000000059,0.12757894736855,0.149447368421103,0,FALSE,FALSE,0.667310562823664,13.3462112564733,0,"657;658;659;660",165
"Laptop","AD_Stan_tape_chunked","NicoStan_BridgeStan",10000,50,4,4,1,20,"b352a26c8e9b174599c6b645056fb577","NicoStan_BridgeStan_state_allocation_thread_setup_sampling_model_load_divergence_check","iteration_difference","main_scaling","two_run_difference",200,4,3.0560526315786,3.05105263157824,0.0413115988487598,0.290750000000116,3.19399999999979,0.137947368421186,0.15280263157893,0.289499999999919,3.18549999999959,0.138289473684134,0.152552631578912,0,FALSE,FALSE,1.30887798157252,26.1775596314505,0,"661;662;663;664",166
"Laptop","AD_Stan_tape_chunked","NicoStan_BridgeStan",10000,50,8,8,1,20,"b352a26c8e9b174599c6b645056fb577","NicoStan_BridgeStan_state_allocation_thread_setup_sampling_model_load_divergence_check","iteration_difference","main_scaling","two_run_difference",200,4,3.82710526315701,3.8447368421035,0.0562829876594053,0.355500000000546,3.99124999999971,0.164144736842696,0.191355263157851,0.355500000000603,4.01049999999941,0.162605263158555,0.192236842105175,0,FALSE,FALSE,2.09035274702654,41.8070549405308,0,"665;666;667;668",167
"Laptop","AD_Stan_tape_chunked","NicoStan_BridgeStan",10000,50,16,16,1,20,"b352a26c8e9b174599c6b645056fb577","NicoStan_BridgeStan_state_allocation_thread_setup_sampling_model_load_divergence_check","iteration_difference","main_scaling","two_run_difference",200,4,9.32710526315759,9.345263157894,0.0698362416396459,0.736250000000055,9.59699999999977,0.269894736842176,0.46635526315788,0.73550000000003,9.62099999999941,0.271157894736873,0.4672631578947,0,FALSE,FALSE,1.71543040938978,34.3086081877956,0,"669;670;671;672",168
"Laptop","AD_Stan_tape_chunked","NicoStan_BridgeStan",10000,100,1,1,1,20,"b352a26c8e9b174599c6b645056fb577","NicoStan_BridgeStan_state_allocation_thread_setup_sampling_model_load_divergence_check","iteration_difference","main_scaling","two_run_difference",100,4,3.14947368421059,3.11157894736856,0.129403775164317,0.294000000000196,3.28600000000026,0.136526315789666,0.15747368421053,0.292000000000371,3.2480000000005,0.13663157894739,0.155578947368428,0,FALSE,FALSE,0.317513368983951,6.35026737967901,0,"673;674;675;676",169
"Laptop","AD_Stan_tape_chunked","NicoStan_BridgeStan",10000,100,2,2,1,20,"b352a26c8e9b174599c6b645056fb577","NicoStan_BridgeStan_state_allocation_thread_setup_sampling_model_load_divergence_check","iteration_difference","main_scaling","two_run_difference",100,4,3.08631578947437,3.08052631579076,0.0543508658666564,0.289999999999836,3.22200000000049,0.135684210526117,0.154315789473719,0.287499999999426,3.21950000000066,0.132394736842334,0.154026315789538,0,FALSE,FALSE,0.648021828103538,12.9604365620708,0,"677;678;679;680",170
"Laptop","AD_Stan_tape_chunked","NicoStan_BridgeStan",10000,100,4,4,1,20,"b352a26c8e9b174599c6b645056fb577","NicoStan_BridgeStan_state_allocation_thread_setup_sampling_model_load_divergence_check","iteration_difference","main_scaling","two_run_difference",100,4,3.1089473684213,3.08473684210535,0.105433195996526,0.307249999999755,3.26074999999999,0.15180263157869,0.155447368421065,0.305999999999756,3.22299999999981,0.151184210526341,0.154236842105267,0,FALSE,FALSE,1.28660910783806,25.7321821567611,0,"681;682;683;684",171
"Laptop","AD_Stan_tape_chunked","NicoStan_BridgeStan",10000,100,8,8,1,20,"b352a26c8e9b174599c6b645056fb577","NicoStan_BridgeStan_state_allocation_thread_setup_sampling_model_load_divergence_check","iteration_difference","main_scaling","two_run_difference",100,4,3.32000000000042,3.33526315789584,0.0500931726531448,0.338500000000025,3.49250000000042,0.172500000000004,0.166000000000021,0.339500000000044,3.51950000000062,0.172000000000002,0.166763157894792,0,FALSE,FALSE,2.40963855421657,48.1927710843313,0,"685;686;687;688",172
"Laptop","AD_Stan_tape_chunked","NicoStan_BridgeStan",10000,100,16,16,1,20,"b352a26c8e9b174599c6b645056fb577","NicoStan_BridgeStan_state_allocation_thread_setup_sampling_model_load_divergence_check","iteration_difference","main_scaling","two_run_difference",100,4,6.8015789473682,6.79842105263162,0.0525929682932579,0.609999999999886,7.07149999999967,0.269921052631476,0.34007894736841,0.609499999999997,7.07749999999984,0.270394736842102,0.339921052631581,0,FALSE,FALSE,2.35239495473195,47.047899094639,0,"689;690;691;692",173
"Laptop","AD_Stan_tape_chunked","NicoStan_BridgeStan",50000,10,1,1,1,10,"50597d787bf5578f0fdbdd94f2702741","NicoStan_BridgeStan_state_allocation_thread_setup_sampling_model_load_divergence_check","iteration_difference","main_scaling","two_run_difference",5000,4,7.01638888888908,7.00722222222238,0.0819885317683951,1.36699999999993,7.68175000000011,0.665361111111025,0.701638888888908,1.35449999999969,7.65450000000033,0.65722222222189,0.700722222222238,0,FALSE,FALSE,0.142523456985625,1.42523456985625,0,"693;694;695;696",174
"Laptop","AD_Stan_tape_chunked","NicoStan_BridgeStan",50000,10,2,2,1,10,"50597d787bf5578f0fdbdd94f2702741","NicoStan_BridgeStan_state_allocation_thread_setup_sampling_model_load_divergence_check","iteration_difference","main_scaling","two_run_difference",5000,4,7.36194444444442,7.36777777777775,0.047413555736966,1.42074999999986,8.04649999999984,0.684555555555414,0.736194444444442,1.41300000000035,8.06750000000022,0.678500000000453,0.736777777777775,0,FALSE,FALSE,0.271667358412256,2.71667358412256,0,"697;698;699;700",175
"Laptop","AD_Stan_tape_chunked","NicoStan_BridgeStan",50000,10,4,4,1,10,"50597d787bf5578f0fdbdd94f2702741","NicoStan_BridgeStan_state_allocation_thread_setup_sampling_model_load_divergence_check","iteration_difference","main_scaling","two_run_difference",5000,4,8.72250000000002,8.72944444444443,0.0525041640519598,1.56200000000018,9.4122500000002,0.68975000000018,0.872250000000002,1.56400000000031,9.40900000000022,0.692444444444744,0.872944444444443,0,FALSE,FALSE,0.458584121524791,4.58584121524791,0,"701;702;703;704",176
"Laptop","AD_Stan_tape_chunked","NicoStan_BridgeStan",50000,10,8,8,1,10,"50597d787bf5578f0fdbdd94f2702741","NicoStan_BridgeStan_state_allocation_thread_setup_sampling_model_load_divergence_check","iteration_difference","main_scaling","two_run_difference",5000,4,15.8238888888891,15.8650000000003,0.120849190104616,2.35575000000003,16.5972500000002,0.773361111111118,1.58238888888891,2.35350000000022,16.6515000000004,0.768388888888896,1.58650000000003,0,FALSE,FALSE,0.505564722817112,5.05564722817112,0,"705;706;707;708",177
"Laptop","AD_Stan_tape_chunked","NicoStan_BridgeStan",50000,10,16,16,1,10,"50597d787bf5578f0fdbdd94f2702741","NicoStan_BridgeStan_state_allocation_thread_setup_sampling_model_load_divergence_check","iteration_difference","main_scaling","two_run_difference",5000,4,34.4027777777776,34.3177777777776,0.273964192187037,4.88450000000034,35.8470000000002,1.44422222222259,3.44027777777776,4.85950000000042,35.7485000000002,1.42722222222256,3.43177777777776,0,FALSE,FALSE,0.465078724263224,4.65078724263225,0,"709;710;711;712",178
"Laptop","AD_Stan_tape_chunked","NicoStan_BridgeStan",50000,25,1,1,1,10,"50597d787bf5578f0fdbdd94f2702741","NicoStan_BridgeStan_state_allocation_thread_setup_sampling_model_load_divergence_check","iteration_difference","main_scaling","two_run_difference",2000,4,7.17833333333377,7.18611111111241,0.0725803088619414,1.3409999999997,7.80150000000009,0.623166666666318,0.717833333333377,1.34699999999975,7.82700000000074,0.623222222222005,0.718611111111241,0,FALSE,FALSE,0.139308103087988,1.39308103087988,0,"713;714;715;716",179
"Laptop","AD_Stan_tape_chunked","NicoStan_BridgeStan",50000,25,2,2,1,10,"50597d787bf5578f0fdbdd94f2702741","NicoStan_BridgeStan_state_allocation_thread_setup_sampling_model_load_divergence_check","iteration_difference","main_scaling","two_run_difference",2000,4,7.41416666666664,7.36166666666722,0.116634475276574,1.37849999999995,8.05124999999992,0.637083333333281,0.741416666666664,1.36900000000031,8.02549999999979,0.630888888888775,0.736166666666722,0,FALSE,FALSE,0.26975384961223,2.6975384961223,0,"717;718;719;720",180
"Laptop","AD_Stan_tape_chunked","NicoStan_BridgeStan",50000,25,4,4,1,10,"50597d787bf5578f0fdbdd94f2702741","NicoStan_BridgeStan_state_allocation_thread_setup_sampling_model_load_divergence_check","iteration_difference","main_scaling","two_run_difference",2000,4,8.48972222222254,8.50277777777857,0.0565785444073929,1.54475000000014,9.18550000000042,0.695777777777882,0.848972222222253,1.54600000000028,9.18050000000085,0.700944444444657,0.850277777777857,0,FALSE,FALSE,0.471157936066468,4.71157936066468,0,"721;722;723;724",181
"Laptop","AD_Stan_tape_chunked","NicoStan_BridgeStan",50000,25,8,8,1,10,"50597d787bf5578f0fdbdd94f2702741","NicoStan_BridgeStan_state_allocation_thread_setup_sampling_model_load_divergence_check","iteration_difference","main_scaling","two_run_difference",2000,4,14.8286111111108,14.8261111111105,0.0258417947114074,2.2372500000001,15.5829999999998,0.754388888889025,1.48286111111108,2.23550000000012,15.583,0.751611111111231,1.48261111111105,0,FALSE,FALSE,0.539497592866655,5.39497592866655,0,"725;726;727;728",182
"Laptop","AD_Stan_tape_chunked","NicoStan_BridgeStan",50000,25,16,16,1,10,"50597d787bf5578f0fdbdd94f2702741","NicoStan_BridgeStan_state_allocation_thread_setup_sampling_model_load_divergence_check","iteration_difference","main_scaling","two_run_difference",2000,4,31.4252777777773,31.5205555555555,0.27933986703861,4.67175000000023,32.9544999999998,1.5292222222225,3.14252777777773,4.68550000000039,33.0045,1.53494444444457,3.15205555555555,0,FALSE,FALSE,0.509144266381459,5.09144266381459,0,"729;730;731;732",183
"Laptop","AD_Stan_tape_chunked","NicoStan_BridgeStan",50000,50,1,1,1,10,"50597d787bf5578f0fdbdd94f2702741","NicoStan_BridgeStan_state_allocation_thread_setup_sampling_model_load_divergence_check","iteration_difference","main_scaling","two_run_difference",1000,4,7.16722222222144,7.21777777777687,0.143654535307071,1.31225000000035,7.76274999999964,0.595527777778203,0.716722222222144,1.31900000000047,7.80449999999928,0.598222222222761,0.721777777777687,0,FALSE,FALSE,0.139524067901728,1.39524067901728,0,"733;734;735;736",184
"Laptop","AD_Stan_tape_chunked","NicoStan_BridgeStan",50000,50,2,2,1,10,"50597d787bf5578f0fdbdd94f2702741","NicoStan_BridgeStan_state_allocation_thread_setup_sampling_model_load_divergence_check","iteration_difference","main_scaling","two_run_difference",1000,4,7.36027777777786,7.36222222222245,0.0984755197171154,1.37175000000002,7.99600000000009,0.635722222222234,0.736027777777786,1.37400000000071,7.97000000000025,0.644111111111935,0.736222222222245,0,FALSE,FALSE,0.271728874966974,2.71728874966974,0,"737;738;739;740",185
"Laptop","AD_Stan_tape_chunked","NicoStan_BridgeStan",50000,50,4,4,1,10,"50597d787bf5578f0fdbdd94f2702741","NicoStan_BridgeStan_state_allocation_thread_setup_sampling_model_load_divergence_check","iteration_difference","main_scaling","two_run_difference",1000,4,8.35777777777755,8.36000000000006,0.131721741879651,1.51174999999992,9.03374999999971,0.675972222222166,0.835777777777755,1.49750000000034,9.02499999999981,0.673111111110523,0.836000000000006,0,FALSE,FALSE,0.478596118053722,4.78596118053722,0,"741;742;743;744",186
"Laptop","AD_Stan_tape_chunked","NicoStan_BridgeStan",50000,50,8,8,1,10,"50597d787bf5578f0fdbdd94f2702741","NicoStan_BridgeStan_state_allocation_thread_setup_sampling_model_load_divergence_check","iteration_difference","main_scaling","two_run_difference",1000,4,14.1413888888895,14.1794444444443,0.157004822866884,2.1554999999999,14.8827500000004,0.741361111110959,1.41413888888895,2.16399999999976,14.9050000000008,0.745944444444124,1.41794444444443,0,FALSE,FALSE,0.565715295920149,5.65715295920149,0,"745;746;747;748",187
"Laptop","AD_Stan_tape_chunked","NicoStan_BridgeStan",50000,50,16,16,1,10,"50597d787bf5578f0fdbdd94f2702741","NicoStan_BridgeStan_state_allocation_thread_setup_sampling_model_load_divergence_check","iteration_difference","main_scaling","two_run_difference",1000,4,29.9441666666666,29.9033333333333,0.19841008992974,4.44624999999996,31.3959999999999,1.4518333333333,2.99441666666666,4.44949999999994,31.3645,1.45266666666665,2.99033333333333,0,FALSE,FALSE,0.534327776695518,5.34327776695518,0,"749;750;751;752",188
"Laptop","AD_Stan_tape_chunked","NicoStan_BridgeStan",50000,100,1,1,1,10,"50597d787bf5578f0fdbdd94f2702741","NicoStan_BridgeStan_state_allocation_thread_setup_sampling_model_load_divergence_check","iteration_difference","main_scaling","two_run_difference",500,4,7.16611111111155,7.14055555555622,0.104666823935927,1.32974999999959,7.77924999999999,0.613138888888437,0.716611111111155,1.33499999999958,7.75799999999981,0.615833333332893,0.714055555555622,0,FALSE,FALSE,0.13954570121714,1.3954570121714,0,"753;754;755;756",189
"Laptop","AD_Stan_tape_chunked","NicoStan_BridgeStan",50000,100,2,2,1,10,"50597d787bf5578f0fdbdd94f2702741","NicoStan_BridgeStan_state_allocation_thread_setup_sampling_model_load_divergence_check","iteration_difference","main_scaling","two_run_difference",500,4,7.381666666667,7.33611111111107,0.138767354232437,1.39524999999992,8.03875000000022,0.657083333333219,0.7381666666667,1.40399999999977,7.97850000000039,0.673277777777419,0.733611111111107,0,FALSE,FALSE,0.270941521788202,2.70941521788202,0,"757;758;759;760",190
"Laptop","AD_Stan_tape_chunked","NicoStan_BridgeStan",50000,100,4,4,1,10,"50597d787bf5578f0fdbdd94f2702741","NicoStan_BridgeStan_state_allocation_thread_setup_sampling_model_load_divergence_check","iteration_difference","main_scaling","two_run_difference",500,4,8.15888888888891,8.125,0.158498614187953,1.50350000000037,8.84650000000039,0.687611111111481,0.815888888888891,1.49950000000024,8.80250000000069,0.695722222222419,0.8125,0,FALSE,FALSE,0.490262835353397,4.90262835353397,0,"761;762;763;764",191
"Laptop","AD_Stan_tape_chunked","NicoStan_BridgeStan",50000,100,8,8,1,10,"50597d787bf5578f0fdbdd94f2702741","NicoStan_BridgeStan_state_allocation_thread_setup_sampling_model_load_divergence_check","iteration_difference","main_scaling","two_run_difference",500,4,12.2241666666669,12.2294444444445,0.0944831075542352,1.99225000000001,12.9940000000002,0.769833333333325,1.22241666666669,1.99500000000012,12.9910000000001,0.765611111111235,1.22294444444445,0,FALSE,FALSE,0.654441338877895,6.54441338877895,0,"765;766;767;768",192
"Laptop","AD_Stan_tape_chunked","NicoStan_BridgeStan",50000,100,16,16,1,10,"50597d787bf5578f0fdbdd94f2702741","NicoStan_BridgeStan_state_allocation_thread_setup_sampling_model_load_divergence_check","iteration_difference","main_scaling","two_run_difference",500,4,28.9688888888894,28.9377777777784,0.0846828991929465,4.29024999999956,30.36225,1.39336111111062,2.89688888888894,4.29949999999951,30.3934999999999,1.39949999999947,2.89377777777784,0,FALSE,FALSE,0.552316661552614,5.52316661552614,0,"769;770;771;772",193
"Laptop","AD_Stan_tape_chunked","NicoStan_BridgeStan",50000,250,1,1,1,10,"50597d787bf5578f0fdbdd94f2702741","NicoStan_BridgeStan_state_allocation_thread_setup_sampling_model_load_divergence_check","iteration_difference","main_scaling","two_run_difference",200,4,7.33083333333279,7.31111111111002,0.173533538225347,1.33700000000039,7.93474999999989,0.603916666667108,0.733083333333279,1.33450000000005,7.88299999999981,0.600055555556411,0.731111111111002,0,FALSE,FALSE,0.136410139820403,1.36410139820403,0,"773;774;775;776",194
"Laptop","AD_Stan_tape_chunked","NicoStan_BridgeStan",50000,250,2,2,1,10,"50597d787bf5578f0fdbdd94f2702741","NicoStan_BridgeStan_state_allocation_thread_setup_sampling_model_load_divergence_check","iteration_difference","main_scaling","two_run_difference",200,4,7.2513888888894,7.38111111111215,0.278294889043498,1.43299999999971,7.95925000000017,0.707861111110769,0.72513888888894,1.38049999999964,7.97050000000036,0.640777777777367,0.738111111111215,0,FALSE,FALSE,0.275809231947883,2.75809231947883,0,"777;778;779;780",195
"Laptop","AD_Stan_tape_chunked","NicoStan_BridgeStan",50000,250,4,4,1,10,"50597d787bf5578f0fdbdd94f2702741","NicoStan_BridgeStan_state_allocation_thread_setup_sampling_model_load_divergence_check","iteration_difference","main_scaling","two_run_difference",200,4,7.67749999999953,7.62722222222199,0.200662226685221,1.43525000000005,8.34499999999963,0.6675000000001,0.767749999999953,1.42500000000018,8.28949999999998,0.66750000000017,0.762722222222199,0,FALSE,FALSE,0.521002930641517,5.21002930641517,0,"781;782;783;784",196
"Laptop","AD_Stan_tape_chunked","NicoStan_BridgeStan",50000,250,8,8,1,10,"50597d787bf5578f0fdbdd94f2702741","NicoStan_BridgeStan_state_allocation_thread_setup_sampling_model_load_divergence_check","iteration_difference","main_scaling","two_run_difference",200,4,9.89111111111129,9.89888888888976,0.333830493445621,1.82450000000006,10.7265000000002,0.835388888888929,0.989111111111129,1.76900000000001,10.6395000000006,0.756722222222228,0.989888888888976,0,FALSE,FALSE,0.808807009660736,8.08807009660736,0,"785;786;787;788",197
"Laptop","AD_Stan_tape_chunked","NicoStan_BridgeStan",50000,250,16,16,1,10,"50597d787bf5578f0fdbdd94f2702741","NicoStan_BridgeStan_state_allocation_thread_setup_sampling_model_load_divergence_check","iteration_difference","main_scaling","two_run_difference",200,4,25.1472222222212,25.1749999999999,0.111586022105388,3.92100000000033,26.5534999999994,1.40627777777821,2.51472222222212,3.92750000000046,26.6094999999996,1.40683333333386,2.51749999999999,0,FALSE,FALSE,0.636253175742873,6.36253175742873,0,"789;790;791;792",198
"Laptop","AD_Stan_tape_chunked","NicoStan_BridgeStan",50000,500,1,1,1,10,"50597d787bf5578f0fdbdd94f2702741","NicoStan_BridgeStan_state_allocation_thread_setup_sampling_model_load_divergence_check","iteration_difference","main_scaling","two_run_difference",100,4,7.72722222222266,7.63277777777855,0.314861652289043,1.36624999999981,8.3207500000002,0.593527777777543,0.772722222222266,1.35099999999966,8.20250000000033,0.592277777777402,0.763277777777855,0,FALSE,FALSE,0.129412610539931,1.29412610539931,0,"793;794;795;796",199
"Laptop","AD_Stan_tape_chunked","NicoStan_BridgeStan",50000,500,2,2,1,10,"50597d787bf5578f0fdbdd94f2702741","NicoStan_BridgeStan_state_allocation_thread_setup_sampling_model_load_divergence_check","iteration_difference","main_scaling","two_run_difference",100,4,7.70972222222276,7.63611111111244,0.268981274302934,1.39124999999956,8.33000000000004,0.620277777777283,0.770972222222276,1.38299999999936,8.25550000000055,0.619388888888112,0.763611111111244,0,FALSE,FALSE,0.259412718429094,2.59412718429094,0,"797;798;799;800",200
"Laptop","AD_Stan_tape_chunked","NicoStan_BridgeStan",50000,500,4,4,1,10,"50597d787bf5578f0fdbdd94f2702741","NicoStan_BridgeStan_state_allocation_thread_setup_sampling_model_load_divergence_check","iteration_difference","main_scaling","two_run_difference",100,4,7.75055555555531,7.62222222222186,0.272498725787252,1.43575000000004,8.41124999999982,0.66069444444451,0.775055555555532,1.41550000000007,8.27549999999974,0.65327777777788,0.762222222222186,0,FALSE,FALSE,0.516092036413176,5.16092036413176,0,"801;802;803;804",201
"Laptop","AD_Stan_tape_chunked","NicoStan_BridgeStan",50000,500,8,8,1,10,"50597d787bf5578f0fdbdd94f2702741","NicoStan_BridgeStan_state_allocation_thread_setup_sampling_model_load_divergence_check","iteration_difference","main_scaling","two_run_difference",100,4,8.60805555555443,8.62444444444211,0.167821615562774,1.61775000000074,9.36499999999972,0.756944444445297,0.860805555555443,1.59350000000074,9.33649999999943,0.74638888888972,0.862444444444211,0,FALSE,FALSE,0.929362031688786,9.29362031688786,0,"805;806;807;808",202
"Laptop","AD_Stan_tape_chunked","NicoStan_BridgeStan",50000,500,16,16,1,10,"50597d787bf5578f0fdbdd94f2702741","NicoStan_BridgeStan_state_allocation_thread_setup_sampling_model_load_divergence_check","iteration_difference","main_scaling","two_run_difference",100,4,18.7722222222216,18.7416666666667,0.154528354502958,3.35300000000018,20.2479999999996,1.47577777777802,1.87722222222216,3.32449999999994,20.2184999999998,1.45033333333327,1.87416666666667,0,FALSE,FALSE,0.852323172536283,8.52323172536283,0,"809;810;811;812",203
"Laptop","AD_Stan_WCP","NicoStan_BridgeStan",500,2,4,2,2,800,"257aba3ac8b8727679d269bf8597bb85","NicoStan_BridgeStan_state_allocation_thread_setup_sampling_model_load_divergence_check","iteration_difference","main_scaling","two_run_difference",250,4,3.68710888610747,3.70863579474269,0.0800270839277603,0.0147500000001637,3.69725,0.0101411138925294,0.00460888610763433,0.0150000000003274,3.71899999999967,0.010331038798826,0.00463579474342836,0,FALSE,FALSE,0.542430414120866,433.944331296693,0,"813;814;815;816",204
"Laptop","AD_Stan_WCP","NicoStan_BridgeStan",500,2,8,4,2,800,"257aba3ac8b8727679d269bf8597bb85","NicoStan_BridgeStan_state_allocation_thread_setup_sampling_model_load_divergence_check","iteration_difference","main_scaling","two_run_difference",250,4,5.57496871088818,5.5604505632036,0.0961305793255808,0.0177500000001158,5.58574999999968,0.0107812891115056,0.00696871088861022,0.0180000000000131,5.56999999999961,0.0111301627033928,0.00695056320400449,0,FALSE,FALSE,0.71749281609201,573.994252873608,0,"817;818;819;820",205
"Laptop","AD_Stan_WCP","NicoStan_BridgeStan",500,2,16,8,2,800,"257aba3ac8b8727679d269bf8597bb85","NicoStan_BridgeStan_state_allocation_thread_setup_sampling_model_load_divergence_check","iteration_difference","main_scaling","two_run_difference",250,4,11.3066332916148,11.2921151439304,0.116230026696751,0.025499999999818,11.3180000000001,0.0113667083852995,0.0141332916145185,0.0254999999999193,11.3025000000002,0.0114324155193185,0.014115143929913,0,FALSE,FALSE,0.7075492583573,566.03940668584,0,"821;822;823;824",206
"Laptop","AD_Stan_WCP","NicoStan_BridgeStan",500,4,4,2,2,800,"257aba3ac8b8727679d269bf8597bb85","NicoStan_BridgeStan_state_allocation_thread_setup_sampling_model_load_divergence_check","iteration_difference","main_scaling","two_run_difference",125,4,3.38723404255289,3.38072590738363,0.0841567674298459,0.0132500000000615,3.39624999999976,0.00901595744687038,0.00423404255319111,0.0130000000004138,3.39049999999952,0.00870025031330554,0.00422590738422953,0,FALSE,FALSE,0.590452261306586,472.361809045268,0,"825;827;829;831",207
"Laptop","AD_Stan_WCP","NicoStan_BridgeStan",500,4,8,2,4,800,"257aba3ac8b8727679d269bf8597bb85","NicoStan_BridgeStan_state_allocation_thread_setup_sampling_model_load_divergence_check","iteration_difference","main_scaling","two_run_difference",125,4,2.79324155194,2.80500625782273,0.0710036095611355,0.0137500000000088,2.80350000000008,0.0102584480600838,0.00349155193992499,0.0135000000000218,2.81750000000016,0.00995118898625445,0.00350625782227841,0,FALSE,FALSE,0.716013979747271,572.811183797817,0,"826;828;830;832",208
"Laptop","AD_Stan_WCP","NicoStan_BridgeStan",500,4,8,4,2,800,"257aba3ac8b8727679d269bf8597bb85","NicoStan_BridgeStan_state_allocation_thread_setup_sampling_model_load_divergence_check","iteration_difference","main_scaling","two_run_difference",125,4,3.95269086357912,3.93842302878575,0.0698601709341711,0.0155000000001628,3.96324999999981,0.0105591364206889,0.0049408635794739,0.0150000000006187,3.94949999999948,0.0100901126405105,0.00492302878598219,0,FALSE,FALSE,1.01196884301193,809.575074409546,0,"833;835;837;839",209
"Laptop","AD_Stan_WCP","NicoStan_BridgeStan",500,4,16,4,4,800,"257aba3ac8b8727679d269bf8597bb85","NicoStan_BridgeStan_state_allocation_thread_setup_sampling_model_load_divergence_check","iteration_difference","main_scaling","two_run_difference",125,4,4.79148936170168,4.78047559449298,0.128171933129377,0.0165000000002653,4.80199999999982,0.0105106382981382,0.00598936170212711,0.0160000000005311,4.79049999999978,0.0100244055067967,0.00597559449311623,0,FALSE,FALSE,0.834813499111978,667.850799289582,0,"834;836;838;840",210
"Laptop","AD_Stan_WCP","NicoStan_BridgeStan",500,4,16,8,2,800,"257aba3ac8b8727679d269bf8597bb85","NicoStan_BridgeStan_state_allocation_thread_setup_sampling_model_load_divergence_check","iteration_difference","main_scaling","two_run_difference",125,4,8.40425531914862,8.37797246558136,0.112492369639322,0.0247500000002212,8.41849999999991,0.0142446808512854,0.0105053191489358,0.0249999999999986,8.39199999999983,0.0144618272841037,0.0104724655819767,0,FALSE,FALSE,0.95189873417725,761.5189873418,0,"841;842;843;844",211
"Laptop","AD_Stan_WCP","NicoStan_BridgeStan",500,10,4,2,2,800,"257aba3ac8b8727679d269bf8597bb85","NicoStan_BridgeStan_state_allocation_thread_setup_sampling_model_load_divergence_check","iteration_difference","main_scaling","two_run_difference",50,4,3.60400500625763,3.57396745932376,0.103823237535653,0.0129999999996073,3.61249999999941,0.00849499374178529,0.00450500625782203,0.0129999999996073,3.58349999999882,0.00855068836005804,0.0044674593241547,0,FALSE,FALSE,0.554938185859177,443.950548687342,0,"845;848;851;854",212
"Laptop","AD_Stan_WCP","NicoStan_BridgeStan",500,10,8,2,4,800,"257aba3ac8b8727679d269bf8597bb85","NicoStan_BridgeStan_state_allocation_thread_setup_sampling_model_load_divergence_check","iteration_difference","main_scaling","two_run_difference",50,4,2.10638297872359,2.12565707133989,0.0917457358578893,0.0107499999997547,2.11449999999994,0.00811702127635019,0.00263297872340448,0.0109999999992993,2.13400000000001,0.00829349186434309,0.00265707133917486,0,FALSE,FALSE,0.949494949494867,759.595959595894,0,"846;849;852;855",213
"Laptop","AD_Stan_WCP","NicoStan_BridgeStan",500,10,16,2,8,800,"257aba3ac8b8727679d269bf8597bb85","NicoStan_BridgeStan_state_allocation_thread_setup_sampling_model_load_divergence_check","iteration_difference","main_scaling","two_run_difference",50,4,2.05356695869865,2.06007509386769,0.0609531164166226,0.0119999999995564,2.06299999999983,0.00943304130118305,0.00256695869837331,0.0114999999994012,2.07050000000007,0.00889236545622199,0.00257509386733462,0,FALSE,FALSE,0.973915163334827,779.132130667861,0,"847;850;853;856",214
"Laptop","AD_Stan_WCP","NicoStan_BridgeStan",500,10,8,4,2,800,"257aba3ac8b8727679d269bf8597bb85","NicoStan_BridgeStan_state_allocation_thread_setup_sampling_model_load_divergence_check","iteration_difference","main_scaling","two_run_difference",50,4,3.78498122653331,3.7566958698367,0.077584075794259,0.0145000000000621,3.79475000000021,0.00976877346689549,0.00473122653316664,0.0140000000005145,3.76599999999992,0.00932853566919086,0.00469586983729588,0,FALSE,FALSE,1.05680841214201,845.446729713611,0,"857;859;861;863",215
"Laptop","AD_Stan_WCP","NicoStan_BridgeStan",500,10,16,4,4,800,"257aba3ac8b8727679d269bf8597bb85","NicoStan_BridgeStan_state_allocation_thread_setup_sampling_model_load_divergence_check","iteration_difference","main_scaling","two_run_difference",50,4,3.22478097621983,3.24255319148886,0.0488762227147286,0.0175000000003216,3.23824999999987,0.0134690237800468,0.00403097622027478,0.0150000000006187,3.25250000000012,0.0109918648316582,0.00405319148936107,0,FALSE,FALSE,1.24039431809378,992.315454475028,0,"858;860;862;864",216
"Laptop","AD_Stan_WCP","NicoStan_BridgeStan",500,10,16,8,2,800,"257aba3ac8b8727679d269bf8597bb85","NicoStan_BridgeStan_state_allocation_thread_setup_sampling_model_load_divergence_check","iteration_difference","main_scaling","two_run_difference",50,4,6.07008760951193,5.99899874843563,0.184879413637869,0.0190000000001689,6.08150000000021,0.011412390488279,0.00758760951188992,0.0195000000001215,6.01100000000042,0.0118097622028749,0.00749874843554454,0,FALSE,FALSE,1.31793814432989,1054.35051546391,0,"865;866;867;868",217
"Laptop","AD_Stan_WCP","NicoStan_BridgeStan",2500,4,4,2,2,200,"7184208393ceb4c8ae3e26f0d1660bdb","NicoStan_BridgeStan_state_allocation_thread_setup_sampling_model_load_divergence_check","iteration_difference","main_scaling","two_run_difference",625,4,4.49723618090496,4.50904522613155,0.0834125445274401,0.0625000000000036,4.53725000000044,0.0400138190954787,0.0224861809045248,0.0625,4.54900000000089,0.0399547738693423,0.0225452261306577,0,FALSE,FALSE,0.444717581987777,88.9435163975554,0,"869;871;873;875",218
"Laptop","AD_Stan_WCP","NicoStan_BridgeStan",2500,4,8,2,4,200,"7184208393ceb4c8ae3e26f0d1660bdb","NicoStan_BridgeStan_state_allocation_thread_setup_sampling_model_load_divergence_check","iteration_difference","main_scaling","two_run_difference",625,4,3.91080402010055,3.90201005025149,0.0536748344555497,0.0625000000000959,3.95375000000014,0.0429459798995932,0.0195540201005027,0.0570000000001514,3.95050000000027,0.0374020100504033,0.0195100502512574,0,FALSE,FALSE,0.511403790555728,102.280758111146,0,"870;872;874;876",219
"Laptop","AD_Stan_WCP","NicoStan_BridgeStan",2500,4,8,4,2,200,"7184208393ceb4c8ae3e26f0d1660bdb","NicoStan_BridgeStan_state_allocation_thread_setup_sampling_model_load_divergence_check","iteration_difference","main_scaling","two_run_difference",625,4,6.82939698492459,6.82060301507531,0.0318385762929616,0.0755000000002113,6.87075000000018,0.0413530150755883,0.034146984924623,0.0755000000003605,6.86200000000029,0.041396984924984,0.0341030150753765,0,FALSE,FALSE,0.585703248592769,117.140649718554,0,"877;879;881;883",220
"Laptop","AD_Stan_WCP","NicoStan_BridgeStan",2500,4,16,4,4,200,"7184208393ceb4c8ae3e26f0d1660bdb","NicoStan_BridgeStan_state_allocation_thread_setup_sampling_model_load_divergence_check","iteration_difference","main_scaling","two_run_difference",625,4,7.43190954773868,7.43869346733658,0.07450472535683,0.0789999999998585,7.47374999999985,0.0418404522611651,0.0371595477386934,0.0789999999997235,7.48149999999976,0.041693467336407,0.0371934673366829,0,FALSE,FALSE,0.538219682883127,107.643936576625,0,"878;880;882;884",221
"Laptop","AD_Stan_WCP","NicoStan_BridgeStan",2500,4,16,8,2,200,"7184208393ceb4c8ae3e26f0d1660bdb","NicoStan_BridgeStan_state_allocation_thread_setup_sampling_model_load_divergence_check","iteration_difference","main_scaling","two_run_difference",625,4,14.457788944724,14.4557788944726,0.150007084389657,0.11924999999999,14.5047500000004,0.0469610552763702,0.0722889447236202,0.11699999999999,14.5005000000002,0.045273869346721,0.072278894472363,0,FALSE,FALSE,0.553334955336955,110.666991067391,0,"885;886;887;888",222
"Laptop","AD_Stan_WCP","NicoStan_BridgeStan",2500,10,4,2,2,200,"7184208393ceb4c8ae3e26f0d1660bdb","NicoStan_BridgeStan_state_allocation_thread_setup_sampling_model_load_divergence_check","iteration_difference","main_scaling","two_run_difference",250,4,3.92738693467379,3.90753768844304,0.102306670762105,0.0564999999998435,3.96425000000026,0.0368630653264745,0.0196369346733689,0.0564999999996871,3.94450000000052,0.0369623115574719,0.0195376884422152,0,FALSE,FALSE,0.509244450131095,101.848890026219,0,"889;892;895;898",223
"Laptop","AD_Stan_WCP","NicoStan_BridgeStan",2500,10,8,2,4,200,"7184208393ceb4c8ae3e26f0d1660bdb","NicoStan_BridgeStan_state_allocation_thread_setup_sampling_model_load_divergence_check","iteration_difference","main_scaling","two_run_difference",250,4,2.78768844221127,2.81356783919632,0.0952827956199729,0.0517499999995437,2.82549999999976,0.0378115577884873,0.0139384422110563,0.051499999999848,2.85100000000018,0.0374321608038664,0.0140678391959816,0,FALSE,FALSE,0.717440288418151,143.48805768363,0,"890;893;896;899",224
"Laptop","AD_Stan_WCP","NicoStan_BridgeStan",2500,10,16,2,8,200,"7184208393ceb4c8ae3e26f0d1660bdb","NicoStan_BridgeStan_state_allocation_thread_setup_sampling_model_load_divergence_check","iteration_difference","main_scaling","two_run_difference",250,4,3.59824120603043,3.6120603015079,0.0612399066804499,0.0637499999996578,3.64399999999993,0.0457587939695057,0.0179912060301521,0.0649999999993582,3.65650000000032,0.0470778894465935,0.0180603015075395,0,FALSE,FALSE,0.555827107045554,111.165421409111,0,"891;894;897;900",225
"Laptop","AD_Stan_WCP","NicoStan_BridgeStan",2500,10,8,4,2,200,"7184208393ceb4c8ae3e26f0d1660bdb","NicoStan_BridgeStan_state_allocation_thread_setup_sampling_model_load_divergence_check","iteration_difference","main_scaling","two_run_difference",250,4,4.85954773869422,4.89346733668493,0.144584837144203,0.071249999999857,4.90650000000061,0.0469522613063859,0.0242977386934711,0.0699999999998653,4.93900000000122,0.0461432160802644,0.0244673366834247,0,FALSE,FALSE,0.823121865467015,164.624373093403,0,"901;903;905;907",226
"Laptop","AD_Stan_WCP","NicoStan_BridgeStan",2500,10,16,4,4,200,"7184208393ceb4c8ae3e26f0d1660bdb","NicoStan_BridgeStan_state_allocation_thread_setup_sampling_model_load_divergence_check","iteration_difference","main_scaling","two_run_difference",250,4,6.3198492462307,6.32914572864276,0.135138512703106,0.0742500000001627,6.36249999999971,0.0426507537690092,0.0315992462311535,0.0740000000002681,6.3719999999996,0.0424472361811749,0.0316457286432138,0,FALSE,FALSE,0.632926489881969,126.585297976394,0,"902;904;906;908",227
"Laptop","AD_Stan_WCP","NicoStan_BridgeStan",2500,10,16,8,2,200,"7184208393ceb4c8ae3e26f0d1660bdb","NicoStan_BridgeStan_state_allocation_thread_setup_sampling_model_load_divergence_check","iteration_difference","main_scaling","two_run_difference",250,4,11.6474874371866,11.6974874371865,0.12780920763315,0.108999999999632,11.6982500000003,0.0507625628136995,0.0582374371859328,0.108999999999483,11.7480000000004,0.0510125628135502,0.0584874371859326,0,FALSE,FALSE,0.686843410919566,137.368682183913,0,"909;910;911;912",228
"Laptop","AD_Stan_WCP","NicoStan_BridgeStan",2500,25,4,2,2,200,"7184208393ceb4c8ae3e26f0d1660bdb","NicoStan_BridgeStan_state_allocation_thread_setup_sampling_model_load_divergence_check","iteration_difference","main_scaling","two_run_difference",100,4,3.97211055276375,3.94321608040189,0.12387622678557,0.0557499999999393,4.00799999999987,0.0358894472361206,0.0198605527638188,0.0545000000000329,3.97649999999976,0.0350301507538005,0.0197160804020094,0,FALSE,FALSE,0.503510658485681,100.702131697136,0,"913;916;919;922",229
"Laptop","AD_Stan_WCP","NicoStan_BridgeStan",2500,25,8,2,4,200,"7184208393ceb4c8ae3e26f0d1660bdb","NicoStan_BridgeStan_state_allocation_thread_setup_sampling_model_load_divergence_check","iteration_difference","main_scaling","two_run_difference",100,4,2.33391959798958,2.36532663316508,0.10836071036634,0.0510000000001938,2.37324999999982,0.0393304020102459,0.0116695979899479,0.0510000000003856,2.40449999999964,0.0391733668345602,0.0118266331658254,0,FALSE,FALSE,0.85692754871367,171.385509742734,0,"914;917;920;923",230
"Laptop","AD_Stan_WCP","NicoStan_BridgeStan",2500,25,16,2,8,200,"7184208393ceb4c8ae3e26f0d1660bdb","NicoStan_BridgeStan_state_allocation_thread_setup_sampling_model_load_divergence_check","iteration_difference","main_scaling","two_run_difference",100,4,2.66206030150781,2.6904522613074,0.0951059512211711,0.056500000000149,2.70525000000042,0.0431896984926099,0.013310301507539,0.0560000000006511,2.73700000000051,0.0423969849252757,0.013452261306537,0,FALSE,FALSE,0.751297781972552,150.25955639451,0,"915;918;921;924",231
"Laptop","AD_Stan_WCP","NicoStan_BridgeStan",2500,25,8,4,2,200,"7184208393ceb4c8ae3e26f0d1660bdb","NicoStan_BridgeStan_state_allocation_thread_setup_sampling_model_load_divergence_check","iteration_difference","main_scaling","two_run_difference",100,4,4.24145728643265,4.24472361809142,0.171806147315542,0.0674999999997468,4.28775000000023,0.0462927135675835,0.0212072864321632,0.0674999999993418,4.28800000000047,0.0462386934666794,0.0212236180904571,0,FALSE,FALSE,0.943072092885385,188.614418577077,0,"925;927;929;931",232
"Laptop","AD_Stan_WCP","NicoStan_BridgeStan",2500,25,16,4,4,200,"7184208393ceb4c8ae3e26f0d1660bdb","NicoStan_BridgeStan_state_allocation_thread_setup_sampling_model_load_divergence_check","iteration_difference","main_scaling","two_run_difference",100,4,4.37663316582981,4.44120603015119,0.148236663474615,0.0654999999998509,4.42025000000051,0.0436168341707019,0.021883165829149,0.0654999999997017,4.48450000000059,0.0439396984920033,0.022206030150756,0,FALSE,FALSE,0.913944543314633,182.788908662927,0,"926;928;930;932",233
"Laptop","AD_Stan_WCP","NicoStan_BridgeStan",2500,25,16,8,2,200,"7184208393ceb4c8ae3e26f0d1660bdb","NicoStan_BridgeStan_state_allocation_thread_setup_sampling_model_load_divergence_check","iteration_difference","main_scaling","two_run_difference",100,4,8.53768844221093,8.57286432160778,0.0807530027199045,0.0972500000002796,8.59225000000016,0.054561557789225,0.0426884422110547,0.097999999999999,8.62650000000031,0.0554874371859286,0.0428643216080389,0,FALSE,FALSE,0.9370217775162,187.40435550324,0,"933;934;935;936",234
"Laptop","AD_Stan_WCP","NicoStan_BridgeStan",2500,50,4,2,2,200,"7184208393ceb4c8ae3e26f0d1660bdb","NicoStan_BridgeStan_state_allocation_thread_setup_sampling_model_load_divergence_check","iteration_difference","main_scaling","two_run_difference",50,4,4.25050251256281,4.20854271356784,0.160618349676578,0.0612500000000935,4.29050000000009,0.0399974874372794,0.0212525125628141,0.0560000000001395,4.24200000000019,0.0343442211056659,0.0210427135678392,0,FALSE,FALSE,0.47053260034285,94.1065200685701,0,"937;940;943;946",235
"Laptop","AD_Stan_WCP","NicoStan_BridgeStan",2500,50,8,2,4,200,"7184208393ceb4c8ae3e26f0d1660bdb","NicoStan_BridgeStan_state_allocation_thread_setup_sampling_model_load_divergence_check","iteration_difference","main_scaling","two_run_difference",50,4,2.43090452261345,2.37939698492592,0.13817633545232,0.0595000000003481,2.47825000000073,0.0473454773872808,0.0121545226130673,0.061500000001061,2.42200000000092,0.048907035176943,0.0118969849246296,0,FALSE,FALSE,0.822739018087724,164.547803617545,0,"938;941;944;947",236
"Laptop","AD_Stan_WCP","NicoStan_BridgeStan",2500,50,16,2,8,200,"7184208393ceb4c8ae3e26f0d1660bdb","NicoStan_BridgeStan_state_allocation_thread_setup_sampling_model_load_divergence_check","iteration_difference","main_scaling","two_run_difference",50,4,2.12512562814039,2.14422110552755,0.081708398490511,0.0474999999995305,2.16199999999922,0.0368743718588285,0.0106256281407019,0.0464999999992273,2.17999999999914,0.0357788944715895,0.0107211055276378,0,FALSE,FALSE,0.941120832348212,188.224166469642,0,"939;942;945;948",237
"Laptop","AD_Stan_WCP","NicoStan_BridgeStan",2500,50,8,4,2,200,"7184208393ceb4c8ae3e26f0d1660bdb","NicoStan_BridgeStan_state_allocation_thread_setup_sampling_model_load_divergence_check","iteration_difference","main_scaling","two_run_difference",50,4,4.46457286432072,4.43316582914396,0.159887200038144,0.0662500000003092,4.50849999999942,0.0439271356787056,0.0223228643216036,0.0669999999997515,4.47649999999885,0.0443492462309063,0.0221658291457198,0,FALSE,FALSE,0.89594237154613,179.188474309226,0,"949;951;953;955",238
"Laptop","AD_Stan_WCP","NicoStan_BridgeStan",2500,50,16,4,4,200,"7184208393ceb4c8ae3e26f0d1660bdb","NicoStan_BridgeStan_state_allocation_thread_setup_sampling_model_load_divergence_check","iteration_difference","main_scaling","two_run_difference",50,4,3.67035175879326,3.71708542713427,0.105238496758842,0.0622500000006099,3.71424999999991,0.0438982412066436,0.0183517587939663,0.0610000000006607,3.75799999999981,0.0423442211061906,0.0185854271356714,0,FALSE,FALSE,1.08981380065738,217.962760131477,0,"950;952;954;956",239
"Laptop","AD_Stan_WCP","NicoStan_BridgeStan",2500,50,16,8,2,200,"7184208393ceb4c8ae3e26f0d1660bdb","NicoStan_BridgeStan_state_allocation_thread_setup_sampling_model_load_divergence_check","iteration_difference","main_scaling","two_run_difference",50,4,7.07839195979875,7.10452261306483,0.235636422887977,0.0879999999999157,7.13099999999967,0.0526080402009219,0.0353919597989938,0.087999999999667,7.15749999999935,0.0522386934673281,0.0355226130653241,0,FALSE,FALSE,1.13020019877897,226.040039755794,0,"957;958;959;960",240
"Laptop","AD_Stan_WCP","NicoStan_BridgeStan",10000,4,4,2,2,80,"b352a26c8e9b174599c6b645056fb577","NicoStan_BridgeStan_state_allocation_thread_setup_sampling_model_load_divergence_check","iteration_difference","main_scaling","two_run_difference",2500,4,7.22708860759368,7.20759493670882,0.051479006663141,0.231500000000231,7.36824999999899,0.14116139240531,0.090338607594921,0.227499999999381,7.34499999999935,0.137405063290521,0.0900949367088603,0,FALSE,FALSE,0.276736609801428,22.1389287841143,0,"961;963;965;967",241
"Laptop","AD_Stan_WCP","NicoStan_BridgeStan",10000,4,8,2,4,80,"b352a26c8e9b174599c6b645056fb577","NicoStan_BridgeStan_state_allocation_thread_setup_sampling_model_load_divergence_check","iteration_difference","main_scaling","two_run_difference",2500,4,6.54708860759496,6.55949367088543,0.033056479936531,0.215750000000185,6.68100000000021,0.133911392405248,0.081838607594937,0.20750000000109,6.68500000000046,0.125506329115022,0.0819936708860679,0,FALSE,FALSE,0.305479293144115,24.4383434515292,0,"962;964;966;968",242
"Laptop","AD_Stan_WCP","NicoStan_BridgeStan",10000,4,8,4,2,80,"b352a26c8e9b174599c6b645056fb577","NicoStan_BridgeStan_state_allocation_thread_setup_sampling_model_load_divergence_check","iteration_difference","main_scaling","two_run_difference",2500,4,12.1683544303796,12.1817721518977,0.0829159337823633,0.294499999999942,12.3107499999998,0.142395569620197,0.152104430379745,0.293999999999869,12.3154999999995,0.141101265822657,0.152272151898722,0,FALSE,FALSE,0.328721522937692,26.2977218350154,0,"969;971;973;975",243
"Laptop","AD_Stan_WCP","NicoStan_BridgeStan",10000,4,16,4,4,80,"b352a26c8e9b174599c6b645056fb577","NicoStan_BridgeStan_state_allocation_thread_setup_sampling_model_load_divergence_check","iteration_difference","main_scaling","two_run_difference",2500,4,13.1521518987344,13.1488607594942,0.0234938891309852,0.307499999999706,13.2952499999999,0.143098101265526,0.16440189873418,0.30550000000116,13.2939999999999,0.14105696202534,0.164360759493677,0,FALSE,FALSE,0.304132740466973,24.3306192373578,0,"970;972;974;976",244
"Laptop","AD_Stan_WCP","NicoStan_BridgeStan",10000,4,16,8,2,80,"b352a26c8e9b174599c6b645056fb577","NicoStan_BridgeStan_state_allocation_thread_setup_sampling_model_load_divergence_check","iteration_difference","main_scaling","two_run_difference",2500,4,26.2101265822786,26.1969620253166,0.0639419701666128,0.485999999999919,26.3685000000001,0.158373417721436,0.327626582278483,0.481499999999869,26.3525,0.153613924050499,0.327462025316458,0,FALSE,FALSE,0.305225538491257,24.4180430793006,0,"977;978;979;980",245
"Laptop","AD_Stan_WCP","NicoStan_BridgeStan",10000,10,4,2,2,80,"b352a26c8e9b174599c6b645056fb577","NicoStan_BridgeStan_state_allocation_thread_setup_sampling_model_load_divergence_check","iteration_difference","main_scaling","two_run_difference",1000,4,6.73518987341791,6.76151898734159,0.057481178516908,0.222250000000287,6.87325000000047,0.138060126582563,0.0841898734177238,0.217000000000553,6.89750000000095,0.132436708861307,0.0845189873417699,0,FALSE,FALSE,0.296947827394369,23.7558261915495,0,"981;984;987;990",246
"Laptop","AD_Stan_WCP","NicoStan_BridgeStan",10000,10,8,2,4,80,"b352a26c8e9b174599c6b645056fb577","NicoStan_BridgeStan_state_allocation_thread_setup_sampling_model_load_divergence_check","iteration_difference","main_scaling","two_run_difference",1000,4,5.50708860759581,5.50835443037976,0.0770347202757302,0.259249999999298,5.69750000000016,0.19041139240435,0.0688386075949476,0.205499999998949,5.69899999999978,0.136272151897673,0.068854430379747,0,FALSE,FALSE,0.363168298625419,29.0534638900335,0,"982;985;988;991",247
"Laptop","AD_Stan_WCP","NicoStan_BridgeStan",10000,10,16,2,8,80,"b352a26c8e9b174599c6b645056fb577","NicoStan_BridgeStan_state_allocation_thread_setup_sampling_model_load_divergence_check","iteration_difference","main_scaling","two_run_difference",1000,4,6.10455696202614,6.10936708860804,0.0352387118229223,0.200000000000259,6.22825000000107,0.123693037974932,0.0763069620253267,0.199000000000524,6.23650000000092,0.122411392405508,0.0763670886076005,0,FALSE,FALSE,0.327624103180813,26.209928254465,0,"983;986;989;992",248
"Laptop","AD_Stan_WCP","NicoStan_BridgeStan",10000,10,8,4,2,80,"b352a26c8e9b174599c6b645056fb577","NicoStan_BridgeStan_state_allocation_thread_setup_sampling_model_load_divergence_check","iteration_difference","main_scaling","two_run_difference",1000,4,10.9929113924057,10.9984810126583,0.179552994666922,0.277249999998773,11.1327499999994,0.139838607593701,0.137411392405072,0.272999999998603,11.142499999999,0.135822784810147,0.137481012658228,0,FALSE,FALSE,0.363870848878427,29.1096679102741,0,"993;995;997;999",249
"Laptop","AD_Stan_WCP","NicoStan_BridgeStan",10000,10,16,4,4,80,"b352a26c8e9b174599c6b645056fb577","NicoStan_BridgeStan_state_allocation_thread_setup_sampling_model_load_divergence_check","iteration_difference","main_scaling","two_run_difference",1000,4,11.7217721518983,11.7154430379742,0.136232644546263,0.282750000000775,11.8580000000003,0.136227848102046,0.146522151898728,0.284500000001572,11.8550000000006,0.136955696204115,0.146443037974677,0,FALSE,FALSE,0.341245329474539,27.2996263579631,0,"994;996;998;1000",250
"Laptop","AD_Stan_WCP","NicoStan_BridgeStan",10000,10,16,8,2,80,"b352a26c8e9b174599c6b645056fb577","NicoStan_BridgeStan_state_allocation_thread_setup_sampling_model_load_divergence_check","iteration_difference","main_scaling","two_run_difference",1000,4,23.4832911392399,23.4379746835437,0.150600074426295,0.447250000000508,23.6369999999999,0.153708860760009,0.293541139240499,0.444999999999766,23.5959999999992,0.152474683544077,0.292974683544297,0,FALSE,FALSE,0.340667751916265,27.2534201533012,0,"1001;1002;1003;1004",251
"Laptop","AD_Stan_WCP","NicoStan_BridgeStan",10000,25,4,2,2,80,"b352a26c8e9b174599c6b645056fb577","NicoStan_BridgeStan_state_allocation_thread_setup_sampling_model_load_divergence_check","iteration_difference","main_scaling","two_run_difference",400,4,6.52708860759416,6.55645569620095,0.0777244051741139,0.221749999999773,6.667249999999,0.140161392404846,0.0815886075949269,0.220999999999265,6.70149999999893,0.138968354429649,0.0819556962025119,0,FALSE,FALSE,0.306415328523813,24.513226281905,0,"1005;1008;1011;1014",252
"Laptop","AD_Stan_WCP","NicoStan_BridgeStan",10000,25,8,2,4,80,"b352a26c8e9b174599c6b645056fb577","NicoStan_BridgeStan_state_allocation_thread_setup_sampling_model_load_divergence_check","iteration_difference","main_scaling","two_run_difference",400,4,5.20708860759371,5.22126582278404,0.0794146184359192,0.207500000000536,5.34949999999932,0.142411392405615,0.0650886075949214,0.204500000000024,5.3579999999987,0.140177215189898,0.0652658227848005,0,FALSE,FALSE,0.384091793076714,30.7273434461372,0,"1006;1009;1012;1015",253
"Laptop","AD_Stan_WCP","NicoStan_BridgeStan",10000,25,16,2,8,80,"b352a26c8e9b174599c6b645056fb577","NicoStan_BridgeStan_state_allocation_thread_setup_sampling_model_load_divergence_check","iteration_difference","main_scaling","two_run_difference",400,4,5.91822784810131,5.91999999999989,0.0152991847391368,0.202000000000709,6.04625000000075,0.128022151899442,0.0739778481012664,0.200500000000147,6.05200000000116,0.126575949367065,0.0739999999999986,0,FALSE,FALSE,0.337938999871666,27.0351199897333,0,"1007;1010;1013;1016",254
"Laptop","AD_Stan_WCP","NicoStan_BridgeStan",10000,25,8,4,2,80,"b352a26c8e9b174599c6b645056fb577","NicoStan_BridgeStan_state_allocation_thread_setup_sampling_model_load_divergence_check","iteration_difference","main_scaling","two_run_difference",400,4,9.6478481012648,9.65316455696243,0.132361248409874,0.26300000000046,9.79024999999945,0.14240189873465,0.12059810126581,0.263000000001,9.79550000000032,0.14246835443141,0.12066455696203,0,FALSE,FALSE,0.414600225668521,33.1680180534817,0,"1017;1019;1021;1023",255
"Laptop","AD_Stan_WCP","NicoStan_BridgeStan",10000,25,16,4,4,80,"b352a26c8e9b174599c6b645056fb577","NicoStan_BridgeStan_state_allocation_thread_setup_sampling_model_load_divergence_check","iteration_difference","main_scaling","two_run_difference",400,4,11.438734177214,11.425316455695,0.11156833058228,0.273500000000169,11.569249999999,0.130515822784994,0.142984177215175,0.270000000000209,11.5609999999989,0.126031645569609,0.142816455696187,0,FALSE,FALSE,0.349689042338969,27.9751233871175,0,"1018;1020;1022;1024",256
"Laptop","AD_Stan_WCP","NicoStan_BridgeStan",10000,25,16,8,2,80,"b352a26c8e9b174599c6b645056fb577","NicoStan_BridgeStan_state_allocation_thread_setup_sampling_model_load_divergence_check","iteration_difference","main_scaling","two_run_difference",400,4,22.8544303797471,22.8000000000016,0.127743199640314,0.436499999999953,23.0052500000002,0.150819620253114,0.285680379746839,0.436999999999898,22.9530000000005,0.150462025316347,0.28500000000002,0,FALSE,FALSE,0.35004153973968,28.0033231791744,0,"1025;1026;1027;1028",257
"Laptop","AD_Stan_WCP","NicoStan_BridgeStan",10000,50,4,2,2,80,"b352a26c8e9b174599c6b645056fb577","NicoStan_BridgeStan_state_allocation_thread_setup_sampling_model_load_divergence_check","iteration_difference","main_scaling","two_run_difference",200,4,6.15518987341884,6.08708860759721,0.188387774372087,0.212249999999329,6.29050000000043,0.135310126581594,0.0769398734177355,0.207499999998618,6.21850000000086,0.131411392403652,0.0760886075949651,0,FALSE,FALSE,0.324929050302248,25.9943240241799,0,"1029;1032;1035;1038",258
"Laptop","AD_Stan_WCP","NicoStan_BridgeStan",10000,50,8,2,4,80,"b352a26c8e9b174599c6b645056fb577","NicoStan_BridgeStan_state_allocation_thread_setup_sampling_model_load_divergence_check","iteration_difference","main_scaling","two_run_difference",200,4,3.93822784810179,3.95594936708854,0.116934623345304,0.248249999999615,4.13725000000014,0.199022151898343,0.0492278481012724,0.194499999998868,4.15250000000066,0.144234177214048,0.0494493670886068,0,FALSE,FALSE,0.507842633067559,40.6274106454047,0,"1030;1033;1036;1039",259
"Laptop","AD_Stan_WCP","NicoStan_BridgeStan",10000,50,16,2,8,80,"b352a26c8e9b174599c6b645056fb577","NicoStan_BridgeStan_state_allocation_thread_setup_sampling_model_load_divergence_check","iteration_difference","main_scaling","two_run_difference",200,4,5.34734177215183,5.35443037974628,0.0446067998994316,0.207750000000118,5.48825000000005,0.14090822784822,0.0668417721518979,0.206500000000233,5.48849999999868,0.139373417721753,0.0669303797468285,0,FALSE,FALSE,0.374017611968568,29.9214089574855,0,"1031;1034;1037;1040",260
"Laptop","AD_Stan_WCP","NicoStan_BridgeStan",10000,50,8,4,2,80,"b352a26c8e9b174599c6b645056fb577","NicoStan_BridgeStan_state_allocation_thread_setup_sampling_model_load_divergence_check","iteration_difference","main_scaling","two_run_difference",200,4,7.65316455696079,7.65113924050632,0.0772214149807759,0.242000000000445,7.79949999999923,0.146335443038435,0.0956645569620099,0.241500000000372,7.79399999999998,0.145139240506713,0.095639240506329,0,FALSE,FALSE,0.522659609659363,41.812768772749,0,"1041;1043;1045;1047",261
"Laptop","AD_Stan_WCP","NicoStan_BridgeStan",10000,50,16,4,4,80,"b352a26c8e9b174599c6b645056fb577","NicoStan_BridgeStan_state_allocation_thread_setup_sampling_model_load_divergence_check","iteration_difference","main_scaling","two_run_difference",200,4,9.40911392405001,9.38481012658226,0.127917347665846,0.273750000000319,9.56524999999971,0.156136075949694,0.117613924050625,0.273499999999899,9.54399999999998,0.15630379746825,0.117310126582278,0,FALSE,FALSE,0.425119733089411,34.0095786471529,0,"1042;1044;1046;1048",262
"Laptop","AD_Stan_WCP","NicoStan_BridgeStan",10000,50,16,8,2,80,"b352a26c8e9b174599c6b645056fb577","NicoStan_BridgeStan_state_allocation_thread_setup_sampling_model_load_divergence_check","iteration_difference","main_scaling","two_run_difference",200,4,18.5815189873407,18.5853164556949,0.112124559725234,0.408750000000254,18.7579999999992,0.176481012658495,0.232268987341759,0.404000000000451,18.7479999999994,0.171189873418198,0.232316455696187,0,FALSE,FALSE,0.430535307982639,34.4428246386112,0,"1049;1050;1051;1052",263
"Laptop","AD_Stan_WCP","NicoStan_BridgeStan",10000,100,4,2,2,80,"b352a26c8e9b174599c6b645056fb577","NicoStan_BridgeStan_state_allocation_thread_setup_sampling_model_load_divergence_check","iteration_difference","main_scaling","two_run_difference",100,4,6.28126582278502,6.22278481012702,0.170065038094384,0.207749999999834,6.41050000000004,0.129234177215021,0.0785158227848128,0.207499999999357,6.35750000000007,0.128031645568973,0.0777848101265878,0,FALSE,FALSE,0.318407158115341,25.4725726492273,0,"1053;1056;1059;1062",264
"Laptop","AD_Stan_WCP","NicoStan_BridgeStan",10000,100,8,2,4,80,"b352a26c8e9b174599c6b645056fb577","NicoStan_BridgeStan_state_allocation_thread_setup_sampling_model_load_divergence_check","iteration_difference","main_scaling","two_run_difference",100,4,3.44886075949299,3.44708860759355,0.0344440280716084,0.194500000000488,3.60024999999982,0.151389240506826,0.0431107594936624,0.194499999999266,3.59649999999965,0.151721518986611,0.0430886075949194,0,FALSE,FALSE,0.579901636937646,46.3921309550117,0,"1054;1057;1060;1063",265
"Laptop","AD_Stan_WCP","NicoStan_BridgeStan",10000,100,16,2,8,80,"b352a26c8e9b174599c6b645056fb577","NicoStan_BridgeStan_state_allocation_thread_setup_sampling_model_load_divergence_check","iteration_difference","main_scaling","two_run_difference",100,4,3.80050632911356,3.8410126582282,0.094273350506142,0.174000000000746,3.92700000000039,0.126493670886826,0.0475063291139196,0.174500000001444,3.96950000000038,0.126462025317913,0.0480126582278525,0,FALSE,FALSE,0.526245670130612,42.099653610449,0,"1055;1058;1061;1064",266
"Laptop","AD_Stan_WCP","NicoStan_BridgeStan",10000,100,8,4,2,80,"b352a26c8e9b174599c6b645056fb577","NicoStan_BridgeStan_state_allocation_thread_setup_sampling_model_load_divergence_check","iteration_difference","main_scaling","two_run_difference",100,4,6.65848101265766,6.63999999999887,0.176946631952346,0.230500000000063,6.80574999999951,0.147268987341842,0.0832310126582208,0.230499999999381,6.78999999999905,0.145803797467729,0.0829999999999858,0,FALSE,FALSE,0.600737614539422,48.0590091631538,0,"1065;1067;1069;1071",267
"Laptop","AD_Stan_WCP","NicoStan_BridgeStan",10000,100,16,4,4,80,"b352a26c8e9b174599c6b645056fb577","NicoStan_BridgeStan_state_allocation_thread_setup_sampling_model_load_divergence_check","iteration_difference","main_scaling","two_run_difference",100,4,6.74658227848072,6.75493670886105,0.162785925673549,0.230500000000063,6.89274999999978,0.146167721519054,0.0843322784810091,0.226999999999805,6.90450000000061,0.14277215189855,0.0844367088607631,0,FALSE,FALSE,0.592892791474377,47.4314233179502,0,"1066;1068;1070;1072",268
"Laptop","AD_Stan_WCP","NicoStan_BridgeStan",10000,100,16,8,2,80,"b352a26c8e9b174599c6b645056fb577","NicoStan_BridgeStan_state_allocation_thread_setup_sampling_model_load_divergence_check","iteration_difference","main_scaling","two_run_difference",100,4,13.430886075949,13.44253164557,0.138915154986756,0.339249999999936,13.6022499999996,0.171363924050573,0.167886075949363,0.336999999999819,13.6115000000002,0.168968354430193,0.168031645569625,0,FALSE,FALSE,0.595642011611265,47.6513609289012,0,"1073;1074;1075;1076",269
"Laptop","AD_Stan_WCP","NicoStan_BridgeStan",50000,10,4,2,2,20,"50597d787bf5578f0fdbdd94f2702741","NicoStan_BridgeStan_state_allocation_thread_setup_sampling_model_load_divergence_check","iteration_difference","main_scaling","two_run_difference",5000,4,9.00789473684289,9.03000000000134,0.141884168485365,1.10325000000003,9.66075000000077,0.652855263157887,0.450394736842144,1.09299999999973,9.671500000001,0.641499999999667,0.451500000000067,0,FALSE,FALSE,0.222027461291246,4.44054922582491,0,"1077;1080;1083;1086",270
"Laptop","AD_Stan_WCP","NicoStan_BridgeStan",50000,10,8,2,4,20,"50597d787bf5578f0fdbdd94f2702741","NicoStan_BridgeStan_state_allocation_thread_setup_sampling_model_load_divergence_check","iteration_difference","main_scaling","two_run_difference",5000,4,7.90342105263185,7.91631578947425,0.0587237299080228,1.02200000000022,8.53025000000048,0.626828947368626,0.395171052631593,1.01500000000021,8.53150000000096,0.618000000000181,0.395815789473713,0,FALSE,FALSE,0.253054972863175,5.0610994572635,0,"1078;1081;1084;1087",271
"Laptop","AD_Stan_WCP","NicoStan_BridgeStan",50000,10,16,2,8,20,"50597d787bf5578f0fdbdd94f2702741","NicoStan_BridgeStan_state_allocation_thread_setup_sampling_model_load_divergence_check","iteration_difference","main_scaling","two_run_difference",5000,4,8.64894736842102,8.64052631578841,0.0535119354835625,1.05800000000033,9.2745000000003,0.625552631579283,0.432447368421051,1.0570000000007,9.27599999999933,0.622342105263861,0.432026315789421,0,FALSE,FALSE,0.231242013022577,4.62484026045155,0,"1079;1082;1085;1088",272
"Laptop","AD_Stan_WCP","NicoStan_BridgeStan",50000,10,8,4,2,20,"50597d787bf5578f0fdbdd94f2702741","NicoStan_BridgeStan_state_allocation_thread_setup_sampling_model_load_divergence_check","iteration_difference","main_scaling","two_run_difference",5000,4,15.8018421052643,15.7121052631595,0.459074805258291,1.53299999999948,16.5447500000006,0.74290789473626,0.790092105263215,1.49849999999924,16.4250000000008,0.712894736841265,0.785605263157974,0,FALSE,FALSE,0.253135044215346,5.06270088430693,0,"1089;1091;1093;1095",273
"Laptop","AD_Stan_WCP","NicoStan_BridgeStan",50000,10,16,4,4,20,"50597d787bf5578f0fdbdd94f2702741","NicoStan_BridgeStan_state_allocation_thread_setup_sampling_model_load_divergence_check","iteration_difference","main_scaling","two_run_difference",5000,4,17.0210526315806,17.014736842107,0.0685531787695272,1.51974999999914,17.6897500000007,0.668697368420106,0.851052631579029,1.52099999999899,17.682500000001,0.669631578946286,0.850736842105352,0,FALSE,FALSE,0.235003092145927,4.70006184291853,0,"1090;1092;1094;1096",274
"Laptop","AD_Stan_WCP","NicoStan_BridgeStan",50000,10,16,8,2,20,"50597d787bf5578f0fdbdd94f2702741","NicoStan_BridgeStan_state_allocation_thread_setup_sampling_model_load_divergence_check","iteration_difference","main_scaling","two_run_difference",5000,4,34.1921052631579,34.1547368421048,0.20951775962331,2.54325000000046,35.0257500000004,0.833644736842563,1.70960526315789,2.52400000000046,35.0120000000001,0.807263157895202,1.70773684210524,0,FALSE,FALSE,0.233972138843993,4.67944277687986,0,"1097;1098;1099;1100",275
"Laptop","AD_Stan_WCP","NicoStan_BridgeStan",50000,25,4,2,2,20,"50597d787bf5578f0fdbdd94f2702741","NicoStan_BridgeStan_state_allocation_thread_setup_sampling_model_load_divergence_check","iteration_difference","main_scaling","two_run_difference",2000,4,8.71447368421017,8.73263157894742,0.237369977044567,1.07850000000016,9.35724999999982,0.642776315789653,0.435723684210508,1.05550000000011,9.35650000000015,0.620947368421472,0.436631578947371,0,FALSE,FALSE,0.229503246263032,4.59006492526064,0,"1101;1104;1107;1110",276
"Laptop","AD_Stan_WCP","NicoStan_BridgeStan",50000,25,8,2,4,20,"50597d787bf5578f0fdbdd94f2702741","NicoStan_BridgeStan_state_allocation_thread_setup_sampling_model_load_divergence_check","iteration_difference","main_scaling","two_run_difference",2000,4,7.38315789473733,7.37263157894823,0.0483523540115655,1.01675,8.03075000000047,0.647592105263135,0.369157894736867,1.0299999999994,8.01650000000097,0.65960526315722,0.368631578947411,0,FALSE,FALSE,0.270886797832888,5.41773595665775,0,"1102;1105;1108;1111",277
"Laptop","AD_Stan_WCP","NicoStan_BridgeStan",50000,25,16,2,8,20,"50597d787bf5578f0fdbdd94f2702741","NicoStan_BridgeStan_state_allocation_thread_setup_sampling_model_load_divergence_check","iteration_difference","main_scaling","two_run_difference",2000,4,8.02552631578806,8.02052631578865,0.0340373484521119,1.0260000000012,8.65024999999986,0.624723684211801,0.401276315789403,1.03100000000131,8.64199999999983,0.62947368421194,0.401026315789433,0,FALSE,FALSE,0.249204839820354,4.98409679640708,0,"1103;1106;1109;1112",278
"Laptop","AD_Stan_WCP","NicoStan_BridgeStan",50000,25,8,4,2,20,"50597d787bf5578f0fdbdd94f2702741","NicoStan_BridgeStan_state_allocation_thread_setup_sampling_model_load_divergence_check","iteration_difference","main_scaling","two_run_difference",2000,4,14.717105263158,14.6868421052631,0.123749889243336,1.39199999999965,15.3732499999998,0.656144736841755,0.7358552631579,1.3870000000004,15.338,0.651157894736822,0.734342105263157,0,FALSE,FALSE,0.271792579347338,5.43585158694676,0,"1113;1115;1117;1119",279
"Laptop","AD_Stan_WCP","NicoStan_BridgeStan",50000,25,16,4,4,20,"50597d787bf5578f0fdbdd94f2702741","NicoStan_BridgeStan_state_allocation_thread_setup_sampling_model_load_divergence_check","iteration_difference","main_scaling","two_run_difference",2000,4,15.8615789473683,15.8942105263157,0.095978221598363,1.44625000000059,16.5147500000004,0.653171052632175,0.793078947368414,1.44849999999985,16.5495000000002,0.655289473684488,0.794710526315785,0,FALSE,FALSE,0.252181703553773,5.04363407107547,0,"1114;1116;1118;1120",280
"Laptop","AD_Stan_WCP","NicoStan_BridgeStan",50000,25,16,8,2,20,"50597d787bf5578f0fdbdd94f2702741","NicoStan_BridgeStan_state_allocation_thread_setup_sampling_model_load_divergence_check","iteration_difference","main_scaling","two_run_difference",2000,4,31.6889473684226,31.7000000000001,0.179967166391234,2.34774999999956,32.452250000001,0.763302631578435,1.58444736842113,2.34550000000047,32.475,0.767026315789885,1.58500000000001,0,FALSE,FALSE,0.252453952066955,5.04907904133909,0,"1121;1122;1123;1124",281
"Laptop","AD_Stan_WCP","NicoStan_BridgeStan",50000,50,4,2,2,20,"50597d787bf5578f0fdbdd94f2702741","NicoStan_BridgeStan_state_allocation_thread_setup_sampling_model_load_divergence_check","iteration_difference","main_scaling","two_run_difference",1000,4,8.53184210526287,8.4900000000004,0.201355287950111,1.11150000000009,9.21674999999982,0.684907894736948,0.426592105263144,1.10549999999978,9.14750000000083,0.684184210526149,0.42450000000002,0,FALSE,FALSE,0.23441596496099,4.6883192992198,0,"1125;1128;1131;1134",282
"Laptop","AD_Stan_WCP","NicoStan_BridgeStan",50000,50,8,2,4,20,"50597d787bf5578f0fdbdd94f2702741","NicoStan_BridgeStan_state_allocation_thread_setup_sampling_model_load_divergence_check","iteration_difference","main_scaling","two_run_difference",1000,4,7.06842105263215,7.08315789473725,0.0514032093883447,0.974500000000091,7.68950000000063,0.621078947368484,0.353421052631608,0.966500000000224,7.69550000000061,0.612342105263361,0.354157894736862,0,FALSE,FALSE,0.282948622486947,5.65897244973893,0,"1126;1129;1132;1135",283
"Laptop","AD_Stan_WCP","NicoStan_BridgeStan",50000,50,16,2,8,20,"50597d787bf5578f0fdbdd94f2702741","NicoStan_BridgeStan_state_allocation_thread_setup_sampling_model_load_divergence_check","iteration_difference","main_scaling","two_run_difference",1000,4,7.5828947368423,7.57421052631595,0.0206518876057329,1.01075000000031,8.2145000000005,0.631605263158199,0.379144736842115,1.01450000000011,8.21050000000014,0.634815789473781,0.378710526315797,0,FALSE,FALSE,0.263751518306431,5.27503036612862,0,"1127;1130;1133;1136",284
"Laptop","AD_Stan_WCP","NicoStan_BridgeStan",50000,50,8,4,2,20,"50597d787bf5578f0fdbdd94f2702741","NicoStan_BridgeStan_state_allocation_thread_setup_sampling_model_load_divergence_check","iteration_difference","main_scaling","two_run_difference",1000,4,14.2097368421059,14.1905263157898,0.058402083217718,1.35025000000081,14.8495000000014,0.639763157895519,0.710486842105294,1.35050000000081,14.8315000000011,0.640973684211315,0.709526315789491,0,FALSE,FALSE,0.28149712021037,5.6299424042074,0,"1137;1139;1141;1143",285
"Laptop","AD_Stan_WCP","NicoStan_BridgeStan",50000,50,16,4,4,20,"50597d787bf5578f0fdbdd94f2702741","NicoStan_BridgeStan_state_allocation_thread_setup_sampling_model_load_divergence_check","iteration_difference","main_scaling","two_run_difference",1000,4,14.9873684210529,14.9863157894748,0.126467744856969,1.39074999999957,15.6287499999999,0.641381578946924,0.749368421052647,1.39149999999995,15.6285000000011,0.641921052630748,0.749315789473742,0,FALSE,FALSE,0.26689141733389,5.3378283466778,0,"1138;1140;1142;1144",286
"Laptop","AD_Stan_WCP","NicoStan_BridgeStan",50000,50,16,8,2,20,"50597d787bf5578f0fdbdd94f2702741","NicoStan_BridgeStan_state_allocation_thread_setup_sampling_model_load_divergence_check","iteration_difference","main_scaling","two_run_difference",1000,4,29.9128947368421,29.9157894736843,0.279910782515253,2.29949999999963,30.7167499999996,0.803855263157519,1.49564473684211,2.2939999999993,30.6929999999993,0.794263157894061,1.49578947368421,0,FALSE,FALSE,0.267443190315741,5.34886380631482,0,"1145;1146;1147;1148",287
"Laptop","AD_Stan_WCP","NicoStan_BridgeStan",50000,100,4,2,2,20,"50597d787bf5578f0fdbdd94f2702741","NicoStan_BridgeStan_state_allocation_thread_setup_sampling_model_load_divergence_check","iteration_difference","main_scaling","two_run_difference",500,4,8.33736842105204,8.29999999999843,0.204924597082638,1.06550000000027,8.98599999999971,0.648631578947668,0.416868421052602,1.03800000000047,8.9135,0.62894736842157,0.414999999999922,0,FALSE,FALSE,0.239883845716828,4.79767691433656,0,"1149;1152;1155;1158",288
"Laptop","AD_Stan_WCP","NicoStan_BridgeStan",50000,100,8,2,4,20,"50597d787bf5578f0fdbdd94f2702741","NicoStan_BridgeStan_state_allocation_thread_setup_sampling_model_load_divergence_check","iteration_difference","main_scaling","two_run_difference",500,4,6.33315789473667,6.39368421052663,0.141386094439373,0.974750000000085,6.99124999999992,0.658092105263252,0.316657894736834,0.969500000000153,7.02500000000032,0.6490789473686,0.319684210526331,0,FALSE,FALSE,0.315798221557392,6.31596443114785,0,"1150;1153;1156;1159",289
"Laptop","AD_Stan_WCP","NicoStan_BridgeStan",50000,100,16,2,8,20,"50597d787bf5578f0fdbdd94f2702741","NicoStan_BridgeStan_state_allocation_thread_setup_sampling_model_load_divergence_check","iteration_difference","main_scaling","two_run_difference",500,4,7.35921052631601,7.36105263157936,0.0665597018160634,0.985999999999876,7.97725000000008,0.618039473684076,0.3679605263158,0.980999999999767,7.97400000000016,0.612947368420799,0.368052631578968,0,FALSE,FALSE,0.271768281780789,5.43536563561579,0,"1151;1154;1157;1160",290
"Laptop","AD_Stan_WCP","NicoStan_BridgeStan",50000,100,8,4,2,20,"50597d787bf5578f0fdbdd94f2702741","NicoStan_BridgeStan_state_allocation_thread_setup_sampling_model_load_divergence_check","iteration_difference","main_scaling","two_run_difference",500,4,12.2773684210533,12.2826315789487,0.131604208102161,1.31099999999975,12.9745000000004,0.697131578947084,0.613868421052667,1.3035000000001,12.9990000000012,0.694578947368529,0.614131578947434,0,FALSE,FALSE,0.325802717880549,6.51605435761097,0,"1161;1163;1165;1167",291
"Laptop","AD_Stan_WCP","NicoStan_BridgeStan",50000,100,16,4,4,20,"50597d787bf5578f0fdbdd94f2702741","NicoStan_BridgeStan_state_allocation_thread_setup_sampling_model_load_divergence_check","iteration_difference","main_scaling","two_run_difference",500,4,14.6097368421055,14.6210526315789,0.0903358870212338,1.37100000000015,15.2502500000004,0.640513157894876,0.730486842105276,1.37450000000001,15.2565000000005,0.643447368421065,0.731052631578947,0,FALSE,FALSE,0.273790010267121,5.47580020534241,0,"1162;1164;1166;1168",292
"Laptop","AD_Stan_WCP","NicoStan_BridgeStan",50000,100,16,8,2,20,"50597d787bf5578f0fdbdd94f2702741","NicoStan_BridgeStan_state_allocation_thread_setup_sampling_model_load_divergence_check","iteration_difference","main_scaling","two_run_difference",500,4,29.181315789474,29.2152631578947,0.170093396756005,2.2019999999996,29.9242499999999,0.742934210525902,1.4590657894737,2.19449999999915,29.9690000000003,0.737552631579032,1.46076315789474,0,FALSE,FALSE,0.274148021895767,5.48296043791534,0,"1169;1170;1171;1172",293
"Laptop","AD_Stan_WCP","NicoStan_BridgeStan",50000,250,4,2,2,20,"50597d787bf5578f0fdbdd94f2702741","NicoStan_BridgeStan_state_allocation_thread_setup_sampling_model_load_divergence_check","iteration_difference","main_scaling","two_run_difference",200,4,7.98578947368499,7.93789473684276,0.233620190376258,1.02125000000041,8.60775000000115,0.621960526316158,0.399289473684249,1.01950000000045,8.56050000000107,0.621342105263143,0.396894736842138,0,FALSE,FALSE,0.250444869175485,5.00889738350969,0,"1173;1176;1179;1182",294
"Laptop","AD_Stan_WCP","NicoStan_BridgeStan",50000,250,8,2,4,20,"50597d787bf5578f0fdbdd94f2702741","NicoStan_BridgeStan_state_allocation_thread_setup_sampling_model_load_divergence_check","iteration_difference","main_scaling","two_run_difference",200,4,5.16552631578861,5.17684210526197,0.100977219667973,0.915250000000583,5.82249999999976,0.656973684211152,0.258276315789431,0.919500000000198,5.83749999999907,0.6606578947371,0.258842105263098,0,FALSE,FALSE,0.387182230373492,7.74364460746983,0,"1174;1177;1180;1183",295
"Laptop","AD_Stan_WCP","NicoStan_BridgeStan",50000,250,16,2,8,20,"50597d787bf5578f0fdbdd94f2702741","NicoStan_BridgeStan_state_allocation_thread_setup_sampling_model_load_divergence_check","iteration_difference","main_scaling","two_run_difference",200,4,6.91210526315774,6.92473684210487,0.0561129319004767,0.957999999999572,7.52449999999942,0.612394736841685,0.345605263157887,0.957999999999515,7.53899999999885,0.613315789473225,0.346236842105243,0,FALSE,FALSE,0.28934744536664,5.78694890733281,0,"1175;1178;1181;1184",296
"Laptop","AD_Stan_WCP","NicoStan_BridgeStan",50000,250,8,4,2,20,"50597d787bf5578f0fdbdd94f2702741","NicoStan_BridgeStan_state_allocation_thread_setup_sampling_model_load_divergence_check","iteration_difference","main_scaling","two_run_difference",200,4,9.99842105263048,10.0105263157883,0.109205136202726,1.17325000000011,10.6717499999991,0.673328947368586,0.499921052631524,1.17100000000073,10.6734999999995,0.670342105263953,0.500526315789413,0,FALSE,FALSE,0.400063167868655,8.0012633573731,0,"1185;1187;1189;1191",297
"Laptop","AD_Stan_WCP","NicoStan_BridgeStan",50000,250,16,4,4,20,"50597d787bf5578f0fdbdd94f2702741","NicoStan_BridgeStan_state_allocation_thread_setup_sampling_model_load_divergence_check","iteration_difference","main_scaling","two_run_difference",200,4,12.5513157894734,12.5384210526326,0.0683231418216567,1.32824999999963,13.2519999999993,0.700684210525959,0.627565789473668,1.32649999999921,13.2514999999999,0.700710526315034,0.626921052631629,0,FALSE,FALSE,0.318691686759626,6.37383373519253,0,"1186;1188;1190;1192",298
"Laptop","AD_Stan_WCP","NicoStan_BridgeStan",50000,250,16,8,2,20,"50597d787bf5578f0fdbdd94f2702741","NicoStan_BridgeStan_state_allocation_thread_setup_sampling_model_load_divergence_check","iteration_difference","main_scaling","two_run_difference",200,4,25.2586842105254,25.2536842105263,0.0447945963640601,2.05950000000064,26.0552499999998,0.796565789474369,1.26293421052627,2.04350000000056,26.068,0.778947368421631,1.26268421052632,0,FALSE,FALSE,0.31672275298752,6.33445505975039,0,"1193;1194;1195;1196",299
"Laptop","AD_Stan_WCP","NicoStan_BridgeStan",50000,500,4,2,2,20,"50597d787bf5578f0fdbdd94f2702741","NicoStan_BridgeStan_state_allocation_thread_setup_sampling_model_load_divergence_check","iteration_difference","main_scaling","two_run_difference",100,4,7.79868421052601,7.76315789473612,0.172606705525122,1.01774999999998,8.42649999999969,0.627815789473677,0.389934210526301,1.01900000000091,8.39400000000023,0.630842105264109,0.388157894736806,0,FALSE,FALSE,0.256453517799909,5.12907035599817,0,"1197;1200;1203;1206",300
"Laptop","AD_Stan_WCP","NicoStan_BridgeStan",50000,500,8,2,4,20,"50597d787bf5578f0fdbdd94f2702741","NicoStan_BridgeStan_state_allocation_thread_setup_sampling_model_load_divergence_check","iteration_difference","main_scaling","two_run_difference",100,4,4.25815789473691,4.25842105263152,0.0855221321511813,0.849749999999631,4.8949999999997,0.636842105262785,0.212907894736846,0.850500000000352,4.8960000000003,0.637578947368776,0.212921052631576,0,FALSE,FALSE,0.4696866695507,9.393733391014,0,"1198;1201;1204;1207",301
"Laptop","AD_Stan_WCP","NicoStan_BridgeStan",50000,500,16,2,8,20,"50597d787bf5578f0fdbdd94f2702741","NicoStan_BridgeStan_state_allocation_thread_setup_sampling_model_load_divergence_check","iteration_difference","main_scaling","two_run_difference",100,4,4.882368421052,4.8884210526317,0.143810111281613,0.859500000000423,5.49774999999983,0.615381578947823,0.2441184210526,0.856500000000324,5.49200000000053,0.609605263158283,0.244421052631585,0,FALSE,FALSE,0.409637255430441,8.19274510860883,0,"1199;1202;1205;1208",302
"Laptop","AD_Stan_WCP","NicoStan_BridgeStan",50000,500,8,4,2,20,"50597d787bf5578f0fdbdd94f2702741","NicoStan_BridgeStan_state_allocation_thread_setup_sampling_model_load_divergence_check","iteration_difference","main_scaling","two_run_difference",100,4,8.51394736842059,8.49157894736747,0.241595764426788,1.11800000000022,9.20624999999978,0.692302631579193,0.42569736842103,1.11650000000043,9.15849999999955,0.700473684211003,0.424578947368374,0,FALSE,FALSE,0.469817327604884,9.39634655209769,0,"1209;1211;1213;1215",303
"Laptop","AD_Stan_WCP","NicoStan_BridgeStan",50000,500,16,4,4,20,"50597d787bf5578f0fdbdd94f2702741","NicoStan_BridgeStan_state_allocation_thread_setup_sampling_model_load_divergence_check","iteration_difference","main_scaling","two_run_difference",100,4,9.45447368421122,9.47421052631649,0.112460519388686,1.12099999999913,10.1027499999998,0.648276315788567,0.472723684210561,1.10799999999836,10.1014999999991,0.63073684210356,0.473710526315825,0,FALSE,FALSE,0.423080134717591,8.46160269435182,0,"1210;1212;1214;1216",304
"Laptop","AD_Stan_WCP","NicoStan_BridgeStan",50000,500,16,8,2,20,"50597d787bf5578f0fdbdd94f2702741","NicoStan_BridgeStan_state_allocation_thread_setup_sampling_model_load_divergence_check","iteration_difference","main_scaling","two_run_difference",100,4,18.7478947368425,18.7610526315789,0.0859878236589714,1.72199999999975,19.5325000000001,0.78460526315763,0.937394736842123,1.71349999999848,19.564,0.772499999998361,0.938052631578946,0,FALSE,FALSE,0.426714578478979,8.53429156957958,0,"1217;1218;1219;1220",305
"Laptop","AD_Stan_WCP","NicoStan_BridgeStan",500,8,16,2,8,800,"257aba3ac8b8727679d269bf8597bb85","NicoStan_BridgeStan_state_allocation_thread_setup_sampling_model_load_divergence_check","iteration_difference","main_scaling","two_run_difference",63,4,2.28160200250444,2.28085106383129,0.0786577476758322,0.0114999999992165,2.29025000000053,0.00864799749608592,0.00285200250313055,0.0109999999992851,2.29050000000075,0.00817772215197402,0.00285106382978911,0,FALSE,FALSE,0.876577070761976,701.261656609581,0,"1221;1222;1223;1224",306
"Laptop","AD_Stan_WCP","NicoStan_BridgeStan",2500,2,4,2,2,200,"7184208393ceb4c8ae3e26f0d1660bdb","NicoStan_BridgeStan_state_allocation_thread_setup_sampling_model_load_divergence_check","iteration_difference","main_scaling","two_run_difference",1250,4,4.53542713567883,4.55125628140567,0.0542674792345088,0.0644999999996116,4.57725000000005,0.0418228643212175,0.0226771356783942,0.062999999998965,4.5944999999989,0.040402010049205,0.0227562814070284,0,FALSE,FALSE,0.440972799290855,88.194559858171,0,"1225;1226;1227;1228",307
"Laptop","AD_Stan_WCP","NicoStan_BridgeStan",2500,2,8,4,2,200,"7184208393ceb4c8ae3e26f0d1660bdb","NicoStan_BridgeStan_state_allocation_thread_setup_sampling_model_load_divergence_check","iteration_difference","main_scaling","two_run_difference",1250,4,7.40502512562808,7.41356783919606,0.0721334569289471,0.0862499999998931,7.45424999999983,0.0492248743717527,0.0370251256281404,0.0864999999997735,7.46400000000006,0.0493015075374624,0.0370678391959803,0,FALSE,FALSE,0.540173724212817,108.034744842563,0,"1229;1230;1231;1232",308
"Laptop","AD_Stan_WCP","NicoStan_BridgeStan",2500,2,16,8,2,200,"7184208393ceb4c8ae3e26f0d1660bdb","NicoStan_BridgeStan_state_allocation_thread_setup_sampling_model_load_divergence_check","iteration_difference","main_scaling","two_run_difference",1250,4,15.3407035175882,15.3241206030157,0.0715711503907464,0.127250000000345,15.3912500000006,0.0505464824124035,0.0767035175879412,0.128000000000611,15.3720000000011,0.0514824120609088,0.0766206030150785,0,FALSE,FALSE,0.521488469601667,104.297693920333,0,"1233;1234;1235;1236",309
"Laptop","AD_Stan_WCP","NicoStan_BridgeStan",2500,8,16,2,8,200,"7184208393ceb4c8ae3e26f0d1660bdb","NicoStan_BridgeStan_state_allocation_thread_setup_sampling_model_load_divergence_check","iteration_difference","main_scaling","two_run_difference",313,4,3.84623115577809,3.85829145728523,0.0508639366868327,0.0522499999997876,3.87924999999899,0.0330188442208972,0.0192311557788905,0.0524999999995543,3.89149999999836,0.033072864321399,0.0192914572864262,0,FALSE,FALSE,0.519989547948893,103.997909589779,0,"1237;1238;1239;1240",310
"Laptop","AD_Stan_WCP","NicoStan_BridgeStan",10000,2,4,2,2,80,"b352a26c8e9b174599c6b645056fb577","NicoStan_BridgeStan_state_allocation_thread_setup_sampling_model_load_divergence_check","iteration_difference","main_scaling","two_run_difference",5000,4,7.67620253164474,7.72202531645396,0.135174701655915,0.241250000000377,7.82149999999956,0.145297468354818,0.0959525316455593,0.236000000000786,7.86149999999907,0.139474683545111,0.0965253164556745,0,FALSE,FALSE,0.260545496520591,20.8436397216473,0,"1241;1242;1243;1244",311
"Laptop","AD_Stan_WCP","NicoStan_BridgeStan",10000,2,8,4,2,80,"b352a26c8e9b174599c6b645056fb577","NicoStan_BridgeStan_state_allocation_thread_setup_sampling_model_load_divergence_check","iteration_difference","main_scaling","two_run_difference",5000,4,13.6893670886073,13.7599999999997,0.202753254286095,0.314250000000015,13.8324999999998,0.143132911392424,0.171117088607592,0.302499999999782,13.8904999999995,0.132310126582418,0.171999999999997,0,FALSE,FALSE,0.292197584746552,23.3758067797242,0,"1245;1246;1247;1248",312
"Laptop","AD_Stan_WCP","NicoStan_BridgeStan",10000,2,16,8,2,80,"b352a26c8e9b174599c6b645056fb577","NicoStan_BridgeStan_state_allocation_thread_setup_sampling_model_load_divergence_check","iteration_difference","main_scaling","two_run_difference",5000,4,29.0478481012647,28.9888607594928,0.187259418549671,0.523750000000973,29.2084999999998,0.160651898735165,0.363098101265808,0.512000000001535,29.1619999999996,0.148164556963579,0.36236075949366,0,FALSE,FALSE,0.275407664351278,22.0326131481022,0,"1249;1250;1251;1252",313
"Laptop","AD_Stan_WCP","NicoStan_BridgeStan",10000,8,16,2,8,80,"b352a26c8e9b174599c6b645056fb577","NicoStan_BridgeStan_state_allocation_thread_setup_sampling_model_load_divergence_check","iteration_difference","main_scaling","two_run_difference",1250,4,6.38430379746901,6.38835443037961,0.0630483105425718,0.202749999998787,6.50724999999943,0.122946202530424,0.0798037974683626,0.202499999997599,6.51649999999904,0.122462025315775,0.0798544303797452,0,FALSE,FALSE,0.313268300420303,25.0614640336242,0,"1253;1254;1255;1256",314
"Laptop","AD_Stan_WCP","NicoStan_BridgeStan",50000,2,4,2,2,20,"50597d787bf5578f0fdbdd94f2702741","NicoStan_BridgeStan_state_allocation_thread_setup_sampling_model_load_divergence_check","iteration_difference","main_scaling","two_run_difference",25000,4,10.9510526315785,10.9642105263157,0.26170475988849,1.23300000000029,11.6364999999998,0.685447368421364,0.547552631578924,1.18300000000067,11.5990000000006,0.644526315790005,0.548210526315786,0,FALSE,FALSE,0.182630845388579,3.65261690777158,0,"1257;1260;1263;1266",315
"Laptop","AD_Stan_WCP","NicoStan_BridgeStan",50000,4,8,2,4,20,"50597d787bf5578f0fdbdd94f2702741","NicoStan_BridgeStan_state_allocation_thread_setup_sampling_model_load_divergence_check","iteration_difference","main_scaling","two_run_difference",12500,4,9.93605263157884,9.84000000000067,0.230823928693031,1.15249999999958,10.5917499999995,0.655697368420635,0.496802631578942,1.14599999999882,10.5084999999995,0.643605263156695,0.492000000000034,0,FALSE,FALSE,0.201287178536432,4.02574357072865,0,"1258;1261;1264;1267",316
"Laptop","AD_Stan_WCP","NicoStan_BridgeStan",50000,8,16,2,8,20,"50597d787bf5578f0fdbdd94f2702741","NicoStan_BridgeStan_state_allocation_thread_setup_sampling_model_load_divergence_check","iteration_difference","main_scaling","two_run_difference",6250,4,9.44368421052643,9.44368421052786,0.236447234181628,1.08950000000004,10.0610000000001,0.617315789473722,0.472184210526321,1.08050000000003,10.0690000000002,0.618500000000016,0.472184210526393,0,FALSE,FALSE,0.211781753329987,4.23563506659974,0,"1259;1262;1265;1268",317
"Laptop","AD_Stan_WCP","NicoStan_BridgeStan",50000,2,8,4,2,20,"50597d787bf5578f0fdbdd94f2702741","NicoStan_BridgeStan_state_allocation_thread_setup_sampling_model_load_divergence_check","iteration_difference","main_scaling","two_run_difference",25000,4,20.9284210526321,20.9047368421055,0.199702456417457,1.76924999999949,21.65125,0.722828947367882,1.04642105263161,1.74399999999878,21.6054999999999,0.698763157893501,1.04523684210528,0,FALSE,FALSE,0.191127653153601,3.82255306307203,0,"1269;1271;1273;1275",318
"Laptop","AD_Stan_WCP","NicoStan_BridgeStan",50000,4,16,4,4,20,"50597d787bf5578f0fdbdd94f2702741","NicoStan_BridgeStan_state_allocation_thread_setup_sampling_model_load_divergence_check","iteration_difference","main_scaling","two_run_difference",12500,4,20.3110526315795,20.3184210526318,0.0522971833203998,1.71474999999975,21.0102500000003,0.699197368420779,1.01555263157897,1.72049999999945,21.0385000000006,0.703763157894125,1.01592105263159,0,FALSE,FALSE,0.196937109688782,3.93874219377565,0,"1270;1272;1274;1276",319
"Laptop","AD_Stan_WCP","NicoStan_BridgeStan",50000,2,16,8,2,20,"50597d787bf5578f0fdbdd94f2702741","NicoStan_BridgeStan_state_allocation_thread_setup_sampling_model_load_divergence_check","iteration_difference","main_scaling","two_run_difference",25000,4,44.2165789473682,44.1568421052628,0.33180151260607,2.99225000000047,44.9980000000003,0.781421052632057,2.21082894736841,2.96300000000065,44.9030000000002,0.765052631579621,2.20784210526314,0,FALSE,FALSE,0.180927611100862,3.61855222201724,0,"1277;1278;1279;1280",320
"Laptop","Mplus_WCP","mplus",500,1,4,2,2,10000,"257aba3ac8b8727679d269bf8597bb85","Mplus_input_write_engine_run_output_validation_BITERATIONS","overhead_subtraction","main_scaling","two_run_difference",NA,3,7.34766666666666,7.371,0.126622799421484,0.441666666666671,7.78933333333333,0.441666666666671,0.000734766666666666,0.440000000000005,7.811,0.440000000000005,0.0007371,0,FALSE,FALSE,0.272195254729393,2721.95254729393,NA,"1281;1284;1287",321
"Laptop","Mplus_WCP","mplus",500,1,8,2,4,10000,"257aba3ac8b8727679d269bf8597bb85","Mplus_input_write_engine_run_output_validation_BITERATIONS","overhead_subtraction","main_scaling","two_run_difference",NA,3,7.13866666666666,7.145,0.016441816606852,0.435666666666666,7.57433333333333,0.435666666666666,0.000713866666666666,0.435000000000002,7.58199999999999,0.435000000000002,0.0007145,0,FALSE,FALSE,0.280164363093015,2801.64363093015,NA,"1282;1285;1288",322
"Laptop","Mplus_WCP","mplus",500,1,16,2,8,10000,"257aba3ac8b8727679d269bf8597bb85","Mplus_input_write_engine_run_output_validation_BITERATIONS","overhead_subtraction","main_scaling","two_run_difference",NA,3,11.4766666666667,11.404,0.181274193787575,0.447666666666665,11.9243333333333,0.447666666666665,0.00114766666666667,0.451000000000001,11.855,0.451000000000001,0.0011404,0,FALSE,FALSE,0.174266627940749,1742.66627940749,NA,"1283;1286;1289",323
"Laptop","Mplus_WCP","mplus",500,1,8,4,2,10000,"257aba3ac8b8727679d269bf8597bb85","Mplus_input_write_engine_run_output_validation_BITERATIONS","overhead_subtraction","main_scaling","two_run_difference",NA,3,13.1983333333333,13.206,0.0253837218180044,0.438333333333333,13.6366666666667,0.438333333333333,0.00131983333333333,0.438999999999993,13.647,0.438999999999993,0.0013206,0,FALSE,FALSE,0.303068569263796,3030.68569263796,NA,"1290;1292;1294",324
"Laptop","Mplus_WCP","mplus",500,1,16,4,4,10000,"257aba3ac8b8727679d269bf8597bb85","Mplus_input_write_engine_run_output_validation_BITERATIONS","overhead_subtraction","main_scaling","two_run_difference",NA,3,18.892,18.829,0.162907949468392,0.442000000000003,19.334,0.442000000000003,0.0018892,0.444000000000017,19.276,0.444000000000017,0.0018829,0,FALSE,FALSE,0.211729832733432,2117.29832733432,NA,"1291;1293;1295",325
"Laptop","Mplus_WCP","mplus",500,1,16,8,2,10000,"257aba3ac8b8727679d269bf8597bb85","Mplus_input_write_engine_run_output_validation_BITERATIONS","overhead_subtraction","main_scaling","two_run_difference",NA,3,32.9286666666667,33.159,0.840513136918939,0.445333333333338,33.374,0.445333333333338,0.00329286666666667,0.441000000000003,33.6,0.441000000000003,0.0033159,0,FALSE,FALSE,0.242949405786245,2429.49405786245,NA,"1296;1297;1298",326
"Laptop","Mplus_WCP","mplus",2500,1,4,2,2,2000,"7184208393ceb4c8ae3e26f0d1660bdb","Mplus_input_write_engine_run_output_validation_BITERATIONS","overhead_subtraction","main_scaling","two_run_difference",NA,3,6.27633333333332,6.33599999999996,0.147825347397965,0.530333333333355,6.80666666666667,0.530333333333355,0.00313816666666666,0.526999999999987,6.875,0.526999999999987,0.00316799999999998,0,FALSE,FALSE,0.318657390195975,637.31478039195,NA,"1299;1302;1305",327
"Laptop","Mplus_WCP","mplus",2500,1,8,2,4,2000,"7184208393ceb4c8ae3e26f0d1660bdb","Mplus_input_write_engine_run_output_validation_BITERATIONS","overhead_subtraction","main_scaling","two_run_difference",NA,3,5.84833333333336,5.863,0.0672111101926841,0.524999999999996,6.37333333333335,0.524999999999996,0.00292416666666668,0.512,6.36799999999999,0.512,0.0029315,0,FALSE,FALSE,0.341977771444855,683.955542889709,NA,"1300;1303;1306",328
"Laptop","Mplus_WCP","mplus",2500,1,16,2,8,2000,"7184208393ceb4c8ae3e26f0d1660bdb","Mplus_input_write_engine_run_output_validation_BITERATIONS","overhead_subtraction","main_scaling","two_run_difference",NA,3,7.896,7.92200000000003,0.214186834329309,0.510333333333316,8.40633333333331,0.510333333333316,0.003948,0.510999999999967,8.43299999999999,0.510999999999967,0.00396100000000001,0,FALSE,FALSE,0.253292806484296,506.585612968592,NA,"1301;1304;1307",329
"Laptop","Mplus_WCP","mplus",2500,1,8,4,2,2000,"7184208393ceb4c8ae3e26f0d1660bdb","Mplus_input_write_engine_run_output_validation_BITERATIONS","overhead_subtraction","main_scaling","two_run_difference",NA,3,11.2336666666667,11.266,0.0612726148726235,0.532333333333308,11.766,0.532333333333308,0.00561683333333335,0.532999999999959,11.794,0.532999999999959,0.00563300000000001,0,FALSE,FALSE,0.35607252010326,712.14504020652,NA,"1308;1310;1312",330
"Laptop","Mplus_WCP","mplus",2500,1,16,4,4,2000,"7184208393ceb4c8ae3e26f0d1660bdb","Mplus_input_write_engine_run_output_validation_BITERATIONS","overhead_subtraction","main_scaling","two_run_difference",NA,3,13.533,13.54,0.213586048233475,0.512333333333307,14.0453333333333,0.512333333333307,0.00676650000000001,0.512999999999977,14.054,0.512999999999977,0.00677000000000001,0,FALSE,FALSE,0.295573782605483,591.147565210965,NA,"1309;1311;1313",331
"Laptop","Mplus_WCP","mplus",2500,1,16,8,2,2000,"7184208393ceb4c8ae3e26f0d1660bdb","Mplus_input_write_engine_run_output_validation_BITERATIONS","overhead_subtraction","main_scaling","two_run_difference",NA,3,23.6416666666667,23.449,0.382330136574861,0.549666666666667,24.1913333333334,0.549666666666667,0.0118208333333333,0.548000000000002,23.994,0.548000000000002,0.0117245,0,FALSE,FALSE,0.338385618611209,676.771237222417,NA,"1314;1315;1316",332
"Laptop","Mplus_WCP","mplus",10000,1,4,2,2,500,"b352a26c8e9b174599c6b645056fb577","Mplus_input_write_engine_run_output_validation_BITERATIONS","overhead_subtraction","main_scaling","two_run_difference",NA,3,5.91100000000006,5.928,0.0622655603042106,0.891666666666652,6.80266666666671,0.891666666666652,0.0118220000000001,0.88900000000001,6.81700000000001,0.88900000000001,0.011856,0,FALSE,FALSE,0.338352224665874,169.176112332937,NA,"1317;1320;1323",333
"Laptop","Mplus_WCP","mplus",10000,1,8,2,4,500,"b352a26c8e9b174599c6b645056fb577","Mplus_input_write_engine_run_output_validation_BITERATIONS","overhead_subtraction","main_scaling","two_run_difference",NA,3,5.65333333333335,5.65300000000002,0.00750555349951486,0.790666666666652,6.444,0.790666666666652,0.0113066666666667,0.793000000000006,6.44600000000003,0.793000000000006,0.011306,0,FALSE,FALSE,0.35377358490566,176.88679245283,NA,"1318;1321;1324",334
"Laptop","Mplus_WCP","mplus",10000,1,16,2,8,500,"b352a26c8e9b174599c6b645056fb577","Mplus_input_write_engine_run_output_validation_BITERATIONS","overhead_subtraction","main_scaling","two_run_difference",NA,3,6.09200000000002,6.09199999999998,0.0310000000000059,0.804999999999988,6.89700000000001,0.804999999999988,0.012184,0.800999999999931,6.88800000000003,0.800999999999931,0.012184,0,FALSE,FALSE,0.328299409061062,164.149704530531,NA,"1319;1322;1325",335
"Laptop","Mplus_WCP","mplus",10000,1,8,4,2,500,"b352a26c8e9b174599c6b645056fb577","Mplus_input_write_engine_run_output_validation_BITERATIONS","overhead_subtraction","main_scaling","two_run_difference",NA,3,11.5203333333333,10.9109999999999,1.10337044247766,0.902333333333331,12.4226666666666,0.902333333333331,0.0230406666666666,0.895999999999958,11.827,0.895999999999958,0.0218219999999999,0,FALSE,FALSE,0.347212175573624,173.606087786812,NA,"1326;1328;1330",336
"Laptop","Mplus_WCP","mplus",10000,1,16,4,4,500,"b352a26c8e9b174599c6b645056fb577","Mplus_input_write_engine_run_output_validation_BITERATIONS","overhead_subtraction","main_scaling","two_run_difference",NA,3,10.9063333333334,10.8960000000001,0.130806472826572,0.796333333333299,11.7026666666667,0.796333333333299,0.0218126666666668,0.793999999999983,11.6900000000001,0.793999999999983,0.0217920000000001,0,FALSE,FALSE,0.366759375286529,183.379687643264,NA,"1327;1329;1331",337
"Laptop","Mplus_WCP","mplus",10000,1,16,8,2,500,"b352a26c8e9b174599c6b645056fb577","Mplus_input_write_engine_run_output_validation_BITERATIONS","overhead_subtraction","main_scaling","two_run_difference",NA,3,19.94,19.999,0.141077992613927,0.933333333333356,20.8733333333334,0.933333333333356,0.03988,0.92999999999995,20.9250000000001,0.92999999999995,0.039998,0,FALSE,FALSE,0.401203610832497,200.601805416249,NA,"1332;1333;1334",338
"Laptop","Mplus_WCP","mplus",50000,1,4,2,2,100,"50597d787bf5578f0fdbdd94f2702741","Mplus_input_write_engine_run_output_validation_BITERATIONS","overhead_subtraction","main_scaling","two_run_difference",NA,3,5.7946666666666,5.81200000000001,0.090257040353289,2.74100000000006,8.53566666666666,2.74100000000006,0.057946666666666,2.70800000000008,8.51599999999996,2.70800000000008,0.0581200000000001,0,FALSE,FALSE,0.345144960883575,34.5144960883575,NA,"1335;1338;1341",339
"Laptop","Mplus_WCP","mplus",50000,1,8,2,4,100,"50597d787bf5578f0fdbdd94f2702741","Mplus_input_write_engine_run_output_validation_BITERATIONS","overhead_subtraction","main_scaling","two_run_difference",NA,3,5.487,5.49000000000001,0.0206639783197426,2.258,7.745,2.258,0.05487,2.25099999999998,7.74099999999999,2.25099999999998,0.0549000000000001,0,FALSE,FALSE,0.364497904137051,36.4497904137051,NA,"1336;1339;1342",340
"Laptop","Mplus_WCP","mplus",50000,1,16,2,8,100,"50597d787bf5578f0fdbdd94f2702741","Mplus_input_write_engine_run_output_validation_BITERATIONS","overhead_subtraction","main_scaling","two_run_difference",NA,3,5.06299999999999,5.06799999999998,0.0656429737290909,2.21133333333334,7.27433333333333,2.21133333333334,0.0506299999999999,2.21100000000001,7.279,2.21100000000001,0.0506799999999998,0,FALSE,FALSE,0.395022713806045,39.5022713806045,NA,"1337;1340;1343",341
"Laptop","Mplus_WCP","mplus",50000,1,8,4,2,100,"50597d787bf5578f0fdbdd94f2702741","Mplus_input_write_engine_run_output_validation_BITERATIONS","overhead_subtraction","main_scaling","two_run_difference",NA,3,10.7040000000001,10.706,0.0260576284415418,2.78066666666662,13.4846666666667,2.78066666666662,0.107040000000001,2.76699999999994,13.496,2.76699999999994,0.10706,0,FALSE,FALSE,0.37369207772795,37.369207772795,NA,"1344;1346;1348",342
"Laptop","Mplus_WCP","mplus",50000,1,16,4,4,100,"50597d787bf5578f0fdbdd94f2702741","Mplus_input_write_engine_run_output_validation_BITERATIONS","overhead_subtraction","main_scaling","two_run_difference",NA,3,9.46766666666671,9.25100000000009,0.408628600728534,2.28233333333329,11.75,2.28233333333329,0.0946766666666671,2.279,11.551,2.279,0.0925100000000009,0,FALSE,FALSE,0.422490581980775,42.2490581980775,NA,"1345;1347;1349",343
"Laptop","Mplus_WCP","mplus",50000,1,16,8,2,100,"50597d787bf5578f0fdbdd94f2702741","Mplus_input_write_engine_run_output_validation_BITERATIONS","overhead_subtraction","main_scaling","two_run_difference",NA,3,17.637,17.6539999999999,0.0956399498116942,2.86133333333335,20.4983333333333,2.86133333333335,0.17637,2.85799999999995,20.5359999999999,2.85799999999995,0.176539999999999,0,FALSE,FALSE,0.453591880705336,45.3591880705336,NA,"1350;1351;1352",344
"Laptop","Mplus_standard","mplus",500,1,1,1,1,2000,"257aba3ac8b8727679d269bf8597bb85","Mplus_input_write_engine_run_output_validation_BITERATIONS","overhead_subtraction","main_scaling","two_run_difference",NA,3,2.752,2.765,0.0297153159162069,0.426666666666667,3.17866666666667,0.426666666666667,0.001376,0.426,3.195,0.426,0.0013825,0,FALSE,FALSE,0.363372093023256,726.744186046512,NA,"1425;1426;1427",345
"Laptop","Mplus_standard","mplus",500,1,2,2,1,2000,"257aba3ac8b8727679d269bf8597bb85","Mplus_input_write_engine_run_output_validation_BITERATIONS","overhead_subtraction","main_scaling","two_run_difference",NA,3,3.34066666666666,3.36799999999999,0.0526244556583097,0.485000000000003,3.82566666666666,0.485000000000003,0.00167033333333333,0.484000000000002,3.848,0.484000000000002,0.001684,0,FALSE,FALSE,0.598682897625225,1197.36579525045,NA,"1428;1429;1430",346
"Laptop","Mplus_standard","mplus",500,1,4,4,1,2000,"257aba3ac8b8727679d269bf8597bb85","Mplus_input_write_engine_run_output_validation_BITERATIONS","overhead_subtraction","main_scaling","two_run_difference",NA,3,4.95666666666667,4.892,0.132424821439691,0.486333333333332,5.443,0.486333333333332,0.00247833333333333,0.486999999999995,5.379,0.486999999999995,0.002446,0,FALSE,FALSE,0.806993947545394,1613.98789509079,NA,"1431;1432;1433",347
"Laptop","Mplus_standard","mplus",500,1,8,8,1,2000,"257aba3ac8b8727679d269bf8597bb85","Mplus_input_write_engine_run_output_validation_BITERATIONS","overhead_subtraction","main_scaling","two_run_difference",NA,3,9.153,9.12200000000001,0.0554346462061307,0.492333333333332,9.64533333333334,0.492333333333332,0.0045765,0.489000000000004,9.629,0.489000000000004,0.00456100000000001,0,FALSE,FALSE,0.874030372555446,1748.06074511089,NA,"1434;1435;1436",348
"Laptop","Mplus_standard","mplus",500,1,16,16,1,2000,"257aba3ac8b8727679d269bf8597bb85","Mplus_input_write_engine_run_output_validation_BITERATIONS","overhead_subtraction","main_scaling","two_run_difference",NA,3,13.6256666666667,13.605,0.0447362641861602,0.516333333333336,14.142,0.516333333333336,0.00681283333333333,0.510999999999996,14.133,0.510999999999996,0.0068025,0,FALSE,FALSE,1.17425447072926,2348.50894145852,NA,"1437;1438;1439",349
"Laptop","Mplus_standard","mplus",2500,1,1,1,1,400,"7184208393ceb4c8ae3e26f0d1660bdb","Mplus_input_write_engine_run_output_validation_BITERATIONS","overhead_subtraction","main_scaling","two_run_difference",NA,3,2.52333333333335,2.52600000000001,0.00929157324319033,0.443333333333328,2.96666666666668,0.443333333333328,0.00630833333333337,0.442999999999984,2.965,0.442999999999984,0.00631500000000003,0,FALSE,FALSE,0.396301188903564,158.520475561426,NA,"1440;1441;1442",350
"Laptop","Mplus_standard","mplus",2500,1,2,2,1,400,"7184208393ceb4c8ae3e26f0d1660bdb","Mplus_input_write_engine_run_output_validation_BITERATIONS","overhead_subtraction","main_scaling","two_run_difference",NA,3,3.10833333333333,3.10099999999997,0.0513939036592261,0.735000000000004,3.84333333333333,0.735000000000004,0.00777083333333332,0.735000000000014,3.83599999999998,0.735000000000014,0.00775249999999993,0,FALSE,FALSE,0.643431635388741,257.372654155496,NA,"1443;1444;1445",351
"Laptop","Mplus_standard","mplus",2500,1,4,4,1,400,"7184208393ceb4c8ae3e26f0d1660bdb","Mplus_input_write_engine_run_output_validation_BITERATIONS","overhead_subtraction","main_scaling","two_run_difference",NA,3,4.54433333333333,4.59,0.0969346859144513,0.74866666666667,5.293,0.74866666666667,0.0113608333333333,0.739000000000004,5.328,0.739000000000004,0.011475,0,FALSE,FALSE,0.88021712022299,352.086848089196,NA,"1446;1447;1448",352
"Laptop","Mplus_standard","mplus",2500,1,8,8,1,400,"7184208393ceb4c8ae3e26f0d1660bdb","Mplus_input_write_engine_run_output_validation_BITERATIONS","overhead_subtraction","main_scaling","two_run_difference",NA,3,8.51433333333333,8.518,0.0090737717258618,0.766000000000001,9.28033333333334,0.766000000000001,0.0212858333333333,0.768000000000001,9.28100000000001,0.768000000000001,0.021295,0,FALSE,FALSE,0.939592060447089,375.836824178836,NA,"1449;1450;1451",353
"Laptop","Mplus_standard","mplus",2500,1,16,16,1,400,"7184208393ceb4c8ae3e26f0d1660bdb","Mplus_input_write_engine_run_output_validation_BITERATIONS","overhead_subtraction","main_scaling","two_run_difference",NA,3,12.0313333333334,12.036,0.0372200662725757,0.837666666666659,12.869,0.837666666666659,0.0300783333333334,0.840000000000003,12.885,0.840000000000003,0.0300900000000001,0,FALSE,FALSE,1.32986091871225,531.9443674849,NA,"1452;1453;1454",354
"Laptop","Mplus_standard","mplus",10000,1,1,1,1,200,"b352a26c8e9b174599c6b645056fb577","Mplus_input_write_engine_run_output_validation_BITERATIONS","overhead_subtraction","main_scaling","two_run_difference",NA,3,4.91633333333334,4.91899999999998,0.00737111479582992,0.537999999999992,5.45433333333333,0.537999999999992,0.0245816666666667,0.533999999999992,5.45600000000002,0.533999999999992,0.0245949999999999,0,FALSE,FALSE,0.203403620584446,40.6807241168892,NA,"1455;1456;1457",355
"Laptop","Mplus_standard","mplus",10000,1,2,2,1,200,"b352a26c8e9b174599c6b645056fb577","Mplus_input_write_engine_run_output_validation_BITERATIONS","overhead_subtraction","main_scaling","two_run_difference",NA,3,6.00666666666664,5.98299999999995,0.133087690390006,1.70000000000003,7.70666666666667,1.70000000000003,0.0300333333333332,1.69200000000001,7.65899999999999,1.69200000000001,0.0299149999999997,0,FALSE,FALSE,0.332963374028858,66.5926748057716,NA,"1458;1459;1460",356
"Laptop","Mplus_standard","mplus",10000,1,4,4,1,200,"b352a26c8e9b174599c6b645056fb577","Mplus_input_write_engine_run_output_validation_BITERATIONS","overhead_subtraction","main_scaling","two_run_difference",NA,3,8.74266666666663,8.68999999999994,0.100897637897702,1.71066666666669,10.4533333333333,1.71066666666669,0.0437133333333332,1.71600000000001,10.414,1.71600000000001,0.0434499999999997,0,FALSE,FALSE,0.457526307762698,91.5052615525397,NA,"1461;1462;1463",357
"Laptop","Mplus_standard","mplus",10000,1,8,8,1,200,"b352a26c8e9b174599c6b645056fb577","Mplus_input_write_engine_run_output_validation_BITERATIONS","overhead_subtraction","main_scaling","two_run_difference",NA,3,16.7096666666667,16.684,0.053351038727792,1.76933333333333,18.479,1.76933333333333,0.0835483333333334,1.76600000000002,18.45,1.76600000000002,0.0834200000000001,0,FALSE,FALSE,0.478764786849927,95.7529573699854,NA,"1464;1465;1466",358
"Laptop","Mplus_standard","mplus",10000,1,16,16,1,200,"b352a26c8e9b174599c6b645056fb577","Mplus_input_write_engine_run_output_validation_BITERATIONS","overhead_subtraction","main_scaling","two_run_difference",NA,3,23.1636666666667,23.1920000000001,0.0822455672564157,1.89966666666667,25.0633333333334,1.89966666666667,0.115818333333333,1.89499999999998,25.087,1.89499999999998,0.11596,0,FALSE,FALSE,0.690736929962153,138.147385992431,NA,"1467;1468;1469",359
"Laptop","Mplus_standard","mplus",50000,1,1,1,1,100,"50597d787bf5578f0fdbdd94f2702741","Mplus_input_write_engine_run_output_validation_BITERATIONS","overhead_subtraction","main_scaling","two_run_difference",NA,3,12.4596666666667,12.4160000000001,0.121533260193739,0.991666666666636,13.4513333333333,0.991666666666636,0.124596666666667,0.987999999999943,13.422,0.987999999999943,0.124160000000001,0,FALSE,FALSE,0.0802589689397787,8.02589689397787,NA,"1470;1471;1472",360
"Laptop","Mplus_standard","mplus",50000,1,2,2,1,100,"50597d787bf5578f0fdbdd94f2702741","Mplus_input_write_engine_run_output_validation_BITERATIONS","overhead_subtraction","main_scaling","two_run_difference",NA,3,14.6846666666667,14.668,0.0921375782910336,6.68333333333332,21.3680000000001,6.68333333333332,0.146846666666667,6.67499999999995,21.398,6.67499999999995,0.14668,0,FALSE,FALSE,0.136196486130657,13.6196486130657,NA,"1473;1474;1475",361
"Laptop","Mplus_standard","mplus",50000,1,4,4,1,100,"50597d787bf5578f0fdbdd94f2702741","Mplus_input_write_engine_run_output_validation_BITERATIONS","overhead_subtraction","main_scaling","two_run_difference",NA,3,21.656,21.697,0.23915058017908,6.86733333333332,28.5233333333333,6.86733333333332,0.21656,6.87099999999998,28.568,6.87099999999998,0.21697,0,FALSE,FALSE,0.18470631695604,18.470631695604,NA,"1476;1477;1478",362
"Laptop","Mplus_standard","mplus",50000,1,8,8,1,100,"50597d787bf5578f0fdbdd94f2702741","Mplus_input_write_engine_run_output_validation_BITERATIONS","overhead_subtraction","main_scaling","two_run_difference",NA,3,41.4786666666666,41.519,0.259858294717205,7.09900000000005,48.5776666666667,7.09900000000005,0.414786666666666,7.12200000000007,48.6410000000001,7.12200000000007,0.41519,0,FALSE,FALSE,0.192870230479926,19.2870230479926,NA,"1479;1480;1481",363
"Laptop","Mplus_standard","mplus",50000,1,16,16,1,100,"50597d787bf5578f0fdbdd94f2702741","Mplus_input_write_engine_run_output_validation_BITERATIONS","overhead_subtraction","main_scaling","two_run_difference",NA,3,56.9140000000001,56.9210000000003,0.129641814242064,7.516,64.4300000000001,7.516,0.569140000000001,7.52199999999993,64.4430000000002,7.52199999999993,0.569210000000003,0,FALSE,FALSE,0.281125909266612,28.1125909266612,NA,"1482;1483;1484",364
"Laptop","MD_BayesMVP","BayesMVP_NicoStan",500,1,1,1,1,400,"257aba3ac8b8727679d269bf8597bb85","state_allocation_thread_setup_sampling_divergence_check","iteration_difference","main_scaling","two_run_difference",NA,4,1.95087719298246,1.95238095238095,0.0120021954860908,0.00624999999999831,1.95225,0.00137280701754217,0.00487719298245615,0.00649999999999906,1.954,0.00160526315789468,0.00488095238095239,0,FALSE,FALSE,0.512589928057553,205.035971223021,0,"1545;1550;1555;1560",365
"Laptop","MD_BayesMVP","BayesMVP_NicoStan",500,1,2,2,1,400,"257aba3ac8b8727679d269bf8597bb85","state_allocation_thread_setup_sampling_divergence_check","iteration_difference","main_scaling","two_run_difference",NA,4,1.99498746867168,1.99699248120301,0.013400125417385,0.0059999999999989,1.996,0.00101253132831969,0.00498746867167921,0.00600000000000023,1.998,0.0010075187969927,0.00499248120300753,0,FALSE,FALSE,1.00251256281407,401.005025125628,0,"1546;1551;1556;1561",366
"Laptop","MD_BayesMVP","BayesMVP_NicoStan",500,1,4,4,1,400,"257aba3ac8b8727679d269bf8597bb85","state_allocation_thread_setup_sampling_divergence_check","iteration_difference","main_scaling","two_run_difference",NA,4,2.06190476190478,2.08220551378447,0.0924242454666479,0.0089999999999919,2.06575000000001,0.00384523809522996,0.00515476190476194,0.00949999999999562,2.0855,0.00439598997493292,0.00520551378446118,0,FALSE,FALSE,1.93995381062354,775.981524249417,0,"1547;1552;1557;1562",367
"Laptop","MD_BayesMVP","BayesMVP_NicoStan",500,1,8,8,1,400,"257aba3ac8b8727679d269bf8597bb85","state_allocation_thread_setup_sampling_divergence_check","iteration_difference","main_scaling","two_run_difference",NA,4,2.23182957393484,2.2606516290727,0.142352065558685,0.0104999999999977,2.23675000000001,0.00492042606516062,0.00557957393483711,0.0109999999999957,2.26600000000001,0.00513408521302821,0.00565162907268175,0,FALSE,FALSE,3.58450308815271,1433.80123526108,0,"1548;1553;1558;1563",368
"Laptop","MD_BayesMVP","BayesMVP_NicoStan",500,1,16,16,1,400,"257aba3ac8b8727679d269bf8597bb85","state_allocation_thread_setup_sampling_divergence_check","iteration_difference","main_scaling","two_run_difference",NA,4,3.77017543859649,3.75689223057644,0.0835009087654002,0.0172500000000015,3.778,0.00782456140351031,0.00942543859649123,0.0160000000000071,3.767,0.00673809523810238,0.0093922305764411,0,FALSE,FALSE,4.24383434155421,1697.53373662168,0,"1549;1554;1559;1564",369
"Laptop","MD_BayesMVP","BayesMVP_NicoStan",500,2,1,1,1,400,"257aba3ac8b8727679d269bf8597bb85","state_allocation_thread_setup_sampling_divergence_check","iteration_difference","main_scaling","two_run_difference",NA,4,2.08671679197996,2.08822055137845,0.023130175412766,0.00624999999999787,2.08775000000001,0.00103320802004798,0.00521679197994989,0.00600000000000023,2.09,0.000768170426065367,0.00522055137844612,0,FALSE,FALSE,0.479221715109295,191.688686043718,0,"1565;1570;1575;1580",370
"Laptop","MD_BayesMVP","BayesMVP_NicoStan",500,2,2,2,1,400,"257aba3ac8b8727679d269bf8597bb85","state_allocation_thread_setup_sampling_divergence_check","iteration_difference","main_scaling","two_run_difference",NA,4,2.09874686716792,2.10125313283206,0.012071774013817,0.00850000000000239,2.102,0.0032531328320826,0.0052468671679198,0.00849999999999262,2.10449999999999,0.00325939849623319,0.00525313283208016,0,FALSE,FALSE,0.952949605923096,381.179842369238,0,"1566;1571;1576;1581",371
"Laptop","MD_BayesMVP","BayesMVP_NicoStan",500,2,4,4,1,400,"257aba3ac8b8727679d269bf8597bb85","state_allocation_thread_setup_sampling_divergence_check","iteration_difference","main_scaling","two_run_difference",NA,4,2.13308270676693,2.13233082706768,0.0543907770374676,0.00824999999999942,2.13600000000001,0.00291729323308211,0.00533270676691732,0.00849999999999618,2.13550000000001,0.00316917293232698,0.0053308270676692,0,FALSE,FALSE,1.87522030313711,750.088121254843,0,"1567;1572;1577;1582",372
"Laptop","MD_BayesMVP","BayesMVP_NicoStan",500,2,8,8,1,400,"257aba3ac8b8727679d269bf8597bb85","state_allocation_thread_setup_sampling_divergence_check","iteration_difference","main_scaling","two_run_difference",NA,4,2.31328320802004,2.35739348370926,0.107987190368625,0.0102500000000125,2.31775,0.00446679197996243,0.0057832080200501,0.0100000000000193,2.3615,0.00410651629073729,0.00589348370927316,0,FALSE,FALSE,3.45828819068257,1383.31527627303,0,"1568;1573;1578;1583",373
"Laptop","MD_BayesMVP","BayesMVP_NicoStan",500,2,16,16,1,400,"257aba3ac8b8727679d269bf8597bb85","state_allocation_thread_setup_sampling_divergence_check","iteration_difference","main_scaling","two_run_difference",NA,4,3.79924812030076,3.7934837092732,0.0878833648878024,0.0164999999999997,3.80625000000001,0.00700187969924783,0.00949812030075191,0.0160000000000036,3.80000000000001,0.00669047619047976,0.00948370927318299,0,FALSE,FALSE,4.21135958836334,1684.54383534533,0,"1569;1574;1579;1584",374
"Laptop","MD_BayesMVP","BayesMVP_NicoStan",500,4,1,1,1,400,"257aba3ac8b8727679d269bf8597bb85","state_allocation_thread_setup_sampling_divergence_check","iteration_difference","main_scaling","two_run_difference",NA,4,2.12155388471178,2.13383458646616,0.0361771440115594,0.00600000000000023,2.12225,0.000696115288220786,0.00530388471177944,0.00600000000000023,2.1345,0.000665413533834825,0.0053345864661654,0,FALSE,FALSE,0.471352628470172,188.541051388069,0,"1585;1590;1595;1600",375
"Laptop","MD_BayesMVP","BayesMVP_NicoStan",500,4,2,2,1,400,"257aba3ac8b8727679d269bf8597bb85","state_allocation_thread_setup_sampling_divergence_check","iteration_difference","main_scaling","two_run_difference",NA,4,2.17619047619047,2.18947368421052,0.0790323235729339,0.00750000000000028,2.17824999999999,0.00205952380952411,0.00544047619047618,0.007000000000005,2.19199999999999,0.00159273182957896,0.00547368421052631,0,FALSE,FALSE,0.919037199124729,367.614879649892,0,"1586;1591;1596;1601",376
"Laptop","MD_BayesMVP","BayesMVP_NicoStan",500,4,4,4,1,400,"257aba3ac8b8727679d269bf8597bb85","state_allocation_thread_setup_sampling_divergence_check","iteration_difference","main_scaling","two_run_difference",NA,4,2.23533834586466,2.23959899749373,0.0543414807159598,0.00874999999999559,2.2385,0.00316165413533394,0.00558834586466166,0.00899999999999324,2.242,0.00334085213031905,0.00559899749373433,0,FALSE,FALSE,1.78943827783384,715.775311133535,0,"1587;1592;1597;1602",377
"Laptop","MD_BayesMVP","BayesMVP_NicoStan",500,4,8,8,1,400,"257aba3ac8b8727679d269bf8597bb85","state_allocation_thread_setup_sampling_divergence_check","iteration_difference","main_scaling","two_run_difference",NA,4,2.36265664160402,2.32380952380954,0.142711676073524,0.0102499999999939,2.36700000000001,0.00434335839598382,0.00590664160401006,0.00999999999999446,2.32850000000001,0.00429824561402951,0.00580952380952386,0,FALSE,FALSE,3.38601888193485,1354.40755277394,0,"1588;1593;1598;1603",378
"Laptop","MD_BayesMVP","BayesMVP_NicoStan",500,4,16,16,1,400,"257aba3ac8b8727679d269bf8597bb85","state_allocation_thread_setup_sampling_divergence_check","iteration_difference","main_scaling","two_run_difference",NA,4,3.84436090225563,3.8280701754386,0.0460162024376372,0.0150000000000006,3.84974999999999,0.00538909774436148,0.00961090225563908,0.0145000000000053,3.8325,0.004966165413532,0.00957017543859649,0,FALSE,FALSE,4.16194015255232,1664.77606102093,0,"1589;1594;1599;1604",379
"Laptop","MD_BayesMVP","BayesMVP_NicoStan",500,10,1,1,1,400,"257aba3ac8b8727679d269bf8597bb85","state_allocation_thread_setup_sampling_divergence_check","iteration_difference","main_scaling","two_run_difference",NA,4,2.48922305764412,2.47669172932331,0.094367031812104,0.00699999999999612,2.49,0.00077694235588583,0.00622305764411029,0.007000000000005,2.477,0.000976190476195458,0.00619172932330828,0,FALSE,FALSE,0.401731776077325,160.69271043093,0,"1605;1610;1615;1620",380
"Laptop","MD_BayesMVP","BayesMVP_NicoStan",500,10,2,2,1,400,"257aba3ac8b8727679d269bf8597bb85","state_allocation_thread_setup_sampling_divergence_check","iteration_difference","main_scaling","two_run_difference",NA,4,2.42255639097745,2.4235588972431,0.0129034149214988,0.0074999999999914,2.42399999999999,0.00144360902254779,0.00605639097744362,0.00749999999999318,2.425,0.00144110275689607,0.00605889724310776,0,FALSE,FALSE,0.825574177529484,330.229671011794,0,"1606;1611;1616;1621",381
"Laptop","MD_BayesMVP","BayesMVP_NicoStan",500,10,4,4,1,400,"257aba3ac8b8727679d269bf8597bb85","state_allocation_thread_setup_sampling_divergence_check","iteration_difference","main_scaling","two_run_difference",NA,4,2.51177944862155,2.49172932330828,0.0862796287986735,0.00924999999999976,2.51475,0.00297055137844587,0.00627944862155388,0.00950000000000273,2.4945,0.00305764411027843,0.0062293233082707,0,FALSE,FALSE,1.5924965076831,636.998603073239,0,"1607;1612;1617;1622",382
"Laptop","MD_BayesMVP","BayesMVP_NicoStan",500,10,8,8,1,400,"257aba3ac8b8727679d269bf8597bb85","state_allocation_thread_setup_sampling_divergence_check","iteration_difference","main_scaling","two_run_difference",NA,4,2.70150375939849,2.68471177944862,0.128144132245942,0.0110000000000046,2.70575,0.00424624060150834,0.00675375939849622,0.0109999999999992,2.689,0.00428822055137769,0.00671177944862155,0,FALSE,FALSE,2.96131366546063,1184.52546618425,0,"1608;1613;1618;1623",383
"Laptop","MD_BayesMVP","BayesMVP_NicoStan",500,10,16,16,1,400,"257aba3ac8b8727679d269bf8597bb85","state_allocation_thread_setup_sampling_divergence_check","iteration_difference","main_scaling","two_run_difference",NA,4,4.48696741854638,4.48972431077695,0.0281937249982221,0.0175000000000018,4.49325000000001,0.00628258145363591,0.0112174185463659,0.0180000000000007,4.49700000000001,0.00672556390977506,0.0112243107769424,0,FALSE,FALSE,3.56588281293637,1426.35312517455,0,"1609;1614;1619;1624",384
"Laptop","MD_BayesMVP","BayesMVP_NicoStan",500,8,1,1,1,400,"257aba3ac8b8727679d269bf8597bb85","state_allocation_thread_setup_sampling_divergence_check","iteration_difference","main_scaling","two_run_difference",NA,4,2.27994987468672,2.2671679197995,0.0390280637773426,0.00650000000000039,2.28075,0.000800125313283602,0.00569987468671679,0.00649999999999995,2.268,0.00083208020050209,0.00566791979949875,0,FALSE,FALSE,0.438606133890293,175.442453556117,0,"1625;1626;1627;1628",385
"Laptop","MD_BayesMVP","BayesMVP_NicoStan",2500,1,1,1,1,80,"7184208393ceb4c8ae3e26f0d1660bdb","state_allocation_thread_setup_sampling_divergence_check","iteration_difference","main_scaling","two_run_difference",NA,4,1.55569620253163,1.55291139240503,0.034134995019092,0.0230000000000139,1.55925,0.00355379746836852,0.0194462025316454,0.0230000000000246,1.55549999999999,0.00318987341774647,0.0194113924050629,0,FALSE,FALSE,0.642799023596426,51.4239218877141,0,"1629;1634;1639;1644",386
"Laptop","MD_BayesMVP","BayesMVP_NicoStan",2500,1,2,2,1,80,"7184208393ceb4c8ae3e26f0d1660bdb","state_allocation_thread_setup_sampling_divergence_check","iteration_difference","main_scaling","two_run_difference",NA,4,1.58658227848102,1.57518987341775,0.072753579797779,0.0234999999999985,1.59025000000001,0.00366772151898574,0.0198322784810128,0.0234999999999985,1.57800000000002,0.00329746835442886,0.0196898734177218,0,FALSE,FALSE,1.2605712462103,100.845699696824,0,"1630;1635;1640;1645",387
"Laptop","MD_BayesMVP","BayesMVP_NicoStan",2500,1,4,4,1,80,"7184208393ceb4c8ae3e26f0d1660bdb","state_allocation_thread_setup_sampling_divergence_check","iteration_difference","main_scaling","two_run_difference",NA,4,1.82354430379746,1.82227848101264,0.0653478484072788,0.0332499999999989,1.83399999999999,0.0104556962025306,0.0227943037974683,0.0294999999999987,1.83749999999998,0.00738607594936602,0.022778481012658,0,FALSE,FALSE,2.19353047341386,175.482437873109,0,"1631;1636;1641;1646",388
"Laptop","MD_BayesMVP","BayesMVP_NicoStan",2500,1,8,8,1,80,"7184208393ceb4c8ae3e26f0d1660bdb","state_allocation_thread_setup_sampling_divergence_check","iteration_difference","main_scaling","two_run_difference",NA,4,2.95797468354432,2.93873417721521,0.124399062895712,0.063499999999987,2.9845,0.026525316455683,0.036974683544304,0.0569999999999951,2.972,0.0197848101265773,0.0367341772151902,0,FALSE,FALSE,2.70455323519341,216.364258815473,0,"1632;1637;1642;1647",389
"Laptop","MD_BayesMVP","BayesMVP_NicoStan",2500,1,16,16,1,80,"7184208393ceb4c8ae3e26f0d1660bdb","state_allocation_thread_setup_sampling_divergence_check","iteration_difference","main_scaling","two_run_difference",NA,4,7.25189873417721,7.24556962025314,0.0464601223474766,0.108000000000001,7.26925,0.0173512658227854,0.0906487341772151,0.108000000000004,7.26499999999999,0.0178164556962068,0.0905696202531642,0,FALSE,FALSE,2.20631872927213,176.50549834177,0,"1633;1638;1643;1648",390
"Laptop","MD_BayesMVP","BayesMVP_NicoStan",2500,2,1,1,1,80,"7184208393ceb4c8ae3e26f0d1660bdb","state_allocation_thread_setup_sampling_divergence_check","iteration_difference","main_scaling","two_run_difference",NA,4,1.47569620253164,1.4845569620253,0.0198676387093262,0.0202500000000008,1.47749999999999,0.00180379746835531,0.0184462025316455,0.0204999999999913,1.48699999999998,0.00191139240505461,0.0185569620253163,0,FALSE,FALSE,0.677646251501119,54.2117001200895,0,"1649;1654;1659;1664",391
"Laptop","MD_BayesMVP","BayesMVP_NicoStan",2500,2,2,2,1,80,"7184208393ceb4c8ae3e26f0d1660bdb","state_allocation_thread_setup_sampling_divergence_check","iteration_difference","main_scaling","two_run_difference",NA,4,1.50481012658229,1.50177215189874,0.0298462294929239,0.0207499999999889,1.50675,0.00193987341771037,0.0188101265822786,0.0209999999999795,1.50399999999999,0.00187974683542233,0.0187721518987342,0,FALSE,FALSE,1.32907133243606,106.325706594885,0,"1650;1655;1660;1665",392
"Laptop","MD_BayesMVP","BayesMVP_NicoStan",2500,2,4,4,1,80,"7184208393ceb4c8ae3e26f0d1660bdb","state_allocation_thread_setup_sampling_divergence_check","iteration_difference","main_scaling","two_run_difference",NA,4,1.57645569620252,1.54886075949366,0.0932869311865559,0.0322500000000119,1.589,0.0125443037974804,0.0197056962025315,0.0330000000000013,1.56100000000001,0.0129493670886089,0.0193607594936707,0,FALSE,FALSE,2.53733740163804,202.986992131043,0,"1651;1656;1661;1666",393
"Laptop","MD_BayesMVP","BayesMVP_NicoStan",2500,2,8,8,1,80,"7184208393ceb4c8ae3e26f0d1660bdb","state_allocation_thread_setup_sampling_divergence_check","iteration_difference","main_scaling","two_run_difference",NA,4,1.97924050632912,1.9498734177215,0.126568775651137,0.0479999999999947,2.0025,0.0232594936708807,0.024740506329114,0.0434999999999945,1.96799999999998,0.0181265822784853,0.0243734177215187,0,FALSE,FALSE,4.04195446405729,323.356357124583,0,"1652;1657;1662;1667",394
"Laptop","MD_BayesMVP","BayesMVP_NicoStan",2500,2,16,16,1,80,"7184208393ceb4c8ae3e26f0d1660bdb","state_allocation_thread_setup_sampling_divergence_check","iteration_difference","main_scaling","two_run_difference",NA,4,5.09341772151899,5.10177215189873,0.0714450534543177,0.0884999999999998,5.11825,0.0248322784810125,0.0636677215189873,0.0799999999999912,5.13549999999999,0.0164556962025227,0.0637721518987341,0,FALSE,FALSE,3.14130921019931,251.304736815945,0,"1653;1658;1663;1668",395
"Laptop","MD_BayesMVP","BayesMVP_NicoStan",2500,4,1,1,1,80,"7184208393ceb4c8ae3e26f0d1660bdb","state_allocation_thread_setup_sampling_divergence_check","iteration_difference","main_scaling","two_run_difference",NA,4,1.44379746835443,1.44455696202531,0.0126852033243042,0.0202500000000008,1.446,0.00220253164557038,0.0180474683544304,0.0200000000000031,1.44649999999999,0.00196835443038276,0.0180569620253163,0,FALSE,FALSE,0.692617920392775,55.409433631422,0,"1669;1674;1679;1684",396
"Laptop","MD_BayesMVP","BayesMVP_NicoStan",2500,4,2,2,1,80,"7184208393ceb4c8ae3e26f0d1660bdb","state_allocation_thread_setup_sampling_divergence_check","iteration_difference","main_scaling","two_run_difference",NA,4,1.43240506329113,1.43443037974685,0.0152123602892443,0.0237500000000068,1.43825,0.00584493670886767,0.0179050632911392,0.0205000000000126,1.4385,0.0025569620253292,0.0179303797468356,0,FALSE,FALSE,1.39625309296572,111.700247437258,0,"1670;1675;1680;1685",397
"Laptop","MD_BayesMVP","BayesMVP_NicoStan",2500,4,4,4,1,80,"7184208393ceb4c8ae3e26f0d1660bdb","state_allocation_thread_setup_sampling_divergence_check","iteration_difference","main_scaling","two_run_difference",NA,4,1.46253164556961,1.46987341772149,0.0312819617035823,0.0269999999999975,1.47124999999998,0.00871835443037739,0.0182816455696201,0.0264999999999986,1.47649999999997,0.00795569620253042,0.0183734177215186,0,FALSE,FALSE,2.73498355547865,218.798684438292,0,"1671;1676;1681;1686",398
"Laptop","MD_BayesMVP","BayesMVP_NicoStan",2500,4,8,8,1,80,"7184208393ceb4c8ae3e26f0d1660bdb","state_allocation_thread_setup_sampling_divergence_check","iteration_difference","main_scaling","two_run_difference",NA,4,1.64556962025316,1.61012658227847,0.08133270116373,0.0425000000000004,1.6675,0.0219303797468359,0.0205696202531645,0.0380000000000038,1.6375,0.0179746835443076,0.0201265822784809,0,FALSE,FALSE,4.86153846153847,388.923076923078,0,"1672;1677;1682;1687",399
"Laptop","MD_BayesMVP","BayesMVP_NicoStan",2500,4,16,16,1,80,"7184208393ceb4c8ae3e26f0d1660bdb","state_allocation_thread_setup_sampling_divergence_check","iteration_difference","main_scaling","two_run_difference",NA,4,3.05341772151897,3.06734177215191,0.0745496905324675,0.0625000000000036,3.07774999999999,0.0243322784810164,0.0381677215189872,0.058499999999988,3.0875,0.0201582278480891,0.0383417721518989,0,FALSE,FALSE,5.24002984827131,419.202387861705,0,"1673;1678;1683;1688",400
"Laptop","MD_BayesMVP","BayesMVP_NicoStan",2500,10,1,1,1,80,"7184208393ceb4c8ae3e26f0d1660bdb","state_allocation_thread_setup_sampling_divergence_check","iteration_difference","main_scaling","two_run_difference",NA,4,1.45670886075949,1.43696202531645,0.0511066445810641,0.0194999999999901,1.45799999999999,0.00129113924049639,0.0182088607594937,0.0195000000000007,1.43799999999997,0.00154430379746421,0.0179620253164556,0,FALSE,FALSE,0.686478971150503,54.9183176920403,0,"1689;1694;1699;1704",401
"Laptop","MD_BayesMVP","BayesMVP_NicoStan",2500,10,2,2,1,80,"7184208393ceb4c8ae3e26f0d1660bdb","state_allocation_thread_setup_sampling_divergence_check","iteration_difference","main_scaling","two_run_difference",NA,4,1.47620253164556,1.47645569620252,0.0261516250634061,0.0237500000000068,1.48149999999999,0.00529746835443737,0.0184525316455694,0.022500000000008,1.48499999999999,0.00407594936709665,0.0184556962025315,0,FALSE,FALSE,1.35482764534386,108.386211627509,0,"1690;1695;1700;1705",402
"Laptop","MD_BayesMVP","BayesMVP_NicoStan",2500,10,4,4,1,80,"7184208393ceb4c8ae3e26f0d1660bdb","state_allocation_thread_setup_sampling_divergence_check","iteration_difference","main_scaling","two_run_difference",NA,4,1.4767088607595,1.48101265822785,0.0230532707601721,0.0282499999999892,1.4865,0.00979113924049543,0.0184588607594938,0.0269999999999868,1.49299999999999,0.00839240506327779,0.0185126582278482,0,FALSE,FALSE,2.70872621292643,216.698097034115,0,"1691;1696;1701;1706",403
"Laptop","MD_BayesMVP","BayesMVP_NicoStan",2500,10,8,8,1,80,"7184208393ceb4c8ae3e26f0d1660bdb","state_allocation_thread_setup_sampling_divergence_check","iteration_difference","main_scaling","two_run_difference",NA,4,1.68481012658228,1.64556962025316,0.139485783201086,0.0362499999999883,1.69999999999999,0.0151898734177098,0.0210601265822785,0.0354999999999848,1.66199999999999,0.0149240506329079,0.0205696202531646,0,FALSE,FALSE,4.74830954169796,379.864763335837,0,"1692;1697;1702;1707",404
"Laptop","MD_BayesMVP","BayesMVP_NicoStan",2500,10,16,16,1,80,"7184208393ceb4c8ae3e26f0d1660bdb","state_allocation_thread_setup_sampling_divergence_check","iteration_difference","main_scaling","two_run_difference",NA,4,2.77974683544302,2.78227848101266,0.0491182737644837,0.0527499999999996,2.79774999999999,0.0180031645569618,0.0347468354430378,0.0494999999999948,2.806,0.0144810126582229,0.0347784810126583,0,FALSE,FALSE,5.75591985428054,460.473588342443,0,"1693;1698;1703;1708",405
"Laptop","MD_BayesMVP","BayesMVP_NicoStan",2500,25,1,1,1,80,"7184208393ceb4c8ae3e26f0d1660bdb","state_allocation_thread_setup_sampling_divergence_check","iteration_difference","main_scaling","two_run_difference",NA,4,1.52784810126584,1.52911392405067,0.0574179596509583,0.0204999999999984,1.52925000000002,0.00140189873417541,0.019098101265823,0.0199999999999818,1.53000000000002,0.000974683544285336,0.0191139240506333,0,FALSE,FALSE,0.654515327257656,52.3612261806125,0,"1709;1714;1719;1724",406
"Laptop","MD_BayesMVP","BayesMVP_NicoStan",2500,25,2,2,1,80,"7184208393ceb4c8ae3e26f0d1660bdb","state_allocation_thread_setup_sampling_divergence_check","iteration_difference","main_scaling","two_run_difference",NA,4,1.50253164556962,1.49974683544306,0.0378394215524691,0.0199999999999889,1.50374999999999,0.00121835443036861,0.0187816455696203,0.019999999999996,1.50049999999999,0.00144936708860606,0.0187468354430383,0,FALSE,FALSE,1.33108677337826,106.486941870261,0,"1710;1715;1720;1725",407
"Laptop","MD_BayesMVP","BayesMVP_NicoStan",2500,25,4,4,1,80,"7184208393ceb4c8ae3e26f0d1660bdb","state_allocation_thread_setup_sampling_divergence_check","iteration_difference","main_scaling","two_run_difference",NA,4,1.54987341772151,1.55341772151898,0.0579343179357375,0.028499999999994,1.55899999999998,0.00912658227847512,0.0193734177215189,0.0300000000000011,1.56449999999998,0.0112405063291151,0.0194177215189872,0,FALSE,FALSE,2.58085592943484,206.468474354787,0,"1711;1716;1721;1726",408
"Laptop","MD_BayesMVP","BayesMVP_NicoStan",2500,25,8,8,1,80,"7184208393ceb4c8ae3e26f0d1660bdb","state_allocation_thread_setup_sampling_divergence_check","iteration_difference","main_scaling","two_run_difference",NA,4,1.76683544303795,1.7559493670886,0.176751412428999,0.0360000000000156,1.78074999999999,0.0139145569620412,0.0220854430379744,0.0365000000000038,1.77049999999999,0.0145506329113963,0.0219493670886074,0,FALSE,FALSE,4.52786932225253,362.229545780202,0,"1712;1717;1722;1727",409
"Laptop","MD_BayesMVP","BayesMVP_NicoStan",2500,25,16,16,1,80,"7184208393ceb4c8ae3e26f0d1660bdb","state_allocation_thread_setup_sampling_divergence_check","iteration_difference","main_scaling","two_run_difference",NA,4,2.94050632911393,2.93265822784812,0.0334471165947595,0.0587500000000034,2.96250000000001,0.0219936708860793,0.0367563291139241,0.0570000000000022,2.95650000000002,0.0201455696202554,0.0366582278481015,0,FALSE,FALSE,5.44123977615152,435.299182092121,0,"1713;1718;1723;1728",410
"Laptop","MD_BayesMVP","BayesMVP_NicoStan",2500,8,1,1,1,80,"7184208393ceb4c8ae3e26f0d1660bdb","state_allocation_thread_setup_sampling_divergence_check","iteration_difference","main_scaling","two_run_difference",NA,4,1.45291139240506,1.4526582278481,0.00538235231024673,0.0197499999999993,1.4545,0.00158860759493596,0.0181613924050633,0.0199999999999996,1.454,0.00178481012658183,0.0181582278481013,0,FALSE,FALSE,0.688273218330719,55.0618574664575,0,"1729;1730;1731;1732",411
"Laptop","MD_BayesMVP","BayesMVP_NicoStan",10000,1,1,1,1,80,"b352a26c8e9b174599c6b645056fb577","state_allocation_thread_setup_sampling_divergence_check","iteration_difference","main_scaling","two_run_difference",NA,4,6.37215189873417,6.3746835443038,0.0426640494843928,0.0949999999999989,6.3875,0.0153481012658217,0.0796518987341772,0.0924999999999869,6.39250000000001,0.0128797468354301,0.0796835443037975,0,FALSE,FALSE,0.156932856575288,12.5546285260231,0,"1733;1738;1743;1748",412
"Laptop","MD_BayesMVP","BayesMVP_NicoStan",10000,1,2,2,1,80,"b352a26c8e9b174599c6b645056fb577","state_allocation_thread_setup_sampling_divergence_check","iteration_difference","main_scaling","two_run_difference",NA,4,7.15164556962027,7.14379746835445,0.0498256319724486,0.109749999999984,7.172,0.0203544303797307,0.0893955696202533,0.108499999999964,7.16699999999999,0.0186962025316089,0.0892974683544306,0,FALSE,FALSE,0.279655917023611,22.3724733618889,0,"1734;1739;1744;1749",413
"Laptop","MD_BayesMVP","BayesMVP_NicoStan",10000,1,4,4,1,80,"b352a26c8e9b174599c6b645056fb577","state_allocation_thread_setup_sampling_divergence_check","iteration_difference","main_scaling","two_run_difference",NA,4,9.9372151898734,9.90531645569621,0.0935197777637372,0.16350000000002,9.9765,0.0392848101266029,0.124215189873417,0.158500000000032,9.94800000000001,0.0335000000000324,0.123816455696203,0,FALSE,FALSE,0.402527259757465,32.2021807805972,0,"1735;1740;1745;1750",414
"Laptop","MD_BayesMVP","BayesMVP_NicoStan",10000,1,8,8,1,80,"b352a26c8e9b174599c6b645056fb577","state_allocation_thread_setup_sampling_divergence_check","iteration_difference","main_scaling","two_run_difference",NA,4,22.4870886075949,22.4450632911392,0.0908499863703981,0.344000000000008,22.55,0.0629113924050717,0.281088607594937,0.343000000000018,22.507,0.0624430379747015,0.280563291139241,0,FALSE,FALSE,0.355759704584347,28.4607763667477,0,"1736;1741;1746;1751",415
"Laptop","MD_BayesMVP","BayesMVP_NicoStan",10000,1,16,16,1,80,"b352a26c8e9b174599c6b645056fb577","state_allocation_thread_setup_sampling_divergence_check","iteration_difference","main_scaling","two_run_difference",NA,4,63.7324050632912,63.8298734177216,0.515068792207506,0.786249999999995,63.722,-0.010405063291144,0.796655063291139,0.783500000000004,63.821,-0.0119367088607558,0.797873417721519,0,FALSE,FALSE,0.251049681619747,20.0839745295798,0,"1737;1742;1747;1752",416
"Laptop","MD_BayesMVP","BayesMVP_NicoStan",10000,4,1,1,1,80,"b352a26c8e9b174599c6b645056fb577","state_allocation_thread_setup_sampling_divergence_check","iteration_difference","main_scaling","two_run_difference",NA,4,5.82962025316457,5.83392405063291,0.151557140521069,0.0822500000000019,5.83900000000001,0.00937974683544483,0.0728702531645571,0.0824999999999818,5.84300000000002,0.00968354430377895,0.0729240506329113,0,FALSE,FALSE,0.171537760020845,13.7230208016676,0,"1753;1758;1763;1768",417
"Laptop","MD_BayesMVP","BayesMVP_NicoStan",10000,4,2,2,1,80,"b352a26c8e9b174599c6b645056fb577","state_allocation_thread_setup_sampling_divergence_check","iteration_difference","main_scaling","two_run_difference",NA,4,6.25848101265826,6.29367088607598,0.127225706473825,0.0922499999999928,6.27250000000002,0.0140189873417646,0.0782310126582282,0.0935000000000059,6.30850000000004,0.0148291139240561,0.0786708860759498,0,FALSE,FALSE,0.319566360584117,25.5653088467294,0,"1754;1759;1764;1769",418
"Laptop","MD_BayesMVP","BayesMVP_NicoStan",10000,4,4,4,1,80,"b352a26c8e9b174599c6b645056fb577","state_allocation_thread_setup_sampling_divergence_check","iteration_difference","main_scaling","two_run_difference",NA,4,6.91645569620252,7.02177215189873,0.244205353900542,0.115250000000003,6.94524999999999,0.0287943037974717,0.0864556962025314,0.113499999999988,7.04749999999999,0.0257278481012536,0.0877721518987341,0,FALSE,FALSE,0.578330893118596,46.2664714494877,0,"1755;1760;1765;1770",419
"Laptop","MD_BayesMVP","BayesMVP_NicoStan",10000,4,8,8,1,80,"b352a26c8e9b174599c6b645056fb577","state_allocation_thread_setup_sampling_divergence_check","iteration_difference","main_scaling","two_run_difference",NA,4,12.0516455696203,12.0339240506329,0.206693111660066,0.206999999999979,12.108,0.0563544303797261,0.150645569620253,0.20750000000001,12.091,0.0570759493670989,0.150424050632911,0,FALSE,FALSE,0.663809763885387,53.104781110831,0,"1756;1761;1766;1771",420
"Laptop","MD_BayesMVP","BayesMVP_NicoStan",10000,4,16,16,1,80,"b352a26c8e9b174599c6b645056fb577","state_allocation_thread_setup_sampling_divergence_check","iteration_difference","main_scaling","two_run_difference",NA,4,30.413670886076,30.407088607595,0.378779753118677,0.411500000000002,30.445,0.0313291139240523,0.38017088607595,0.415500000000005,30.443,0.0324556962025365,0.380088607594937,0,FALSE,FALSE,0.526079211547105,42.0863369237684,0,"1757;1762;1767;1772",421
"Laptop","MD_BayesMVP","BayesMVP_NicoStan",10000,10,1,1,1,80,"b352a26c8e9b174599c6b645056fb577","state_allocation_thread_setup_sampling_divergence_check","iteration_difference","main_scaling","two_run_difference",NA,4,5.13772151898734,5.08151898734174,0.125780413787914,0.073750000000004,5.14725,0.00952848101266226,0.0642215189873417,0.0740000000000123,5.0925,0.00889873417722746,0.0635189873417718,0,FALSE,FALSE,0.194638809500345,15.5711047600276,0,"1773;1778;1783;1788",422
"Laptop","MD_BayesMVP","BayesMVP_NicoStan",10000,10,2,2,1,80,"b352a26c8e9b174599c6b645056fb577","state_allocation_thread_setup_sampling_divergence_check","iteration_difference","main_scaling","two_run_difference",NA,4,5.19721518987343,5.19594936708861,0.0236678397823292,0.0787499999999852,5.211,0.0137848101265673,0.0649651898734179,0.074499999999972,5.214,0.00970253164554129,0.0649493670886076,0,FALSE,FALSE,0.384821472063909,30.7857177651127,0,"1774;1779;1784;1789",423
"Laptop","MD_BayesMVP","BayesMVP_NicoStan",10000,10,4,4,1,80,"b352a26c8e9b174599c6b645056fb577","state_allocation_thread_setup_sampling_divergence_check","iteration_difference","main_scaling","two_run_difference",NA,4,5.37670886075954,5.37164556962033,0.106851839484143,0.0880000000000081,5.39750000000005,0.0207911392405139,0.0672088607594942,0.0860000000000412,5.39600000000004,0.0198924050633323,0.0671455696202541,0,FALSE,FALSE,0.743949524437323,59.5159619549859,0,"1775;1780;1785;1790",424
"Laptop","MD_BayesMVP","BayesMVP_NicoStan",10000,10,8,8,1,80,"b352a26c8e9b174599c6b645056fb577","state_allocation_thread_setup_sampling_divergence_check","iteration_difference","main_scaling","two_run_difference",NA,4,6.39316455696202,6.49063291139239,0.536877849361336,0.183750000000032,6.49700000000003,0.103835443038007,0.0799145569620253,0.152000000000044,6.5575,0.0669177215190311,0.0811329113924048,0,FALSE,FALSE,1.25133647487427,100.106917989942,0,"1776;1781;1786;1791",425
"Laptop","MD_BayesMVP","BayesMVP_NicoStan",10000,10,16,16,1,80,"b352a26c8e9b174599c6b645056fb577","state_allocation_thread_setup_sampling_divergence_check","iteration_difference","main_scaling","two_run_difference",NA,4,16.6096202531645,16.7053164556961,0.680120947737818,0.247250000000022,16.64925,0.0396297468354656,0.207620253164557,0.245000000000005,16.749,0.0403164556962166,0.208816455696202,0,FALSE,FALSE,0.963297158883064,77.0637727106451,0,"1777;1782;1787;1792",426
"Laptop","MD_BayesMVP","BayesMVP_NicoStan",10000,25,1,1,1,80,"b352a26c8e9b174599c6b645056fb577","state_allocation_thread_setup_sampling_divergence_check","iteration_difference","main_scaling","two_run_difference",NA,4,5.26708860759494,5.27341772151903,0.0941440892696154,0.0745000000000147,5.27575000000002,0.00866139240507794,0.0658386075949367,0.0755000000000052,5.28400000000002,0.00871518987342318,0.0659177215189878,0,FALSE,FALSE,0.18985820716174,15.1886565729392,0,"1793;1798;1803;1808",427
"Laptop","MD_BayesMVP","BayesMVP_NicoStan",10000,25,2,2,1,80,"b352a26c8e9b174599c6b645056fb577","state_allocation_thread_setup_sampling_divergence_check","iteration_difference","main_scaling","two_run_difference",NA,4,5.313417721519,5.31544303797471,0.02159282442761,0.0749999999999886,5.322,0.00858227848100111,0.0664177215189875,0.0754999999999768,5.3245,0.00896835443035619,0.0664430379746838,0,FALSE,FALSE,0.376405565084809,30.1124452067848,0,"1794;1799;1804;1809",428
"Laptop","MD_BayesMVP","BayesMVP_NicoStan",10000,25,4,4,1,80,"b352a26c8e9b174599c6b645056fb577","state_allocation_thread_setup_sampling_divergence_check","iteration_difference","main_scaling","two_run_difference",NA,4,5.46582278481015,5.50379746835449,0.12026497832265,0.100249999999988,5.49775000000001,0.0319272151898615,0.0683227848101269,0.0935000000000059,5.52400000000003,0.0245949367088667,0.0687974683544311,0,FALSE,FALSE,0.731820287169983,58.5456229735987,0,"1795;1800;1805;1810",429
"Laptop","MD_BayesMVP","BayesMVP_NicoStan",10000,25,8,8,1,80,"b352a26c8e9b174599c6b645056fb577","state_allocation_thread_setup_sampling_divergence_check","iteration_difference","main_scaling","two_run_difference",NA,4,5.89670886075949,5.89316455696206,0.161164379330459,0.131250000000009,5.95425,0.0575411392405149,0.0737088607594936,0.130000000000052,5.952,0.0562468354430909,0.0736645569620257,0,FALSE,FALSE,1.35668899192856,108.535119354285,0,"1796;1801;1806;1811",430
"Laptop","MD_BayesMVP","BayesMVP_NicoStan",10000,25,16,16,1,80,"b352a26c8e9b174599c6b645056fb577","state_allocation_thread_setup_sampling_divergence_check","iteration_difference","main_scaling","two_run_difference",NA,4,10.4091139240506,10.433417721519,0.272635229726393,0.203249999999997,10.48225,0.073136075949364,0.130113924050633,0.204000000000008,10.508,0.0745822784810248,0.130417721518988,0,FALSE,FALSE,1.53711450530207,122.969160424166,0,"1797;1802;1807;1812",431
"Laptop","MD_BayesMVP","BayesMVP_NicoStan",10000,50,1,1,1,80,"b352a26c8e9b174599c6b645056fb577","state_allocation_thread_setup_sampling_divergence_check","iteration_difference","main_scaling","two_run_difference",NA,4,5.36632911392404,5.35443037974683,0.029735791108917,0.0777500000000089,5.377,0.0106708860759584,0.0670791139240505,0.0790000000000077,5.36799999999999,0.0120696202531724,0.0669303797468354,0,FALSE,FALSE,0.186347124593103,14.9077699674483,0,"1813;1818;1823;1828",432
"Laptop","MD_BayesMVP","BayesMVP_NicoStan",10000,50,2,2,1,80,"b352a26c8e9b174599c6b645056fb577","state_allocation_thread_setup_sampling_divergence_check","iteration_difference","main_scaling","two_run_difference",NA,4,5.36734177215189,5.36658227848101,0.10949320748177,0.0827500000000185,5.38300000000001,0.0156582278481199,0.0670917721518986,0.0840000000000032,5.38100000000003,0.0168987341772185,0.0670822784810126,0,FALSE,FALSE,0.372623932833358,29.8099146266686,0,"1814;1819;1824;1829",433
"Laptop","MD_BayesMVP","BayesMVP_NicoStan",10000,50,4,4,1,80,"b352a26c8e9b174599c6b645056fb577","state_allocation_thread_setup_sampling_divergence_check","iteration_difference","main_scaling","two_run_difference",NA,4,5.4053164556962,5.42126582278484,0.0388468068246158,0.0842500000000115,5.42200000000001,0.016683544303809,0.0675664556962025,0.0819999999999936,5.43550000000002,0.0142341772151832,0.0677658227848104,0,FALSE,FALSE,0.740012177415578,59.2009741932462,0,"1815;1820;1825;1830",434
"Laptop","MD_BayesMVP","BayesMVP_NicoStan",10000,50,8,8,1,80,"b352a26c8e9b174599c6b645056fb577","state_allocation_thread_setup_sampling_divergence_check","iteration_difference","main_scaling","two_run_difference",NA,4,5.71139240506333,5.70835443037978,0.0860183475669554,0.133999999999972,5.77400000000002,0.0626075949366802,0.0713924050632917,0.134499999999974,5.7705,0.0630696202531381,0.0713544303797472,0,FALSE,FALSE,1.40070921985815,112.056737588652,0,"1816;1821;1826;1831",435
"Laptop","MD_BayesMVP","BayesMVP_NicoStan",10000,50,16,16,1,80,"b352a26c8e9b174599c6b645056fb577","state_allocation_thread_setup_sampling_divergence_check","iteration_difference","main_scaling","two_run_difference",NA,4,10.3458227848101,10.3645569620253,0.121646908759454,0.19850000000001,10.415,0.0691772151898835,0.129322784810126,0.196499999999986,10.443,0.0661708860759352,0.129556962025316,0,FALSE,FALSE,1.54651788773063,123.721431018451,0,"1817;1822;1827;1832",436
"Laptop","MD_BayesMVP","BayesMVP_NicoStan",10000,100,1,1,1,80,"b352a26c8e9b174599c6b645056fb577","state_allocation_thread_setup_sampling_divergence_check","iteration_difference","main_scaling","two_run_difference",NA,4,5.57139240506326,5.41620253164551,0.355981056262671,0.078249999999997,5.57999999999997,0.00860759493670625,0.0696424050632908,0.0759999999999934,5.42899999999995,0.0067278481012787,0.0677025316455689,0,FALSE,FALSE,0.179488344617623,14.3590675694098,0,"1833;1838;1843;1848",437
"Laptop","MD_BayesMVP","BayesMVP_NicoStan",10000,100,2,2,1,80,"b352a26c8e9b174599c6b645056fb577","state_allocation_thread_setup_sampling_divergence_check","iteration_difference","main_scaling","two_run_difference",NA,4,5.53468354430377,5.52911392405055,0.0844442008184616,0.0795000000000101,5.54499999999999,0.0103164556962129,0.0691835443037972,0.0799999999999841,5.53899999999996,0.0107468354430217,0.0691139240506319,0,FALSE,FALSE,0.361357606806332,28.9086085445066,0,"1834;1839;1844;1849",438
"Laptop","MD_BayesMVP","BayesMVP_NicoStan",10000,100,4,4,1,80,"b352a26c8e9b174599c6b645056fb577","state_allocation_thread_setup_sampling_divergence_check","iteration_difference","main_scaling","two_run_difference",NA,4,5.52430379746838,5.52151898734179,0.0645902123357119,0.120000000000005,5.57525000000003,0.0509462025316498,0.0690537974683547,0.117500000000007,5.57000000000002,0.0484810126582345,0.0690189873417723,0,FALSE,FALSE,0.724073140552676,57.9258512442141,0,"1835;1840;1845;1850",439
"Laptop","MD_BayesMVP","BayesMVP_NicoStan",10000,100,8,8,1,80,"b352a26c8e9b174599c6b645056fb577","state_allocation_thread_setup_sampling_divergence_check","iteration_difference","main_scaling","two_run_difference",NA,4,5.87291139240503,5.87898734177209,0.0795500888242713,0.137000000000015,5.93649999999998,0.0635886075949518,0.0734113924050629,0.138000000000034,5.94399999999996,0.0638291139240847,0.0734873417721511,0,FALSE,FALSE,1.36218639537892,108.974911630314,0,"1836;1841;1846;1851",440
"Laptop","MD_BayesMVP","BayesMVP_NicoStan",10000,100,16,16,1,80,"b352a26c8e9b174599c6b645056fb577","state_allocation_thread_setup_sampling_divergence_check","iteration_difference","main_scaling","two_run_difference",NA,4,10.8453164556962,10.7964556962025,0.177946411856843,0.198750000000004,10.9085,0.0631835443038015,0.135566455696203,0.198499999999996,10.8605,0.0623227848101221,0.134955696202532,0,FALSE,FALSE,1.4752912066108,118.023296528864,0,"1837;1842;1847;1852",441
"Laptop","MD_BayesMVP","BayesMVP_NicoStan",50000,1,1,1,1,50,"50597d787bf5578f0fdbdd94f2702741","state_allocation_thread_setup_sampling_divergence_check","iteration_difference","main_scaling","two_run_difference",NA,4,23.681887755102,23.6285714285713,0.190625017780537,0.534000000000049,23.74225,0.0603622448980092,0.473637755102039,0.537500000000023,23.6985,0.0661122448979816,0.472571428571426,0,FALSE,FALSE,0.0422263634698869,2.11131817349434,0,"1853;1858;1863;1868",442
"Laptop","MD_BayesMVP","BayesMVP_NicoStan",50000,1,2,2,1,50,"50597d787bf5578f0fdbdd94f2702741","state_allocation_thread_setup_sampling_divergence_check","iteration_difference","main_scaling","two_run_difference",NA,4,30.7168367346938,30.7484693877551,0.214020730233218,0.742250000000041,30.84475,0.127913265306164,0.614336734693877,0.743499999999983,30.8410000000001,0.132755102040799,0.614969387755103,0,FALSE,FALSE,0.0651108711901006,3.25554355950503,0,"1854;1859;1864;1869",443
"Laptop","MD_BayesMVP","BayesMVP_NicoStan",50000,1,4,4,1,50,"50597d787bf5578f0fdbdd94f2702741","state_allocation_thread_setup_sampling_divergence_check","iteration_difference","main_scaling","two_run_difference",NA,4,64.1176020408163,64.0658163265306,0.39875759347432,1.42750000000004,64.26275,0.145147959183712,1.28235204081633,1.42800000000005,64.2195,0.146071428571451,1.28131632653061,0,FALSE,FALSE,0.0623853649026622,3.11926824513311,0,"1855;1860;1865;1870",444
"Laptop","MD_BayesMVP","BayesMVP_NicoStan",50000,1,8,8,1,50,"50597d787bf5578f0fdbdd94f2702741","state_allocation_thread_setup_sampling_divergence_check","iteration_difference","main_scaling","two_run_difference",NA,4,161.507397959184,161.360204081633,0.549397569304151,3.548,161.82525,0.317852040816328,3.23014795918367,3.47550000000007,161.781,0.248295918367415,3.22720408163265,0,FALSE,FALSE,0.0495333347022393,2.47666673511196,0,"1856;1861;1866;1871",445
"Laptop","MD_BayesMVP","BayesMVP_NicoStan",50000,1,16,16,1,50,"50597d787bf5578f0fdbdd94f2702741","state_allocation_thread_setup_sampling_divergence_check","iteration_difference","main_scaling","two_run_difference",NA,4,378.158163265306,378.39693877551,1.04534064017674,8.10249999999994,378.6975,0.539336734693811,7.56316326530612,8.089,378.945,0.530612244897958,7.56793877551021,0,FALSE,FALSE,0.0423103387795302,2.11551693897651,0,"1857;1862;1867;1872",446
"Laptop","MD_BayesMVP","BayesMVP_NicoStan",50000,4,1,1,1,50,"50597d787bf5578f0fdbdd94f2702741","state_allocation_thread_setup_sampling_divergence_check","iteration_difference","main_scaling","two_run_difference",NA,4,20.2318877551022,20.22806122449,0.205274363254,0.423999999999921,20.2512500000001,0.0193622448978772,0.404637755102044,0.422499999999786,20.2415000000001,0.0201020408161018,0.4045612244898,0,FALSE,FALSE,0.0494269250652507,2.47134625326253,0,"1873;1878;1883;1888",447
"Laptop","MD_BayesMVP","BayesMVP_NicoStan",50000,4,2,2,1,50,"50597d787bf5578f0fdbdd94f2702741","state_allocation_thread_setup_sampling_divergence_check","iteration_difference","main_scaling","two_run_difference",NA,4,22.9367346938775,22.9341836734692,0.0787369049954132,0.519000000000062,22.997,0.0602653061225123,0.45873469387755,0.517500000000041,23,0.0596020408163811,0.458683673469383,0,FALSE,FALSE,0.0871963697837888,4.35981848918944,0,"1874;1879;1884;1889",448
"Laptop","MD_BayesMVP","BayesMVP_NicoStan",50000,4,4,4,1,50,"50597d787bf5578f0fdbdd94f2702741","state_allocation_thread_setup_sampling_divergence_check","iteration_difference","main_scaling","two_run_difference",NA,4,33.4660714285716,33.3295918367349,0.333949910451249,0.782499999999914,33.5792500000001,0.113178571428481,0.669321428571433,0.781999999999925,33.4460000000001,0.116020408163185,0.666591836734699,0,FALSE,FALSE,0.119524038205004,5.97620191025022,0,"1875;1880;1885;1890",449
"Laptop","MD_BayesMVP","BayesMVP_NicoStan",50000,4,8,8,1,50,"50597d787bf5578f0fdbdd94f2702741","state_allocation_thread_setup_sampling_divergence_check","iteration_difference","main_scaling","two_run_difference",NA,4,82.2892857142857,82.2897959183673,0.675738549892184,1.77825000000001,82.42175,0.1324642857143,1.64578571428571,1.77750000000003,82.41,0.124306122449012,1.64579591836735,0,FALSE,FALSE,0.0972180026908554,4.86090013454277,0,"1876;1881;1886;1891",450
"Laptop","MD_BayesMVP","BayesMVP_NicoStan",50000,4,16,16,1,50,"50597d787bf5578f0fdbdd94f2702741","state_allocation_thread_setup_sampling_divergence_check","iteration_difference","main_scaling","two_run_difference",NA,4,228.750255102041,228.739795918367,0.359175339073049,4.80025000000001,228.9755,0.225244897959191,4.57500510204081,4.80449999999996,228.961,0.229285714285675,4.57479591836734,0,FALSE,FALSE,0.0699452771882713,3.49726385941356,0,"1877;1882;1887;1892",451
"Laptop","MD_BayesMVP","BayesMVP_NicoStan",50000,10,1,1,1,50,"50597d787bf5578f0fdbdd94f2702741","state_allocation_thread_setup_sampling_divergence_check","iteration_difference","main_scaling","two_run_difference",NA,4,18.5556122448979,18.4999999999999,0.248227787664749,0.39749999999998,18.5819999999999,0.0263877551020224,0.371112244897957,0.395999999999958,18.5349999999999,0.0210408163264971,0.369999999999998,0,FALSE,FALSE,0.0538920509224892,2.69460254612446,0,"1893;1898;1903;1908",452
"Laptop","MD_BayesMVP","BayesMVP_NicoStan",50000,10,2,2,1,50,"50597d787bf5578f0fdbdd94f2702741","state_allocation_thread_setup_sampling_divergence_check","iteration_difference","main_scaling","two_run_difference",NA,4,20.0788265306123,19.8403061224493,0.57965852770943,0.447499999999991,20.12475,0.0459234693877457,0.401576530612245,0.448000000000093,19.8860000000002,0.0456938775508958,0.396806122448986,0,FALSE,FALSE,0.0996074146539785,4.98037073269893,0,"1894;1899;1904;1909",453
"Laptop","MD_BayesMVP","BayesMVP_NicoStan",50000,10,4,4,1,50,"50597d787bf5578f0fdbdd94f2702741","state_allocation_thread_setup_sampling_divergence_check","iteration_difference","main_scaling","two_run_difference",NA,4,25.155357142857,25.1188775510203,0.136971505258797,0.611250000000041,25.2634999999999,0.108142857142901,0.50310714285714,0.603500000000167,25.2189999999999,0.102438775510378,0.502377551020405,0,FALSE,FALSE,0.159011854901683,7.95059274508416,0,"1895;1900;1905;1910",454
"Laptop","MD_BayesMVP","BayesMVP_NicoStan",50000,10,8,8,1,50,"50597d787bf5578f0fdbdd94f2702741","state_allocation_thread_setup_sampling_divergence_check","iteration_difference","main_scaling","two_run_difference",NA,4,50.9176020408163,50.6091836734694,0.640513693758539,1.17300000000012,51.0722500000001,0.154647959183789,1.01835204081633,1.17250000000013,50.7675000000002,0.150979591836791,1.01218367346939,0,FALSE,FALSE,0.157116589928706,7.85582949643532,0,"1896;1901;1906;1911",455
"Laptop","MD_BayesMVP","BayesMVP_NicoStan",50000,10,16,16,1,50,"50597d787bf5578f0fdbdd94f2702741","state_allocation_thread_setup_sampling_divergence_check","iteration_difference","main_scaling","two_run_difference",NA,4,134.772193877551,134.682653061225,0.286466908388103,2.90124999999995,134.978,0.205806122448927,2.69544387755102,2.88799999999992,134.8605,0.189387755101961,2.69365306122449,0,FALSE,FALSE,0.118718850971121,5.93594254855605,0,"1897;1902;1907;1912",456
"Laptop","MD_BayesMVP","BayesMVP_NicoStan",50000,25,1,1,1,50,"50597d787bf5578f0fdbdd94f2702741","state_allocation_thread_setup_sampling_divergence_check","iteration_difference","main_scaling","two_run_difference",NA,4,17.6140306122448,17.5734693877548,0.452181206221444,0.374500000000012,17.6362499999999,0.0222193877551161,0.352280612244896,0.371499999999969,17.5994999999998,0.0236326530612689,0.351469387755097,0,FALSE,FALSE,0.0567729227917219,2.8386461395861,0,"1913;1918;1923;1928",457
"Laptop","MD_BayesMVP","BayesMVP_NicoStan",50000,25,2,2,1,50,"50597d787bf5578f0fdbdd94f2702741","state_allocation_thread_setup_sampling_divergence_check","iteration_difference","main_scaling","two_run_difference",NA,4,18.0864795918366,18.0622448979591,0.451638981576489,0.400750000000073,18.1255,0.0390204081633403,0.361729591836733,0.396000000000072,18.1095,0.0406326530612985,0.361244897959182,0,FALSE,FALSE,0.110579838925796,5.52899194628982,0,"1914;1919;1924;1929",458
"Laptop","MD_BayesMVP","BayesMVP_NicoStan",50000,25,4,4,1,50,"50597d787bf5578f0fdbdd94f2702741","state_allocation_thread_setup_sampling_divergence_check","iteration_difference","main_scaling","two_run_difference",NA,4,18.9436224489797,18.6586734693879,0.671293834567412,0.477250000000026,19.0420000000001,0.0983775510204333,0.378872448979593,0.478500000000167,18.7650000000001,0.106326530612157,0.373173469387759,0,FALSE,FALSE,0.211152856892767,10.5576428446383,0,"1915;1920;1925;1930",459
"Laptop","MD_BayesMVP","BayesMVP_NicoStan",50000,25,8,8,1,50,"50597d787bf5578f0fdbdd94f2702741","state_allocation_thread_setup_sampling_divergence_check","iteration_difference","main_scaling","two_run_difference",NA,4,29.5563775510204,30.4443877551019,1.93077320505916,0.826999999999941,29.79225,0.235872448979533,0.591127551020409,0.830999999999904,30.6569999999999,0.220336734693779,0.608887755102039,0,FALSE,FALSE,0.270669163911929,13.5334581955964,0,"1916;1921;1926;1931",460
"Laptop","MD_BayesMVP","BayesMVP_NicoStan",50000,25,16,16,1,50,"50597d787bf5578f0fdbdd94f2702741","state_allocation_thread_setup_sampling_divergence_check","iteration_difference","main_scaling","two_run_difference",NA,4,86.4765306122448,87.0428571428571,1.45362840531793,1.95375000000007,86.70075,0.224219387755175,1.7295306122449,1.94700000000012,87.287,0.223122448979731,1.74085714285714,0,FALSE,FALSE,0.185021298689039,9.25106493445197,0,"1917;1922;1927;1932",461
"Laptop","MD_BayesMVP","BayesMVP_NicoStan",50000,50,1,1,1,50,"50597d787bf5578f0fdbdd94f2702741","state_allocation_thread_setup_sampling_divergence_check","iteration_difference","main_scaling","two_run_difference",NA,4,15.8854591836736,15.8025510204086,0.191911577164745,0.33725000000004,15.9050000000002,0.0195408163265674,0.317709183673473,0.331000000000131,15.8160000000003,0.015071428571455,0.316051020408172,0,FALSE,FALSE,0.0629506511859447,3.14753255929723,0,"1933;1938;1943;1948",462
"Laptop","MD_BayesMVP","BayesMVP_NicoStan",50000,50,2,2,1,50,"50597d787bf5578f0fdbdd94f2702741","state_allocation_thread_setup_sampling_divergence_check","iteration_difference","main_scaling","two_run_difference",NA,4,16.0369897959188,16.0897959183678,0.132302978658246,0.372249999999781,16.0885000000002,0.0515102040814053,0.320739795918376,0.365999999999985,16.1485000000002,0.0443163265304111,0.321795918367357,0,FALSE,FALSE,0.124711683766799,6.23558418833994,0,"1934;1939;1944;1949",463
"Laptop","MD_BayesMVP","BayesMVP_NicoStan",50000,50,4,4,1,50,"50597d787bf5578f0fdbdd94f2702741","state_allocation_thread_setup_sampling_divergence_check","iteration_difference","main_scaling","two_run_difference",NA,4,16.5579081632652,16.385714285714,0.388465492297777,0.421999999999912,16.6487499999998,0.0908418367346072,0.331158163265305,0.42450000000008,16.4839999999997,0.0977142857143648,0.327714285714281,0,FALSE,FALSE,0.241576409324111,12.0788204662056,0,"1935;1940;1945;1950",464
"Laptop","MD_BayesMVP","BayesMVP_NicoStan",50000,50,8,8,1,50,"50597d787bf5578f0fdbdd94f2702741","state_allocation_thread_setup_sampling_divergence_check","iteration_difference","main_scaling","two_run_difference",NA,4,19.4301020408166,19.4316326530616,1.20506546339554,0.583749999999782,19.6252500000001,0.19514795918345,0.388602040816332,0.591499999999769,19.6255000000001,0.202867346938537,0.388632653061232,0,FALSE,FALSE,0.411732268991408,20.5866134495704,0,"1936;1941;1946;1951",465
"Laptop","MD_BayesMVP","BayesMVP_NicoStan",50000,50,16,16,1,50,"50597d787bf5578f0fdbdd94f2702741","state_allocation_thread_setup_sampling_divergence_check","iteration_difference","main_scaling","two_run_difference",NA,4,51.1704081632654,51.262755102041,0.955065337395716,1.24074999999982,51.3877499999999,0.217341836734514,1.02340816326531,1.23449999999957,51.4719999999998,0.213367346938547,1.02525510204082,0,FALSE,FALSE,0.31268071868706,15.634035934353,0,"1937;1942;1947;1952",466
"Laptop","MD_BayesMVP","BayesMVP_NicoStan",50000,100,1,1,1,50,"50597d787bf5578f0fdbdd94f2702741","state_allocation_thread_setup_sampling_divergence_check","iteration_difference","main_scaling","two_run_difference",NA,4,16.4318877551026,16.4178571428579,0.309027457673125,0.346499999999764,16.4497500000003,0.017862244897712,0.328637755102052,0.350999999999658,16.4460000000004,0.018724489795645,0.328357142857158,0,FALSE,FALSE,0.0608572803626576,3.04286401813288,0,"1953;1958;1963;1968",467
"Laptop","MD_BayesMVP","BayesMVP_NicoStan",50000,100,2,2,1,50,"50597d787bf5578f0fdbdd94f2702741","state_allocation_thread_setup_sampling_divergence_check","iteration_difference","main_scaling","two_run_difference",NA,4,16.274744897959,16.1872448979584,0.302920184089407,0.370000000000232,16.31925,0.0445051020410527,0.325494897959179,0.37050000000022,16.2374999999997,0.0473367346941015,0.323744897959168,0,FALSE,FALSE,0.122889791056007,6.14448955280037,0,"1954;1959;1964;1969",468
"Laptop","MD_BayesMVP","BayesMVP_NicoStan",50000,100,4,4,1,50,"50597d787bf5578f0fdbdd94f2702741","state_allocation_thread_setup_sampling_divergence_check","iteration_difference","main_scaling","two_run_difference",NA,4,17.1719387755103,17.3586734693881,0.550995527279167,0.428499999999985,17.2570000000001,0.0850612244897798,0.343438775510206,0.433999999999969,17.4315000000001,0.0854591836734137,0.347173469387761,0,FALSE,FALSE,0.232938170365748,11.6469085182874,0,"1955;1960;1965;1970",469
"Laptop","MD_BayesMVP","BayesMVP_NicoStan",50000,100,8,8,1,50,"50597d787bf5578f0fdbdd94f2702741","state_allocation_thread_setup_sampling_divergence_check","iteration_difference","main_scaling","two_run_difference",NA,4,17.2979591836735,17.3377551020408,0.182881892154115,0.520749999999907,17.4727499999999,0.174790816326438,0.345959183673469,0.509999999999991,17.4854999999998,0.166877551020402,0.346755102040816,0,FALSE,FALSE,0.462482302973101,23.124115148655,0,"1956;1961;1966;1971",470
"Laptop","MD_BayesMVP","BayesMVP_NicoStan",50000,100,16,16,1,50,"50597d787bf5578f0fdbdd94f2702741","state_allocation_thread_setup_sampling_divergence_check","iteration_difference","main_scaling","two_run_difference",NA,4,32.8204081632654,32.7877551020413,0.356050808535599,0.961749999999938,33.12575,0.30534183673463,0.656408163265308,0.970499999999674,33.1025000000002,0.314744897958848,0.655755102040827,0,FALSE,FALSE,0.487501554533017,24.3750777266508,0,"1957;1962;1967;1972",471
"Laptop","MD_BayesMVP","BayesMVP_NicoStan",50000,250,1,1,1,50,"50597d787bf5578f0fdbdd94f2702741","state_allocation_thread_setup_sampling_divergence_check","iteration_difference","main_scaling","two_run_difference",NA,4,16.4971938775506,16.5239795918364,0.339416628622657,0.350500000000125,16.5177499999998,0.0205561224491118,0.329943877551013,0.347500000000309,16.5529999999997,0.0181224489796737,0.330479591836727,0,FALSE,FALSE,0.0606163695124417,3.03081847562208,0,"1973;1978;1983;1988",472
"Laptop","MD_BayesMVP","BayesMVP_NicoStan",50000,250,2,2,1,50,"50597d787bf5578f0fdbdd94f2702741","state_allocation_thread_setup_sampling_divergence_check","iteration_difference","main_scaling","two_run_difference",NA,4,16.6859693877548,16.6653061224484,0.213939427033926,0.387250000000108,16.7394999999998,0.0535306122450126,0.333719387755096,0.386500000000069,16.7199999999996,0.0546938775511795,0.333306122448968,0,FALSE,FALSE,0.11986118118302,5.993059059151,0,"1974;1979;1984;1989",473
"Laptop","MD_BayesMVP","BayesMVP_NicoStan",50000,250,4,4,1,50,"50597d787bf5578f0fdbdd94f2702741","state_allocation_thread_setup_sampling_divergence_check","iteration_difference","main_scaling","two_run_difference",NA,4,16.7469387755101,16.7484693877554,0.149256568546391,0.456750000000056,16.86875,0.121811224489854,0.334938775510202,0.457499999999982,16.8675000000003,0.120204081632632,0.334969387755109,0,FALSE,FALSE,0.238849622227639,11.942481111382,0,"1975;1980;1985;1990",474
"Laptop","MD_BayesMVP","BayesMVP_NicoStan",50000,250,8,8,1,50,"50597d787bf5578f0fdbdd94f2702741","state_allocation_thread_setup_sampling_divergence_check","iteration_difference","main_scaling","two_run_difference",NA,4,17.8428571428569,17.8892857142855,0.243836987489858,0.524750000000154,18.0107499999999,0.167892857143016,0.356857142857138,0.509999999999991,18.03,0.156040816326525,0.357785714285711,0,FALSE,FALSE,0.448358686949566,22.4179343474783,0,"1976;1981;1986;1991",475
"Laptop","MD_BayesMVP","BayesMVP_NicoStan",50000,250,16,16,1,50,"50597d787bf5578f0fdbdd94f2702741","state_allocation_thread_setup_sampling_divergence_check","iteration_difference","main_scaling","two_run_difference",NA,4,31.8191326530609,31.8198979591833,0.401239208282416,0.929500000000075,32.1122499999998,0.293117346938857,0.636382653061219,0.910499999999956,32.0939999999996,0.27410204081629,0.636397959183666,0,FALSE,FALSE,0.50284211623414,25.142105811707,0,"1977;1982;1987;1992",476
"Laptop","MD_BayesMVP","BayesMVP_NicoStan",50000,500,1,1,1,50,"50597d787bf5578f0fdbdd94f2702741","state_allocation_thread_setup_sampling_divergence_check","iteration_difference","main_scaling","two_run_difference",NA,4,16.6724489795915,16.676020408163,0.154467463046867,0.359000000000265,16.698,0.0255510204084338,0.333448979591831,0.356000000000222,16.6985,0.0224795918369618,0.33352040816326,0,FALSE,FALSE,0.0599791908929566,2.99895954464783,0,"1993;1998;2003;2008",477
"Laptop","MD_BayesMVP","BayesMVP_NicoStan",50000,500,2,2,1,50,"50597d787bf5578f0fdbdd94f2702741","state_allocation_thread_setup_sampling_divergence_check","iteration_difference","main_scaling","two_run_difference",NA,4,16.7678571428571,16.7474489795922,0.188099543565537,0.397500000000036,16.83,0.0621428571428934,0.335357142857143,0.388500000000022,16.8225000000002,0.0502959183673664,0.334948979591844,0,FALSE,FALSE,0.119275825346113,5.96379126730564,0,"1994;1999;2004;2009",478
"Laptop","MD_BayesMVP","BayesMVP_NicoStan",50000,500,4,4,1,50,"50597d787bf5578f0fdbdd94f2702741","state_allocation_thread_setup_sampling_divergence_check","iteration_difference","main_scaling","two_run_difference",NA,4,17.225765306122,17.2102040816322,0.142188364115887,0.44375000000025,17.3249999999998,0.0992346938778099,0.34451530612244,0.442500000000337,17.3109999999997,0.0976734693880997,0.344204081632643,0,FALSE,FALSE,0.232210292484271,11.6105146242136,0,"1995;2000;2005;2010",479
"Laptop","MD_BayesMVP","BayesMVP_NicoStan",50000,500,8,8,1,50,"50597d787bf5578f0fdbdd94f2702741","state_allocation_thread_setup_sampling_divergence_check","iteration_difference","main_scaling","two_run_difference",NA,4,18.1556122448977,18.2086734693874,0.242920731399667,0.557000000000016,18.3494999999998,0.193887755102061,0.363112244897955,0.545499999999947,18.3404999999998,0.185632653061178,0.364173469387749,0,FALSE,FALSE,0.440635099058597,22.0317549529299,0,"1996;2001;2006;2011",480
"Laptop","MD_BayesMVP","BayesMVP_NicoStan",50000,500,16,16,1,50,"50597d787bf5578f0fdbdd94f2702741","state_allocation_thread_setup_sampling_divergence_check","iteration_difference","main_scaling","two_run_difference",NA,4,33.2530612244895,33.3229591836731,0.513101297825039,0.970500000000015,33.5584999999998,0.305438775510225,0.665061224489791,0.976499999999987,33.5694999999996,0.309418367346933,0.666459183673461,0,FALSE,FALSE,0.481158708727143,24.0579354363571,0,"1997;2002;2007;2012",481
"Laptop","MD_BayesMVP_WCP","BayesMVP_NicoStan",500,2,4,2,2,2000,"257aba3ac8b8727679d269bf8597bb85","state_allocation_thread_setup_sampling_divergence_check","iteration_difference","main_scaling","two_run_difference",NA,4,7.72236118059007,7.7208604302147,0.193848483375029,0.005250000000105,7.72374999999988,0.00138881940980997,0.00386118059029503,0.00500000000005407,7.72249999999975,0.00121710855427614,0.00386043021510735,0,FALSE,FALSE,0.25898814536504,517.976290730079,0,"2013;2016;2019;2022",482
"Laptop","MD_BayesMVP_WCP","BayesMVP_NicoStan",500,2,8,4,2,2000,"257aba3ac8b8727679d269bf8597bb85","state_allocation_thread_setup_sampling_divergence_check","iteration_difference","main_scaling","two_run_difference",NA,4,8.20035017508731,8.15407703851907,0.345927573300143,0.00850000000030882,8.20475000000008,0.00439982491276516,0.00410017508754365,0.00800000000035972,8.15750000000007,0.00380815407739838,0.00407703851925953,0,FALSE,FALSE,0.48778404758275,975.5680951655,0,"2014;2017;2020;2023",483
"Laptop","MD_BayesMVP_WCP","BayesMVP_NicoStan",500,2,16,8,2,2000,"257aba3ac8b8727679d269bf8597bb85","state_allocation_thread_setup_sampling_divergence_check","iteration_difference","main_scaling","two_run_difference",NA,4,13.7943971985995,13.7813906953477,0.362118899416952,0.0212499999999869,13.8087500000001,0.0143528014006872,0.00689719859929973,0.0210000000001163,13.7955000000001,0.0141093046524424,0.00689069534767383,0,FALSE,FALSE,0.579945602901172,1159.89120580234,0,"2015;2018;2021;2024",484
"Laptop","MD_BayesMVP_WCP","BayesMVP_NicoStan",500,4,4,2,2,2000,"257aba3ac8b8727679d269bf8597bb85","state_allocation_thread_setup_sampling_divergence_check","iteration_difference","main_scaling","two_run_difference",NA,4,8.04502251125577,7.92496248124062,0.387075087030622,0.00524999999987763,8.04625000000002,0.00122748874424975,0.00402251125562788,0.00500000000005585,7.92600000000005,0.00109904952481468,0.00396248124062031,0,FALSE,FALSE,0.248600920283542,497.201840567085,0,"2025;2030;2035;2040",485
"Laptop","MD_BayesMVP_WCP","BayesMVP_NicoStan",500,4,8,2,4,2000,"257aba3ac8b8727679d269bf8597bb85","state_allocation_thread_setup_sampling_divergence_check","iteration_difference","main_scaling","two_run_difference",NA,4,6.7388694347173,6.70585292646278,0.177733643459824,0.00599999999992917,6.74149999999987,0.00263056528257052,0.00336943471735865,0.00600000000000023,6.70849999999971,0.00264707353692515,0.00335292646323139,0,FALSE,FALSE,0.296785687773739,593.571375547477,0,"2026;2031;2036;2041",486
"Laptop","MD_BayesMVP_WCP","BayesMVP_NicoStan",500,4,8,4,2,2000,"257aba3ac8b8727679d269bf8597bb85","state_allocation_thread_setup_sampling_divergence_check","iteration_difference","main_scaling","two_run_difference",NA,4,8.53651825912904,8.50725362681381,0.38247156485919,0.00824999999932352,8.5404999999988,0.003981740869759,0.00426825912956452,0.00749999999999673,8.51250000000016,0.00326438219109228,0.0042536268134069,0,FALSE,FALSE,0.468575112074804,937.150224149608,0,"2027;2032;2037;2042",487
"Laptop","MD_BayesMVP_WCP","BayesMVP_NicoStan",500,4,16,4,4,2000,"257aba3ac8b8727679d269bf8597bb85","state_allocation_thread_setup_sampling_divergence_check","iteration_difference","main_scaling","two_run_difference",NA,4,11.9039519759882,11.9244622311155,0.135741498744588,0.0172499999998585,11.91525,0.0112980240118645,0.00595197598799408,0.0164999999997235,11.9374999999999,0.0104917458726598,0.00596223111555775,0,FALSE,FALSE,0.336022860985035,672.04572197007,0,"2028;2033;2038;2043",488
"Laptop","MD_BayesMVP_WCP","BayesMVP_NicoStan",500,4,16,8,2,2000,"257aba3ac8b8727679d269bf8597bb85","state_allocation_thread_setup_sampling_divergence_check","iteration_difference","main_scaling","two_run_difference",NA,4,13.9267133566783,13.8654327163579,0.256167631542471,0.0329999999999622,13.9527499999999,0.026036643321623,0.00696335667833916,0.0285000000000295,13.8854999999998,0.0215875437719156,0.00693271635817896,0,FALSE,FALSE,0.574435604087718,1148.87120817544,0,"2029;2034;2039;2044",489
"Laptop","MD_BayesMVP_WCP","BayesMVP_NicoStan",500,10,4,2,2,2000,"257aba3ac8b8727679d269bf8597bb85","state_allocation_thread_setup_sampling_divergence_check","iteration_difference","main_scaling","two_run_difference",NA,4,9.14357178589308,9.05752876438206,0.243592533728677,0.00649999999980366,9.14549999999994,0.00192821410685712,0.00457178589294654,0.00649999999980366,9.05949999999967,0.00188519259610161,0.00452876438219103,0,FALSE,FALSE,0.218732902943426,437.465805886852,0,"2045;2051;2057;2063",490
"Laptop","MD_BayesMVP_WCP","BayesMVP_NicoStan",500,10,8,2,4,2000,"257aba3ac8b8727679d269bf8597bb85","state_allocation_thread_setup_sampling_divergence_check","iteration_difference","main_scaling","two_run_difference",NA,4,7.80190095047543,7.79889944972486,0.181041711327798,0.00674999999998249,7.80475000000018,0.00284904952474478,0.00390095047523772,0.00699999999980605,7.80200000000001,0.00310055027514257,0.00389944972486243,0,FALSE,FALSE,0.256347781482425,512.69556296485,0,"2046;2052;2058;2064",491
"Laptop","MD_BayesMVP_WCP","BayesMVP_NicoStan",500,10,16,2,8,2000,"257aba3ac8b8727679d269bf8597bb85","state_allocation_thread_setup_sampling_divergence_check","iteration_difference","main_scaling","two_run_difference",NA,4,13.3806903451729,13.3746873436723,0.323536679756003,0.026999999999763,13.401,0.0203096548271766,0.00669034517258643,0.0249999999998209,13.3880000000002,0.0182323661829125,0.00668734367183617,0,FALSE,FALSE,0.149469119186478,298.938238372957,0,"2047;2053;2059;2065",492
"Laptop","MD_BayesMVP_WCP","BayesMVP_NicoStan",500,10,8,4,2,2000,"257aba3ac8b8727679d269bf8597bb85","state_allocation_thread_setup_sampling_divergence_check","iteration_difference","main_scaling","two_run_difference",NA,4,9.82516258129088,9.87143571785938,0.377887567027226,0.0104999999998832,9.83075000000012,0.00558741870923772,0.00491258129064544,0.00999999999976353,9.87650000000021,0.00506428214082674,0.00493571785892969,0,FALSE,FALSE,0.407117945062489,814.235890124977,0,"2048;2054;2060;2066",493
"Laptop","MD_BayesMVP_WCP","BayesMVP_NicoStan",500,10,16,4,4,2000,"257aba3ac8b8727679d269bf8597bb85","state_allocation_thread_setup_sampling_divergence_check","iteration_difference","main_scaling","two_run_difference",NA,4,13.5472736368187,13.4677338669337,0.369101433858526,0.0244999999999536,13.5650000000002,0.0177263631815442,0.00677363681840934,0.0205000000000126,13.4800000000002,0.0138671835918085,0.00673386693346685,0,FALSE,FALSE,0.295262361064947,590.524722129894,0,"2049;2055;2061;2067",494
"Laptop","MD_BayesMVP_WCP","BayesMVP_NicoStan",500,10,16,8,2,2000,"257aba3ac8b8727679d269bf8597bb85","state_allocation_thread_setup_sampling_divergence_check","iteration_difference","main_scaling","two_run_difference",NA,4,15.895447723862,15.9129564782393,0.145485947326002,0.0279999999997642,15.9154999999999,0.0200522761378332,0.00794772386193102,0.0279999999996647,15.9294999999997,0.0201050525259279,0.00795647823911966,0,FALSE,FALSE,0.503288749016519,1006.57749803304,0,"2050;2056;2062;2068",495
"Laptop","MD_BayesMVP_WCP","BayesMVP_NicoStan",2500,2,4,2,2,400,"7184208393ceb4c8ae3e26f0d1660bdb","state_allocation_thread_setup_sampling_divergence_check","iteration_difference","main_scaling","two_run_difference",NA,4,4.53533834586441,4.46466165413529,0.252919171679007,0.0167500000001155,4.54074999999987,0.00541165413545447,0.011338345864661,0.0165000000002635,4.47049999999992,0.00498496240627968,0.0111616541353382,0,FALSE,FALSE,0.440981432360767,176.392572944307,0,"2069;2072;2075;2078",496
"Laptop","MD_BayesMVP_WCP","BayesMVP_NicoStan",2500,2,8,4,2,400,"7184208393ceb4c8ae3e26f0d1660bdb","state_allocation_thread_setup_sampling_divergence_check","iteration_difference","main_scaling","two_run_difference",NA,4,5.58947368421094,5.69624060150402,0.440085026274604,0.0282499999997157,5.60375000000013,0.0142763157891883,0.0139736842105274,0.0249999999998209,5.71450000000007,0.0114987468669883,0.01424060150376,0,FALSE,FALSE,0.715630885122357,286.252354048943,0,"2070;2073;2076;2079",497
"Laptop","MD_BayesMVP_WCP","BayesMVP_NicoStan",2500,2,16,8,2,400,"7184208393ceb4c8ae3e26f0d1660bdb","state_allocation_thread_setup_sampling_divergence_check","iteration_difference","main_scaling","two_run_difference",NA,4,13.470426065163,13.4601503759399,0.352087065547055,0.0742499999999779,13.511,0.0405739348370705,0.0336760651629074,0.06899999999996,13.4945,0.0345764411027166,0.0336503759398498,0,FALSE,FALSE,0.59389361266675,237.5574450667,0,"2071;2074;2077;2080",498
"Laptop","MD_BayesMVP_WCP","BayesMVP_NicoStan",2500,4,4,2,2,400,"7184208393ceb4c8ae3e26f0d1660bdb","state_allocation_thread_setup_sampling_divergence_check","iteration_difference","main_scaling","two_run_difference",NA,4,4.27218045112788,4.2721804511277,0.0540021257744676,0.0195000000001144,4.28100000000017,0.00881954887229474,0.0106804511278197,0.0190000000002328,4.2830000000001,0.00843107769446817,0.0106804511278193,0,FALSE,FALSE,0.468145019359374,187.25800774375,0,"2081;2086;2091;2096",499
"Laptop","MD_BayesMVP_WCP","BayesMVP_NicoStan",2500,4,8,2,4,400,"7184208393ceb4c8ae3e26f0d1660bdb","state_allocation_thread_setup_sampling_divergence_check","iteration_difference","main_scaling","two_run_difference",NA,4,3.02030075187972,3.00501253132854,0.0787350448745178,0.0137499999998383,3.02649999999986,0.00619924812013897,0.00755075187969931,0.0135000000000076,3.01199999999993,0.0060914786967495,0.00751253132832134,0,FALSE,FALSE,0.662185710729394,264.874284291758,0,"2082;2087;2092;2097",500
"Laptop","MD_BayesMVP_WCP","BayesMVP_NicoStan",2500,4,8,4,2,400,"7184208393ceb4c8ae3e26f0d1660bdb","state_allocation_thread_setup_sampling_divergence_check","iteration_difference","main_scaling","two_run_difference",NA,4,4.75162907268151,4.65413533834552,0.373489199852894,0.0259999999999962,4.76574999999981,0.0141209273182925,0.0118790726817038,0.0244999999999891,4.67199999999957,0.012675438596422,0.0116353383458638,0,FALSE,FALSE,0.841816551505915,336.726620602366,0,"2083;2088;2093;2098",501
"Laptop","MD_BayesMVP_WCP","BayesMVP_NicoStan",2500,4,16,4,4,400,"7184208393ceb4c8ae3e26f0d1660bdb","state_allocation_thread_setup_sampling_divergence_check","iteration_difference","main_scaling","two_run_difference",NA,4,6.04085213032583,5.93784461152892,0.332544465114526,0.0384999999999849,6.06425,0.0233978696741703,0.0151021303258146,0.0335000000000321,5.96650000000004,0.0181403508772252,0.0148446115288223,0,FALSE,FALSE,0.662158237563787,264.863295025515,0,"2084;2089;2094;2099",502
"Laptop","MD_BayesMVP_WCP","BayesMVP_NicoStan",2500,4,16,8,2,400,"7184208393ceb4c8ae3e26f0d1660bdb","state_allocation_thread_setup_sampling_divergence_check","iteration_difference","main_scaling","two_run_difference",NA,4,8.96315789473694,8.90676691729348,0.343216893928972,0.0627500000001788,9.00350000000027,0.0403421052633365,0.0224078947368423,0.0645000000001517,8.9430000000004,0.0423784461154393,0.0222669172932337,0,FALSE,FALSE,0.892542571931876,357.01702877275,0,"2085;2090;2095;2100",503
"Laptop","MD_BayesMVP_WCP","BayesMVP_NicoStan",2500,10,4,2,2,400,"7184208393ceb4c8ae3e26f0d1660bdb","state_allocation_thread_setup_sampling_divergence_check","iteration_difference","main_scaling","two_run_difference",NA,4,4.37468671679158,4.36791979949846,0.0552887734566212,0.0157500000002173,4.37949999999982,0.00481328320823835,0.010936716791979,0.0155000000004293,4.37149999999988,0.00448872180494251,0.0109197994987462,0,FALSE,FALSE,0.457175594385604,182.870237754242,0,"2101;2107;2113;2119",504
"Laptop","MD_BayesMVP_WCP","BayesMVP_NicoStan",2500,10,8,2,4,400,"7184208393ceb4c8ae3e26f0d1660bdb","state_allocation_thread_setup_sampling_divergence_check","iteration_difference","main_scaling","two_run_difference",NA,4,3.33634085213007,3.32581453634086,0.0673646416566609,0.0150000000002208,3.34299999999996,0.00665914786989567,0.00834085213032516,0.0145000000000692,3.33150000000008,0.00627067669174174,0.00831453634085215,0,FALSE,FALSE,0.599459134615431,239.783653846173,0,"2102;2108;2114;2120",505
"Laptop","MD_BayesMVP_WCP","BayesMVP_NicoStan",2500,10,16,2,8,400,"7184208393ceb4c8ae3e26f0d1660bdb","state_allocation_thread_setup_sampling_divergence_check","iteration_difference","main_scaling","two_run_difference",NA,4,5.39699248120294,5.43759398496238,0.144074021083382,0.0417500000000075,5.42524999999994,0.0282575187970001,0.0134924812030074,0.0425000000000182,5.46049999999985,0.0287393483709458,0.013593984962406,0,FALSE,FALSE,0.370576762329344,148.230704931738,0,"2103;2109;2115;2121",506
"Laptop","MD_BayesMVP_WCP","BayesMVP_NicoStan",2500,10,8,4,2,400,"7184208393ceb4c8ae3e26f0d1660bdb","state_allocation_thread_setup_sampling_divergence_check","iteration_difference","main_scaling","two_run_difference",NA,4,4.65538847117765,4.6461152882205,0.15275067269937,0.0275000000002947,4.67125,0.0158615288223506,0.0116384711779441,0.0275000000006003,4.66600000000017,0.0155802005018549,0.0116152882205512,0,FALSE,FALSE,0.859219380888345,343.687752355338,0,"2104;2110;2116;2122",507
"Laptop","MD_BayesMVP_WCP","BayesMVP_NicoStan",2500,10,16,4,4,400,"7184208393ceb4c8ae3e26f0d1660bdb","state_allocation_thread_setup_sampling_divergence_check","iteration_difference","main_scaling","two_run_difference",NA,4,6.06741854636598,6.09022556390976,0.0910070122785994,0.0290000000001029,6.08125000000017,0.013831453634188,0.0151685463659149,0.0289999999999253,6.10400000000027,0.0138884711778698,0.0152255639097744,0,FALSE,FALSE,0.65925895328183,263.703581312732,0,"2105;2111;2117;2123",508
"Laptop","MD_BayesMVP_WCP","BayesMVP_NicoStan",2500,10,16,8,2,400,"7184208393ceb4c8ae3e26f0d1660bdb","state_allocation_thread_setup_sampling_divergence_check","iteration_difference","main_scaling","two_run_difference",NA,4,8.1706766917293,8.18646616541366,0.12734953800029,0.0562500000002046,8.20650000000018,0.0358233082708814,0.0204266917293233,0.0570000000003006,8.22150000000023,0.0366127819551882,0.0204661654135341,0,FALSE,FALSE,0.979111070212573,391.644428085029,0,"2106;2112;2118;2124",509
"Laptop","MD_BayesMVP_WCP","BayesMVP_NicoStan",2500,25,4,2,2,400,"7184208393ceb4c8ae3e26f0d1660bdb","state_allocation_thread_setup_sampling_divergence_check","iteration_difference","main_scaling","two_run_difference",NA,4,4.60325814536325,4.58446115288206,0.120112286235185,0.0185000000000457,4.61024999999989,0.00699185463663758,0.0115081453634081,0.0185000000002162,4.59100000000008,0.00705639097766019,0.0114611528822051,0,FALSE,FALSE,0.434474873414291,173.789949365716,0,"2125;2131;2137;2143",510
"Laptop","MD_BayesMVP_WCP","BayesMVP_NicoStan",2500,25,8,2,4,400,"7184208393ceb4c8ae3e26f0d1660bdb","state_allocation_thread_setup_sampling_divergence_check","iteration_difference","main_scaling","two_run_difference",NA,4,3.27067669172901,3.26616541353355,0.0936346576627663,0.0135000000000645,3.27599999999975,0.00532330827074193,0.00817669172932253,0.0140000000000668,3.27099999999977,0.00562155388483699,0.00816541353383386,0,FALSE,FALSE,0.611494252873621,244.597701149449,0,"2126;2132;2138;2144",511
"Laptop","MD_BayesMVP_WCP","BayesMVP_NicoStan",2500,25,16,2,8,400,"7184208393ceb4c8ae3e26f0d1660bdb","state_allocation_thread_setup_sampling_divergence_check","iteration_difference","main_scaling","two_run_difference",NA,4,5.01052631578934,5.0025062656641,0.30249564101509,0.0482499999999746,5.04624999999984,0.0357236842105012,0.0125263157894734,0.0434999999998951,5.03349999999983,0.0309937343357348,0.0125062656641602,0,FALSE,FALSE,0.399159663865557,159.663865546223,0,"2127;2133;2139;2145",512
"Laptop","MD_BayesMVP_WCP","BayesMVP_NicoStan",2500,25,8,4,2,400,"7184208393ceb4c8ae3e26f0d1660bdb","state_allocation_thread_setup_sampling_divergence_check","iteration_difference","main_scaling","two_run_difference",NA,4,5.06040100250653,5.08671679198047,0.0864691922515006,0.0292499999998199,5.07700000000008,0.0165989974935536,0.0126510025062663,0.0294999999996435,5.10350000000014,0.0167832080196923,0.0127167919799512,0,FALSE,FALSE,0.790451191124717,316.180476449887,0,"2128;2134;2140;2146",513
"Laptop","MD_BayesMVP_WCP","BayesMVP_NicoStan",2500,25,16,4,4,400,"7184208393ceb4c8ae3e26f0d1660bdb","state_allocation_thread_setup_sampling_divergence_check","iteration_difference","main_scaling","two_run_difference",NA,4,6.02581453634065,6.00501253132807,0.196212058513944,0.0359999999999729,6.04674999999978,0.0209354636591213,0.0150645363408516,0.0374999999998806,6.02749999999963,0.0224874686715604,0.0150125313283202,0,FALSE,FALSE,0.663810672545045,265.524269018018,0,"2129;2135;2141;2147",514
"Laptop","MD_BayesMVP_WCP","BayesMVP_NicoStan",2500,25,16,8,2,400,"7184208393ceb4c8ae3e26f0d1660bdb","state_allocation_thread_setup_sampling_divergence_check","iteration_difference","main_scaling","two_run_difference",NA,4,8.79749373433545,8.80751879699229,0.119019914992565,0.0495000000001653,8.82499999999978,0.0275062656643267,0.0219937343358386,0.0530000000003383,8.83149999999981,0.0310313283211418,0.0220187969924807,0,FALSE,FALSE,0.909349894592941,363.739957837176,0,"2130;2136;2142;2148",515
"Laptop","MD_BayesMVP_WCP","BayesMVP_NicoStan",10000,4,4,2,2,200,"b352a26c8e9b174599c6b645056fb577","state_allocation_thread_setup_sampling_divergence_check","iteration_difference","main_scaling","two_run_difference",NA,4,9.00025125628111,8.98492462311521,0.618474298972647,0.0642500000000581,9.01949999999977,0.0192487437186525,0.0450012562814056,0.0620000000001539,9.00199999999978,0.0170753768845779,0.044924623115576,0,FALSE,FALSE,0.22221601853662,44.443203707324,0,"2149;2154;2159;2164",516
"Laptop","MD_BayesMVP_WCP","BayesMVP_NicoStan",10000,4,8,2,4,200,"b352a26c8e9b174599c6b645056fb577","state_allocation_thread_setup_sampling_divergence_check","iteration_difference","main_scaling","two_run_difference",NA,4,8.04673366834148,8.06884422110534,0.278480233209507,0.0637500000000273,8.0702499999998,0.0235163316583199,0.0402336683417074,0.0609999999999502,8.08799999999991,0.0206130653265848,0.0403442211055267,0,FALSE,FALSE,0.248548054705559,49.7096109411117,0,"2150;2155;2160;2165",517
"Laptop","MD_BayesMVP_WCP","BayesMVP_NicoStan",10000,4,8,4,2,200,"b352a26c8e9b174599c6b645056fb577","state_allocation_thread_setup_sampling_divergence_check","iteration_difference","main_scaling","two_run_difference",NA,4,14.79824120603,14.974874371859,0.525970003902772,0.105000000000047,14.8292499999999,0.0310087939698966,0.07399120603015,0.105000000000018,15.0049999999998,0.0301256281407801,0.0748743718592949,0,FALSE,FALSE,0.270302392312005,54.060478462401,0,"2151;2156;2161;2166",518
"Laptop","MD_BayesMVP_WCP","BayesMVP_NicoStan",10000,4,16,4,4,200,"b352a26c8e9b174599c6b645056fb577","state_allocation_thread_setup_sampling_divergence_check","iteration_difference","main_scaling","two_run_difference",NA,4,17.9321608040203,17.9668341708547,0.14435440527292,0.153249999999758,17.99575,0.0635891959796568,0.0896608040201015,0.149499999999534,18.0450000000003,0.0594195979894822,0.0898341708542737,0,FALSE,FALSE,0.223062911587499,44.6125823174999,0,"2152;2157;2162;2167",519
"Laptop","MD_BayesMVP_WCP","BayesMVP_NicoStan",10000,4,16,8,2,200,"b352a26c8e9b174599c6b645056fb577","state_allocation_thread_setup_sampling_divergence_check","iteration_difference","main_scaling","two_run_difference",NA,4,35.3615577889447,35.4085427135677,0.311655439389662,0.218000000000018,35.40275,0.0411922110552944,0.176807788944723,0.21250000000029,35.4620000000001,0.0351708542716477,0.177042713567838,0,FALSE,FALSE,0.226234377109401,45.2468754218803,0,"2153;2158;2163;2168",520
"Laptop","MD_BayesMVP_WCP","BayesMVP_NicoStan",10000,10,4,2,2,200,"b352a26c8e9b174599c6b645056fb577","state_allocation_thread_setup_sampling_divergence_check","iteration_difference","main_scaling","two_run_difference",NA,4,7.27386934673372,7.28492462311541,0.110846267921517,0.0567499999999512,7.29425000000001,0.0203806532662826,0.0363693467336686,0.0519999999998504,7.30999999999989,0.0156859296480902,0.0364246231155771,0,FALSE,FALSE,0.274956822107079,54.9913644214158,0,"2169;2175;2181;2187",521
"Laptop","MD_BayesMVP_WCP","BayesMVP_NicoStan",10000,10,8,2,4,200,"b352a26c8e9b174599c6b645056fb577","state_allocation_thread_setup_sampling_divergence_check","iteration_difference","main_scaling","two_run_difference",NA,4,5.36356783919629,5.33316582914607,0.111140132962507,0.0499999999998408,5.38675000000015,0.0231821608038594,0.0268178391959814,0.0509999999997603,5.3540000000003,0.0243592964821712,0.0266658291457304,0,FALSE,FALSE,0.372886119829463,74.5772239658925,0,"2170;2176;2182;2188",522
"Laptop","MD_BayesMVP_WCP","BayesMVP_NicoStan",10000,10,16,2,8,200,"b352a26c8e9b174599c6b645056fb577","state_allocation_thread_setup_sampling_divergence_check","iteration_difference","main_scaling","two_run_difference",NA,4,8.98618090452265,8.98643216080387,0.408496559745619,0.126499999999979,9.06775000000002,0.0815690954773655,0.0449309045226133,0.130000000000166,9.05800000000002,0.0851356783921265,0.0449321608040193,0,FALSE,FALSE,0.222563959177966,44.5127918355933,0,"2171;2177;2183;2189",523
"Laptop","MD_BayesMVP_WCP","BayesMVP_NicoStan",10000,10,8,4,2,200,"b352a26c8e9b174599c6b645056fb577","state_allocation_thread_setup_sampling_divergence_check","iteration_difference","main_scaling","two_run_difference",NA,4,8.6547738693466,8.69045226130641,0.320227880275245,0.0957500000002085,8.70725000000007,0.0524761306534755,0.043273869346733,0.0980000000004111,8.73400000000015,0.0534648241210155,0.043452261306532,0,FALSE,FALSE,0.462172676072701,92.4345352145401,0,"2172;2178;2184;2190",524
"Laptop","MD_BayesMVP_WCP","BayesMVP_NicoStan",10000,10,16,4,4,200,"b352a26c8e9b174599c6b645056fb577","state_allocation_thread_setup_sampling_divergence_check","iteration_difference","main_scaling","two_run_difference",NA,4,11.7502512562814,11.744723618091,0.424869740952364,0.115250000000088,11.8067500000001,0.0564987437186816,0.0587512562814068,0.117000000000189,11.8055000000003,0.0564095477388832,0.0587236180904549,0,FALSE,FALSE,0.340418252576659,68.0836505153319,0,"2173;2179;2185;2191",525
"Laptop","MD_BayesMVP_WCP","BayesMVP_NicoStan",10000,10,16,8,2,200,"b352a26c8e9b174599c6b645056fb577","state_allocation_thread_setup_sampling_divergence_check","iteration_difference","main_scaling","two_run_difference",NA,4,20.0856783919597,20.0341708542712,0.467340195588347,0.146000000000143,20.1312500000001,0.0455716080403444,0.100428391959799,0.145500000000169,20.0785,0.0455326633167523,0.100170854271356,0,FALSE,FALSE,0.398293741634457,79.6587483268914,0,"2174;2180;2186;2192",526
"Laptop","MD_BayesMVP_WCP","BayesMVP_NicoStan",10000,25,4,2,2,200,"b352a26c8e9b174599c6b645056fb577","state_allocation_thread_setup_sampling_divergence_check","iteration_difference","main_scaling","two_run_difference",NA,4,7.56959798994951,7.57688442211054,0.152480065747654,0.0610000000001776,7.59274999999994,0.02315201005043,0.0378479899497475,0.0585000000000093,7.6035,0.0204623115581542,0.0378844221105527,0,FALSE,FALSE,0.264214823912114,52.8429647824228,0,"2193;2199;2205;2211",527
"Laptop","MD_BayesMVP_WCP","BayesMVP_NicoStan",10000,25,8,2,4,200,"b352a26c8e9b174599c6b645056fb577","state_allocation_thread_setup_sampling_divergence_check","iteration_difference","main_scaling","two_run_difference",NA,4,4.97336683417078,4.96783919597997,0.046372952743771,0.0477500000001783,4.9962500000001,0.0228831658293244,0.0248668341708539,0.0485000000003311,4.99300000000022,0.0235452261309849,0.0248391959798998,0,FALSE,FALSE,0.402142063251496,80.4284126502993,0,"2194;2200;2206;2212",528
"Laptop","MD_BayesMVP_WCP","BayesMVP_NicoStan",10000,25,16,2,8,200,"b352a26c8e9b174599c6b645056fb577","state_allocation_thread_setup_sampling_divergence_check","iteration_difference","main_scaling","two_run_difference",NA,4,6.6934673366836,6.66331658291483,0.264528518922335,0.102500000000063,6.76250000000024,0.0690326633166451,0.033467336683418,0.104000000000013,6.6970000000002,0.0716231155779031,0.0333165829145741,0,FALSE,FALSE,0.298798798798791,59.7597597597581,0,"2195;2201;2207;2213",529
"Laptop","MD_BayesMVP_WCP","BayesMVP_NicoStan",10000,25,8,4,2,200,"b352a26c8e9b174599c6b645056fb577","state_allocation_thread_setup_sampling_divergence_check","iteration_difference","main_scaling","two_run_difference",NA,4,8.25854271356772,8.34623115577863,0.26439659214988,0.0875000000000199,8.3047499999999,0.0462072864321813,0.0412927135678386,0.0864999999999725,8.40299999999979,0.0457814070351479,0.0417311557788931,0,FALSE,FALSE,0.484346953056078,96.8693906112156,0,"2196;2202;2208;2214",530
"Laptop","MD_BayesMVP_WCP","BayesMVP_NicoStan",10000,25,16,4,4,200,"b352a26c8e9b174599c6b645056fb577","state_allocation_thread_setup_sampling_divergence_check","iteration_difference","main_scaling","two_run_difference",NA,4,9.13140703517621,9.13366834170914,0.380350671088855,0.105499999999822,9.19125000000015,0.0598429648239406,0.0456570351758811,0.107499999999618,9.18850000000023,0.0602487437182074,0.0456683417085457,0,FALSE,FALSE,0.438048592576271,87.6097185152542,0,"2197;2203;2209;2215",531
"Laptop","MD_BayesMVP_WCP","BayesMVP_NicoStan",10000,25,16,8,2,200,"b352a26c8e9b174599c6b645056fb577","state_allocation_thread_setup_sampling_divergence_check","iteration_difference","main_scaling","two_run_difference",NA,4,14.746733668342,14.7241206030153,0.261714666451311,0.134249999999767,14.8072500000001,0.0605163316580569,0.0737336683417101,0.136499999999614,14.7869999999999,0.0628793969845377,0.0736206030150766,0,FALSE,FALSE,0.542493014380142,108.498602876028,0,"2198;2204;2210;2216",532
"Laptop","MD_BayesMVP_WCP","BayesMVP_NicoStan",10000,50,4,2,2,200,"b352a26c8e9b174599c6b645056fb577","state_allocation_thread_setup_sampling_divergence_check","iteration_difference","main_scaling","two_run_difference",NA,4,7.52135678391941,7.48643216080386,0.103086954536413,0.0552499999999725,7.53899999999979,0.0176432160803754,0.0376067839195971,0.0555000000001655,7.50699999999961,0.017552763819262,0.0374321608040193,0,FALSE,FALSE,0.265909470519465,53.1818941038931,0,"2217;2223;2229;2235",533
"Laptop","MD_BayesMVP_WCP","BayesMVP_NicoStan",10000,50,8,2,4,200,"b352a26c8e9b174599c6b645056fb577","state_allocation_thread_setup_sampling_divergence_check","iteration_difference","main_scaling","two_run_difference",NA,4,4.80201005025153,4.74170854271376,0.201046896811663,0.0419999999999163,4.82000000000019,0.0179899497486587,0.0240100502512577,0.0399999999999636,4.75800000000015,0.0166356783919232,0.0237085427135688,0,FALSE,FALSE,0.416492256174107,83.2984512348215,0,"2218;2224;2230;2236",534
"Laptop","MD_BayesMVP_WCP","BayesMVP_NicoStan",10000,50,16,2,8,200,"b352a26c8e9b174599c6b645056fb577","state_allocation_thread_setup_sampling_divergence_check","iteration_difference","main_scaling","two_run_difference",NA,4,6.38618090452299,6.42261306532718,0.293153241656801,0.118999999999886,6.47325000000026,0.0870690954772711,0.031930904522615,0.119499999999789,6.48700000000031,0.0863819095475242,0.0321130653266359,0,FALSE,FALSE,0.313176220639711,62.6352441279421,0,"2219;2225;2231;2237",535
"Laptop","MD_BayesMVP_WCP","BayesMVP_NicoStan",10000,50,8,4,2,200,"b352a26c8e9b174599c6b645056fb577","state_allocation_thread_setup_sampling_divergence_check","iteration_difference","main_scaling","two_run_difference",NA,4,7.99095477386931,7.99145728643194,0.225333416908532,0.0912499999999454,8.04224999999991,0.0512952261305989,0.0399547738693466,0.0889999999999418,8.02749999999963,0.0480954773868771,0.0399572864321597,0,FALSE,FALSE,0.500565966545091,100.113193309018,0,"2220;2226;2232;2238",536
"Laptop","MD_BayesMVP_WCP","BayesMVP_NicoStan",10000,50,16,4,4,200,"b352a26c8e9b174599c6b645056fb577","state_allocation_thread_setup_sampling_divergence_check","iteration_difference","main_scaling","two_run_difference",NA,4,8.99648241206043,9.00150753768868,0.39485977838952,0.106749999999863,9.05824999999999,0.061767587939561,0.0449824120603021,0.105499999999893,9.05500000000006,0.0604070351757718,0.0450075376884434,0,FALSE,FALSE,0.444618220409981,88.9236440819962,0,"2221;2227;2233;2239",537
"Laptop","MD_BayesMVP_WCP","BayesMVP_NicoStan",10000,50,16,8,2,200,"b352a26c8e9b174599c6b645056fb577","state_allocation_thread_setup_sampling_divergence_check","iteration_difference","main_scaling","two_run_difference",NA,4,14.6258793969848,14.5914572864322,0.216360497827487,0.138000000000119,14.69075,0.0648706030151948,0.0731293969849241,0.135000000000332,14.6594999999999,0.0616984924626447,0.0729572864321609,0,FALSE,FALSE,0.546975657521778,109.395131504356,0,"2222;2228;2234;2240",538
"Laptop","MD_BayesMVP_WCP","BayesMVP_NicoStan",10000,100,4,2,2,200,"b352a26c8e9b174599c6b645056fb577","state_allocation_thread_setup_sampling_divergence_check","iteration_difference","main_scaling","two_run_difference",NA,4,7.76482412060344,7.71155778894467,0.142564859886256,0.0674999999998249,7.79350000000025,0.0286758793968077,0.0388241206030172,0.0674999999998249,7.74499999999995,0.0281909547736915,0.0385577889447233,0,FALSE,FALSE,0.257571835361104,51.5143670722208,0,"2241;2247;2253;2259",539
"Laptop","MD_BayesMVP_WCP","BayesMVP_NicoStan",10000,100,8,2,4,200,"b352a26c8e9b174599c6b645056fb577","state_allocation_thread_setup_sampling_divergence_check","iteration_difference","main_scaling","two_run_difference",NA,4,4.93743718592981,4.93417085427168,0.145705248512129,0.0467499999997472,4.95949999999991,0.0220628140700981,0.024687185929649,0.0449999999998454,4.95799999999997,0.0202964824119057,0.0246708542713584,0,FALSE,FALSE,0.405068444353964,81.0136888707928,0,"2242;2248;2254;2260",540
"Laptop","MD_BayesMVP_WCP","BayesMVP_NicoStan",10000,100,16,2,8,200,"b352a26c8e9b174599c6b645056fb577","state_allocation_thread_setup_sampling_divergence_check","iteration_difference","main_scaling","two_run_difference",NA,4,6.48391959798996,6.52462311557802,0.311751709250502,0.0939999999999088,6.54549999999992,0.061580402009959,0.0324195979899498,0.0814999999999486,6.57099999999997,0.0502537688441693,0.0326231155778901,0,FALSE,FALSE,0.308455397969464,61.6910795938928,0,"2243;2249;2255;2261",541
"Laptop","MD_BayesMVP_WCP","BayesMVP_NicoStan",10000,100,8,4,2,200,"b352a26c8e9b174599c6b645056fb577","state_allocation_thread_setup_sampling_divergence_check","iteration_difference","main_scaling","two_run_difference",NA,4,8.43969849246235,8.44321608040213,0.130548856619021,0.0867500000001087,8.48425000000015,0.0445515075377969,0.0421984924623117,0.0864999999999441,8.48750000000007,0.0442839195979334,0.0422160804020107,0,FALSE,FALSE,0.473950580529918,94.7901161059835,0,"2244;2250;2256;2262",542
"Laptop","MD_BayesMVP_WCP","BayesMVP_NicoStan",10000,100,16,4,4,200,"b352a26c8e9b174599c6b645056fb577","state_allocation_thread_setup_sampling_divergence_check","iteration_difference","main_scaling","two_run_difference",NA,4,9.31683417085453,9.29095477386936,0.219137541488138,0.102750000000015,9.37300000000027,0.0561658291457419,0.0465841708542727,0.103000000000065,9.34200000000016,0.0555201005025759,0.0464547738693468,0,FALSE,FALSE,0.429330384833191,85.8660769666382,0,"2245;2251;2257;2263",543
"Laptop","MD_BayesMVP_WCP","BayesMVP_NicoStan",10000,100,16,8,2,200,"b352a26c8e9b174599c6b645056fb577","state_allocation_thread_setup_sampling_divergence_check","iteration_difference","main_scaling","two_run_difference",NA,4,15.5741206030149,15.7065326633166,0.350559693467872,0.14950000000016,15.64575,0.0716293969850849,0.0778706030150747,0.149000000000342,15.7735000000001,0.0699623115581324,0.0785326633165831,0,FALSE,FALSE,0.51367266274099,102.734532548198,0,"2246;2252;2258;2264",544
"Laptop","MD_BayesMVP_WCP","BayesMVP_NicoStan",50000,4,4,2,2,100,"50597d787bf5578f0fdbdd94f2702741","state_allocation_thread_setup_sampling_divergence_check","iteration_difference","main_scaling","two_run_difference",NA,4,34.5909090909089,34.5828282828279,0.0587597558475981,0.416750000000235,34.6617500000001,0.0708409090911457,0.345909090909089,0.414000000000101,34.6450000000002,0.0676565656566659,0.345828282828279,0,FALSE,FALSE,0.0578186596583446,5.78186596583446,0,"2265;2270;2275;2280",545
"Laptop","MD_BayesMVP_WCP","BayesMVP_NicoStan",50000,4,8,2,4,100,"50597d787bf5578f0fdbdd94f2702741","state_allocation_thread_setup_sampling_divergence_check","iteration_difference","main_scaling","two_run_difference",NA,4,39.9398989898991,39.8893939393941,0.203483755814675,0.511999999999972,40.0525000000001,0.112601010100981,0.399398989898991,0.514499999999828,40.0065000000002,0.11364141414124,0.398893939393941,0,FALSE,FALSE,0.0500752393115917,5.00752393115917,0,"2266;2271;2276;2281",546
"Laptop","MD_BayesMVP_WCP","BayesMVP_NicoStan",50000,4,8,4,2,100,"50597d787bf5578f0fdbdd94f2702741","state_allocation_thread_setup_sampling_divergence_check","iteration_difference","main_scaling","two_run_difference",NA,4,79.6972222222224,79.7232323232323,0.132191763924222,0.915249999999929,79.8155000000001,0.118277777777705,0.796972222222224,0.919999999999959,79.851,0.122661616161574,0.797232323232323,0,FALSE,FALSE,0.0501899550381652,5.01899550381652,0,"2267;2272;2277;2282",547
"Laptop","MD_BayesMVP_WCP","BayesMVP_NicoStan",50000,4,16,4,4,100,"50597d787bf5578f0fdbdd94f2702741","state_allocation_thread_setup_sampling_divergence_check","iteration_difference","main_scaling","two_run_difference",NA,4,97.8058080808079,97.5297979797977,1.43697211938291,1.16749999999999,97.9952499999999,0.18944191919191,0.978058080808079,1.17500000000007,97.6704999999997,0.188964646464718,0.975297979797977,0,FALSE,FALSE,0.0408973667156368,4.08973667156368,0,"2268;2273;2278;2283",548
"Laptop","MD_BayesMVP_WCP","BayesMVP_NicoStan",50000,4,16,8,2,100,"50597d787bf5578f0fdbdd94f2702741","state_allocation_thread_setup_sampling_divergence_check","iteration_difference","main_scaling","two_run_difference",NA,4,211.359343434343,211.631313131313,1.99662630377985,2.36274999999981,211.6085,0.249156565656373,2.11359343434343,2.34999999999997,211.8905,0.239126262626228,2.11631313131313,0,FALSE,FALSE,0.0378502311277529,3.78502311277529,0,"2269;2274;2279;2284",549
"Laptop","MD_BayesMVP_WCP","BayesMVP_NicoStan",50000,10,4,2,2,100,"50597d787bf5578f0fdbdd94f2702741","state_allocation_thread_setup_sampling_divergence_check","iteration_difference","main_scaling","two_run_difference",NA,4,26.617171717172,26.6328282828288,0.0664264624794613,0.344499999999698,26.6955,0.078328282827978,0.26617171717172,0.339999999999577,26.7165,0.0742171717167431,0.266328282828288,0,FALSE,FALSE,0.0751394633979727,7.51394633979727,0,"2285;2291;2297;2303",550
"Laptop","MD_BayesMVP_WCP","BayesMVP_NicoStan",50000,10,8,2,4,100,"50597d787bf5578f0fdbdd94f2702741","state_allocation_thread_setup_sampling_divergence_check","iteration_difference","main_scaling","two_run_difference",NA,4,25.5926767676771,25.5873737373744,0.186471276388543,0.342499999999632,25.67925,0.0865732323228606,0.255926767676771,0.342499999999973,25.674,0.0865202020201749,0.255873737373744,0,FALSE,FALSE,0.0781473551264457,7.81473551264457,0,"2286;2292;2298;2304",551
"Laptop","MD_BayesMVP_WCP","BayesMVP_NicoStan",50000,10,16,2,8,100,"50597d787bf5578f0fdbdd94f2702741","state_allocation_thread_setup_sampling_divergence_check","iteration_difference","main_scaling","two_run_difference",NA,4,31.4944444444447,31.4732323232324,0.251126767323952,0.451999999999884,31.6315000000001,0.137055555555438,0.314944444444447,0.443499999999744,31.6215000000001,0.129277777777519,0.314732323232324,0,FALSE,FALSE,0.0635032633621445,6.35032633621445,0,"2287;2293;2299;2305",552
"Laptop","MD_BayesMVP_WCP","BayesMVP_NicoStan",50000,10,8,4,2,100,"50597d787bf5578f0fdbdd94f2702741","state_allocation_thread_setup_sampling_divergence_check","iteration_difference","main_scaling","two_run_difference",NA,4,50.1068181818179,50.001515151515,0.331878649124458,0.611750000000086,50.2174999999998,0.110681818181907,0.501068181818179,0.613999999999919,50.1094999999998,0.11080303030295,0.50001515151515,0,FALSE,FALSE,0.0798294552546836,7.98294552546836,0,"2288;2294;2300;2306",553
"Laptop","MD_BayesMVP_WCP","BayesMVP_NicoStan",50000,10,16,4,4,100,"50597d787bf5578f0fdbdd94f2702741","state_allocation_thread_setup_sampling_divergence_check","iteration_difference","main_scaling","two_run_difference",NA,4,58.471717171717,58.4671717171714,0.205943387799391,0.716000000000008,58.6029999999998,0.131282828282838,0.58471717171717,0.715000000000146,58.6144999999997,0.128868686868838,0.584671717171714,0,FALSE,FALSE,0.0684091419489697,6.84091419489697,0,"2289;2295;2301;2307",554
"Laptop","MD_BayesMVP_WCP","BayesMVP_NicoStan",50000,10,16,8,2,100,"50597d787bf5578f0fdbdd94f2702741","state_allocation_thread_setup_sampling_divergence_check","iteration_difference","main_scaling","two_run_difference",NA,4,125.865656565657,125.744949494949,0.471687970891108,1.37649999999991,125.9835,0.11784343434334,1.25865656565657,1.37599999999986,125.8685,0.119499999999859,1.25744949494949,0,FALSE,FALSE,0.0635598321121605,6.35598321121605,0,"2290;2296;2302;2308",555
"Laptop","MD_BayesMVP_WCP","BayesMVP_NicoStan",50000,25,4,2,2,100,"50597d787bf5578f0fdbdd94f2702741","state_allocation_thread_setup_sampling_divergence_check","iteration_difference","main_scaling","two_run_difference",NA,4,20.8457070707071,20.725252525252,0.601510628235771,0.277749999999969,20.915,0.0692929292928984,0.208457070707071,0.277499999999691,20.7959999999997,0.0694646464643807,0.20725252525252,0,FALSE,FALSE,0.0959430156634242,9.59430156634242,0,"2309;2315;2321;2327",556
"Laptop","MD_BayesMVP_WCP","BayesMVP_NicoStan",50000,25,8,2,4,100,"50597d787bf5578f0fdbdd94f2702741","state_allocation_thread_setup_sampling_divergence_check","iteration_difference","main_scaling","two_run_difference",NA,4,16.6737373737372,17.0060606060604,0.751679863199552,0.27800000000002,16.7849999999999,0.111262626262648,0.166737373737372,0.277999999999906,17.1139999999997,0.107939393939302,0.170060606060604,0,FALSE,FALSE,0.119949112497729,11.9949112497729,0,"2310;2316;2322;2328",557
"Laptop","MD_BayesMVP_WCP","BayesMVP_NicoStan",50000,25,16,2,8,100,"50597d787bf5578f0fdbdd94f2702741","state_allocation_thread_setup_sampling_divergence_check","iteration_difference","main_scaling","two_run_difference",NA,4,22.3133838383838,22.3636363636362,0.348990873519302,0.362500000000068,22.45275,0.13936616161623,0.223133838383838,0.354500000000144,22.5409999999999,0.129888888889033,0.223636363636362,0,FALSE,FALSE,0.0896323038444564,8.96323038444564,0,"2311;2317;2323;2329",558
"Laptop","MD_BayesMVP_WCP","BayesMVP_NicoStan",50000,25,8,4,2,100,"50597d787bf5578f0fdbdd94f2702741","state_allocation_thread_setup_sampling_divergence_check","iteration_difference","main_scaling","two_run_difference",NA,4,30.2979797979798,30.7287878787878,1.4422523452449,0.426499999999976,30.4215,0.123520202020178,0.302979797979798,0.422000000000139,30.8744999999999,0.112207070707202,0.307287878787878,0,FALSE,FALSE,0.132022003667278,13.2022003667278,0,"2312;2318;2324;2330",559
"Laptop","MD_BayesMVP_WCP","BayesMVP_NicoStan",50000,25,16,4,4,100,"50597d787bf5578f0fdbdd94f2702741","state_allocation_thread_setup_sampling_divergence_check","iteration_difference","main_scaling","two_run_difference",NA,4,38.7595959595964,38.7393939393943,0.527375275449417,0.530749999999728,38.9027500000001,0.143154040403764,0.387595959595964,0.524999999999636,38.8890000000001,0.136702020201663,0.387393939393943,0,FALSE,FALSE,0.103200250182424,10.3200250182424,0,"2313;2319;2325;2331",560
"Laptop","MD_BayesMVP_WCP","BayesMVP_NicoStan",50000,25,16,8,2,100,"50597d787bf5578f0fdbdd94f2702741","state_allocation_thread_setup_sampling_divergence_check","iteration_difference","main_scaling","two_run_difference",NA,4,80.9871212121211,80.9484848484845,0.918330663595544,0.944500000000119,81.12175,0.134628787878908,0.80987121212121,0.943500000000199,81.079,0.136338383838584,0.809484848484845,0,FALSE,FALSE,0.098781138041028,9.8781138041028,0,"2314;2320;2326;2332",561
"Laptop","MD_BayesMVP_WCP","BayesMVP_NicoStan",50000,50,4,2,2,100,"50597d787bf5578f0fdbdd94f2702741","state_allocation_thread_setup_sampling_divergence_check","iteration_difference","main_scaling","two_run_difference",NA,4,17.8075757575758,17.806565656565,0.0794177533020253,0.246249999999861,17.8757499999999,0.0681742424241037,0.178075757575758,0.240499999999997,17.8684999999994,0.0626969696969719,0.17806565656565,0,FALSE,FALSE,0.11231175019144,11.231175019144,0,"2333;2339;2345;2351",562
"Laptop","MD_BayesMVP_WCP","BayesMVP_NicoStan",50000,50,8,2,4,100,"50597d787bf5578f0fdbdd94f2702741","state_allocation_thread_setup_sampling_divergence_check","iteration_difference","main_scaling","two_run_difference",NA,4,11.5449494949497,11.5616161616161,0.0819344893893894,0.225999999999829,11.6555,0.110550505050332,0.115449494949497,0.230999999999767,11.6629999999999,0.116151515151275,0.115616161616161,0,FALSE,FALSE,0.173235924581125,17.3235924581125,0,"2334;2340;2346;2352",563
"Laptop","MD_BayesMVP_WCP","BayesMVP_NicoStan",50000,50,16,2,8,100,"50597d787bf5578f0fdbdd94f2702741","state_allocation_thread_setup_sampling_divergence_check","iteration_difference","main_scaling","two_run_difference",NA,4,16.0209595959599,16.0358585858594,0.366016690232796,0.313999999999965,16.1747500000002,0.153790404040366,0.160209595959599,0.317000000000121,16.1955000000006,0.15596969696982,0.160358585858594,0,FALSE,FALSE,0.124836467380166,12.4836467380166,0,"2335;2341;2347;2353",564
"Laptop","MD_BayesMVP_WCP","BayesMVP_NicoStan",50000,50,8,4,2,100,"50597d787bf5578f0fdbdd94f2702741","state_allocation_thread_setup_sampling_divergence_check","iteration_difference","main_scaling","two_run_difference",NA,4,20.0727272727268,19.9409090909084,0.467654587107322,0.375000000000455,20.247,0.174272727273186,0.200727272727268,0.378000000000611,20.1194999999999,0.178590909091527,0.199409090909084,0,FALSE,FALSE,0.199275362318845,19.9275362318845,0,"2336;2342;2348;2354",565
"Laptop","MD_BayesMVP_WCP","BayesMVP_NicoStan",50000,50,16,4,4,100,"50597d787bf5578f0fdbdd94f2702741","state_allocation_thread_setup_sampling_divergence_check","iteration_difference","main_scaling","two_run_difference",NA,4,24.9583333333335,24.9449494949494,0.330842006125515,0.393749999999898,25.1025000000001,0.144166666666563,0.249583333333335,0.390000000000327,25.0855000000003,0.140550505050833,0.249449494949494,0,FALSE,FALSE,0.160267111853087,16.0267111853087,0,"2337;2343;2349;2355",566
"Laptop","MD_BayesMVP_WCP","BayesMVP_NicoStan",50000,50,16,8,2,100,"50597d787bf5578f0fdbdd94f2702741","state_allocation_thread_setup_sampling_divergence_check","iteration_difference","main_scaling","two_run_difference",NA,4,47.5527777777781,47.7272727272739,0.80540861837129,0.641749999999831,47.7190000000001,0.166222222222051,0.475527777777781,0.644999999999982,47.8975000000007,0.165914141414128,0.477272727272739,0,FALSE,FALSE,0.168234125825106,16.8234125825106,0,"2338;2344;2350;2356",567
"Laptop","MD_BayesMVP_WCP","BayesMVP_NicoStan",50000,100,4,2,2,100,"50597d787bf5578f0fdbdd94f2702741","state_allocation_thread_setup_sampling_divergence_check","iteration_difference","main_scaling","two_run_difference",NA,4,17.8952020202027,17.9853535353549,0.387179658053326,0.247499999999718,17.9637500000003,0.0685479797976915,0.178952020202027,0.246499999999742,18.0570000000007,0.0680151515148339,0.179853535353549,0,FALSE,FALSE,0.111761800606784,11.1761800606784,0,"2357;2363;2369;2375",568
"Laptop","MD_BayesMVP_WCP","BayesMVP_NicoStan",50000,100,8,2,4,100,"50597d787bf5578f0fdbdd94f2702741","state_allocation_thread_setup_sampling_divergence_check","iteration_difference","main_scaling","two_run_difference",NA,4,11.0429292929292,10.8202020202019,0.652126667311338,0.213249999999903,11.1457499999998,0.102820707070611,0.110429292929292,0.209499999999707,10.9214999999996,0.101297979797688,0.108202020202019,0,FALSE,FALSE,0.18111136519552,18.111136519552,0,"2358;2364;2370;2376",569
"Laptop","MD_BayesMVP_WCP","BayesMVP_NicoStan",50000,100,16,2,8,100,"50597d787bf5578f0fdbdd94f2702741","state_allocation_thread_setup_sampling_divergence_check","iteration_difference","main_scaling","two_run_difference",NA,4,13.8242424242427,13.4646464646473,0.943436866880784,0.300999999999704,13.987,0.162757575757276,0.138242424242427,0.304000000000087,13.6280000000002,0.162161616161705,0.134646464646473,0,FALSE,FALSE,0.14467338886453,14.467338886453,0,"2359;2365;2371;2377",570
"Laptop","MD_BayesMVP_WCP","BayesMVP_NicoStan",50000,100,8,4,2,100,"50597d787bf5578f0fdbdd94f2702741","state_allocation_thread_setup_sampling_divergence_check","iteration_difference","main_scaling","two_run_difference",NA,4,19.2469696969699,19.19898989899,0.341006969363658,0.346000000000117,19.4005000000003,0.153530303030418,0.192469696969699,0.348000000000184,19.3290000000002,0.156595959596143,0.1919898989899,0,FALSE,FALSE,0.207824923246475,20.7824923246475,0,"2360;2366;2372;2378",571
"Laptop","MD_BayesMVP_WCP","BayesMVP_NicoStan",50000,100,16,4,4,100,"50597d787bf5578f0fdbdd94f2702741","state_allocation_thread_setup_sampling_divergence_check","iteration_difference","main_scaling","two_run_difference",NA,4,20.6058080808084,20.4358585858587,0.801366624687941,0.391749999999945,20.7915000000002,0.185691919191861,0.206058080808084,0.396999999999935,20.6114999999999,0.184494949494879,0.204358585858587,0,FALSE,FALSE,0.194120025980708,19.4120025980708,0,"2361;2367;2373;2379",572
"Laptop","MD_BayesMVP_WCP","BayesMVP_NicoStan",50000,100,16,8,2,100,"50597d787bf5578f0fdbdd94f2702741","state_allocation_thread_setup_sampling_divergence_check","iteration_difference","main_scaling","two_run_difference",NA,4,35.8997474747466,35.7005050505048,1.13611156949798,0.565750000000321,36.1064999999994,0.206752525252855,0.358997474747466,0.564499999999953,35.9024999999997,0.210707070707026,0.357005050505048,0,FALSE,FALSE,0.222842793131833,22.2842793131833,0,"2362;2368;2374;2380",573
"Laptop","MD_BayesMVP_WCP","BayesMVP_NicoStan",50000,250,4,2,2,100,"50597d787bf5578f0fdbdd94f2702741","state_allocation_thread_setup_sampling_divergence_check","iteration_difference","main_scaling","two_run_difference",NA,4,18.4426767676763,18.4883838383828,0.325699104714988,0.25200000000018,18.5102499999997,0.0675732323234172,0.184426767676763,0.249999999999773,18.5574999999995,0.0660303030300749,0.184883838383828,0,FALSE,FALSE,0.108444127996936,10.8444127996936,0,"2381;2387;2393;2399",574
"Laptop","MD_BayesMVP_WCP","BayesMVP_NicoStan",50000,250,8,2,4,100,"50597d787bf5578f0fdbdd94f2702741","state_allocation_thread_setup_sampling_divergence_check","iteration_difference","main_scaling","two_run_difference",NA,4,11.2499999999995,11.2363636363624,0.306921703171324,0.22150000000039,11.3589999999999,0.109000000000394,0.112499999999995,0.223000000000638,11.3419999999994,0.111121212121864,0.112363636363624,0,FALSE,FALSE,0.177777777777785,17.7777777777785,0,"2382;2388;2394;2400",575
"Laptop","MD_BayesMVP_WCP","BayesMVP_NicoStan",50000,250,16,2,8,100,"50597d787bf5578f0fdbdd94f2702741","state_allocation_thread_setup_sampling_divergence_check","iteration_difference","main_scaling","two_run_difference",NA,4,13.2060606060607,13.2404040404041,0.27088917941189,0.306249999999523,13.3802499999996,0.174189393938915,0.132060606060607,0.303499999999417,13.4114999999995,0.171095959595376,0.132404040404041,0,FALSE,FALSE,0.15144561725562,15.144561725562,0,"2383;2389;2395;2401",576
"Laptop","MD_BayesMVP_WCP","BayesMVP_NicoStan",50000,250,8,4,2,100,"50597d787bf5578f0fdbdd94f2702741","state_allocation_thread_setup_sampling_divergence_check","iteration_difference","main_scaling","two_run_difference",NA,4,19.9194444444445,19.8333333333331,0.35424591891937,0.355749999999603,20.0759999999997,0.156555555555157,0.199194444444445,0.352999999999611,19.9849999999994,0.156070707070317,0.198333333333331,0,FALSE,FALSE,0.200808813275693,20.0808813275693,0,"2384;2390;2396;2402",577
"Laptop","MD_BayesMVP_WCP","BayesMVP_NicoStan",50000,250,16,4,4,100,"50597d787bf5578f0fdbdd94f2702741","state_allocation_thread_setup_sampling_divergence_check","iteration_difference","main_scaling","two_run_difference",NA,4,20.7714646464647,20.7494949494946,0.283203665029419,0.406750000000102,20.9705000000001,0.199035353535455,0.207714646464647,0.417000000000371,20.9455,0.209641414141789,0.207494949494946,0,FALSE,FALSE,0.192571880128867,19.2571880128867,0,"2385;2391;2397;2403",578
"Laptop","MD_BayesMVP_WCP","BayesMVP_NicoStan",50000,250,16,8,2,100,"50597d787bf5578f0fdbdd94f2702741","state_allocation_thread_setup_sampling_divergence_check","iteration_difference","main_scaling","two_run_difference",NA,4,35.7383838383836,35.7707070707066,0.217971278889008,0.561000000000263,35.942,0.203616161616427,0.357383838383836,0.555000000000291,35.9799999999998,0.197939393939686,0.357707070707066,0,FALSE,FALSE,0.223848958480542,22.3848958480542,0,"2386;2392;2398;2404",579
"Laptop","MD_BayesMVP_WCP","BayesMVP_NicoStan",50000,500,4,2,2,100,"50597d787bf5578f0fdbdd94f2702741","state_allocation_thread_setup_sampling_divergence_check","iteration_difference","main_scaling","two_run_difference",NA,4,19.3042929292935,19.3166666666668,0.122302544772972,0.265749999999684,19.3770000000003,0.0727070707067489,0.193042929292935,0.267499999999927,19.3820000000003,0.0746565656564883,0.193166666666668,0,FALSE,FALSE,0.103603898227481,10.3603898227481,0,"2405;2411;2417;2423",580
"Laptop","MD_BayesMVP_WCP","BayesMVP_NicoStan",50000,500,8,2,4,100,"50597d787bf5578f0fdbdd94f2702741","state_allocation_thread_setup_sampling_divergence_check","iteration_difference","main_scaling","two_run_difference",NA,4,11.9972222222223,11.90404040404,0.229732850504159,0.230500000000234,12.1077500000004,0.11052777777801,0.119972222222223,0.231000000000222,12.0149999999999,0.110095959596175,0.1190404040404,0,FALSE,FALSE,0.166705255846259,16.6705255846259,0,"2406;2412;2418;2424",581
"Laptop","MD_BayesMVP_WCP","BayesMVP_NicoStan",50000,500,16,2,8,100,"50597d787bf5578f0fdbdd94f2702741","state_allocation_thread_setup_sampling_divergence_check","iteration_difference","main_scaling","two_run_difference",NA,4,13.8199494949498,13.8131313131322,0.534870104452183,0.310749999999871,13.9925000000002,0.172550505050373,0.138199494949498,0.315500000000156,14.0035000000007,0.181893939394095,0.138131313131322,0,FALSE,FALSE,0.144718329161106,14.4718329161106,0,"2407;2413;2419;2425",582
"Laptop","MD_BayesMVP_WCP","BayesMVP_NicoStan",50000,500,8,4,2,100,"50597d787bf5578f0fdbdd94f2702741","state_allocation_thread_setup_sampling_divergence_check","iteration_difference","main_scaling","two_run_difference",NA,4,20.7126262626267,20.7358585858582,0.180787388542514,0.356000000000108,20.8615000000005,0.148873737373841,0.207126262626267,0.363000000000056,20.8770000000004,0.156606060605525,0.207358585858582,0,FALSE,FALSE,0.193118919314326,19.3118919314326,0,"2408;2414;2420;2426",583
"Laptop","MD_BayesMVP_WCP","BayesMVP_NicoStan",50000,500,16,4,4,100,"50597d787bf5578f0fdbdd94f2702741","state_allocation_thread_setup_sampling_divergence_check","iteration_difference","main_scaling","two_run_difference",NA,4,21.7987373737378,21.8227272727274,0.227947930803022,0.396499999999719,21.9772500000001,0.178512626262341,0.217987373737378,0.386999999999944,21.9910000000002,0.169904040403981,0.218227272727274,0,FALSE,FALSE,0.183496866420302,18.3496866420302,0,"2409;2415;2421;2427",584
"Laptop","MD_BayesMVP_WCP","BayesMVP_NicoStan",50000,500,16,8,2,100,"50597d787bf5578f0fdbdd94f2702741","state_allocation_thread_setup_sampling_divergence_check","iteration_difference","main_scaling","two_run_difference",NA,4,37.5449494949496,37.5994949494948,0.240226429028229,0.563749999999914,37.73325,0.188300505050418,0.375449494949496,0.565000000000055,37.7850000000003,0.190095959596011,0.375994949494948,0,FALSE,FALSE,0.213077926794818,21.3077926794818,0,"2410;2416;2422;2428",585
"Laptop","MD_BayesMVP_WCP","BayesMVP_NicoStan",500,8,16,2,8,2000,"257aba3ac8b8727679d269bf8597bb85","state_allocation_thread_setup_sampling_divergence_check","iteration_difference","main_scaling","two_run_difference",NA,4,11.911205602802,11.8704352176098,0.426035653047451,0.0237499999992679,11.9289999999999,0.0177943971978669,0.005955602801401,0.0244999999986248,11.8860000000002,0.0184102051011757,0.00593521760880492,0,FALSE,FALSE,0.167909115726247,335.818231452494,0,"2429;2430;2431;2432",586
"Laptop","MD_BayesMVP_WCP","BayesMVP_NicoStan",2500,8,16,2,8,400,"7184208393ceb4c8ae3e26f0d1660bdb","state_allocation_thread_setup_sampling_divergence_check","iteration_difference","main_scaling","two_run_difference",NA,4,4.611027568922,4.58897243107734,0.149711704800552,0.0405000000000655,4.63999999999976,0.0289724310777605,0.011527568922305,0.0304999999998472,4.63349999999969,0.0191478696740319,0.0114724310776933,0,FALSE,FALSE,0.43374279813026,173.497119252104,0,"2433;2434;2435;2436",587
"Laptop","MD_BayesMVP_WCP","BayesMVP_NicoStan",10000,2,4,2,2,200,"b352a26c8e9b174599c6b645056fb577","state_allocation_thread_setup_sampling_divergence_check","iteration_difference","main_scaling","two_run_difference",NA,4,10.9032663316586,10.8869346733668,0.0520894933777566,0.0792500000000018,10.9280000000003,0.0247336683417087,0.0545163316582931,0.0760000000000218,10.915,0.0214020100502696,0.0544346733668341,0,FALSE,FALSE,0.183431270883737,36.6862541767473,0,"2437;2440;2443;2446",588
"Laptop","MD_BayesMVP_WCP","BayesMVP_NicoStan",10000,2,8,4,2,200,"b352a26c8e9b174599c6b645056fb577","state_allocation_thread_setup_sampling_divergence_check","iteration_difference","main_scaling","two_run_difference",NA,4,20.0173366834174,20.0261306532665,0.17135088924252,0.134749999999826,20.0520000000001,0.0346633165827393,0.100086683417087,0.133499999999913,20.0619999999999,0.0334572864320712,0.100130653266332,0,FALSE,FALSE,0.199826783315967,39.9653566631933,0,"2438;2441;2444;2447",589
"Laptop","MD_BayesMVP_WCP","BayesMVP_NicoStan",10000,2,16,8,2,200,"b352a26c8e9b174599c6b645056fb577","state_allocation_thread_setup_sampling_divergence_check","iteration_difference","main_scaling","two_run_difference",NA,4,48.703015075377,48.6497487437191,0.298597345497344,0.261499999999728,48.7209999999999,0.0179849246228428,0.243515075376885,0.264499999999771,48.6715000000004,0.0215477386932412,0.243248743718596,0,FALSE,FALSE,0.164260877640091,32.8521755280181,0,"2439;2442;2445;2448",590
"Laptop","MD_BayesMVP_WCP","BayesMVP_NicoStan",10000,8,16,2,8,200,"b352a26c8e9b174599c6b645056fb577","state_allocation_thread_setup_sampling_divergence_check","iteration_difference","main_scaling","two_run_difference",NA,4,9.26231155778952,9.22763819095514,0.328937625213132,0.106749999999579,9.32275000000016,0.0604384422106313,0.0463115577889476,0.109499999999571,9.29549999999995,0.0626733668337366,0.0461381909547757,0,FALSE,FALSE,0.215928819444431,43.1857638888862,0,"2449;2450;2451;2452",591
"Laptop","MD_BayesMVP_WCP","BayesMVP_NicoStan",50000,2,4,2,2,100,"50597d787bf5578f0fdbdd94f2702741","state_allocation_thread_setup_sampling_divergence_check","iteration_difference","main_scaling","two_run_difference",NA,4,45.209090909091,45.2601010101018,0.409208529460337,0.562999999999761,45.3199999999998,0.110909090908851,0.45209090909091,0.561500000000024,45.4089999999999,0.106651515151541,0.452601010101018,0,FALSE,FALSE,0.0442388900060325,4.42388900060325,0,"2453;2456;2459;2462",592
"Laptop","MD_BayesMVP_WCP","BayesMVP_NicoStan",50000,2,8,4,2,100,"50597d787bf5578f0fdbdd94f2702741","state_allocation_thread_setup_sampling_divergence_check","iteration_difference","main_scaling","two_run_difference",NA,4,121.703787878788,121.662121212121,0.263411639712143,1.3972500000001,121.884000000001,0.180212121212215,1.21703787878788,1.40849999999978,121.827,0.193217171716938,1.21662121212121,0,FALSE,FALSE,0.0328666845109523,3.28666845109523,0,"2454;2457;2460;2463",593
"Laptop","MD_BayesMVP_WCP","BayesMVP_NicoStan",50000,2,16,8,2,100,"50597d787bf5578f0fdbdd94f2702741","state_allocation_thread_setup_sampling_divergence_check","iteration_difference","main_scaling","two_run_difference",NA,4,295.929292929293,295.99797979798,1.90191854548409,3.1882499999997,296.15825,0.228957070706765,2.95929292929293,3.07900000000018,296.344,0.114818181818133,2.9599797979798,0,FALSE,FALSE,0.0270334846571321,2.70334846571321,0,"2455;2458;2461;2464",594
"Laptop","MD_BayesMVP_WCP","BayesMVP_NicoStan",50000,8,16,2,8,100,"50597d787bf5578f0fdbdd94f2702741","state_allocation_thread_setup_sampling_divergence_check","iteration_difference","main_scaling","two_run_difference",NA,4,35.3255050505046,35.3237373737366,0.189944430053322,0.495249999999942,35.4674999999995,0.141994949494896,0.353255050505046,0.491500000000087,35.4549999999995,0.139080808080898,0.353237373737366,0,FALSE,FALSE,0.0566163172229417,5.66163172229417,0,"2465;2466;2467;2468",595
