"device","algorithm","execution_backend","N","num_chunks","n_threads","n_chains","threads_per_chain","n_iter","dataset_md5","timing_scope","timing_estimator","benchmark_role","timing_method","stan_chunk_size","n_repeats","time_mean","time_median","time_sd","time_short_run_mean","time_long_run_mean","fixed_cost_mean","seconds_per_iteration_mean","time_short_run_median","time_long_run_median","fixed_cost_median","seconds_per_iteration_median","n_repeats_two_run_flagged","time_mean_not_positive","time_median_not_positive","chain_rate","total_iter_per_sec","max_divergences","case_ids","configuration_id","N_num","N_label","N_chunks_num","N_chunks","N_threads","N_iter","N_chains","time_avg","time_SD","Efficiency","Algorithm_label","Stan_variant_label","comparison_mode"
"HPC","MD_BayesMVP","BayesMVP_NicoStan",500,2,180,180,1,400,"5fff1836d43ae39c037ca22d13a50ed5","state_allocation_thread_setup_sampling_divergence_check","iteration_difference","main_scaling","two_run_difference",NA,4,2.66741854636591,2.60350877192982,0.167268152901485,0.0437499999999975,2.7045,0.0370814536340827,0.00666854636591478,0.0435000000000016,2.64099999999999,0.0366716791979931,0.00650877192982455,0,FALSE,FALSE,67.4809734097529,26992.3893639012,0,"4753;4762;4771;4780",1222,500,"N = 500",2,"2","180",400,180,2.66741854636591,0.167268152901485,67.4809734097529,"BayesMVP-chunking","BayesMVP-chunking","BayesMVP-chunking"
"HPC","MD_BayesMVP","BayesMVP_NicoStan",500,1,180,180,1,400,"5fff1836d43ae39c037ca22d13a50ed5","state_allocation_thread_setup_sampling_divergence_check","iteration_difference","main_scaling","two_run_difference",NA,4,2.80852130325814,2.81203007518797,0.12249324825181,0.0760000000000032,2.8775,0.0689786967418578,0.00702130325814536,0.0560000000000045,2.8605,0.049038847117799,0.00703007518796992,0,FALSE,FALSE,64.0906657147957,25636.2662859183,0,"4717;4726;4735;4744",1213,500,"N = 500",1,"1","180",400,180,2.80852130325814,0.12249324825181,64.0906657147957,"BayesMVP","BayesMVP","BayesMVP"
"HPC","MD_BayesMVP","BayesMVP_NicoStan",500,2,96,96,1,400,"5fff1836d43ae39c037ca22d13a50ed5","state_allocation_thread_setup_sampling_divergence_check","iteration_difference","main_scaling","two_run_difference",NA,4,1.8315789473684,1.78195488721803,0.12248914583942,0.0427500000000069,1.86974999999999,0.0381710526315859,0.00457894736842101,0.0375000000000014,1.82049999999999,0.0327844611528837,0.00445488721804508,0,FALSE,FALSE,52.4137931034488,20965.5172413795,0,"4752;4761;4770;4779",1221,500,"N = 500",2,"2","96",400,96,1.8315789473684,0.12248914583942,52.4137931034488,"BayesMVP-chunking","BayesMVP-chunking","BayesMVP-chunking"
"HPC","MD_BayesMVP","BayesMVP_NicoStan",500,1,96,96,1,400,"5fff1836d43ae39c037ca22d13a50ed5","state_allocation_thread_setup_sampling_divergence_check","iteration_difference","main_scaling","two_run_difference",NA,4,1.93333333333332,1.94385964912279,0.126994239583273,0.043000000000001,1.97149999999999,0.0381666666666677,0.00483333333333331,0.0365000000000038,1.97449999999999,0.0319223057644148,0.00485964912280699,0,FALSE,FALSE,49.6551724137933,19862.0689655173,0,"4716;4725;4734;4743",1212,500,"N = 500",1,"1","96",400,96,1.93333333333332,0.126994239583273,49.6551724137933,"BayesMVP","BayesMVP","BayesMVP"
"HPC","MD_BayesMVP_WCP","BayesMVP_NicoStan",500,2,180,90,2,2000,"5fff1836d43ae39c037ca22d13a50ed5","state_allocation_thread_setup_sampling_divergence_check","iteration_difference","main_scaling","two_run_difference",NA,4,10.1138069034517,10.1650825412706,0.195322958678937,0.0502499999999984,10.159,0.0451930965482725,0.00505690345172586,0.0514999999999972,10.209,0.0464687343671808,0.00508254127063532,0,FALSE,FALSE,8.8987263509336,17797.4527018672,0,"5595;5602;5609;5616",1431,500,"N = 500",2,"2","180",2000,90,10.1138069034517,0.195322958678937,8.8987263509336,"BayesMVP-WCP","BayesMVP-WCP","BayesMVP-WCP"
"HPC","MD_BayesMVP_WCP","BayesMVP_NicoStan",500,2,180,90,2,2000,"5fff1836d43ae39c037ca22d13a50ed5","state_allocation_thread_setup_sampling_divergence_check","iteration_difference","main_scaling","two_run_difference",NA,4,10.1138069034517,10.1650825412706,0.195322958678937,0.0502499999999984,10.159,0.0451930965482725,0.00505690345172586,0.0514999999999972,10.209,0.0464687343671808,0.00508254127063532,0,FALSE,FALSE,8.8987263509336,17797.4527018672,0,"5595;5602;5609;5616",1431,500,"N = 500",2,"2","180",2000,90,10.1138069034517,0.195322958678937,8.8987263509336,"BayesMVP-chunking_and_WCP","BayesMVP-chunking_and_WCP","BayesMVP-chunking_and_WCP"
"HPC","MD_BayesMVP","BayesMVP_NicoStan",500,2,64,64,1,400,"5fff1836d43ae39c037ca22d13a50ed5","state_allocation_thread_setup_sampling_divergence_check","iteration_difference","main_scaling","two_run_difference",NA,4,1.496992481203,1.46917293233082,0.188491395847625,0.024000000000008,1.51725,0.0202575187970005,0.0037424812030075,0.0245000000000033,1.489,0.0206879699248153,0.00367293233082705,0,FALSE,FALSE,42.7523857358114,17100.9542943245,0,"4751;4760;4769;4778",1220,500,"N = 500",2,"2","64",400,64,1.496992481203,0.188491395847625,42.7523857358114,"BayesMVP-chunking","BayesMVP-chunking","BayesMVP-chunking"
"HPC","MD_BayesMVP","BayesMVP_NicoStan",500,1,64,64,1,400,"5fff1836d43ae39c037ca22d13a50ed5","state_allocation_thread_setup_sampling_divergence_check","iteration_difference","main_scaling","two_run_difference",NA,4,1.52756892230576,1.53834586466166,0.189846163782847,0.0305000000000022,1.55425,0.0266810776942378,0.00381892230576441,0.0275000000000034,1.5695,0.0240701754385999,0.00384586466165415,0,FALSE,FALSE,41.8966365873667,16758.6546349467,0,"4715;4724;4733;4742",1211,500,"N = 500",1,"1","64",400,64,1.52756892230576,0.189846163782847,41.8966365873667,"BayesMVP","BayesMVP","BayesMVP"
"HPC","MD_BayesMVP_WCP","BayesMVP_NicoStan",500,4,128,64,2,2000,"5fff1836d43ae39c037ca22d13a50ed5","state_allocation_thread_setup_sampling_divergence_check","iteration_difference","main_scaling","two_run_difference",NA,4,8.09329664832418,8.09204602301151,0.130680232069448,0.0209999999999866,8.11025,0.0169533516758245,0.00404664832416209,0.0209999999999866,8.10899999999999,0.0169539769884808,0.00404602301150576,0,FALSE,FALSE,7.90777884229068,15815.5576845814,0,"5628;5641;5654;5667",1443,500,"N = 500",4,"4","128",2000,64,8.09329664832418,0.130680232069448,7.90777884229068,"BayesMVP-chunking_and_WCP","BayesMVP-chunking_and_WCP","BayesMVP-chunking_and_WCP"
"HPC","MD_BayesMVP_WCP","BayesMVP_NicoStan",500,2,128,64,2,2000,"5fff1836d43ae39c037ca22d13a50ed5","state_allocation_thread_setup_sampling_divergence_check","iteration_difference","main_scaling","two_run_difference",NA,4,8.11180590295148,8.12706353176588,0.0980911283653981,0.0257499999999986,8.1335,0.0216940970485229,0.00405590295147574,0.0259999999999962,8.1495,0.021925962981487,0.00406353176588294,0,FALSE,FALSE,7.88973512996824,15779.4702599365,0,"5594;5601;5608;5615",1430,500,"N = 500",2,"2","128",2000,64,8.11180590295148,0.0980911283653981,7.88973512996824,"BayesMVP-WCP","BayesMVP-WCP","BayesMVP-WCP"
"HPC","MD_BayesMVP_WCP","BayesMVP_NicoStan",500,2,96,48,2,2000,"5fff1836d43ae39c037ca22d13a50ed5","state_allocation_thread_setup_sampling_divergence_check","iteration_difference","main_scaling","two_run_difference",NA,4,6.85017508754378,6.847923961981,0.141261695248549,0.0212499999999962,6.868,0.0178249124562243,0.00342508754377189,0.0209999999999999,6.866,0.0176253126563218,0.0034239619809905,0,FALSE,FALSE,7.00712016650235,14014.2403330047,0,"5593;5600;5607;5614",1429,500,"N = 500",2,"2","96",2000,48,6.85017508754378,0.141261695248549,7.00712016650235,"BayesMVP-WCP","BayesMVP-WCP","BayesMVP-WCP"
"HPC","MD_BayesMVP_WCP","BayesMVP_NicoStan",500,2,96,48,2,2000,"5fff1836d43ae39c037ca22d13a50ed5","state_allocation_thread_setup_sampling_divergence_check","iteration_difference","main_scaling","two_run_difference",NA,4,6.85017508754378,6.847923961981,0.141261695248549,0.0212499999999962,6.868,0.0178249124562243,0.00342508754377189,0.0209999999999999,6.866,0.0176253126563218,0.0034239619809905,0,FALSE,FALSE,7.00712016650235,14014.2403330047,0,"5593;5600;5607;5614",1429,500,"N = 500",2,"2","96",2000,48,6.85017508754378,0.141261695248549,7.00712016650235,"BayesMVP-chunking_and_WCP","BayesMVP-chunking_and_WCP","BayesMVP-chunking_and_WCP"
"HPC","MD_BayesMVP_WCP","BayesMVP_NicoStan",500,2,64,32,2,2000,"5fff1836d43ae39c037ca22d13a50ed5","state_allocation_thread_setup_sampling_divergence_check","iteration_difference","main_scaling","two_run_difference",NA,4,5.42271135567784,5.2656328164082,0.414070136427427,0.0154999999999992,5.4355,0.0127886443221603,0.00271135567783892,0.0150000000000006,5.278,0.0123671835917965,0.0026328164082041,0,FALSE,FALSE,5.90110701107011,11802.2140221402,0,"5592;5599;5606;5613",1428,500,"N = 500",2,"2","64",2000,32,5.42271135567784,0.414070136427427,5.90110701107011,"BayesMVP-WCP","BayesMVP-WCP","BayesMVP-WCP"
"HPC","MD_BayesMVP_WCP","BayesMVP_NicoStan",500,2,64,32,2,2000,"5fff1836d43ae39c037ca22d13a50ed5","state_allocation_thread_setup_sampling_divergence_check","iteration_difference","main_scaling","two_run_difference",NA,4,5.42271135567784,5.2656328164082,0.414070136427427,0.0154999999999992,5.4355,0.0127886443221603,0.00271135567783892,0.0150000000000006,5.278,0.0123671835917965,0.0026328164082041,0,FALSE,FALSE,5.90110701107011,11802.2140221402,0,"5592;5599;5606;5613",1428,500,"N = 500",2,"2","64",2000,32,5.42271135567784,0.414070136427427,5.90110701107011,"BayesMVP-chunking_and_WCP","BayesMVP-chunking_and_WCP","BayesMVP-chunking_and_WCP"
"HPC","MD_BayesMVP","BayesMVP_NicoStan",500,1,32,32,1,400,"5fff1836d43ae39c037ca22d13a50ed5","state_allocation_thread_setup_sampling_divergence_check","iteration_difference","main_scaling","two_run_difference",NA,4,1.2187969924812,1.22907268170426,0.0652239287575764,0.0157499999999935,1.2315,0.0127030075187905,0.00304699248120301,0.0154999999999959,1.24149999999999,0.0124273182957352,0.00307268170426064,0,FALSE,FALSE,26.2553979025293,10502.1591610117,0,"4714;4723;4732;4741",1210,500,"N = 500",1,"1","32",400,32,1.2187969924812,0.0652239287575764,26.2553979025293,"BayesMVP","BayesMVP","BayesMVP"
"HPC","MD_BayesMVP","BayesMVP_NicoStan",500,2,32,32,1,400,"5fff1836d43ae39c037ca22d13a50ed5","state_allocation_thread_setup_sampling_divergence_check","iteration_difference","main_scaling","two_run_difference",NA,4,1.22832080200501,1.19448621553884,0.0872406081878146,0.0162500000000012,1.2415,0.0131791979949887,0.00307080200501253,0.0164999999999988,1.2065,0.0133195488721793,0.00298621553884709,0,FALSE,FALSE,26.051826157927,10420.7304631708,0,"4750;4759;4768;4777",1219,500,"N = 500",2,"2","32",400,32,1.22832080200501,0.0872406081878146,26.051826157927,"BayesMVP-chunking","BayesMVP-chunking","BayesMVP-chunking"
"HPC","MD_BayesMVP","BayesMVP_NicoStan",2500,10,180,180,1,80,"229e14792b0f4550a6f1e0887b422826","state_allocation_thread_setup_sampling_divergence_check","iteration_difference","main_scaling","two_run_difference",NA,4,1.97417721518985,1.96860759493668,0.195339821020829,0.0755000000000088,2.02499999999999,0.0508227848101356,0.0246772151898732,0.0755000000000194,2.01999999999998,0.0513924050632991,0.0246075949367085,0,FALSE,FALSE,91.1772249294701,7294.17799435761,0,"4977;4986;4995;5004",1278,2500,"N = 2500",10,"10","180",80,180,1.97417721518985,0.195339821020829,91.1772249294701,"BayesMVP-chunking","BayesMVP-chunking","BayesMVP-chunking"
"HPC","MD_BayesMVP_WCP","BayesMVP_NicoStan",500,2,32,16,2,2000,"5fff1836d43ae39c037ca22d13a50ed5","state_allocation_thread_setup_sampling_divergence_check","iteration_difference","main_scaling","two_run_difference",NA,4,4.78964482241127,4.78539269634806,0.219071290296367,0.00950000000010931,4.79675000000017,0.00710517758890367,0.00239482241120564,0.00900000000000745,4.7930000000001,0.00663881940971218,0.00239269634817403,0,FALSE,FALSE,3.34053997597781,6681.07995195563,0,"5591;5598;5605;5612",1427,500,"N = 500",2,"2","32",2000,16,4.78964482241127,0.219071290296367,3.34053997597781,"BayesMVP-WCP","BayesMVP-WCP","BayesMVP-WCP"
"HPC","MD_BayesMVP_WCP","BayesMVP_NicoStan",500,2,32,16,2,2000,"5fff1836d43ae39c037ca22d13a50ed5","state_allocation_thread_setup_sampling_divergence_check","iteration_difference","main_scaling","two_run_difference",NA,4,4.78964482241127,4.78539269634806,0.219071290296367,0.00950000000010931,4.79675000000017,0.00710517758890367,0.00239482241120564,0.00900000000000745,4.7930000000001,0.00663881940971218,0.00239269634817403,0,FALSE,FALSE,3.34053997597781,6681.07995195563,0,"5591;5598;5605;5612",1427,500,"N = 500",2,"2","32",2000,16,4.78964482241127,0.219071290296367,3.34053997597781,"BayesMVP-chunking_and_WCP","BayesMVP-chunking_and_WCP","BayesMVP-chunking_and_WCP"
"HPC","MD_BayesMVP_WCP","BayesMVP_NicoStan",2500,10,180,90,2,400,"229e14792b0f4550a6f1e0887b422826","state_allocation_thread_setup_sampling_divergence_check","iteration_difference","main_scaling","two_run_difference",NA,4,5.89122807017543,5.87919799498749,0.0646623017459602,0.0695000000000334,5.94600000000003,0.0547719298245948,0.0147280701754386,0.0730000000000359,5.94000000000005,0.0584010025063016,0.0146979949874687,0,FALSE,FALSE,15.276950565813,6110.7802263252,0,"5833;5850;5867;5884",1498,2500,"N = 2500",10,"10","180",400,90,5.89122807017543,0.0646623017459602,15.276950565813,"BayesMVP-chunking_and_WCP","BayesMVP-chunking_and_WCP","BayesMVP-chunking_and_WCP"
"HPC","MD_BayesMVP","BayesMVP_NicoStan",2500,4,96,96,1,80,"229e14792b0f4550a6f1e0887b422826","state_allocation_thread_setup_sampling_divergence_check","iteration_difference","main_scaling","two_run_difference",NA,4,1.34632911392404,1.34683544303795,0.123335231547678,0.0647500000000072,1.39424999999999,0.0479208860759567,0.0168291139240504,0.0655000000000072,1.39399999999998,0.0486772151898807,0.0168354430379744,0,FALSE,FALSE,71.305001880407,5704.40015043256,0,"4940;4949;4958;4967",1268,2500,"N = 2500",4,"4","96",80,96,1.34632911392404,0.123335231547678,71.305001880407,"BayesMVP-chunking","BayesMVP-chunking","BayesMVP-chunking"
"HPC","MD_BayesMVP","BayesMVP_NicoStan",500,1,16,16,1,400,"5fff1836d43ae39c037ca22d13a50ed5","state_allocation_thread_setup_sampling_divergence_check","iteration_difference","main_scaling","two_run_difference",NA,4,1.12807017543859,1.12431077694236,0.0195145683642846,0.0102500000000036,1.1355,0.00742982456140717,0.00282017543859648,0.0100000000000096,1.132,0.00719799498747827,0.00281077694235589,0,FALSE,FALSE,14.1835147744946,5673.40590979785,0,"4713;4722;4731;4740",1209,500,"N = 500",1,"1","16",400,16,1.12807017543859,0.0195145683642846,14.1835147744946,"BayesMVP","BayesMVP","BayesMVP"
"HPC","MD_BayesMVP","BayesMVP_NicoStan",500,2,16,16,1,400,"5fff1836d43ae39c037ca22d13a50ed5","state_allocation_thread_setup_sampling_divergence_check","iteration_difference","main_scaling","two_run_difference",NA,4,1.16315789473684,1.16641604010025,0.0362419071880303,0.0107500000000016,1.171,0.00784210526315949,0.0029078947368421,0.0114999999999998,1.173,0.00863408521303242,0.00291604010025062,0,FALSE,FALSE,13.7556561085973,5502.26244343892,0,"4749;4758;4767;4776",1218,500,"N = 500",2,"2","16",400,16,1.16315789473684,0.0362419071880303,13.7556561085973,"BayesMVP-chunking","BayesMVP-chunking","BayesMVP-chunking"
"HPC","MD_BayesMVP_WCP","BayesMVP_NicoStan",2500,4,128,64,2,400,"229e14792b0f4550a6f1e0887b422826","state_allocation_thread_setup_sampling_divergence_check","iteration_difference","main_scaling","two_run_difference",NA,4,4.79323308270682,4.79197994987472,0.0351056166313906,0.0542499999999677,4.83550000000002,0.0422669172932007,0.0119830827067671,0.05499999999995,4.83350000000002,0.0429837092731897,0.0119799498746868,0,FALSE,FALSE,13.3521568627449,5340.86274509797,0,"5776;5789;5802;5815",1480,2500,"N = 2500",4,"4","128",400,64,4.79323308270682,0.0351056166313906,13.3521568627449,"BayesMVP-chunking_and_WCP","BayesMVP-chunking_and_WCP","BayesMVP-chunking_and_WCP"
"HPC","MD_BayesMVP_WCP","BayesMVP_NicoStan",2500,2,180,90,2,400,"229e14792b0f4550a6f1e0887b422826","state_allocation_thread_setup_sampling_divergence_check","iteration_difference","main_scaling","two_run_difference",NA,4,6.81077694235588,6.79749373433586,0.0573995028089799,0.0992500000000405,6.89300000000003,0.0822230576441508,0.0170269423558897,0.103000000000009,6.88350000000003,0.086006265664169,0.0169937343358396,0,FALSE,FALSE,13.214351425943,5285.74057037719,0,"5743;5750;5757;5764",1468,2500,"N = 2500",2,"2","180",400,90,6.81077694235588,0.0573995028089799,13.214351425943,"BayesMVP-WCP","BayesMVP-WCP","BayesMVP-WCP"
"HPC","MD_BayesMVP_WCP","BayesMVP_NicoStan",2500,10,96,48,2,400,"229e14792b0f4550a6f1e0887b422826","state_allocation_thread_setup_sampling_divergence_check","iteration_difference","main_scaling","two_run_difference",NA,4,3.86065162907271,3.85914786967422,0.068645452919056,0.0379999999999825,3.88900000000001,0.0283483709273007,0.00965162907268177,0.0380000000000109,3.88600000000002,0.0282531328320911,0.00964786967418555,0,FALSE,FALSE,12.4331342508438,4973.25370033754,0,"5831;5848;5865;5882",1496,2500,"N = 2500",10,"10","96",400,48,3.86065162907271,0.068645452919056,12.4331342508438,"BayesMVP-chunking_and_WCP","BayesMVP-chunking_and_WCP","BayesMVP-chunking_and_WCP"
"HPC","MD_BayesMVP_WCP","BayesMVP_NicoStan",2500,2,128,64,2,400,"229e14792b0f4550a6f1e0887b422826","state_allocation_thread_setup_sampling_divergence_check","iteration_difference","main_scaling","two_run_difference",NA,4,5.28020050125316,5.2877192982456,0.0504782893575308,0.0667499999999848,5.33375000000001,0.0535494987468519,0.0132005012531329,0.0665000000000191,5.3415,0.0533684210526508,0.013219298245614,0,FALSE,FALSE,12.1207518511486,4848.30074045944,0,"5742;5749;5756;5763",1467,2500,"N = 2500",2,"2","128",400,64,5.28020050125316,0.0504782893575308,12.1207518511486,"BayesMVP-WCP","BayesMVP-WCP","BayesMVP-WCP"
"HPC","MD_BayesMVP_WCP","BayesMVP_NicoStan",2500,4,64,32,2,400,"229e14792b0f4550a6f1e0887b422826","state_allocation_thread_setup_sampling_divergence_check","iteration_difference","main_scaling","two_run_difference",NA,4,2.65012531328323,2.63859649122808,0.0590288084211146,0.0360000000000014,2.67950000000002,0.0293746867167933,0.00662531328320806,0.0360000000000014,2.66950000000003,0.0294699248120314,0.00659649122807019,0,FALSE,FALSE,12.0749006998297,4829.96027993188,0,"5772;5785;5798;5811",1476,2500,"N = 2500",4,"4","64",400,32,2.65012531328323,0.0590288084211146,12.0749006998297,"BayesMVP-chunking_and_WCP","BayesMVP-chunking_and_WCP","BayesMVP-chunking_and_WCP"
"HPC","MD_BayesMVP_WCP","BayesMVP_NicoStan",2500,2,96,48,2,400,"229e14792b0f4550a6f1e0887b422826","state_allocation_thread_setup_sampling_divergence_check","iteration_difference","main_scaling","two_run_difference",NA,4,4.11152882205516,4.11278195488724,0.0288049784143148,0.0582499999999584,4.15949999999998,0.0479711779448205,0.0102788220551379,0.0574999999999477,4.15899999999999,0.0472832080199978,0.0102819548872181,0,FALSE,FALSE,11.6744894849131,4669.79579396523,0,"5741;5748;5755;5762",1466,2500,"N = 2500",2,"2","96",400,48,4.11152882205516,0.0288049784143148,11.6744894849131,"BayesMVP-WCP","BayesMVP-WCP","BayesMVP-WCP"
"HPC","MD_BayesMVP","BayesMVP_NicoStan",2500,25,64,64,1,80,"229e14792b0f4550a6f1e0887b422826","state_allocation_thread_setup_sampling_divergence_check","iteration_difference","main_scaling","two_run_difference",NA,4,1.10455696202531,1.13012658227847,0.139534786837188,0.0500000000000043,1.14075,0.0361930379746879,0.0138069620253164,0.0504999999999995,1.16549999999999,0.0362278481012821,0.0141265822784808,0,FALSE,FALSE,57.9417831767137,4635.34265413709,0,"5011;5020;5029;5038",1285,2500,"N = 2500",25,"25","64",80,64,1.10455696202531,0.139534786837188,57.9417831767137,"BayesMVP-chunking","BayesMVP-chunking","BayesMVP-chunking"
"HPC","MD_BayesMVP_WCP","BayesMVP_NicoStan",2500,2,64,32,2,400,"229e14792b0f4550a6f1e0887b422826","state_allocation_thread_setup_sampling_divergence_check","iteration_difference","main_scaling","two_run_difference",NA,4,2.79724310776944,2.8055137844612,0.0771012485341073,0.0487499999999841,2.839,0.0417568922305605,0.0069931077694236,0.0499999999999545,2.846,0.0429360902255753,0.007013784461153,0,FALSE,FALSE,11.4398351402204,4575.93405608814,0,"5740;5747;5754;5761",1465,2500,"N = 2500",2,"2","64",400,32,2.79724310776944,0.0771012485341073,11.4398351402204,"BayesMVP-WCP","BayesMVP-WCP","BayesMVP-WCP"
"HPC","MD_BayesMVP","BayesMVP_NicoStan",2500,1,96,96,1,80,"229e14792b0f4550a6f1e0887b422826","state_allocation_thread_setup_sampling_divergence_check","iteration_difference","main_scaling","two_run_difference",NA,4,1.73645569620253,1.74126582278481,0.0732779114011342,0.127250000000004,1.84200000000001,0.105544303797472,0.0217056962025317,0.128000000000007,1.846,0.106354430379754,0.0217658227848102,0,FALSE,FALSE,55.2850269718617,4422.80215774894,0,"4868;4877;4886;4895",1250,2500,"N = 2500",1,"1","96",80,96,1.73645569620253,0.0732779114011342,55.2850269718617,"BayesMVP","BayesMVP","BayesMVP"
"HPC","MD_BayesMVP","BayesMVP_NicoStan",2500,1,64,64,1,80,"229e14792b0f4550a6f1e0887b422826","state_allocation_thread_setup_sampling_divergence_check","iteration_difference","main_scaling","two_run_difference",NA,4,1.35139240506327,1.30075949367087,0.175308854501702,0.0714999999999968,1.40599999999998,0.0546075949367059,0.0168924050632909,0.0664999999999907,1.36099999999999,0.0489746835442948,0.0162594936708859,0,FALSE,FALSE,47.3585612588992,3788.68490071193,0,"4867;4876;4885;4894",1249,2500,"N = 2500",1,"1","64",80,64,1.35139240506327,0.175308854501702,47.3585612588992,"BayesMVP","BayesMVP","BayesMVP"
"HPC","MD_BayesMVP_WCP","BayesMVP_NicoStan",500,2,16,8,2,2000,"5fff1836d43ae39c037ca22d13a50ed5","state_allocation_thread_setup_sampling_divergence_check","iteration_difference","main_scaling","two_run_difference",NA,4,4.68059029514725,4.66433216608264,0.0638461064299758,0.00750000000013262,4.68574999999981,0.005159704852559,0.00234029514757362,0.00799999999990497,4.66999999999996,0.0056678339173184,0.00233216608304132,0,FALSE,FALSE,1.70918612729131,3418.37225458261,0,"5590;5597;5604;5611",1426,500,"N = 500",2,"2","16",2000,8,4.68059029514725,0.0638461064299758,1.70918612729131,"BayesMVP-WCP","BayesMVP-WCP","BayesMVP-WCP"
"HPC","MD_BayesMVP_WCP","BayesMVP_NicoStan",500,2,16,8,2,2000,"5fff1836d43ae39c037ca22d13a50ed5","state_allocation_thread_setup_sampling_divergence_check","iteration_difference","main_scaling","two_run_difference",NA,4,4.68059029514725,4.66433216608264,0.0638461064299758,0.00750000000013262,4.68574999999981,0.005159704852559,0.00234029514757362,0.00799999999990497,4.66999999999996,0.0056678339173184,0.00233216608304132,0,FALSE,FALSE,1.70918612729131,3418.37225458261,0,"5590;5597;5604;5611",1426,500,"N = 500",2,"2","16",2000,8,4.68059029514725,0.0638461064299758,1.70918612729131,"BayesMVP-chunking_and_WCP","BayesMVP-chunking_and_WCP","BayesMVP-chunking_and_WCP"
"HPC","MD_BayesMVP","BayesMVP_NicoStan",2500,25,32,32,1,80,"229e14792b0f4550a6f1e0887b422826","state_allocation_thread_setup_sampling_divergence_check","iteration_difference","main_scaling","two_run_difference",NA,4,0.807341772151897,0.788860759493682,0.18246099629374,0.167249999999996,0.964499999999994,0.157158227848097,0.0100917721518987,0.16849999999998,0.950999999999993,0.158639240506309,0.00986075949367102,0,FALSE,FALSE,39.6362496080277,3170.89996864221,0,"5010;5019;5028;5037",1284,2500,"N = 2500",25,"25","32",80,32,0.807341772151897,0.18246099629374,39.6362496080277,"BayesMVP-chunking","BayesMVP-chunking","BayesMVP-chunking"
"HPC","MD_BayesMVP","BayesMVP_NicoStan",500,2,8,8,1,400,"5fff1836d43ae39c037ca22d13a50ed5","state_allocation_thread_setup_sampling_divergence_check","iteration_difference","main_scaling","two_run_difference",NA,4,1.11328320802005,1.11177944862156,0.00973687704884434,0.00599999999999845,1.1165,0.00321679197994832,0.00278320802005013,0.00600000000000023,1.115,0.00321303258145386,0.00277944862155389,0,FALSE,FALSE,7.18595227375056,2874.38090950022,0,"4748;4757;4766;4775",1217,500,"N = 500",2,"2","8",400,8,1.11328320802005,0.00973687704884434,7.18595227375056,"BayesMVP-chunking","BayesMVP-chunking","BayesMVP-chunking"
"HPC","MD_BayesMVP","BayesMVP_NicoStan",500,1,8,8,1,400,"5fff1836d43ae39c037ca22d13a50ed5","state_allocation_thread_setup_sampling_divergence_check","iteration_difference","main_scaling","two_run_difference",NA,4,1.12832080200501,1.12832080200501,0.0130068507642653,0.00650000000000261,1.132,0.0036791979949901,0.00282080200501252,0.00650000000000261,1.1315,0.00366416040100513,0.00282080200501253,0,FALSE,FALSE,7.09018214127058,2836.07285650823,0,"4712;4721;4730;4739",1208,500,"N = 500",1,"1","8",400,8,1.12832080200501,0.0130068507642653,7.09018214127058,"BayesMVP","BayesMVP","BayesMVP"
"HPC","MD_BayesMVP","BayesMVP_NicoStan",2500,1,180,180,1,80,"229e14792b0f4550a6f1e0887b422826","state_allocation_thread_setup_sampling_divergence_check","iteration_difference","main_scaling","two_run_difference",NA,4,5.16227848101267,5.15949367088608,0.170358240910788,0.276499999999992,5.37425,0.211971518987333,0.0645284810126584,0.285999999999994,5.404,0.221215189873412,0.0644936708860759,0,FALSE,FALSE,34.8683242607032,2789.46594085625,0,"4869;4878;4887;4896",1251,2500,"N = 2500",1,"1","180",80,180,5.16227848101267,0.170358240910788,34.8683242607032,"BayesMVP","BayesMVP","BayesMVP"
"HPC","MD_BayesMVP_WCP","BayesMVP_NicoStan",2500,4,32,16,2,400,"229e14792b0f4550a6f1e0887b422826","state_allocation_thread_setup_sampling_divergence_check","iteration_difference","main_scaling","two_run_difference",NA,4,2.58746867167926,2.58796992481198,0.122045273635143,0.0272499999999667,2.60825000000003,0.0207813283207685,0.00646867167919815,0.0235000000000696,2.61350000000002,0.0170075187970622,0.00646992481202995,0,FALSE,FALSE,6.18364974815948,2473.45989926379,0,"5769;5782;5795;5808",1473,2500,"N = 2500",4,"4","32",400,16,2.58746867167926,0.122045273635143,6.18364974815948,"BayesMVP-chunking_and_WCP","BayesMVP-chunking_and_WCP","BayesMVP-chunking_and_WCP"
"HPC","MD_BayesMVP_WCP","BayesMVP_NicoStan",2500,2,32,16,2,400,"229e14792b0f4550a6f1e0887b422826","state_allocation_thread_setup_sampling_divergence_check","iteration_difference","main_scaling","two_run_difference",NA,4,2.60827067669187,2.590977443609,0.106452681385128,0.0392499999999494,2.64100000000009,0.0327293233082197,0.00652067669172969,0.0330000000000297,2.61750000000001,0.0266917293232093,0.0064774436090225,0,FALSE,FALSE,6.1343326607088,2453.73306428352,0,"5739;5746;5753;5760",1464,2500,"N = 2500",2,"2","32",400,16,2.60827067669187,0.106452681385128,6.1343326607088,"BayesMVP-WCP","BayesMVP-WCP","BayesMVP-WCP"
"HPC","MD_BayesMVP","BayesMVP_NicoStan",2500,1,32,32,1,80,"229e14792b0f4550a6f1e0887b422826","state_allocation_thread_setup_sampling_divergence_check","iteration_difference","main_scaling","two_run_difference",NA,4,1.04936708860759,0.882531645569618,0.337400514197515,0.0479999999999947,1.08424999999999,0.0348829113923998,0.0131170886075949,0.0474999999999852,0.922499999999978,0.0344873417721636,0.0110316455696202,0,FALSE,FALSE,30.4945717732209,2439.56574185767,0,"4866;4875;4884;4893",1248,2500,"N = 2500",1,"1","32",80,32,1.04936708860759,0.337400514197515,30.4945717732209,"BayesMVP","BayesMVP","BayesMVP"
"HPC","MD_BayesMVP","BayesMVP_NicoStan",10000,50,180,180,1,80,"b97502ef4c1796520d0acd01a82ea24d","state_allocation_thread_setup_sampling_divergence_check","iteration_difference","main_scaling","two_run_difference",NA,4,7.6774683544304,7.71544303797468,0.310692500104723,0.177500000000009,7.75900000000003,0.0815316455696291,0.09596835443038,0.160500000000013,7.81450000000004,0.0671139240506576,0.0964430379746835,0,FALSE,FALSE,23.4452285167842,1875.61828134274,0,"5201;5210;5219;5228",1334,10000,"N = 10,000",50,"50","180",80,180,7.6774683544304,0.310692500104723,23.4452285167842,"BayesMVP-chunking","BayesMVP-chunking","BayesMVP-chunking"
"HPC","MD_BayesMVP_WCP","BayesMVP_NicoStan",10000,50,180,90,2,200,"b97502ef4c1796520d0acd01a82ea24d","state_allocation_thread_setup_sampling_divergence_check","iteration_difference","main_scaling","two_run_difference",NA,4,10.4873737373738,10.469696969697,0.0710692982367516,0.114250000000027,10.5491868686869,0.0618131313131579,0.0524368686868689,0.113500000000045,10.5308484848485,0.0611919191919628,0.0523484848484849,0,FALSE,FALSE,8.58174813387908,1716.34962677582,0,"6189;6214;6239;6264",1593,10000,"N = 10,000",50,"50","180",200,90,10.4873737373738,0.0710692982367516,8.58174813387908,"BayesMVP-chunking_and_WCP","BayesMVP-chunking_and_WCP","BayesMVP-chunking_and_WCP"
"Laptop","MD_BayesMVP","BayesMVP_NicoStan",500,1,16,16,1,400,"257aba3ac8b8727679d269bf8597bb85","state_allocation_thread_setup_sampling_divergence_check","iteration_difference","main_scaling","two_run_difference",NA,4,3.77017543859649,3.75689223057644,0.0835009087654002,0.0172500000000015,3.778,0.00782456140351031,0.00942543859649123,0.0160000000000071,3.767,0.00673809523810238,0.0093922305764411,0,FALSE,FALSE,4.24383434155421,1697.53373662168,0,"9057;9062;9067;9072",2295,500,"N = 500",1,"1","16",400,16,3.77017543859649,0.0835009087654002,4.24383434155421,"BayesMVP","BayesMVP","BayesMVP"
"HPC","MD_BayesMVP_WCP","BayesMVP_NicoStan",500,4,8,4,2,2000,"5fff1836d43ae39c037ca22d13a50ed5","state_allocation_thread_setup_sampling_divergence_check","iteration_difference","main_scaling","two_run_difference",NA,4,4.72361180590284,4.67383691845885,0.177690224611554,0.00425000000000342,4.7254999999999,0.001888194097052,0.00236180590295142,0.00449999999995221,4.67599999999957,0.00216308154072278,0.00233691845922942,0,FALSE,FALSE,0.846809637278282,1693.61927455656,0,"5617;5630;5643;5656",1432,500,"N = 500",4,"4","8",2000,4,4.72361180590284,0.177690224611554,0.846809637278282,"BayesMVP-chunking_and_WCP","BayesMVP-chunking_and_WCP","BayesMVP-chunking_and_WCP"
"Laptop","MD_BayesMVP","BayesMVP_NicoStan",500,2,16,16,1,400,"257aba3ac8b8727679d269bf8597bb85","state_allocation_thread_setup_sampling_divergence_check","iteration_difference","main_scaling","two_run_difference",NA,4,3.79924812030076,3.7934837092732,0.0878833648878024,0.0164999999999997,3.80625000000001,0.00700187969924783,0.00949812030075191,0.0160000000000036,3.80000000000001,0.00669047619047976,0.00948370927318299,0,FALSE,FALSE,4.21135958836334,1684.54383534533,0,"9077;9082;9087;9092",2300,500,"N = 500",2,"2","16",400,16,3.79924812030076,0.0878833648878024,4.21135958836334,"BayesMVP-chunking","BayesMVP-chunking","BayesMVP-chunking"
"HPC","MD_BayesMVP_WCP","BayesMVP_NicoStan",500,2,8,4,2,2000,"5fff1836d43ae39c037ca22d13a50ed5","state_allocation_thread_setup_sampling_divergence_check","iteration_difference","main_scaling","two_run_difference",NA,4,4.82716358179092,4.63481740870472,0.476958785232038,0.0044999999999531,4.82924999999997,0.00208641820905764,0.00241358179089546,0.00500000000000078,4.63650000000022,0.00247773886948984,0.00231740870435236,0,FALSE,FALSE,0.828643971190214,1657.28794238043,0,"5589;5596;5603;5610",1425,500,"N = 500",2,"2","8",2000,4,4.82716358179092,0.476958785232038,0.828643971190214,"BayesMVP-WCP","BayesMVP-WCP","BayesMVP-WCP"
"HPC","MD_BayesMVP","BayesMVP_NicoStan",10000,25,96,96,1,80,"b97502ef4c1796520d0acd01a82ea24d","state_allocation_thread_setup_sampling_divergence_check","iteration_difference","main_scaling","two_run_difference",NA,4,4.92936708860757,4.93772151898732,0.35275057023721,0.118749999999999,4.98649999999998,0.0571329113924039,0.0616170886075947,0.114000000000019,4.99999999999997,0.0556708860759662,0.0617215189873415,0,FALSE,FALSE,19.4751168404294,1558.00934723435,0,"5164;5173;5182;5191",1324,10000,"N = 10,000",25,"25","96",80,96,4.92936708860757,0.35275057023721,19.4751168404294,"BayesMVP-chunking","BayesMVP-chunking","BayesMVP-chunking"
"HPC","MD_BayesMVP_WCP","BayesMVP_NicoStan",10000,25,128,64,2,200,"b97502ef4c1796520d0acd01a82ea24d","state_allocation_thread_setup_sampling_divergence_check","iteration_difference","main_scaling","two_run_difference",NA,4,8.30757575757579,8.28585858585856,0.0925092983170839,0.0840000000000032,8.35003787878792,0.0424621212121242,0.041537878787879,0.0860000000000127,8.33092929292927,0.0446515151515273,0.0414292929292928,0,FALSE,FALSE,7.70381178187121,1540.76235637424,0,"6094;6117;6140;6163",1567,10000,"N = 10,000",25,"25","128",200,64,8.30757575757579,0.0925092983170839,7.70381178187121,"BayesMVP-chunking_and_WCP","BayesMVP-chunking_and_WCP","BayesMVP-chunking_and_WCP"
"HPC","MD_BayesMVP","BayesMVP_NicoStan",10000,10,64,64,1,80,"b97502ef4c1796520d0acd01a82ea24d","state_allocation_thread_setup_sampling_divergence_check","iteration_difference","main_scaling","two_run_difference",NA,4,3.43898734177218,3.41012658227849,0.305230935955522,0.105249999999984,3.50125000000001,0.0622626582278316,0.0429873417721523,0.102499999999992,3.47,0.0605759493670805,0.0426265822784811,0,FALSE,FALSE,18.610129564193,1488.81036513544,0,"5127;5136;5145;5154",1314,10000,"N = 10,000",10,"10","64",80,64,3.43898734177218,0.305230935955522,18.610129564193,"BayesMVP-chunking","BayesMVP-chunking","BayesMVP-chunking"
"HPC","MD_BayesMVP","BayesMVP_NicoStan",2500,10,16,16,1,80,"229e14792b0f4550a6f1e0887b422826","state_allocation_thread_setup_sampling_divergence_check","iteration_difference","main_scaling","two_run_difference",NA,4,0.873670886075948,0.760000000000002,0.23386102499086,0.0309999999999988,0.893749999999997,0.0200791139240495,0.0109208860759493,0.0319999999999965,0.780000000000008,0.0200000000000058,0.00950000000000003,0,FALSE,FALSE,18.3135323094756,1465.08258475804,0,"4973;4982;4991;5000",1274,2500,"N = 2500",10,"10","16",80,16,0.873670886075948,0.23386102499086,18.3135323094756,"BayesMVP-chunking","BayesMVP-chunking","BayesMVP-chunking"
"HPC","MD_BayesMVP","BayesMVP_NicoStan",2500,1,16,16,1,80,"229e14792b0f4550a6f1e0887b422826","state_allocation_thread_setup_sampling_divergence_check","iteration_difference","main_scaling","two_run_difference",NA,4,0.875696202531636,0.87594936708861,0.0185139294164806,0.0357500000000108,0.900500000000001,0.0248037974683654,0.0109462025316454,0.0355000000000132,0.900500000000015,0.0245506329114056,0.0109493670886076,0,FALSE,FALSE,18.2711766406478,1461.69413125182,0,"4865;4874;4883;4892",1247,2500,"N = 2500",1,"1","16",80,16,0.875696202531636,0.0185139294164806,18.2711766406478,"BayesMVP","BayesMVP","BayesMVP"
"HPC","MD_BayesMVP","BayesMVP_NicoStan",500,1,4,4,1,400,"5fff1836d43ae39c037ca22d13a50ed5","state_allocation_thread_setup_sampling_divergence_check","iteration_difference","main_scaling","two_run_difference",NA,4,1.10877192982456,1.11027568922306,0.0113715619229211,0.00674999999999981,1.11275,0.00397807017543841,0.00277192982456141,0.00700000000000234,1.1135,0.00424185463659384,0.00277568922305765,0,FALSE,FALSE,3.60759493670886,1443.03797468354,0,"4711;4720;4729;4738",1207,500,"N = 500",1,"1","4",400,4,1.10877192982456,0.0113715619229211,3.60759493670886,"BayesMVP","BayesMVP","BayesMVP"
"HPC","MD_BayesMVP","BayesMVP_NicoStan",500,2,4,4,1,400,"5fff1836d43ae39c037ca22d13a50ed5","state_allocation_thread_setup_sampling_divergence_check","iteration_difference","main_scaling","two_run_difference",NA,4,1.11127819548872,1.1077694235589,0.0101743273835493,0.00499999999999812,1.1135,0.00222180451127631,0.0027781954887218,0.00500000000000078,1.1105,0.00223057644109821,0.00276942355889724,0,FALSE,FALSE,3.59945872801083,1439.78349120433,0,"4747;4756;4765;4774",1216,500,"N = 500",2,"2","4",400,4,1.11127819548872,0.0101743273835493,3.59945872801083,"BayesMVP-chunking","BayesMVP-chunking","BayesMVP-chunking"
"Laptop","MD_BayesMVP","BayesMVP_NicoStan",500,1,8,8,1,400,"257aba3ac8b8727679d269bf8597bb85","state_allocation_thread_setup_sampling_divergence_check","iteration_difference","main_scaling","two_run_difference",NA,4,2.23182957393484,2.2606516290727,0.142352065558685,0.0104999999999977,2.23675000000001,0.00492042606516062,0.00557957393483711,0.0109999999999957,2.26600000000001,0.00513408521302821,0.00565162907268175,0,FALSE,FALSE,3.58450308815271,1433.80123526108,0,"9056;9061;9066;9071",2294,500,"N = 500",1,"1","8",400,8,2.23182957393484,0.142352065558685,3.58450308815271,"BayesMVP","BayesMVP","BayesMVP"
"HPC","MD_BayesMVP_WCP","BayesMVP_NicoStan",10000,25,96,48,2,200,"b97502ef4c1796520d0acd01a82ea24d","state_allocation_thread_setup_sampling_divergence_check","iteration_difference","main_scaling","two_run_difference",NA,4,6.78838383838385,6.73131313131335,0.15177418934249,0.0760000000000218,6.83044191919196,0.0420580808081026,0.0339419191919193,0.0715000000000146,6.76815656565671,0.0371818181818324,0.0336565656565667,0,FALSE,FALSE,7.07090246261437,1414.18049252287,0,"6093;6116;6139;6162",1566,10000,"N = 10,000",25,"25","96",200,48,6.78838383838385,0.15177418934249,7.07090246261437,"BayesMVP-chunking_and_WCP","BayesMVP-chunking_and_WCP","BayesMVP-chunking_and_WCP"
"Laptop","MD_BayesMVP","BayesMVP_NicoStan",500,2,8,8,1,400,"257aba3ac8b8727679d269bf8597bb85","state_allocation_thread_setup_sampling_divergence_check","iteration_difference","main_scaling","two_run_difference",NA,4,2.31328320802004,2.35739348370926,0.107987190368625,0.0102500000000125,2.31775,0.00446679197996243,0.0057832080200501,0.0100000000000193,2.3615,0.00410651629073729,0.00589348370927316,0,FALSE,FALSE,3.45828819068257,1383.31527627303,0,"9076;9081;9086;9091",2299,500,"N = 500",2,"2","8",400,8,2.31328320802004,0.107987190368625,3.45828819068257,"BayesMVP-chunking","BayesMVP-chunking","BayesMVP-chunking"
"HPC","MD_BayesMVP_WCP","BayesMVP_NicoStan",10000,25,64,32,2,200,"b97502ef4c1796520d0acd01a82ea24d","state_allocation_thread_setup_sampling_divergence_check","iteration_difference","main_scaling","two_run_difference",NA,4,4.83434343434361,4.75454545454556,0.228637131567542,0.0572500000000105,4.8674217171719,0.0330782828282924,0.024171717171718,0.0559999999999263,4.7857727272729,0.0325555555554805,0.0237727272727278,0,FALSE,FALSE,6.6193063100708,1323.86126201416,0,"6090;6113;6136;6159",1563,10000,"N = 10,000",25,"25","64",200,32,4.83434343434361,0.228637131567542,6.6193063100708,"BayesMVP-chunking_and_WCP","BayesMVP-chunking_and_WCP","BayesMVP-chunking_and_WCP"
"HPC","MD_BayesMVP_WCP","BayesMVP_NicoStan",2500,10,16,8,2,400,"229e14792b0f4550a6f1e0887b422826","state_allocation_thread_setup_sampling_divergence_check","iteration_difference","main_scaling","two_run_difference",NA,4,2.48421052631569,2.47167919799498,0.0374298841155802,0.0175000000000125,2.49549999999991,0.0112894736842233,0.00621052631578923,0.0175000000000125,2.483,0.0113208020050251,0.00617919799498745,0,FALSE,FALSE,3.22033898305097,1288.13559322039,0,"5820;5837;5854;5871",1485,2500,"N = 2500",10,"10","16",400,8,2.48421052631569,0.0374298841155802,3.22033898305097,"BayesMVP-chunking_and_WCP","BayesMVP-chunking_and_WCP","BayesMVP-chunking_and_WCP"
"HPC","MD_BayesMVP_WCP","BayesMVP_NicoStan",2500,2,16,8,2,400,"229e14792b0f4550a6f1e0887b422826","state_allocation_thread_setup_sampling_divergence_check","iteration_difference","main_scaling","two_run_difference",NA,4,2.57042606516312,2.56240601503778,0.046721524602564,0.02674999999984,2.59075000000006,0.0203239348369321,0.00642606516290781,0.0234999999997143,2.5869999999999,0.0171666666663805,0.00640601503759444,0,FALSE,FALSE,3.11232449297946,1244.92979719178,0,"5738;5745;5752;5759",1463,2500,"N = 2500",2,"2","16",400,8,2.57042606516312,0.046721524602564,3.11232449297946,"BayesMVP-WCP","BayesMVP-WCP","BayesMVP-WCP"
"Laptop","MD_BayesMVP_WCP","BayesMVP_NicoStan",500,2,16,8,2,2000,"257aba3ac8b8727679d269bf8597bb85","state_allocation_thread_setup_sampling_divergence_check","iteration_difference","main_scaling","two_run_difference",NA,4,13.7943971985995,13.7813906953477,0.362118899416952,0.0212499999999869,13.8087500000001,0.0143528014006872,0.00689719859929973,0.0210000000001163,13.7955000000001,0.0141093046524424,0.00689069534767383,0,FALSE,FALSE,0.579945602901172,1159.89120580234,0,"9543;9546;9549;9552",2415,500,"N = 500",2,"2","16",2000,8,13.7943971985995,0.362118899416952,0.579945602901172,"BayesMVP-WCP","BayesMVP-WCP","BayesMVP-WCP"
"Laptop","MD_BayesMVP_WCP","BayesMVP_NicoStan",500,2,16,8,2,2000,"257aba3ac8b8727679d269bf8597bb85","state_allocation_thread_setup_sampling_divergence_check","iteration_difference","main_scaling","two_run_difference",NA,4,13.7943971985995,13.7813906953477,0.362118899416952,0.0212499999999869,13.8087500000001,0.0143528014006872,0.00689719859929973,0.0210000000001163,13.7955000000001,0.0141093046524424,0.00689069534767383,0,FALSE,FALSE,0.579945602901172,1159.89120580234,0,"9543;9546;9549;9552",2415,500,"N = 500",2,"2","16",2000,8,13.7943971985995,0.362118899416952,0.579945602901172,"BayesMVP-chunking_and_WCP","BayesMVP-chunking_and_WCP","BayesMVP-chunking_and_WCP"
"HPC","MD_BayesMVP_WCP","BayesMVP_NicoStan",10000,25,176,16,11,200,"b97502ef4c1796520d0acd01a82ea24d","state_allocation_thread_setup_sampling_divergence_check","iteration_difference","main_scaling","two_run_difference",NA,4,3.23944723618087,3.25979899497463,0.109823619545439,0.0652499999999776,3.28849999999994,0.0490527638190733,0.0161972361809043,0.0655000000000996,3.30899999999986,0.0492010050252264,0.0162989949748731,0,FALSE,FALSE,4.93911424804163,987.822849608325,0,"6088;6111;6134;6157",1561,10000,"N = 10,000",25,"25","176",200,16,3.23944723618087,0.109823619545439,4.93911424804163,"BayesMVP-chunking_and_WCP","BayesMVP-chunking_and_WCP","BayesMVP-chunking_and_WCP"
"Laptop","MD_BayesMVP_WCP","BayesMVP_NicoStan",500,2,8,4,2,2000,"257aba3ac8b8727679d269bf8597bb85","state_allocation_thread_setup_sampling_divergence_check","iteration_difference","main_scaling","two_run_difference",NA,4,8.20035017508731,8.15407703851907,0.345927573300143,0.00850000000030882,8.20475000000008,0.00439982491276516,0.00410017508754365,0.00800000000035972,8.15750000000007,0.00380815407739838,0.00407703851925953,0,FALSE,FALSE,0.48778404758275,975.5680951655,0,"9542;9545;9548;9551",2414,500,"N = 500",2,"2","8",2000,4,8.20035017508731,0.345927573300143,0.48778404758275,"BayesMVP-WCP","BayesMVP-WCP","BayesMVP-WCP"
"Laptop","MD_BayesMVP_WCP","BayesMVP_NicoStan",500,2,8,4,2,2000,"257aba3ac8b8727679d269bf8597bb85","state_allocation_thread_setup_sampling_divergence_check","iteration_difference","main_scaling","two_run_difference",NA,4,8.20035017508731,8.15407703851907,0.345927573300143,0.00850000000030882,8.20475000000008,0.00439982491276516,0.00410017508754365,0.00800000000035972,8.15750000000007,0.00380815407739838,0.00407703851925953,0,FALSE,FALSE,0.48778404758275,975.5680951655,0,"9542;9545;9548;9551",2414,500,"N = 500",2,"2","8",2000,4,8.20035017508731,0.345927573300143,0.48778404758275,"BayesMVP-chunking_and_WCP","BayesMVP-chunking_and_WCP","BayesMVP-chunking_and_WCP"
"HPC","MD_BayesMVP_WCP","BayesMVP_NicoStan",10000,4,64,16,4,200,"b97502ef4c1796520d0acd01a82ea24d","state_allocation_thread_setup_sampling_divergence_check","iteration_difference","main_scaling","two_run_difference",NA,4,3.28140703517579,3.29195979899483,0.0909459817881912,0.0872500000002177,3.35225000000013,0.0708429648243387,0.0164070351758789,0.0770000000002682,3.35250000000012,0.0605402010052941,0.0164597989949741,0,FALSE,FALSE,4.87595712098023,975.191424196046,0,"5958;5971;5984;5997",1521,10000,"N = 10,000",4,"4","64",200,16,3.28140703517579,0.0909459817881912,4.87595712098023,"BayesMVP-WCP","BayesMVP-WCP","BayesMVP-WCP"
"HPC","MD_BayesMVP_WCP","BayesMVP_NicoStan",10000,8,128,16,8,200,"b97502ef4c1796520d0acd01a82ea24d","state_allocation_thread_setup_sampling_divergence_check","iteration_difference","main_scaling","two_run_difference",NA,4,3.33090452261302,3.27587939698493,0.150403557483224,0.0812500000000114,3.39549999999997,0.0645954773869463,0.0166545226130651,0.0710000000000264,3.32549999999992,0.0548241206030418,0.0163793969849246,0,FALSE,FALSE,4.80350003771598,960.700007543197,0,"7140;7144;7148;7152",1815,10000,"N = 10,000",8,"8","128",200,16,3.33090452261302,0.150403557483224,4.80350003771598,"BayesMVP-WCP","BayesMVP-WCP","BayesMVP-WCP"
"HPC","MD_BayesMVP_WCP","BayesMVP_NicoStan",10000,11,176,16,11,200,"b97502ef4c1796520d0acd01a82ea24d","state_allocation_thread_setup_sampling_divergence_check","iteration_difference","main_scaling","two_run_difference",NA,4,3.35954773869361,3.35678391959802,0.162833456256107,0.101999999999919,3.44475000000006,0.0852022613064506,0.016797738693468,0.0864999999997735,3.42550000000006,0.0703819095475106,0.0167839195979901,0,FALSE,FALSE,4.76254580809194,952.509161618389,0,"7158;7164;7170;7176",1821,10000,"N = 10,000",11,"11","176",200,16,3.35954773869361,0.162833456256107,4.76254580809194,"BayesMVP-WCP","BayesMVP-WCP","BayesMVP-WCP"
"HPC","MD_BayesMVP_WCP","BayesMVP_NicoStan",10000,6,96,16,6,200,"b97502ef4c1796520d0acd01a82ea24d","state_allocation_thread_setup_sampling_divergence_check","iteration_difference","main_scaling","two_run_difference",NA,4,3.39296482412075,3.37085427135705,0.207626288573282,0.08400000000006,3.46000000000021,0.0670351758794563,0.0169648241206038,0.0755000000001473,3.42600000000039,0.0590125628142179,0.0168542713567853,0,FALSE,FALSE,4.71563981042634,943.127962085267,0,"7139;7143;7147;7151",1814,10000,"N = 10,000",6,"6","96",200,16,3.39296482412075,0.207626288573282,4.71563981042634,"BayesMVP-WCP","BayesMVP-WCP","BayesMVP-WCP"
"HPC","MD_BayesMVP","BayesMVP_NicoStan",10000,10,32,32,1,80,"b97502ef4c1796520d0acd01a82ea24d","state_allocation_thread_setup_sampling_divergence_check","iteration_difference","main_scaling","two_run_difference",NA,4,2.9612658227848,2.87949367088605,0.240894024626597,0.0695000000000192,2.99375000000001,0.0324841772152093,0.03701582278481,0.0680000000000121,2.9145,0.0299620253164678,0.0359936708860757,0,FALSE,FALSE,10.8061896212705,864.495169701637,0,"5126;5135;5144;5153",1313,10000,"N = 10,000",10,"10","32",80,32,2.9612658227848,0.240894024626597,10.8061896212705,"BayesMVP-chunking","BayesMVP-chunking","BayesMVP-chunking"
"HPC","MD_BayesMVP","BayesMVP_NicoStan",2500,4,8,8,1,80,"229e14792b0f4550a6f1e0887b422826","state_allocation_thread_setup_sampling_divergence_check","iteration_difference","main_scaling","two_run_difference",NA,4,0.784303797468343,0.755949367088598,0.0719605130672634,0.0597500000000117,0.834250000000001,0.0499462025316574,0.00980379746835429,0.0230000000000246,0.768500000000003,0.0136898734177464,0.00944936708860747,0,FALSE,FALSE,10.2001291155586,816.010329244686,0,"4936;4945;4954;4963",1264,2500,"N = 2500",4,"4","8",80,8,0.784303797468343,0.0719605130672634,10.2001291155586,"BayesMVP-chunking","BayesMVP-chunking","BayesMVP-chunking"
"Laptop","MD_BayesMVP","BayesMVP_NicoStan",500,1,4,4,1,400,"257aba3ac8b8727679d269bf8597bb85","state_allocation_thread_setup_sampling_divergence_check","iteration_difference","main_scaling","two_run_difference",NA,4,2.06190476190478,2.08220551378447,0.0924242454666479,0.0089999999999919,2.06575000000001,0.00384523809522996,0.00515476190476194,0.00949999999999562,2.0855,0.00439598997493292,0.00520551378446118,0,FALSE,FALSE,1.93995381062354,775.981524249417,0,"9055;9060;9065;9070",2293,500,"N = 500",1,"1","4",400,4,2.06190476190478,0.0924242454666479,1.93995381062354,"BayesMVP","BayesMVP","BayesMVP"
"Laptop","MD_BayesMVP","BayesMVP_NicoStan",500,2,4,4,1,400,"257aba3ac8b8727679d269bf8597bb85","state_allocation_thread_setup_sampling_divergence_check","iteration_difference","main_scaling","two_run_difference",NA,4,2.13308270676693,2.13233082706768,0.0543907770374676,0.00824999999999942,2.13600000000001,0.00291729323308211,0.00533270676691732,0.00849999999999618,2.13550000000001,0.00316917293232698,0.0053308270676692,0,FALSE,FALSE,1.87522030313711,750.088121254843,0,"9075;9080;9085;9090",2298,500,"N = 500",2,"2","4",400,4,2.13308270676693,0.0543907770374676,1.87522030313711,"BayesMVP-chunking","BayesMVP-chunking","BayesMVP-chunking"
"HPC","MD_BayesMVP_WCP","BayesMVP_NicoStan",10000,10,32,16,2,200,"b97502ef4c1796520d0acd01a82ea24d","state_allocation_thread_setup_sampling_divergence_check","iteration_difference","main_scaling","two_run_difference",NA,4,4.26633165829144,4.17989949748746,0.283690187626983,0.0615000000001729,4.30650000000016,0.0401683417087157,0.0213316582914572,0.062500000000199,4.22150000000022,0.0407185929650254,0.0208994974874373,0,FALSE,FALSE,3.7502944640754,750.05889281508,0,"6011;6028;6045;6062",1535,10000,"N = 10,000",10,"10","32",200,16,4.26633165829144,0.283690187626983,3.7502944640754,"BayesMVP-chunking_and_WCP","BayesMVP-chunking_and_WCP","BayesMVP-chunking_and_WCP"
"HPC","MD_BayesMVP","BayesMVP_NicoStan",2500,1,8,8,1,80,"229e14792b0f4550a6f1e0887b422826","state_allocation_thread_setup_sampling_divergence_check","iteration_difference","main_scaling","two_run_difference",NA,4,0.874177215189878,0.873417721518999,0.0224979599329047,0.0282499999999892,0.891499999999994,0.0173227848101158,0.0109272151898735,0.0279999999999987,0.889499999999998,0.0168354430379734,0.0109177215189875,0,FALSE,FALSE,9.15146249637991,732.116999710393,0,"4864;4873;4882;4891",1246,2500,"N = 2500",1,"1","8",80,8,0.874177215189878,0.0224979599329047,9.15146249637991,"BayesMVP","BayesMVP","BayesMVP"
"HPC","MD_BayesMVP","BayesMVP_NicoStan",500,2,2,2,1,400,"5fff1836d43ae39c037ca22d13a50ed5","state_allocation_thread_setup_sampling_divergence_check","iteration_difference","main_scaling","two_run_difference",NA,4,1.10451127819548,1.10225563909774,0.0251010566310054,0.00425000000000431,1.106,0.0014887218045156,0.00276127819548871,0.00400000000001022,1.10399999999999,0.00126942355890748,0.00275563909774435,0,FALSE,FALSE,1.81075561606536,724.302246426144,0,"4746;4755;4764;4773",1215,500,"N = 500",2,"2","2",400,2,1.10451127819548,0.0251010566310054,1.81075561606536,"BayesMVP-chunking","BayesMVP-chunking","BayesMVP-chunking"
"HPC","MD_BayesMVP","BayesMVP_NicoStan",500,1,2,2,1,400,"5fff1836d43ae39c037ca22d13a50ed5","state_allocation_thread_setup_sampling_divergence_check","iteration_difference","main_scaling","two_run_difference",NA,4,1.12230576441103,1.11478696741855,0.0307308099090001,0.00449999999999529,1.124,0.00169423558896771,0.00280576441102757,0.00399999999999512,1.117,0.00123809523808591,0.00278696741854637,0,FALSE,FALSE,1.78204555605181,712.818222420722,0,"4710;4719;4728;4737",1206,500,"N = 500",1,"1","2",400,2,1.12230576441103,0.0307308099090001,1.78204555605181,"BayesMVP","BayesMVP","BayesMVP"
"HPC","MD_BayesMVP_WCP","BayesMVP_NicoStan",10000,4,180,45,4,200,"b97502ef4c1796520d0acd01a82ea24d","state_allocation_thread_setup_sampling_divergence_check","iteration_difference","main_scaling","two_run_difference",NA,4,12.7367346938775,12.7551020408163,0.0788998349243018,0.217750000000024,12.8908010204082,0.154066326530636,0.0636836734693876,0.230500000000006,12.9075408163267,0.166724489795925,0.0637755102040816,0,FALSE,FALSE,3.53308764621055,706.61752924211,0,"5962;5975;5988;6001",1525,10000,"N = 10,000",4,"4","180",200,45,12.7367346938775,0.0788998349243018,3.53308764621055,"BayesMVP-WCP","BayesMVP-WCP","BayesMVP-WCP"
"HPC","MD_BayesMVP_WCP","BayesMVP_NicoStan",2500,4,8,4,2,400,"229e14792b0f4550a6f1e0887b422826","state_allocation_thread_setup_sampling_divergence_check","iteration_difference","main_scaling","two_run_difference",NA,4,2.43182957393489,2.43759398496254,0.0376207089642977,0.0115000000000336,2.43725000000009,0.00542042606519637,0.00607957393483723,0.0115000000000691,2.4445000000001,0.00546240601503566,0.00609398496240635,0,FALSE,FALSE,1.64485210759555,657.940843038221,0,"5765;5778;5791;5804",1469,2500,"N = 2500",4,"4","8",400,4,2.43182957393489,0.0376207089642977,1.64485210759555,"BayesMVP-chunking_and_WCP","BayesMVP-chunking_and_WCP","BayesMVP-chunking_and_WCP"
"HPC","MD_BayesMVP_WCP","BayesMVP_NicoStan",2500,2,8,4,2,400,"229e14792b0f4550a6f1e0887b422826","state_allocation_thread_setup_sampling_divergence_check","iteration_difference","main_scaling","two_run_difference",NA,4,2.55714285714317,2.52431077694246,0.12565733888167,0.0119999999998086,2.56275000000013,0.00560714285695067,0.00639285714285794,0.0119999999998583,2.52949999999986,0.00548245614020788,0.00631077694235614,0,FALSE,FALSE,1.56424581005567,625.698324022269,0,"5737;5744;5751;5758",1462,2500,"N = 2500",2,"2","8",400,4,2.55714285714317,0.12565733888167,1.56424581005567,"BayesMVP-WCP","BayesMVP-WCP","BayesMVP-WCP"
"HPC","MD_BayesMVP_WCP","BayesMVP_NicoStan",10000,2,32,16,2,200,"b97502ef4c1796520d0acd01a82ea24d","state_allocation_thread_setup_sampling_divergence_check","iteration_difference","main_scaling","two_run_difference",NA,4,5.1655778894474,5.09145728643242,0.220367849686397,0.08725000000004,5.2270000000002,0.061422110552803,0.025827889447237,0.0869999999999891,5.14950000000044,0.0616432160803891,0.0254572864321621,0,FALSE,FALSE,3.09742691765154,619.485383530308,0,"7111;7118;7125;7132",1807,10000,"N = 10,000",2,"2","32",200,16,5.1655778894474,0.220367849686397,3.09742691765154,"BayesMVP-WCP","BayesMVP-WCP","BayesMVP-WCP"
"Laptop","MD_BayesMVP_WCP","BayesMVP_NicoStan",500,2,4,2,2,2000,"257aba3ac8b8727679d269bf8597bb85","state_allocation_thread_setup_sampling_divergence_check","iteration_difference","main_scaling","two_run_difference",NA,4,7.72236118059007,7.7208604302147,0.193848483375029,0.005250000000105,7.72374999999988,0.00138881940980997,0.00386118059029503,0.00500000000005407,7.72249999999975,0.00121710855427614,0.00386043021510735,0,FALSE,FALSE,0.25898814536504,517.976290730079,0,"9541;9544;9547;9550",2413,500,"N = 500",2,"2","4",2000,2,7.72236118059007,0.193848483375029,0.25898814536504,"BayesMVP-WCP","BayesMVP-WCP","BayesMVP-WCP"
"Laptop","MD_BayesMVP_WCP","BayesMVP_NicoStan",500,2,4,2,2,2000,"257aba3ac8b8727679d269bf8597bb85","state_allocation_thread_setup_sampling_divergence_check","iteration_difference","main_scaling","two_run_difference",NA,4,7.72236118059007,7.7208604302147,0.193848483375029,0.005250000000105,7.72374999999988,0.00138881940980997,0.00386118059029503,0.00500000000005407,7.72249999999975,0.00121710855427614,0.00386043021510735,0,FALSE,FALSE,0.25898814536504,517.976290730079,0,"9541;9544;9547;9550",2413,500,"N = 500",2,"2","4",2000,2,7.72236118059007,0.193848483375029,0.25898814536504,"BayesMVP-chunking_and_WCP","BayesMVP-chunking_and_WCP","BayesMVP-chunking_and_WCP"
"HPC","MD_BayesMVP","BayesMVP_NicoStan",10000,1,32,32,1,80,"b97502ef4c1796520d0acd01a82ea24d","state_allocation_thread_setup_sampling_divergence_check","iteration_difference","main_scaling","two_run_difference",NA,4,5.22759493670885,5.27037974683542,0.355329420335029,0.164749999999984,5.32699999999997,0.0994050632911232,0.0653449367088606,0.134499999999974,5.37799999999997,0.0708227848100917,0.0658797468354428,0,FALSE,FALSE,6.1213618092886,489.708944743088,0,"5054;5063;5072;5081",1295,10000,"N = 10,000",1,"1","32",80,32,5.22759493670885,0.355329420335029,6.1213618092886,"BayesMVP","BayesMVP","BayesMVP"
"HPC","MD_BayesMVP","BayesMVP_NicoStan",10000,1,64,64,1,80,"b97502ef4c1796520d0acd01a82ea24d","state_allocation_thread_setup_sampling_divergence_check","iteration_difference","main_scaling","two_run_difference",NA,4,10.7610126582278,10.7772151898734,0.281018892240925,0.347749999999998,10.97425,0.21323734177215,0.134512658227848,0.291000000000025,11.015,0.156284810126608,0.134715189873417,0,FALSE,FALSE,5.94739566178893,475.791652943115,0,"5055;5064;5073;5082",1296,10000,"N = 10,000",1,"1","64",80,64,10.7610126582278,0.281018892240925,5.94739566178893,"BayesMVP","BayesMVP","BayesMVP"
"Laptop","MD_BayesMVP","BayesMVP_NicoStan",2500,10,16,16,1,80,"7184208393ceb4c8ae3e26f0d1660bdb","state_allocation_thread_setup_sampling_divergence_check","iteration_difference","main_scaling","two_run_difference",NA,4,2.77974683544302,2.78227848101266,0.0491182737644837,0.0527499999999996,2.79774999999999,0.0180031645569618,0.0347468354430378,0.0494999999999948,2.806,0.0144810126582229,0.0347784810126583,0,FALSE,FALSE,5.75591985428054,460.473588342443,0,"9201;9206;9211;9216",2331,2500,"N = 2500",10,"10","16",80,16,2.77974683544302,0.0491182737644837,5.75591985428054,"BayesMVP-chunking","BayesMVP-chunking","BayesMVP-chunking"
"HPC","MD_BayesMVP","BayesMVP_NicoStan",10000,10,16,16,1,80,"b97502ef4c1796520d0acd01a82ea24d","state_allocation_thread_setup_sampling_divergence_check","iteration_difference","main_scaling","two_run_difference",NA,4,2.85037974683548,2.88405063291143,0.0858328659923898,0.0572499999999962,2.87200000000003,0.0216202531645528,0.0356297468354434,0.0519999999999925,2.91150000000005,0.0159367088607179,0.0360506329113929,0,FALSE,FALSE,5.61328714805927,449.062971844741,0,"5125;5134;5143;5152",1312,10000,"N = 10,000",10,"10","16",80,16,2.85037974683548,0.0858328659923898,5.61328714805927,"BayesMVP-chunking","BayesMVP-chunking","BayesMVP-chunking"
"HPC","MD_BayesMVP","BayesMVP_NicoStan",10000,1,96,96,1,80,"b97502ef4c1796520d0acd01a82ea24d","state_allocation_thread_setup_sampling_divergence_check","iteration_difference","main_scaling","two_run_difference",NA,4,18.8141772151899,18.5878481012658,0.52860694828356,0.387500000000003,18.9665,0.15232278481013,0.235177215189873,0.384500000000031,18.7475,0.148936708860772,0.232348101265822,0,FALSE,FALSE,5.10253512029711,408.202809623769,0,"5056;5065;5074;5083",1297,10000,"N = 10,000",1,"1","96",80,96,18.8141772151899,0.52860694828356,5.10253512029711,"BayesMVP","BayesMVP","BayesMVP"
"Laptop","MD_BayesMVP","BayesMVP_NicoStan",500,1,2,2,1,400,"257aba3ac8b8727679d269bf8597bb85","state_allocation_thread_setup_sampling_divergence_check","iteration_difference","main_scaling","two_run_difference",NA,4,1.99498746867168,1.99699248120301,0.013400125417385,0.0059999999999989,1.996,0.00101253132831969,0.00498746867167921,0.00600000000000023,1.998,0.0010075187969927,0.00499248120300753,0,FALSE,FALSE,1.00251256281407,401.005025125628,0,"9054;9059;9064;9069",2292,500,"N = 500",1,"1","2",400,2,1.99498746867168,0.013400125417385,1.00251256281407,"BayesMVP","BayesMVP","BayesMVP"
"HPC","MD_BayesMVP_WCP","BayesMVP_NicoStan",10000,10,16,8,2,200,"b97502ef4c1796520d0acd01a82ea24d","state_allocation_thread_setup_sampling_divergence_check","iteration_difference","main_scaling","two_run_difference",NA,4,3.99447236180915,3.96381909547758,0.0877139960749082,0.0515000000000256,4.02600000000013,0.0315276381909799,0.0199723618090458,0.0515000000000327,3.99300000000024,0.0318316582914889,0.0198190954773879,0,FALSE,FALSE,2.00276764372872,400.553528745744,0,"6008;6025;6042;6059",1532,10000,"N = 10,000",10,"10","16",200,8,3.99447236180915,0.0877139960749082,2.00276764372872,"BayesMVP-chunking_and_WCP","BayesMVP-chunking_and_WCP","BayesMVP-chunking_and_WCP"
"HPC","MD_BayesMVP","BayesMVP_NicoStan",2500,2,4,4,1,80,"229e14792b0f4550a6f1e0887b422826","state_allocation_thread_setup_sampling_divergence_check","iteration_difference","main_scaling","two_run_difference",NA,4,0.814683544303795,0.806582278481007,0.0392592850126229,0.0177499999999995,0.822249999999997,0.00756645569620205,0.0101835443037974,0.0179999999999936,0.814,0.00748101265822139,0.0100822784810126,0,FALSE,FALSE,4.90988191423246,392.790553138597,0,"4899;4908;4917;4926",1254,2500,"N = 2500",2,"2","4",80,4,0.814683544303795,0.0392592850126229,4.90988191423246,"BayesMVP-chunking","BayesMVP-chunking","BayesMVP-chunking"
"Laptop","MD_BayesMVP_WCP","BayesMVP_NicoStan",2500,10,16,8,2,400,"7184208393ceb4c8ae3e26f0d1660bdb","state_allocation_thread_setup_sampling_divergence_check","iteration_difference","main_scaling","two_run_difference",NA,4,8.1706766917293,8.18646616541366,0.12734953800029,0.0562500000002046,8.20650000000018,0.0358233082708814,0.0204266917293233,0.0570000000003006,8.22150000000023,0.0366127819551882,0.0204661654135341,0,FALSE,FALSE,0.979111070212573,391.644428085029,0,"9634;9640;9646;9652",2440,2500,"N = 2500",10,"10","16",400,8,8.1706766917293,0.12734953800029,0.979111070212573,"BayesMVP-chunking_and_WCP","BayesMVP-chunking_and_WCP","BayesMVP-chunking_and_WCP"
"HPC","MD_BayesMVP","BayesMVP_NicoStan",50000,500,180,180,1,50,"3f8ed78629bdab9b833b52bd1450ea30","state_allocation_thread_setup_sampling_divergence_check","iteration_difference","main_scaling","two_run_difference",NA,4,23.1298469387752,23.1290816326524,0.673308254791389,1.37975000000006,24.0469999999998,0.917153061224553,0.462596938775505,1.3715000000002,24.0379999999996,0.908918367347148,0.462581632653048,0,FALSE,FALSE,7.78215266518885,389.107633259443,0,"5525;5534;5543;5552",1415,50000,"N = 50,000",500,"500","180",50,180,23.1298469387752,0.673308254791389,7.78215266518885,"BayesMVP-chunking","BayesMVP-chunking","BayesMVP-chunking"
"Laptop","MD_BayesMVP","BayesMVP_NicoStan",2500,4,8,8,1,80,"7184208393ceb4c8ae3e26f0d1660bdb","state_allocation_thread_setup_sampling_divergence_check","iteration_difference","main_scaling","two_run_difference",NA,4,1.64556962025316,1.61012658227847,0.08133270116373,0.0425000000000004,1.6675,0.0219303797468359,0.0205696202531645,0.0380000000000038,1.6375,0.0179746835443076,0.0201265822784809,0,FALSE,FALSE,4.86153846153847,388.923076923078,0,"9180;9185;9190;9195",2325,2500,"N = 2500",4,"4","8",80,8,1.64556962025316,0.08133270116373,4.86153846153847,"BayesMVP-chunking","BayesMVP-chunking","BayesMVP-chunking"
"Laptop","MD_BayesMVP","BayesMVP_NicoStan",500,2,2,2,1,400,"257aba3ac8b8727679d269bf8597bb85","state_allocation_thread_setup_sampling_divergence_check","iteration_difference","main_scaling","two_run_difference",NA,4,2.09874686716792,2.10125313283206,0.012071774013817,0.00850000000000239,2.102,0.0032531328320826,0.0052468671679198,0.00849999999999262,2.10449999999999,0.00325939849623319,0.00525313283208016,0,FALSE,FALSE,0.952949605923096,381.179842369238,0,"9074;9079;9084;9089",2297,500,"N = 500",2,"2","2",400,2,2.09874686716792,0.012071774013817,0.952949605923096,"BayesMVP-chunking","BayesMVP-chunking","BayesMVP-chunking"
"HPC","MD_BayesMVP","BayesMVP_NicoStan",2500,1,4,4,1,80,"229e14792b0f4550a6f1e0887b422826","state_allocation_thread_setup_sampling_divergence_check","iteration_difference","main_scaling","two_run_difference",NA,4,0.857215189873431,0.853670886075967,0.0153465895988944,0.020749999999996,0.867250000000009,0.0100348101265782,0.0107151898734179,0.0200000000000102,0.866000000000014,0.00943670886076983,0.0106708860759496,0,FALSE,FALSE,4.66627288836378,373.301831069102,0,"4863;4872;4881;4890",1245,2500,"N = 2500",1,"1","4",80,4,0.857215189873431,0.0153465895988944,4.66627288836378,"BayesMVP","BayesMVP","BayesMVP"
"HPC","MD_BayesMVP","BayesMVP_NicoStan",500,2,1,1,1,400,"5fff1836d43ae39c037ca22d13a50ed5","state_allocation_thread_setup_sampling_divergence_check","iteration_difference","main_scaling","two_run_difference",NA,4,1.08822055137843,1.09373433583958,0.0133374783916402,0.00400000000000933,1.08949999999999,0.00127944862156325,0.00272055137844608,0.00400000000001022,1.09499999999999,0.00126566416041126,0.00273433583959896,0,FALSE,FALSE,0.918931368033177,367.572547213271,0,"4745;4754;4763;4772",1214,500,"N = 500",2,"2","1",400,1,1.08822055137843,0.0133374783916402,0.918931368033177,"BayesMVP-chunking","BayesMVP-chunking","BayesMVP-chunking"
"HPC","MD_BayesMVP","BayesMVP_NicoStan",500,1,1,1,1,400,"5fff1836d43ae39c037ca22d13a50ed5","state_allocation_thread_setup_sampling_divergence_check","iteration_difference","main_scaling","two_run_difference",NA,4,1.10977443609022,1.10426065162907,0.0128122235673755,0.00350000000000161,1.1105,0.000725563909776061,0.00277443609022555,0.0035000000000025,1.105,0.000739348370935158,0.00276065162907267,0,FALSE,FALSE,0.901084010840112,360.433604336045,0,"4709;4718;4727;4736",1205,500,"N = 500",1,"1","1",400,1,1.10977443609022,0.0128122235673755,0.901084010840112,"BayesMVP","BayesMVP","BayesMVP"
"HPC","MD_BayesMVP","BayesMVP_NicoStan",10000,1,16,16,1,80,"b97502ef4c1796520d0acd01a82ea24d","state_allocation_thread_setup_sampling_divergence_check","iteration_difference","main_scaling","two_run_difference",NA,4,3.70506329113925,3.85518987341775,0.386422891770823,0.263500000000001,3.92225000000001,0.21718670886076,0.0463132911392406,0.103999999999999,3.90900000000001,0.0546962025316448,0.0481898734177219,0,FALSE,FALSE,4.31841475913904,345.473180731124,0,"5053;5062;5071;5080",1294,10000,"N = 10,000",1,"1","16",80,16,3.70506329113925,0.386422891770823,4.31841475913904,"BayesMVP","BayesMVP","BayesMVP"
"Laptop","MD_BayesMVP_WCP","BayesMVP_NicoStan",2500,10,8,4,2,400,"7184208393ceb4c8ae3e26f0d1660bdb","state_allocation_thread_setup_sampling_divergence_check","iteration_difference","main_scaling","two_run_difference",NA,4,4.65538847117765,4.6461152882205,0.15275067269937,0.0275000000002947,4.67125,0.0158615288223506,0.0116384711779441,0.0275000000006003,4.66600000000017,0.0155802005018549,0.0116152882205512,0,FALSE,FALSE,0.859219380888345,343.687752355338,0,"9632;9638;9644;9650",2438,2500,"N = 2500",10,"10","8",400,4,4.65538847117765,0.15275067269937,0.859219380888345,"BayesMVP-chunking_and_WCP","BayesMVP-chunking_and_WCP","BayesMVP-chunking_and_WCP"
"HPC","MD_BayesMVP_WCP","BayesMVP_NicoStan",10000,2,16,8,2,200,"b97502ef4c1796520d0acd01a82ea24d","state_allocation_thread_setup_sampling_divergence_check","iteration_difference","main_scaling","two_run_difference",NA,4,4.70904522613059,4.71306532663289,0.136896326442728,0.0609999999999786,4.74649999999991,0.0374547738693257,0.0235452261306529,0.0594999999997299,4.75199999999995,0.0359748743715885,0.0235653266331644,0,FALSE,FALSE,1.69885817948994,339.771635897988,0,"7110;7117;7124;7131",1806,10000,"N = 10,000",2,"2","16",200,8,4.70904522613059,0.136896326442728,1.69885817948994,"BayesMVP-WCP","BayesMVP-WCP","BayesMVP-WCP"
"HPC","MD_BayesMVP_WCP","BayesMVP_NicoStan",50000,100,180,90,2,100,"3f8ed78629bdab9b833b52bd1450ea30","state_allocation_thread_setup_sampling_divergence_check","iteration_difference","main_scaling","two_run_difference",NA,4,27.2437500000005,27.1875000000013,1.06606156882053,0.737999999999943,27.7093125000004,0.465562499999938,0.272437500000005,0.736999999999853,27.643125000001,0.468020833333308,0.271875000000013,0,FALSE,FALSE,3.30350997935301,330.350997935301,0,"6701;6726;6751;6776",1721,50000,"N = 50,000",100,"100","180",100,90,27.2437500000005,1.06606156882053,3.30350997935301,"BayesMVP-chunking_and_WCP","BayesMVP-chunking_and_WCP","BayesMVP-chunking_and_WCP"
"HPC","MD_BayesMVP","BayesMVP_NicoStan",50000,100,96,96,1,50,"3f8ed78629bdab9b833b52bd1450ea30","state_allocation_thread_setup_sampling_divergence_check","iteration_difference","main_scaling","two_run_difference",NA,4,14.7721938775513,15.1561224489799,1.07200968206181,0.762249999999881,15.2390000000001,0.466806122448855,0.295443877551026,0.819999999999936,15.5575000000001,0.532234693877483,0.303122448979598,0,FALSE,FALSE,6.49869618526246,324.934809263123,0,"5452;5461;5470;5479",1396,50000,"N = 50,000",100,"100","96",50,96,14.7721938775513,1.07200968206181,6.49869618526246,"BayesMVP-chunking","BayesMVP-chunking","BayesMVP-chunking"
"HPC","MD_BayesMVP","BayesMVP_NicoStan",50000,100,64,64,1,50,"3f8ed78629bdab9b833b52bd1450ea30","state_allocation_thread_setup_sampling_divergence_check","iteration_difference","main_scaling","two_run_difference",NA,4,10.1420918367345,9.79540816326511,1.02270706174276,0.532249999999976,10.4714999999998,0.329408163265287,0.20284183673469,0.514999999999873,10.1649999999995,0.305224489795796,0.195908163265302,0,FALSE,FALSE,6.31033528686786,315.516764343393,0,"5451;5460;5469;5478",1395,50000,"N = 50,000",100,"100","64",50,64,10.1420918367345,1.02270706174276,6.31033528686786,"BayesMVP-chunking","BayesMVP-chunking","BayesMVP-chunking"
"HPC","MD_BayesMVP","BayesMVP_NicoStan",10000,1,180,180,1,80,"b97502ef4c1796520d0acd01a82ea24d","state_allocation_thread_setup_sampling_divergence_check","iteration_difference","main_scaling","two_run_difference",NA,4,46.0022784810127,45.9670886075949,0.434347655711983,0.825499999999977,46.25275,0.250471518987318,0.575028481012658,0.815499999999957,46.2485,0.243803797468311,0.574588607594937,0,FALSE,FALSE,3.91284966622457,313.027973297965,0,"5057;5066;5075;5084",1298,10000,"N = 10,000",1,"1","180",80,180,46.0022784810127,0.434347655711983,3.91284966622457,"BayesMVP","BayesMVP","BayesMVP"
"Laptop","MD_BayesMVP_WCP","BayesMVP_NicoStan",2500,2,8,4,2,400,"7184208393ceb4c8ae3e26f0d1660bdb","state_allocation_thread_setup_sampling_divergence_check","iteration_difference","main_scaling","two_run_difference",NA,4,5.58947368421094,5.69624060150402,0.440085026274604,0.0282499999997157,5.60375000000013,0.0142763157891883,0.0139736842105274,0.0249999999998209,5.71450000000007,0.0114987468669883,0.01424060150376,0,FALSE,FALSE,0.715630885122357,286.252354048943,0,"9598;9601;9604;9607",2428,2500,"N = 2500",2,"2","8",400,4,5.58947368421094,0.440085026274604,0.715630885122357,"BayesMVP-WCP","BayesMVP-WCP","BayesMVP-WCP"
"HPC","MD_BayesMVP_WCP","BayesMVP_NicoStan",50000,100,128,64,2,100,"3f8ed78629bdab9b833b52bd1450ea30","state_allocation_thread_setup_sampling_divergence_check","iteration_difference","main_scaling","two_run_difference",NA,4,22.6041666666674,22.7000000000004,0.587317741626608,0.557999999999879,22.9361250000006,0.331958333333205,0.226041666666674,0.555000000000064,23.0350000000003,0.331479166666725,0.227000000000004,0,FALSE,FALSE,2.83133640552986,283.133640552986,0,"6700;6725;6750;6775",1720,50000,"N = 50,000",100,"100","128",100,64,22.6041666666674,0.587317741626608,2.83133640552986,"BayesMVP-chunking_and_WCP","BayesMVP-chunking_and_WCP","BayesMVP-chunking_and_WCP"
"HPC","MD_BayesMVP_WCP","BayesMVP_NicoStan",50000,100,96,48,2,100,"3f8ed78629bdab9b833b52bd1450ea30","state_allocation_thread_setup_sampling_divergence_check","iteration_difference","main_scaling","two_run_difference",NA,4,17.4395833333335,17.3916666666666,0.182114000722663,0.446749999999952,17.7119375000001,0.272354166666616,0.174395833333335,0.441000000000031,17.6587499999999,0.267083333333365,0.173916666666666,0,FALSE,FALSE,2.75235933580214,275.235933580214,0,"6699;6724;6749;6774",1719,50000,"N = 50,000",100,"100","96",100,48,17.4395833333335,0.182114000722663,2.75235933580214,"BayesMVP-chunking_and_WCP","BayesMVP-chunking_and_WCP","BayesMVP-chunking_and_WCP"
"HPC","MD_BayesMVP_WCP","BayesMVP_NicoStan",50000,100,64,32,2,100,"3f8ed78629bdab9b833b52bd1450ea30","state_allocation_thread_setup_sampling_divergence_check","iteration_difference","main_scaling","two_run_difference",NA,4,11.8468750000005,11.91875,0.159621042832337,0.298249999999825,12.0266562500003,0.17978124999982,0.118468750000005,0.297999999999774,12.0980624999999,0.180249999999764,0.1191875,0,FALSE,FALSE,2.70113426536522,270.113426536522,0,"6696;6721;6746;6771",1716,50000,"N = 50,000",100,"100","64",100,32,11.8468750000005,0.159621042832337,2.70113426536522,"BayesMVP-chunking_and_WCP","BayesMVP-chunking_and_WCP","BayesMVP-chunking_and_WCP"
"Laptop","MD_BayesMVP_WCP","BayesMVP_NicoStan",2500,4,16,4,4,400,"7184208393ceb4c8ae3e26f0d1660bdb","state_allocation_thread_setup_sampling_divergence_check","iteration_difference","main_scaling","two_run_difference",NA,4,6.04085213032583,5.93784461152892,0.332544465114526,0.0384999999999849,6.06425,0.0233978696741703,0.0151021303258146,0.0335000000000321,5.96650000000004,0.0181403508772252,0.0148446115288223,0,FALSE,FALSE,0.662158237563787,264.863295025515,0,"9612;9617;9622;9627",2433,2500,"N = 2500",4,"4","16",400,4,6.04085213032583,0.332544465114526,0.662158237563787,"BayesMVP-WCP","BayesMVP-WCP","BayesMVP-WCP"
"HPC","MD_BayesMVP","BayesMVP_NicoStan",10000,10,8,8,1,80,"b97502ef4c1796520d0acd01a82ea24d","state_allocation_thread_setup_sampling_divergence_check","iteration_difference","main_scaling","two_run_difference",NA,4,2.76455696202532,2.76000000000001,0.0422494152090533,0.0447500000000076,2.77475000000001,0.0101930379746911,0.0345569620253165,0.0445000000000562,2.77050000000003,0.00988607594936644,0.0345000000000001,0,FALSE,FALSE,2.89377289377289,231.501831501831,0,"5124;5133;5142;5151",1311,10000,"N = 10,000",10,"10","8",80,8,2.76455696202532,0.0422494152090533,2.89377289377289,"BayesMVP-chunking","BayesMVP-chunking","BayesMVP-chunking"
"HPC","MD_BayesMVP_WCP","BayesMVP_NicoStan",50000,100,176,16,11,100,"3f8ed78629bdab9b833b52bd1450ea30","state_allocation_thread_setup_sampling_divergence_check","iteration_difference","main_scaling","two_run_difference",NA,4,7.03686868686834,7.12626262626235,0.290522446949009,0.24550000000022,7.21199999999988,0.175131313131537,0.0703686868686834,0.240500000000225,7.30649999999991,0.16912626262649,0.0712626262626235,0,FALSE,FALSE,2.27373860618686,227.373860618686,0,"6694;6719;6744;6769",1714,50000,"N = 50,000",100,"100","176",100,16,7.03686868686834,0.290522446949009,2.27373860618686,"BayesMVP-chunking_and_WCP","BayesMVP-chunking_and_WCP","BayesMVP-chunking_and_WCP"
"Laptop","MD_BayesMVP","BayesMVP_NicoStan",2500,4,4,4,1,80,"7184208393ceb4c8ae3e26f0d1660bdb","state_allocation_thread_setup_sampling_divergence_check","iteration_difference","main_scaling","two_run_difference",NA,4,1.46253164556961,1.46987341772149,0.0312819617035823,0.0269999999999975,1.47124999999998,0.00871835443037739,0.0182816455696201,0.0264999999999986,1.47649999999997,0.00795569620253042,0.0183734177215186,0,FALSE,FALSE,2.73498355547865,218.798684438292,0,"9179;9184;9189;9194",2324,2500,"N = 2500",4,"4","4",80,4,1.46253164556961,0.0312819617035823,2.73498355547865,"BayesMVP-chunking","BayesMVP-chunking","BayesMVP-chunking"
"Laptop","MD_BayesMVP","BayesMVP_NicoStan",2500,1,8,8,1,80,"7184208393ceb4c8ae3e26f0d1660bdb","state_allocation_thread_setup_sampling_divergence_check","iteration_difference","main_scaling","two_run_difference",NA,4,2.95797468354432,2.93873417721521,0.124399062895712,0.063499999999987,2.9845,0.026525316455683,0.036974683544304,0.0569999999999951,2.972,0.0197848101265773,0.0367341772151902,0,FALSE,FALSE,2.70455323519341,216.364258815473,0,"9140;9145;9150;9155",2315,2500,"N = 2500",1,"1","8",80,8,2.95797468354432,0.124399062895712,2.70455323519341,"BayesMVP","BayesMVP","BayesMVP"
"HPC","MD_BayesMVP","BayesMVP_NicoStan",2500,10,2,2,1,80,"229e14792b0f4550a6f1e0887b422826","state_allocation_thread_setup_sampling_divergence_check","iteration_difference","main_scaling","two_run_difference",NA,4,0.771645569620257,0.752911392405075,0.0479063338633476,0.0182499999999948,0.780249999999999,0.00860443037974156,0.00964556962025321,0.0180000000000149,0.762,0.00870886075950872,0.00941139240506344,0,FALSE,FALSE,2.59186351706035,207.349081364828,0,"4970;4979;4988;4997",1271,2500,"N = 2500",10,"10","2",80,2,0.771645569620257,0.0479063338633476,2.59186351706035,"BayesMVP-chunking","BayesMVP-chunking","BayesMVP-chunking"
"Laptop","MD_BayesMVP","BayesMVP_NicoStan",500,1,1,1,1,400,"257aba3ac8b8727679d269bf8597bb85","state_allocation_thread_setup_sampling_divergence_check","iteration_difference","main_scaling","two_run_difference",NA,4,1.95087719298246,1.95238095238095,0.0120021954860908,0.00624999999999831,1.95225,0.00137280701754217,0.00487719298245615,0.00649999999999906,1.954,0.00160526315789468,0.00488095238095239,0,FALSE,FALSE,0.512589928057553,205.035971223021,0,"9053;9058;9063;9068",2291,500,"N = 500",1,"1","1",400,1,1.95087719298246,0.0120021954860908,0.512589928057553,"BayesMVP","BayesMVP","BayesMVP"
"HPC","MD_BayesMVP_WCP","BayesMVP_NicoStan",10000,10,8,4,2,200,"b97502ef4c1796520d0acd01a82ea24d","state_allocation_thread_setup_sampling_divergence_check","iteration_difference","main_scaling","two_run_difference",NA,4,4.05804020100518,4.0874371859301,0.0994632193159779,0.0295000000000059,4.06725000000016,0.00920979899497997,0.0202902010050259,0.0289999999999964,4.09750000000022,0.00903768844220586,0.0204371859296505,0,FALSE,FALSE,0.985697480032159,197.139496006432,0,"6005;6022;6039;6056",1529,10000,"N = 10,000",10,"10","8",200,4,4.05804020100518,0.0994632193159779,0.985697480032159,"BayesMVP-chunking_and_WCP","BayesMVP-chunking_and_WCP","BayesMVP-chunking_and_WCP"
"Laptop","MD_BayesMVP","BayesMVP_NicoStan",500,2,1,1,1,400,"257aba3ac8b8727679d269bf8597bb85","state_allocation_thread_setup_sampling_divergence_check","iteration_difference","main_scaling","two_run_difference",NA,4,2.08671679197996,2.08822055137845,0.023130175412766,0.00624999999999787,2.08775000000001,0.00103320802004798,0.00521679197994989,0.00600000000000023,2.09,0.000768170426065367,0.00522055137844612,0,FALSE,FALSE,0.479221715109295,191.688686043718,0,"9073;9078;9083;9088",2296,500,"N = 500",2,"2","1",400,1,2.08671679197996,0.023130175412766,0.479221715109295,"BayesMVP-chunking","BayesMVP-chunking","BayesMVP-chunking"
"HPC","MD_BayesMVP","BayesMVP_NicoStan",2500,1,2,2,1,80,"229e14792b0f4550a6f1e0887b422826","state_allocation_thread_setup_sampling_divergence_check","iteration_difference","main_scaling","two_run_difference",NA,4,0.852151898734174,0.852658227848078,0.00267924183397506,0.0152500000000089,0.856750000000005,0.0045981012658317,0.0106518987341772,0.0150000000000148,0.858000000000004,0.00436075949368577,0.010658227848101,0,FALSE,FALSE,2.34699940582295,187.759952465836,0,"4862;4871;4880;4889",1244,2500,"N = 2500",1,"1","2",80,2,0.852151898734174,0.00267924183397506,2.34699940582295,"BayesMVP","BayesMVP","BayesMVP"
"Laptop","MD_BayesMVP_WCP","BayesMVP_NicoStan",2500,4,4,2,2,400,"7184208393ceb4c8ae3e26f0d1660bdb","state_allocation_thread_setup_sampling_divergence_check","iteration_difference","main_scaling","two_run_difference",NA,4,4.27218045112788,4.2721804511277,0.0540021257744676,0.0195000000001144,4.28100000000017,0.00881954887229474,0.0106804511278197,0.0190000000002328,4.2830000000001,0.00843107769446817,0.0106804511278193,0,FALSE,FALSE,0.468145019359374,187.25800774375,0,"9609;9614;9619;9624",2430,2500,"N = 2500",4,"4","4",400,2,4.27218045112788,0.0540021257744676,0.468145019359374,"BayesMVP-chunking_and_WCP","BayesMVP-chunking_and_WCP","BayesMVP-chunking_and_WCP"
"HPC","MD_BayesMVP","BayesMVP_NicoStan",50000,100,32,32,1,50,"3f8ed78629bdab9b833b52bd1450ea30","state_allocation_thread_setup_sampling_divergence_check","iteration_difference","main_scaling","two_run_difference",NA,4,8.67423469387713,8.59183673469372,0.31676223559165,0.310250000000224,8.81099999999981,0.136765306122681,0.173484693877543,0.334500000000162,8.75849999999991,0.164612244898132,0.171836734693874,0,FALSE,FALSE,3.68908625709514,184.454312854757,0,"5450;5459;5468;5477",1394,50000,"N = 50,000",100,"100","32",50,32,8.67423469387713,0.31676223559165,3.68908625709514,"BayesMVP-chunking","BayesMVP-chunking","BayesMVP-chunking"
"HPC","MD_BayesMVP","BayesMVP_NicoStan",10000,1,8,8,1,80,"b97502ef4c1796520d0acd01a82ea24d","state_allocation_thread_setup_sampling_divergence_check","iteration_difference","main_scaling","two_run_difference",NA,4,3.47848101265824,3.4374683544304,0.109388964838177,0.0807500000000161,3.51575000000003,0.0372689873417881,0.043481012658228,0.0810000000000031,3.47300000000004,0.0380949367088637,0.04296835443038,0,FALSE,FALSE,2.29985443959242,183.988355167394,0,"5052;5061;5070;5079",1293,10000,"N = 10,000",1,"1","8",80,8,3.47848101265824,0.109388964838177,2.29985443959242,"BayesMVP","BayesMVP","BayesMVP"
"Laptop","MD_BayesMVP","BayesMVP_NicoStan",2500,1,16,16,1,80,"7184208393ceb4c8ae3e26f0d1660bdb","state_allocation_thread_setup_sampling_divergence_check","iteration_difference","main_scaling","two_run_difference",NA,4,7.25189873417721,7.24556962025314,0.0464601223474766,0.108000000000001,7.26925,0.0173512658227854,0.0906487341772151,0.108000000000004,7.26499999999999,0.0178164556962068,0.0905696202531642,0,FALSE,FALSE,2.20631872927213,176.50549834177,0,"9141;9146;9151;9156",2316,2500,"N = 2500",1,"1","16",80,16,7.25189873417721,0.0464601223474766,2.20631872927213,"BayesMVP","BayesMVP","BayesMVP"
"Laptop","MD_BayesMVP_WCP","BayesMVP_NicoStan",2500,2,4,2,2,400,"7184208393ceb4c8ae3e26f0d1660bdb","state_allocation_thread_setup_sampling_divergence_check","iteration_difference","main_scaling","two_run_difference",NA,4,4.53533834586441,4.46466165413529,0.252919171679007,0.0167500000001155,4.54074999999987,0.00541165413545447,0.011338345864661,0.0165000000002635,4.47049999999992,0.00498496240627968,0.0111616541353382,0,FALSE,FALSE,0.440981432360767,176.392572944307,0,"9597;9600;9603;9606",2427,2500,"N = 2500",2,"2","4",400,2,4.53533834586441,0.252919171679007,0.440981432360767,"BayesMVP-WCP","BayesMVP-WCP","BayesMVP-WCP"
"Laptop","MD_BayesMVP","BayesMVP_NicoStan",2500,1,4,4,1,80,"7184208393ceb4c8ae3e26f0d1660bdb","state_allocation_thread_setup_sampling_divergence_check","iteration_difference","main_scaling","two_run_difference",NA,4,1.82354430379746,1.82227848101264,0.0653478484072788,0.0332499999999989,1.83399999999999,0.0104556962025306,0.0227943037974683,0.0294999999999987,1.83749999999998,0.00738607594936602,0.022778481012658,0,FALSE,FALSE,2.19353047341386,175.482437873109,0,"9139;9144;9149;9154",2314,2500,"N = 2500",1,"1","4",80,4,1.82354430379746,0.0653478484072788,2.19353047341386,"BayesMVP","BayesMVP","BayesMVP"
"HPC","MD_BayesMVP_WCP","BayesMVP_NicoStan",10000,2,8,4,2,200,"b97502ef4c1796520d0acd01a82ea24d","state_allocation_thread_setup_sampling_divergence_check","iteration_difference","main_scaling","two_run_difference",NA,4,4.60552763819082,4.60954773869324,0.0343134280543904,0.0424999999999613,4.62499999999983,0.0194723618090072,0.0230276381909541,0.0434999999998809,4.62749999999971,0.0204045226129467,0.0230477386934662,0,FALSE,FALSE,0.868521549372638,173.704309874528,0,"7109;7116;7123;7130",1805,10000,"N = 10,000",2,"2","8",200,4,4.60552763819082,0.0343134280543904,0.868521549372638,"BayesMVP-WCP","BayesMVP-WCP","BayesMVP-WCP"
"HPC","MD_BayesMVP_WCP","BayesMVP_NicoStan",50000,100,32,16,2,100,"3f8ed78629bdab9b833b52bd1450ea30","state_allocation_thread_setup_sampling_divergence_check","iteration_difference","main_scaling","two_run_difference",NA,4,10.5608585858586,10.6964646464645,0.361202456012696,0.25525000000016,10.7105000000002,0.149641414141574,0.105608585858586,0.258000000000209,10.8475000000001,0.151035353535564,0.106964646464645,0,FALSE,FALSE,1.51502833504698,151.502833504698,0,"6690;6715;6740;6765",1710,50000,"N = 50,000",100,"100","32",100,16,10.5608585858586,0.361202456012696,1.51502833504698,"BayesMVP-chunking_and_WCP","BayesMVP-chunking_and_WCP","BayesMVP-chunking_and_WCP"
"HPC","MD_BayesMVP_WCP","BayesMVP_NicoStan",50000,16,128,8,16,100,"3f8ed78629bdab9b833b52bd1450ea30","state_allocation_thread_setup_sampling_divergence_check","iteration_difference","main_scaling","two_run_difference",NA,4,6.31287878787897,6.38030303030293,0.220991964920521,0.219999999999914,6.46975000000009,0.156871212121124,0.0631287878787897,0.204999999999927,6.52149999999983,0.142838383838307,0.0638030303030293,0,FALSE,FALSE,1.26725069002757,126.725069002757,0,"7232;7238;7244;7250",1838,50000,"N = 50,000",16,"16","128",100,8,6.31287878787897,0.220991964920521,1.26725069002757,"BayesMVP-WCP","BayesMVP-WCP","BayesMVP-WCP"
"Laptop","MD_BayesMVP","BayesMVP_NicoStan",10000,50,16,16,1,80,"b352a26c8e9b174599c6b645056fb577","state_allocation_thread_setup_sampling_divergence_check","iteration_difference","main_scaling","two_run_difference",NA,4,10.3458227848101,10.3645569620253,0.121646908759454,0.19850000000001,10.415,0.0691772151898835,0.129322784810126,0.196499999999986,10.443,0.0661708860759352,0.129556962025316,0,FALSE,FALSE,1.54651788773063,123.721431018451,0,"9325;9330;9335;9340",2362,10000,"N = 10,000",50,"50","16",80,16,10.3458227848101,0.121646908759454,1.54651788773063,"BayesMVP-chunking","BayesMVP-chunking","BayesMVP-chunking"
"HPC","MD_BayesMVP_WCP","BayesMVP_NicoStan",50000,22,176,8,22,100,"3f8ed78629bdab9b833b52bd1450ea30","state_allocation_thread_setup_sampling_divergence_check","iteration_difference","main_scaling","two_run_difference",NA,4,6.49747474747475,6.39949494949486,0.379767980045746,0.225249999999846,6.65774999999985,0.160275252525099,0.0649747474747475,0.217999999999734,6.55199999999979,0.155974747474479,0.0639949494949486,0,FALSE,FALSE,1.23124757092888,123.124757092888,0,"7233;7239;7245;7251",1839,50000,"N = 50,000",22,"22","176",100,8,6.49747474747475,0.379767980045746,1.23124757092888,"BayesMVP-WCP","BayesMVP-WCP","BayesMVP-WCP"
"HPC","MD_BayesMVP_WCP","BayesMVP_NicoStan",50000,12,96,8,12,100,"3f8ed78629bdab9b833b52bd1450ea30","state_allocation_thread_setup_sampling_divergence_check","iteration_difference","main_scaling","two_run_difference",NA,4,6.62222222222226,6.63939393939392,0.184230166761279,0.247500000000059,6.8035000000001,0.181277777777836,0.0662222222222226,0.210500000000138,6.78350000000012,0.144106060606199,0.0663939393939392,0,FALSE,FALSE,1.20805369127516,120.805369127516,0,"7231;7237;7243;7249",1837,50000,"N = 50,000",12,"12","96",100,8,6.62222222222226,0.184230166761279,1.20805369127516,"BayesMVP-WCP","BayesMVP-WCP","BayesMVP-WCP"
"HPC","MD_BayesMVP_WCP","BayesMVP_NicoStan",50000,8,64,8,8,100,"3f8ed78629bdab9b833b52bd1450ea30","state_allocation_thread_setup_sampling_divergence_check","iteration_difference","main_scaling","two_run_difference",NA,4,6.72398989898989,6.73888888888881,0.36950315520896,0.252749999999935,6.90949999999992,0.185510101010036,0.0672398989898989,0.221999999999866,6.88249999999982,0.155707070706936,0.0673888888888881,0,FALSE,FALSE,1.18976978255155,118.976978255155,0,"7214;7218;7222;7226",1832,50000,"N = 50,000",8,"8","64",100,8,6.72398989898989,0.36950315520896,1.18976978255155,"BayesMVP-WCP","BayesMVP-WCP","BayesMVP-WCP"
"HPC","MD_BayesMVP","BayesMVP_NicoStan",10000,50,4,4,1,80,"b97502ef4c1796520d0acd01a82ea24d","state_allocation_thread_setup_sampling_divergence_check","iteration_difference","main_scaling","two_run_difference",NA,4,2.79468354430381,2.7853164556962,0.080110482914809,0.0414999999999921,2.80125000000001,0.00656645569619445,0.0349335443037977,0.0414999999999992,2.79199999999999,0.00668354430379673,0.0348164556962025,0,FALSE,FALSE,1.43128906603858,114.503125283087,0,"5195;5204;5213;5222",1328,10000,"N = 10,000",50,"50","4",80,4,2.79468354430381,0.080110482914809,1.43128906603858,"BayesMVP-chunking","BayesMVP-chunking","BayesMVP-chunking"
"Laptop","MD_BayesMVP","BayesMVP_NicoStan",10000,50,8,8,1,80,"b352a26c8e9b174599c6b645056fb577","state_allocation_thread_setup_sampling_divergence_check","iteration_difference","main_scaling","two_run_difference",NA,4,5.71139240506333,5.70835443037978,0.0860183475669554,0.133999999999972,5.77400000000002,0.0626075949366802,0.0713924050632917,0.134499999999974,5.7705,0.0630696202531381,0.0713544303797472,0,FALSE,FALSE,1.40070921985815,112.056737588652,0,"9324;9329;9334;9339",2361,10000,"N = 10,000",50,"50","8",80,8,5.71139240506333,0.0860183475669554,1.40070921985815,"BayesMVP-chunking","BayesMVP-chunking","BayesMVP-chunking"
"Laptop","MD_BayesMVP","BayesMVP_NicoStan",2500,4,2,2,1,80,"7184208393ceb4c8ae3e26f0d1660bdb","state_allocation_thread_setup_sampling_divergence_check","iteration_difference","main_scaling","two_run_difference",NA,4,1.43240506329113,1.43443037974685,0.0152123602892443,0.0237500000000068,1.43825,0.00584493670886767,0.0179050632911392,0.0205000000000126,1.4385,0.0025569620253292,0.0179303797468356,0,FALSE,FALSE,1.39625309296572,111.700247437258,0,"9178;9183;9188;9193",2323,2500,"N = 2500",4,"4","2",80,2,1.43240506329113,0.0152123602892443,1.39625309296572,"BayesMVP-chunking","BayesMVP-chunking","BayesMVP-chunking"
"Laptop","MD_BayesMVP_WCP","BayesMVP_NicoStan",10000,50,16,8,2,200,"b352a26c8e9b174599c6b645056fb577","state_allocation_thread_setup_sampling_divergence_check","iteration_difference","main_scaling","two_run_difference",NA,4,14.6258793969848,14.5914572864322,0.216360497827487,0.138000000000119,14.69075,0.0648706030151948,0.0731293969849241,0.135000000000332,14.6594999999999,0.0616984924626447,0.0729572864321609,0,FALSE,FALSE,0.546975657521778,109.395131504356,0,"9750;9756;9762;9768",2469,10000,"N = 10,000",50,"50","16",200,8,14.6258793969848,0.216360497827487,0.546975657521778,"BayesMVP-chunking_and_WCP","BayesMVP-chunking_and_WCP","BayesMVP-chunking_and_WCP"
"HPC","MD_BayesMVP","BayesMVP_NicoStan",2500,8,1,1,1,80,"229e14792b0f4550a6f1e0887b422826","state_allocation_thread_setup_sampling_divergence_check","iteration_difference","main_scaling","two_run_difference",NA,4,0.733164556962026,0.731645569620253,0.00413415990343156,0.0109999999999992,0.734999999999999,0.00183544303797391,0.00916455696202532,0.0109999999999992,0.733499999999999,0.00185443037974607,0.00914556962025317,0,FALSE,FALSE,1.36395027624309,109.116022099447,0,"5045;5046;5047;5048",1289,2500,"N = 2500",8,"8","1",80,1,0.733164556962026,0.00413415990343156,1.36395027624309,"BayesMVP-chunking","BayesMVP-chunking","BayesMVP-chunking"
"Laptop","MD_BayesMVP","BayesMVP_NicoStan",2500,1,2,2,1,80,"7184208393ceb4c8ae3e26f0d1660bdb","state_allocation_thread_setup_sampling_divergence_check","iteration_difference","main_scaling","two_run_difference",NA,4,1.58658227848102,1.57518987341775,0.072753579797779,0.0234999999999985,1.59025000000001,0.00366772151898574,0.0198322784810128,0.0234999999999985,1.57800000000002,0.00329746835442886,0.0196898734177218,0,FALSE,FALSE,1.2605712462103,100.845699696824,0,"9138;9143;9148;9153",2313,2500,"N = 2500",1,"1","2",80,2,1.58658227848102,0.072753579797779,1.2605712462103,"BayesMVP","BayesMVP","BayesMVP"
"Laptop","MD_BayesMVP_WCP","BayesMVP_NicoStan",10000,50,8,4,2,200,"b352a26c8e9b174599c6b645056fb577","state_allocation_thread_setup_sampling_divergence_check","iteration_difference","main_scaling","two_run_difference",NA,4,7.99095477386931,7.99145728643194,0.225333416908532,0.0912499999999454,8.04224999999991,0.0512952261305989,0.0399547738693466,0.0889999999999418,8.02749999999963,0.0480954773868771,0.0399572864321597,0,FALSE,FALSE,0.500565966545091,100.113193309018,0,"9748;9754;9760;9766",2467,10000,"N = 10,000",50,"50","8",200,4,7.99095477386931,0.225333416908532,0.500565966545091,"BayesMVP-chunking_and_WCP","BayesMVP-chunking_and_WCP","BayesMVP-chunking_and_WCP"
"HPC","MD_BayesMVP","BayesMVP_NicoStan",50000,100,16,16,1,50,"3f8ed78629bdab9b833b52bd1450ea30","state_allocation_thread_setup_sampling_divergence_check","iteration_difference","main_scaling","two_run_difference",NA,4,8.28341836734729,8.26275510204113,0.104959532869131,0.242499999999836,8.36025000000018,0.0768316326528905,0.165668367346946,0.254000000000133,8.32950000000028,0.0868469387756398,0.165255102040823,0,FALSE,FALSE,1.93156970835507,96.5784854177533,0,"5449;5458;5467;5476",1393,50000,"N = 50,000",100,"100","16",50,16,8.28341836734729,0.104959532869131,1.93156970835507,"BayesMVP-chunking","BayesMVP-chunking","BayesMVP-chunking"
"HPC","MD_BayesMVP","BayesMVP_NicoStan",2500,1,1,1,1,80,"229e14792b0f4550a6f1e0887b422826","state_allocation_thread_setup_sampling_divergence_check","iteration_difference","main_scaling","two_run_difference",NA,4,0.846835443037971,0.84658227848104,0.0040821558218991,0.0129999999999981,0.849249999999994,0.00241455696202349,0.0105854430379746,0.0135000000000076,0.848499999999994,0.00287341772152695,0.010582278481013,0,FALSE,FALSE,1.18086696562033,94.4693572496267,0,"4861;4870;4879;4888",1243,2500,"N = 2500",1,"1","1",80,1,0.846835443037971,0.0040821558218991,1.18086696562033,"BayesMVP","BayesMVP","BayesMVP"
"HPC","MD_BayesMVP","BayesMVP_NicoStan",10000,1,4,4,1,80,"b97502ef4c1796520d0acd01a82ea24d","state_allocation_thread_setup_sampling_divergence_check","iteration_difference","main_scaling","two_run_difference",NA,4,3.4559493670886,3.46177215189874,0.101256961637644,0.0645000000000095,3.47725000000001,0.021300632911402,0.0431993670886075,0.0645000000000238,3.48500000000001,0.0220696202531624,0.0432721518987343,0,FALSE,FALSE,1.15742436451542,92.5939491612337,0,"5051;5060;5069;5078",1292,10000,"N = 10,000",1,"1","4",80,4,3.4559493670886,0.101256961637644,1.15742436451542,"BayesMVP","BayesMVP","BayesMVP"
"HPC","MD_BayesMVP_WCP","BayesMVP_NicoStan",50000,4,32,8,4,100,"3f8ed78629bdab9b833b52bd1450ea30","state_allocation_thread_setup_sampling_divergence_check","iteration_difference","main_scaling","two_run_difference",NA,4,9.25101010101004,9.2272727272725,0.294175336594291,0.346500000000127,9.50500000000007,0.253989898990026,0.0925101010101004,0.310000000000343,9.5245000000001,0.216727272727618,0.092272727272725,0,FALSE,FALSE,0.864770431839281,86.4770431839281,0,"6368;6381;6394;6407",1622,50000,"N = 50,000",4,"4","32",100,8,9.25101010101004,0.294175336594291,0.864770431839281,"BayesMVP-WCP","BayesMVP-WCP","BayesMVP-WCP"
"HPC","MD_BayesMVP_WCP","BayesMVP_NicoStan",50000,50,16,8,2,100,"3f8ed78629bdab9b833b52bd1450ea30","state_allocation_thread_setup_sampling_divergence_check","iteration_difference","main_scaling","two_run_difference",NA,4,9.69924242424228,9.62121212121216,0.354856957366264,0.173250000000138,9.77549999999999,0.0762575757577152,0.0969924242424228,0.175500000000284,9.69250000000005,0.0812272727275338,0.0962121212121216,0,FALSE,FALSE,0.824806685932997,82.4806685932997,0,"6584;6609;6634;6659",1679,50000,"N = 50,000",50,"50","16",100,8,9.69924242424228,0.354856957366264,0.824806685932997,"BayesMVP-chunking_and_WCP","BayesMVP-chunking_and_WCP","BayesMVP-chunking_and_WCP"
"HPC","MD_BayesMVP_WCP","BayesMVP_NicoStan",50000,4,180,45,4,100,"3f8ed78629bdab9b833b52bd1450ea30","state_allocation_thread_setup_sampling_divergence_check","iteration_difference","main_scaling","two_run_difference",NA,4,73.2272727272743,73.0636363636387,5.82047776668691,1.77899999999994,74.2740000000015,1.0467272727272,0.732272727272743,1.84749999999997,74.0050000000023,1.10127272727268,0.730636363636387,0,FALSE,FALSE,0.614525139664791,61.4525139664791,0,"6374;6387;6400;6413",1628,50000,"N = 50,000",4,"4","180",100,45,73.2272727272743,5.82047776668691,0.614525139664791,"BayesMVP-WCP","BayesMVP-WCP","BayesMVP-WCP"
"Laptop","MD_BayesMVP","BayesMVP_NicoStan",10000,10,4,4,1,80,"b352a26c8e9b174599c6b645056fb577","state_allocation_thread_setup_sampling_divergence_check","iteration_difference","main_scaling","two_run_difference",NA,4,5.37670886075954,5.37164556962033,0.106851839484143,0.0880000000000081,5.39750000000005,0.0207911392405139,0.0672088607594942,0.0860000000000412,5.39600000000004,0.0198924050633323,0.0671455696202541,0,FALSE,FALSE,0.743949524437323,59.5159619549859,0,"9283;9288;9293;9298",2350,10000,"N = 10,000",10,"10","4",80,4,5.37670886075954,0.106851839484143,0.743949524437323,"BayesMVP-chunking","BayesMVP-chunking","BayesMVP-chunking"
"HPC","MD_BayesMVP","BayesMVP_NicoStan",10000,50,2,2,1,80,"b97502ef4c1796520d0acd01a82ea24d","state_allocation_thread_setup_sampling_divergence_check","iteration_difference","main_scaling","two_run_difference",NA,4,2.74582278481013,2.73721518987342,0.0379397870603337,0.0402500000000074,2.75175000000001,0.00592721518988081,0.0343227848101266,0.0400000000000347,2.74300000000002,0.00593037974681537,0.0342151898734178,0,FALSE,FALSE,0.728379125945048,58.2703300756038,0,"5194;5203;5212;5221",1327,10000,"N = 10,000",50,"50","2",80,2,2.74582278481013,0.0379397870603337,0.728379125945048,"BayesMVP-chunking","BayesMVP-chunking","BayesMVP-chunking"
"Laptop","MD_BayesMVP","BayesMVP_NicoStan",2500,4,1,1,1,80,"7184208393ceb4c8ae3e26f0d1660bdb","state_allocation_thread_setup_sampling_divergence_check","iteration_difference","main_scaling","two_run_difference",NA,4,1.44379746835443,1.44455696202531,0.0126852033243042,0.0202500000000008,1.446,0.00220253164557038,0.0180474683544304,0.0200000000000031,1.44649999999999,0.00196835443038276,0.0180569620253163,0,FALSE,FALSE,0.692617920392775,55.409433631422,0,"9177;9182;9187;9192",2322,2500,"N = 2500",4,"4","1",80,1,1.44379746835443,0.0126852033243042,0.692617920392775,"BayesMVP-chunking","BayesMVP-chunking","BayesMVP-chunking"
"HPC","MD_BayesMVP","BayesMVP_NicoStan",50000,1,32,32,1,50,"3f8ed78629bdab9b833b52bd1450ea30","state_allocation_thread_setup_sampling_divergence_check","iteration_difference","main_scaling","two_run_difference",NA,4,28.95,29.061224489796,1.08771617395346,1.24825000000001,29.61925,0.669250000000013,0.579,1.07900000000001,29.541,0.482734693877558,0.58122448979592,0,FALSE,FALSE,1.10535405872193,55.2677029360967,0,"5270;5279;5288;5297",1349,50000,"N = 50,000",1,"1","32",50,32,28.95,1.08771617395346,1.10535405872193,"BayesMVP","BayesMVP","BayesMVP"
"Laptop","MD_BayesMVP_WCP","BayesMVP_NicoStan",10000,10,4,2,2,200,"b352a26c8e9b174599c6b645056fb577","state_allocation_thread_setup_sampling_divergence_check","iteration_difference","main_scaling","two_run_difference",NA,4,7.27386934673372,7.28492462311541,0.110846267921517,0.0567499999999512,7.29425000000001,0.0203806532662826,0.0363693467336686,0.0519999999998504,7.30999999999989,0.0156859296480902,0.0364246231155771,0,FALSE,FALSE,0.274956822107079,54.9913644214158,0,"9697;9703;9709;9715",2452,10000,"N = 10,000",10,"10","4",200,2,7.27386934673372,0.110846267921517,0.274956822107079,"BayesMVP-chunking_and_WCP","BayesMVP-chunking_and_WCP","BayesMVP-chunking_and_WCP"
"HPC","MD_BayesMVP_WCP","BayesMVP_NicoStan",50000,2,16,8,2,100,"3f8ed78629bdab9b833b52bd1450ea30","state_allocation_thread_setup_sampling_divergence_check","iteration_difference","main_scaling","two_run_difference",NA,4,14.7280303030303,14.7156565656562,0.29183515036918,0.26824999999991,14.8489999999999,0.120969696969606,0.147280303030303,0.263000000000034,14.8270000000002,0.113929292929252,0.147156565656562,0,FALSE,FALSE,0.543181935085643,54.3181935085643,0,"7186;7193;7200;7207",1825,50000,"N = 50,000",2,"2","16",100,8,14.7280303030303,0.29183515036918,0.543181935085643,"BayesMVP-WCP","BayesMVP-WCP","BayesMVP-WCP"
"Laptop","MD_BayesMVP","BayesMVP_NicoStan",2500,1,1,1,1,80,"7184208393ceb4c8ae3e26f0d1660bdb","state_allocation_thread_setup_sampling_divergence_check","iteration_difference","main_scaling","two_run_difference",NA,4,1.55569620253163,1.55291139240503,0.034134995019092,0.0230000000000139,1.55925,0.00355379746836852,0.0194462025316454,0.0230000000000246,1.55549999999999,0.00318987341774647,0.0194113924050629,0,FALSE,FALSE,0.642799023596426,51.4239218877141,0,"9137;9142;9147;9152",2312,2500,"N = 2500",1,"1","1",80,1,1.55569620253163,0.034134995019092,0.642799023596426,"BayesMVP","BayesMVP","BayesMVP"
"Laptop","MD_BayesMVP_WCP","BayesMVP_NicoStan",10000,4,8,2,4,200,"b352a26c8e9b174599c6b645056fb577","state_allocation_thread_setup_sampling_divergence_check","iteration_difference","main_scaling","two_run_difference",NA,4,8.04673366834148,8.06884422110534,0.278480233209507,0.0637500000000273,8.0702499999998,0.0235163316583199,0.0402336683417074,0.0609999999999502,8.08799999999991,0.0206130653265848,0.0403442211055267,0,FALSE,FALSE,0.248548054705559,49.7096109411117,0,"9678;9683;9688;9693",2448,10000,"N = 10,000",4,"4","8",200,2,8.04673366834148,0.278480233209507,0.248548054705559,"BayesMVP-WCP","BayesMVP-WCP","BayesMVP-WCP"
"HPC","MD_BayesMVP","BayesMVP_NicoStan",50000,100,8,8,1,50,"3f8ed78629bdab9b833b52bd1450ea30","state_allocation_thread_setup_sampling_divergence_check","iteration_difference","main_scaling","two_run_difference",NA,4,8.18418367346901,8.19591836734663,0.0439328871130569,0.212750000000142,8.23324999999977,0.0490663265307617,0.16368367346938,0.222499999999854,8.23399999999992,0.0581428571427119,0.163918367346933,0,FALSE,FALSE,0.97749516863043,48.8747584315215,0,"5448;5457;5466;5475",1392,50000,"N = 50,000",100,"100","8",50,8,8.18418367346901,0.0439328871130569,0.97749516863043,"BayesMVP-chunking","BayesMVP-chunking","BayesMVP-chunking"
"HPC","MD_BayesMVP","BayesMVP_NicoStan",50000,1,16,16,1,50,"3f8ed78629bdab9b833b52bd1450ea30","state_allocation_thread_setup_sampling_divergence_check","iteration_difference","main_scaling","two_run_difference",NA,4,16.448469387755,16.4255102040816,0.103648893653743,0.530000000000058,16.6495,0.201030612244958,0.3289693877551,0.531000000000006,16.596,0.200887755102048,0.328510204081632,0,FALSE,FALSE,0.97273488631782,48.636744315891,0,"5269;5278;5287;5296",1348,50000,"N = 50,000",1,"1","16",50,16,16.448469387755,0.103648893653743,0.97273488631782,"BayesMVP","BayesMVP","BayesMVP"
"HPC","MD_BayesMVP","BayesMVP_NicoStan",10000,1,2,2,1,80,"b97502ef4c1796520d0acd01a82ea24d","state_allocation_thread_setup_sampling_divergence_check","iteration_difference","main_scaling","two_run_difference",NA,4,3.34607594936711,3.3382278481013,0.0217407289678411,0.0564999999999998,3.36075000000002,0.0146740506329109,0.0418259493670889,0.0560000000000116,3.3545,0.0140759493671001,0.0417278481012663,0,FALSE,FALSE,0.597715063932809,47.8172051146247,0,"5050;5059;5068;5077",1291,10000,"N = 10,000",1,"1","2",80,2,3.34607594936711,0.0217407289678411,0.597715063932809,"BayesMVP","BayesMVP","BayesMVP"
"Laptop","MD_BayesMVP_WCP","BayesMVP_NicoStan",10000,4,16,4,4,200,"b352a26c8e9b174599c6b645056fb577","state_allocation_thread_setup_sampling_divergence_check","iteration_difference","main_scaling","two_run_difference",NA,4,17.9321608040203,17.9668341708547,0.14435440527292,0.153249999999758,17.99575,0.0635891959796568,0.0896608040201015,0.149499999999534,18.0450000000003,0.0594195979894822,0.0898341708542737,0,FALSE,FALSE,0.223062911587499,44.6125823174999,0,"9680;9685;9690;9695",2450,10000,"N = 10,000",4,"4","16",200,4,17.9321608040203,0.14435440527292,0.223062911587499,"BayesMVP-WCP","BayesMVP-WCP","BayesMVP-WCP"
"HPC","MD_BayesMVP","BayesMVP_NicoStan",50000,1,64,64,1,50,"3f8ed78629bdab9b833b52bd1450ea30","state_allocation_thread_setup_sampling_divergence_check","iteration_difference","main_scaling","two_run_difference",NA,4,74.208418367347,74.2209183673471,0.821313160016783,2.22975,74.954,0.745581632653057,1.48416836734694,2.26549999999997,74.8615000000001,0.79048979591834,1.48441836734694,0,FALSE,FALSE,0.862435844989807,43.1217922494904,0,"5271;5280;5289;5298",1350,50000,"N = 50,000",1,"1","64",50,64,74.208418367347,0.821313160016783,0.862435844989807,"BayesMVP","BayesMVP","BayesMVP"
"HPC","MD_BayesMVP_WCP","BayesMVP_NicoStan",50000,50,8,4,2,100,"3f8ed78629bdab9b833b52bd1450ea30","state_allocation_thread_setup_sampling_divergence_check","iteration_difference","main_scaling","two_run_difference",NA,4,9.71161616161615,9.72727272727249,0.0558486300881151,0.135999999999996,9.75049999999999,0.0388838383838341,0.0971161616161615,0.135999999999967,9.76849999999979,0.0385454545454193,0.0972727272727249,0,FALSE,FALSE,0.411877892766135,41.1877892766135,0,"6577;6602;6627;6652",1672,50000,"N = 50,000",50,"50","8",100,4,9.71161616161615,0.0558486300881151,0.411877892766135,"BayesMVP-chunking_and_WCP","BayesMVP-chunking_and_WCP","BayesMVP-chunking_and_WCP"
"Laptop","MD_BayesMVP_WCP","BayesMVP_NicoStan",10000,2,4,2,2,200,"b352a26c8e9b174599c6b645056fb577","state_allocation_thread_setup_sampling_divergence_check","iteration_difference","main_scaling","two_run_difference",NA,4,10.9032663316586,10.8869346733668,0.0520894933777566,0.0792500000000018,10.9280000000003,0.0247336683417087,0.0545163316582931,0.0760000000000218,10.915,0.0214020100502696,0.0544346733668341,0,FALSE,FALSE,0.183431270883737,36.6862541767473,0,"9989;9992;9995;9998",2525,10000,"N = 10,000",2,"2","4",200,2,10.9032663316586,0.0520894933777566,0.183431270883737,"BayesMVP-WCP","BayesMVP-WCP","BayesMVP-WCP"
"HPC","MD_BayesMVP","BayesMVP_NicoStan",50000,1,96,96,1,50,"3f8ed78629bdab9b833b52bd1450ea30","state_allocation_thread_setup_sampling_divergence_check","iteration_difference","main_scaling","two_run_difference",NA,4,137.738010204082,134.820408163265,6.5120238950447,3.70224999999996,138.6855,0.947489795918332,2.75476020408163,3.72849999999994,135.657,0.912285714285656,2.69640816326531,0,FALSE,FALSE,0.696975365462011,34.8487682731006,0,"5272;5281;5290;5299",1351,50000,"N = 50,000",1,"1","96",50,96,137.738010204082,6.5120238950447,0.696975365462011,"BayesMVP","BayesMVP","BayesMVP"
"Laptop","MD_BayesMVP","BayesMVP_NicoStan",10000,1,4,4,1,80,"b352a26c8e9b174599c6b645056fb577","state_allocation_thread_setup_sampling_divergence_check","iteration_difference","main_scaling","two_run_difference",NA,4,9.9372151898734,9.90531645569621,0.0935197777637372,0.16350000000002,9.9765,0.0392848101266029,0.124215189873417,0.158500000000032,9.94800000000001,0.0335000000000324,0.123816455696203,0,FALSE,FALSE,0.402527259757465,32.2021807805972,0,"9243;9248;9253;9258",2340,10000,"N = 10,000",1,"1","4",80,4,9.9372151898734,0.0935197777637372,0.402527259757465,"BayesMVP","BayesMVP","BayesMVP"
"HPC","MD_BayesMVP_WCP","BayesMVP_NicoStan",50000,2,8,4,2,100,"3f8ed78629bdab9b833b52bd1450ea30","state_allocation_thread_setup_sampling_divergence_check","iteration_difference","main_scaling","two_run_difference",NA,4,12.9202020202021,12.9303030303034,0.221688983735595,0.241249999999923,13.03225,0.112047979797901,0.129202020202021,0.206999999999766,13.0050000000001,0.0793232323229987,0.129303030303034,0,FALSE,FALSE,0.309592682354778,30.9592682354778,0,"7185;7192;7199;7206",1824,50000,"N = 50,000",2,"2","8",100,4,12.9202020202021,0.221688983735595,0.309592682354778,"BayesMVP-WCP","BayesMVP-WCP","BayesMVP-WCP"
"HPC","MD_BayesMVP","BayesMVP_NicoStan",50000,1,8,8,1,50,"3f8ed78629bdab9b833b52bd1450ea30","state_allocation_thread_setup_sampling_divergence_check","iteration_difference","main_scaling","two_run_difference",NA,4,12.9464285714287,12.9770408163267,0.123556499320043,0.376999999999981,13.0645000000001,0.118071428571407,0.258928571428574,0.381000000000029,13.0995000000001,0.120153061224517,0.259540816326535,0,FALSE,FALSE,0.617931034482753,30.8965517241377,0,"5268;5277;5286;5295",1347,50000,"N = 50,000",1,"1","8",50,8,12.9464285714287,0.123556499320043,0.617931034482753,"BayesMVP","BayesMVP","BayesMVP"
"Laptop","MD_BayesMVP","BayesMVP_NicoStan",10000,10,2,2,1,80,"b352a26c8e9b174599c6b645056fb577","state_allocation_thread_setup_sampling_divergence_check","iteration_difference","main_scaling","two_run_difference",NA,4,5.19721518987343,5.19594936708861,0.0236678397823292,0.0787499999999852,5.211,0.0137848101265673,0.0649651898734179,0.074499999999972,5.214,0.00970253164554129,0.0649493670886076,0,FALSE,FALSE,0.384821472063909,30.7857177651127,0,"9282;9287;9292;9297",2349,10000,"N = 10,000",10,"10","2",80,2,5.19721518987343,0.0236678397823292,0.384821472063909,"BayesMVP-chunking","BayesMVP-chunking","BayesMVP-chunking"
"HPC","MD_BayesMVP","BayesMVP_NicoStan",10000,10,1,1,1,80,"b97502ef4c1796520d0acd01a82ea24d","state_allocation_thread_setup_sampling_divergence_check","iteration_difference","main_scaling","two_run_difference",NA,4,2.65721518987341,2.65417721518985,0.0527814203244494,0.0377500000000026,2.66175,0.00453481012658495,0.0332151898734177,0.0380000000000109,2.65799999999999,0.0050632911392395,0.0331772151898732,0,FALSE,FALSE,0.376333841463415,30.1067073170732,0,"5121;5130;5139;5148",1308,10000,"N = 10,000",10,"10","1",80,1,2.65721518987341,0.0527814203244494,0.376333841463415,"BayesMVP-chunking","BayesMVP-chunking","BayesMVP-chunking"
"Laptop","MD_BayesMVP","BayesMVP_NicoStan",10000,1,8,8,1,80,"b352a26c8e9b174599c6b645056fb577","state_allocation_thread_setup_sampling_divergence_check","iteration_difference","main_scaling","two_run_difference",NA,4,22.4870886075949,22.4450632911392,0.0908499863703981,0.344000000000008,22.55,0.0629113924050717,0.281088607594937,0.343000000000018,22.507,0.0624430379747015,0.280563291139241,0,FALSE,FALSE,0.355759704584347,28.4607763667477,0,"9244;9249;9254;9259",2341,10000,"N = 10,000",1,"1","8",80,8,22.4870886075949,0.0908499863703981,0.355759704584347,"BayesMVP","BayesMVP","BayesMVP"
"Laptop","MD_BayesMVP","BayesMVP_NicoStan",50000,250,16,16,1,50,"50597d787bf5578f0fdbdd94f2702741","state_allocation_thread_setup_sampling_divergence_check","iteration_difference","main_scaling","two_run_difference",NA,4,31.8191326530609,31.8198979591833,0.401239208282416,0.929500000000075,32.1122499999998,0.293117346938857,0.636382653061219,0.910499999999956,32.0939999999996,0.27410204081629,0.636397959183666,0,FALSE,FALSE,0.50284211623414,25.142105811707,0,"9485;9490;9495;9500",2402,50000,"N = 50,000",250,"250","16",50,16,31.8191326530609,0.401239208282416,0.50284211623414,"BayesMVP-chunking","BayesMVP-chunking","BayesMVP-chunking"
"HPC","MD_BayesMVP","BayesMVP_NicoStan",50000,100,4,4,1,50,"3f8ed78629bdab9b833b52bd1450ea30","state_allocation_thread_setup_sampling_divergence_check","iteration_difference","main_scaling","two_run_difference",NA,4,8.35255102040833,8.40153061224472,0.228049239515386,0.195249999999874,8.38075000000003,0.028198979591707,0.167051020408167,0.199999999999818,8.43849999999998,0.0316020408161384,0.168030612244894,0,FALSE,FALSE,0.478895608087462,23.9447804043731,0,"5447;5456;5465;5474",1391,50000,"N = 50,000",100,"100","4",50,4,8.35255102040833,0.228049239515386,0.478895608087462,"BayesMVP-chunking","BayesMVP-chunking","BayesMVP-chunking"
"HPC","MD_BayesMVP","BayesMVP_NicoStan",10000,1,1,1,1,80,"b97502ef4c1796520d0acd01a82ea24d","state_allocation_thread_setup_sampling_divergence_check","iteration_difference","main_scaling","two_run_difference",NA,4,3.3486075949367,3.34987341772151,0.0545419325926113,0.0515000000000114,3.35825,0.00964240506330273,0.0418575949367087,0.0510000000000161,3.36050000000002,0.00928481012659855,0.0418734177215189,0,FALSE,FALSE,0.298631586905573,23.8905269524458,0,"5049;5058;5067;5076",1290,10000,"N = 10,000",1,"1","1",80,1,3.3486075949367,0.0545419325926113,0.298631586905573,"BayesMVP","BayesMVP","BayesMVP"
"Laptop","MD_BayesMVP","BayesMVP_NicoStan",50000,100,8,8,1,50,"50597d787bf5578f0fdbdd94f2702741","state_allocation_thread_setup_sampling_divergence_check","iteration_difference","main_scaling","two_run_difference",NA,4,17.2979591836735,17.3377551020408,0.182881892154115,0.520749999999907,17.4727499999999,0.174790816326438,0.345959183673469,0.509999999999991,17.4854999999998,0.166877551020402,0.346755102040816,0,FALSE,FALSE,0.462482302973101,23.124115148655,0,"9464;9469;9474;9479",2396,50000,"N = 50,000",100,"100","8",50,8,17.2979591836735,0.182881892154115,0.462482302973101,"BayesMVP-chunking","BayesMVP-chunking","BayesMVP-chunking"
"Laptop","MD_BayesMVP_WCP","BayesMVP_NicoStan",50000,250,16,8,2,100,"50597d787bf5578f0fdbdd94f2702741","state_allocation_thread_setup_sampling_divergence_check","iteration_difference","main_scaling","two_run_difference",NA,4,35.7383838383836,35.7707070707066,0.217971278889008,0.561000000000263,35.942,0.203616161616427,0.357383838383836,0.555000000000291,35.9799999999998,0.197939393939686,0.357707070707066,0,FALSE,FALSE,0.223848958480542,22.3848958480542,0,"9914;9920;9926;9932",2510,50000,"N = 50,000",250,"250","16",100,8,35.7383838383836,0.217971278889008,0.223848958480542,"BayesMVP-chunking_and_WCP","BayesMVP-chunking_and_WCP","BayesMVP-chunking_and_WCP"
"Laptop","MD_BayesMVP","BayesMVP_NicoStan",10000,1,2,2,1,80,"b352a26c8e9b174599c6b645056fb577","state_allocation_thread_setup_sampling_divergence_check","iteration_difference","main_scaling","two_run_difference",NA,4,7.15164556962027,7.14379746835445,0.0498256319724486,0.109749999999984,7.172,0.0203544303797307,0.0893955696202533,0.108499999999964,7.16699999999999,0.0186962025316089,0.0892974683544306,0,FALSE,FALSE,0.279655917023611,22.3724733618889,0,"9242;9247;9252;9257",2339,10000,"N = 10,000",1,"1","2",80,2,7.15164556962027,0.0498256319724486,0.279655917023611,"BayesMVP","BayesMVP","BayesMVP"
"HPC","MD_BayesMVP","BayesMVP_NicoStan",50000,1,180,180,1,50,"3f8ed78629bdab9b833b52bd1450ea30","state_allocation_thread_setup_sampling_divergence_check","iteration_difference","main_scaling","two_run_difference",NA,4,405.028571428571,419.820918367347,42.4489335835047,8.32024999999999,405.24825,0.219678571428559,8.10057142857143,8.459,420.009,0.188081632652996,8.39641836734694,0,FALSE,FALSE,0.44441309255079,22.2206546275395,0,"5273;5282;5291;5300",1352,50000,"N = 50,000",1,"1","180",50,180,405.028571428571,42.4489335835047,0.44441309255079,"BayesMVP","BayesMVP","BayesMVP"
"Laptop","MD_BayesMVP_WCP","BayesMVP_NicoStan",50000,100,8,4,2,100,"50597d787bf5578f0fdbdd94f2702741","state_allocation_thread_setup_sampling_divergence_check","iteration_difference","main_scaling","two_run_difference",NA,4,19.2469696969699,19.19898989899,0.341006969363658,0.346000000000117,19.4005000000003,0.153530303030418,0.192469696969699,0.348000000000184,19.3290000000002,0.156595959596143,0.1919898989899,0,FALSE,FALSE,0.207824923246475,20.7824923246475,0,"9888;9894;9900;9906",2502,50000,"N = 50,000",100,"100","8",100,4,19.2469696969699,0.341006969363658,0.207824923246475,"BayesMVP-chunking_and_WCP","BayesMVP-chunking_and_WCP","BayesMVP-chunking_and_WCP"
"Laptop","MD_BayesMVP","BayesMVP_NicoStan",10000,1,16,16,1,80,"b352a26c8e9b174599c6b645056fb577","state_allocation_thread_setup_sampling_divergence_check","iteration_difference","main_scaling","two_run_difference",NA,4,63.7324050632912,63.8298734177216,0.515068792207506,0.786249999999995,63.722,-0.010405063291144,0.796655063291139,0.783500000000004,63.821,-0.0119367088607558,0.797873417721519,0,FALSE,FALSE,0.251049681619747,20.0839745295798,0,"9245;9250;9255;9260",2342,10000,"N = 10,000",1,"1","16",80,16,63.7324050632912,0.515068792207506,0.251049681619747,"BayesMVP","BayesMVP","BayesMVP"
"HPC","MD_BayesMVP","BayesMVP_NicoStan",50000,1,4,4,1,50,"3f8ed78629bdab9b833b52bd1450ea30","state_allocation_thread_setup_sampling_divergence_check","iteration_difference","main_scaling","two_run_difference",NA,4,12.309693877551,12.3163265306122,0.0452559935950442,0.305500000000023,12.369,0.0593061224490029,0.246193877551021,0.307000000000016,12.376,0.0600510204081783,0.246326530612245,0,FALSE,FALSE,0.32494715464003,16.2473577320015,0,"5267;5276;5285;5294",1346,50000,"N = 50,000",1,"1","4",50,4,12.309693877551,0.0452559935950442,0.32494715464003,"BayesMVP","BayesMVP","BayesMVP"
"Laptop","MD_BayesMVP","BayesMVP_NicoStan",10000,10,1,1,1,80,"b352a26c8e9b174599c6b645056fb577","state_allocation_thread_setup_sampling_divergence_check","iteration_difference","main_scaling","two_run_difference",NA,4,5.13772151898734,5.08151898734174,0.125780413787914,0.073750000000004,5.14725,0.00952848101266226,0.0642215189873417,0.0740000000000123,5.0925,0.00889873417722746,0.0635189873417718,0,FALSE,FALSE,0.194638809500345,15.5711047600276,0,"9281;9286;9291;9296",2348,10000,"N = 10,000",10,"10","1",80,1,5.13772151898734,0.125780413787914,0.194638809500345,"BayesMVP-chunking","BayesMVP-chunking","BayesMVP-chunking"
"Laptop","MD_BayesMVP","BayesMVP_NicoStan",10000,1,1,1,1,80,"b352a26c8e9b174599c6b645056fb577","state_allocation_thread_setup_sampling_divergence_check","iteration_difference","main_scaling","two_run_difference",NA,4,6.37215189873417,6.3746835443038,0.0426640494843928,0.0949999999999989,6.3875,0.0153481012658217,0.0796518987341772,0.0924999999999869,6.39250000000001,0.0128797468354301,0.0796835443037975,0,FALSE,FALSE,0.156932856575288,12.5546285260231,0,"9241;9246;9251;9256",2338,10000,"N = 10,000",1,"1","1",80,1,6.37215189873417,0.0426640494843928,0.156932856575288,"BayesMVP","BayesMVP","BayesMVP"
"Laptop","MD_BayesMVP","BayesMVP_NicoStan",50000,50,4,4,1,50,"50597d787bf5578f0fdbdd94f2702741","state_allocation_thread_setup_sampling_divergence_check","iteration_difference","main_scaling","two_run_difference",NA,4,16.5579081632652,16.385714285714,0.388465492297777,0.421999999999912,16.6487499999998,0.0908418367346072,0.331158163265305,0.42450000000008,16.4839999999997,0.0977142857143648,0.327714285714281,0,FALSE,FALSE,0.241576409324111,12.0788204662056,0,"9443;9448;9453;9458",2390,50000,"N = 50,000",50,"50","4",50,4,16.5579081632652,0.388465492297777,0.241576409324111,"BayesMVP-chunking","BayesMVP-chunking","BayesMVP-chunking"
"HPC","MD_BayesMVP","BayesMVP_NicoStan",50000,100,2,2,1,50,"3f8ed78629bdab9b833b52bd1450ea30","state_allocation_thread_setup_sampling_divergence_check","iteration_difference","main_scaling","two_run_difference",NA,4,8.31709183673517,8.31530612244956,0.217413797962784,0.181999999999789,8.33275000000026,0.0156581632650855,0.166341836734703,0.182000000000016,8.33150000000023,0.0160000000000114,0.166306122448991,0,FALSE,FALSE,0.240468668527422,12.0234334263711,0,"5446;5455;5464;5473",1390,50000,"N = 50,000",100,"100","2",50,2,8.31709183673517,0.217413797962784,0.240468668527422,"BayesMVP-chunking","BayesMVP-chunking","BayesMVP-chunking"
"Laptop","MD_BayesMVP_WCP","BayesMVP_NicoStan",50000,50,4,2,2,100,"50597d787bf5578f0fdbdd94f2702741","state_allocation_thread_setup_sampling_divergence_check","iteration_difference","main_scaling","two_run_difference",NA,4,17.8075757575758,17.806565656565,0.0794177533020253,0.246249999999861,17.8757499999999,0.0681742424241037,0.178075757575758,0.240499999999997,17.8684999999994,0.0626969696969719,0.17806565656565,0,FALSE,FALSE,0.11231175019144,11.231175019144,0,"9861;9867;9873;9879",2493,50000,"N = 50,000",50,"50","4",100,2,17.8075757575758,0.0794177533020253,0.11231175019144,"BayesMVP-chunking_and_WCP","BayesMVP-chunking_and_WCP","BayesMVP-chunking_and_WCP"
"HPC","MD_BayesMVP","BayesMVP_NicoStan",50000,1,2,2,1,50,"3f8ed78629bdab9b833b52bd1450ea30","state_allocation_thread_setup_sampling_divergence_check","iteration_difference","main_scaling","two_run_difference",NA,4,12.2224489795918,12.2239795918368,0.026933105979235,0.275000000000006,12.253,0.0305510204081688,0.244448979591837,0.277000000000044,12.2525,0.0325816326531051,0.244479591836735,0,FALSE,FALSE,0.163633327767574,8.18166638837869,0,"5266;5275;5284;5293",1345,50000,"N = 50,000",1,"1","2",50,2,12.2224489795918,0.026933105979235,0.163633327767574,"BayesMVP","BayesMVP","BayesMVP"
"Laptop","MD_BayesMVP","BayesMVP_NicoStan",50000,50,2,2,1,50,"50597d787bf5578f0fdbdd94f2702741","state_allocation_thread_setup_sampling_divergence_check","iteration_difference","main_scaling","two_run_difference",NA,4,16.0369897959188,16.0897959183678,0.132302978658246,0.372249999999781,16.0885000000002,0.0515102040814053,0.320739795918376,0.365999999999985,16.1485000000002,0.0443163265304111,0.321795918367357,0,FALSE,FALSE,0.124711683766799,6.23558418833994,0,"9442;9447;9452;9457",2389,50000,"N = 50,000",50,"50","2",50,2,16.0369897959188,0.132302978658246,0.124711683766799,"BayesMVP-chunking","BayesMVP-chunking","BayesMVP-chunking"
"HPC","MD_BayesMVP","BayesMVP_NicoStan",50000,100,1,1,1,50,"3f8ed78629bdab9b833b52bd1450ea30","state_allocation_thread_setup_sampling_divergence_check","iteration_difference","main_scaling","two_run_difference",NA,4,8.06811224489806,8.04591836734716,0.0594958632162604,0.169750000000022,8.07650000000012,0.00838775510206057,0.161362244897961,0.169499999999971,8.05450000000019,0.00858163265302767,0.160918367346943,0,FALSE,FALSE,0.123944730768013,6.19723653840065,0,"5445;5454;5463;5472",1389,50000,"N = 50,000",100,"100","1",50,1,8.06811224489806,0.0594958632162604,0.123944730768013,"BayesMVP-chunking","BayesMVP-chunking","BayesMVP-chunking"
"Laptop","MD_BayesMVP_WCP","BayesMVP_NicoStan",50000,8,16,2,8,100,"50597d787bf5578f0fdbdd94f2702741","state_allocation_thread_setup_sampling_divergence_check","iteration_difference","main_scaling","two_run_difference",NA,4,35.3255050505046,35.3237373737366,0.189944430053322,0.495249999999942,35.4674999999995,0.141994949494896,0.353255050505046,0.491500000000087,35.4549999999995,0.139080808080898,0.353237373737366,0,FALSE,FALSE,0.0566163172229417,5.66163172229417,0,"10017;10018;10019;10020",2532,50000,"N = 50,000",8,"8","16",100,2,35.3255050505046,0.189944430053322,0.0566163172229417,"BayesMVP-WCP","BayesMVP-WCP","BayesMVP-WCP"
"Laptop","MD_BayesMVP_WCP","BayesMVP_NicoStan",50000,4,8,2,4,100,"50597d787bf5578f0fdbdd94f2702741","state_allocation_thread_setup_sampling_divergence_check","iteration_difference","main_scaling","two_run_difference",NA,4,39.9398989898991,39.8893939393941,0.203483755814675,0.511999999999972,40.0525000000001,0.112601010100981,0.399398989898991,0.514499999999828,40.0065000000002,0.11364141414124,0.398893939393941,0,FALSE,FALSE,0.0500752393115917,5.00752393115917,0,"9794;9799;9804;9809",2477,50000,"N = 50,000",4,"4","8",100,2,39.9398989898991,0.203483755814675,0.0500752393115917,"BayesMVP-WCP","BayesMVP-WCP","BayesMVP-WCP"
"Laptop","MD_BayesMVP_WCP","BayesMVP_NicoStan",50000,2,4,2,2,100,"50597d787bf5578f0fdbdd94f2702741","state_allocation_thread_setup_sampling_divergence_check","iteration_difference","main_scaling","two_run_difference",NA,4,45.209090909091,45.2601010101018,0.409208529460337,0.562999999999761,45.3199999999998,0.110909090908851,0.45209090909091,0.561500000000024,45.4089999999999,0.106651515151541,0.452601010101018,0,FALSE,FALSE,0.0442388900060325,4.42388900060325,0,"10005;10008;10011;10014",2529,50000,"N = 50,000",2,"2","4",100,2,45.209090909091,0.409208529460337,0.0442388900060325,"BayesMVP-WCP","BayesMVP-WCP","BayesMVP-WCP"
"HPC","MD_BayesMVP","BayesMVP_NicoStan",50000,1,1,1,1,50,"3f8ed78629bdab9b833b52bd1450ea30","state_allocation_thread_setup_sampling_divergence_check","iteration_difference","main_scaling","two_run_difference",NA,4,12.1530612244898,12.1341836734695,0.12513216669597,0.257249999999971,12.16725,0.0141887755101748,0.243061224489796,0.256000000000029,12.1475,0.0142857142856259,0.242683673469389,0,FALSE,FALSE,0.0822837951301428,4.11418975650714,0,"5265;5274;5283;5292",1344,50000,"N = 50,000",1,"1","1",50,1,12.1530612244898,0.12513216669597,0.0822837951301428,"BayesMVP","BayesMVP","BayesMVP"
"Laptop","MD_BayesMVP","BayesMVP_NicoStan",50000,1,2,2,1,50,"50597d787bf5578f0fdbdd94f2702741","state_allocation_thread_setup_sampling_divergence_check","iteration_difference","main_scaling","two_run_difference",NA,4,30.7168367346938,30.7484693877551,0.214020730233218,0.742250000000041,30.84475,0.127913265306164,0.614336734693877,0.743499999999983,30.8410000000001,0.132755102040799,0.614969387755103,0,FALSE,FALSE,0.0651108711901006,3.25554355950503,0,"9362;9367;9372;9377",2369,50000,"N = 50,000",1,"1","2",50,2,30.7168367346938,0.214020730233218,0.0651108711901006,"BayesMVP","BayesMVP","BayesMVP"
"Laptop","MD_BayesMVP","BayesMVP_NicoStan",50000,50,1,1,1,50,"50597d787bf5578f0fdbdd94f2702741","state_allocation_thread_setup_sampling_divergence_check","iteration_difference","main_scaling","two_run_difference",NA,4,15.8854591836736,15.8025510204086,0.191911577164745,0.33725000000004,15.9050000000002,0.0195408163265674,0.317709183673473,0.331000000000131,15.8160000000003,0.015071428571455,0.316051020408172,0,FALSE,FALSE,0.0629506511859447,3.14753255929723,0,"9441;9446;9451;9456",2388,50000,"N = 50,000",50,"50","1",50,1,15.8854591836736,0.191911577164745,0.0629506511859447,"BayesMVP-chunking","BayesMVP-chunking","BayesMVP-chunking"
"Laptop","MD_BayesMVP","BayesMVP_NicoStan",50000,1,4,4,1,50,"50597d787bf5578f0fdbdd94f2702741","state_allocation_thread_setup_sampling_divergence_check","iteration_difference","main_scaling","two_run_difference",NA,4,64.1176020408163,64.0658163265306,0.39875759347432,1.42750000000004,64.26275,0.145147959183712,1.28235204081633,1.42800000000005,64.2195,0.146071428571451,1.28131632653061,0,FALSE,FALSE,0.0623853649026622,3.11926824513311,0,"9363;9368;9373;9378",2370,50000,"N = 50,000",1,"1","4",50,4,64.1176020408163,0.39875759347432,0.0623853649026622,"BayesMVP","BayesMVP","BayesMVP"
"Laptop","MD_BayesMVP","BayesMVP_NicoStan",50000,1,8,8,1,50,"50597d787bf5578f0fdbdd94f2702741","state_allocation_thread_setup_sampling_divergence_check","iteration_difference","main_scaling","two_run_difference",NA,4,161.507397959184,161.360204081633,0.549397569304151,3.548,161.82525,0.317852040816328,3.23014795918367,3.47550000000007,161.781,0.248295918367415,3.22720408163265,0,FALSE,FALSE,0.0495333347022393,2.47666673511196,0,"9364;9369;9374;9379",2371,50000,"N = 50,000",1,"1","8",50,8,161.507397959184,0.549397569304151,0.0495333347022393,"BayesMVP","BayesMVP","BayesMVP"
"Laptop","MD_BayesMVP","BayesMVP_NicoStan",50000,1,16,16,1,50,"50597d787bf5578f0fdbdd94f2702741","state_allocation_thread_setup_sampling_divergence_check","iteration_difference","main_scaling","two_run_difference",NA,4,378.158163265306,378.39693877551,1.04534064017674,8.10249999999994,378.6975,0.539336734693811,7.56316326530612,8.089,378.945,0.530612244897958,7.56793877551021,0,FALSE,FALSE,0.0423103387795302,2.11551693897651,0,"9365;9370;9375;9380",2372,50000,"N = 50,000",1,"1","16",50,16,378.158163265306,1.04534064017674,0.0423103387795302,"BayesMVP","BayesMVP","BayesMVP"
"Laptop","MD_BayesMVP","BayesMVP_NicoStan",50000,1,1,1,1,50,"50597d787bf5578f0fdbdd94f2702741","state_allocation_thread_setup_sampling_divergence_check","iteration_difference","main_scaling","two_run_difference",NA,4,23.681887755102,23.6285714285713,0.190625017780537,0.534000000000049,23.74225,0.0603622448980092,0.473637755102039,0.537500000000023,23.6985,0.0661122448979816,0.472571428571426,0,FALSE,FALSE,0.0422263634698869,2.11131817349434,0,"9361;9366;9371;9376",2368,50000,"N = 50,000",1,"1","1",50,1,23.681887755102,0.190625017780537,0.0422263634698869,"BayesMVP","BayesMVP","BayesMVP"
