"device","algorithm","execution_backend","N","num_chunks","n_threads","n_chains","threads_per_chain","n_iter","dataset_md5","timing_scope","timing_estimator","benchmark_role","timing_method","stan_chunk_size","n_repeats","time_mean","time_median","time_sd","time_short_run_mean","time_long_run_mean","fixed_cost_mean","seconds_per_iteration_mean","time_short_run_median","time_long_run_median","fixed_cost_median","seconds_per_iteration_median","n_repeats_two_run_flagged","time_mean_not_positive","time_median_not_positive","chain_rate","total_iter_per_sec","max_divergences","case_ids","configuration_id"
"HPC","MD_BayesMVP","BayesMVP_NicoStan",2500,10,180,180,1,80,"229e14792b0f4550a6f1e0887b422826","state_allocation_thread_setup_sampling_divergence_check","iteration_difference","main_scaling","two_run_difference",NA,4,1.97417721518985,1.96860759493668,0.195339821020829,0.0755000000000088,2.02499999999999,0.0508227848101356,0.0246772151898732,0.0755000000000194,2.01999999999998,0.0513924050632991,0.0246075949367085,0,FALSE,FALSE,91.1772249294701,7294.17799435761,0,"4977;4986;4995;5004",1278
"HPC","MD_BayesMVP","BayesMVP_NicoStan",2500,4,96,96,1,80,"229e14792b0f4550a6f1e0887b422826","state_allocation_thread_setup_sampling_divergence_check","iteration_difference","main_scaling","two_run_difference",NA,4,1.34632911392404,1.34683544303795,0.123335231547678,0.0647500000000072,1.39424999999999,0.0479208860759567,0.0168291139240504,0.0655000000000072,1.39399999999998,0.0486772151898807,0.0168354430379744,0,FALSE,FALSE,71.305001880407,5704.40015043256,0,"4940;4949;4958;4967",1268
"HPC","AD_Stan_tape_chunked","NicoStan_BridgeStan",2500,25,180,180,1,40,"229e14792b0f4550a6f1e0887b422826","NicoStan_BridgeStan_state_allocation_thread_setup_sampling_model_load_divergence_check","iteration_difference","main_scaling","two_run_difference",100,4,2.63205128205127,2.62615384615384,0.154658538860091,0.196000000000012,2.76225,0.13019871794873,0.0658012820512818,0.196500000000015,2.75750000000001,0.12905128205129,0.0656538461538459,0,FALSE,FALSE,68.3877252800782,2735.50901120313,0,"1301;1302;1303;1304",326
"HPC","MD_BayesMVP","BayesMVP_NicoStan",500,2,180,180,1,400,"5fff1836d43ae39c037ca22d13a50ed5","state_allocation_thread_setup_sampling_divergence_check","iteration_difference","main_scaling","two_run_difference",NA,4,2.66741854636591,2.60350877192982,0.167268152901485,0.0437499999999975,2.7045,0.0370814536340827,0.00666854636591478,0.0435000000000016,2.64099999999999,0.0366716791979931,0.00650877192982455,0,FALSE,FALSE,67.4809734097529,26992.3893639012,0,"4753;4762;4771;4780",1222
"HPC","AD_Stan_tape_chunked","NicoStan_BridgeStan",500,4,180,180,1,200,"5fff1836d43ae39c037ca22d13a50ed5","NicoStan_BridgeStan_state_allocation_thread_setup_sampling_model_load_divergence_check","iteration_difference","main_scaling","two_run_difference",125,4,2.8035175879397,2.79095477386935,0.140333324926034,0.0714999999999968,2.861,0.0574824120602983,0.0140175879396985,0.0684999999999967,2.8445,0.0539271356783886,0.0139547738693468,0,FALSE,FALSE,64.2050546692955,12841.0109338591,0,"1149;1150;1151;1152",288
"HPC","AD_Stan_tape_chunked","NicoStan_BridgeStan",2500,10,96,96,1,40,"229e14792b0f4550a6f1e0887b422826","NicoStan_BridgeStan_state_allocation_thread_setup_sampling_model_load_divergence_check","iteration_difference","main_scaling","two_run_difference",250,4,1.56538461538463,1.55384615384617,0.121333448931027,0.108499999999992,1.63475,0.0693653846153766,0.0391346153846157,0.107499999999987,1.62700000000001,0.0692179487179356,0.0388461538461542,0,FALSE,FALSE,61.3267813267809,2453.07125307123,0,"1261;1262;1263;1264",316
"HPC","AD_Stan_tape_chunked","NicoStan_BridgeStan",500,4,96,96,1,200,"5fff1836d43ae39c037ca22d13a50ed5","NicoStan_BridgeStan_state_allocation_thread_setup_sampling_model_load_divergence_check","iteration_difference","main_scaling","two_run_difference",125,4,1.63467336683417,1.6321608040201,0.10010474048061,0.0417500000000022,1.66825,0.0335766331658313,0.00817336683417084,0.0400000000000027,1.6675,0.0318140703517615,0.0081608040201005,0,FALSE,FALSE,58.7273286197358,11745.4657239472,0,"1145;1146;1147;1148",287
"HPC","MD_BayesMVP","BayesMVP_NicoStan",2500,25,64,64,1,80,"229e14792b0f4550a6f1e0887b422826","state_allocation_thread_setup_sampling_divergence_check","iteration_difference","main_scaling","two_run_difference",NA,4,1.10455696202531,1.13012658227847,0.139534786837188,0.0500000000000043,1.14075,0.0361930379746879,0.0138069620253164,0.0504999999999995,1.16549999999999,0.0362278481012821,0.0141265822784808,0,FALSE,FALSE,57.9417831767137,4635.34265413709,0,"5011;5020;5029;5038",1285
"HPC","MD_BayesMVP","BayesMVP_NicoStan",500,2,96,96,1,400,"5fff1836d43ae39c037ca22d13a50ed5","state_allocation_thread_setup_sampling_divergence_check","iteration_difference","main_scaling","two_run_difference",NA,4,1.8315789473684,1.78195488721803,0.12248914583942,0.0427500000000069,1.86974999999999,0.0381710526315859,0.00457894736842101,0.0375000000000014,1.82049999999999,0.0327844611528837,0.00445488721804508,0,FALSE,FALSE,52.4137931034488,20965.5172413795,0,"4752;4761;4770;4779",1221
"HPC","AD_Stan_tape_chunked","NicoStan_BridgeStan",2500,10,64,64,1,40,"229e14792b0f4550a6f1e0887b422826","NicoStan_BridgeStan_state_allocation_thread_setup_sampling_model_load_divergence_check","iteration_difference","main_scaling","two_run_difference",250,4,1.2353846153846,1.24410256410256,0.112133103964005,0.0807500000000019,1.28524999999999,0.0498653846153868,0.0308846153846151,0.0805000000000007,1.294,0.0498974358974391,0.0311025641025639,0,FALSE,FALSE,51.8057285180578,2072.22914072231,0,"1257;1258;1259;1260",315
"HPC","AD_Stan","NicoStan_BridgeStan",500,1,64,64,1,200,"5fff1836d43ae39c037ca22d13a50ed5","NicoStan_BridgeStan_state_allocation_thread_setup_sampling_model_load_divergence_check","iteration_difference","main_scaling","two_run_difference",NA,4,1.25552763819131,1.24673366834191,0.152090942940117,0.0347500000000727,1.28400000000042,0.0284723618091161,0.00627763819095653,0.0289999999997237,1.28100000000063,0.0226783919595202,0.00623366834170957,0,FALSE,FALSE,50.9745847508363,10194.9169501673,11,"25;26;27;28",7
"HPC","AD_Stan_tape_chunked","NicoStan_BridgeStan",500,2,64,64,1,200,"5fff1836d43ae39c037ca22d13a50ed5","NicoStan_BridgeStan_state_allocation_thread_setup_sampling_model_load_divergence_check","iteration_difference","main_scaling","two_run_difference",250,4,1.26030150753769,1.2643216080402,0.136589779730168,0.0460000000000003,1.3,0.0396984924623118,0.00630150753768844,0.0455000000000005,1.3015,0.0386256281407041,0.00632160804020101,0,FALSE,FALSE,50.7814992025518,10156.2998405104,0,"1105;1106;1107;1108",277
"HPC","AD_Stan","NicoStan_BridgeStan",500,1,96,96,1,200,"5fff1836d43ae39c037ca22d13a50ed5","NicoStan_BridgeStan_state_allocation_thread_setup_sampling_model_load_divergence_check","iteration_difference","main_scaling","two_run_difference",NA,4,2.15778894472353,2.19899497487335,0.306941540193545,0.0422499999999273,2.18924999999984,0.0314610552763096,0.0107889447236177,0.0365000000005384,2.24049999999952,0.0254924623114131,0.0109949748743667,0,FALSE,FALSE,44.4899860270163,8897.99720540325,11,"29;30;31;32",8
"HPC","MD_BayesMVP","BayesMVP_NicoStan",500,2,64,64,1,400,"5fff1836d43ae39c037ca22d13a50ed5","state_allocation_thread_setup_sampling_divergence_check","iteration_difference","main_scaling","two_run_difference",NA,4,1.496992481203,1.46917293233082,0.188491395847625,0.024000000000008,1.51725,0.0202575187970005,0.0037424812030075,0.0245000000000033,1.489,0.0206879699248153,0.00367293233082705,0,FALSE,FALSE,42.7523857358114,17100.9542943245,0,"4751;4760;4769;4778",1220
"HPC","AD_Stan","NicoStan_BridgeStan",500,1,32,32,1,200,"5fff1836d43ae39c037ca22d13a50ed5","NicoStan_BridgeStan_state_allocation_thread_setup_sampling_model_load_divergence_check","iteration_difference","main_scaling","two_run_difference",NA,4,0.785678391960274,0.78894472362027,0.160007186104922,0.0239999999992073,0.80574999999968,0.020071608039406,0.00392839195980137,0.0194999999985015,0.81550000000067,0.015746231154188,0.00394472361810135,0,FALSE,FALSE,40.7291333546284,8145.82667092568,11,"21;22;23;24",6
"HPC","AD_Stan_chunked","NicoStan_BridgeStan",500,2,64,64,1,200,"5fff1836d43ae39c037ca22d13a50ed5","NicoStan_BridgeStan_state_allocation_thread_setup_sampling_model_load_divergence_check","iteration_difference","main_scaling","two_run_difference",250,4,1.57437185929681,1.54472361809105,0.268541133807791,0.0354999999999706,1.6020000000003,0.0276281407034865,0.00787185929648406,0.0299999999994176,1.56700000000001,0.0222763819089623,0.00772361809045526,0,FALSE,FALSE,40.6511330992574,8130.22661985147,0,"169;170;171;172",43
"HPC","MD_BayesMVP","BayesMVP_NicoStan",2500,25,32,32,1,80,"229e14792b0f4550a6f1e0887b422826","state_allocation_thread_setup_sampling_divergence_check","iteration_difference","main_scaling","two_run_difference",NA,4,0.807341772151897,0.788860759493682,0.18246099629374,0.167249999999996,0.964499999999994,0.157158227848097,0.0100917721518987,0.16849999999998,0.950999999999993,0.158639240506309,0.00986075949367102,0,FALSE,FALSE,39.6362496080277,3170.89996864221,0,"5010;5019;5028;5037",1284
"HPC","AD_Stan","NicoStan_BridgeStan",500,1,180,180,1,200,"5fff1836d43ae39c037ca22d13a50ed5","NicoStan_BridgeStan_state_allocation_thread_setup_sampling_model_load_divergence_check","iteration_difference","main_scaling","two_run_difference",NA,4,4.5580402010038,4.47939698492474,0.471457400697968,0.0760000000009029,4.61124999999968,0.0532097989958839,0.022790201005019,0.0565000000001472,4.51350000000026,0.0341030150755235,0.0223969849246237,0,FALSE,FALSE,39.4906565239068,7898.13130478136,47,"33;34;35;36",9
"HPC","AD_Stan_tape_chunked","NicoStan_BridgeStan",10000,100,180,180,1,20,"b97502ef4c1796520d0acd01a82ea24d","NicoStan_BridgeStan_state_allocation_thread_setup_sampling_model_load_divergence_check","iteration_difference","main_scaling","two_run_difference",100,4,4.92578947368417,4.92473684210519,0.166578739502682,0.830250000000035,5.50975,0.583960526315827,0.246289473684209,0.835000000000036,5.51499999999999,0.582026315789512,0.246236842105259,0,FALSE,FALSE,36.5423656373547,730.847312747094,0,"1601;1602;1603;1604",401
"HPC","AD_Stan_chunked","NicoStan_BridgeStan",500,4,96,96,1,200,"5fff1836d43ae39c037ca22d13a50ed5","NicoStan_BridgeStan_state_allocation_thread_setup_sampling_model_load_divergence_check","iteration_difference","main_scaling","two_run_difference",125,4,2.63492462311593,2.56783919597996,0.251975352952035,0.0419999999996197,2.66374999999997,0.02882537688404,0.0131746231155796,0.0334999999996199,2.58849999999968,0.0207361809041393,0.0128391959798998,0,FALSE,FALSE,36.4336797940258,7286.73595880517,0,"209;210;211;212",53
"HPC","AD_Stan_chunked","NicoStan_BridgeStan",500,2,32,32,1,200,"5fff1836d43ae39c037ca22d13a50ed5","NicoStan_BridgeStan_state_allocation_thread_setup_sampling_model_load_divergence_check","iteration_difference","main_scaling","two_run_difference",250,4,0.93366834170893,0.949748743719367,0.165217897881932,0.0247500000001164,0.953750000000502,0.0200816582915717,0.00466834170854465,0.020000000000219,0.964000000000786,0.0154497487439376,0.00474874371859684,0,FALSE,FALSE,34.2734122712452,6854.68245424904,0,"165;166;167;168",42
"HPC","AD_Stan_tape_chunked","NicoStan_BridgeStan",10000,50,96,96,1,20,"b97502ef4c1796520d0acd01a82ea24d","NicoStan_BridgeStan_state_allocation_thread_setup_sampling_model_load_divergence_check","iteration_difference","main_scaling","two_run_difference",200,4,2.87973684210526,2.87789473684214,0.106144990474256,0.449500000000029,3.18525000000002,0.305513157894766,0.143986842105263,0.4495,3.18350000000004,0.305605263157893,0.143894736842107,0,FALSE,FALSE,33.3363794206342,666.727588412685,0,"1561;1562;1563;1564",391
"HPC","AD_Stan_tape_chunked","NicoStan_BridgeStan",2500,10,32,32,1,40,"229e14792b0f4550a6f1e0887b422826","NicoStan_BridgeStan_state_allocation_thread_setup_sampling_model_load_divergence_check","iteration_difference","main_scaling","two_run_difference",250,4,0.966153846153846,0.971282051282054,0.059933486399721,0.0579999999999998,1,0.0338461538461537,0.0241538461538462,0.0580000000000069,1.004,0.0340000000000071,0.0242820512820514,0,FALSE,FALSE,33.1210191082803,1324.84076433121,0,"1253;1254;1255;1256",314
"HPC","AD_Stan_tape_chunked","NicoStan_BridgeStan",500,2,32,32,1,200,"5fff1836d43ae39c037ca22d13a50ed5","NicoStan_BridgeStan_state_allocation_thread_setup_sampling_model_load_divergence_check","iteration_difference","main_scaling","two_run_difference",250,4,0.968592964824121,0.962814070351759,0.0501934340697727,0.0277500000000002,0.991500000000001,0.0229070351758796,0.00484296482412061,0.0280000000000005,0.985,0.0231934673366839,0.00481407035175879,0,FALSE,FALSE,33.0376134889753,6607.52269779507,0,"1101;1102;1103;1104",276
"HPC","AD_Stan","NicoStan_BridgeStan",2500,1,96,96,1,40,"229e14792b0f4550a6f1e0887b422826","NicoStan_BridgeStan_state_allocation_thread_setup_sampling_model_load_divergence_check","iteration_difference","main_scaling","two_run_difference",NA,4,3.12205128205211,3.02717948718116,0.263349519720925,0.177999999998901,3.22199999999971,0.0999487179475984,0.0780512820513028,0.140999999997803,3.08949999999993,0.0673076923054536,0.075679487179529,0,FALSE,FALSE,30.7490144546567,1229.96057818627,0,"65;66;67;68",17
"HPC","AD_Stan_chunked","NicoStan_BridgeStan",500,10,180,180,1,200,"5fff1836d43ae39c037ca22d13a50ed5","NicoStan_BridgeStan_state_allocation_thread_setup_sampling_model_load_divergence_check","iteration_difference","main_scaling","two_run_difference",50,4,5.89346733668351,5.76030150753839,0.494950811002543,0.0814999999990391,5.94549999999913,0.0520326633156216,0.0294673366834175,0.0619999999990384,5.79349999999974,0.0344472361789828,0.028801507537692,0,FALSE,FALSE,30.5422919508863,6108.45839017726,0,"249;250;251;252",63
"HPC","AD_Stan","NicoStan_BridgeStan",2500,1,64,64,1,40,"229e14792b0f4550a6f1e0887b422826","NicoStan_BridgeStan_state_allocation_thread_setup_sampling_model_load_divergence_check","iteration_difference","main_scaling","two_run_difference",NA,4,2.10487179487316,2.0758974358986,0.191489083898015,0.123749999999069,2.1760000000004,0.0711282051272395,0.052621794871829,0.104499999999476,2.12850000000061,0.0526025641020108,0.051897435897465,0,FALSE,FALSE,30.4056523327857,1216.22609331143,1,"61;62;63;64",16
"HPC","AD_Stan","NicoStan_BridgeStan",2500,1,180,180,1,40,"229e14792b0f4550a6f1e0887b422826","NicoStan_BridgeStan_state_allocation_thread_setup_sampling_model_load_divergence_check","iteration_difference","main_scaling","two_run_difference",NA,4,6.04410256410285,5.9348717948726,0.400526499870076,0.336750000000306,6.22975000000058,0.185647435897735,0.151102564102571,0.253000000000611,6.03650000000109,0.109615384615982,0.148371794871815,0,FALSE,FALSE,29.7810962158479,1191.24384863392,7,"69;70;71;72",18
"HPC","AD_Stan_chunked","NicoStan_BridgeStan",2500,4,64,64,1,40,"229e14792b0f4550a6f1e0887b422826","NicoStan_BridgeStan_state_allocation_thread_setup_sampling_model_load_divergence_check","iteration_difference","main_scaling","two_run_difference",625,4,2.24153846153773,2.18102564102554,0.250565173125284,0.136500000001089,2.32200000000038,0.0804615384626454,0.0560384615384433,0.103500000001191,2.23000000000109,0.0489743589755521,0.0545256410256385,0,FALSE,FALSE,28.5518188057745,1142.07275223098,0,"277;278;279;280",70
"HPC","AD_Stan_tape_chunked","NicoStan_BridgeStan",10000,50,64,64,1,20,"b97502ef4c1796520d0acd01a82ea24d","NicoStan_BridgeStan_state_allocation_thread_setup_sampling_model_load_divergence_check","iteration_difference","main_scaling","two_run_difference",200,4,2.26736842105257,2.26421052631574,0.170274885032278,0.278750000000031,2.43274999999997,0.165381578947402,0.113368421052628,0.279000000000053,2.42899999999997,0.164921052631589,0.113210526315787,0,FALSE,FALSE,28.2265552460546,564.531104921093,0,"1557;1558;1559;1560",390
"HPC","AD_Stan","NicoStan_BridgeStan",2500,1,32,32,1,40,"229e14792b0f4550a6f1e0887b422826","NicoStan_BridgeStan_state_allocation_thread_setup_sampling_model_load_divergence_check","iteration_difference","main_scaling","two_run_difference",NA,4,1.13717948717909,1.14205128205025,0.160879404444427,0.0780000000006096,1.18675000000023,0.0495705128211322,0.0284294871794774,0.0730000000008726,1.18649999999987,0.0444487179496163,0.0285512820512563,0,FALSE,FALSE,28.1397970687809,1125.59188275123,1,"57;58;59;60",15
"HPC","AD_Stan_chunked","NicoStan_BridgeStan",2500,4,96,96,1,40,"229e14792b0f4550a6f1e0887b422826","NicoStan_BridgeStan_state_allocation_thread_setup_sampling_model_load_divergence_check","iteration_difference","main_scaling","two_run_difference",625,4,3.44717948717941,3.34820512820547,0.289643882700692,0.196749999999962,3.55774999999989,0.110570512820477,0.0861794871794853,0.142499999999927,3.40650000000035,0.0614743589742899,0.0837051282051367,0,FALSE,FALSE,27.8488545075876,1113.95418030351,0,"281;282;283;284",71
"HPC","AD_Stan_chunked","NicoStan_BridgeStan",2500,4,32,32,1,40,"229e14792b0f4550a6f1e0887b422826","NicoStan_BridgeStan_state_allocation_thread_setup_sampling_model_load_divergence_check","iteration_difference","main_scaling","two_run_difference",625,4,1.15307692307713,1.12307692307635,0.0867960395833894,0.0812500000005087,1.20550000000071,0.0524230769235805,0.0288269230769283,0.0700000000002632,1.16350000000122,0.0419615384617771,0.0280769230769088,0,FALSE,FALSE,27.7518345563659,1110.07338225464,0,"273;274;275;276",69
"HPC","AD_Stan_chunked","NicoStan_BridgeStan",2500,25,180,180,1,40,"229e14792b0f4550a6f1e0887b422826","NicoStan_BridgeStan_state_allocation_thread_setup_sampling_model_load_divergence_check","iteration_difference","main_scaling","two_run_difference",100,4,6.54538461538496,6.4728205128212,0.421296226696453,0.372250000000111,6.75400000000045,0.208615384615487,0.163634615384624,0.26199999999961,6.56900000000128,0.104923076923278,0.16182051282053,0,FALSE,FALSE,27.5002938065563,1100.01175226225,0,"357;358;359;360",90
"HPC","MD_BayesMVP","BayesMVP_NicoStan",500,1,32,32,1,400,"5fff1836d43ae39c037ca22d13a50ed5","state_allocation_thread_setup_sampling_divergence_check","iteration_difference","main_scaling","two_run_difference",NA,4,1.2187969924812,1.22907268170426,0.0652239287575764,0.0157499999999935,1.2315,0.0127030075187905,0.00304699248120301,0.0154999999999959,1.24149999999999,0.0124273182957352,0.00307268170426064,0,FALSE,FALSE,26.2553979025293,10502.1591610117,0,"4714;4723;4732;4741",1210
"HPC","AD_Stan","NicoStan_BridgeStan",500,1,16,16,1,200,"5fff1836d43ae39c037ca22d13a50ed5","NicoStan_BridgeStan_state_allocation_thread_setup_sampling_model_load_divergence_check","iteration_difference","main_scaling","two_run_difference",NA,4,0.613065326633334,0.587437185930585,0.115640504486666,0.0182499999998105,0.628249999999978,0.0151846733666438,0.00306532663316667,0.0165000000001161,0.601000000001048,0.0135628140704632,0.00293718592965292,0,FALSE,FALSE,26.0983606557305,5219.67213114611,0,"17;18;19;20",5
"HPC","MD_BayesMVP","BayesMVP_NicoStan",10000,50,180,180,1,80,"b97502ef4c1796520d0acd01a82ea24d","state_allocation_thread_setup_sampling_divergence_check","iteration_difference","main_scaling","two_run_difference",NA,4,7.6774683544304,7.71544303797468,0.310692500104723,0.177500000000009,7.75900000000003,0.0815316455696291,0.09596835443038,0.160500000000013,7.81450000000004,0.0671139240506576,0.0964430379746835,0,FALSE,FALSE,23.4452285167842,1875.61828134274,0,"5201;5210;5219;5228",1334
"HPC","AD_Stan_tape_chunked","NicoStan_BridgeStan",2500,10,16,16,1,40,"229e14792b0f4550a6f1e0887b422826","NicoStan_BridgeStan_state_allocation_thread_setup_sampling_model_load_divergence_check","iteration_difference","main_scaling","two_run_difference",250,4,0.758717948717942,0.757948717948722,0.0076005928462844,0.046750000000003,0.786499999999997,0.0277820512820544,0.0189679487179486,0.046999999999997,0.785499999999999,0.0280128205128322,0.0189487179487181,0,FALSE,FALSE,21.0882054748228,843.52821899291,0,"1249;1250;1251;1252",313
"HPC","AD_Stan","NicoStan_BridgeStan",2500,1,16,16,1,40,"229e14792b0f4550a6f1e0887b422826","NicoStan_BridgeStan_state_allocation_thread_setup_sampling_model_load_divergence_check","iteration_difference","main_scaling","two_run_difference",NA,4,0.782051282049791,0.782051282048297,0.0766262077725689,0.052750000000799,0.815249999999345,0.0331987179495542,0.0195512820512448,0.0525000000016007,0.81499999999869,0.0329487179503933,0.0195512820512074,0,FALSE,FALSE,20.4590163934816,818.360655739265,0,"53;54;55;56",14
"HPC","AD_Stan_tape_chunked","NicoStan_BridgeStan",500,4,16,16,1,200,"5fff1836d43ae39c037ca22d13a50ed5","NicoStan_BridgeStan_state_allocation_thread_setup_sampling_model_load_divergence_check","iteration_difference","main_scaling","two_run_difference",125,4,0.797989949748742,0.799497487437187,0.00720073208046909,0.0169999999999995,0.810999999999998,0.0130100502512557,0.00398994974874371,0.0160000000000018,0.814499999999995,0.0120301507537707,0.00399748743718593,0,FALSE,FALSE,20.0503778337532,4010.07556675064,0,"1133;1134;1135;1136",284
"HPC","AD_Stan_chunked","NicoStan_BridgeStan",500,2,16,16,1,200,"5fff1836d43ae39c037ca22d13a50ed5","NicoStan_BridgeStan_state_allocation_thread_setup_sampling_model_load_divergence_check","iteration_difference","main_scaling","two_run_difference",250,4,0.79798994974908,0.787437185929268,0.11023251926112,0.0182500000003638,0.812250000000699,0.0142600502516184,0.0039899497487454,0.0159999999996074,0.798000000000743,0.0123417085423157,0.00393718592964634,0,FALSE,FALSE,20.0503778337447,4010.07556674894,0,"161;162;163;164",41
"HPC","MD_BayesMVP","BayesMVP_NicoStan",10000,25,96,96,1,80,"b97502ef4c1796520d0acd01a82ea24d","state_allocation_thread_setup_sampling_divergence_check","iteration_difference","main_scaling","two_run_difference",NA,4,4.92936708860757,4.93772151898732,0.35275057023721,0.118749999999999,4.98649999999998,0.0571329113924039,0.0616170886075947,0.114000000000019,4.99999999999997,0.0556708860759662,0.0617215189873415,0,FALSE,FALSE,19.4751168404294,1558.00934723435,0,"5164;5173;5182;5191",1324
"HPC","AD_Stan_chunked","NicoStan_BridgeStan",2500,4,16,16,1,40,"229e14792b0f4550a6f1e0887b422826","NicoStan_BridgeStan_state_allocation_thread_setup_sampling_model_load_divergence_check","iteration_difference","main_scaling","two_run_difference",625,4,0.853333333334056,0.831282051283499,0.0661359546465756,0.0562500000003432,0.888250000001047,0.0349166666669918,0.0213333333333514,0.0484999999996347,0.858500000002095,0.027999999999597,0.0207820512820875,0,FALSE,FALSE,18.7499999999841,749.999999999365,0,"269;270;271;272",68
"HPC","MD_BayesMVP","BayesMVP_NicoStan",10000,10,64,64,1,80,"b97502ef4c1796520d0acd01a82ea24d","state_allocation_thread_setup_sampling_divergence_check","iteration_difference","main_scaling","two_run_difference",NA,4,3.43898734177218,3.41012658227849,0.305230935955522,0.105249999999984,3.50125000000001,0.0622626582278316,0.0429873417721523,0.102499999999992,3.47,0.0605759493670805,0.0426265822784811,0,FALSE,FALSE,18.610129564193,1488.81036513544,0,"5127;5136;5145;5154",1314
"HPC","MD_BayesMVP","BayesMVP_NicoStan",2500,10,16,16,1,80,"229e14792b0f4550a6f1e0887b422826","state_allocation_thread_setup_sampling_divergence_check","iteration_difference","main_scaling","two_run_difference",NA,4,0.873670886075948,0.760000000000002,0.23386102499086,0.0309999999999988,0.893749999999997,0.0200791139240495,0.0109208860759493,0.0319999999999965,0.780000000000008,0.0200000000000058,0.00950000000000003,0,FALSE,FALSE,18.3135323094756,1465.08258475804,0,"4973;4982;4991;5000",1274
"HPC","AD_Stan_tape_chunked","NicoStan_BridgeStan",10000,25,32,32,1,20,"b97502ef4c1796520d0acd01a82ea24d","NicoStan_BridgeStan_state_allocation_thread_setup_sampling_model_load_divergence_check","iteration_difference","main_scaling","two_run_difference",400,4,1.82526315789472,1.83210526315786,0.122071985786091,0.203000000000017,1.937,0.111736842105281,0.0912631578947358,0.203000000000031,1.94399999999999,0.111894736842126,0.0916052631578931,0,FALSE,FALSE,17.5317185697811,350.634371395621,0,"1517;1518;1519;1520",380
"HPC","AD_Stan_tape_chunked","NicoStan_BridgeStan",50000,1000,180,180,1,10,"3f8ed78629bdab9b833b52bd1450ea30","NicoStan_BridgeStan_state_allocation_thread_setup_sampling_model_load_divergence_check","iteration_difference","main_scaling","two_run_difference",50,4,11.5069444444445,11.4305555555556,0.384036794147634,3.84824999999998,14.2045,2.69755555555553,1.15069444444445,3.87,14.114,2.71166666666667,1.14305555555556,0,FALSE,FALSE,15.6427278213638,156.427278213638,0,"1961;1962;1963;1964",491
"HPC","MD_BayesMVP_WCP","BayesMVP_NicoStan",2500,10,180,90,2,400,"229e14792b0f4550a6f1e0887b422826","state_allocation_thread_setup_sampling_divergence_check","iteration_difference","main_scaling","two_run_difference",NA,4,5.89122807017543,5.87919799498749,0.0646623017459602,0.0695000000000334,5.94600000000003,0.0547719298245948,0.0147280701754386,0.0730000000000359,5.94000000000005,0.0584010025063016,0.0146979949874687,0,FALSE,FALSE,15.276950565813,6110.7802263252,0,"5833;5850;5867;5884",1498
"HPC","AD_Stan_WCP","NicoStan_BridgeStan",500,10,180,90,2,800,"5fff1836d43ae39c037ca22d13a50ed5","NicoStan_BridgeStan_state_allocation_thread_setup_sampling_model_load_divergence_check","iteration_difference","main_scaling","two_run_difference",50,4,6.13383458646618,6.13333333333336,0.0911839933181098,0.0339999999999989,6.16016729323309,0.0263327067669162,0.00766729323308272,0.0335000000000036,6.15866666666669,0.0258245614035124,0.0076666666666667,0,FALSE,FALSE,14.6727139004658,11738.1711203726,0,"2181;2182;2183;2184",546
"HPC","AD_Stan","NicoStan_BridgeStan",500,1,8,8,1,200,"5fff1836d43ae39c037ca22d13a50ed5","NicoStan_BridgeStan_state_allocation_thread_setup_sampling_model_load_divergence_check","iteration_difference","main_scaling","two_run_difference",NA,4,0.545477386935639,0.528643216081426,0.0609091384767598,0.0132499999997084,0.556000000000669,0.0105226130650302,0.0027273869346782,0.0124999999995046,0.540500000000931,0.00990452261256537,0.00264321608040713,0,FALSE,FALSE,14.6660525103379,2933.21050206758,0,"13;14;15;16",4
"HPC","MD_BayesMVP","BayesMVP_NicoStan",500,1,16,16,1,400,"5fff1836d43ae39c037ca22d13a50ed5","state_allocation_thread_setup_sampling_divergence_check","iteration_difference","main_scaling","two_run_difference",NA,4,1.12807017543859,1.12431077694236,0.0195145683642846,0.0102500000000036,1.1355,0.00742982456140717,0.00282017543859648,0.0100000000000096,1.132,0.00719799498747827,0.00281077694235589,0,FALSE,FALSE,14.1835147744946,5673.40590979785,0,"4713;4722;4731;4740",1209
"HPC","AD_Stan_WCP","NicoStan_BridgeStan",500,4,128,64,2,800,"5fff1836d43ae39c037ca22d13a50ed5","NicoStan_BridgeStan_state_allocation_thread_setup_sampling_model_load_divergence_check","iteration_difference","main_scaling","two_run_difference",125,4,4.53082706766917,4.4671679197995,0.147077156343857,0.0330000000000013,4.55816353383459,0.0273364661654148,0.00566353383458647,0.0335000000000036,4.49308395989975,0.0279248120300788,0.00558395989974938,0,FALSE,FALSE,14.1254563557916,11300.3650846333,0,"2109;2110;2111;2112",528
"HPC","AD_Stan_tape_chunked","NicoStan_BridgeStan",50000,1000,96,96,1,10,"3f8ed78629bdab9b833b52bd1450ea30","NicoStan_BridgeStan_state_allocation_thread_setup_sampling_model_load_divergence_check","iteration_difference","main_scaling","two_run_difference",50,4,6.87888888888886,6.89333333333328,0.0476958815763787,2.30450000000002,8.49549999999999,1.61661111111113,0.687888888888886,2.31700000000001,8.495,1.62766666666665,0.689333333333328,0,FALSE,FALSE,13.9557422064287,139.557422064287,0,"1957;1958;1959;1960",490
"HPC","AD_Stan_chunked","NicoStan_BridgeStan",10000,10,96,96,1,20,"b97502ef4c1796520d0acd01a82ea24d","NicoStan_BridgeStan_state_allocation_thread_setup_sampling_model_load_divergence_check","iteration_difference","main_scaling","two_run_difference",1000,4,6.97605263157969,6.88210526315837,0.37898087083808,0.781249999999716,7.40850000000042,0.432447368420731,0.348802631578985,0.606499999999585,7.1190000000003,0.269552631578483,0.344105263157919,0,FALSE,FALSE,13.761364065033,275.227281300661,0,"533;534;535;536",134
"HPC","AD_Stan_WCP","NicoStan_BridgeStan",500,10,180,45,4,800,"5fff1836d43ae39c037ca22d13a50ed5","NicoStan_BridgeStan_state_allocation_thread_setup_sampling_model_load_divergence_check","iteration_difference","main_scaling","two_run_difference",50,4,3.27669172932331,3.24812030075189,0.0842005802297302,0.0262499999999974,3.29884586466165,0.0221541353383433,0.00409586466165414,0.0264999999999986,3.27006015037595,0.0223634085213019,0.00406015037593986,0,FALSE,FALSE,13.7333639284075,10986.691142726,0,"2169;2170;2171;2172",543
"HPC","AD_Stan_chunked","NicoStan_BridgeStan",10000,25,180,180,1,20,"b97502ef4c1796520d0acd01a82ea24d","NicoStan_BridgeStan_state_allocation_thread_setup_sampling_model_load_divergence_check","iteration_difference","main_scaling","two_run_difference",400,4,13.4236842105269,13.4178947368429,0.353460142055338,1.46924999999963,14.2217500000002,0.798065789473288,0.671184210526345,1.01749999999959,13.7605000000005,0.353473684209779,0.670894736842146,0,FALSE,FALSE,13.409135463634,268.18270927268,0,"573;574;575;576",144
"HPC","AD_Stan_chunked","NicoStan_BridgeStan",10000,25,64,64,1,20,"b97502ef4c1796520d0acd01a82ea24d","NicoStan_BridgeStan_state_allocation_thread_setup_sampling_model_load_divergence_check","iteration_difference","main_scaling","two_run_difference",400,4,4.7755263157885,4.71578947368333,0.333554543405334,0.552750000000344,5.08949999999942,0.313973684210919,0.238776315789425,0.454500000000394,4.88499999999948,0.222289473684659,0.235789473684167,0,FALSE,FALSE,13.4016641869207,268.033283738414,0,"565;566;567;568",142
"HPC","MD_BayesMVP_WCP","BayesMVP_NicoStan",2500,4,128,64,2,400,"229e14792b0f4550a6f1e0887b422826","state_allocation_thread_setup_sampling_divergence_check","iteration_difference","main_scaling","two_run_difference",NA,4,4.79323308270682,4.79197994987472,0.0351056166313906,0.0542499999999677,4.83550000000002,0.0422669172932007,0.0119830827067671,0.05499999999995,4.83350000000002,0.0429837092731897,0.0119799498746868,0,FALSE,FALSE,13.3521568627449,5340.86274509797,0,"5776;5789;5802;5815",1480
"HPC","AD_Stan_chunked","NicoStan_BridgeStan",10000,10,32,32,1,20,"b97502ef4c1796520d0acd01a82ea24d","NicoStan_BridgeStan_state_allocation_thread_setup_sampling_model_load_divergence_check","iteration_difference","main_scaling","two_run_difference",1000,4,2.41052631578917,2.41789473684222,0.144848123090374,0.325749999999935,2.61574999999965,0.205223684210477,0.120526315789459,0.293500000000066,2.57649999999938,0.173342105263259,0.120894736842111,0,FALSE,FALSE,13.2751091703073,265.502183406147,0,"525;526;527;528",132
"HPC","AD_Stan_WCP","NicoStan_BridgeStan",2500,25,180,90,2,200,"229e14792b0f4550a6f1e0887b422826","NicoStan_BridgeStan_state_allocation_thread_setup_sampling_model_load_divergence_check","iteration_difference","main_scaling","two_run_difference",100,4,6.84696969696968,6.74444444444452,0.219768361789268,0.112250000000017,6.92498484848485,0.0780151515151689,0.0342348484848484,0.113499999999988,6.82422222222229,0.0797777777777651,0.0337222222222226,0,FALSE,FALSE,13.1445009957956,2628.90019915911,0,"2369;2370;2371;2372",593
"HPC","AD_Stan_WCP","NicoStan_BridgeStan",500,4,96,48,2,800,"5fff1836d43ae39c037ca22d13a50ed5","NicoStan_BridgeStan_state_allocation_thread_setup_sampling_model_load_divergence_check","iteration_difference","main_scaling","two_run_difference",125,4,3.66967418546364,3.6922305764411,0.080190057799573,0.0315000000000047,3.69658709273182,0.0269129072681752,0.00458709273182955,0.0320000000000036,3.71661528822055,0.0274862155388507,0.00461528822055137,0,FALSE,FALSE,13.0801803032373,10464.1442425899,0,"2105;2106;2107;2108",527
"HPC","AD_Stan","NicoStan_BridgeStan",10000,1,96,96,1,20,"b97502ef4c1796520d0acd01a82ea24d","NicoStan_BridgeStan_state_allocation_thread_setup_sampling_model_load_divergence_check","iteration_difference","main_scaling","two_run_difference",NA,4,7.35184210526299,7.37052631578936,0.22688769029518,0.791750000000121,7.77599999999996,0.424157894736972,0.36759210526315,0.715500000000247,7.70700000000017,0.357500000000264,0.368526315789468,0,FALSE,FALSE,13.0579518201671,261.159036403342,0,"101;102;103;104",26
"HPC","AD_Stan","NicoStan_BridgeStan",10000,1,64,64,1,20,"b97502ef4c1796520d0acd01a82ea24d","NicoStan_BridgeStan_state_allocation_thread_setup_sampling_model_load_divergence_check","iteration_difference","main_scaling","two_run_difference",NA,4,5.07578947368442,5.05631578947399,0.114696596836745,0.507749999999866,5.32975000000007,0.253960526315645,0.253789473684221,0.446499999999979,5.28700000000009,0.191736842105236,0.2528157894737,0,FALSE,FALSE,12.6088759850679,252.177519701358,0,"97;98;99;100",25
"HPC","AD_Stan","NicoStan_BridgeStan",10000,1,32,32,1,20,"b97502ef4c1796520d0acd01a82ea24d","NicoStan_BridgeStan_state_allocation_thread_setup_sampling_model_load_divergence_check","iteration_difference","main_scaling","two_run_difference",NA,4,2.54789473684258,2.49368421052675,0.28812701108209,0.287999999999801,2.70850000000026,0.160605263157672,0.127394736842129,0.257999999999626,2.62200000000038,0.141868421052231,0.124684210526337,0,FALSE,FALSE,12.5593885560811,251.187771121622,0,"93;94;95;96",24
"HPC","AD_Stan_WCP","NicoStan_BridgeStan",2500,25,180,45,4,200,"229e14792b0f4550a6f1e0887b422826","NicoStan_BridgeStan_state_allocation_thread_setup_sampling_model_load_divergence_check","iteration_difference","main_scaling","two_run_difference",100,4,3.59797979797984,3.56464646464646,0.0687066717343682,0.0844999999999771,3.66448989898992,0.066510101010078,0.0179898989898992,0.0844999999999914,3.63082323232323,0.0666818181818094,0.0178232323232323,0,FALSE,FALSE,12.5070185289162,2501.40370578324,0,"2357;2358;2359;2360",590
"HPC","AD_Stan_WCP","NicoStan_BridgeStan",500,10,128,32,4,800,"5fff1836d43ae39c037ca22d13a50ed5","NicoStan_BridgeStan_state_allocation_thread_setup_sampling_model_load_divergence_check","iteration_difference","main_scaling","two_run_difference",50,4,2.55889724310778,2.55639097744359,0.0250626566416116,0.0229999999999961,2.57869862155389,0.0198013784461114,0.00319862155388472,0.0234999999999985,2.57669548872179,0.020304511278194,0.00319548872180449,0,FALSE,FALSE,12.5053868756121,10004.3095004897,0,"2162;2164;2166;2168",542
"HPC","AD_Stan","NicoStan_BridgeStan",2500,1,8,8,1,40,"229e14792b0f4550a6f1e0887b422826","NicoStan_BridgeStan_state_allocation_thread_setup_sampling_model_load_divergence_check","iteration_difference","main_scaling","two_run_difference",NA,4,0.641025641025977,0.655384615385034,0.0496633417379432,0.0460000000008449,0.671000000001173,0.0299743589751955,0.0160256410256494,0.044000000001688,0.687500000000947,0.0288076923093635,0.0163846153846258,0,FALSE,FALSE,12.4799999999935,499.199999999738,0,"49;50;51;52",13
"HPC","AD_Stan_tape_chunked","NicoStan_BridgeStan",50000,250,64,64,1,10,"3f8ed78629bdab9b833b52bd1450ea30","NicoStan_BridgeStan_state_allocation_thread_setup_sampling_model_load_divergence_check","iteration_difference","main_scaling","two_run_difference",200,4,5.12944444444448,5.1155555555556,0.367416181197574,1.77624999999995,6.39274999999998,1.2633055555555,0.512944444444448,1.7684999999999,6.37249999999995,1.25694444444434,0.51155555555556,0,FALSE,FALSE,12.4769847286905,124.769847286905,0,"1881;1882;1883;1884",471
"HPC","AD_Stan","NicoStan_BridgeStan",10000,1,180,180,1,20,"b97502ef4c1796520d0acd01a82ea24d","NicoStan_BridgeStan_state_allocation_thread_setup_sampling_model_load_divergence_check","iteration_difference","main_scaling","two_run_difference",NA,4,14.4500000000002,14.6915789473683,0.674730820784492,1.52124999999991,15.2487500000001,0.798749999999902,0.722500000000008,1.33449999999987,15.2724999999999,0.624078947368271,0.734578947368416,0,FALSE,FALSE,12.4567474048442,249.134948096883,9,"105;106;107;108",27
"HPC","MD_BayesMVP_WCP","BayesMVP_NicoStan",2500,10,96,48,2,400,"229e14792b0f4550a6f1e0887b422826","state_allocation_thread_setup_sampling_divergence_check","iteration_difference","main_scaling","two_run_difference",NA,4,3.86065162907271,3.85914786967422,0.068645452919056,0.0379999999999825,3.88900000000001,0.0283483709273007,0.00965162907268177,0.0380000000000109,3.88600000000002,0.0282531328320911,0.00964786967418555,0,FALSE,FALSE,12.4331342508438,4973.25370033754,0,"5831;5848;5865;5882",1496
"HPC","AD_Stan_WCP","NicoStan_BridgeStan",2500,25,128,64,2,200,"229e14792b0f4550a6f1e0887b422826","NicoStan_BridgeStan_state_allocation_thread_setup_sampling_model_load_divergence_check","iteration_difference","main_scaling","two_run_difference",100,4,5.23939393939401,5.17777777777793,0.148577583904583,0.0942499999999882,5.30744696969703,0.0680530303030181,0.02619696969697,0.0935000000000059,5.24688888888901,0.0671313131313021,0.0258888888888896,0,FALSE,FALSE,12.2151532677847,2443.03065355694,0,"2365;2366;2367;2368",592
"HPC","MD_BayesMVP_WCP","BayesMVP_NicoStan",2500,4,64,32,2,400,"229e14792b0f4550a6f1e0887b422826","state_allocation_thread_setup_sampling_divergence_check","iteration_difference","main_scaling","two_run_difference",NA,4,2.65012531328323,2.63859649122808,0.0590288084211146,0.0360000000000014,2.67950000000002,0.0293746867167933,0.00662531328320806,0.0360000000000014,2.66950000000003,0.0294699248120314,0.00659649122807019,0,FALSE,FALSE,12.0749006998297,4829.96027993188,0,"5772;5785;5798;5811",1476
"HPC","AD_Stan_WCP","NicoStan_BridgeStan",500,10,96,24,4,800,"5fff1836d43ae39c037ca22d13a50ed5","NicoStan_BridgeStan_state_allocation_thread_setup_sampling_model_load_divergence_check","iteration_difference","main_scaling","two_run_difference",50,4,1.99047619047619,1.98897243107767,0.0236316620995542,0.0217500000000008,2.0097380952381,0.0192619047619056,0.00248809523809524,0.0215000000000032,2.00748621553884,0.0190350877192943,0.00248621553884709,0,FALSE,FALSE,12.0574162679426,9645.93301435406,0,"2157;2158;2159;2160",540
"HPC","MD_BayesMVP_WCP","BayesMVP_NicoStan",2500,4,180,45,4,400,"229e14792b0f4550a6f1e0887b422826","state_allocation_thread_setup_sampling_divergence_check","iteration_difference","main_scaling","two_run_difference",NA,4,3.82681704260649,3.81503759398496,0.0586637508975473,0.0805000000000007,3.89774999999997,0.0709329573934845,0.00956704260651622,0.0844999999999914,3.89249999999998,0.074963659147861,0.00953759398496239,0,FALSE,FALSE,11.7591197851858,4703.6479140743,0,"5774;5787;5800;5813",1478
"HPC","AD_Stan_tape_chunked","NicoStan_BridgeStan",2500,4,8,8,1,40,"229e14792b0f4550a6f1e0887b422826","NicoStan_BridgeStan_state_allocation_thread_setup_sampling_model_load_divergence_check","iteration_difference","main_scaling","two_run_difference",625,4,0.685897435897439,0.682051282051274,0.0124034734589204,0.0467499999999994,0.715500000000002,0.0296025641025634,0.017147435897436,0.0449999999999946,0.709499999999998,0.028064102564097,0.0170512820512818,0,FALSE,FALSE,11.6635514018691,466.542056074764,0,"1209;1210;1211;1212",303
"HPC","AD_Stan_WCP","NicoStan_BridgeStan",2500,25,96,48,2,200,"229e14792b0f4550a6f1e0887b422826","NicoStan_BridgeStan_state_allocation_thread_setup_sampling_model_load_divergence_check","iteration_difference","main_scaling","two_run_difference",100,4,4.14292929292922,4.13434343434339,0.0669492023426241,0.0852500000000163,4.20746464646459,0.0645353535353701,0.0207146464646461,0.0860000000000127,4.19967171717169,0.0653282828282958,0.020671717171717,0,FALSE,FALSE,11.5860051200782,2317.20102401564,0,"2361;2362;2363;2364",591
"HPC","AD_Stan_chunked","NicoStan_BridgeStan",500,2,8,8,1,200,"5fff1836d43ae39c037ca22d13a50ed5","NicoStan_BridgeStan_state_allocation_thread_setup_sampling_model_load_divergence_check","iteration_difference","main_scaling","two_run_difference",250,4,0.691206030150491,0.698492462309408,0.0554580538231808,0.0160000000004654,0.703750000000204,0.012543969849713,0.00345603015075245,0.0135000000009313,0.714499999999287,0.0101030150763108,0.00349246231154704,0,FALSE,FALSE,11.5739731006951,2314.79462013901,0,"157;158;159;160",40
"HPC","AD_Stan_WCP","NicoStan_BridgeStan",2500,25,96,24,4,200,"229e14792b0f4550a6f1e0887b422826","NicoStan_BridgeStan_state_allocation_thread_setup_sampling_model_load_divergence_check","iteration_difference","main_scaling","two_run_difference",100,4,2.09141414141415,2.09090909090908,0.0225186836461139,0.0730000000000075,2.15395707070709,0.0625429292929367,0.0104570707070708,0.0725000000000193,2.15445454545455,0.0621212121212317,0.0104545454545454,0,FALSE,FALSE,11.4754890123158,2295.09780246316,0,"2345;2346;2347;2348",587
"HPC","AD_Stan_WCP","NicoStan_BridgeStan",2500,25,128,32,4,200,"229e14792b0f4550a6f1e0887b422826","NicoStan_BridgeStan_state_allocation_thread_setup_sampling_model_load_divergence_check","iteration_difference","main_scaling","two_run_difference",100,4,2.80404040404041,2.78888888888891,0.0524993461105249,0.0744999999999862,2.8645202020202,0.0604797979797842,0.0140202020202021,0.0745000000000005,2.85044444444445,0.0603585858585865,0.0139444444444446,0,FALSE,FALSE,11.4121037463977,2282.42074927953,0,"2350;2352;2354;2356",589
"HPC","AD_Stan_WCP","NicoStan_BridgeStan",2500,25,128,16,8,200,"229e14792b0f4550a6f1e0887b422826","NicoStan_BridgeStan_state_allocation_thread_setup_sampling_model_load_divergence_check","iteration_difference","main_scaling","two_run_difference",100,4,1.41633165829145,1.41758793969849,0.00552763819095169,0.065250000000006,1.4745,0.0581683417085488,0.00708165829145725,0.0655000000000001,1.476,0.0584271356784064,0.00708793969849246,0,FALSE,FALSE,11.2967890722016,2259.35781444032,0,"2332;2336;2340;2344",586
"HPC","AD_Stan_tape_chunked","NicoStan_BridgeStan",500,2,8,8,1,200,"5fff1836d43ae39c037ca22d13a50ed5","NicoStan_BridgeStan_state_allocation_thread_setup_sampling_model_load_divergence_check","iteration_difference","main_scaling","two_run_difference",250,4,0.714070351758793,0.714572864321607,0.0041438247493643,0.0169999999999999,0.727499999999999,0.0134296482412059,0.00357035175879397,0.0164999999999997,0.729,0.0129170854271354,0.00357286432160803,0,FALSE,FALSE,11.2033779028853,2240.67558057706,0,"1093;1094;1095;1096",274
"HPC","AD_Stan_WCP","NicoStan_BridgeStan",2500,25,96,16,6,200,"229e14792b0f4550a6f1e0887b422826","NicoStan_BridgeStan_state_allocation_thread_setup_sampling_model_load_divergence_check","iteration_difference","main_scaling","two_run_difference",100,4,1.42914572864321,1.4321608040201,0.0266915702338871,0.0692500000000038,1.49125,0.0621042713567877,0.00714572864321607,0.0674999999999955,1.491,0.0604648241205984,0.00716080402010049,0,FALSE,FALSE,11.1954992967651,2239.09985935303,0,"2331;2335;2339;2343",585
"HPC","AD_Stan_WCP","NicoStan_BridgeStan",500,4,64,32,2,800,"5fff1836d43ae39c037ca22d13a50ed5","NicoStan_BridgeStan_state_allocation_thread_setup_sampling_model_load_divergence_check","iteration_difference","main_scaling","two_run_difference",125,4,2.88621553884712,2.90225563909775,0.112905529626458,0.0257500000000022,2.90835776942356,0.0221422305764433,0.00360776942355889,0.0265000000000057,2.92362781954888,0.0227969924812088,0.00362781954887219,0,FALSE,FALSE,11.08718304967,8869.74643973603,0,"2093;2095;2097;2099",524
"HPC","MD_BayesMVP_WCP","BayesMVP_NicoStan",2500,4,128,32,4,400,"229e14792b0f4550a6f1e0887b422826","state_allocation_thread_setup_sampling_divergence_check","iteration_difference","main_scaling","two_run_difference",NA,4,2.89573934837089,2.87017543859643,0.0573535227685286,0.0380000000000109,2.92649999999998,0.0307606516290837,0.00723934837092723,0.0375000000000227,2.90049999999997,0.0303245614035317,0.00717543859649108,0,FALSE,FALSE,11.050718365934,4420.2873463736,0,"5773;5786;5799;5812",1477
"HPC","AD_Stan","NicoStan_BridgeStan",10000,1,16,16,1,20,"b97502ef4c1796520d0acd01a82ea24d","NicoStan_BridgeStan_state_allocation_thread_setup_sampling_model_load_divergence_check","iteration_difference","main_scaling","two_run_difference",NA,4,1.45157894736855,1.41421052631576,0.138283902436586,0.19574999999988,1.57475,0.123171052631452,0.0725789473684274,0.183499999999881,1.55300000000015,0.109052631578815,0.0707105263157879,0,FALSE,FALSE,11.0224800580121,220.449601160242,0,"89;90;91;92",23
"HPC","AD_Stan_WCP","NicoStan_BridgeStan",500,6,96,16,6,800,"5fff1836d43ae39c037ca22d13a50ed5","NicoStan_BridgeStan_state_allocation_thread_setup_sampling_model_load_divergence_check","iteration_difference","main_scaling","two_run_difference",84,4,1.45782227784738,1.47784730913642,0.107232126041479,0.0249999999999773,1.48100000000005,0.023177722152668,0.00182227784730923,0.0254999999999654,1.50149999999996,0.0236526908635449,0.00184730913642052,0,FALSE,FALSE,10.9752747252742,8780.21978021933,0,"4157;4159;4161;4163",1040
"HPC","MD_BayesMVP","BayesMVP_NicoStan",10000,10,32,32,1,80,"b97502ef4c1796520d0acd01a82ea24d","state_allocation_thread_setup_sampling_divergence_check","iteration_difference","main_scaling","two_run_difference",NA,4,2.9612658227848,2.87949367088605,0.240894024626597,0.0695000000000192,2.99375000000001,0.0324841772152093,0.03701582278481,0.0680000000000121,2.9145,0.0299620253164678,0.0359936708860757,0,FALSE,FALSE,10.8061896212705,864.495169701637,0,"5126;5135;5144;5153",1313
"HPC","AD_Stan_WCP","NicoStan_BridgeStan",500,8,128,16,8,800,"5fff1836d43ae39c037ca22d13a50ed5","NicoStan_BridgeStan_state_allocation_thread_setup_sampling_model_load_divergence_check","iteration_difference","main_scaling","two_run_difference",63,4,1.49536921151421,1.49586983729642,0.0856855309857919,0.0285000000001219,1.52199999999993,0.0266307884857291,0.00186921151439276,0.0280000000001337,1.52299999999991,0.0262040050063917,0.00186983729662053,0,FALSE,FALSE,10.6996986943435,8559.75895547479,0,"4158;4160;4162;4164",1041
"HPC","AD_Stan_WCP","NicoStan_BridgeStan",2500,10,64,16,4,200,"229e14792b0f4550a6f1e0887b422826","NicoStan_BridgeStan_state_allocation_thread_setup_sampling_model_load_divergence_check","iteration_difference","main_scaling","two_run_difference",250,4,1.52788944723619,1.5246231155779,0.0177024270892368,0.0589999999999975,1.57925,0.0513605527638166,0.00763944723618093,0.0589999999999975,1.57650000000001,0.0512914572864297,0.0076231155778895,0,FALSE,FALSE,10.4719618483802,2094.39236967603,0,"2262;2266;2270;2274",567
"HPC","AD_Stan_tape_chunked","NicoStan_BridgeStan",10000,10,16,16,1,20,"b97502ef4c1796520d0acd01a82ea24d","NicoStan_BridgeStan_state_allocation_thread_setup_sampling_model_load_divergence_check","iteration_difference","main_scaling","two_run_difference",1000,4,1.54421052631577,1.54526315789473,0.0146614613444199,0.171999999999997,1.63899999999998,0.0947894736842084,0.0772105263157887,0.171999999999997,1.63999999999999,0.0947368421052608,0.0772631578947363,0,FALSE,FALSE,10.3612815269258,207.225630538516,0,"1477;1478;1479;1480",370
"HPC","AD_Stan_chunked","NicoStan_BridgeStan",2500,4,8,8,1,40,"229e14792b0f4550a6f1e0887b422826","NicoStan_BridgeStan_state_allocation_thread_setup_sampling_model_load_divergence_check","iteration_difference","main_scaling","two_run_difference",625,4,0.776410256410885,0.775384615385869,0.0179609238101281,0.0474999999988732,0.804499999999486,0.0280897435886011,0.0194102564102721,0.0424999999977445,0.798499999998967,0.0231153846130977,0.0193846153846467,0,FALSE,FALSE,10.3038309114844,412.153236459376,0,"265;266;267;268",67
"HPC","AD_Stan_WCP","NicoStan_BridgeStan",500,10,64,16,4,800,"5fff1836d43ae39c037ca22d13a50ed5","NicoStan_BridgeStan_state_allocation_thread_setup_sampling_model_load_divergence_check","iteration_difference","main_scaling","two_run_difference",50,4,1.56595744680851,1.56996245306633,0.0276026007551226,0.0167499999999983,1.58075,0.0147925531914876,0.00195744680851064,0.0165000000000006,1.5845,0.0145375469336677,0.00196245306633291,0,FALSE,FALSE,10.2173913043478,8173.91304347824,0,"2142;2146;2150;2154",537
"HPC","MD_BayesMVP","BayesMVP_NicoStan",2500,4,8,8,1,80,"229e14792b0f4550a6f1e0887b422826","state_allocation_thread_setup_sampling_divergence_check","iteration_difference","main_scaling","two_run_difference",NA,4,0.784303797468343,0.755949367088598,0.0719605130672634,0.0597500000000117,0.834250000000001,0.0499462025316574,0.00980379746835429,0.0230000000000246,0.768500000000003,0.0136898734177464,0.00944936708860747,0,FALSE,FALSE,10.2001291155586,816.010329244686,0,"4936;4945;4954;4963",1264
"HPC","AD_Stan_WCP","NicoStan_BridgeStan",2500,10,64,32,2,200,"229e14792b0f4550a6f1e0887b422826","NicoStan_BridgeStan_state_allocation_thread_setup_sampling_model_load_divergence_check","iteration_difference","main_scaling","two_run_difference",250,4,3.18838383838386,3.16666666666666,0.105068309809425,0.0734999999999957,3.24594191919194,0.0575580808080764,0.0159419191919193,0.0749999999999886,3.22233333333334,0.0592424242424126,0.0158333333333333,0,FALSE,FALSE,10.0364327578013,2007.28655156026,0,"2281;2283;2285;2287",571
"HPC","AD_Stan_WCP","NicoStan_BridgeStan",2500,25,64,8,8,200,"229e14792b0f4550a6f1e0887b422826","NicoStan_BridgeStan_state_allocation_thread_setup_sampling_model_load_divergence_check","iteration_difference","main_scaling","two_run_difference",100,4,0.838442211055274,0.824623115577885,0.0403963011708699,0.046999999999997,0.881249999999994,0.0428077889447207,0.00419221105527637,0.0444999999999993,0.864499999999992,0.0402060301507531,0.00412311557788943,0,FALSE,FALSE,9.54150434522029,1908.30086904406,0,"2319;2322;2325;2328",582
"HPC","MD_BayesMVP_WCP","BayesMVP_NicoStan",2500,4,96,24,4,400,"229e14792b0f4550a6f1e0887b422826","state_allocation_thread_setup_sampling_divergence_check","iteration_difference","main_scaling","two_run_difference",NA,4,2.52030075187974,2.51779448621561,0.0230212927647369,0.0322499999999764,2.54625000000001,0.025949248120277,0.00630075187969934,0.0319999999999823,2.54500000000002,0.0257067669172754,0.00629448621553902,0,FALSE,FALSE,9.52267303102611,3809.06921241044,0,"5771;5784;5797;5810",1475
"HPC","AD_Stan_chunked","NicoStan_BridgeStan",10000,4,16,16,1,20,"b97502ef4c1796520d0acd01a82ea24d","NicoStan_BridgeStan_state_allocation_thread_setup_sampling_model_load_divergence_check","iteration_difference","main_scaling","two_run_difference",2500,4,1.68526315789423,1.6699999999997,0.0996651827934037,0.214499999999994,1.81549999999951,0.130236842105283,0.0842631578947114,0.18599999999995,1.80149999999927,0.100973684210513,0.0834999999999851,0,FALSE,FALSE,9.49406620862248,189.88132417245,0,"485;486;487;488",122
"HPC","MD_BayesMVP_WCP","BayesMVP_NicoStan",500,2,180,90,2,2000,"5fff1836d43ae39c037ca22d13a50ed5","state_allocation_thread_setup_sampling_divergence_check","iteration_difference","main_scaling","two_run_difference",NA,4,10.1138069034517,10.1650825412706,0.195322958678937,0.0502499999999984,10.159,0.0451930965482725,0.00505690345172586,0.0514999999999972,10.209,0.0464687343671808,0.00508254127063532,0,FALSE,FALSE,8.8987263509336,17797.4527018672,0,"5595;5602;5609;5616",1431
"HPC","AD_Stan_WCP","NicoStan_BridgeStan",10000,100,180,90,2,80,"b97502ef4c1796520d0acd01a82ea24d","NicoStan_BridgeStan_state_allocation_thread_setup_sampling_model_load_divergence_check","iteration_difference","main_scaling","two_run_difference",100,4,10.4505263157891,10.3326315789467,0.402129144142712,0.400250000000028,10.7201447368418,0.269618421052664,0.130631578947364,0.409000000000106,10.5924736842099,0.279394736842152,0.129157894736834,0,FALSE,FALSE,8.61200644641448,688.960515713158,0,"2985;2986;2987;2988",747
"HPC","MD_BayesMVP_WCP","BayesMVP_NicoStan",10000,50,180,90,2,200,"b97502ef4c1796520d0acd01a82ea24d","state_allocation_thread_setup_sampling_divergence_check","iteration_difference","main_scaling","two_run_difference",NA,4,10.4873737373738,10.469696969697,0.0710692982367516,0.114250000000027,10.5491868686869,0.0618131313131579,0.0524368686868689,0.113500000000045,10.5308484848485,0.0611919191919628,0.0523484848484849,0,FALSE,FALSE,8.58174813387908,1716.34962677582,0,"6189;6214;6239;6264",1593
"HPC","MD_BayesMVP_WCP","BayesMVP_NicoStan",2500,4,64,16,4,400,"229e14792b0f4550a6f1e0887b422826","state_allocation_thread_setup_sampling_divergence_check","iteration_difference","main_scaling","two_run_difference",NA,4,1.90075187969936,1.91528822055139,0.117599867666583,0.0332499999998959,1.92925000000001,0.0284981203006475,0.00475187969924841,0.0250000000001762,1.93550000000019,0.0202117794487977,0.00478822055137848,0,FALSE,FALSE,8.41772151898683,3367.08860759473,0,"5770;5783;5796;5809",1474
"HPC","AD_Stan_WCP","NicoStan_BridgeStan",10000,100,128,64,2,80,"b97502ef4c1796520d0acd01a82ea24d","NicoStan_BridgeStan_state_allocation_thread_setup_sampling_model_load_divergence_check","iteration_difference","main_scaling","two_run_difference",100,4,7.82947368421039,7.75368421052582,0.206973530855103,0.27800000000002,8.00960526315778,0.18013157894739,0.0978684210526299,0.27800000000002,7.93476315789427,0.180631578947411,0.0969210526315728,0,FALSE,FALSE,8.174240387201,653.93923097608,0,"2981;2982;2983;2984",746
"HPC","AD_Stan_WCP","NicoStan_BridgeStan",10000,100,180,45,4,80,"b97502ef4c1796520d0acd01a82ea24d","NicoStan_BridgeStan_state_allocation_thread_setup_sampling_model_load_divergence_check","iteration_difference","main_scaling","two_run_difference",100,4,5.5347368421053,5.38315789473688,0.324593075742605,0.238000000000056,5.70355263157904,0.16881578947374,0.0691842105263163,0.236500000000092,5.5498684210527,0.169368421052725,0.067289473684211,0,FALSE,FALSE,8.13046785850127,650.437428680102,0,"2973;2974;2975;2976",744
"HPC","AD_Stan_WCP","NicoStan_BridgeStan",500,8,64,8,8,800,"5fff1836d43ae39c037ca22d13a50ed5","NicoStan_BridgeStan_state_allocation_thread_setup_sampling_model_load_divergence_check","iteration_difference","main_scaling","two_run_difference",63,4,0.997496871088836,1.00325406758432,0.0746917337288237,0.0147500000000491,1.01100000000002,0.0135031289111881,0.00124687108886104,0.0145000000001119,1.01649999999995,0.0132459324156315,0.0012540675844804,0,FALSE,FALSE,8.02007528230886,6416.06022584709,0,"4153;4154;4155;4156",1039
"HPC","AD_Stan_WCP","NicoStan_BridgeStan",50000,1000,180,90,2,20,"3f8ed78629bdab9b833b52bd1450ea30","NicoStan_BridgeStan_state_allocation_thread_setup_sampling_model_load_divergence_check","iteration_difference","main_scaling","two_run_difference",50,4,11.3449999999995,10.6624999999997,1.80638220392692,2.52250000000004,13.3002499999995,1.95525000000006,0.567249999999973,2.57999999999993,12.6286250000005,2.04775000000001,0.533124999999984,0,FALSE,FALSE,7.93301013662444,158.660202732489,0,"3945;3946;3947;3948",987
"HPC","MD_BayesMVP_WCP","BayesMVP_NicoStan",500,4,128,64,2,2000,"5fff1836d43ae39c037ca22d13a50ed5","state_allocation_thread_setup_sampling_divergence_check","iteration_difference","main_scaling","two_run_difference",NA,4,8.09329664832418,8.09204602301151,0.130680232069448,0.0209999999999866,8.11025,0.0169533516758245,0.00404664832416209,0.0209999999999866,8.10899999999999,0.0169539769884808,0.00404602301150576,0,FALSE,FALSE,7.90777884229068,15815.5576845814,0,"5628;5641;5654;5667",1443
"HPC","AD_Stan","NicoStan_BridgeStan",500,1,4,4,1,200,"5fff1836d43ae39c037ca22d13a50ed5","NicoStan_BridgeStan_state_allocation_thread_setup_sampling_model_load_divergence_check","iteration_difference","main_scaling","two_run_difference",NA,4,0.506030150753608,0.503517587941015,0.0189361243036659,0.0110000000002111,0.514500000000051,0.00846984924644302,0.00253015075376804,0.0110000000000001,0.511000000000509,0.00842964824039932,0.00251758793970507,0,FALSE,FALSE,7.90466732870162,1580.93346574032,0,"9;10;11;12",3
"HPC","AD_Stan_WCP","NicoStan_BridgeStan",10000,50,96,48,2,80,"b97502ef4c1796520d0acd01a82ea24d","NicoStan_BridgeStan_state_allocation_thread_setup_sampling_model_load_divergence_check","iteration_difference","main_scaling","two_run_difference",200,4,6.14210526315793,6.13052631578955,0.0618221319000363,0.228749999999991,6.29407894736845,0.151973684210517,0.0767763157894742,0.227999999999838,6.28389473684219,0.15099999999996,0.0766315789473693,0,FALSE,FALSE,7.81491002570689,625.192802056551,0,"2877;2878;2879;2880",720
"HPC","MD_BayesMVP","BayesMVP_NicoStan",50000,500,180,180,1,50,"3f8ed78629bdab9b833b52bd1450ea30","state_allocation_thread_setup_sampling_divergence_check","iteration_difference","main_scaling","two_run_difference",NA,4,23.1298469387752,23.1290816326524,0.673308254791389,1.37975000000006,24.0469999999998,0.917153061224553,0.462596938775505,1.3715000000002,24.0379999999996,0.908918367347148,0.462581632653048,0,FALSE,FALSE,7.78215266518885,389.107633259443,0,"5525;5534;5543;5552",1415
"HPC","Mplus_standard","mplus",2500,1,180,180,1,400,"229e14792b0f4550a6f1e0887b422826","Mplus_input_write_engine_run_output_validation_BITERATIONS","overhead_subtraction","main_scaling","two_run_difference",NA,3,23.1546666666666,22.967,1.21937948700696,0.898666666666713,24.0533333333334,0.898666666666713,0.0578866666666666,0.892000000000053,23.836,0.892000000000053,0.0574175,0,FALSE,FALSE,7.77381089485202,3109.52435794081,NA,"4652;4653;4654",1186
"HPC","MD_BayesMVP_WCP","BayesMVP_NicoStan",10000,25,128,64,2,200,"b97502ef4c1796520d0acd01a82ea24d","state_allocation_thread_setup_sampling_divergence_check","iteration_difference","main_scaling","two_run_difference",NA,4,8.30757575757579,8.28585858585856,0.0925092983170839,0.0840000000000032,8.35003787878792,0.0424621212121242,0.041537878787879,0.0860000000000127,8.33092929292927,0.0446515151515273,0.0414292929292928,0,FALSE,FALSE,7.70381178187121,1540.76235637424,0,"6094;6117;6140;6163",1567
"HPC","MD_BayesMVP_WCP","BayesMVP_NicoStan",2500,6,96,16,6,400,"229e14792b0f4550a6f1e0887b422826","state_allocation_thread_setup_sampling_divergence_check","iteration_difference","main_scaling","two_run_difference",NA,4,2.08095238095247,2.06766917293233,0.0463860057173249,0.0224999999998658,2.09824999999995,0.0172976190474847,0.00520238095238116,0.0220000000000482,2.08399999999972,0.0167167919799982,0.00516917293233083,0,FALSE,FALSE,7.68878718535438,3075.51487414175,0,"7095;7099;7103;7107",1803
"HPC","MD_BayesMVP_WCP","BayesMVP_NicoStan",10000,25,180,45,4,200,"b97502ef4c1796520d0acd01a82ea24d","state_allocation_thread_setup_sampling_divergence_check","iteration_difference","main_scaling","two_run_difference",NA,4,5.85808080808077,5.80101010101027,0.166976551013153,0.0815000000000055,5.91029040404038,0.0522095959596016,0.0292904040404039,0.0835000000000719,5.85150505050516,0.0539242424243154,0.0290050505050513,0,FALSE,FALSE,7.68169669799125,1536.33933959825,0,"6092;6115;6138;6161",1565
"HPC","AD_Stan_WCP","NicoStan_BridgeStan",10000,100,176,16,11,80,"b97502ef4c1796520d0acd01a82ea24d","NicoStan_BridgeStan_state_allocation_thread_setup_sampling_model_load_divergence_check","iteration_difference","main_scaling","two_run_difference",100,4,2.10936708860756,2.10177215189877,0.0266003555170669,0.14425,2.22724999999997,0.117882911392405,0.0263670886075946,0.143000000000029,2.21850000000001,0.116746835443068,0.0262721518987346,0,FALSE,FALSE,7.58521363418158,606.817090734526,0,"2945;2950;2955;2960",740
"HPC","AD_Stan_WCP","NicoStan_BridgeStan",50000,500,96,24,4,20,"3f8ed78629bdab9b833b52bd1450ea30","NicoStan_BridgeStan_state_allocation_thread_setup_sampling_model_load_divergence_check","iteration_difference","main_scaling","two_run_difference",100,4,3.16750000000013,3.18750000000023,0.391503512116368,0.770499999999856,3.77962499999998,0.61212499999985,0.158375000000007,0.809999999999945,3.84312500000004,0.635999999999967,0.159375000000011,0,FALSE,FALSE,7.57695343330671,151.539068666134,0,"3821;3822;3823;3824",956
"HPC","AD_Stan_tape_chunked","NicoStan_BridgeStan",50000,100,32,32,1,10,"3f8ed78629bdab9b833b52bd1450ea30","NicoStan_BridgeStan_state_allocation_thread_setup_sampling_model_load_divergence_check","iteration_difference","main_scaling","two_run_difference",500,4,4.22972222222218,4.22555555555555,0.205557307299959,1.14825000000002,4.95499999999998,0.7252777777778,0.422972222222218,1.13250000000005,4.96699999999998,0.727055555555618,0.422555555555555,0,FALSE,FALSE,7.56550863597564,75.6550863597564,0,"1841;1842;1843;1844",461
"HPC","AD_Stan_WCP","NicoStan_BridgeStan",10000,100,128,16,8,80,"b97502ef4c1796520d0acd01a82ea24d","NicoStan_BridgeStan_state_allocation_thread_setup_sampling_model_load_divergence_check","iteration_difference","main_scaling","two_run_difference",100,4,2.11949367088607,2.11696202531648,0.0293845430451802,0.150999999999982,2.24399999999997,0.124506329113906,0.0264936708860758,0.148500000000013,2.2475,0.122069620253178,0.026462025316456,0,FALSE,FALSE,7.54897276636411,603.917821309129,0,"2944;2949;2954;2959",739
"HPC","AD_Stan_WCP","NicoStan_BridgeStan",10000,100,128,32,4,80,"b97502ef4c1796520d0acd01a82ea24d","NicoStan_BridgeStan_state_allocation_thread_setup_sampling_model_load_divergence_check","iteration_difference","main_scaling","two_run_difference",100,4,4.25368421052649,4.25052631578996,0.0693885709359878,0.194749999999999,4.39526315789491,0.141578947368418,0.0531710526315811,0.194000000000074,4.39289473684251,0.140789473684286,0.0531315789473745,0,FALSE,FALSE,7.52289037366957,601.831229893566,0,"2966;2968;2970;2972",743
"HPC","AD_Stan_WCP","NicoStan_BridgeStan",50000,1000,128,64,2,20,"3f8ed78629bdab9b833b52bd1450ea30","NicoStan_BridgeStan_state_allocation_thread_setup_sampling_model_load_divergence_check","iteration_difference","main_scaling","two_run_difference",50,4,8.51249999999936,7.91999999999916,1.54981988200879,1.8420000000001,9.92887499999949,1.41637500000013,0.425624999999968,1.8755000000001,9.39949999999931,1.47950000000014,0.395999999999958,0,FALSE,FALSE,7.51835535976561,150.367107195312,0,"3941;3942;3943;3944",986
"HPC","AD_Stan_WCP","NicoStan_BridgeStan",10000,100,96,24,4,80,"b97502ef4c1796520d0acd01a82ea24d","NicoStan_BridgeStan_state_allocation_thread_setup_sampling_model_load_divergence_check","iteration_difference","main_scaling","two_run_difference",100,4,3.19368421052619,3.19999999999948,0.0421753802140373,0.164750000000083,3.31851315789469,0.124828947368506,0.0399210526315773,0.162500000000023,3.32749999999962,0.122736842105287,0.0399999999999935,0,FALSE,FALSE,7.51483190507611,601.186552406089,0,"2961;2962;2963;2964",741
"HPC","AD_Stan_WCP","NicoStan_BridgeStan",10000,50,96,16,6,80,"b97502ef4c1796520d0acd01a82ea24d","NicoStan_BridgeStan_state_allocation_thread_setup_sampling_model_load_divergence_check","iteration_difference","main_scaling","two_run_difference",200,4,2.17949367088611,2.18177215189872,0.0383687013039706,0.143749999999983,2.29600000000002,0.116506329113907,0.0272436708860764,0.14749999999998,2.29199999999997,0.120132911392384,0.027272151898734,0,FALSE,FALSE,7.34115460564513,587.29236845161,0,"2843;2848;2853;2858",713
"HPC","AD_Stan_WCP","NicoStan_BridgeStan",500,4,32,16,2,800,"5fff1836d43ae39c037ca22d13a50ed5","NicoStan_BridgeStan_state_allocation_thread_setup_sampling_model_load_divergence_check","iteration_difference","main_scaling","two_run_difference",125,4,2.22202753441802,2.21476846057572,0.0989851664736413,0.0200000000000031,2.23925,0.0172224655819806,0.00277753441802252,0.0200000000000031,2.2325,0.0172102628285388,0.00276846057571965,0,FALSE,FALSE,7.20063084375353,5760.50467500282,0,"2081;2083;2085;2087",521
"HPC","MD_BayesMVP","BayesMVP_NicoStan",500,2,8,8,1,400,"5fff1836d43ae39c037ca22d13a50ed5","state_allocation_thread_setup_sampling_divergence_check","iteration_difference","main_scaling","two_run_difference",NA,4,1.11328320802005,1.11177944862156,0.00973687704884434,0.00599999999999845,1.1165,0.00321679197994832,0.00278320802005013,0.00600000000000023,1.115,0.00321303258145386,0.00277944862155389,0,FALSE,FALSE,7.18595227375056,2874.38090950022,0,"4748;4757;4766;4775",1217
"HPC","AD_Stan_WCP","NicoStan_BridgeStan",50000,500,96,48,2,20,"3f8ed78629bdab9b833b52bd1450ea30","NicoStan_BridgeStan_state_allocation_thread_setup_sampling_model_load_divergence_check","iteration_difference","main_scaling","two_run_difference",100,4,6.71250000000043,6.64000000000215,0.610266335298722,1.53300000000002,7.90987500000043,1.19737499999999,0.335625000000022,1.53949999999986,7.8475000000019,1.1982499999998,0.332000000000107,0,FALSE,FALSE,7.15083798882636,143.016759776527,0,"3837;3838;3839;3840",960
"HPC","AD_Stan_WCP","NicoStan_BridgeStan",50000,1000,180,45,4,20,"3f8ed78629bdab9b833b52bd1450ea30","NicoStan_BridgeStan_state_allocation_thread_setup_sampling_model_load_divergence_check","iteration_difference","main_scaling","two_run_difference",50,4,6.30999999999801,6.07749999999783,0.767322183527835,1.36275000000023,7.35724999999834,1.04725000000033,0.315499999999901,1.31800000000021,7.06812499999813,1.02725000000032,0.303874999999891,0,FALSE,FALSE,7.13153724247451,142.63074484949,0,"3933;3934;3935;3936",984
"HPC","MD_BayesMVP_WCP","BayesMVP_NicoStan",10000,25,96,48,2,200,"b97502ef4c1796520d0acd01a82ea24d","state_allocation_thread_setup_sampling_divergence_check","iteration_difference","main_scaling","two_run_difference",NA,4,6.78838383838385,6.73131313131335,0.15177418934249,0.0760000000000218,6.83044191919196,0.0420580808081026,0.0339419191919193,0.0715000000000146,6.76815656565671,0.0371818181818324,0.0336565656565667,0,FALSE,FALSE,7.07090246261437,1414.18049252287,0,"6093;6116;6139;6162",1566
"HPC","MD_BayesMVP_WCP","BayesMVP_NicoStan",500,2,96,48,2,2000,"5fff1836d43ae39c037ca22d13a50ed5","state_allocation_thread_setup_sampling_divergence_check","iteration_difference","main_scaling","two_run_difference",NA,4,6.85017508754378,6.847923961981,0.141261695248549,0.0212499999999962,6.868,0.0178249124562243,0.00342508754377189,0.0209999999999999,6.866,0.0176253126563218,0.0034239619809905,0,FALSE,FALSE,7.00712016650235,14014.2403330047,0,"5593;5600;5607;5614",1429
"HPC","MD_BayesMVP_WCP","BayesMVP_NicoStan",2500,8,128,16,8,400,"229e14792b0f4550a6f1e0887b422826","state_allocation_thread_setup_sampling_divergence_check","iteration_difference","main_scaling","two_run_difference",NA,4,2.3022556390979,2.32030075187965,0.109122856904898,0.0244999999998186,2.32099999999997,0.0187443609020738,0.00575563909774474,0.0244999999998754,2.34100000000001,0.0186904761903513,0.00580075187969913,0,FALSE,FALSE,6.94970607446068,2779.88242978427,0,"7096;7100;7104;7108",1804
"HPC","MD_BayesMVP_WCP","BayesMVP_NicoStan",10000,25,128,32,4,200,"b97502ef4c1796520d0acd01a82ea24d","state_allocation_thread_setup_sampling_divergence_check","iteration_difference","main_scaling","two_run_difference",NA,4,4.62727272727274,4.62626262626278,0.0422636048069373,0.0559999999999832,4.66013636363636,0.0328636363636194,0.0231363636363637,0.05600000000004,4.65913131313139,0.0328686868686124,0.0231313131313139,0,FALSE,FALSE,6.91552062868367,1383.10412573673,0,"6091;6114;6137;6160",1564
"HPC","AD_Stan","NicoStan_BridgeStan",2500,1,4,4,1,40,"229e14792b0f4550a6f1e0887b422826","NicoStan_BridgeStan_state_allocation_thread_setup_sampling_model_load_divergence_check","iteration_difference","main_scaling","two_run_difference",NA,4,0.58076923076965,0.580512820512823,0.0169437842757391,0.0455000000000867,0.611750000000495,0.0309807692308454,0.0145192307692412,0.0455000000001746,0.611500000000001,0.0309743589745127,0.0145128205128206,0,FALSE,FALSE,6.88741721853808,275.496688741523,0,"45;46;47;48",12
"HPC","AD_Stan_WCP","NicoStan_BridgeStan",50000,1000,128,32,4,20,"3f8ed78629bdab9b833b52bd1450ea30","NicoStan_BridgeStan_state_allocation_thread_setup_sampling_model_load_divergence_check","iteration_difference","main_scaling","two_run_difference",50,4,4.65624999999989,4.71000000000004,0.21390710600744,1.02125000000001,5.4446874999999,0.788437500000015,0.232812499999994,0.998499999999922,5.47299999999996,0.76299999999992,0.235500000000002,0,FALSE,FALSE,6.87248322147668,137.449664429534,0,"3926;3928;3930;3932",983
"HPC","AD_Stan_WCP","NicoStan_BridgeStan",50000,250,64,32,2,20,"3f8ed78629bdab9b833b52bd1450ea30","NicoStan_BridgeStan_state_allocation_thread_setup_sampling_model_load_divergence_check","iteration_difference","main_scaling","two_run_difference",200,4,4.71875000000011,4.71000000000004,0.142792098287383,1.053,5.53581250000011,0.817062499999992,0.235937500000006,1.05299999999988,5.53700000000003,0.819124999999815,0.235500000000002,0,FALSE,FALSE,6.78145695364222,135.629139072844,0,"3725;3727;3729;3731",932
"HPC","AD_Stan_WCP","NicoStan_BridgeStan",10000,50,64,16,4,80,"b97502ef4c1796520d0acd01a82ea24d","NicoStan_BridgeStan_state_allocation_thread_setup_sampling_model_load_divergence_check","iteration_difference","main_scaling","two_run_difference",200,4,2.3701265822785,2.37265822784812,0.0315986149540892,0.136999999999972,2.47749999999999,0.107373417721491,0.0296265822784813,0.137499999999989,2.48149999999998,0.108126582278469,0.0296582278481015,0,FALSE,FALSE,6.75069429609052,540.055543687242,0,"2842;2847;2852;2857",712
"HPC","MD_BayesMVP_WCP","BayesMVP_NicoStan",10000,25,64,32,2,200,"b97502ef4c1796520d0acd01a82ea24d","state_allocation_thread_setup_sampling_divergence_check","iteration_difference","main_scaling","two_run_difference",NA,4,4.83434343434361,4.75454545454556,0.228637131567542,0.0572500000000105,4.8674217171719,0.0330782828282924,0.024171717171718,0.0559999999999263,4.7857727272729,0.0325555555554805,0.0237727272727278,0,FALSE,FALSE,6.6193063100708,1323.86126201416,0,"6090;6113;6136;6159",1563
"HPC","AD_Stan_WCP","NicoStan_BridgeStan",2500,10,32,16,2,200,"229e14792b0f4550a6f1e0887b422826","NicoStan_BridgeStan_state_allocation_thread_setup_sampling_model_load_divergence_check","iteration_difference","main_scaling","two_run_difference",250,4,2.43492462311557,2.44120603015074,0.105533620313809,0.058250000000001,2.48099999999999,0.0460753768844232,0.0121746231155779,0.0579999999999927,2.48699999999998,0.045793969849239,0.0122060301507537,0,FALSE,FALSE,6.57104529976268,1314.20905995254,0,"2261;2265;2269;2273",566
"HPC","Mplus_standard","mplus",500,1,180,180,1,2000,"5fff1836d43ae39c037ca22d13a50ed5","Mplus_input_write_engine_run_output_validation_BITERATIONS","overhead_subtraction","main_scaling","two_run_difference",NA,3,27.4456666666667,26.821,1.54575558654444,0.569333333333333,28.015,0.569333333333333,0.0137228333333333,0.558000000000021,27.436,0.558000000000021,0.0134105,0,FALSE,FALSE,6.55841237839611,13116.8247567922,NA,"4625;4626;4627",1177
"HPC","AD_Stan_WCP","NicoStan_BridgeStan",10000,50,64,32,2,80,"b97502ef4c1796520d0acd01a82ea24d","NicoStan_BridgeStan_state_allocation_thread_setup_sampling_model_load_divergence_check","iteration_difference","main_scaling","two_run_difference",200,4,4.91894736842129,4.89894736842105,0.0838148599470143,0.186249999999916,5.04371052631594,0.12476315789465,0.0614868421052662,0.184499999999957,5.02571052631566,0.122763157894688,0.0612368421052631,0,FALSE,FALSE,6.50545687994832,520.436550395866,0,"2865;2867;2869;2871",717
"HPC","MD_BayesMVP","BayesMVP_NicoStan",50000,100,96,96,1,50,"3f8ed78629bdab9b833b52bd1450ea30","state_allocation_thread_setup_sampling_divergence_check","iteration_difference","main_scaling","two_run_difference",NA,4,14.7721938775513,15.1561224489799,1.07200968206181,0.762249999999881,15.2390000000001,0.466806122448855,0.295443877551026,0.819999999999936,15.5575000000001,0.532234693877483,0.303122448979598,0,FALSE,FALSE,6.49869618526246,324.934809263123,0,"5452;5461;5470;5479",1396
"HPC","AD_Stan","NicoStan_BridgeStan",10000,1,8,8,1,20,"b97502ef4c1796520d0acd01a82ea24d","NicoStan_BridgeStan_state_allocation_thread_setup_sampling_model_load_divergence_check","iteration_difference","main_scaling","two_run_difference",NA,4,1.2344736842107,1.23368421052656,0.0415611776373215,0.17200000000007,1.34475000000024,0.110276315789535,0.0617236842105351,0.162500000000076,1.35450000000031,0.0997631578948005,0.061684210526328,0,FALSE,FALSE,6.48049456405791,129.609891281158,0,"85;86;87;88",22
"HPC","AD_Stan_WCP","NicoStan_BridgeStan",50000,500,176,16,11,20,"3f8ed78629bdab9b833b52bd1450ea30","NicoStan_BridgeStan_state_allocation_thread_setup_sampling_model_load_divergence_check","iteration_difference","main_scaling","two_run_difference",100,4,2.4876315789473,2.48157894736838,0.0479409840337483,0.59925000000004,2.96249999999998,0.474868421052675,0.124381578947365,0.601999999999975,2.96550000000002,0.477921052631557,0.124078947368419,0,FALSE,FALSE,6.43182058605751,128.63641172115,0,"3805;3810;3815;3820",955
"HPC","AD_Stan_chunked","NicoStan_BridgeStan",500,2,4,4,1,200,"5fff1836d43ae39c037ca22d13a50ed5","NicoStan_BridgeStan_state_allocation_thread_setup_sampling_model_load_divergence_check","iteration_difference","main_scaling","two_run_difference",250,4,0.626381909547022,0.6286432160803,0.00792951449274611,0.0155000000003631,0.63874999999965,0.012368090452628,0.00313190954773511,0.0125000000007276,0.639499999999403,0.00939447236254381,0.0031432160804015,0,FALSE,FALSE,6.38588046531015,1277.17609306203,0,"153;154;155;156",39
"HPC","AD_Stan_WCP","NicoStan_BridgeStan",500,10,32,8,4,800,"5fff1836d43ae39c037ca22d13a50ed5","NicoStan_BridgeStan_state_allocation_thread_setup_sampling_model_load_divergence_check","iteration_difference","main_scaling","two_run_difference",50,4,1.26107634543179,1.26057571964957,0.00580956034560649,0.0129999999999999,1.2725,0.0114236545682102,0.00157634543178974,0.0124999999999993,1.2715,0.0109242803504373,0.00157571964956196,0,FALSE,FALSE,6.34378721714966,5075.02977371973,0,"2130;2133;2136;2139",534
"HPC","MD_BayesMVP","BayesMVP_NicoStan",50000,100,64,64,1,50,"3f8ed78629bdab9b833b52bd1450ea30","state_allocation_thread_setup_sampling_divergence_check","iteration_difference","main_scaling","two_run_difference",NA,4,10.1420918367345,9.79540816326511,1.02270706174276,0.532249999999976,10.4714999999998,0.329408163265287,0.20284183673469,0.514999999999873,10.1649999999995,0.305224489795796,0.195908163265302,0,FALSE,FALSE,6.31033528686786,315.516764343393,0,"5451;5460;5469;5478",1395
"HPC","AD_Stan_WCP","NicoStan_BridgeStan",50000,500,128,16,8,20,"3f8ed78629bdab9b833b52bd1450ea30","NicoStan_BridgeStan_state_allocation_thread_setup_sampling_model_load_divergence_check","iteration_difference","main_scaling","two_run_difference",100,4,2.54368421052636,2.56052631578948,0.0554508092254881,0.58824999999996,3.00475,0.461065789473642,0.127184210526318,0.58949999999993,2.99000000000001,0.463157894736768,0.128026315789474,0,FALSE,FALSE,6.29008897165311,125.801779433062,0,"3804;3809;3814;3819",954
"HPC","AD_Stan_WCP","NicoStan_BridgeStan",10000,50,96,8,12,80,"b97502ef4c1796520d0acd01a82ea24d","NicoStan_BridgeStan_state_allocation_thread_setup_sampling_model_load_divergence_check","iteration_difference","main_scaling","two_run_difference",200,4,1.27721518987346,1.26582278481018,0.0346024491589134,0.127749999999992,1.38900000000004,0.111784810126574,0.0159651898734183,0.127999999999986,1.37850000000003,0.112253164556948,0.0158227848101273,0,FALSE,FALSE,6.26362735381543,501.090188305234,0,"2820;2826;2832;2838",708
"HPC","AD_Stan_WCP","NicoStan_BridgeStan",2500,10,32,8,4,200,"229e14792b0f4550a6f1e0887b422826","NicoStan_BridgeStan_state_allocation_thread_setup_sampling_model_load_divergence_check","iteration_difference","main_scaling","two_run_difference",250,4,1.28341708542713,1.28844221105527,0.0121714587099239,0.0495000000000019,1.3265,0.0430829145728662,0.00641708542713565,0.0480000000000018,1.32799999999999,0.0415577889447254,0.00644221105527636,0,FALSE,FALSE,6.23335943617857,1246.67188723571,0,"2250;2253;2256;2259",564
"HPC","AD_Stan_WCP","NicoStan_BridgeStan",50000,250,96,16,6,20,"3f8ed78629bdab9b833b52bd1450ea30","NicoStan_BridgeStan_state_allocation_thread_setup_sampling_model_load_divergence_check","iteration_difference","main_scaling","two_run_difference",200,4,2.58157894736847,2.59105263157895,0.0708659014802771,0.59174999999999,3.04425000000003,0.462671052631567,0.129078947368423,0.593999999999937,3.04750000000001,0.46421052631572,0.129552631578947,0,FALSE,FALSE,6.19775739041783,123.955147808357,0,"3703;3708;3713;3718",928
"HPC","MD_BayesMVP_WCP","BayesMVP_NicoStan",2500,4,32,16,2,400,"229e14792b0f4550a6f1e0887b422826","state_allocation_thread_setup_sampling_divergence_check","iteration_difference","main_scaling","two_run_difference",NA,4,2.58746867167926,2.58796992481198,0.122045273635143,0.0272499999999667,2.60825000000003,0.0207813283207685,0.00646867167919815,0.0235000000000696,2.61350000000002,0.0170075187970622,0.00646992481202995,0,FALSE,FALSE,6.18364974815948,2473.45989926379,0,"5769;5782;5795;5808",1473
"HPC","AD_Stan_tape_chunked","NicoStan_BridgeStan",2500,4,4,4,1,40,"229e14792b0f4550a6f1e0887b422826","NicoStan_BridgeStan_state_allocation_thread_setup_sampling_model_load_divergence_check","iteration_difference","main_scaling","two_run_difference",625,4,0.656666666666672,0.65692307692308,0.00175161551555063,0.0434999999999981,0.683750000000003,0.0270833333333313,0.0164166666666668,0.0429999999999993,0.684000000000005,0.0265641025641017,0.016423076923077,0,FALSE,FALSE,6.09137055837558,243.654822335023,0,"1205;1206;1207;1208",302
"HPC","AD_Stan_WCP","NicoStan_BridgeStan",10000,100,64,8,8,80,"b97502ef4c1796520d0acd01a82ea24d","NicoStan_BridgeStan_state_allocation_thread_setup_sampling_model_load_divergence_check","iteration_difference","main_scaling","two_run_difference",100,4,1.32582278481015,1.3225316455696,0.0335593469971233,0.124249999999961,1.43349999999998,0.107677215189834,0.0165727848101268,0.124499999999955,1.42899999999997,0.108094936708816,0.01653164556962,0,FALSE,FALSE,6.03398892495694,482.719113996556,0,"2919;2925;2931;2937",732
"HPC","AD_Stan_WCP","NicoStan_BridgeStan",10000,50,128,8,16,80,"b97502ef4c1796520d0acd01a82ea24d","NicoStan_BridgeStan_state_allocation_thread_setup_sampling_model_load_divergence_check","iteration_difference","main_scaling","two_run_difference",200,4,1.3372151898734,1.30835443037972,0.0804558927009236,0.120249999999999,1.44074999999998,0.103534810126581,0.0167151898734175,0.121500000000026,1.40949999999998,0.104291139240533,0.0163544303797465,0,FALSE,FALSE,5.98258235516858,478.606588413487,0,"2821;2827;2833;2839",709
"HPC","MD_BayesMVP_WCP","BayesMVP_NicoStan",10000,25,96,24,4,200,"b97502ef4c1796520d0acd01a82ea24d","state_allocation_thread_setup_sampling_divergence_check","iteration_difference","main_scaling","two_run_difference",NA,4,4.04343434343416,4.08080808080804,0.204865485185734,0.0457499999999982,4.06896717171698,0.0255328282828274,0.0202171717171708,0.0464999999999236,4.10690404040393,0.0260959595958834,0.0204040404040402,0,FALSE,FALSE,5.93554833874621,1187.10966774924,0,"6089;6112;6135;6158",1562
"HPC","AD_Stan_tape_chunked","NicoStan_BridgeStan",10000,10,8,8,1,20,"b97502ef4c1796520d0acd01a82ea24d","NicoStan_BridgeStan_state_allocation_thread_setup_sampling_model_load_divergence_check","iteration_difference","main_scaling","two_run_difference",1000,4,1.35315789473684,1.3578947368421,0.0205285648790029,0.149249999999995,1.43474999999999,0.0815921052631529,0.0676578947368421,0.148500000000013,1.43849999999998,0.0806052631578795,0.0678947368421048,0,FALSE,FALSE,5.9120964605212,118.241929210424,0,"1473;1474;1475;1476",369
"HPC","MD_BayesMVP_WCP","BayesMVP_NicoStan",500,2,64,32,2,2000,"5fff1836d43ae39c037ca22d13a50ed5","state_allocation_thread_setup_sampling_divergence_check","iteration_difference","main_scaling","two_run_difference",NA,4,5.42271135567784,5.2656328164082,0.414070136427427,0.0154999999999992,5.4355,0.0127886443221603,0.00271135567783892,0.0150000000000006,5.278,0.0123671835917965,0.0026328164082041,0,FALSE,FALSE,5.90110701107011,11802.2140221402,0,"5592;5599;5606;5613",1428
"HPC","AD_Stan_tape_chunked","NicoStan_BridgeStan",500,2,4,4,1,200,"5fff1836d43ae39c037ca22d13a50ed5","NicoStan_BridgeStan_state_allocation_thread_setup_sampling_model_load_divergence_check","iteration_difference","main_scaling","two_run_difference",250,4,0.68643216080402,0.686934673366835,0.00357691063719608,0.0124999999999997,0.6955,0.00906783919597963,0.0034321608040201,0.0109999999999992,0.694,0.00758291457286355,0.00343467336683417,0,FALSE,FALSE,5.82723279648609,1165.44655929722,0,"1089;1090;1091;1092",273
"Laptop","MD_BayesMVP","BayesMVP_NicoStan",2500,10,16,16,1,80,"7184208393ceb4c8ae3e26f0d1660bdb","state_allocation_thread_setup_sampling_divergence_check","iteration_difference","main_scaling","two_run_difference",NA,4,2.77974683544302,2.78227848101266,0.0491182737644837,0.0527499999999996,2.79774999999999,0.0180031645569618,0.0347468354430378,0.0494999999999948,2.806,0.0144810126582229,0.0347784810126583,0,FALSE,FALSE,5.75591985428054,460.473588342443,0,"9201;9206;9211;9216",2331
"Laptop","AD_Stan_tape_chunked","NicoStan_BridgeStan",2500,50,16,16,1,40,"7184208393ceb4c8ae3e26f0d1660bdb","NicoStan_BridgeStan_state_allocation_thread_setup_sampling_model_load_divergence_check","iteration_difference","main_scaling","two_run_difference",50,4,2.807692307693,2.80717948717782,0.0494758855213217,0.15325000000017,2.89075000000084,0.0830576923078455,0.0701923076923249,0.153500000000349,2.89300000000122,0.0825897435900585,0.0701794871794455,0,FALSE,FALSE,5.6986301369849,227.945205479396,0,"8001;8002;8003;8004",2028
"HPC","MD_BayesMVP_WCP","BayesMVP_NicoStan",500,4,180,45,4,2000,"5fff1836d43ae39c037ca22d13a50ed5","state_allocation_thread_setup_sampling_divergence_check","iteration_difference","main_scaling","two_run_difference",NA,4,7.92146073036517,7.92496248124058,0.0468529043480404,0.0310000000000059,7.9485,0.0270392696348233,0.00396073036518259,0.0310000000000201,7.95199999999998,0.0270375187593998,0.00396248124062029,0,FALSE,FALSE,5.6807704452163,11361.5408904326,0,"5626;5639;5652;5665",1441
"HPC","AD_Stan_WCP","NicoStan_BridgeStan",50000,250,64,16,4,20,"3f8ed78629bdab9b833b52bd1450ea30","NicoStan_BridgeStan_state_allocation_thread_setup_sampling_model_load_divergence_check","iteration_difference","main_scaling","two_run_difference",200,4,2.81710526315794,2.82789473684213,0.0353154887952917,0.598749999999995,3.27500000000003,0.457894736842099,0.140855263157897,0.601499999999987,3.25900000000001,0.461947368421037,0.141394736842107,0,FALSE,FALSE,5.67958897711342,113.591779542268,0,"3702;3707;3712;3717",927
"HPC","AD_Stan_WCP","NicoStan_BridgeStan",10000,100,176,8,22,80,"b97502ef4c1796520d0acd01a82ea24d","NicoStan_BridgeStan_state_allocation_thread_setup_sampling_model_load_divergence_check","iteration_difference","main_scaling","two_run_difference",100,4,1.41265822784808,1.41265822784814,0.00584658500445989,0.121999999999986,1.51699999999997,0.104341772151885,0.017658227848101,0.122500000000002,1.51349999999996,0.104892405063294,0.0176582278481018,0,FALSE,FALSE,5.66308243727606,453.046594982085,0,"2922;2928;2934;2940",735
"HPC","MD_BayesMVP","BayesMVP_NicoStan",10000,10,16,16,1,80,"b97502ef4c1796520d0acd01a82ea24d","state_allocation_thread_setup_sampling_divergence_check","iteration_difference","main_scaling","two_run_difference",NA,4,2.85037974683548,2.88405063291143,0.0858328659923898,0.0572499999999962,2.87200000000003,0.0216202531645528,0.0356297468354434,0.0519999999999925,2.91150000000005,0.0159367088607179,0.0360506329113929,0,FALSE,FALSE,5.61328714805927,449.062971844741,0,"5125;5134;5143;5152",1312
"HPC","AD_Stan_chunked","NicoStan_BridgeStan",2500,4,4,4,1,40,"229e14792b0f4550a6f1e0887b422826","NicoStan_BridgeStan_state_allocation_thread_setup_sampling_model_load_divergence_check","iteration_difference","main_scaling","two_run_difference",625,4,0.721025641024573,0.721538461536973,0.00549141142038658,0.0472499999999307,0.750249999998889,0.0292243589743164,0.0180256410256143,0.043999999999869,0.747999999997774,0.0259487179486407,0.0180384615384243,0,FALSE,FALSE,5.54765291608219,221.906116643288,0,"261;262;263;264",66
"HPC","AD_Stan_WCP","NicoStan_BridgeStan",50000,250,96,8,12,20,"3f8ed78629bdab9b833b52bd1450ea30","NicoStan_BridgeStan_state_allocation_thread_setup_sampling_model_load_divergence_check","iteration_difference","main_scaling","two_run_difference",200,4,1.45078947368425,1.44894736842102,0.0280136492257901,0.461250000000007,1.83950000000004,0.388710526315794,0.0725394736842125,0.458999999999946,1.84700000000009,0.385263157894674,0.0724473684210508,0,FALSE,FALSE,5.5142390712859,110.284781425718,0,"3680;3686;3692;3698",923
"HPC","AD_Stan_chunked","NicoStan_BridgeStan",10000,4,8,8,1,20,"b97502ef4c1796520d0acd01a82ea24d","NicoStan_BridgeStan_state_allocation_thread_setup_sampling_model_load_divergence_check","iteration_difference","main_scaling","two_run_difference",2500,4,1.46052631578939,1.46157894736834,0.0133840218405098,0.174749999999968,1.56224999999989,0.101723684210498,0.0730263157894693,0.151499999999942,1.54349999999977,0.0782368421052141,0.073078947368417,0,FALSE,FALSE,5.4774774774778,109.549549549556,0,"481;482;483;484",121
"HPC","AD_Stan_WCP","NicoStan_BridgeStan",50000,500,128,8,16,20,"3f8ed78629bdab9b833b52bd1450ea30","NicoStan_BridgeStan_state_allocation_thread_setup_sampling_model_load_divergence_check","iteration_difference","main_scaling","two_run_difference",100,4,1.47210526315791,1.47473684210521,0.0613934828906887,0.473750000000052,1.87225000000007,0.400144736842157,0.0736052631578954,0.475999999999999,1.87150000000008,0.403026315789463,0.0737368421052607,0,FALSE,FALSE,5.43439399356448,108.68787987129,0,"3781;3787;3793;3799",949
"Laptop","AD_Stan_tape_chunked","NicoStan_BridgeStan",500,10,16,16,1,200,"257aba3ac8b8727679d269bf8597bb85","NicoStan_BridgeStan_state_allocation_thread_setup_sampling_model_load_divergence_check","iteration_difference","main_scaling","two_run_difference",50,4,2.9444723618072,2.94472361809051,0.0337881316088841,0.0352499999981077,2.96499999999627,0.0205276381890717,0.014722361809036,0.0354999999963894,2.96599999999645,0.0206407035139771,0.0147236180904525,0,FALSE,FALSE,5.43391074324088,1086.78214864818,0,"7917;7918;7919;7920",2007
"HPC","MD_BayesMVP_WCP","BayesMVP_NicoStan",10000,25,64,16,4,200,"b97502ef4c1796520d0acd01a82ea24d","state_allocation_thread_setup_sampling_divergence_check","iteration_difference","main_scaling","two_run_difference",NA,4,2.96984924623111,3.00100502512542,0.115103534623711,0.047499999999971,3.00249999999993,0.0326507537688155,0.0148492462311556,0.0464999999999236,3.03700000000003,0.0320653266330897,0.0150050251256271,0,FALSE,FALSE,5.38747884940786,1077.49576988157,0,"6085;6108;6131;6154",1558
"HPC","AD_Stan_WCP","NicoStan_BridgeStan",50000,250,64,8,8,20,"3f8ed78629bdab9b833b52bd1450ea30","NicoStan_BridgeStan_state_allocation_thread_setup_sampling_model_load_divergence_check","iteration_difference","main_scaling","two_run_difference",200,4,1.49473684210534,1.49210526315803,0.0351122721112631,0.458249999999964,1.87825000000004,0.383513157894697,0.074736842105267,0.460500000000025,1.87850000000003,0.385552631578973,0.0746052631579017,0,FALSE,FALSE,5.35211267605606,107.042253521121,0,"3679;3685;3691;3697",922
"HPC","AD_Stan_WCP","NicoStan_BridgeStan",50000,500,176,8,22,20,"3f8ed78629bdab9b833b52bd1450ea30","NicoStan_BridgeStan_state_allocation_thread_setup_sampling_model_load_divergence_check","iteration_difference","main_scaling","two_run_difference",100,4,1.51421052631582,1.51210526315804,0.0366712831811291,0.46225000000004,1.90075000000007,0.386539473684249,0.0757105263157912,0.462999999999965,1.8995000000001,0.387394736842063,0.075605263157902,0,FALSE,FALSE,5.28328119568983,105.665623913797,0,"3782;3788;3794;3800",950
"HPC","AD_Stan_chunked","NicoStan_BridgeStan",50000,1000,180,180,1,10,"3f8ed78629bdab9b833b52bd1450ea30","NicoStan_BridgeStan_state_allocation_thread_setup_sampling_model_load_divergence_check","iteration_difference","main_scaling","two_run_difference",50,4,34.6672222222223,34.6438888888888,0.185624294209652,15.8927499999999,47.09325,12.4260277777776,3.46672222222223,16.0405,47.15,12.5838888888888,3.46438888888888,0,FALSE,FALSE,5.19222448358198,51.9222448358198,0,"1005;1006;1007;1008",252
"HPC","MD_BayesMVP_WCP","BayesMVP_NicoStan",500,4,128,32,4,2000,"5fff1836d43ae39c037ca22d13a50ed5","state_allocation_thread_setup_sampling_divergence_check","iteration_difference","main_scaling","two_run_difference",NA,4,6.19884942471238,6.19759879939973,0.132147803650217,0.0147499999999994,6.21050000000002,0.0116505752876432,0.00309942471235619,0.0145000000000124,6.20950000000003,0.0113999499749857,0.00309879939969987,0,FALSE,FALSE,5.16224831537745,10324.4966307549,0,"5625;5638;5651;5664",1440
"HPC","AD_Stan_WCP","NicoStan_BridgeStan",2500,10,32,4,8,200,"229e14792b0f4550a6f1e0887b422826","NicoStan_BridgeStan_state_allocation_thread_setup_sampling_model_load_divergence_check","iteration_difference","main_scaling","two_run_difference",250,4,0.787688442211057,0.786432160804019,0.00958293784950924,0.0382499999999979,0.821999999999999,0.0343115577889426,0.00393844221105528,0.0380000000000038,0.822500000000005,0.0340804020100541,0.00393216080402009,0,FALSE,FALSE,5.07814992025517,1015.62998405103,0,"2239;2242;2245;2248",562
"HPC","MD_BayesMVP_WCP","BayesMVP_NicoStan",10000,25,128,16,8,200,"b97502ef4c1796520d0acd01a82ea24d","state_allocation_thread_setup_sampling_divergence_check","iteration_difference","main_scaling","two_run_difference",NA,4,3.1517587939698,3.22412060301507,0.176899649108673,0.0482499999999106,3.18424999999986,0.0324912060300616,0.015758793969849,0.0459999999999923,3.25249999999994,0.0297688442210978,0.0161206030150754,0,FALSE,FALSE,5.07653061224497,1015.30612244899,0,"6087;6110;6133;6156",1560
"HPC","AD_Stan_chunked","NicoStan_BridgeStan",50000,100,64,64,1,10,"3f8ed78629bdab9b833b52bd1450ea30","NicoStan_BridgeStan_state_allocation_thread_setup_sampling_model_load_divergence_check","iteration_difference","main_scaling","two_run_difference",500,4,12.6575,12.4711111111114,0.68809175804524,3.17899999999969,14.5707499999997,1.91324999999969,1.26575,2.32649999999967,13.5164999999994,1.08316666666637,1.24711111111114,0,FALSE,FALSE,5.05629073671736,50.5629073671736,0,"889;890;891;892",223
"HPC","AD_Stan_chunked","NicoStan_BridgeStan",50000,50,32,32,1,10,"3f8ed78629bdab9b833b52bd1450ea30","NicoStan_BridgeStan_state_allocation_thread_setup_sampling_model_load_divergence_check","iteration_difference","main_scaling","two_run_difference",1000,4,6.35777777777769,6.26499999999965,0.376285724552357,1.89624999999975,7.61824999999968,1.26047222222198,0.635777777777769,1.15799999999945,6.7914999999993,0.540499999999459,0.626499999999965,0,FALSE,FALSE,5.0332051730165,50.332051730165,0,"849;850;851;852",213
"HPC","MD_BayesMVP_WCP","BayesMVP_NicoStan",10000,50,96,16,6,200,"b97502ef4c1796520d0acd01a82ea24d","state_allocation_thread_setup_sampling_divergence_check","iteration_difference","main_scaling","two_run_difference",NA,4,3.20804020100494,3.13869346733653,0.196387498656107,0.0397499999999074,3.23174999999983,0.0237097989948826,0.0160402010050247,0.0374999999999837,3.16499999999968,0.0216256281405115,0.0156934673366827,0,FALSE,FALSE,4.98746867167933,997.493734335865,0,"6180;6205;6230;6255",1584
"HPC","AD_Stan_chunked","NicoStan_BridgeStan",50000,50,96,96,1,10,"3f8ed78629bdab9b833b52bd1450ea30","NicoStan_BridgeStan_state_allocation_thread_setup_sampling_model_load_divergence_check","iteration_difference","main_scaling","two_run_difference",1000,4,19.3108333333335,18.9544444444447,0.86372357594172,4.97374999999977,22.3534999999999,3.04266666666642,1.93108333333335,3.70599999999911,20.6304999999992,1.82549999999909,1.89544444444447,0,FALSE,FALSE,4.97130280930389,49.7130280930389,0,"857;858;859;860",215
"HPC","MD_BayesMVP_WCP","BayesMVP_NicoStan",10000,25,176,16,11,200,"b97502ef4c1796520d0acd01a82ea24d","state_allocation_thread_setup_sampling_divergence_check","iteration_difference","main_scaling","two_run_difference",NA,4,3.23944723618087,3.25979899497463,0.109823619545439,0.0652499999999776,3.28849999999994,0.0490527638190733,0.0161972361809043,0.0655000000000996,3.30899999999986,0.0492010050252264,0.0162989949748731,0,FALSE,FALSE,4.93911424804163,987.822849608325,0,"6088;6111;6134;6157",1561
"HPC","Mplus_standard","mplus",2500,1,96,96,1,400,"229e14792b0f4550a6f1e0887b422826","Mplus_input_write_engine_run_output_validation_BITERATIONS","overhead_subtraction","main_scaling","two_run_difference",NA,3,19.518,19.1030000000001,1.40233697804765,0.77666666666668,20.2946666666667,0.77666666666668,0.048795,0.774999999999977,19.878,0.774999999999977,0.0477575000000002,0,FALSE,FALSE,4.91853673532124,1967.4146941285,NA,"4649;4650;4651",1185
"HPC","MD_BayesMVP","BayesMVP_NicoStan",2500,2,4,4,1,80,"229e14792b0f4550a6f1e0887b422826","state_allocation_thread_setup_sampling_divergence_check","iteration_difference","main_scaling","two_run_difference",NA,4,0.814683544303795,0.806582278481007,0.0392592850126229,0.0177499999999995,0.822249999999997,0.00756645569620205,0.0101835443037974,0.0179999999999936,0.814,0.00748101265822139,0.0100822784810126,0,FALSE,FALSE,4.90988191423246,392.790553138597,0,"4899;4908;4917;4926",1254
"Laptop","MD_BayesMVP","BayesMVP_NicoStan",2500,4,8,8,1,80,"7184208393ceb4c8ae3e26f0d1660bdb","state_allocation_thread_setup_sampling_divergence_check","iteration_difference","main_scaling","two_run_difference",NA,4,1.64556962025316,1.61012658227847,0.08133270116373,0.0425000000000004,1.6675,0.0219303797468359,0.0205696202531645,0.0380000000000038,1.6375,0.0179746835443076,0.0201265822784809,0,FALSE,FALSE,4.86153846153847,388.923076923078,0,"9180;9185;9190;9195",2325
"HPC","MD_BayesMVP_WCP","BayesMVP_NicoStan",2500,8,64,8,8,400,"229e14792b0f4550a6f1e0887b422826","state_allocation_thread_setup_sampling_divergence_check","iteration_difference","main_scaling","two_run_difference",NA,4,1.66466165413572,1.68370927318332,0.213296804053429,0.0177499999996371,1.67825000000002,0.0135883458642978,0.0041616541353393,0.0179999999995744,1.69749999999993,0.0137907268166161,0.00420927318295829,0,FALSE,FALSE,4.80578139114614,1922.31255645845,0,"7094;7098;7102;7106",1802
"Laptop","AD_Stan_tape_chunked","NicoStan_BridgeStan",2500,25,8,8,1,40,"7184208393ceb4c8ae3e26f0d1660bdb","NicoStan_BridgeStan_state_allocation_thread_setup_sampling_model_load_divergence_check","iteration_difference","main_scaling","two_run_difference",100,4,1.70025641025588,1.70717948717841,0.0283662839674768,0.100500000001539,1.75825000000102,0.0579935897451416,0.042506410256397,0.101500000001394,1.76000000000204,0.0595384615398317,0.0426794871794603,0,FALSE,FALSE,4.70517267380633,188.206906952253,0,"7977;7978;7979;7980",2022
"HPC","MD_BayesMVP_WCP","BayesMVP_NicoStan",2500,4,32,8,4,400,"229e14792b0f4550a6f1e0887b422826","state_allocation_thread_setup_sampling_divergence_check","iteration_difference","main_scaling","two_run_difference",NA,4,1.7245614035088,1.74235588972419,0.0422115458533047,0.0200000000000884,1.74025000000012,0.0156885964913164,0.00431140350877201,0.0165000000001783,1.75450000000015,0.0122531328322583,0.00435588972431047,0,FALSE,FALSE,4.63886063072219,1855.54425228888,0,"5768;5781;5794;5807",1472
"HPC","AD_Stan_WCP","NicoStan_BridgeStan",500,10,32,4,8,800,"5fff1836d43ae39c037ca22d13a50ed5","NicoStan_BridgeStan_state_allocation_thread_setup_sampling_model_load_divergence_check","iteration_difference","main_scaling","two_run_difference",50,4,0.874092615769713,0.87459324155194,0.00970749408243779,0.00900000000000034,0.882000000000001,0.0079073842302882,0.00109261576971214,0.00850000000000151,0.882000000000001,0.00740675844806158,0.00109324155193992,0,FALSE,FALSE,4.57617411225658,3660.93928980526,0,"2119;2122;2125;2128",532
"HPC","AD_Stan","NicoStan_BridgeStan",50000,1,32,32,1,10,"3f8ed78629bdab9b833b52bd1450ea30","NicoStan_BridgeStan_state_allocation_thread_setup_sampling_model_load_divergence_check","iteration_difference","main_scaling","two_run_difference",NA,4,7.28055555555567,7.25277777777786,0.718930675984984,1.8249999999999,8.3775,1.09694444444433,0.728055555555567,1.53349999999998,8.01999999999988,0.816111111111068,0.725277777777786,0,FALSE,FALSE,4.39526898130478,43.9526898130478,0,"129;130;131;132",33
"HPC","AD_Stan_WCP","NicoStan_BridgeStan",10000,25,32,16,2,80,"b97502ef4c1796520d0acd01a82ea24d","NicoStan_BridgeStan_state_allocation_thread_setup_sampling_model_load_divergence_check","iteration_difference","main_scaling","two_run_difference",400,4,3.64708860759494,3.64506329113925,0.0930195165248642,0.140500000000003,3.742,0.0949113924050662,0.0455886075949367,0.138499999999993,3.74250000000001,0.0927151898734109,0.0455632911392406,0,FALSE,FALSE,4.38706094682771,350.964875746217,0,"2741;2746;2751;2756",686
"HPC","AD_Stan_WCP","NicoStan_BridgeStan",50000,250,96,4,24,20,"3f8ed78629bdab9b833b52bd1450ea30","NicoStan_BridgeStan_state_allocation_thread_setup_sampling_model_load_divergence_check","iteration_difference","main_scaling","two_run_difference",200,4,0.913947368421041,0.926315789473679,0.103134171994941,0.412000000000035,1.28025000000002,0.366302631578982,0.0456973684210521,0.415000000000077,1.28899999999999,0.369921052631657,0.046315789473684,0,FALSE,FALSE,4.37661963720132,87.5323927440264,0,"3653;3660;3667;3674",917
"HPC","AD_Stan_WCP","NicoStan_BridgeStan",10000,25,32,8,4,80,"b97502ef4c1796520d0acd01a82ea24d","NicoStan_BridgeStan_state_allocation_thread_setup_sampling_model_load_divergence_check","iteration_difference","main_scaling","two_run_difference",400,4,1.83544303797467,1.84050632911392,0.0192582640683254,0.121000000000009,1.9335,0.098056962025326,0.0229430379746834,0.115999999999985,1.93349999999998,0.0929936708860614,0.023006329113924,0,FALSE,FALSE,4.35862068965521,348.689655172417,0,"2718;2724;2730;2736",681
"HPC","AD_Stan","NicoStan_BridgeStan",50000,1,64,64,1,10,"3f8ed78629bdab9b833b52bd1450ea30","NicoStan_BridgeStan_state_allocation_thread_setup_sampling_model_load_divergence_check","iteration_difference","main_scaling","two_run_difference",NA,4,14.7391666666668,14.7744444444444,0.484228948842225,3.32024999999989,16.5855,1.84633333333321,1.47391666666668,2.72449999999984,16.1304999999998,1.26533333333325,1.47744444444444,0,FALSE,FALSE,4.34217221688241,43.4217221688241,0,"133;134;135;136",34
"HPC","AD_Stan_WCP","NicoStan_BridgeStan",50000,250,128,4,32,20,"3f8ed78629bdab9b833b52bd1450ea30","NicoStan_BridgeStan_state_allocation_thread_setup_sampling_model_load_divergence_check","iteration_difference","main_scaling","two_run_difference",200,4,0.928947368421105,0.959473684210575,0.0838346876158016,0.413249999999948,1.29575,0.366802631578893,0.0464473684210553,0.414999999999964,1.32050000000004,0.366210526315752,0.0479736842105288,0,FALSE,FALSE,4.30594900849834,86.1189801699668,0,"3654;3661;3668;3675",918
"Laptop","AD_Stan_tape_chunked","NicoStan_BridgeStan",500,4,8,8,1,200,"257aba3ac8b8727679d269bf8597bb85","NicoStan_BridgeStan_state_allocation_thread_setup_sampling_model_load_divergence_check","iteration_difference","main_scaling","two_run_difference",125,4,1.86005025125628,1.86482412059915,0.0297276284340499,0.0247499999988063,1.87549999999881,0.0154497487425249,0.00930025125628141,0.0239999999976135,1.88099999999668,0.0147236180875224,0.00932412060299577,0,FALSE,FALSE,4.30095907064703,860.191814129407,0,"7893;7894;7895;7896",2001
"HPC","MD_BayesMVP_WCP","BayesMVP_NicoStan",500,4,96,24,4,2000,"5fff1836d43ae39c037ca22d13a50ed5","state_allocation_thread_setup_sampling_divergence_check","iteration_difference","main_scaling","two_run_difference",NA,4,5.58304152076039,5.46973486743371,0.318143741312449,0.0132499999999851,5.59349999999999,0.0104584792396049,0.00279152076038019,0.012999999999991,5.47999999999999,0.0102651325662742,0.00273486743371686,0,FALSE,FALSE,4.298732135657,8597.464271314,0,"5623;5636;5649;5662",1438
"Laptop","MD_BayesMVP","BayesMVP_NicoStan",500,1,16,16,1,400,"257aba3ac8b8727679d269bf8597bb85","state_allocation_thread_setup_sampling_divergence_check","iteration_difference","main_scaling","two_run_difference",NA,4,3.77017543859649,3.75689223057644,0.0835009087654002,0.0172500000000015,3.778,0.00782456140351031,0.00942543859649123,0.0160000000000071,3.767,0.00673809523810238,0.0093922305764411,0,FALSE,FALSE,4.24383434155421,1697.53373662168,0,"9057;9062;9067;9072",2295
"HPC","AD_Stan","NicoStan_BridgeStan",50000,1,96,96,1,10,"3f8ed78629bdab9b833b52bd1450ea30","NicoStan_BridgeStan_state_allocation_thread_setup_sampling_model_load_divergence_check","iteration_difference","main_scaling","two_run_difference",NA,4,22.7955555555553,22.8311111111111,0.511044279044612,5.00775000000004,25.5237499999998,2.72819444444451,2.27955555555553,4.21799999999983,24.8295000000001,1.97527777777765,2.28311111111111,0,FALSE,FALSE,4.21134724117767,42.1134724117767,0,"137;138;139;140",35
"HPC","AD_Stan_WCP","NicoStan_BridgeStan",50000,250,64,4,16,20,"3f8ed78629bdab9b833b52bd1450ea30","NicoStan_BridgeStan_state_allocation_thread_setup_sampling_model_load_divergence_check","iteration_difference","main_scaling","two_run_difference",200,4,0.95736842105267,0.952631578947459,0.0809933709085124,0.417249999999967,1.32675,0.369381578947334,0.0478684210526335,0.414499999999975,1.31700000000001,0.364368421052548,0.047631578947373,0,FALSE,FALSE,4.1781198460691,83.562396921382,0,"3652;3659;3666;3673",916
"HPC","AD_Stan_tape_chunked","NicoStan_BridgeStan",50000,50,16,16,1,10,"3f8ed78629bdab9b833b52bd1450ea30","NicoStan_BridgeStan_state_allocation_thread_setup_sampling_model_load_divergence_check","iteration_difference","main_scaling","two_run_difference",1000,4,3.83527777777791,3.86833333333344,0.148036184543432,0.888749999999959,4.34050000000008,0.505222222222168,0.383527777777791,0.886499999999955,4.37250000000006,0.504166666666619,0.386833333333344,0,FALSE,FALSE,4.17179691460839,41.7179691460839,0,"1801;1802;1803;1804",451
"HPC","Mplus_standard","mplus",500,1,96,96,1,2000,"5fff1836d43ae39c037ca22d13a50ed5","Mplus_input_write_engine_run_output_validation_BITERATIONS","overhead_subtraction","main_scaling","two_run_difference",NA,3,23.2006666666667,22.326,2.49096574310715,0.504999999999995,23.7056666666667,0.504999999999995,0.0116003333333333,0.498999999999995,22.798,0.498999999999995,0.011163,0,FALSE,FALSE,4.13781213183529,8275.62426367058,NA,"4622;4623;4624",1176
"HPC","AD_Stan_WCP","NicoStan_BridgeStan",10000,100,64,4,16,80,"b97502ef4c1796520d0acd01a82ea24d","NicoStan_BridgeStan_state_allocation_thread_setup_sampling_model_load_divergence_check","iteration_difference","main_scaling","two_run_difference",100,4,0.970886075949348,0.959999999999979,0.0536573504148031,0.108250000000027,1.06700000000001,0.0961139240506598,0.0121360759493668,0.107000000000028,1.05349999999999,0.0950253164557243,0.0119999999999997,0,FALSE,FALSE,4.11994784876149,329.595827900919,0,"2892;2899;2906;2913",726
"HPC","AD_Stan_WCP","NicoStan_BridgeStan",500,4,16,8,2,800,"5fff1836d43ae39c037ca22d13a50ed5","NicoStan_BridgeStan_state_allocation_thread_setup_sampling_model_load_divergence_check","iteration_difference","main_scaling","two_run_difference",125,4,1.95219023779725,1.95193992490613,0.00250312891113769,0.0177500000000004,1.9675,0.0153097622027538,0.00244023779724656,0.017000000000003,1.967,0.0145600750938704,0.00243992490613266,0,FALSE,FALSE,4.09796127708681,3278.36902166945,0,"2073;2075;2077;2079",519
"HPC","Mplus_standard","mplus",10000,1,180,180,1,200,"b97502ef4c1796520d0acd01a82ea24d","Mplus_input_write_engine_run_output_validation_BITERATIONS","overhead_subtraction","main_scaling","two_run_difference",NA,3,44.0289999999998,43.5869999999998,0.836695285035178,2.04733333333343,46.0763333333333,2.04733333333343,0.220144999999999,2.03400000000011,45.6139999999998,2.03400000000011,0.217934999999999,0,FALSE,FALSE,4.08821458584116,817.642917168233,NA,"4679;4680;4681",1195
"HPC","AD_Stan","NicoStan_BridgeStan",500,1,2,2,1,200,"5fff1836d43ae39c037ca22d13a50ed5","NicoStan_BridgeStan_state_allocation_thread_setup_sampling_model_load_divergence_check","iteration_difference","main_scaling","two_run_difference",NA,4,0.492964824120237,0.491959798993848,0.00467813736808424,0.0137500000002113,0.504249999999847,0.0112851758796101,0.00246482412060118,0.011000000000422,0.5,0.00855025125670707,0.00245979899496924,0,FALSE,FALSE,4.05708460754634,811.416921509267,0,"5;6;7;8",2
"HPC","AD_Stan","NicoStan_BridgeStan",50000,1,180,180,1,10,"3f8ed78629bdab9b833b52bd1450ea30","NicoStan_BridgeStan_state_allocation_thread_setup_sampling_model_load_divergence_check","iteration_difference","main_scaling","two_run_difference",NA,4,44.5361111111108,44.8383333333327,1.9968375202567,9.38825000000018,49.4707499999999,4.9346388888891,4.45361111111108,8.00750000000042,49.3645,3.46600000000049,4.48383333333327,0,FALSE,FALSE,4.04166406786007,40.4166406786007,6,"141;142;143;144",36
"HPC","AD_Stan","NicoStan_BridgeStan",50000,1,16,16,1,10,"3f8ed78629bdab9b833b52bd1450ea30","NicoStan_BridgeStan_state_allocation_thread_setup_sampling_model_load_divergence_check","iteration_difference","main_scaling","two_run_difference",NA,4,4.10777777777774,3.9627777777777,0.502928870278575,1.20250000000002,4.89949999999999,0.791722222222248,0.410777777777774,1.00250000000007,4.5349999999999,0.611388888888956,0.39627777777777,0,FALSE,FALSE,3.89505004057347,38.9505004057347,0,"125;126;127;128",32
"HPC","AD_Stan_WCP","NicoStan_BridgeStan",10000,100,96,4,24,80,"b97502ef4c1796520d0acd01a82ea24d","NicoStan_BridgeStan_state_allocation_thread_setup_sampling_model_load_divergence_check","iteration_difference","main_scaling","two_run_difference",100,4,1.02860759493673,1.03493670886081,0.0794850703509301,0.104749999999967,1.12049999999999,0.0918924050632581,0.0128575949367092,0.10549999999995,1.1275,0.0923354430379693,0.0129367088607601,0,FALSE,FALSE,3.888752153581,311.10017228648,0,"2893;2900;2907;2914",727
"HPC","AD_Stan_WCP","NicoStan_BridgeStan",50000,500,176,4,44,20,"3f8ed78629bdab9b833b52bd1450ea30","NicoStan_BridgeStan_state_allocation_thread_setup_sampling_model_load_divergence_check","iteration_difference","main_scaling","two_run_difference",100,4,1.02868421052628,1.01263157894724,0.137376486958097,0.409999999999968,1.38724999999994,0.358565789473654,0.0514342105263142,0.40949999999998,1.37349999999992,0.360868421052685,0.0506315789473619,0,FALSE,FALSE,3.88846252238436,77.7692504476873,0,"3755;3762;3769;3776",944
"HPC","MD_BayesMVP_WCP","BayesMVP_NicoStan",10000,8,64,8,8,200,"b97502ef4c1796520d0acd01a82ea24d","state_allocation_thread_setup_sampling_divergence_check","iteration_difference","main_scaling","two_run_difference",NA,4,2.08969849246208,2.06733668341642,0.137095091443357,0.0467500000000882,2.12599999999986,0.0363015075377778,0.0104484924623104,0.0454999999998336,2.10499999999968,0.0349396984922948,0.0103366834170821,0,FALSE,FALSE,3.82830347481104,765.660694962209,0,"7138;7142;7146;7150",1813
"HPC","AD_Stan","NicoStan_BridgeStan",2500,1,2,2,1,40,"229e14792b0f4550a6f1e0887b422826","NicoStan_BridgeStan_state_allocation_thread_setup_sampling_model_load_divergence_check","iteration_difference","main_scaling","two_run_difference",NA,4,0.531282051281805,0.528717948717456,0.01216440811999,0.0402500000000288,0.558249999999789,0.0269679487179836,0.0132820512820451,0.0410000000006399,0.551499999999578,0.0279615384622015,0.0132179487179364,0,FALSE,FALSE,3.76447876448051,150.57915057922,0,"41;42;43;44",11
"HPC","MD_BayesMVP_WCP","BayesMVP_NicoStan",10000,10,32,16,2,200,"b97502ef4c1796520d0acd01a82ea24d","state_allocation_thread_setup_sampling_divergence_check","iteration_difference","main_scaling","two_run_difference",NA,4,4.26633165829144,4.17989949748746,0.283690187626983,0.0615000000001729,4.30650000000016,0.0401683417087157,0.0213316582914572,0.062500000000199,4.22150000000022,0.0407185929650254,0.0208994974874373,0,FALSE,FALSE,3.7502944640754,750.05889281508,0,"6011;6028;6045;6062",1535
"HPC","MD_BayesMVP_WCP","BayesMVP_NicoStan",10000,50,96,8,12,200,"b97502ef4c1796520d0acd01a82ea24d","state_allocation_thread_setup_sampling_divergence_check","iteration_difference","main_scaling","two_run_difference",NA,4,2.14673366834178,2.13115577889444,0.0400079114756327,0.0247499999999405,2.16075000000001,0.0140163316582317,0.0107336683417089,0.0245000000001596,2.14500000000012,0.0138492462308596,0.0106557788944722,0,FALSE,FALSE,3.72659176029951,745.318352059902,0,"6175;6200;6225;6250",1579
"HPC","MD_BayesMVP_WCP","BayesMVP_NicoStan",500,4,64,16,4,2000,"5fff1836d43ae39c037ca22d13a50ed5","state_allocation_thread_setup_sampling_divergence_check","iteration_difference","main_scaling","two_run_difference",NA,4,4.30165082541262,4.30265132566273,0.229337267868911,0.00950000000005957,4.30899999999997,0.00734917458735326,0.00215082541270631,0.00950000000000983,4.3094999999999,0.00731515757879928,0.00215132566283136,0,FALSE,FALSE,3.71950226770562,7439.00453541124,0,"5622;5635;5648;5661",1437
"HPC","AD_Stan_WCP","NicoStan_BridgeStan",10000,100,128,4,32,80,"b97502ef4c1796520d0acd01a82ea24d","NicoStan_BridgeStan_state_allocation_thread_setup_sampling_model_load_divergence_check","iteration_difference","main_scaling","two_run_difference",100,4,1.07772151898733,1.08354430379746,0.0660761110300676,0.110750000000024,1.17500000000001,0.0972784810126827,0.0134715189873416,0.109500000000025,1.17650000000003,0.0967215189873672,0.0135443037974683,0,FALSE,FALSE,3.71153394409213,296.92271552737,0,"2894;2901;2908;2915",728
"HPC","AD_Stan_WCP","NicoStan_BridgeStan",10000,50,32,4,8,80,"b97502ef4c1796520d0acd01a82ea24d","NicoStan_BridgeStan_state_allocation_thread_setup_sampling_model_load_divergence_check","iteration_difference","main_scaling","two_run_difference",200,4,1.07822784810126,1.09367088607593,0.05861985090245,0.104500000000044,1.16925000000003,0.0910221518987785,0.0134778481012657,0.105500000000063,1.18100000000001,0.0914746835443677,0.0136708860759492,0,FALSE,FALSE,3.70979103075843,296.783282460674,0,"2791;2798;2805;2812",700
"HPC","MD_BayesMVP","BayesMVP_NicoStan",50000,100,32,32,1,50,"3f8ed78629bdab9b833b52bd1450ea30","state_allocation_thread_setup_sampling_divergence_check","iteration_difference","main_scaling","two_run_difference",NA,4,8.67423469387713,8.59183673469372,0.31676223559165,0.310250000000224,8.81099999999981,0.136765306122681,0.173484693877543,0.334500000000162,8.75849999999991,0.164612244898132,0.171836734693874,0,FALSE,FALSE,3.68908625709514,184.454312854757,0,"5450;5459;5468;5477",1394
"HPC","AD_Stan_WCP","NicoStan_BridgeStan",2500,4,16,8,2,200,"229e14792b0f4550a6f1e0887b422826","NicoStan_BridgeStan_state_allocation_thread_setup_sampling_model_load_divergence_check","iteration_difference","main_scaling","two_run_difference",625,4,2.17336683417086,2.17738693467336,0.103520840397099,0.0554999999999986,2.218,0.0446331658291443,0.0108668341708543,0.0574999999999974,2.21849999999999,0.0466105527638165,0.0108869346733668,0,FALSE,FALSE,3.68092485549133,736.184971098265,0,"2193;2195;2197;2199",549
"HPC","AD_Stan_WCP","NicoStan_BridgeStan",10000,44,176,4,44,80,"b97502ef4c1796520d0acd01a82ea24d","NicoStan_BridgeStan_state_allocation_thread_setup_sampling_model_load_divergence_check","iteration_difference","main_scaling","two_run_difference",228,4,1.08886075949388,1.09316455696208,0.0164822894497496,0.101499999999874,1.17675000000008,0.0878892405062,0.0136107594936735,0.107499999999845,1.17900000000009,0.0940126582276886,0.013664556962026,0,FALSE,FALSE,3.67356428737431,293.885142989945,0,"4278;4280;4282;4284",1071
"HPC","AD_Stan_WCP","NicoStan_BridgeStan",2500,10,16,4,4,200,"229e14792b0f4550a6f1e0887b422826","NicoStan_BridgeStan_state_allocation_thread_setup_sampling_model_load_divergence_check","iteration_difference","main_scaling","two_run_difference",250,4,1.09623115577889,1.0934673366834,0.0131392061433983,0.043250000000004,1.134,0.0377688442211095,0.00548115577889447,0.0474999999999994,1.137,0.0420552763819089,0.00546733668341702,0,FALSE,FALSE,3.64886545954618,729.773091909237,0,"2238;2241;2244;2247",561
"HPC","MD_BayesMVP","BayesMVP_NicoStan",500,1,4,4,1,400,"5fff1836d43ae39c037ca22d13a50ed5","state_allocation_thread_setup_sampling_divergence_check","iteration_difference","main_scaling","two_run_difference",NA,4,1.10877192982456,1.11027568922306,0.0113715619229211,0.00674999999999981,1.11275,0.00397807017543841,0.00277192982456141,0.00700000000000234,1.1135,0.00424185463659384,0.00277568922305765,0,FALSE,FALSE,3.60759493670886,1443.03797468354,0,"4711;4720;4729;4738",1207
"HPC","AD_Stan_WCP","NicoStan_BridgeStan",50000,250,32,16,2,20,"3f8ed78629bdab9b833b52bd1450ea30","NicoStan_BridgeStan_state_allocation_thread_setup_sampling_model_load_divergence_check","iteration_difference","main_scaling","two_run_difference",200,4,4.46105263157901,4.4684210526317,0.103665061906062,0.661499999999933,4.89949999999999,0.438447368420982,0.22305263157895,0.658999999999878,4.89499999999998,0.435578947368293,0.223421052631585,0,FALSE,FALSE,3.58659745162808,71.7319490325616,0,"3701;3706;3711;3716",926
"Laptop","MD_BayesMVP","BayesMVP_NicoStan",500,1,8,8,1,400,"257aba3ac8b8727679d269bf8597bb85","state_allocation_thread_setup_sampling_divergence_check","iteration_difference","main_scaling","two_run_difference",NA,4,2.23182957393484,2.2606516290727,0.142352065558685,0.0104999999999977,2.23675000000001,0.00492042606516062,0.00557957393483711,0.0109999999999957,2.26600000000001,0.00513408521302821,0.00565162907268175,0,FALSE,FALSE,3.58450308815271,1433.80123526108,0,"9056;9061;9066;9071",2294
"HPC","AD_Stan_chunked","NicoStan_BridgeStan",50000,10,16,16,1,10,"3f8ed78629bdab9b833b52bd1450ea30","NicoStan_BridgeStan_state_allocation_thread_setup_sampling_model_load_divergence_check","iteration_difference","main_scaling","two_run_difference",5000,4,4.47444444444465,4.44666666666712,0.250950456638822,1.20925000000017,5.23625000000035,0.761805555555703,0.447444444444465,0.876500000000419,4.8695000000007,0.445222222222109,0.444666666666712,0,FALSE,FALSE,3.57586292525437,35.7586292525437,0,"773;774;775;776",194
"HPC","AD_Stan","NicoStan_BridgeStan",10000,1,4,4,1,20,"b97502ef4c1796520d0acd01a82ea24d","NicoStan_BridgeStan_state_allocation_thread_setup_sampling_model_load_divergence_check","iteration_difference","main_scaling","two_run_difference",NA,4,1.12789473684169,1.12578947368384,0.0102597835205161,0.146750000000281,1.21824999999989,0.090355263158197,0.0563947368420845,0.130500000000204,1.20699999999992,0.0742105263160118,0.0562894736841921,0,FALSE,FALSE,3.54643023798544,70.9286047597088,0,"81;82;83;84",21
"HPC","AD_Stan_WCP","NicoStan_BridgeStan",50000,250,32,8,4,20,"3f8ed78629bdab9b833b52bd1450ea30","NicoStan_BridgeStan_state_allocation_thread_setup_sampling_model_load_divergence_check","iteration_difference","main_scaling","two_run_difference",200,4,2.27500000000006,2.28947368421048,0.0289473684210064,0.478499999999997,2.63975000000005,0.364749999999994,0.113750000000003,0.476999999999975,2.64999999999998,0.3639736842105,0.114473684210524,0,FALSE,FALSE,3.51648351648343,70.3296703296686,0,"3678;3684;3690;3696",921
"HPC","AD_Stan_WCP","NicoStan_BridgeStan",500,10,16,4,4,800,"5fff1836d43ae39c037ca22d13a50ed5","NicoStan_BridgeStan_state_allocation_thread_setup_sampling_model_load_divergence_check","iteration_difference","main_scaling","two_run_difference",50,4,1.1712140175219,1.17396745932416,0.019179042758346,0.0105000000000004,1.18025,0.00903598247809802,0.00146401752190238,0.0114999999999981,1.184,0.0100325406758429,0.0014674593241552,0,FALSE,FALSE,3.41525967086984,2732.20773669587,0,"2118;2121;2124;2127",531
"HPC","AD_Stan_WCP","NicoStan_BridgeStan",50000,250,32,4,8,20,"3f8ed78629bdab9b833b52bd1450ea30","NicoStan_BridgeStan_state_allocation_thread_setup_sampling_model_load_divergence_check","iteration_difference","main_scaling","two_run_difference",200,4,1.17368421052621,1.17263157894716,0.130067103925327,0.407500000000027,1.52249999999992,0.348815789473717,0.0586842105263103,0.408000000000129,1.51499999999987,0.345894736842249,0.0586315789473582,0,FALSE,FALSE,3.40807174887924,68.1614349775849,0,"3651;3658;3665;3672",915
"HPC","MD_BayesMVP_WCP","BayesMVP_NicoStan",10000,16,128,8,16,200,"b97502ef4c1796520d0acd01a82ea24d","state_allocation_thread_setup_sampling_divergence_check","iteration_difference","main_scaling","two_run_difference",NA,4,2.3718592964822,2.38442211055225,0.0919181423439159,0.0450000000000159,2.4049999999998,0.0331407035176049,0.011859296482411,0.0449999999999591,2.41799999999967,0.0333592964823727,0.0119221105527613,0,FALSE,FALSE,3.37288135593251,674.576271186502,0,"7156;7162;7168;7174",1819
"HPC","MD_BayesMVP_WCP","BayesMVP_NicoStan",500,2,32,16,2,2000,"5fff1836d43ae39c037ca22d13a50ed5","state_allocation_thread_setup_sampling_divergence_check","iteration_difference","main_scaling","two_run_difference",NA,4,4.78964482241127,4.78539269634806,0.219071290296367,0.00950000000010931,4.79675000000017,0.00710517758890367,0.00239482241120564,0.00900000000000745,4.7930000000001,0.00663881940971218,0.00239269634817403,0,FALSE,FALSE,3.34053997597781,6681.07995195563,0,"5591;5598;5605;5612",1427
"HPC","MD_BayesMVP_WCP","BayesMVP_NicoStan",50000,100,180,90,2,100,"3f8ed78629bdab9b833b52bd1450ea30","state_allocation_thread_setup_sampling_divergence_check","iteration_difference","main_scaling","two_run_difference",NA,4,27.2437500000005,27.1875000000013,1.06606156882053,0.737999999999943,27.7093125000004,0.465562499999938,0.272437500000005,0.736999999999853,27.643125000001,0.468020833333308,0.271875000000013,0,FALSE,FALSE,3.30350997935301,330.350997935301,0,"6701;6726;6751;6776",1721
"Laptop","AD_Stan","NicoStan_BridgeStan",500,1,8,8,1,200,"257aba3ac8b8727679d269bf8597bb85","NicoStan_BridgeStan_state_allocation_thread_setup_sampling_model_load_divergence_check","iteration_difference","main_scaling","two_run_difference",NA,4,2.47261306532046,2.4587939698465,0.086094056470001,0.0267500000034055,2.48699999999726,0.0143869346768032,0.0123630653266023,0.0250000000043658,2.47099999999971,0.0125150753812981,0.0122939698492325,0,FALSE,FALSE,3.23544355249258,647.088710498516,0,"7273;7274;7275;7276",1846
"HPC","Mplus_standard","mplus",2500,1,64,64,1,400,"229e14792b0f4550a6f1e0887b422826","Mplus_input_write_engine_run_output_validation_BITERATIONS","overhead_subtraction","main_scaling","two_run_difference",NA,3,19.7809999999999,20.078,0.968286631117098,0.722333333333381,20.5033333333333,0.722333333333381,0.0494524999999998,0.72300000000007,20.802,0.72300000000007,0.0501949999999999,0,FALSE,FALSE,3.2354279358981,1294.17117435924,NA,"4646;4647;4648",1184
"HPC","MD_BayesMVP_WCP","BayesMVP_NicoStan",2500,10,16,8,2,400,"229e14792b0f4550a6f1e0887b422826","state_allocation_thread_setup_sampling_divergence_check","iteration_difference","main_scaling","two_run_difference",NA,4,2.48421052631569,2.47167919799498,0.0374298841155802,0.0175000000000125,2.49549999999991,0.0112894736842233,0.00621052631578923,0.0175000000000125,2.483,0.0113208020050251,0.00617919799498745,0,FALSE,FALSE,3.22033898305097,1288.13559322039,0,"5820;5837;5854;5871",1485
"HPC","AD_Stan_chunked","NicoStan_BridgeStan",500,2,2,2,1,200,"5fff1836d43ae39c037ca22d13a50ed5","NicoStan_BridgeStan_state_allocation_thread_setup_sampling_model_load_divergence_check","iteration_difference","main_scaling","two_run_difference",250,4,0.621608040202059,0.619597989951768,0.0121852820621952,0.011249999999301,0.62975000000035,0.00814195979829069,0.0031080402010103,0.0109999999993011,0.62750000000131,0.00794221105386887,0.00309798994975884,0,FALSE,FALSE,3.21746160064127,643.492320128254,0,"149;150;151;152",38
"HPC","MD_BayesMVP_WCP","BayesMVP_NicoStan",500,6,96,16,6,2000,"5fff1836d43ae39c037ca22d13a50ed5","state_allocation_thread_setup_sampling_divergence_check","iteration_difference","main_scaling","two_run_difference",NA,4,5.01125562781418,5.06553276638318,0.349541221013051,0.0114999999997565,5.02025000000003,0.00899437218584939,0.00250562781390709,0.0114999999997849,5.07449999999972,0.00902151075516231,0.00253276638319159,0,FALSE,FALSE,3.19281257798834,6385.62515597669,0,"7079;7083;7087;7091",1799
"HPC","MD_BayesMVP_WCP","BayesMVP_NicoStan",50000,500,180,45,4,100,"3f8ed78629bdab9b833b52bd1450ea30","state_allocation_thread_setup_sampling_divergence_check","iteration_difference","main_scaling","two_run_difference",NA,4,14.4604166666667,14.3541666666673,0.562139802368241,0.380499999999984,14.6963125,0.235895833333316,0.144604166666667,0.378999999999905,14.5726250000005,0.237562499999901,0.143541666666674,0,FALSE,FALSE,3.11194352398788,311.194352398788,0,"6898;6923;6948;6973",1768
"HPC","AD_Stan_tape_chunked","NicoStan_BridgeStan",2500,4,2,2,1,40,"229e14792b0f4550a6f1e0887b422826","NicoStan_BridgeStan_state_allocation_thread_setup_sampling_model_load_divergence_check","iteration_difference","main_scaling","two_run_difference",625,4,0.64282051282051,0.643589743589749,0.00194150712677919,0.0412500000000016,0.667999999999999,0.0251794871794888,0.0160705128205128,0.0415000000000063,0.668500000000002,0.0254487179487245,0.0160897435897437,0,FALSE,FALSE,3.11128839250101,124.45153570004,0,"1201;1202;1203;1204",301
"HPC","AD_Stan_tape_chunked","NicoStan_BridgeStan",10000,10,4,4,1,20,"b97502ef4c1796520d0acd01a82ea24d","NicoStan_BridgeStan_state_allocation_thread_setup_sampling_model_load_divergence_check","iteration_difference","main_scaling","two_run_difference",1000,4,1.29078947368422,1.28947368421055,0.00347793466693589,0.140749999999997,1.367,0.0762105263157861,0.0645394736842109,0.141999999999996,1.36700000000002,0.0775263157894684,0.0644736842105275,0,FALSE,FALSE,3.09887869520895,61.977573904179,0,"1469;1470;1471;1472",368
"HPC","AD_Stan_tape_chunked","NicoStan_BridgeStan",500,2,2,2,1,200,"5fff1836d43ae39c037ca22d13a50ed5","NicoStan_BridgeStan_state_allocation_thread_setup_sampling_model_load_divergence_check","iteration_difference","main_scaling","two_run_difference",250,4,0.671356783919599,0.672361809045227,0.00635633700536403,0.0102499999999996,0.67825,0.00689321608040165,0.00335678391959799,0.00999999999999979,0.6795,0.00665326633165808,0.00336180904522613,0,FALSE,FALSE,2.97904191616766,595.808383233532,0,"1085;1086;1087;1088",272
"Laptop","AD_Stan_tape_chunked","NicoStan_BridgeStan",10000,250,16,16,1,20,"b352a26c8e9b174599c6b645056fb577","NicoStan_BridgeStan_state_allocation_thread_setup_sampling_model_load_divergence_check","iteration_difference","main_scaling","two_run_difference",40,4,5.37947368421051,5.38894736842104,0.0819634402655703,0.547000000000011,5.6575,0.278026315789486,0.268973684210526,0.547000000000011,5.66550000000001,0.276552631578969,0.269447368421052,0,FALSE,FALSE,2.97426866255749,59.4853732511497,0,"8169;8170;8171;8172",2070
"HPC","MD_BayesMVP_WCP","BayesMVP_NicoStan",10000,25,176,8,22,200,"b97502ef4c1796520d0acd01a82ea24d","state_allocation_thread_setup_sampling_divergence_check","iteration_difference","main_scaling","two_run_difference",NA,4,2.695477386935,2.68793969849269,0.206890388624197,0.0849999999998516,2.76700000000018,0.0715226130651766,0.013477386934675,0.0845000000000198,2.76050000000021,0.0717964824120803,0.0134396984924634,0,FALSE,FALSE,2.96793437732999,593.586875465997,0,"6083;6106;6129;6152",1556
"Laptop","AD_Stan","NicoStan_BridgeStan",500,1,16,16,1,200,"257aba3ac8b8727679d269bf8597bb85","NicoStan_BridgeStan_state_allocation_thread_setup_sampling_model_load_divergence_check","iteration_difference","main_scaling","two_run_difference",NA,4,5.49195979899901,5.51407035176277,0.147740972413821,0.0459999999972061,5.51050000000122,0.018540201002211,0.0274597989949951,0.0439999999944121,5.53500000000116,0.0171507537632159,0.0275703517588139,0,FALSE,FALSE,2.91334980327355,582.66996065471,0,"7277;7278;7279;7280",1847
"HPC","MD_BayesMVP","BayesMVP_NicoStan",10000,10,8,8,1,80,"b97502ef4c1796520d0acd01a82ea24d","state_allocation_thread_setup_sampling_divergence_check","iteration_difference","main_scaling","two_run_difference",NA,4,2.76455696202532,2.76000000000001,0.0422494152090533,0.0447500000000076,2.77475000000001,0.0101930379746911,0.0345569620253165,0.0445000000000562,2.77050000000003,0.00988607594936644,0.0345000000000001,0,FALSE,FALSE,2.89377289377289,231.501831501831,0,"5124;5133;5142;5151",1311
"HPC","MD_BayesMVP_WCP","BayesMVP_NicoStan",500,8,128,16,8,2000,"5fff1836d43ae39c037ca22d13a50ed5","state_allocation_thread_setup_sampling_divergence_check","iteration_difference","main_scaling","two_run_difference",NA,4,5.59979989995004,5.60680340170101,0.0933776411712155,0.0109999999999388,5.608,0.00820010004996382,0.00279989994997502,0.0109999999997967,5.61549999999988,0.00823911955957659,0.0028034017008505,0,FALSE,FALSE,2.85724495265317,5714.48990530635,0,"7080;7084;7088;7092",1800
"HPC","AD_Stan_chunked","NicoStan_BridgeStan",10000,4,4,4,1,20,"b97502ef4c1796520d0acd01a82ea24d","NicoStan_BridgeStan_state_allocation_thread_setup_sampling_model_load_divergence_check","iteration_difference","main_scaling","two_run_difference",2500,4,1.40078947368369,1.39999999999897,0.00511186045060202,0.160500000000063,1.49124999999957,0.0904605263158785,0.0700394736841845,0.140499999999705,1.46899999999914,0.0706578947365595,0.0699999999999483,0,FALSE,FALSE,2.85553259440272,57.1106518880543,0,"477;478;479;480",120
"Laptop","AD_Stan","NicoStan_BridgeStan",2500,1,8,8,1,40,"7184208393ceb4c8ae3e26f0d1660bdb","NicoStan_BridgeStan_state_allocation_thread_setup_sampling_model_load_divergence_check","iteration_difference","main_scaling","two_run_difference",NA,4,2.80692307692496,2.78820512820913,0.0738194396108165,0.127999999996913,2.86474999999875,0.0578269230737888,0.070173076923124,0.12149999999383,2.84,0.050525641019377,0.0697051282052283,0,FALSE,FALSE,2.85009591668759,114.003836667504,0,"7293;7294;7295;7296",1851
"HPC","AD_Stan_chunked","NicoStan_BridgeStan",2500,4,2,2,1,40,"229e14792b0f4550a6f1e0887b422826","NicoStan_BridgeStan_state_allocation_thread_setup_sampling_model_load_divergence_check","iteration_difference","main_scaling","two_run_difference",625,4,0.705384615385298,0.699487179489091,0.014871794870484,0.0444999999995233,0.732250000000189,0.0268653846148908,0.0176346153846325,0.04200000000084,0.730499999999999,0.0241282051290589,0.0174871794872273,0,FALSE,FALSE,2.83533260632223,113.413304252889,0,"257;258;259;260",65
"HPC","MD_BayesMVP_WCP","BayesMVP_NicoStan",10000,50,32,8,4,200,"b97502ef4c1796520d0acd01a82ea24d","state_allocation_thread_setup_sampling_divergence_check","iteration_difference","main_scaling","two_run_difference",NA,4,2.82437185929668,2.82914572864321,0.0465676704618916,0.0375000000000227,2.84775000000022,0.0233781407035393,0.0141218592964834,0.0395000000002312,2.85849999999999,0.025188442211287,0.0141457286432161,0,FALSE,FALSE,2.83248821279226,566.497642558452,0,"6173;6198;6223;6248",1577
"HPC","MD_BayesMVP_WCP","BayesMVP_NicoStan",50000,100,128,64,2,100,"3f8ed78629bdab9b833b52bd1450ea30","state_allocation_thread_setup_sampling_divergence_check","iteration_difference","main_scaling","two_run_difference",NA,4,22.6041666666674,22.7000000000004,0.587317741626608,0.557999999999879,22.9361250000006,0.331958333333205,0.226041666666674,0.555000000000064,23.0350000000003,0.331479166666725,0.227000000000004,0,FALSE,FALSE,2.83133640552986,283.133640552986,0,"6700;6725;6750;6775",1720
"Laptop","AD_Stan","NicoStan_BridgeStan",500,1,4,4,1,200,"257aba3ac8b8727679d269bf8597bb85","NicoStan_BridgeStan_state_allocation_thread_setup_sampling_model_load_divergence_check","iteration_difference","main_scaling","two_run_difference",NA,4,1.41281407035275,1.40854271356837,0.0135678391971684,0.0200000000018332,1.42575000000282,0.0129359296500695,0.00706407035176377,0.0200000000001159,1.422,0.0129145728644302,0.00704271356784183,0,FALSE,FALSE,2.83122888137805,566.245776275611,0,"7269;7270;7271;7272",1845
"HPC","MD_BayesMVP_WCP","BayesMVP_NicoStan",2500,8,32,4,8,400,"229e14792b0f4550a6f1e0887b422826","state_allocation_thread_setup_sampling_divergence_check","iteration_difference","main_scaling","two_run_difference",NA,4,1.42255639097748,1.39699248120314,0.0755236172884264,0.0102500000000703,1.42925000000011,0.00669360902262655,0.00355639097744371,0.0100000000002183,1.40300000000025,0.00634837092753745,0.00349248120300785,0,FALSE,FALSE,2.81183932346715,1124.73572938686,0,"7093;7097;7101;7105",1801
"HPC","Mplus_standard","mplus",500,1,64,64,1,2000,"5fff1836d43ae39c037ca22d13a50ed5","Mplus_input_write_engine_run_output_validation_BITERATIONS","overhead_subtraction","main_scaling","two_run_difference",NA,3,23.2516666666667,21.467,3.88744972100392,0.513,23.7646666666667,0.513,0.0116258333333333,0.477999999999994,21.939,0.477999999999994,0.0107335,0,FALSE,FALSE,2.75249086087019,5504.98172174038,NA,"4619;4620;4621",1175
"HPC","MD_BayesMVP_WCP","BayesMVP_NicoStan",50000,100,96,48,2,100,"3f8ed78629bdab9b833b52bd1450ea30","state_allocation_thread_setup_sampling_divergence_check","iteration_difference","main_scaling","two_run_difference",NA,4,17.4395833333335,17.3916666666666,0.182114000722663,0.446749999999952,17.7119375000001,0.272354166666616,0.174395833333335,0.441000000000031,17.6587499999999,0.267083333333365,0.173916666666666,0,FALSE,FALSE,2.75235933580214,275.235933580214,0,"6699;6724;6749;6774",1719
"Laptop","AD_Stan_chunked","NicoStan_BridgeStan",500,2,8,8,1,200,"257aba3ac8b8727679d269bf8597bb85","NicoStan_BridgeStan_state_allocation_thread_setup_sampling_model_load_divergence_check","iteration_difference","main_scaling","two_run_difference",250,4,2.91432160803827,2.88391959798416,0.0680522740945034,0.0302500000028534,2.93000000000093,0.015678391962662,0.0145716080401913,0.0285000000028539,2.90149999999709,0.0141005025154457,0.0144195979899208,0,FALSE,FALSE,2.74506422967679,549.012845935358,0,"7353;7354;7355;7356",1866
"HPC","MD_BayesMVP_WCP","BayesMVP_NicoStan",50000,100,128,32,4,100,"3f8ed78629bdab9b833b52bd1450ea30","state_allocation_thread_setup_sampling_divergence_check","iteration_difference","main_scaling","two_run_difference",NA,4,11.666666666667,11.6604166666662,0.176350608270534,0.291749999999979,11.8417500000003,0.17508333333331,0.116666666666669,0.292500000000018,11.8363124999995,0.175895833333357,0.116604166666662,0,FALSE,FALSE,2.74285714285708,274.285714285708,0,"6697;6722;6747;6772",1717
"Laptop","MD_BayesMVP","BayesMVP_NicoStan",2500,4,4,4,1,80,"7184208393ceb4c8ae3e26f0d1660bdb","state_allocation_thread_setup_sampling_divergence_check","iteration_difference","main_scaling","two_run_difference",NA,4,1.46253164556961,1.46987341772149,0.0312819617035823,0.0269999999999975,1.47124999999998,0.00871835443037739,0.0182816455696201,0.0264999999999986,1.47649999999997,0.00795569620253042,0.0183734177215186,0,FALSE,FALSE,2.73498355547865,218.798684438292,0,"9179;9184;9189;9194",2324
"Laptop","AD_Stan","NicoStan_BridgeStan",2500,1,16,16,1,40,"7184208393ceb4c8ae3e26f0d1660bdb","NicoStan_BridgeStan_state_allocation_thread_setup_sampling_model_load_divergence_check","iteration_difference","main_scaling","two_run_difference",NA,4,5.89948717948783,5.85846153846154,0.101370836334182,0.231499999997148,5.98349999999779,0.0840128205099518,0.147487179487196,0.221999999994296,5.953,0.0734871794814423,0.146461538461538,0,FALSE,FALSE,2.71210013908176,108.48400556327,0,"7297;7298;7299;7300",1852
"HPC","Mplus_WCP","mplus",10000,1,180,90,2,500,"b97502ef4c1796520d0acd01a82ea24d","Mplus_input_write_engine_run_output_validation_BITERATIONS","overhead_subtraction","main_scaling","two_run_difference",NA,3,33.2483333333334,33.4949999999999,1.14510188775209,0.953666666666663,34.202,0.953666666666663,0.0664966666666667,0.953000000000003,34.4479999999999,0.953000000000003,0.0669899999999998,0,FALSE,FALSE,2.70690260163417,1353.45130081708,NA,"4532;4533;4534",1146
"HPC","MD_BayesMVP_WCP","BayesMVP_NicoStan",50000,100,64,32,2,100,"3f8ed78629bdab9b833b52bd1450ea30","state_allocation_thread_setup_sampling_divergence_check","iteration_difference","main_scaling","two_run_difference",NA,4,11.8468750000005,11.91875,0.159621042832337,0.298249999999825,12.0266562500003,0.17978124999982,0.118468750000005,0.297999999999774,12.0980624999999,0.180249999999764,0.1191875,0,FALSE,FALSE,2.70113426536522,270.113426536522,0,"6696;6721;6746;6771",1716
"Laptop","AD_Stan","NicoStan_BridgeStan",2500,1,4,4,1,40,"7184208393ceb4c8ae3e26f0d1660bdb","NicoStan_BridgeStan_state_allocation_thread_setup_sampling_model_load_divergence_check","iteration_difference","main_scaling","two_run_difference",NA,4,1.48666666666974,1.48974358974998,0.0135161691642213,0.0857499999979918,1.53525000000099,0.0485833333312483,0.0371666666667436,0.0784999999959837,1.53650000000198,0.0411153846112146,0.0372435897437494,0,FALSE,FALSE,2.69058295963569,107.623318385428,0,"7289;7290;7291;7292",1850
"Laptop","AD_Stan_chunked","NicoStan_BridgeStan",2500,4,8,8,1,40,"7184208393ceb4c8ae3e26f0d1660bdb","NicoStan_BridgeStan_state_allocation_thread_setup_sampling_model_load_divergence_check","iteration_difference","main_scaling","two_run_difference",625,4,2.9853846153819,2.98615384614841,0.0052548465472699,0.149000000002445,3.0597499999998,0.0743653846178977,0.0746346153845474,0.149000000000001,3.06049999999959,0.0743846153846164,0.0746538461537103,0,FALSE,FALSE,2.67972172120831,107.188868848333,0,"7413;7414;7415;7416",1881
"Laptop","AD_Stan_chunked","NicoStan_BridgeStan",500,4,16,16,1,200,"257aba3ac8b8727679d269bf8597bb85","NicoStan_BridgeStan_state_allocation_thread_setup_sampling_model_load_divergence_check","iteration_difference","main_scaling","two_run_difference",125,4,6.07562814070671,6.07185929648803,0.0929032346112488,0.0587500000016572,6.10400000000483,0.0283718592981237,0.0303781407035335,0.0530000000037809,6.10600000000512,0.022603015079154,0.0303592964824401,0,FALSE,FALSE,2.63347256110031,526.694512220062,0,"7377;7378;7379;7380",1872
"HPC","Mplus_WCP","mplus",50000,1,180,90,2,100,"3f8ed78629bdab9b833b52bd1450ea30","Mplus_input_write_engine_run_output_validation_BITERATIONS","overhead_subtraction","main_scaling","two_run_difference",NA,3,34.36,34.58,0.81070586528039,2.80033333333336,37.1603333333334,2.80033333333336,0.3436,2.798,37.378,2.798,0.3458,0,FALSE,FALSE,2.61932479627474,261.932479627474,NA,"4598;4599;4600",1168
"HPC","MD_BayesMVP","BayesMVP_NicoStan",2500,10,2,2,1,80,"229e14792b0f4550a6f1e0887b422826","state_allocation_thread_setup_sampling_divergence_check","iteration_difference","main_scaling","two_run_difference",NA,4,0.771645569620257,0.752911392405075,0.0479063338633476,0.0182499999999948,0.780249999999999,0.00860443037974156,0.00964556962025321,0.0180000000000149,0.762,0.00870886075950872,0.00941139240506344,0,FALSE,FALSE,2.59186351706035,207.349081364828,0,"4970;4979;4988;4997",1271
"Laptop","AD_Stan_chunked","NicoStan_BridgeStan",2500,4,16,16,1,40,"7184208393ceb4c8ae3e26f0d1660bdb","NicoStan_BridgeStan_state_allocation_thread_setup_sampling_model_load_divergence_check","iteration_difference","main_scaling","two_run_difference",625,4,6.18230769230593,6.19333333333064,0.088003645850988,0.241000000003115,6.2687500000014,0.0864423076954672,0.154557692307648,0.233500000001399,6.28700000000221,0.0795897435946441,0.154833333333266,0,FALSE,FALSE,2.58803035958765,103.521214383506,0,"7417;7418;7419;7420",1882
"Laptop","AD_Stan_tape_chunked","NicoStan_BridgeStan",2500,10,4,4,1,40,"7184208393ceb4c8ae3e26f0d1660bdb","NicoStan_BridgeStan_state_allocation_thread_setup_sampling_model_load_divergence_check","iteration_difference","main_scaling","two_run_difference",250,4,1.57000000000206,1.58410256409928,0.0344710507858983,0.0829999999981972,1.6137500000002,0.0437499999981458,0.0392500000000514,0.0804999999963911,1.62700000000041,0.040846153842442,0.0396025641024821,0,FALSE,FALSE,2.54777070063361,101.910828025344,0,"7953;7954;7955;7956",2016
"HPC","AD_Stan_WCP","NicoStan_BridgeStan",10000,25,16,4,4,80,"b97502ef4c1796520d0acd01a82ea24d","NicoStan_BridgeStan_state_allocation_thread_setup_sampling_model_load_divergence_check","iteration_difference","main_scaling","two_run_difference",400,4,1.57696202531647,1.57873417721522,0.013135313185867,0.112499999999997,1.66975000000001,0.0927879746835413,0.0197120253164558,0.114499999999992,1.66550000000001,0.0947531645569545,0.0197341772151902,0,FALSE,FALSE,2.53652271632684,202.921817306147,0,"2698;2703;2708;2713",676
"Laptop","AD_Stan_tape_chunked","NicoStan_BridgeStan",500,4,4,4,1,200,"257aba3ac8b8727679d269bf8597bb85","NicoStan_BridgeStan_state_allocation_thread_setup_sampling_model_load_divergence_check","iteration_difference","main_scaling","two_run_difference",125,4,1.57738693467114,1.58442211054832,0.0414260579804064,0.0187500000025906,1.58825000000038,0.0108630653292349,0.00788693467335572,0.017500000003551,1.59300000000076,0.00973618090809819,0.00792211055274159,0,FALSE,FALSE,2.53583943931546,507.167887863091,0,"7889;7890;7891;7892",2000
"HPC","MD_BayesMVP_WCP","BayesMVP_NicoStan",50000,250,96,24,4,100,"3f8ed78629bdab9b833b52bd1450ea30","state_allocation_thread_setup_sampling_divergence_check","iteration_difference","main_scaling","two_run_difference",NA,4,9.58333333333172,9.56041666666465,0.200606718619043,0.260750000000257,9.74824999999866,0.16491666666694,0.0958333333333172,0.265500000000202,9.73631249999829,0.171083333333542,0.0956041666666465,0,FALSE,FALSE,2.50434782608738,250.434782608738,0,"6795;6820;6845;6870",1740
"HPC","MD_BayesMVP_WCP","BayesMVP_NicoStan",10000,50,64,4,16,200,"b97502ef4c1796520d0acd01a82ea24d","state_allocation_thread_setup_sampling_divergence_check","iteration_difference","main_scaling","two_run_difference",NA,4,1.5994974874372,1.59698492462294,0.0128836747224618,0.0219999999999061,1.61349999999992,0.0140025125627201,0.00799748743718598,0.0194999999998799,1.61199999999971,0.0115150753767652,0.00798492462311471,0,FALSE,FALSE,2.50078542255732,500.157084511464,0,"6168;6193;6218;6243",1572
"HPC","AD_Stan_WCP","NicoStan_BridgeStan",10000,10,16,8,2,80,"b97502ef4c1796520d0acd01a82ea24d","NicoStan_BridgeStan_state_allocation_thread_setup_sampling_model_load_divergence_check","iteration_difference","main_scaling","two_run_difference",1000,4,3.20025316455694,3.20202531645564,0.0717506051196805,0.122500000000016,3.28274999999999,0.0824968354430548,0.0400031645569617,0.120000000000005,3.28199999999998,0.0799556962025362,0.0400253164556956,0,FALSE,FALSE,2.49980223083619,199.984178466895,0,"2641;2644;2647;2650",661
"HPC","Mplus_standard","mplus",10000,1,96,96,1,200,"b97502ef4c1796520d0acd01a82ea24d","Mplus_input_write_engine_run_output_validation_BITERATIONS","overhead_subtraction","main_scaling","two_run_difference",NA,3,38.9859999999999,38.1489999999999,2.73143716749984,1.70000000000005,40.6859999999999,1.70000000000005,0.194929999999999,1.69900000000007,39.848,1.69900000000007,0.190744999999999,0,FALSE,FALSE,2.46242240804392,492.484481608784,NA,"4676;4677;4678",1194
"Laptop","AD_Stan_tape_chunked","NicoStan_BridgeStan",10000,100,8,8,1,20,"b352a26c8e9b174599c6b645056fb577","NicoStan_BridgeStan_state_allocation_thread_setup_sampling_model_load_divergence_check","iteration_difference","main_scaling","two_run_difference",100,4,3.32000000000042,3.33526315789584,0.0500931726531448,0.338500000000025,3.49250000000042,0.172500000000004,0.166000000000021,0.339500000000044,3.51950000000062,0.172000000000002,0.166763157894792,0,FALSE,FALSE,2.40963855421657,48.1927710843313,0,"8145;8146;8147;8148",2064
"HPC","Mplus_WCP","mplus",2500,1,180,90,2,2000,"229e14792b0f4550a6f1e0887b422826","Mplus_input_write_engine_run_output_validation_BITERATIONS","overhead_subtraction","main_scaling","two_run_difference",NA,3,37.4633333333333,37.7299999999997,1.41891977691948,0.631666666666665,38.095,0.631666666666665,0.0187316666666667,0.610000000000014,38.3399999999997,0.610000000000014,0.0188649999999998,0,FALSE,FALSE,2.40234896343091,4804.69792686182,NA,"4466;4467;4468",1124
"HPC","MD_BayesMVP_WCP","BayesMVP_NicoStan",50000,100,64,16,4,100,"3f8ed78629bdab9b833b52bd1450ea30","state_allocation_thread_setup_sampling_divergence_check","iteration_difference","main_scaling","two_run_difference",NA,4,6.78106060606025,6.7641414141412,0.0863321264906517,0.207250000000215,6.92049999999986,0.139439393939613,0.0678106060606025,0.200500000000261,6.91049999999996,0.132520202020468,0.067641414141412,0,FALSE,FALSE,2.35951290358632,235.951290358632,0,"6691;6716;6741;6766",1711
"HPC","AD_Stan","NicoStan_BridgeStan",50000,1,8,8,1,10,"3f8ed78629bdab9b833b52bd1450ea30","NicoStan_BridgeStan_state_allocation_thread_setup_sampling_model_load_divergence_check","iteration_difference","main_scaling","two_run_difference",NA,4,3.39666666666674,3.36000000000017,0.107047929728919,0.945250000000051,4.00225000000012,0.605583333333377,0.339666666666674,0.7620000000001,3.78550000000016,0.427833333333436,0.336000000000018,0,FALSE,FALSE,2.35525024533852,23.5525024533852,0,"121;122;123;124",31
"HPC","AD_Stan_tape_chunked","NicoStan_BridgeStan",50000,50,8,8,1,10,"3f8ed78629bdab9b833b52bd1450ea30","NicoStan_BridgeStan_state_allocation_thread_setup_sampling_model_load_divergence_check","iteration_difference","main_scaling","two_run_difference",1000,4,3.42166666666679,3.40555555555574,0.0818132974391007,0.723250000000007,3.80275000000012,0.381083333333328,0.342166666666679,0.723499999999945,3.78650000000016,0.379944444444441,0.340555555555574,0,FALSE,FALSE,2.33804188991711,23.3804188991711,0,"1797;1798;1799;1800",450
"HPC","MD_BayesMVP_WCP","BayesMVP_NicoStan",2500,4,16,4,4,400,"229e14792b0f4550a6f1e0887b422826","state_allocation_thread_setup_sampling_divergence_check","iteration_difference","main_scaling","two_run_difference",NA,4,1.72280701754355,1.72380952380909,0.0170622521790345,0.0102500000002621,1.72874999999995,0.00594298245640324,0.00430701754385886,0.0100000000002112,1.72999999999988,0.00570426065184073,0.00430952380952271,0,FALSE,FALSE,2.32179226069289,928.716904277155,0,"5766;5779;5792;5805",1470
"Laptop","AD_Stan_chunked","NicoStan_BridgeStan",2500,4,4,4,1,40,"7184208393ceb4c8ae3e26f0d1660bdb","NicoStan_BridgeStan_state_allocation_thread_setup_sampling_model_load_divergence_check","iteration_difference","main_scaling","two_run_difference",625,4,1.74564102564578,1.73948717949315,0.0344061418844406,0.106499999999418,1.80850000000405,0.0628589743582735,0.0436410256411444,0.102499999997555,1.81500000000338,0.0593205128179184,0.0434871794873288,0,FALSE,FALSE,2.29142185663301,91.6568742653205,0,"7409;7410;7411;7412",1880
"HPC","MD_BayesMVP_WCP","BayesMVP_NicoStan",50000,100,176,16,11,100,"3f8ed78629bdab9b833b52bd1450ea30","state_allocation_thread_setup_sampling_divergence_check","iteration_difference","main_scaling","two_run_difference",NA,4,7.03686868686834,7.12626262626235,0.290522446949009,0.24550000000022,7.21199999999988,0.175131313131537,0.0703686868686834,0.240500000000225,7.30649999999991,0.16912626262649,0.0712626262626235,0,FALSE,FALSE,2.27373860618686,227.373860618686,0,"6694;6719;6744;6769",1714
"HPC","AD_Stan_WCP","NicoStan_BridgeStan",500,4,8,4,2,800,"5fff1836d43ae39c037ca22d13a50ed5","NicoStan_BridgeStan_state_allocation_thread_setup_sampling_model_load_divergence_check","iteration_difference","main_scaling","two_run_difference",125,4,1.7819774718398,1.78222778473092,0.0012598805899498,0.0147499999999994,1.7945,0.0125225281601996,0.00222747183979975,0.0145,1.7935,0.0122734668335419,0.00222778473091365,0,FALSE,FALSE,2.24469728894508,1795.75783115606,0,"2065;2067;2069;2071",517
"HPC","MD_BayesMVP_WCP","BayesMVP_NicoStan",50000,100,96,16,6,100,"3f8ed78629bdab9b833b52bd1450ea30","state_allocation_thread_setup_sampling_divergence_check","iteration_difference","main_scaling","two_run_difference",NA,4,7.13409090909108,7.206565656566,0.172660067261325,0.207249999999931,7.2700000000001,0.13590909090902,0.0713409090909108,0.197999999999865,7.32950000000028,0.125702020201883,0.07206565656566,0,FALSE,FALSE,2.2427524689391,224.27524689391,0,"6692;6717;6742;6767",1712
"HPC","MD_BayesMVP_WCP","BayesMVP_NicoStan",50000,100,128,16,8,100,"3f8ed78629bdab9b833b52bd1450ea30","state_allocation_thread_setup_sampling_divergence_check","iteration_difference","main_scaling","two_run_difference",NA,4,7.25757575757562,7.22424242424253,0.22945677114054,0.211250000000007,7.39624999999987,0.138674242424251,0.0725757575757562,0.210000000000036,7.37399999999997,0.139262626262666,0.0722424242424253,0,FALSE,FALSE,2.20459290187896,220.459290187896,0,"6693;6718;6743;6768",1713
"HPC","MD_BayesMVP_WCP","BayesMVP_NicoStan",10000,24,96,4,24,200,"b97502ef4c1796520d0acd01a82ea24d","state_allocation_thread_setup_sampling_divergence_check","iteration_difference","main_scaling","two_run_difference",NA,4,1.82085427135669,1.81507537688446,0.124001190362746,0.0240000000001146,1.83575000000002,0.0148957286433312,0.00910427135678344,0.0240000000002283,1.82900000000006,0.0143793969851536,0.00907537688442231,0,FALSE,FALSE,2.19677107768744,439.354215537487,0,"7154;7160;7166;7172",1817
"HPC","MD_BayesMVP_WCP","BayesMVP_NicoStan",10000,8,32,4,8,200,"b97502ef4c1796520d0acd01a82ea24d","state_allocation_thread_setup_sampling_divergence_check","iteration_difference","main_scaling","two_run_difference",NA,4,1.84296482412038,1.85326633165834,0.0264428585268625,0.0297500000000923,1.86349999999987,0.0205351758794904,0.00921482412060192,0.0284999999997808,1.87449999999978,0.0192236180902331,0.00926633165829171,0,FALSE,FALSE,2.17041581458785,434.08316291757,0,"7137;7141;7145;7149",1812
"Laptop","AD_Stan_chunked","NicoStan_BridgeStan",500,2,4,4,1,200,"257aba3ac8b8727679d269bf8597bb85","NicoStan_BridgeStan_state_allocation_thread_setup_sampling_model_load_divergence_check","iteration_difference","main_scaling","two_run_difference",250,4,1.84447236180843,1.84271356783604,0.0396900103313621,0.0244999999997675,1.85974999999916,0.0152776381907253,0.00922236180904215,0.0244999999995343,1.8579999999993,0.0152688442181859,0.00921356783918018,0,FALSE,FALSE,2.16864187440475,433.728374880951,0,"7349;7350;7351;7352",1865
"HPC","Mplus_WCP","mplus",10000,1,128,64,2,500,"b97502ef4c1796520d0acd01a82ea24d","Mplus_input_write_engine_run_output_validation_BITERATIONS","overhead_subtraction","main_scaling","two_run_difference",NA,3,30.0866666666667,28.775,2.63493042286381,0.902333333333331,30.989,0.902333333333331,0.0601733333333333,0.897999999999996,29.668,0.897999999999996,0.05755,0,FALSE,FALSE,2.12718812319965,1063.59406159982,NA,"4529;4530;4531",1145
"HPC","AD_Stan_chunked","NicoStan_BridgeStan",50000,10,8,8,1,10,"3f8ed78629bdab9b833b52bd1450ea30","NicoStan_BridgeStan_state_allocation_thread_setup_sampling_model_load_divergence_check","iteration_difference","main_scaling","two_run_difference",5000,4,3.8830555555555,3.90166666666655,0.16639082111035,1.01199999999992,4.50674999999987,0.623694444444365,0.38830555555555,0.771499999999833,4.38699999999972,0.377111111111219,0.390166666666655,0,FALSE,FALSE,2.06023320695331,20.6023320695331,0,"769;770;771;772",193
"HPC","Mplus_WCP","mplus",2500,1,128,64,2,2000,"229e14792b0f4550a6f1e0887b422826","Mplus_input_write_engine_run_output_validation_BITERATIONS","overhead_subtraction","main_scaling","two_run_difference",NA,3,31.08,31.76,2.92979521468636,0.60633333333333,31.6863333333334,0.60633333333333,0.01554,0.620999999999995,32.381,0.620999999999995,0.01588,0,FALSE,FALSE,2.05920205920206,4118.40411840411,NA,"4463;4464;4465",1123
"HPC","AD_Stan_WCP","NicoStan_BridgeStan",2500,4,8,4,2,200,"229e14792b0f4550a6f1e0887b422826","NicoStan_BridgeStan_state_allocation_thread_setup_sampling_model_load_divergence_check","iteration_difference","main_scaling","two_run_difference",625,4,1.94824120603015,1.94371859296483,0.0224205465752182,0.0470000000000006,1.9855,0.0372587939698499,0.00974120603015074,0.0489999999999924,1.978,0.0392185929648165,0.00971859296482414,0,FALSE,FALSE,2.05313386639154,410.626773278308,0,"2185;2187;2189;2191",547
"HPC","Mplus_WCP","mplus",50000,1,128,64,2,100,"3f8ed78629bdab9b833b52bd1450ea30","Mplus_input_write_engine_run_output_validation_BITERATIONS","overhead_subtraction","main_scaling","two_run_difference",NA,3,31.215,31.2039999999999,0.509589050117843,2.52433333333336,33.7393333333334,2.52433333333336,0.31215,2.54100000000005,33.745,2.54100000000005,0.312039999999999,0,FALSE,FALSE,2.05029633189172,205.029633189172,NA,"4595;4596;4597",1167
"HPC","AD_Stan","NicoStan_BridgeStan",500,1,1,1,1,200,"5fff1836d43ae39c037ca22d13a50ed5","NicoStan_BridgeStan_state_allocation_thread_setup_sampling_model_load_divergence_check","iteration_difference","main_scaling","two_run_difference",NA,4,0.488944723616658,0.488442211054151,0.00414382474989455,0.0105000000011715,0.496999999999746,0.00805527638308817,0.00244472361808329,0.0105000000011204,0.497499999999491,0.00803768844333707,0.00244221105527075,0,FALSE,FALSE,2.04522096609027,409.044193218054,0,"1;2;3;4",1
"HPC","AD_Stan_WCP","NicoStan_BridgeStan",50000,100,16,4,4,20,"3f8ed78629bdab9b833b52bd1450ea30","NicoStan_BridgeStan_state_allocation_thread_setup_sampling_model_load_divergence_check","iteration_difference","main_scaling","two_run_difference",500,4,1.95578947368427,1.96157894736847,0.0340874980807602,0.429499999999905,2.28749999999997,0.331710526315691,0.0977894736842137,0.429499999999848,2.29299999999989,0.33155263157876,0.0980789473684234,0,FALSE,FALSE,2.04520990312157,40.9041980624314,0,"3550;3557;3564;3571",889
"HPC","AD_Stan_WCP","NicoStan_BridgeStan",50000,50,16,8,2,20,"3f8ed78629bdab9b833b52bd1450ea30","NicoStan_BridgeStan_state_allocation_thread_setup_sampling_model_load_divergence_check","iteration_difference","main_scaling","two_run_difference",1000,4,3.94578947368425,3.94842105263155,0.115740021337555,0.59499999999997,4.34350000000001,0.397710526315758,0.197289473684212,0.591499999999996,4.34299999999996,0.394078947368419,0.197421052631578,0,FALSE,FALSE,2.02747765772974,40.5495531545948,0,"3477;3483;3489;3495",870
"HPC","MD_BayesMVP_WCP","BayesMVP_NicoStan",10000,10,16,8,2,200,"b97502ef4c1796520d0acd01a82ea24d","state_allocation_thread_setup_sampling_divergence_check","iteration_difference","main_scaling","two_run_difference",NA,4,3.99447236180915,3.96381909547758,0.0877139960749082,0.0515000000000256,4.02600000000013,0.0315276381909799,0.0199723618090458,0.0515000000000327,3.99300000000024,0.0318316582914889,0.0198190954773879,0,FALSE,FALSE,2.00276764372872,400.553528745744,0,"6008;6025;6042;6059",1532
"HPC","MD_BayesMVP_WCP","BayesMVP_NicoStan",10000,50,128,4,32,200,"b97502ef4c1796520d0acd01a82ea24d","state_allocation_thread_setup_sampling_divergence_check","iteration_difference","main_scaling","two_run_difference",NA,4,2.0243718592965,1.98643216080424,0.108543876784971,0.0372499999998439,2.05149999999986,0.0271281407033614,0.0101218592964825,0.0324999999996294,2.00899999999984,0.0225678391956082,0.00993216080402118,0,FALSE,FALSE,1.97592155889287,395.184311778574,0,"6170;6195;6220;6245",1574
"HPC","MD_BayesMVP_WCP","BayesMVP_NicoStan",500,4,32,8,4,2000,"5fff1836d43ae39c037ca22d13a50ed5","state_allocation_thread_setup_sampling_divergence_check","iteration_difference","main_scaling","two_run_difference",NA,4,4.07328664332206,4.10255127563816,0.179714233710152,0.00749999999980311,4.07875000000021,0.00546335667814208,0.00203664332166103,0.0069999999996071,4.10900000000014,0.0050160080036087,0.00205127563781908,0,FALSE,FALSE,1.96401596561233,3928.03193122467,0,"5620;5633;5646;5659",1435
"HPC","MD_BayesMVP_WCP","BayesMVP_NicoStan",500,8,64,8,8,2000,"5fff1836d43ae39c037ca22d13a50ed5","state_allocation_thread_setup_sampling_divergence_check","iteration_difference","main_scaling","two_run_difference",NA,4,4.09529764882428,4.05552776388176,0.093024556281593,0.00925000000000864,4.10249999999988,0.0072023511755965,0.00204764882441214,0.00950000000011642,4.06399999999991,0.00747648824423867,0.00202776388194088,0,FALSE,FALSE,1.95345996457589,3906.91992915178,0,"7078;7082;7086;7090",1798
"Laptop","MD_BayesMVP","BayesMVP_NicoStan",500,1,4,4,1,400,"257aba3ac8b8727679d269bf8597bb85","state_allocation_thread_setup_sampling_divergence_check","iteration_difference","main_scaling","two_run_difference",NA,4,2.06190476190478,2.08220551378447,0.0924242454666479,0.0089999999999919,2.06575000000001,0.00384523809522996,0.00515476190476194,0.00949999999999562,2.0855,0.00439598997493292,0.00520551378446118,0,FALSE,FALSE,1.93995381062354,775.981524249417,0,"9055;9060;9065;9070",2293
"HPC","MD_BayesMVP","BayesMVP_NicoStan",50000,100,16,16,1,50,"3f8ed78629bdab9b833b52bd1450ea30","state_allocation_thread_setup_sampling_divergence_check","iteration_difference","main_scaling","two_run_difference",NA,4,8.28341836734729,8.26275510204113,0.104959532869131,0.242499999999836,8.36025000000018,0.0768316326528905,0.165668367346946,0.254000000000133,8.32950000000028,0.0868469387756398,0.165255102040823,0,FALSE,FALSE,1.93156970835507,96.5784854177533,0,"5449;5458;5467;5476",1393
"HPC","AD_Stan","NicoStan_BridgeStan",2500,1,1,1,1,40,"229e14792b0f4550a6f1e0887b422826","NicoStan_BridgeStan_state_allocation_thread_setup_sampling_model_load_divergence_check","iteration_difference","main_scaling","two_run_difference",NA,4,0.524102564101282,0.524102564101745,0.0067515957792263,0.0422500000004868,0.553249999999236,0.0291474358979548,0.013102564102532,0.040500000000975,0.554999999998472,0.027512820513379,0.0131025641025436,0,FALSE,FALSE,1.90802348337062,76.3209393348247,0,"37;38;39;40",10
"HPC","MD_BayesMVP_WCP","BayesMVP_NicoStan",50000,50,64,8,8,100,"3f8ed78629bdab9b833b52bd1450ea30","state_allocation_thread_setup_sampling_divergence_check","iteration_difference","main_scaling","two_run_difference",NA,4,4.29898989898973,4.30050505050493,0.199630648984822,0.127000000000038,4.38299999999987,0.0840101010101407,0.0429898989898973,0.1280000000001,4.38249999999982,0.0853131313132326,0.0430050505050493,0,FALSE,FALSE,1.86090225563917,186.090225563917,0,"6586;6611;6636;6661",1681
"HPC","AD_Stan","NicoStan_BridgeStan",10000,1,2,2,1,20,"b97502ef4c1796520d0acd01a82ea24d","NicoStan_BridgeStan_state_allocation_thread_setup_sampling_model_load_divergence_check","iteration_difference","main_scaling","two_run_difference",NA,4,1.10236842105283,1.10157894736882,0.00532420733512529,0.137749999999819,1.18500000000001,0.0826315789471778,0.0551184210526415,0.12099999999964,1.16750000000002,0.0659210526311989,0.055078947368441,0,FALSE,FALSE,1.8142754834086,36.285509668172,0,"77;78;79;80",20
"HPC","MD_BayesMVP","BayesMVP_NicoStan",500,2,2,2,1,400,"5fff1836d43ae39c037ca22d13a50ed5","state_allocation_thread_setup_sampling_divergence_check","iteration_difference","main_scaling","two_run_difference",NA,4,1.10451127819548,1.10225563909774,0.0251010566310054,0.00425000000000431,1.106,0.0014887218045156,0.00276127819548871,0.00400000000001022,1.10399999999999,0.00126942355890748,0.00275563909774435,0,FALSE,FALSE,1.81075561606536,724.302246426144,0,"4746;4755;4764;4773",1215
"HPC","MD_BayesMVP_WCP","BayesMVP_NicoStan",500,2,16,8,2,2000,"5fff1836d43ae39c037ca22d13a50ed5","state_allocation_thread_setup_sampling_divergence_check","iteration_difference","main_scaling","two_run_difference",NA,4,4.68059029514725,4.66433216608264,0.0638461064299758,0.00750000000013262,4.68574999999981,0.005159704852559,0.00234029514757362,0.00799999999990497,4.66999999999996,0.0056678339173184,0.00233216608304132,0,FALSE,FALSE,1.70918612729131,3418.37225458261,0,"5590;5597;5604;5611",1426
"HPC","Mplus_WCP","mplus",10000,1,96,48,2,500,"b97502ef4c1796520d0acd01a82ea24d","Mplus_input_write_engine_run_output_validation_BITERATIONS","overhead_subtraction","main_scaling","two_run_difference",NA,3,28.13,27.86,1.28642916633603,0.826333333333338,28.9563333333334,0.826333333333338,0.05626,0.819999999999993,28.68,0.819999999999993,0.05572,0,FALSE,FALSE,1.70636331318876,853.181656594383,NA,"4526;4527;4528",1144
"HPC","Mplus_WCP","mplus",500,1,180,90,2,10000,"5fff1836d43ae39c037ca22d13a50ed5","Mplus_input_write_engine_run_output_validation_BITERATIONS","overhead_subtraction","main_scaling","two_run_difference",NA,3,53.1,54.8100000000001,5.16198605189899,0.629666666666665,53.7296666666667,0.629666666666665,0.00531,0.585999999999999,55.3960000000001,0.585999999999999,0.00548100000000001,0,FALSE,FALSE,1.69491525423729,16949.1525423729,NA,"4424;4425;4426",1110
"HPC","MD_BayesMVP_WCP","BayesMVP_NicoStan",50000,100,96,8,12,100,"3f8ed78629bdab9b833b52bd1450ea30","state_allocation_thread_setup_sampling_divergence_check","iteration_difference","main_scaling","two_run_difference",NA,4,4.83762626262642,4.82626262626299,0.120283691802209,0.142749999999864,4.93200000000002,0.0943737373736003,0.0483762626262642,0.1394999999996,4.91750000000002,0.0912373737369704,0.0482626262626299,0,FALSE,FALSE,1.65370360703654,165.370360703654,0,"6687;6712;6737;6762",1707
"HPC","MD_BayesMVP_WCP","BayesMVP_NicoStan",2500,4,8,4,2,400,"229e14792b0f4550a6f1e0887b422826","state_allocation_thread_setup_sampling_divergence_check","iteration_difference","main_scaling","two_run_difference",NA,4,2.43182957393489,2.43759398496254,0.0376207089642977,0.0115000000000336,2.43725000000009,0.00542042606519637,0.00607957393483723,0.0115000000000691,2.4445000000001,0.00546240601503566,0.00609398496240635,0,FALSE,FALSE,1.64485210759555,657.940843038221,0,"5765;5778;5791;5804",1469
"HPC","Mplus_WCP","mplus",10000,1,128,4,32,500,"b97502ef4c1796520d0acd01a82ea24d","Mplus_input_write_engine_run_output_validation_BITERATIONS","overhead_subtraction","main_scaling","two_run_difference",NA,3,2.45999999999996,2.26899999999978,0.437939493537658,0.558666666666719,3.01866666666668,0.558666666666719,0.00491999999999992,0.570000000000164,2.83899999999994,0.570000000000164,0.00453799999999956,0,FALSE,FALSE,1.62601626016263,813.008130081314,NA,"4474;4481;4488",1130
"HPC","Mplus_standard","mplus",50000,1,180,180,1,100,"3f8ed78629bdab9b833b52bd1450ea30","Mplus_input_write_engine_run_output_validation_BITERATIONS","overhead_subtraction","main_scaling","two_run_difference",NA,3,110.854,111.506,1.53372226951286,8.20700000000003,119.061,8.20700000000003,1.10854,8.22600000000011,119.734,8.22600000000011,1.11506,0,FALSE,FALSE,1.62375737456474,162.375737456474,NA,"4706;4707;4708",1204
"HPC","AD_Stan_chunked","NicoStan_BridgeStan",500,2,1,1,1,200,"5fff1836d43ae39c037ca22d13a50ed5","NicoStan_BridgeStan_state_allocation_thread_setup_sampling_model_load_divergence_check","iteration_difference","main_scaling","two_run_difference",250,4,0.617085427135466,0.617085427135254,0.00733966576184351,0.0119999999994542,0.625999999999243,0.00891457286377689,0.00308542713567733,0.0119999999994036,0.626499999998487,0.00890452261246747,0.00308542713567627,0,FALSE,FALSE,1.62052117263899,324.104234527799,0,"145;146;147;148",37
"Laptop","AD_Stan","NicoStan_BridgeStan",2500,1,2,2,1,40,"7184208393ceb4c8ae3e26f0d1660bdb","NicoStan_BridgeStan_state_allocation_thread_setup_sampling_model_load_divergence_check","iteration_difference","main_scaling","two_run_difference",NA,4,1.24051282051223,1.23897435897412,0.010740702954631,0.0800000000002612,1.28949999999968,0.0489871794874556,0.0310128205128056,0.0740000000005239,1.29149999999936,0.042782051282605,0.0309743589743531,0,FALSE,FALSE,1.61223646134844,64.4894584539375,0,"7285;7286;7287;7288",1849
"HPC","Mplus_WCP","mplus",50000,1,96,48,2,100,"3f8ed78629bdab9b833b52bd1450ea30","Mplus_input_write_engine_run_output_validation_BITERATIONS","overhead_subtraction","main_scaling","two_run_difference",NA,3,29.8303333333333,29.865,0.965466899139107,2.30233333333333,32.1326666666667,2.30233333333333,0.298303333333333,2.30399999999997,32.169,2.30399999999997,0.29865,0,FALSE,FALSE,1.60910035646043,160.910035646043,NA,"4592;4593;4594",1166
"HPC","MD_BayesMVP_WCP","BayesMVP_NicoStan",50000,100,176,8,22,100,"3f8ed78629bdab9b833b52bd1450ea30","state_allocation_thread_setup_sampling_divergence_check","iteration_difference","main_scaling","two_run_difference",NA,4,4.97550505050461,5.03232323232286,0.202019149829267,0.170750000000254,5.09649999999982,0.120994949495208,0.0497550505050461,0.173000000000172,5.15049999999997,0.123813131313309,0.0503232323232286,0,FALSE,FALSE,1.60787697304993,160.787697304993,0,"6689;6714;6739;6764",1709
"HPC","MD_BayesMVP_WCP","BayesMVP_NicoStan",10000,44,176,4,44,200,"b97502ef4c1796520d0acd01a82ea24d","state_allocation_thread_setup_sampling_divergence_check","iteration_difference","main_scaling","two_run_difference",NA,4,2.52185929648231,2.53869346733652,0.217719427507314,0.0702500000000441,2.57949999999994,0.0576407035176326,0.0126092964824115,0.0625000000001137,2.60399999999981,0.0499748743719732,0.0126934673366826,0,FALSE,FALSE,1.58613131413776,317.226262827551,0,"7178;7180;7182;7184",1823
"HPC","MD_BayesMVP_WCP","BayesMVP_NicoStan",50000,100,128,8,16,100,"3f8ed78629bdab9b833b52bd1450ea30","state_allocation_thread_setup_sampling_divergence_check","iteration_difference","main_scaling","two_run_difference",NA,4,5.06893939393976,5.13787878787879,0.186476747949944,0.136749999999807,5.15500000000017,0.0860606060604098,0.0506893939393976,0.133499999999856,5.22800000000001,0.0819999999995998,0.0513787878787879,0,FALSE,FALSE,1.57823942609464,157.823942609464,0,"6688;6713;6738;6763",1708
"Laptop","AD_Stan","NicoStan_BridgeStan",500,1,2,2,1,200,"257aba3ac8b8727679d269bf8597bb85","NicoStan_BridgeStan_state_allocation_thread_setup_sampling_model_load_divergence_check","iteration_difference","main_scaling","two_run_difference",NA,4,1.27185929648314,1.27587939698159,0.0151422303269973,0.0165000000006694,1.2820000000014,0.0101407035182537,0.00635929648241572,0.0155000000013388,1.28700000000175,0.0091608040163509,0.00637939698490795,0,FALSE,FALSE,1.57250098775097,314.500197550195,0,"7265;7266;7267;7268",1844
"HPC","AD_Stan_tape_chunked","NicoStan_BridgeStan",10000,10,2,2,1,20,"b97502ef4c1796520d0acd01a82ea24d","NicoStan_BridgeStan_state_allocation_thread_setup_sampling_model_load_divergence_check","iteration_difference","main_scaling","two_run_difference",1000,4,1.27947368421053,1.27631578947369,0.00903466188742844,0.137,1.35250000000001,0.0730263157894738,0.0639736842105266,0.137,1.35050000000001,0.0727368421052634,0.0638157894736845,0,FALSE,FALSE,1.56314273961332,31.2628547922664,0,"1465;1466;1467;1468",367
"HPC","AD_Stan_tape_chunked","NicoStan_BridgeStan",2500,2,1,1,1,40,"229e14792b0f4550a6f1e0887b422826","NicoStan_BridgeStan_state_allocation_thread_setup_sampling_model_load_divergence_check","iteration_difference","main_scaling","two_run_difference",1250,4,0.641025641025641,0.641025641025641,0.00264819374099597,0.0432500000000005,0.66825,0.0272243589743594,0.016025641025641,0.0429999999999993,0.667999999999999,0.0269743589743582,0.016025641025641,0,FALSE,FALSE,1.56,62.4,0,"1413;1414;1415;1416",354
"HPC","Mplus_standard","mplus",2500,1,32,32,1,400,"229e14792b0f4550a6f1e0887b422826","Mplus_input_write_engine_run_output_validation_BITERATIONS","overhead_subtraction","main_scaling","two_run_difference",NA,3,20.655,20.6129999999999,1.1265873246225,0.680333333333351,21.3353333333333,0.680333333333351,0.0516374999999999,0.66700000000003,21.28,0.66700000000003,0.0515324999999999,0,FALSE,FALSE,1.54926167998064,619.704671992254,NA,"4643;4644;4645",1183
"Laptop","MD_BayesMVP","BayesMVP_NicoStan",10000,50,16,16,1,80,"b352a26c8e9b174599c6b645056fb577","state_allocation_thread_setup_sampling_divergence_check","iteration_difference","main_scaling","two_run_difference",NA,4,10.3458227848101,10.3645569620253,0.121646908759454,0.19850000000001,10.415,0.0691772151898835,0.129322784810126,0.196499999999986,10.443,0.0661708860759352,0.129556962025316,0,FALSE,FALSE,1.54651788773063,123.721431018451,0,"9325;9330;9335;9340",2362
"HPC","Mplus_WCP","mplus",2500,1,96,48,2,2000,"229e14792b0f4550a6f1e0887b422826","Mplus_input_write_engine_run_output_validation_BITERATIONS","overhead_subtraction","main_scaling","two_run_difference",NA,3,31.3866666666666,31.3099999999999,3.48563241511973,0.541333333333336,31.9279999999999,0.541333333333336,0.0156933333333333,0.539000000000001,31.8589999999999,0.539000000000001,0.0156549999999999,0,FALSE,FALSE,1.52931180968564,3058.62361937129,NA,"4460;4461;4462",1122
"HPC","Mplus_WCP","mplus",500,1,128,64,2,10000,"5fff1836d43ae39c037ca22d13a50ed5","Mplus_input_write_engine_run_output_validation_BITERATIONS","overhead_subtraction","main_scaling","two_run_difference",NA,3,42.1933333333334,42.59,0.921430047987,0.596999999999997,42.7903333333334,0.596999999999997,0.00421933333333334,0.600999999999999,43.191,0.600999999999999,0.004259,0,FALSE,FALSE,1.51682730289145,15168.2730289145,NA,"4421;4422;4423",1109
"HPC","MD_BayesMVP_WCP","BayesMVP_NicoStan",50000,100,32,16,2,100,"3f8ed78629bdab9b833b52bd1450ea30","state_allocation_thread_setup_sampling_divergence_check","iteration_difference","main_scaling","two_run_difference",NA,4,10.5608585858586,10.6964646464645,0.361202456012696,0.25525000000016,10.7105000000002,0.149641414141574,0.105608585858586,0.258000000000209,10.8475000000001,0.151035353535564,0.106964646464645,0,FALSE,FALSE,1.51502833504698,151.502833504698,0,"6690;6715;6740;6765",1710
"HPC","Mplus_WCP","mplus",10000,1,176,8,22,500,"b97502ef4c1796520d0acd01a82ea24d","Mplus_input_write_engine_run_output_validation_BITERATIONS","overhead_subtraction","main_scaling","two_run_difference",NA,3,5.35533333333334,5.7349999999999,0.67325057247163,0.626666666666627,5.98199999999997,0.626666666666627,0.0107106666666667,0.619999999999891,6.37300000000005,0.619999999999891,0.0114699999999998,0,FALSE,FALSE,1.49383791858583,746.918959292915,NA,"4495;4501;4507",1137
"HPC","AD_Stan_tape_chunked","NicoStan_BridgeStan",500,2,1,1,1,200,"5fff1836d43ae39c037ca22d13a50ed5","NicoStan_BridgeStan_state_allocation_thread_setup_sampling_model_load_divergence_check","iteration_difference","main_scaling","two_run_difference",250,4,0.671859296482412,0.671356783919598,0.00502512562814041,0.0102500000000001,0.67875,0.00689070351758803,0.00335929648241206,0.0100000000000007,0.6775,0.00665829145728711,0.00335678391959799,0,FALSE,FALSE,1.48840688107704,297.681376215408,0,"1081;1082;1083;1084",271
"HPC","Mplus_standard","mplus",10000,1,64,64,1,200,"b97502ef4c1796520d0acd01a82ea24d","Mplus_input_write_engine_run_output_validation_BITERATIONS","overhead_subtraction","main_scaling","two_run_difference",NA,3,43.1900000000001,40.1609999999998,6.65068139366194,1.59299999999992,44.7830000000001,1.59299999999992,0.215950000000001,1.59199999999987,41.7629999999999,1.59199999999987,0.200804999999999,0,FALSE,FALSE,1.4818244964112,296.36489928224,NA,"4673;4674;4675",1193
"HPC","MD_BayesMVP_WCP","BayesMVP_NicoStan",10000,50,16,4,4,200,"b97502ef4c1796520d0acd01a82ea24d","state_allocation_thread_setup_sampling_divergence_check","iteration_difference","main_scaling","two_run_difference",NA,4,2.70150753768832,2.70301507537689,0.0703469727974037,0.0254999999999654,2.71349999999984,0.0119924623115239,0.0135075376884416,0.0249999999999488,2.71899999999997,0.0117939698491963,0.0135150753768845,0,FALSE,FALSE,1.48065476190483,296.130952380966,0,"6166;6191;6216;6241",1570
"HPC","AD_Stan_chunked","NicoStan_BridgeStan",10000,4,2,2,1,20,"b97502ef4c1796520d0acd01a82ea24d","NicoStan_BridgeStan_state_allocation_thread_setup_sampling_model_load_divergence_check","iteration_difference","main_scaling","two_run_difference",2500,4,1.38157894736811,1.38105263157794,0.0129063678297917,0.153500000000058,1.46599999999977,0.0844210526316522,0.0690789473684057,0.134500000000116,1.45749999999953,0.064868421052779,0.0690526315788971,0,FALSE,FALSE,1.44761904761937,28.9523809523874,0,"473;474;475;476",119
"HPC","AD_Stan_chunked","NicoStan_BridgeStan",2500,4,1,1,1,40,"229e14792b0f4550a6f1e0887b422826","NicoStan_BridgeStan_state_allocation_thread_setup_sampling_model_load_divergence_check","iteration_difference","main_scaling","two_run_difference",625,4,0.69230769230711,0.690256410255246,0.0152817071037778,0.0472500000000373,0.72224999999947,0.0299423076923596,0.0173076923076778,0.0450000000000728,0.717999999998938,0.0277435897436916,0.0172564102563812,0,FALSE,FALSE,1.44444444444566,57.7777777778264,0,"253;254;255;256",64
"HPC","Mplus_WCP","mplus",10000,1,176,4,44,500,"b97502ef4c1796520d0acd01a82ea24d","Mplus_input_write_engine_run_output_validation_BITERATIONS","overhead_subtraction","main_scaling","two_run_difference",NA,3,2.77199999999993,2.72000000000003,0.316223022564748,0.581333333333381,3.35333333333332,0.581333333333381,0.00554399999999987,0.576999999999998,3.29700000000003,0.576999999999998,0.00544000000000005,0,FALSE,FALSE,1.44300144300148,721.500721500739,NA,"4475;4482;4489",1131
"HPC","MD_BayesMVP","BayesMVP_NicoStan",10000,50,4,4,1,80,"b97502ef4c1796520d0acd01a82ea24d","state_allocation_thread_setup_sampling_divergence_check","iteration_difference","main_scaling","two_run_difference",NA,4,2.79468354430381,2.7853164556962,0.080110482914809,0.0414999999999921,2.80125000000001,0.00656645569619445,0.0349335443037977,0.0414999999999992,2.79199999999999,0.00668354430379673,0.0348164556962025,0,FALSE,FALSE,1.43128906603858,114.503125283087,0,"5195;5204;5213;5222",1328
"Laptop","MD_BayesMVP","BayesMVP_NicoStan",10000,50,8,8,1,80,"b352a26c8e9b174599c6b645056fb577","state_allocation_thread_setup_sampling_divergence_check","iteration_difference","main_scaling","two_run_difference",NA,4,5.71139240506333,5.70835443037978,0.0860183475669554,0.133999999999972,5.77400000000002,0.0626075949366802,0.0713924050632917,0.134499999999974,5.7705,0.0630696202531381,0.0713544303797472,0,FALSE,FALSE,1.40070921985815,112.056737588652,0,"9324;9329;9334;9339",2361
"HPC","Mplus_WCP","mplus",50000,1,176,4,44,100,"3f8ed78629bdab9b833b52bd1450ea30","Mplus_input_write_engine_run_output_validation_BITERATIONS","overhead_subtraction","main_scaling","two_run_difference",NA,3,2.86233333333348,2.83600000000024,0.124604708311188,1.06100000000015,3.92333333333363,1.06100000000015,0.0286233333333348,1.10800000000017,3.94700000000012,1.10800000000017,0.0283600000000024,0,FALSE,FALSE,1.397461278677,139.7461278677,NA,"4541;4548;4555",1153
"Laptop","MD_BayesMVP","BayesMVP_NicoStan",2500,4,2,2,1,80,"7184208393ceb4c8ae3e26f0d1660bdb","state_allocation_thread_setup_sampling_divergence_check","iteration_difference","main_scaling","two_run_difference",NA,4,1.43240506329113,1.43443037974685,0.0152123602892443,0.0237500000000068,1.43825,0.00584493670886767,0.0179050632911392,0.0205000000000126,1.4385,0.0025569620253292,0.0179303797468356,0,FALSE,FALSE,1.39625309296572,111.700247437258,0,"9178;9183;9188;9193",2323
"HPC","Mplus_WCP","mplus",10000,1,176,16,11,500,"b97502ef4c1796520d0acd01a82ea24d","Mplus_input_write_engine_run_output_validation_BITERATIONS","overhead_subtraction","main_scaling","two_run_difference",NA,3,11.533,11.6970000000001,0.87756937047746,0.627333333333354,12.1603333333333,0.627333333333354,0.023066,0.614000000000033,12.3020000000001,0.614000000000033,0.0233940000000002,0,FALSE,FALSE,1.38732333304431,693.661666522155,NA,"4512;4517;4522",1142
"HPC","AD_Stan_WCP","NicoStan_BridgeStan",10000,10,8,4,2,80,"b97502ef4c1796520d0acd01a82ea24d","NicoStan_BridgeStan_state_allocation_thread_setup_sampling_model_load_divergence_check","iteration_difference","main_scaling","two_run_difference",1000,4,2.92151898734175,2.91898734177212,0.0336369233238536,0.113,2.99799999999998,0.0764810126582277,0.0365189873417719,0.111500000000007,2.99849999999995,0.0750126582278551,0.0364873417721515,0,FALSE,FALSE,1.36915077989602,109.532062391682,0,"2629;2632;2635;2638",658
"HPC","MD_BayesMVP","BayesMVP_NicoStan",2500,8,1,1,1,80,"229e14792b0f4550a6f1e0887b422826","state_allocation_thread_setup_sampling_divergence_check","iteration_difference","main_scaling","two_run_difference",NA,4,0.733164556962026,0.731645569620253,0.00413415990343156,0.0109999999999992,0.734999999999999,0.00183544303797391,0.00916455696202532,0.0109999999999992,0.733499999999999,0.00185443037974607,0.00914556962025317,0,FALSE,FALSE,1.36395027624309,109.116022099447,0,"5045;5046;5047;5048",1289
"HPC","Mplus_standard","mplus",500,1,32,32,1,2000,"5fff1836d43ae39c037ca22d13a50ed5","Mplus_input_write_engine_run_output_validation_BITERATIONS","overhead_subtraction","main_scaling","two_run_difference",NA,3,23.8086666666667,24.476,2.14531031166434,0.464666666666667,24.2733333333333,0.464666666666667,0.0119043333333333,0.465,24.954,0.465,0.012238,0,FALSE,FALSE,1.34404838574189,2688.09677148377,NA,"4616;4617;4618",1174
"HPC","Mplus_WCP","mplus",10000,1,128,16,8,500,"b97502ef4c1796520d0acd01a82ea24d","Mplus_input_write_engine_run_output_validation_BITERATIONS","overhead_subtraction","main_scaling","two_run_difference",NA,3,11.9306666666667,12.1669999999999,0.942003361635734,0.590333333333244,12.521,0.590333333333244,0.0238613333333334,0.591999999999871,12.7599999999998,0.591999999999871,0.0243339999999998,0,FALSE,FALSE,1.34108180599016,670.54090299508,NA,"4511;4516;4521",1141
"Laptop","Mplus_standard","mplus",2500,1,16,16,1,400,"7184208393ceb4c8ae3e26f0d1660bdb","Mplus_input_write_engine_run_output_validation_BITERATIONS","overhead_subtraction","main_scaling","two_run_difference",NA,3,12.0313333333334,12.036,0.0372200662725757,0.837666666666659,12.869,0.837666666666659,0.0300783333333334,0.840000000000003,12.885,0.840000000000003,0.0300900000000001,0,FALSE,FALSE,1.32986091871225,531.9443674849,NA,"10120;10121;10122",2566
"HPC","Mplus_WCP","mplus",50000,1,128,4,32,100,"3f8ed78629bdab9b833b52bd1450ea30","Mplus_input_write_engine_run_output_validation_BITERATIONS","overhead_subtraction","main_scaling","two_run_difference",NA,3,3.02533333333349,2.92700000000013,0.231716061880154,1.04066666666661,4.06600000000011,1.04066666666661,0.0302533333333349,1.05499999999984,3.98300000000017,1.05499999999984,0.0292700000000013,0,FALSE,FALSE,1.32216835610394,132.216835610394,NA,"4540;4547;4554",1152
"Laptop","AD_Stan_chunked","NicoStan_BridgeStan",10000,25,8,8,1,20,"b352a26c8e9b174599c6b645056fb577","NicoStan_BridgeStan_state_allocation_thread_setup_sampling_model_load_divergence_check","iteration_difference","main_scaling","two_run_difference",400,4,6.0668421052624,6.08842105263073,0.0596604736355958,0.51125000000043,6.27474999999971,0.20790789473731,0.30334210526312,0.488000000000397,6.28,0.183078947368855,0.304421052631537,0,FALSE,FALSE,1.31864318556449,26.3728637112898,0,"7573;7574;7575;7576",1921
"Laptop","AD_Stan_WCP","NicoStan_BridgeStan",500,10,16,8,2,800,"257aba3ac8b8727679d269bf8597bb85","NicoStan_BridgeStan_state_allocation_thread_setup_sampling_model_load_divergence_check","iteration_difference","main_scaling","two_run_difference",50,4,6.07008760951193,5.99899874843563,0.184879413637869,0.0190000000001689,6.08150000000021,0.011412390488279,0.00758760951188992,0.0195000000001215,6.01100000000042,0.0118097622028749,0.00749874843554454,0,FALSE,FALSE,1.31793814432989,1054.35051546391,0,"8445;8446;8447;8448",2139
"Laptop","AD_Stan_tape_chunked","NicoStan_BridgeStan",500,2,2,2,1,200,"257aba3ac8b8727679d269bf8597bb85","NicoStan_BridgeStan_state_allocation_thread_setup_sampling_model_load_divergence_check","iteration_difference","main_scaling","two_run_difference",250,4,1.52035175879821,1.54020100503361,0.0441782569954553,0.0164999999970314,1.52925000000125,0.00889824120304039,0.00760175879399105,0.0154999999943541,1.5480000000025,0.00801758793400935,0.00770100502516804,0,FALSE,FALSE,1.31548504379074,263.097008758149,0,"7865;7866;7867;7868",1994
"HPC","Mplus_WCP","mplus",50000,1,176,16,11,100,"3f8ed78629bdab9b833b52bd1450ea30","Mplus_input_write_engine_run_output_validation_BITERATIONS","overhead_subtraction","main_scaling","two_run_difference",NA,3,12.2023333333336,12.2310000000002,0.346889511708686,1.12366666666655,13.3260000000002,1.12366666666655,0.122023333333336,1.14199999999983,13.3040000000001,1.14199999999983,0.122310000000002,0,FALSE,FALSE,1.31122462916925,131.122462916925,NA,"4578;4583;4588",1164
"Laptop","AD_Stan_tape_chunked","NicoStan_BridgeStan",10000,50,4,4,1,20,"b352a26c8e9b174599c6b645056fb577","NicoStan_BridgeStan_state_allocation_thread_setup_sampling_model_load_divergence_check","iteration_difference","main_scaling","two_run_difference",200,4,3.0560526315786,3.05105263157824,0.0413115988487598,0.290750000000116,3.19399999999979,0.137947368421186,0.15280263157893,0.289499999999919,3.18549999999959,0.138289473684134,0.152552631578912,0,FALSE,FALSE,1.30887798157252,26.1775596314505,0,"8121;8122;8123;8124",2058
"Laptop","AD_Stan_tape_chunked","NicoStan_BridgeStan",2500,10,2,2,1,40,"7184208393ceb4c8ae3e26f0d1660bdb","NicoStan_BridgeStan_state_allocation_thread_setup_sampling_model_load_divergence_check","iteration_difference","main_scaling","two_run_difference",250,4,1.52923076922984,1.53282051282403,0.0276859758477462,0.0759999999993042,1.5669999999984,0.0377692307685582,0.038230769230746,0.0744999999966254,1.56900000000006,0.0361794871760245,0.0383205128206009,0,FALSE,FALSE,1.30784708249576,52.3138832998306,0,"7949;7950;7951;7952",2015
"Laptop","AD_Stan_chunked","NicoStan_BridgeStan",2500,4,2,2,1,40,"7184208393ceb4c8ae3e26f0d1660bdb","NicoStan_BridgeStan_state_allocation_thread_setup_sampling_model_load_divergence_check","iteration_difference","main_scaling","two_run_difference",625,4,1.53358974358995,1.53794871795027,0.0144654174340507,0.0877500000010762,1.58300000000128,0.0494102564113274,0.0383397435897488,0.0820000000021537,1.58400000000256,0.0434871794893227,0.0384487179487567,0,FALSE,FALSE,1.30412974418976,52.1651897675902,0,"7405;7406;7407;7408",1879
"Laptop","AD_Stan_chunked","NicoStan_BridgeStan",10000,250,16,16,1,20,"b352a26c8e9b174599c6b645056fb577","NicoStan_BridgeStan_state_allocation_thread_setup_sampling_model_load_divergence_check","iteration_difference","main_scaling","two_run_difference",40,4,12.3792105263158,12.3589473684211,0.123675251635228,1.10124999999999,12.8615,0.482289473684203,0.61896052631579,1.102,12.8405,0.481552631578953,0.617947368421053,0,FALSE,FALSE,1.29248953040964,25.8497906081928,0,"7637;7638;7639;7640",1937
"HPC","Mplus_WCP","mplus",50000,1,176,8,22,100,"3f8ed78629bdab9b833b52bd1450ea30","Mplus_input_write_engine_run_output_validation_BITERATIONS","overhead_subtraction","main_scaling","two_run_difference",NA,3,6.21133333333334,6.12899999999945,0.411721183974619,1.11366666666663,7.32499999999997,1.11366666666663,0.0621133333333334,1.06899999999996,7.1899999999996,1.06899999999996,0.0612899999999945,0,FALSE,FALSE,1.28796823011699,128.796823011699,NA,"4561;4567;4573",1159
"HPC","MD_BayesMVP_WCP","BayesMVP_NicoStan",50000,100,32,8,4,100,"3f8ed78629bdab9b833b52bd1450ea30","state_allocation_thread_setup_sampling_divergence_check","iteration_difference","main_scaling","two_run_difference",NA,4,6.2444444444442,6.27222222222233,0.165707883978991,0.154250000000133,6.33624999999989,0.0918055555556905,0.062444444444442,0.156999999999869,6.36649999999997,0.0942777777776453,0.0627222222222233,0,FALSE,FALSE,1.28113879003564,128.113879003564,0,"6685;6710;6735;6760",1705
"HPC","AD_Stan","NicoStan_BridgeStan",50000,1,4,4,1,10,"3f8ed78629bdab9b833b52bd1450ea30","NicoStan_BridgeStan_state_allocation_thread_setup_sampling_model_load_divergence_check","iteration_difference","main_scaling","two_run_difference",NA,4,3.1441666666667,3.21944444444448,0.186596933623941,0.817249999999937,3.64699999999997,0.502833333333267,0.31441666666667,0.682499999999891,3.57999999999993,0.371722222222211,0.321944444444448,0,FALSE,FALSE,1.27219719056452,12.7219719056452,0,"117;118;119;120",30
"HPC","Mplus_WCP","mplus",50000,1,128,16,8,100,"3f8ed78629bdab9b833b52bd1450ea30","Mplus_input_write_engine_run_output_validation_BITERATIONS","overhead_subtraction","main_scaling","two_run_difference",NA,3,12.799,12.9900000000007,0.36066743684464,1.21199999999999,14.011,1.21199999999999,0.12799,1.22500000000036,14.1600000000003,1.22500000000036,0.129900000000007,0,FALSE,FALSE,1.25009766387999,125.009766387999,NA,"4577;4582;4587",1163
"Laptop","AD_Stan_WCP","NicoStan_BridgeStan",500,10,16,4,4,800,"257aba3ac8b8727679d269bf8597bb85","NicoStan_BridgeStan_state_allocation_thread_setup_sampling_model_load_divergence_check","iteration_difference","main_scaling","two_run_difference",50,4,3.22478097621983,3.24255319148886,0.0488762227147286,0.0175000000003216,3.23824999999987,0.0134690237800468,0.00403097622027478,0.0150000000006187,3.25250000000012,0.0109918648316582,0.00405319148936107,0,FALSE,FALSE,1.24039431809378,992.315454475028,0,"8438;8440;8442;8444",2138
"Laptop","AD_Stan","NicoStan_BridgeStan",10000,1,4,4,1,20,"b352a26c8e9b174599c6b645056fb577","NicoStan_BridgeStan_state_allocation_thread_setup_sampling_model_load_divergence_check","iteration_difference","main_scaling","two_run_difference",NA,4,3.22763157894691,3.2284210526311,0.0477092997777797,0.324500000000196,3.39074999999976,0.16311842105285,0.161381578947345,0.301000000000386,3.39099999999959,0.138157894737273,0.161421052631555,0,FALSE,FALSE,1.23929881777433,24.7859763554866,0,"7309;7310;7311;7312",1855
"Laptop","AD_Stan_chunked","NicoStan_BridgeStan",500,2,2,2,1,200,"257aba3ac8b8727679d269bf8597bb85","NicoStan_BridgeStan_state_allocation_thread_setup_sampling_model_load_divergence_check","iteration_difference","main_scaling","two_run_difference",250,4,1.61934673367089,1.61758793969808,0.0264428585308006,0.0222500000003198,1.63350000000285,0.0141532663319654,0.00809673366835443,0.0234999999999994,1.63400000000396,0.0155075376884416,0.00808793969849042,0,FALSE,FALSE,1.23506594258921,247.013188517843,0,"7345;7346;7347;7348",1864
"HPC","MD_BayesMVP_WCP","BayesMVP_NicoStan",50000,50,64,4,16,100,"3f8ed78629bdab9b833b52bd1450ea30","state_allocation_thread_setup_sampling_divergence_check","iteration_difference","main_scaling","two_run_difference",NA,4,3.26161616161606,3.29040404040392,0.0971764070632983,0.0955000000001291,3.32450000000003,0.0628838383839685,0.0326161616161606,0.0940000000002783,3.35449999999986,0.0616717171719963,0.0329040404040392,0,FALSE,FALSE,1.22638587798084,122.638587798084,0,"6580;6605;6630;6655",1675
"Laptop","AD_Stan","NicoStan_BridgeStan",10000,1,8,8,1,20,"b352a26c8e9b174599c6b645056fb577","NicoStan_BridgeStan_state_allocation_thread_setup_sampling_model_load_divergence_check","iteration_difference","main_scaling","two_run_difference",NA,4,6.52868421052587,6.51684210526247,0.0333688637967825,0.533750000000232,6.73599999999981,0.207315789473939,0.326434210526293,0.533500000000458,6.74349999999978,0.205947368421556,0.325842105263124,0,FALSE,FALSE,1.2253617638761,24.5072352775219,0,"7313;7314;7315;7316",1856
"HPC","Mplus_WCP","mplus",10000,1,128,8,16,500,"b97502ef4c1796520d0acd01a82ea24d","Mplus_input_write_engine_run_output_validation_BITERATIONS","overhead_subtraction","main_scaling","two_run_difference",NA,3,6.53499999999993,6.8159999999998,0.520846426501862,0.586000000000013,7.12099999999994,0.586000000000013,0.0130699999999999,0.585000000000036,7.40099999999984,0.585000000000036,0.0136319999999996,0,FALSE,FALSE,1.22417750573835,612.088752869173,NA,"4494;4500;4506",1136
"HPC","Mplus_WCP","mplus",500,1,96,48,2,10000,"5fff1836d43ae39c037ca22d13a50ed5","Mplus_input_write_engine_run_output_validation_BITERATIONS","overhead_subtraction","main_scaling","two_run_difference",NA,3,39.2466666666667,39.8900000000001,1.55802225058994,0.482666666666668,39.7293333333333,0.482666666666668,0.00392466666666667,0.489000000000004,40.3800000000001,0.489000000000004,0.003989,0,FALSE,FALSE,1.2230338032954,12230.338032954,NA,"4418;4419;4420",1108
"Laptop","AD_Stan_tape_chunked","NicoStan_BridgeStan",50000,1000,16,16,1,10,"50597d787bf5578f0fdbdd94f2702741","NicoStan_BridgeStan_state_allocation_thread_setup_sampling_model_load_divergence_check","iteration_difference","main_scaling","two_run_difference",50,4,13.1680555555556,13.1294444444445,0.130454649736402,2.75199999999995,14.60325,1.43519444444439,1.31680555555556,2.74799999999993,14.5515,1.43961111111104,1.31294444444445,0,FALSE,FALSE,1.21506170235207,12.1506170235207,0,"8349;8350;8351;8352",2115
"HPC","AD_Stan_tape_chunked","NicoStan_BridgeStan",50000,50,4,4,1,10,"3f8ed78629bdab9b833b52bd1450ea30","NicoStan_BridgeStan_state_allocation_thread_setup_sampling_model_load_divergence_check","iteration_difference","main_scaling","two_run_difference",1000,4,3.29527777777786,3.29388888888881,0.0309569593683735,0.676499999999976,3.64225000000005,0.34697222222219,0.329527777777786,0.677499999999895,3.63999999999999,0.347666666666618,0.329388888888881,0,FALSE,FALSE,1.21385821461685,12.1385821461685,0,"1793;1794;1795;1796",449
"HPC","Mplus_WCP","mplus",2500,1,128,16,8,2000,"229e14792b0f4550a6f1e0887b422826","Mplus_input_write_engine_run_output_validation_BITERATIONS","overhead_subtraction","main_scaling","two_run_difference",NA,3,13.3110000000001,12.9940000000001,0.798196091195632,0.499333333333273,13.8103333333333,0.499333333333273,0.00665550000000004,0.509999999999991,13.5070000000001,0.509999999999991,0.00649700000000007,0,FALSE,FALSE,1.20201337239876,2404.02674479752,NA,"4448;4452;4456",1120
"HPC","Mplus_WCP","mplus",50000,1,96,4,24,100,"3f8ed78629bdab9b833b52bd1450ea30","Mplus_input_write_engine_run_output_validation_BITERATIONS","overhead_subtraction","main_scaling","two_run_difference",NA,3,3.36566666666643,3.43699999999944,0.268211359441172,1.11300000000013,4.47866666666657,1.11300000000013,0.0336566666666643,1.11000000000013,4.53399999999965,1.11000000000013,0.0343699999999944,0,FALSE,FALSE,1.18847182331394,118.847182331394,NA,"4539;4546;4553",1151
"HPC","Mplus_WCP","mplus",50000,1,96,16,6,100,"3f8ed78629bdab9b833b52bd1450ea30","Mplus_input_write_engine_run_output_validation_BITERATIONS","overhead_subtraction","main_scaling","two_run_difference",NA,3,13.6206666666667,13.3009999999999,0.632322966001522,1.20933333333339,14.8300000000001,1.20933333333339,0.136206666666667,1.20700000000033,14.5080000000003,1.20700000000033,0.133009999999999,0,FALSE,FALSE,1.1746855268954,117.46855268954,NA,"4576;4581;4586",1162
"Laptop","Mplus_standard","mplus",500,1,16,16,1,2000,"257aba3ac8b8727679d269bf8597bb85","Mplus_input_write_engine_run_output_validation_BITERATIONS","overhead_subtraction","main_scaling","two_run_difference",NA,3,13.6256666666667,13.605,0.0447362641861602,0.516333333333336,14.142,0.516333333333336,0.00681283333333333,0.510999999999996,14.133,0.510999999999996,0.0068025,0,FALSE,FALSE,1.17425447072926,2348.50894145852,NA,"10105;10106;10107",2561
"Laptop","AD_Stan_chunked","NicoStan_BridgeStan",10000,4,4,4,1,20,"b352a26c8e9b174599c6b645056fb577","NicoStan_BridgeStan_state_allocation_thread_setup_sampling_model_load_divergence_check","iteration_difference","main_scaling","two_run_difference",2500,4,3.43105263157868,3.44210526315762,0.0704582022481458,0.34975,3.60924999999975,0.178197368421066,0.171552631578934,0.322999999999951,3.62249999999949,0.152236842105227,0.172105263157881,0,FALSE,FALSE,1.1658229789846,23.3164595796919,0,"7529;7530;7531;7532",1910
"HPC","Mplus_WCP","mplus",50000,1,128,8,16,100,"3f8ed78629bdab9b833b52bd1450ea30","Mplus_input_write_engine_run_output_validation_BITERATIONS","overhead_subtraction","main_scaling","two_run_difference",NA,3,6.98866666666678,6.98700000000008,0.45350229694391,1.13299999999996,8.12166666666675,1.13299999999996,0.0698866666666678,1.13200000000006,8.11900000000014,1.13200000000006,0.0698700000000008,0,FALSE,FALSE,1.14471048364016,114.471048364016,NA,"4560;4566;4572",1158
"Laptop","AD_Stan_WCP","NicoStan_BridgeStan",2500,50,16,8,2,200,"7184208393ceb4c8ae3e26f0d1660bdb","NicoStan_BridgeStan_state_allocation_thread_setup_sampling_model_load_divergence_check","iteration_difference","main_scaling","two_run_difference",50,4,7.07839195979875,7.10452261306483,0.235636422887977,0.0879999999999157,7.13099999999967,0.0526080402009219,0.0353919597989938,0.087999999999667,7.15749999999935,0.0522386934673281,0.0355226130653241,0,FALSE,FALSE,1.13020019877897,226.040039755794,0,"8537;8538;8539;8540",2162
"Laptop","AD_Stan","NicoStan_BridgeStan",10000,1,16,16,1,20,"b352a26c8e9b174599c6b645056fb577","NicoStan_BridgeStan_state_allocation_thread_setup_sampling_model_load_divergence_check","iteration_difference","main_scaling","two_run_difference",NA,4,14.1634210526319,14.1910526315786,0.135968534189707,0.980999999999618,14.4362499999999,0.272828947368025,0.708171052631593,0.967499999999873,14.4829999999996,0.260447368420261,0.709552631578931,0,FALSE,FALSE,1.12967057468272,22.5934114936545,0,"7317;7318;7319;7320",1857
"HPC","Mplus_WCP","mplus",10000,1,64,32,2,500,"b97502ef4c1796520d0acd01a82ea24d","Mplus_input_write_engine_run_output_validation_BITERATIONS","overhead_subtraction","main_scaling","two_run_difference",NA,3,28.8833333333334,27.9000000000001,3.485628828968,0.787666666666667,29.671,0.787666666666667,0.0577666666666667,0.786999999999978,28.687,0.786999999999978,0.0558000000000001,0,FALSE,FALSE,1.10790536641662,553.952683208309,NA,"4523;4524;4525",1143
"HPC","MD_BayesMVP_WCP","BayesMVP_NicoStan",50000,24,96,4,24,100,"3f8ed78629bdab9b833b52bd1450ea30","state_allocation_thread_setup_sampling_divergence_check","iteration_difference","main_scaling","two_run_difference",NA,4,3.61287878787896,3.68434343434336,0.209544028290934,0.144249999999886,3.72100000000006,0.108121212121096,0.0361287878787896,0.128499999999804,3.7645,0.0931060606058605,0.0368434343434336,0,FALSE,FALSE,1.10715034598443,110.715034598443,0,"7230;7236;7242;7248",1836
"Laptop","AD_Stan_WCP","NicoStan_BridgeStan",2500,50,16,4,4,200,"7184208393ceb4c8ae3e26f0d1660bdb","NicoStan_BridgeStan_state_allocation_thread_setup_sampling_model_load_divergence_check","iteration_difference","main_scaling","two_run_difference",50,4,3.67035175879326,3.71708542713427,0.105238496758842,0.0622500000006099,3.71424999999991,0.0438982412066436,0.0183517587939663,0.0610000000006607,3.75799999999981,0.0423442211061906,0.0185854271356714,0,FALSE,FALSE,1.08981380065738,217.962760131477,0,"8530;8532;8534;8536",2161
"HPC","AD_Stan_WCP","NicoStan_BridgeStan",50000,50,8,4,2,20,"3f8ed78629bdab9b833b52bd1450ea30","NicoStan_BridgeStan_state_allocation_thread_setup_sampling_model_load_divergence_check","iteration_difference","main_scaling","two_run_difference",1000,4,3.71815789473676,3.70473684210514,0.216742227040338,0.523000000000025,4.05524999999994,0.337092105263187,0.185907894736838,0.524499999999989,4.04999999999995,0.336263157894803,0.185236842105257,0,FALSE,FALSE,1.07580154292592,21.5160308585184,0,"3449;3456;3463;3470",863
"HPC","Mplus_WCP","mplus",2500,1,64,32,2,2000,"229e14792b0f4550a6f1e0887b422826","Mplus_input_write_engine_run_output_validation_BITERATIONS","overhead_subtraction","main_scaling","two_run_difference",NA,3,29.83,30.6600000000002,2.81820865089863,0.562000000000002,30.392,0.562000000000002,0.014915,0.558000000000007,31.1970000000002,0.558000000000007,0.0153300000000001,0,FALSE,FALSE,1.07274555816292,2145.49111632585,NA,"4457;4458;4459",1121
"HPC","Mplus_WCP","mplus",10000,1,96,4,24,500,"b97502ef4c1796520d0acd01a82ea24d","Mplus_input_write_engine_run_output_validation_BITERATIONS","overhead_subtraction","main_scaling","two_run_difference",NA,3,3.74400000000007,3.71199999999999,0.0571664237119178,0.586999999999913,4.33099999999998,0.586999999999913,0.00748800000000013,0.589999999999918,4.29999999999995,0.589999999999918,0.00742399999999998,0,FALSE,FALSE,1.06837606837605,534.188034188025,NA,"4473;4480;4487",1129
"HPC","AD_Stan_chunked","NicoStan_BridgeStan",50000,10,4,4,1,10,"3f8ed78629bdab9b833b52bd1450ea30","NicoStan_BridgeStan_state_allocation_thread_setup_sampling_model_load_divergence_check","iteration_difference","main_scaling","two_run_difference",5000,4,3.76833333333359,3.81888888888985,0.290809145055365,0.874249999999876,4.26575000000011,0.497416666666516,0.376833333333359,0.735499999999774,4.33600000000024,0.346999999999468,0.381888888888985,0,FALSE,FALSE,1.06147722246786,10.6147722246786,0,"765;766;767;768",192
"HPC","Mplus_WCP","mplus",2500,1,96,16,6,2000,"229e14792b0f4550a6f1e0887b422826","Mplus_input_write_engine_run_output_validation_BITERATIONS","overhead_subtraction","main_scaling","two_run_difference",NA,3,15.0793333333334,15.2780000000002,0.497684973987821,0.493333333333339,15.5726666666668,0.493333333333339,0.00753966666666671,0.470000000000027,15.7460000000001,0.470000000000027,0.00763900000000012,0,FALSE,FALSE,1.06105486537866,2122.10973075731,NA,"4447;4451;4455",1119
"Laptop","AD_Stan_WCP","NicoStan_BridgeStan",500,10,8,4,2,800,"257aba3ac8b8727679d269bf8597bb85","NicoStan_BridgeStan_state_allocation_thread_setup_sampling_model_load_divergence_check","iteration_difference","main_scaling","two_run_difference",50,4,3.78498122653331,3.7566958698367,0.077584075794259,0.0145000000000621,3.79475000000021,0.00976877346689549,0.00473122653316664,0.0140000000005145,3.76599999999992,0.00932853566919086,0.00469586983729588,0,FALSE,FALSE,1.05680841214201,845.446729713611,0,"8437;8439;8441;8443",2137
"HPC","Mplus_WCP","mplus",10000,1,96,16,6,500,"b97502ef4c1796520d0acd01a82ea24d","Mplus_input_write_engine_run_output_validation_BITERATIONS","overhead_subtraction","main_scaling","two_run_difference",NA,3,15.3170000000002,14.9750000000001,0.681703014515788,0.608333333333273,15.9253333333334,0.608333333333273,0.0306340000000003,0.601999999999862,15.5740000000001,0.601999999999862,0.0299500000000003,0,FALSE,FALSE,1.04459097734542,522.295488672711,NA,"4510;4515;4520",1140
"HPC","Mplus_WCP","mplus",10000,1,96,8,12,500,"b97502ef4c1796520d0acd01a82ea24d","Mplus_input_write_engine_run_output_validation_BITERATIONS","overhead_subtraction","main_scaling","two_run_difference",NA,3,7.69133333333328,7.45900000000006,0.405013991527805,0.600666666666712,8.29199999999999,0.600666666666712,0.0153826666666666,0.601000000000113,8.07300000000009,0.601000000000113,0.0149180000000001,0,FALSE,FALSE,1.04013175002168,520.065875010838,NA,"4493;4499;4505",1135
"HPC","MD_BayesMVP_WCP","BayesMVP_NicoStan",50000,500,128,4,32,100,"3f8ed78629bdab9b833b52bd1450ea30","state_allocation_thread_setup_sampling_divergence_check","iteration_difference","main_scaling","two_run_difference",NA,4,3.86994949494931,3.89393939393895,0.184997226314753,0.0944999999999538,3.92574999999977,0.0558005050504608,0.0386994949494931,0.0935000000000628,3.95299999999952,0.0560959595960261,0.0389393939393895,0,FALSE,FALSE,1.03360522022844,103.360522022844,0,"6882;6907;6932;6957",1752
"HPC","MD_BayesMVP_WCP","BayesMVP_NicoStan",500,8,32,4,8,2000,"5fff1836d43ae39c037ca22d13a50ed5","state_allocation_thread_setup_sampling_divergence_check","iteration_difference","main_scaling","two_run_difference",NA,4,3.96898449224594,3.96198099049506,0.0582471047381005,0.00550000000006889,3.97249999999988,0.00351550775394593,0.00198449224612297,0.00500000000010914,3.96499999999986,0.00303651825923884,0.00198099049524753,0,FALSE,FALSE,1.00781446937237,2015.62893874474,0,"7077;7081;7085;7089",1797
"HPC","Mplus_standard","mplus",50000,1,96,96,1,100,"3f8ed78629bdab9b833b52bd1450ea30","Mplus_input_write_engine_run_output_validation_BITERATIONS","overhead_subtraction","main_scaling","two_run_difference",NA,3,95.452,95.9929999999999,1.0875904560081,6.612,102.064,6.612,0.95452,6.59999999999991,102.556,6.59999999999991,0.959929999999999,0,FALSE,FALSE,1.0057411054771,100.57411054771,NA,"4703;4704;4705",1203
"Laptop","MD_BayesMVP","BayesMVP_NicoStan",500,1,2,2,1,400,"257aba3ac8b8727679d269bf8597bb85","state_allocation_thread_setup_sampling_divergence_check","iteration_difference","main_scaling","two_run_difference",NA,4,1.99498746867168,1.99699248120301,0.013400125417385,0.0059999999999989,1.996,0.00101253132831969,0.00498746867167921,0.00600000000000023,1.998,0.0010075187969927,0.00499248120300753,0,FALSE,FALSE,1.00251256281407,401.005025125628,0,"9054;9059;9064;9069",2292
"HPC","Mplus_WCP","mplus",50000,1,64,32,2,100,"3f8ed78629bdab9b833b52bd1450ea30","Mplus_input_write_engine_run_output_validation_BITERATIONS","overhead_subtraction","main_scaling","two_run_difference",NA,3,32.2883333333333,30.089,4.91874225115866,2.13366666666666,34.422,2.13366666666666,0.322883333333333,2.13799999999998,32.259,2.13799999999998,0.30089,0,FALSE,FALSE,0.991070045940226,99.1070045940226,NA,"4589;4590;4591",1165
"HPC","MD_BayesMVP_WCP","BayesMVP_NicoStan",10000,10,8,4,2,200,"b97502ef4c1796520d0acd01a82ea24d","state_allocation_thread_setup_sampling_divergence_check","iteration_difference","main_scaling","two_run_difference",NA,4,4.05804020100518,4.0874371859301,0.0994632193159779,0.0295000000000059,4.06725000000016,0.00920979899497997,0.0202902010050259,0.0289999999999964,4.09750000000022,0.00903768844220586,0.0204371859296505,0,FALSE,FALSE,0.985697480032159,197.139496006432,0,"6005;6022;6039;6056",1529
"HPC","Mplus_WCP","mplus",50000,1,96,8,12,100,"3f8ed78629bdab9b833b52bd1450ea30","Mplus_input_write_engine_run_output_validation_BITERATIONS","overhead_subtraction","main_scaling","two_run_difference",NA,3,8.13333333333306,8.01599999999962,0.383699535227031,1.23300000000017,9.36633333333324,1.23300000000017,0.0813333333333306,1.23500000000013,9.25099999999975,1.23500000000013,0.0801599999999962,0,FALSE,FALSE,0.983606557377082,98.3606557377082,NA,"4559;4565;4571",1157
"HPC","MD_BayesMVP_WCP","BayesMVP_NicoStan",500,4,16,4,4,2000,"5fff1836d43ae39c037ca22d13a50ed5","state_allocation_thread_setup_sampling_divergence_check","iteration_difference","main_scaling","two_run_difference",NA,4,4.07503751875897,4.11405702851425,0.200935391617397,0.00450000000023199,4.07749999999983,0.0024624812408525,0.00203751875937949,0.00450000000000195,4.1165,0.00244297148574482,0.00205702851425713,0,FALSE,FALSE,0.981586054505376,1963.17210901075,0,"5618;5631;5644;5657",1433
"Laptop","MD_BayesMVP_WCP","BayesMVP_NicoStan",2500,10,16,8,2,400,"7184208393ceb4c8ae3e26f0d1660bdb","state_allocation_thread_setup_sampling_divergence_check","iteration_difference","main_scaling","two_run_difference",NA,4,8.1706766917293,8.18646616541366,0.12734953800029,0.0562500000002046,8.20650000000018,0.0358233082708814,0.0204266917293233,0.0570000000003006,8.22150000000023,0.0366127819551882,0.0204661654135341,0,FALSE,FALSE,0.979111070212573,391.644428085029,0,"9634;9640;9646;9652",2440
"HPC","MD_BayesMVP","BayesMVP_NicoStan",50000,100,8,8,1,50,"3f8ed78629bdab9b833b52bd1450ea30","state_allocation_thread_setup_sampling_divergence_check","iteration_difference","main_scaling","two_run_difference",NA,4,8.18418367346901,8.19591836734663,0.0439328871130569,0.212750000000142,8.23324999999977,0.0490663265307617,0.16368367346938,0.222499999999854,8.23399999999992,0.0581428571427119,0.163918367346933,0,FALSE,FALSE,0.97749516863043,48.8747584315215,0,"5448;5457;5466;5475",1392
"HPC","MD_BayesMVP_WCP","BayesMVP_NicoStan",50000,44,176,4,44,100,"3f8ed78629bdab9b833b52bd1450ea30","state_allocation_thread_setup_sampling_divergence_check","iteration_difference","main_scaling","two_run_difference",NA,4,4.1002525252526,4.14545454545459,0.187678425800671,0.175000000000011,4.23425000000009,0.133997474747485,0.041002525252526,0.185500000000047,4.28999999999985,0.144545454545262,0.0414545454545459,0,FALSE,FALSE,0.975549670505617,97.5549670505617,0,"7254;7256;7258;7260",1842
"Laptop","AD_Stan_WCP","NicoStan_BridgeStan",500,10,16,2,8,800,"257aba3ac8b8727679d269bf8597bb85","NicoStan_BridgeStan_state_allocation_thread_setup_sampling_model_load_divergence_check","iteration_difference","main_scaling","two_run_difference",50,4,2.05356695869865,2.06007509386769,0.0609531164166226,0.0119999999995564,2.06299999999983,0.00943304130118305,0.00256695869837331,0.0114999999994012,2.07050000000007,0.00889236545622199,0.00257509386733462,0,FALSE,FALSE,0.973915163334827,779.132130667861,0,"8427;8430;8433;8436",2136
"Laptop","AD_Stan_tape_chunked","NicoStan_BridgeStan",50000,1000,8,8,1,10,"50597d787bf5578f0fdbdd94f2702741","NicoStan_BridgeStan_state_allocation_thread_setup_sampling_model_load_divergence_check","iteration_difference","main_scaling","two_run_difference",50,4,8.32250000000004,8.28055555555554,0.136657256526434,1.58474999999999,9.07500000000002,0.752499999999982,0.832250000000003,1.58499999999998,9.03699999999998,0.756444444444437,0.828055555555554,0,FALSE,FALSE,0.961249624511861,9.61249624511861,0,"8345;8346;8347;8348",2114
"HPC","MD_BayesMVP_WCP","BayesMVP_NicoStan",50000,250,32,4,8,100,"3f8ed78629bdab9b833b52bd1450ea30","state_allocation_thread_setup_sampling_divergence_check","iteration_difference","main_scaling","two_run_difference",NA,4,4.1739898989897,4.16414141414096,0.155341964953482,0.0805000000000575,4.21274999999986,0.0387601010101606,0.041739898989897,0.081000000000131,4.20049999999969,0.0404141414142767,0.0416414141414096,0,FALSE,FALSE,0.958315687579452,95.8315687579452,0,"6779;6804;6829;6854",1724
"Laptop","AD_Stan_WCP","NicoStan_BridgeStan",2500,100,16,2,8,200,"7184208393ceb4c8ae3e26f0d1660bdb","NicoStan_BridgeStan_state_allocation_thread_setup_sampling_model_load_divergence_check","iteration_difference","main_scaling","two_run_difference",25,4,2.08743718592965,2.09547738693467,0.0226521159187615,0.049999999999998,2.127,0.0395628140703498,0.0104371859296483,0.0464999999999982,2.1315,0.0360226130653248,0.0104773869346734,0,FALSE,FALSE,0.958112662493981,191.622532498796,0,"8543;8546;8549;8552",2165
"Laptop","AD_Stan_WCP","NicoStan_BridgeStan",500,10,8,2,4,800,"257aba3ac8b8727679d269bf8597bb85","NicoStan_BridgeStan_state_allocation_thread_setup_sampling_model_load_divergence_check","iteration_difference","main_scaling","two_run_difference",50,4,2.10638297872359,2.12565707133989,0.0917457358578893,0.0107499999997547,2.11449999999994,0.00811702127635019,0.00263297872340448,0.0109999999992993,2.13400000000001,0.00829349186434309,0.00265707133917486,0,FALSE,FALSE,0.949494949494867,759.595959595894,0,"8426;8429;8432;8435",2135
"Laptop","AD_Stan_WCP","NicoStan_BridgeStan",2500,25,8,4,2,200,"7184208393ceb4c8ae3e26f0d1660bdb","NicoStan_BridgeStan_state_allocation_thread_setup_sampling_model_load_divergence_check","iteration_difference","main_scaling","two_run_difference",100,4,4.24145728643265,4.24472361809142,0.171806147315542,0.0674999999997468,4.28775000000023,0.0462927135675835,0.0212072864321632,0.0674999999993418,4.28800000000047,0.0462386934666794,0.0212236180904571,0,FALSE,FALSE,0.943072092885385,188.614418577077,0,"8505;8507;8509;8511",2154
"Laptop","Mplus_standard","mplus",2500,1,8,8,1,400,"7184208393ceb4c8ae3e26f0d1660bdb","Mplus_input_write_engine_run_output_validation_BITERATIONS","overhead_subtraction","main_scaling","two_run_difference",NA,3,8.51433333333333,8.518,0.0090737717258618,0.766000000000001,9.28033333333334,0.766000000000001,0.0212858333333333,0.768000000000001,9.28100000000001,0.768000000000001,0.021295,0,FALSE,FALSE,0.939592060447089,375.836824178836,NA,"10117;10118;10119",2565
"HPC","AD_Stan","NicoStan_BridgeStan",10000,1,1,1,1,20,"b97502ef4c1796520d0acd01a82ea24d","NicoStan_BridgeStan_state_allocation_thread_setup_sampling_model_load_divergence_check","iteration_difference","main_scaling","two_run_difference",NA,4,1.07500000000018,1.07263157894743,0.0103627645094319,0.139249999999926,1.1605000000001,0.0854999999999169,0.053750000000009,0.126499999999851,1.15050000000019,0.0726052631577276,0.0536315789473717,0,FALSE,FALSE,0.930232558139379,18.6046511627876,0,"73;74;75;76",19
"HPC","MD_BayesMVP","BayesMVP_NicoStan",500,2,1,1,1,400,"5fff1836d43ae39c037ca22d13a50ed5","state_allocation_thread_setup_sampling_divergence_check","iteration_difference","main_scaling","two_run_difference",NA,4,1.08822055137843,1.09373433583958,0.0133374783916402,0.00400000000000933,1.08949999999999,0.00127944862156325,0.00272055137844608,0.00400000000001022,1.09499999999999,0.00126566416041126,0.00273433583959896,0,FALSE,FALSE,0.918931368033177,367.572547213271,0,"4745;4754;4763;4772",1214
"HPC","Mplus_WCP","mplus",500,1,128,16,8,10000,"5fff1836d43ae39c037ca22d13a50ed5","Mplus_input_write_engine_run_output_validation_BITERATIONS","overhead_subtraction","main_scaling","two_run_difference",NA,3,17.9623333333334,18.294,0.738635453612444,0.45066666666664,18.413,0.45066666666664,0.00179623333333334,0.449999999999989,18.751,0.449999999999989,0.0018294,0,FALSE,FALSE,0.890752871750142,8907.52871750142,NA,"4406;4410;4414",1106
"HPC","Mplus_WCP","mplus",2500,1,64,16,4,2000,"229e14792b0f4550a6f1e0887b422826","Mplus_input_write_engine_run_output_validation_BITERATIONS","overhead_subtraction","main_scaling","two_run_difference",NA,3,18.0740000000001,18.076,0.553002712470627,0.508333333333288,18.5823333333334,0.508333333333288,0.00903700000000003,0.489000000000033,18.5650000000001,0.489000000000033,0.00903800000000001,0,FALSE,FALSE,0.885249529711184,1770.49905942237,NA,"4446;4450;4454",1118
"HPC","Mplus_WCP","mplus",50000,1,64,16,4,100,"3f8ed78629bdab9b833b52bd1450ea30","Mplus_input_write_engine_run_output_validation_BITERATIONS","overhead_subtraction","main_scaling","two_run_difference",NA,3,18.1213333333332,17.9939999999997,0.27141174133296,1.38466666666667,19.5059999999999,1.38466666666667,0.181213333333332,1.38599999999997,19.3979999999997,1.38599999999997,0.179939999999997,0,FALSE,FALSE,0.882937237878014,88.2937237878014,NA,"4575;4580;4585",1161
"Laptop","Mplus_standard","mplus",2500,1,4,4,1,400,"7184208393ceb4c8ae3e26f0d1660bdb","Mplus_input_write_engine_run_output_validation_BITERATIONS","overhead_subtraction","main_scaling","two_run_difference",NA,3,4.54433333333333,4.59,0.0969346859144513,0.74866666666667,5.293,0.74866666666667,0.0113608333333333,0.739000000000004,5.328,0.739000000000004,0.011475,0,FALSE,FALSE,0.88021712022299,352.086848089196,NA,"10114;10115;10116",2564
"HPC","Mplus_WCP","mplus",10000,1,64,16,4,500,"b97502ef4c1796520d0acd01a82ea24d","Mplus_input_write_engine_run_output_validation_BITERATIONS","overhead_subtraction","main_scaling","two_run_difference",NA,3,18.2596666666667,18.2539999999999,0.650518511138183,0.604999999999942,18.8646666666667,0.604999999999942,0.0365193333333335,0.603999999999814,18.857,0.603999999999814,0.0365079999999998,0,FALSE,FALSE,0.876248197301882,438.124098650941,NA,"4509;4514;4519",1139
"HPC","Mplus_WCP","mplus",10000,1,64,4,16,500,"b97502ef4c1796520d0acd01a82ea24d","Mplus_input_write_engine_run_output_validation_BITERATIONS","overhead_subtraction","main_scaling","two_run_difference",NA,3,4.57366666666659,4.58600000000001,0.170834227639888,0.609000000000075,5.18266666666667,0.609000000000075,0.00914733333333318,0.609000000000151,5.18200000000002,0.609000000000151,0.00917200000000003,0,FALSE,FALSE,0.874571824211077,437.285912105539,NA,"4472;4479;4486",1128
"Laptop","Mplus_standard","mplus",500,1,8,8,1,2000,"257aba3ac8b8727679d269bf8597bb85","Mplus_input_write_engine_run_output_validation_BITERATIONS","overhead_subtraction","main_scaling","two_run_difference",NA,3,9.153,9.12200000000001,0.0554346462061307,0.492333333333332,9.64533333333334,0.492333333333332,0.0045765,0.489000000000004,9.629,0.489000000000004,0.00456100000000001,0,FALSE,FALSE,0.874030372555446,1748.06074511089,NA,"10102;10103;10104",2560
"HPC","Mplus_WCP","mplus",50000,1,64,4,16,100,"3f8ed78629bdab9b833b52bd1450ea30","Mplus_input_write_engine_run_output_validation_BITERATIONS","overhead_subtraction","main_scaling","two_run_difference",NA,3,4.65433333333355,4.5630000000001,0.197528057078896,1.31700000000001,5.97133333333356,1.31700000000001,0.0465433333333355,1.34900000000016,5.91200000000026,1.34900000000016,0.045630000000001,0,FALSE,FALSE,0.85941416601013,85.941416601013,NA,"4538;4545;4552",1150
"Laptop","MD_BayesMVP_WCP","BayesMVP_NicoStan",2500,10,8,4,2,400,"7184208393ceb4c8ae3e26f0d1660bdb","state_allocation_thread_setup_sampling_divergence_check","iteration_difference","main_scaling","two_run_difference",NA,4,4.65538847117765,4.6461152882205,0.15275067269937,0.0275000000002947,4.67125,0.0158615288223506,0.0116384711779441,0.0275000000006003,4.66600000000017,0.0155802005018549,0.0116152882205512,0,FALSE,FALSE,0.859219380888345,343.687752355338,0,"9632;9638;9644;9650",2438
"Laptop","AD_Stan_WCP","NicoStan_BridgeStan",2500,25,8,2,4,200,"7184208393ceb4c8ae3e26f0d1660bdb","NicoStan_BridgeStan_state_allocation_thread_setup_sampling_model_load_divergence_check","iteration_difference","main_scaling","two_run_difference",100,4,2.33391959798958,2.36532663316508,0.10836071036634,0.0510000000001938,2.37324999999982,0.0393304020102459,0.0116695979899479,0.0510000000003856,2.40449999999964,0.0391733668345602,0.0118266331658254,0,FALSE,FALSE,0.85692754871367,171.385509742734,0,"8494;8497;8500;8503",2152
"Laptop","AD_Stan","NicoStan_BridgeStan",2500,1,1,1,1,40,"7184208393ceb4c8ae3e26f0d1660bdb","NicoStan_BridgeStan_state_allocation_thread_setup_sampling_model_load_divergence_check","iteration_difference","main_scaling","two_run_difference",NA,4,1.17871794871657,1.17999999999898,0.0118245631476949,0.0680000000007572,1.21724999999942,0.0385320512828429,0.0294679487179144,0.0625000000007567,1.21749999999884,0.0332051282059103,0.0294999999999746,0,FALSE,FALSE,0.848379377856112,33.9351751142445,0,"7281;7282;7283;7284",1848
"HPC","MD_BayesMVP_WCP","BayesMVP_NicoStan",500,4,8,4,2,2000,"5fff1836d43ae39c037ca22d13a50ed5","state_allocation_thread_setup_sampling_divergence_check","iteration_difference","main_scaling","two_run_difference",NA,4,4.72361180590284,4.67383691845885,0.177690224611554,0.00425000000000342,4.7254999999999,0.001888194097052,0.00236180590295142,0.00449999999995221,4.67599999999957,0.00216308154072278,0.00233691845922942,0,FALSE,FALSE,0.846809637278282,1693.61927455656,0,"5617;5630;5643;5656",1432
"Laptop","AD_Stan","NicoStan_BridgeStan",500,1,1,1,1,200,"257aba3ac8b8727679d269bf8597bb85","NicoStan_BridgeStan_state_allocation_thread_setup_sampling_model_load_divergence_check","iteration_difference","main_scaling","two_run_difference",NA,4,1.19899497487423,1.20100502512534,0.00701120587447401,0.0154999999987484,1.2084999999986,0.00950502512437728,0.00599497487437113,0.0144999999974971,1.20949999999721,0.00849497487187039,0.00600502512562668,0,FALSE,FALSE,0.83403185247286,166.806370494572,0,"7261;7262;7263;7264",1843
"HPC","MD_BayesMVP_WCP","BayesMVP_NicoStan",50000,50,16,8,2,100,"3f8ed78629bdab9b833b52bd1450ea30","state_allocation_thread_setup_sampling_divergence_check","iteration_difference","main_scaling","two_run_difference",NA,4,9.69924242424228,9.62121212121216,0.354856957366264,0.173250000000138,9.77549999999999,0.0762575757577152,0.0969924242424228,0.175500000000284,9.69250000000005,0.0812272727275338,0.0962121212121216,0,FALSE,FALSE,0.824806685932997,82.4806685932997,0,"6584;6609;6634;6659",1679
"HPC","Mplus_WCP","mplus",500,1,64,32,2,10000,"5fff1836d43ae39c037ca22d13a50ed5","Mplus_input_write_engine_run_output_validation_BITERATIONS","overhead_subtraction","main_scaling","two_run_difference",NA,3,39.1066666666667,35.73,5.88323323805313,0.62,39.7266666666667,0.62,0.00391066666666667,0.463,36.193,0.463,0.003573,0,FALSE,FALSE,0.818274803954995,8182.74803954995,NA,"4415;4416;4417",1107
"Laptop","Mplus_standard","mplus",500,1,4,4,1,2000,"257aba3ac8b8727679d269bf8597bb85","Mplus_input_write_engine_run_output_validation_BITERATIONS","overhead_subtraction","main_scaling","two_run_difference",NA,3,4.95666666666667,4.892,0.132424821439691,0.486333333333332,5.443,0.486333333333332,0.00247833333333333,0.486999999999995,5.379,0.486999999999995,0.002446,0,FALSE,FALSE,0.806993947545394,1613.98789509079,NA,"10099;10100;10101",2559
"HPC","Mplus_WCP","mplus",500,1,96,16,6,10000,"5fff1836d43ae39c037ca22d13a50ed5","Mplus_input_write_engine_run_output_validation_BITERATIONS","overhead_subtraction","main_scaling","two_run_difference",NA,3,19.9553333333333,19.7769999999999,0.465845825712037,0.464333333333324,20.4196666666666,0.464333333333324,0.00199553333333333,0.442999999999984,20.2199999999999,0.442999999999984,0.00197769999999999,0,FALSE,FALSE,0.801790665820333,8017.90665820333,NA,"4405;4409;4413",1105
"HPC","Mplus_standard","mplus",2500,1,16,16,1,400,"229e14792b0f4550a6f1e0887b422826","Mplus_input_write_engine_run_output_validation_BITERATIONS","overhead_subtraction","main_scaling","two_run_difference",NA,3,20.096,20.1370000000001,0.34533027669176,0.661000000000001,20.757,0.661000000000001,0.05024,0.656999999999982,20.794,0.656999999999982,0.0503425000000001,0,FALSE,FALSE,0.796178343949044,318.471337579618,NA,"4640;4641;4642",1182
"HPC","Mplus_WCP","mplus",2500,1,64,8,8,2000,"229e14792b0f4550a6f1e0887b422826","Mplus_input_write_engine_run_output_validation_BITERATIONS","overhead_subtraction","main_scaling","two_run_difference",NA,3,10.0503333333334,9.49800000000005,1.21740886038063,0.499666666666675,10.5500000000001,0.499666666666675,0.0050251666666667,0.466000000000008,9.95500000000004,0.466000000000008,0.00474900000000002,0,FALSE,FALSE,0.795993499386417,1591.98699877283,NA,"4438;4441;4444",1116
"Laptop","AD_Stan","NicoStan_BridgeStan",10000,1,2,2,1,20,"b352a26c8e9b174599c6b645056fb577","NicoStan_BridgeStan_state_allocation_thread_setup_sampling_model_load_divergence_check","iteration_difference","main_scaling","two_run_difference",NA,4,2.5126315789469,2.50947368420958,0.0319163264314635,0.289999999999761,2.67699999999931,0.164368421052416,0.125631578947345,0.273999999999717,2.64949999999862,0.149710526315517,0.125473684210479,0,FALSE,FALSE,0.795978215333203,15.9195643066641,0,"7305;7306;7307;7308",1854
"HPC","Mplus_standard","mplus",10000,1,32,32,1,200,"b97502ef4c1796520d0acd01a82ea24d","Mplus_input_write_engine_run_output_validation_BITERATIONS","overhead_subtraction","main_scaling","two_run_difference",NA,3,41.0373333333334,40.8530000000001,1.33408557946389,1.47166666666658,42.509,1.47166666666658,0.205186666666667,1.47399999999993,42.3440000000001,1.47399999999993,0.204265,0,FALSE,FALSE,0.779777763337447,155.955552667489,NA,"4670;4671;4672",1192
"HPC","AD_Stan_tape_chunked","NicoStan_BridgeStan",10000,10,1,1,1,20,"b97502ef4c1796520d0acd01a82ea24d","NicoStan_BridgeStan_state_allocation_thread_setup_sampling_model_load_divergence_check","iteration_difference","main_scaling","two_run_difference",1000,4,1.31342105263156,1.30736842105259,0.0232593471515602,0.135500000000022,1.38325,0.0698289473684437,0.065671052631578,0.135500000000036,1.37649999999999,0.0691315789474016,0.0653684210526296,0,FALSE,FALSE,0.761370466840324,15.2274093368065,0,"1461;1462;1463;1464",366
"HPC","Mplus_WCP","mplus",50000,1,64,8,8,100,"3f8ed78629bdab9b833b52bd1450ea30","Mplus_input_write_engine_run_output_validation_BITERATIONS","overhead_subtraction","main_scaling","two_run_difference",NA,3,10.7036666666668,10.491,0.377042879965982,1.45199999999992,12.1556666666667,1.45199999999992,0.107036666666668,1.45399999999972,11.9350000000004,1.45399999999972,0.10491,0,FALSE,FALSE,0.74740743047553,74.740743047553,NA,"4558;4564;4570",1156
"Laptop","MD_BayesMVP","BayesMVP_NicoStan",10000,10,4,4,1,80,"b352a26c8e9b174599c6b645056fb577","state_allocation_thread_setup_sampling_divergence_check","iteration_difference","main_scaling","two_run_difference",NA,4,5.37670886075954,5.37164556962033,0.106851839484143,0.0880000000000081,5.39750000000005,0.0207911392405139,0.0672088607594942,0.0860000000000412,5.39600000000004,0.0198924050633323,0.0671455696202541,0,FALSE,FALSE,0.743949524437323,59.5159619549859,0,"9283;9288;9293;9298",2350
"Laptop","AD_Stan_WCP","NicoStan_BridgeStan",10000,250,16,8,2,80,"b352a26c8e9b174599c6b645056fb577","NicoStan_BridgeStan_state_allocation_thread_setup_sampling_model_load_divergence_check","iteration_difference","main_scaling","two_run_difference",40,4,10.766582278481,10.7498734177215,0.0540485083427146,0.292750000000012,10.92475,0.158167721519,0.134582278481012,0.291500000000013,10.9075,0.157126582278495,0.134373417721519,0,FALSE,FALSE,0.74303987960873,59.4431903686984,0,"8725;8726;8727;8728",2209
"HPC","Mplus_standard","mplus",500,1,16,16,1,2000,"5fff1836d43ae39c037ca22d13a50ed5","Mplus_input_write_engine_run_output_validation_BITERATIONS","overhead_subtraction","main_scaling","two_run_difference",NA,3,21.707,20.991,1.61664498267244,0.465333333333338,22.1723333333333,0.465333333333338,0.0108535,0.465000000000003,21.44,0.465000000000003,0.0104955,0,FALSE,FALSE,0.737089418160041,1474.17883632008,NA,"4613;4614;4615",1173
"Laptop","AD_Stan_WCP","NicoStan_BridgeStan",10000,250,16,4,4,80,"b352a26c8e9b174599c6b645056fb577","NicoStan_BridgeStan_state_allocation_thread_setup_sampling_model_load_divergence_check","iteration_difference","main_scaling","two_run_difference",40,4,5.44607594936709,5.44607594936707,0.00369770502956719,0.216500000000011,5.59450000000001,0.148424050632922,0.0680759493670886,0.215000000000003,5.59300000000002,0.146924050632915,0.0680759493670884,0,FALSE,FALSE,0.734473782075121,58.7579025660097,0,"8718;8720;8722;8724",2208
"HPC","MD_BayesMVP","BayesMVP_NicoStan",10000,50,2,2,1,80,"b97502ef4c1796520d0acd01a82ea24d","state_allocation_thread_setup_sampling_divergence_check","iteration_difference","main_scaling","two_run_difference",NA,4,2.74582278481013,2.73721518987342,0.0379397870603337,0.0402500000000074,2.75175000000001,0.00592721518988081,0.0343227848101266,0.0400000000000347,2.74300000000002,0.00593037974681537,0.0342151898734178,0,FALSE,FALSE,0.728379125945048,58.2703300756038,0,"5194;5203;5212;5221",1327
"HPC","AD_Stan_chunked","NicoStan_BridgeStan",10000,4,1,1,1,20,"b97502ef4c1796520d0acd01a82ea24d","NicoStan_BridgeStan_state_allocation_thread_setup_sampling_model_load_divergence_check","iteration_difference","main_scaling","two_run_difference",2500,4,1.37421052631633,1.37631578947396,0.00700876644095071,0.149499999999847,1.45500000000036,0.0807894736840305,0.0687105263158165,0.132499999999709,1.44100000000071,0.0636315789470245,0.0688157894736979,0,FALSE,FALSE,0.727690540022693,14.5538108004539,0,"469;470;471;472",118
"HPC","Mplus_WCP","mplus",10000,1,64,8,8,500,"b97502ef4c1796520d0acd01a82ea24d","Mplus_input_write_engine_run_output_validation_BITERATIONS","overhead_subtraction","main_scaling","two_run_difference",NA,3,11.0586666666666,10.9029999999998,0.915480383915297,0.622333333333396,11.681,0.622333333333396,0.0221173333333331,0.627999999999929,11.5329999999999,0.627999999999929,0.0218059999999996,0,FALSE,FALSE,0.723414516517971,361.707258258986,NA,"4492;4498;4504",1134
"Laptop","AD_Stan_WCP","NicoStan_BridgeStan",10000,250,16,2,8,80,"b352a26c8e9b174599c6b645056fb577","NicoStan_BridgeStan_state_allocation_thread_setup_sampling_model_load_divergence_check","iteration_difference","main_scaling","two_run_difference",40,4,2.86632911392405,2.86886075949367,0.0310089552598634,0.173750000000013,3.00425000000001,0.137920886075962,0.0358291139240506,0.173500000000018,3.00550000000001,0.137873417721537,0.0358607594936709,0,FALSE,FALSE,0.697756580109521,55.8205264087617,0,"8707;8710;8713;8716",2206
"HPC","Mplus_WCP","mplus",500,1,64,16,4,10000,"5fff1836d43ae39c037ca22d13a50ed5","Mplus_input_write_engine_run_output_validation_BITERATIONS","overhead_subtraction","main_scaling","two_run_difference",NA,3,23.0016666666667,22.752,1.57243643220752,0.445333333333319,23.447,0.445333333333319,0.00230016666666667,0.423000000000002,23.173,0.423000000000002,0.0022752,0,FALSE,FALSE,0.695601767987826,6956.01767987826,NA,"4404;4408;4412",1104
"Laptop","MD_BayesMVP","BayesMVP_NicoStan",2500,4,1,1,1,80,"7184208393ceb4c8ae3e26f0d1660bdb","state_allocation_thread_setup_sampling_divergence_check","iteration_difference","main_scaling","two_run_difference",NA,4,1.44379746835443,1.44455696202531,0.0126852033243042,0.0202500000000008,1.446,0.00220253164557038,0.0180474683544304,0.0200000000000031,1.44649999999999,0.00196835443038276,0.0180569620253163,0,FALSE,FALSE,0.692617920392775,55.409433631422,0,"9177;9182;9187;9192",2322
"Laptop","AD_Stan_tape_chunked","NicoStan_BridgeStan",2500,4,1,1,1,40,"7184208393ceb4c8ae3e26f0d1660bdb","NicoStan_BridgeStan_state_allocation_thread_setup_sampling_model_load_divergence_check","iteration_difference","main_scaling","two_run_difference",625,4,1.44743589743635,1.45128205128295,0.0270760813127462,0.0702499999969728,1.48149999999741,0.0340641025610641,0.0361858974359087,0.0694999999962178,1.48349999999482,0.0337820512782243,0.0362820512820737,0,FALSE,FALSE,0.69087688219642,27.6350752878568,0,"7925;7926;7927;7928",2009
"Laptop","Mplus_standard","mplus",10000,1,16,16,1,200,"b352a26c8e9b174599c6b645056fb577","Mplus_input_write_engine_run_output_validation_BITERATIONS","overhead_subtraction","main_scaling","two_run_difference",NA,3,23.1636666666667,23.1920000000001,0.0822455672564157,1.89966666666667,25.0633333333334,1.89966666666667,0.115818333333333,1.89499999999998,25.087,1.89499999999998,0.11596,0,FALSE,FALSE,0.690736929962153,138.147385992431,NA,"10135;10136;10137",2571
"Laptop","AD_Stan_chunked","NicoStan_BridgeStan",2500,4,1,1,1,40,"7184208393ceb4c8ae3e26f0d1660bdb","NicoStan_BridgeStan_state_allocation_thread_setup_sampling_model_load_divergence_check","iteration_difference","main_scaling","two_run_difference",625,4,1.46282051282636,1.46461538462195,0.0162465121275707,0.0852499999966838,1.51150000000239,0.0486794871760248,0.036570512820659,0.0834999999933643,1.51450000000477,0.0468076923007641,0.0366153846155487,0,FALSE,FALSE,0.683610867657215,27.3444347062886,0,"7401;7402;7403;7404",1878
"Laptop","AD_Stan_tape_chunked","NicoStan_BridgeStan",10000,4,2,2,1,20,"b352a26c8e9b174599c6b645056fb577","NicoStan_BridgeStan_state_allocation_thread_setup_sampling_model_load_divergence_check","iteration_difference","main_scaling","two_run_difference",2500,4,2.93210526315707,2.93368421052468,0.00466811743669891,0.292000000000222,3.07749999999944,0.145394736842368,0.146605263157854,0.286000000000328,3.07399999999954,0.139263157895106,0.146684210526234,0,FALSE,FALSE,0.682103751570825,13.6420750314165,0,"8057;8058;8059;8060",2042
"Laptop","AD_Stan_chunked","NicoStan_BridgeStan",10000,4,2,2,1,20,"b352a26c8e9b174599c6b645056fb577","NicoStan_BridgeStan_state_allocation_thread_setup_sampling_model_load_divergence_check","iteration_difference","main_scaling","two_run_difference",2500,4,2.93868421052606,2.93526315789447,0.0340807254156225,0.319750000000226,3.11149999999999,0.172815789473923,0.146934210526303,0.293500000000023,3.10249999999996,0.146868421052667,0.146763157894723,0,FALSE,FALSE,0.680576699203068,13.6115339840614,0,"7525;7526;7527;7528",1909
"HPC","MD_BayesMVP_WCP","BayesMVP_NicoStan",50000,100,16,4,4,100,"3f8ed78629bdab9b833b52bd1450ea30","state_allocation_thread_setup_sampling_divergence_check","iteration_difference","main_scaling","two_run_difference",NA,4,5.9159090909091,5.82171717171719,0.209251674560785,0.104250000000178,5.96100000000018,0.0450909090910871,0.059159090909091,0.10100000000017,5.87050000000022,0.0417828282831919,0.0582171717171719,0,FALSE,FALSE,0.676142912024586,67.6142912024586,0,"6678;6703;6728;6753",1698
"Laptop","AD_Stan_tape_chunked","NicoStan_BridgeStan",500,2,1,1,1,200,"257aba3ac8b8727679d269bf8597bb85","NicoStan_BridgeStan_state_allocation_thread_setup_sampling_model_load_divergence_check","iteration_difference","main_scaling","two_run_difference",250,4,1.49472361808993,1.4849246231116,0.0213415060142255,0.0179999999997094,1.50524999999918,0.0105263819092597,0.00747361809044963,0.0174999999997096,1.49599999999575,0.00997738693436838,0.007424623115558,0,FALSE,FALSE,0.669020003362146,133.804000672429,0,"7861;7862;7863;7864",1993
"Laptop","MD_BayesMVP_WCP","BayesMVP_NicoStan",2500,25,16,4,4,400,"7184208393ceb4c8ae3e26f0d1660bdb","state_allocation_thread_setup_sampling_divergence_check","iteration_difference","main_scaling","two_run_difference",NA,4,6.02581453634065,6.00501253132807,0.196212058513944,0.0359999999999729,6.04674999999978,0.0209354636591213,0.0150645363408516,0.0374999999998806,6.02749999999963,0.0224874686715604,0.0150125313283202,0,FALSE,FALSE,0.663810672545045,265.524269018018,0,"9657;9663;9669;9675",2445
"Laptop","MD_BayesMVP_WCP","BayesMVP_NicoStan",2500,4,8,2,4,400,"7184208393ceb4c8ae3e26f0d1660bdb","state_allocation_thread_setup_sampling_divergence_check","iteration_difference","main_scaling","two_run_difference",NA,4,3.02030075187972,3.00501253132854,0.0787350448745178,0.0137499999998383,3.02649999999986,0.00619924812013897,0.00755075187969931,0.0135000000000076,3.01199999999993,0.0060914786967495,0.00751253132832134,0,FALSE,FALSE,0.662185710729394,264.874284291758,0,"9610;9615;9620;9625",2431
"HPC","Mplus_standard","mplus",2500,1,1,1,1,400,"229e14792b0f4550a6f1e0887b422826","Mplus_input_write_engine_run_output_validation_BITERATIONS","overhead_subtraction","main_scaling","two_run_difference",NA,3,1.51100000000002,1.51200000000006,0.00754983443523904,0.419000000000002,1.93000000000003,0.419000000000002,0.00377750000000006,0.416999999999973,1.93200000000002,0.416999999999973,0.00378000000000014,0,FALSE,FALSE,0.661813368630036,264.725347452014,NA,"4628;4629;4630",1178
"Laptop","AD_Stan_chunked","NicoStan_BridgeStan",500,2,1,1,1,200,"257aba3ac8b8727679d269bf8597bb85","NicoStan_BridgeStan_state_allocation_thread_setup_sampling_model_load_divergence_check","iteration_difference","main_scaling","two_run_difference",250,4,1.51884422110626,1.52814070351923,0.0286079303066016,0.0179999999979921,1.52924999999872,0.0104057788924608,0.0075942211055313,0.0164999999962747,1.54000000000134,0.00895226130280826,0.00764070351759613,0,FALSE,FALSE,0.65839536807247,131.679073614494,0,"7341;7342;7343;7344",1863
"HPC","Mplus_standard","mplus",50000,1,64,64,1,100,"3f8ed78629bdab9b833b52bd1450ea30","Mplus_input_write_engine_run_output_validation_BITERATIONS","overhead_subtraction","main_scaling","two_run_difference",NA,3,98.0403333333334,98.799,2.61295279967573,6.02566666666667,104.066,6.02566666666667,0.980403333333334,6.048,104.775,6.048,0.98799,0,FALSE,FALSE,0.652792558164837,65.2792558164837,NA,"4700;4701;4702",1202
"HPC","AD_Stan","NicoStan_BridgeStan",50000,1,2,2,1,10,"3f8ed78629bdab9b833b52bd1450ea30","NicoStan_BridgeStan_state_allocation_thread_setup_sampling_model_load_divergence_check","iteration_difference","main_scaling","two_run_difference",NA,4,3.06722222222216,3.101111111111,0.14581260875661,0.75174999999998,3.51224999999992,0.445027777777764,0.306722222222216,0.664999999999964,3.53049999999985,0.347722222222316,0.3101111111111,0,FALSE,FALSE,0.652055786995123,6.52055786995123,0,"113;114;115;116",29
"Laptop","Mplus_standard","mplus",2500,1,2,2,1,400,"7184208393ceb4c8ae3e26f0d1660bdb","Mplus_input_write_engine_run_output_validation_BITERATIONS","overhead_subtraction","main_scaling","two_run_difference",NA,3,3.10833333333333,3.10099999999997,0.0513939036592261,0.735000000000004,3.84333333333333,0.735000000000004,0.00777083333333332,0.735000000000014,3.83599999999998,0.735000000000014,0.00775249999999993,0,FALSE,FALSE,0.643431635388741,257.372654155496,NA,"10111;10112;10113",2563
"HPC","AD_Stan_tape_chunked","NicoStan_BridgeStan",50000,100,2,2,1,10,"3f8ed78629bdab9b833b52bd1450ea30","NicoStan_BridgeStan_state_allocation_thread_setup_sampling_model_load_divergence_check","iteration_difference","main_scaling","two_run_difference",500,4,3.29333333333327,3.27333333333324,0.0685235233406836,0.660750000000007,3.62474999999995,0.33141666666668,0.329333333333327,0.663000000000011,3.60299999999995,0.333166666666645,0.327333333333324,0,FALSE,FALSE,0.607287449392724,6.07287449392724,0,"1825;1826;1827;1828",457
"HPC","Mplus_standard","mplus",500,1,1,1,1,2000,"5fff1836d43ae39c037ca22d13a50ed5","Mplus_input_write_engine_run_output_validation_BITERATIONS","overhead_subtraction","main_scaling","two_run_difference",NA,3,1.65566666666667,1.654,0.0125830573921169,0.425666666666666,2.08133333333333,0.425666666666666,0.000827833333333334,0.427999999999997,2.082,0.427999999999997,0.000827000000000002,0,FALSE,FALSE,0.603986309643648,1207.9726192873,NA,"4601;4602;4603",1169
"Laptop","AD_Stan_WCP","NicoStan_BridgeStan",50000,1000,16,2,8,20,"50597d787bf5578f0fdbdd94f2702741","NicoStan_BridgeStan_state_allocation_thread_setup_sampling_model_load_divergence_check","iteration_difference","main_scaling","two_run_difference",50,4,3.3244736842106,3.32263157894736,0.039501744412519,0.83624999999995,3.99450000000002,0.67002631578942,0.16622368421053,0.837499999999977,3.99399999999997,0.671368421052609,0.166131578947368,0,FALSE,FALSE,0.601598986780641,12.0319797356128,0,"8923;8926;8929;8932",2260
"Laptop","AD_Stan_WCP","NicoStan_BridgeStan",50000,1000,16,8,2,20,"50597d787bf5578f0fdbdd94f2702741","NicoStan_BridgeStan_state_allocation_thread_setup_sampling_model_load_divergence_check","iteration_difference","main_scaling","two_run_difference",50,4,13.2992105263157,13.2610526315789,0.0835516991246655,1.40800000000004,14.04225,0.743039473684257,0.664960526315787,1.40900000000005,14.005,0.74213157894742,0.663052631578945,0,FALSE,FALSE,0.601539466133726,12.0307893226745,0,"8941;8942;8943;8944",2263
"Laptop","AD_Stan_WCP","NicoStan_BridgeStan",50000,1000,16,4,4,20,"50597d787bf5578f0fdbdd94f2702741","NicoStan_BridgeStan_state_allocation_thread_setup_sampling_model_load_divergence_check","iteration_difference","main_scaling","two_run_difference",50,4,6.65631578947359,6.65578947368413,0.0219206998560358,1.02125000000007,7.34474999999998,0.688434210526386,0.33281578947368,1.02150000000006,7.34449999999998,0.688710526315853,0.332789473684206,0,FALSE,FALSE,0.600933027595486,12.0186605519097,0,"8934;8936;8938;8940",2262
"Laptop","AD_Stan_WCP","NicoStan_BridgeStan",10000,100,8,4,2,80,"b352a26c8e9b174599c6b645056fb577","NicoStan_BridgeStan_state_allocation_thread_setup_sampling_model_load_divergence_check","iteration_difference","main_scaling","two_run_difference",100,4,6.65848101265766,6.63999999999887,0.176946631952346,0.230500000000063,6.80574999999951,0.147268987341842,0.0832310126582208,0.230499999999381,6.78999999999905,0.145803797467729,0.0829999999999858,0,FALSE,FALSE,0.600737614539422,48.0590091631538,0,"8693;8695;8697;8699",2201
"Laptop","Mplus_standard","mplus",500,1,2,2,1,2000,"257aba3ac8b8727679d269bf8597bb85","Mplus_input_write_engine_run_output_validation_BITERATIONS","overhead_subtraction","main_scaling","two_run_difference",NA,3,3.34066666666666,3.36799999999999,0.0526244556583097,0.485000000000003,3.82566666666666,0.485000000000003,0.00167033333333333,0.484000000000002,3.848,0.484000000000002,0.001684,0,FALSE,FALSE,0.598682897625225,1197.36579525045,NA,"10096;10097;10098",2558
"Laptop","AD_Stan_WCP","NicoStan_BridgeStan",500,4,4,2,2,800,"257aba3ac8b8727679d269bf8597bb85","NicoStan_BridgeStan_state_allocation_thread_setup_sampling_model_load_divergence_check","iteration_difference","main_scaling","two_run_difference",125,4,3.38723404255289,3.38072590738363,0.0841567674298459,0.0132500000000615,3.39624999999976,0.00901595744687038,0.00423404255319111,0.0130000000004138,3.39049999999952,0.00870025031330554,0.00422590738422953,0,FALSE,FALSE,0.590452261306586,472.361809045268,0,"8405;8407;8409;8411",2129
"HPC","Mplus_WCP","mplus",500,1,64,8,8,10000,"5fff1836d43ae39c037ca22d13a50ed5","Mplus_input_write_engine_run_output_validation_BITERATIONS","overhead_subtraction","main_scaling","two_run_difference",NA,3,13.5496666666667,13.597,0.273094000910538,0.431333333333328,13.981,0.431333333333328,0.00135496666666667,0.423000000000002,14.014,0.423000000000002,0.0013597,0,FALSE,FALSE,0.590420428546827,5904.20428546827,NA,"4396;4399;4402",1102
"Laptop","AD_Stan_WCP","NicoStan_BridgeStan",10000,250,8,2,4,80,"b352a26c8e9b174599c6b645056fb577","NicoStan_BridgeStan_state_allocation_thread_setup_sampling_model_load_divergence_check","iteration_difference","main_scaling","two_run_difference",40,4,3.40126582278481,3.39949367088608,0.0290849241002076,0.180999999999997,3.53975,0.138484177215187,0.0425158227848101,0.180000000000007,3.53700000000001,0.137506329113931,0.0424936708860759,0,FALSE,FALSE,0.588016375139561,47.0413100111649,0,"8706;8709;8712;8715",2205
"HPC","Mplus_standard","mplus",500,1,2,2,1,2000,"5fff1836d43ae39c037ca22d13a50ed5","Mplus_input_write_engine_run_output_validation_BITERATIONS","overhead_subtraction","main_scaling","two_run_difference",NA,3,3.40366666666667,3.383,0.0722518742548128,0.456000000000001,3.85966666666667,0.456000000000001,0.00170183333333333,0.451000000000001,3.854,0.451000000000001,0.0016915,0,FALSE,FALSE,0.587601606111057,1175.20321222211,NA,"4604;4605;4606",1170
"Laptop","MD_BayesMVP_WCP","BayesMVP_NicoStan",500,2,16,8,2,2000,"257aba3ac8b8727679d269bf8597bb85","state_allocation_thread_setup_sampling_divergence_check","iteration_difference","main_scaling","two_run_difference",NA,4,13.7943971985995,13.7813906953477,0.362118899416952,0.0212499999999869,13.8087500000001,0.0143528014006872,0.00689719859929973,0.0210000000001163,13.7955000000001,0.0141093046524424,0.00689069534767383,0,FALSE,FALSE,0.579945602901172,1159.89120580234,0,"9543;9546;9549;9552",2415
"HPC","Mplus_standard","mplus",2500,1,2,2,1,400,"229e14792b0f4550a6f1e0887b422826","Mplus_input_write_engine_run_output_validation_BITERATIONS","overhead_subtraction","main_scaling","two_run_difference",NA,3,3.52366666666668,3.60400000000004,0.234077622453189,0.600000000000004,4.12366666666668,0.600000000000004,0.00880916666666669,0.602000000000032,4.19200000000001,0.602000000000032,0.0090100000000001,0,FALSE,FALSE,0.567590577996404,227.036231198562,NA,"4631;4632;4633",1179
"Laptop","MD_BayesMVP_WCP","BayesMVP_NicoStan",10000,50,16,8,2,200,"b352a26c8e9b174599c6b645056fb577","state_allocation_thread_setup_sampling_divergence_check","iteration_difference","main_scaling","two_run_difference",NA,4,14.6258793969848,14.5914572864322,0.216360497827487,0.138000000000119,14.69075,0.0648706030151948,0.0731293969849241,0.135000000000332,14.6594999999999,0.0616984924626447,0.0729572864321609,0,FALSE,FALSE,0.546975657521778,109.395131504356,0,"9750;9756;9762;9768",2469
"HPC","AD_Stan_chunked","NicoStan_BridgeStan",50000,10,2,2,1,10,"3f8ed78629bdab9b833b52bd1450ea30","NicoStan_BridgeStan_state_allocation_thread_setup_sampling_model_load_divergence_check","iteration_difference","main_scaling","two_run_difference",5000,4,3.67111111111108,3.67333333333344,0.285739240532726,0.792250000000166,4.09625000000014,0.425138888889058,0.367111111111108,0.716000000000349,4.18950000000029,0.324166666667022,0.367333333333344,0,FALSE,FALSE,0.54479418886199,5.4479418886199,0,"761;762;763;764",191
"HPC","Mplus_WCP","mplus",10000,1,32,16,2,500,"b97502ef4c1796520d0acd01a82ea24d","Mplus_input_write_engine_run_output_validation_BITERATIONS","overhead_subtraction","main_scaling","two_run_difference",NA,3,29.7570000000001,29.8700000000001,3.67780219696495,0.719999999999876,30.477,0.719999999999876,0.0595140000000003,0.7199999999998,30.6030000000001,0.7199999999998,0.0597400000000002,0,FALSE,FALSE,0.537688611083104,268.844305541552,NA,"4508;4513;4518",1138
"HPC","Mplus_WCP","mplus",50000,1,32,16,2,100,"3f8ed78629bdab9b833b52bd1450ea30","Mplus_input_write_engine_run_output_validation_BITERATIONS","overhead_subtraction","main_scaling","two_run_difference",NA,3,30.2076666666664,30.3399999999997,0.617232803189502,1.92233333333358,32.13,1.92233333333358,0.302076666666664,1.90700000000015,32.2469999999998,1.90700000000015,0.303399999999997,0,FALSE,FALSE,0.529666861613503,52.9666861613503,NA,"4574;4579;4584",1160
"Laptop","AD_Stan_tape_chunked","NicoStan_BridgeStan",50000,250,4,4,1,10,"50597d787bf5578f0fdbdd94f2702741","NicoStan_BridgeStan_state_allocation_thread_setup_sampling_model_load_divergence_check","iteration_difference","main_scaling","two_run_difference",200,4,7.67749999999953,7.62722222222199,0.200662226685221,1.43525000000005,8.34499999999963,0.6675000000001,0.767749999999953,1.42500000000018,8.28949999999998,0.66750000000017,0.762722222222199,0,FALSE,FALSE,0.521002930641517,5.21002930641517,0,"8301;8302;8303;8304",2103
"Laptop","AD_Stan_chunked","NicoStan_BridgeStan",50000,1000,16,16,1,10,"50597d787bf5578f0fdbdd94f2702741","NicoStan_BridgeStan_state_allocation_thread_setup_sampling_model_load_divergence_check","iteration_difference","main_scaling","two_run_difference",50,4,30.8738888888888,30.8566666666667,0.119953694769646,5.68450000000001,33.4709999999999,2.59711111111113,3.08738888888888,5.66700000000003,33.478,2.58783333333338,3.08566666666667,0,FALSE,FALSE,0.518237273496123,5.18237273496123,0,"7817;7818;7819;7820",1982
"Laptop","AD_Stan_chunked","NicoStan_BridgeStan",50000,50,8,8,1,10,"50597d787bf5578f0fdbdd94f2702741","NicoStan_BridgeStan_state_allocation_thread_setup_sampling_model_load_divergence_check","iteration_difference","main_scaling","two_run_difference",1000,4,15.4772222222214,15.5699999999988,0.200662483037035,2.51850000000036,16.4479999999996,0.970777777778216,1.54772222222214,2.37199999999996,16.3759999999993,0.83355555555555,1.55699999999988,0,FALSE,FALSE,0.516888617681925,5.16888617681925,0,"7733;7734;7735;7736",1961
"Laptop","MD_BayesMVP","BayesMVP_NicoStan",500,1,1,1,1,400,"257aba3ac8b8727679d269bf8597bb85","state_allocation_thread_setup_sampling_divergence_check","iteration_difference","main_scaling","two_run_difference",NA,4,1.95087719298246,1.95238095238095,0.0120021954860908,0.00624999999999831,1.95225,0.00137280701754217,0.00487719298245615,0.00649999999999906,1.954,0.00160526315789468,0.00488095238095239,0,FALSE,FALSE,0.512589928057553,205.035971223021,0,"9053;9058;9063;9068",2291
"Laptop","AD_Stan_WCP","NicoStan_BridgeStan",2500,10,4,2,2,200,"7184208393ceb4c8ae3e26f0d1660bdb","NicoStan_BridgeStan_state_allocation_thread_setup_sampling_model_load_divergence_check","iteration_difference","main_scaling","two_run_difference",250,4,3.92738693467379,3.90753768844304,0.102306670762105,0.0564999999998435,3.96425000000026,0.0368630653264745,0.0196369346733689,0.0564999999996871,3.94450000000052,0.0369623115574719,0.0195376884422152,0,FALSE,FALSE,0.509244450131095,101.848890026219,0,"8469;8472;8475;8478",2145
"HPC","Mplus_WCP","mplus",10000,1,32,4,8,500,"b97502ef4c1796520d0acd01a82ea24d","Mplus_input_write_engine_run_output_validation_BITERATIONS","overhead_subtraction","main_scaling","two_run_difference",NA,3,7.93299999999992,7.94700000000012,0.277265215993805,0.734000000000075,8.66699999999999,0.734000000000075,0.0158659999999998,0.731999999999971,8.67900000000009,0.731999999999971,0.0158940000000002,0,FALSE,FALSE,0.504222866507001,252.111433253501,NA,"4471;4478;4485",1127
"HPC","Mplus_WCP","mplus",50000,1,32,8,4,100,"3f8ed78629bdab9b833b52bd1450ea30","Mplus_input_write_engine_run_output_validation_BITERATIONS","overhead_subtraction","main_scaling","two_run_difference",NA,3,15.8903333333333,15.835,0.54112598656302,2.1880000000001,18.0783333333334,2.1880000000001,0.158903333333333,2.1869999999999,18.0900000000001,2.1869999999999,0.15835,0,FALSE,FALSE,0.503450735247846,50.3450735247846,NA,"4557;4563;4569",1155
"Laptop","MD_BayesMVP","BayesMVP_NicoStan",50000,250,16,16,1,50,"50597d787bf5578f0fdbdd94f2702741","state_allocation_thread_setup_sampling_divergence_check","iteration_difference","main_scaling","two_run_difference",NA,4,31.8191326530609,31.8198979591833,0.401239208282416,0.929500000000075,32.1122499999998,0.293117346938857,0.636382653061219,0.910499999999956,32.0939999999996,0.27410204081629,0.636397959183666,0,FALSE,FALSE,0.50284211623414,25.142105811707,0,"9485;9490;9495;9500",2402
"HPC","Mplus_WCP","mplus",2500,1,32,16,2,2000,"229e14792b0f4550a6f1e0887b422826","Mplus_input_write_engine_run_output_validation_BITERATIONS","overhead_subtraction","main_scaling","two_run_difference",NA,3,31.9016666666666,31.586,0.763145027719689,0.500666666666651,32.4023333333333,0.500666666666651,0.0159508333333333,0.509000000000015,32.059,0.509000000000015,0.015793,0,FALSE,FALSE,0.501541194294969,1003.08238858994,NA,"4445;4449;4453",1117
"Laptop","MD_BayesMVP_WCP","BayesMVP_NicoStan",10000,50,8,4,2,200,"b352a26c8e9b174599c6b645056fb577","state_allocation_thread_setup_sampling_divergence_check","iteration_difference","main_scaling","two_run_difference",NA,4,7.99095477386931,7.99145728643194,0.225333416908532,0.0912499999999454,8.04224999999991,0.0512952261305989,0.0399547738693466,0.0889999999999418,8.02749999999963,0.0480954773868771,0.0399572864321597,0,FALSE,FALSE,0.500565966545091,100.113193309018,0,"9748;9754;9760;9766",2467
"HPC","Mplus_standard","mplus",2500,1,4,4,1,400,"229e14792b0f4550a6f1e0887b422826","Mplus_input_write_engine_run_output_validation_BITERATIONS","overhead_subtraction","main_scaling","two_run_difference",NA,3,8.06466666666669,8.05200000000008,0.283212523263582,0.60899999999998,8.67366666666667,0.60899999999998,0.0201616666666667,0.609999999999957,8.66200000000003,0.609999999999957,0.0201300000000002,0,FALSE,FALSE,0.495990741506157,198.396296602463,NA,"4634;4635;4636",1180
"Laptop","AD_Stan_WCP","NicoStan_BridgeStan",50000,1000,8,2,4,20,"50597d787bf5578f0fdbdd94f2702741","NicoStan_BridgeStan_state_allocation_thread_setup_sampling_model_load_divergence_check","iteration_difference","main_scaling","two_run_difference",50,4,4.05394736842099,4.03157894736834,0.0651123044313777,0.885500000000064,4.73675,0.682802631579015,0.202697368421049,0.880000000000052,4.72149999999999,0.677289473684243,0.201578947368417,0,FALSE,FALSE,0.493346316131134,9.86692632262269,0,"8922;8925;8928;8931",2259
"Laptop","AD_Stan_WCP","NicoStan_BridgeStan",50000,1000,8,4,2,20,"50597d787bf5578f0fdbdd94f2702741","NicoStan_BridgeStan_state_allocation_thread_setup_sampling_model_load_divergence_check","iteration_difference","main_scaling","two_run_difference",50,4,8.11815789473691,8.09315789473688,0.0637189987626847,1.11424999999994,8.82650000000001,0.708342105263096,0.405907894736846,1.11449999999996,8.79500000000007,0.706947368421018,0.404657894736844,0,FALSE,FALSE,0.492722616616418,9.85445233232835,0,"8933;8935;8937;8939",2261
"Laptop","MD_BayesMVP_WCP","BayesMVP_NicoStan",500,2,8,4,2,2000,"257aba3ac8b8727679d269bf8597bb85","state_allocation_thread_setup_sampling_divergence_check","iteration_difference","main_scaling","two_run_difference",NA,4,8.20035017508731,8.15407703851907,0.345927573300143,0.00850000000030882,8.20475000000008,0.00439982491276516,0.00410017508754365,0.00800000000035972,8.15750000000007,0.00380815407739838,0.00407703851925953,0,FALSE,FALSE,0.48778404758275,975.5680951655,0,"9542;9545;9548;9551",2414
"HPC","Mplus_WCP","mplus",50000,1,32,4,8,100,"3f8ed78629bdab9b833b52bd1450ea30","Mplus_input_write_engine_run_output_validation_BITERATIONS","overhead_subtraction","main_scaling","two_run_difference",NA,3,8.2180000000003,8.154,0.194082456703549,1.89533333333308,10.1133333333334,1.89533333333308,0.082180000000003,1.91599999999971,10.0989999999997,1.91599999999971,0.08154,0,FALSE,FALSE,0.486736432221934,48.6736432221934,NA,"4537;4544;4551",1149
"HPC","Mplus_WCP","mplus",2500,1,32,4,8,2000,"229e14792b0f4550a6f1e0887b422826","Mplus_input_write_engine_run_output_validation_BITERATIONS","overhead_subtraction","main_scaling","two_run_difference",NA,3,8.30400000000005,8.32300000000009,0.09395211546318,0.489666666666684,8.79366666666673,0.489666666666684,0.00415200000000002,0.490000000000009,8.81400000000008,0.490000000000009,0.00416150000000005,0,FALSE,FALSE,0.481695568400768,963.391136801536,NA,"4429;4432;4435",1113
"HPC","Mplus_WCP","mplus",10000,1,32,8,4,500,"b97502ef4c1796520d0acd01a82ea24d","Mplus_input_write_engine_run_output_validation_BITERATIONS","overhead_subtraction","main_scaling","two_run_difference",NA,3,16.697,16.9920000000002,0.721262088286928,0.763333333333245,17.4603333333333,0.763333333333245,0.0333940000000001,0.768000000000029,17.769,0.768000000000029,0.0339840000000004,0,FALSE,FALSE,0.479127987063543,239.563993531772,NA,"4491;4497;4503",1133
"HPC","MD_BayesMVP","BayesMVP_NicoStan",50000,100,4,4,1,50,"3f8ed78629bdab9b833b52bd1450ea30","state_allocation_thread_setup_sampling_divergence_check","iteration_difference","main_scaling","two_run_difference",NA,4,8.35255102040833,8.40153061224472,0.228049239515386,0.195249999999874,8.38075000000003,0.028198979591707,0.167051020408167,0.199999999999818,8.43849999999998,0.0316020408161384,0.168030612244894,0,FALSE,FALSE,0.478895608087462,23.9447804043731,0,"5447;5456;5465;5474",1391
"Laptop","Mplus_standard","mplus",10000,1,8,8,1,200,"b352a26c8e9b174599c6b645056fb577","Mplus_input_write_engine_run_output_validation_BITERATIONS","overhead_subtraction","main_scaling","two_run_difference",NA,3,16.7096666666667,16.684,0.053351038727792,1.76933333333333,18.479,1.76933333333333,0.0835483333333334,1.76600000000002,18.45,1.76600000000002,0.0834200000000001,0,FALSE,FALSE,0.478764786849927,95.7529573699854,NA,"10132;10133;10134",2570
"HPC","Mplus_standard","mplus",500,1,4,4,1,2000,"5fff1836d43ae39c037ca22d13a50ed5","Mplus_input_write_engine_run_output_validation_BITERATIONS","overhead_subtraction","main_scaling","two_run_difference",NA,3,8.45066666666666,8.407,0.112072892946211,0.463666666666668,8.91433333333333,0.463666666666668,0.00422533333333333,0.463000000000001,8.868,0.463000000000001,0.0042035,0,FALSE,FALSE,0.473335437046387,946.670874092774,NA,"4607;4608;4609",1171
"HPC","Mplus_WCP","mplus",2500,1,32,8,4,2000,"229e14792b0f4550a6f1e0887b422826","Mplus_input_write_engine_run_output_validation_BITERATIONS","overhead_subtraction","main_scaling","two_run_difference",NA,3,16.9150000000001,16.4940000000001,0.994726595603012,0.516333333333326,17.4313333333334,0.516333333333326,0.00845750000000004,0.518000000000029,17.0350000000001,0.518000000000029,0.00824700000000007,0,FALSE,FALSE,0.472953000295593,945.906000591187,NA,"4437;4440;4443",1115
"Laptop","MD_BayesMVP_WCP","BayesMVP_NicoStan",2500,4,4,2,2,400,"7184208393ceb4c8ae3e26f0d1660bdb","state_allocation_thread_setup_sampling_divergence_check","iteration_difference","main_scaling","two_run_difference",NA,4,4.27218045112788,4.2721804511277,0.0540021257744676,0.0195000000001144,4.28100000000017,0.00881954887229474,0.0106804511278197,0.0190000000002328,4.2830000000001,0.00843107769446817,0.0106804511278193,0,FALSE,FALSE,0.468145019359374,187.25800774375,0,"9609;9614;9619;9624",2430
"HPC","Mplus_standard","mplus",2500,1,8,8,1,400,"229e14792b0f4550a6f1e0887b422826","Mplus_input_write_engine_run_output_validation_BITERATIONS","overhead_subtraction","main_scaling","two_run_difference",NA,3,17.12,17.112,0.339070789069212,0.620000000000005,17.74,0.620000000000005,0.0428,0.617999999999995,17.737,0.617999999999995,0.0427800000000001,0,FALSE,FALSE,0.467289719626168,186.915887850467,NA,"4637;4638;4639",1181
"Laptop","MD_BayesMVP","BayesMVP_NicoStan",50000,100,8,8,1,50,"50597d787bf5578f0fdbdd94f2702741","state_allocation_thread_setup_sampling_divergence_check","iteration_difference","main_scaling","two_run_difference",NA,4,17.2979591836735,17.3377551020408,0.182881892154115,0.520749999999907,17.4727499999999,0.174790816326438,0.345959183673469,0.509999999999991,17.4854999999998,0.166877551020402,0.346755102040816,0,FALSE,FALSE,0.462482302973101,23.124115148655,0,"9464;9469;9474;9479",2396
"HPC","Mplus_standard","mplus",500,1,8,8,1,2000,"5fff1836d43ae39c037ca22d13a50ed5","Mplus_input_write_engine_run_output_validation_BITERATIONS","overhead_subtraction","main_scaling","two_run_difference",NA,3,17.3823333333333,17.601,0.452528820444986,0.462333333333329,17.8446666666667,0.462333333333329,0.00869116666666667,0.459999999999994,18.061,0.459999999999994,0.00880050000000001,0,FALSE,FALSE,0.460237405795156,920.474811590312,NA,"4610;4611;4612",1172
"Laptop","Mplus_standard","mplus",10000,1,4,4,1,200,"b352a26c8e9b174599c6b645056fb577","Mplus_input_write_engine_run_output_validation_BITERATIONS","overhead_subtraction","main_scaling","two_run_difference",NA,3,8.74266666666663,8.68999999999994,0.100897637897702,1.71066666666669,10.4533333333333,1.71066666666669,0.0437133333333332,1.71600000000001,10.414,1.71600000000001,0.0434499999999997,0,FALSE,FALSE,0.457526307762698,91.5052615525397,NA,"10129;10130;10131",2569
"Laptop","AD_Stan_chunked","NicoStan_BridgeStan",50000,25,4,4,1,10,"50597d787bf5578f0fdbdd94f2702741","NicoStan_BridgeStan_state_allocation_thread_setup_sampling_model_load_divergence_check","iteration_difference","main_scaling","two_run_difference",2000,4,8.74999999999931,8.77833333333203,0.0829646163852552,1.72950000000043,9.6044999999998,0.854500000000497,0.874999999999931,1.57600000000019,9.46699999999964,0.706166666666882,0.877833333333203,0,FALSE,FALSE,0.457142857142893,4.57142857142893,0,"7709;7710;7711;7712",1955
"Laptop","Mplus_WCP","mplus",50000,1,16,8,2,100,"50597d787bf5578f0fdbdd94f2702741","Mplus_input_write_engine_run_output_validation_BITERATIONS","overhead_subtraction","main_scaling","two_run_difference",NA,3,17.637,17.6539999999999,0.0956399498116942,2.86133333333335,20.4983333333333,2.86133333333335,0.17637,2.85799999999995,20.5359999999999,2.85799999999995,0.176539999999999,0,FALSE,FALSE,0.453591880705336,45.3591880705336,NA,"10090;10091;10092",2556
"Laptop","MD_BayesMVP_WCP","BayesMVP_NicoStan",10000,50,16,4,4,200,"b352a26c8e9b174599c6b645056fb577","state_allocation_thread_setup_sampling_divergence_check","iteration_difference","main_scaling","two_run_difference",NA,4,8.99648241206043,9.00150753768868,0.39485977838952,0.106749999999863,9.05824999999999,0.061767587939561,0.0449824120603021,0.105499999999893,9.05500000000006,0.0604070351757718,0.0450075376884434,0,FALSE,FALSE,0.444618220409981,88.9236440819962,0,"9749;9755;9761;9767",2468
"Laptop","MD_BayesMVP_WCP","BayesMVP_NicoStan",2500,8,16,2,8,400,"7184208393ceb4c8ae3e26f0d1660bdb","state_allocation_thread_setup_sampling_divergence_check","iteration_difference","main_scaling","two_run_difference",NA,4,4.611027568922,4.58897243107734,0.149711704800552,0.0405000000000655,4.63999999999976,0.0289724310777605,0.011527568922305,0.0304999999998472,4.63349999999969,0.0191478696740319,0.0114724310776933,0,FALSE,FALSE,0.43374279813026,173.497119252104,0,"9985;9986;9987;9988",2524
"Laptop","AD_Stan","NicoStan_BridgeStan",10000,1,1,1,1,20,"b352a26c8e9b174599c6b645056fb577","NicoStan_BridgeStan_state_allocation_thread_setup_sampling_model_load_divergence_check","iteration_difference","main_scaling","two_run_difference",NA,4,2.36052631578968,2.36684210526284,0.0152419695634141,0.269499999999685,2.51199999999988,0.151473684210201,0.118026315789484,0.24799999999999,2.49749999999968,0.129605263157901,0.118342105263142,0,FALSE,FALSE,0.423634336677779,8.47268673355557,0,"7301;7302;7303;7304",1853
"Laptop","Mplus_WCP","mplus",50000,1,16,4,4,100,"50597d787bf5578f0fdbdd94f2702741","Mplus_input_write_engine_run_output_validation_BITERATIONS","overhead_subtraction","main_scaling","two_run_difference",NA,3,9.46766666666671,9.25100000000009,0.408628600728534,2.28233333333329,11.75,2.28233333333329,0.0946766666666671,2.279,11.551,2.279,0.0925100000000009,0,FALSE,FALSE,0.422490581980775,42.2490581980775,NA,"10085;10087;10089",2555
"Laptop","AD_Stan","NicoStan_BridgeStan",50000,1,4,4,1,10,"50597d787bf5578f0fdbdd94f2702741","NicoStan_BridgeStan_state_allocation_thread_setup_sampling_model_load_divergence_check","iteration_difference","main_scaling","two_run_difference",NA,4,9.57833333333363,9.58111111111101,0.0283206216951012,1.78124999999967,10.4017499999999,0.82341666666631,0.957833333333363,1.66449999999952,10.3000000000002,0.70499999999945,0.9581111111111,0,FALSE,FALSE,0.41760918740211,4.1760918740211,0,"7329;7330;7331;7332",1860
"Laptop","MD_BayesMVP_WCP","BayesMVP_NicoStan",10000,50,8,2,4,200,"b352a26c8e9b174599c6b645056fb577","state_allocation_thread_setup_sampling_divergence_check","iteration_difference","main_scaling","two_run_difference",NA,4,4.80201005025153,4.74170854271376,0.201046896811663,0.0419999999999163,4.82000000000019,0.0179899497486587,0.0240100502512577,0.0399999999999636,4.75800000000015,0.0166356783919232,0.0237085427135688,0,FALSE,FALSE,0.416492256174107,83.2984512348215,0,"9746;9752;9758;9764",2465
"HPC","MD_BayesMVP_WCP","BayesMVP_NicoStan",50000,50,8,4,2,100,"3f8ed78629bdab9b833b52bd1450ea30","state_allocation_thread_setup_sampling_divergence_check","iteration_difference","main_scaling","two_run_difference",NA,4,9.71161616161615,9.72727272727249,0.0558486300881151,0.135999999999996,9.75049999999999,0.0388838383838341,0.0971161616161615,0.135999999999967,9.76849999999979,0.0385454545454193,0.0972727272727249,0,FALSE,FALSE,0.411877892766135,41.1877892766135,0,"6577;6602;6627;6652",1672
"HPC","Mplus_WCP","mplus",500,1,32,16,2,10000,"5fff1836d43ae39c037ca22d13a50ed5","Mplus_input_write_engine_run_output_validation_BITERATIONS","overhead_subtraction","main_scaling","two_run_difference",NA,3,39.0976666666666,38.653,1.05201584271969,0.442666666666696,39.5403333333333,0.442666666666696,0.00390976666666666,0.446000000000026,39.1059999999999,0.446000000000026,0.0038653,0,FALSE,FALSE,0.409231582447376,4092.31582447376,NA,"4403;4407;4411",1103
"HPC","Mplus_standard","mplus",10000,1,16,16,1,200,"b97502ef4c1796520d0acd01a82ea24d","Mplus_input_write_engine_run_output_validation_BITERATIONS","overhead_subtraction","main_scaling","two_run_difference",NA,3,39.7950000000001,39.816,1.00966380543229,1.38633333333337,41.1813333333334,1.38633333333337,0.198975,1.38300000000004,41.1990000000001,1.38300000000004,0.19908,0,FALSE,FALSE,0.402060560371905,80.4121120743811,NA,"4667;4668;4669",1191
"Laptop","Mplus_WCP","mplus",10000,1,16,8,2,500,"b352a26c8e9b174599c6b645056fb577","Mplus_input_write_engine_run_output_validation_BITERATIONS","overhead_subtraction","main_scaling","two_run_difference",NA,3,19.94,19.999,0.141077992613927,0.933333333333356,20.8733333333334,0.933333333333356,0.03988,0.92999999999995,20.9250000000001,0.92999999999995,0.039998,0,FALSE,FALSE,0.401203610832497,200.601805416249,NA,"10072;10073;10074",2550
"HPC","Mplus_WCP","mplus",500,1,32,4,8,10000,"5fff1836d43ae39c037ca22d13a50ed5","Mplus_input_write_engine_run_output_validation_BITERATIONS","overhead_subtraction","main_scaling","two_run_difference",NA,3,10.076,10.178,0.282182565017752,0.417666666666669,10.4936666666667,0.417666666666669,0.0010076,0.418000000000006,10.596,0.418000000000006,0.0010178,0,FALSE,FALSE,0.396982929734021,3969.82929734021,NA,"4387;4390;4393",1099
"Laptop","Mplus_standard","mplus",2500,1,1,1,1,400,"7184208393ceb4c8ae3e26f0d1660bdb","Mplus_input_write_engine_run_output_validation_BITERATIONS","overhead_subtraction","main_scaling","two_run_difference",NA,3,2.52333333333335,2.52600000000001,0.00929157324319033,0.443333333333328,2.96666666666668,0.443333333333328,0.00630833333333337,0.442999999999984,2.965,0.442999999999984,0.00631500000000003,0,FALSE,FALSE,0.396301188903564,158.520475561426,NA,"10108;10109;10110",2562
"Laptop","Mplus_WCP","mplus",50000,1,16,2,8,100,"50597d787bf5578f0fdbdd94f2702741","Mplus_input_write_engine_run_output_validation_BITERATIONS","overhead_subtraction","main_scaling","two_run_difference",NA,3,5.06299999999999,5.06799999999998,0.0656429737290909,2.21133333333334,7.27433333333333,2.21133333333334,0.0506299999999999,2.21100000000001,7.279,2.21100000000001,0.0506799999999998,0,FALSE,FALSE,0.395022713806045,39.5022713806045,NA,"10077;10080;10083",2553
"Laptop","AD_Stan","NicoStan_BridgeStan",50000,1,8,8,1,10,"50597d787bf5578f0fdbdd94f2702741","NicoStan_BridgeStan_state_allocation_thread_setup_sampling_model_load_divergence_check","iteration_difference","main_scaling","two_run_difference",NA,4,20.4241666666669,20.4072222222234,0.151954008095013,2.90599999999975,21.28775,0.863583333333055,2.04241666666669,2.83099999999916,21.308,0.790277777776822,2.04072222222234,0,FALSE,FALSE,0.391692847525393,3.91692847525393,0,"7333;7334;7335;7336",1861
"Laptop","AD_Stan","NicoStan_BridgeStan",50000,1,16,16,1,10,"50597d787bf5578f0fdbdd94f2702741","NicoStan_BridgeStan_state_allocation_thread_setup_sampling_model_load_divergence_check","iteration_difference","main_scaling","two_run_difference",NA,4,41.1647222222222,41.1094444444444,0.147885994907778,5.75275000000008,42.801,1.63627777777786,4.11647222222222,5.67549999999974,42.8055,1.55166666666713,4.11094444444444,0,FALSE,FALSE,0.388682326425675,3.88682326425675,0,"7337;7338;7339;7340",1862
"HPC","Mplus_WCP","mplus",500,1,32,8,4,10000,"5fff1836d43ae39c037ca22d13a50ed5","Mplus_input_write_engine_run_output_validation_BITERATIONS","overhead_subtraction","main_scaling","two_run_difference",NA,3,20.78,20.175,2.47460320051517,0.433000000000012,21.213,0.433000000000012,0.002078,0.432999999999993,20.614,0.432999999999993,0.0020175,0,FALSE,FALSE,0.384985563041386,3849.85563041386,NA,"4395;4398;4401",1101
"Laptop","MD_BayesMVP","BayesMVP_NicoStan",10000,10,2,2,1,80,"b352a26c8e9b174599c6b645056fb577","state_allocation_thread_setup_sampling_divergence_check","iteration_difference","main_scaling","two_run_difference",NA,4,5.19721518987343,5.19594936708861,0.0236678397823292,0.0787499999999852,5.211,0.0137848101265673,0.0649651898734179,0.074499999999972,5.214,0.00970253164554129,0.0649493670886076,0,FALSE,FALSE,0.384821472063909,30.7857177651127,0,"9282;9287;9292;9297",2349
"HPC","MD_BayesMVP","BayesMVP_NicoStan",10000,10,1,1,1,80,"b97502ef4c1796520d0acd01a82ea24d","state_allocation_thread_setup_sampling_divergence_check","iteration_difference","main_scaling","two_run_difference",NA,4,2.65721518987341,2.65417721518985,0.0527814203244494,0.0377500000000026,2.66175,0.00453481012658495,0.0332151898734177,0.0380000000000109,2.65799999999999,0.0050632911392395,0.0331772151898732,0,FALSE,FALSE,0.376333841463415,30.1067073170732,0,"5121;5130;5139;5148",1308
"Laptop","Mplus_WCP","mplus",50000,1,8,4,2,100,"50597d787bf5578f0fdbdd94f2702741","Mplus_input_write_engine_run_output_validation_BITERATIONS","overhead_subtraction","main_scaling","two_run_difference",NA,3,10.7040000000001,10.706,0.0260576284415418,2.78066666666662,13.4846666666667,2.78066666666662,0.107040000000001,2.76699999999994,13.496,2.76699999999994,0.10706,0,FALSE,FALSE,0.37369207772795,37.369207772795,NA,"10084;10086;10088",2554
"Laptop","Mplus_WCP","mplus",10000,1,16,4,4,500,"b352a26c8e9b174599c6b645056fb577","Mplus_input_write_engine_run_output_validation_BITERATIONS","overhead_subtraction","main_scaling","two_run_difference",NA,3,10.9063333333334,10.8960000000001,0.130806472826572,0.796333333333299,11.7026666666667,0.796333333333299,0.0218126666666668,0.793999999999983,11.6900000000001,0.793999999999983,0.0217920000000001,0,FALSE,FALSE,0.366759375286529,183.379687643264,NA,"10067;10069;10071",2549
"Laptop","Mplus_WCP","mplus",50000,1,8,2,4,100,"50597d787bf5578f0fdbdd94f2702741","Mplus_input_write_engine_run_output_validation_BITERATIONS","overhead_subtraction","main_scaling","two_run_difference",NA,3,5.487,5.49000000000001,0.0206639783197426,2.258,7.745,2.258,0.05487,2.25099999999998,7.74099999999999,2.25099999999998,0.0549000000000001,0,FALSE,FALSE,0.364497904137051,36.4497904137051,NA,"10076;10079;10082",2552
"HPC","AD_Stan","NicoStan_BridgeStan",50000,1,1,1,1,10,"3f8ed78629bdab9b833b52bd1450ea30","NicoStan_BridgeStan_state_allocation_thread_setup_sampling_model_load_divergence_check","iteration_difference","main_scaling","two_run_difference",NA,4,2.7519444444443,2.74611111111131,0.0213027365465925,0.688000000000024,3.16474999999989,0.412805555555594,0.27519444444443,0.600500000000025,3.0720000000002,0.326722222222296,0.274611111111131,0,FALSE,FALSE,0.363379428686807,3.63379428686807,0,"109;110;111;112",28
"Laptop","Mplus_standard","mplus",500,1,1,1,1,2000,"257aba3ac8b8727679d269bf8597bb85","Mplus_input_write_engine_run_output_validation_BITERATIONS","overhead_subtraction","main_scaling","two_run_difference",NA,3,2.752,2.765,0.0297153159162069,0.426666666666667,3.17866666666667,0.426666666666667,0.001376,0.426,3.195,0.426,0.0013825,0,FALSE,FALSE,0.363372093023256,726.744186046512,NA,"10093;10094;10095",2557
"Laptop","AD_Stan_chunked","NicoStan_BridgeStan",10000,4,1,1,1,20,"b352a26c8e9b174599c6b645056fb577","NicoStan_BridgeStan_state_allocation_thread_setup_sampling_model_load_divergence_check","iteration_difference","main_scaling","two_run_difference",2500,4,2.80552631578936,2.80315789473645,0.0188569969576665,0.292000000000307,2.9572500000002,0.151723684210839,0.140276315789468,0.263500000000406,2.93950000000041,0.123710526316214,0.140157894736822,0,FALSE,FALSE,0.356439358409169,7.12878716818338,0,"7521;7522;7523;7524",1908
"Laptop","Mplus_WCP","mplus",2500,1,8,4,2,2000,"7184208393ceb4c8ae3e26f0d1660bdb","Mplus_input_write_engine_run_output_validation_BITERATIONS","overhead_subtraction","main_scaling","two_run_difference",NA,3,11.2336666666667,11.266,0.0612726148726235,0.532333333333308,11.766,0.532333333333308,0.00561683333333335,0.532999999999959,11.794,0.532999999999959,0.00563300000000001,0,FALSE,FALSE,0.35607252010326,712.14504020652,NA,"10048;10050;10052",2542
"Laptop","Mplus_WCP","mplus",10000,1,8,2,4,500,"b352a26c8e9b174599c6b645056fb577","Mplus_input_write_engine_run_output_validation_BITERATIONS","overhead_subtraction","main_scaling","two_run_difference",NA,3,5.65333333333335,5.65300000000002,0.00750555349951486,0.790666666666652,6.444,0.790666666666652,0.0113066666666667,0.793000000000006,6.44600000000003,0.793000000000006,0.011306,0,FALSE,FALSE,0.35377358490566,176.88679245283,NA,"10058;10061;10064",2546
"Laptop","AD_Stan_tape_chunked","NicoStan_BridgeStan",10000,4,1,1,1,20,"b352a26c8e9b174599c6b645056fb577","NicoStan_BridgeStan_state_allocation_thread_setup_sampling_model_load_divergence_check","iteration_difference","main_scaling","two_run_difference",2500,4,2.83605263157927,2.83368421052694,0.0281583046373366,0.27300000000016,2.96725000000047,0.131197368421196,0.141802631578964,0.263000000000204,2.95500000000079,0.121894736842205,0.141684210526347,0,FALSE,FALSE,0.35260276514796,7.0520553029592,0,"8053;8054;8055;8056",2041
"Laptop","Mplus_WCP","mplus",10000,1,8,4,2,500,"b352a26c8e9b174599c6b645056fb577","Mplus_input_write_engine_run_output_validation_BITERATIONS","overhead_subtraction","main_scaling","two_run_difference",NA,3,11.5203333333333,10.9109999999999,1.10337044247766,0.902333333333331,12.4226666666666,0.902333333333331,0.0230406666666666,0.895999999999958,11.827,0.895999999999958,0.0218219999999999,0,FALSE,FALSE,0.347212175573624,173.606087786812,NA,"10066;10068;10070",2548
"Laptop","Mplus_WCP","mplus",50000,1,4,2,2,100,"50597d787bf5578f0fdbdd94f2702741","Mplus_input_write_engine_run_output_validation_BITERATIONS","overhead_subtraction","main_scaling","two_run_difference",NA,3,5.7946666666666,5.81200000000001,0.090257040353289,2.74100000000006,8.53566666666666,2.74100000000006,0.057946666666666,2.70800000000008,8.51599999999996,2.70800000000008,0.0581200000000001,0,FALSE,FALSE,0.345144960883575,34.5144960883575,NA,"10075;10078;10081",2551
"Laptop","Mplus_WCP","mplus",2500,1,8,2,4,2000,"7184208393ceb4c8ae3e26f0d1660bdb","Mplus_input_write_engine_run_output_validation_BITERATIONS","overhead_subtraction","main_scaling","two_run_difference",NA,3,5.84833333333336,5.863,0.0672111101926841,0.524999999999996,6.37333333333335,0.524999999999996,0.00292416666666668,0.512,6.36799999999999,0.512,0.0029315,0,FALSE,FALSE,0.341977771444855,683.955542889709,NA,"10040;10043;10046",2540
"Laptop","Mplus_WCP","mplus",2500,1,16,8,2,2000,"7184208393ceb4c8ae3e26f0d1660bdb","Mplus_input_write_engine_run_output_validation_BITERATIONS","overhead_subtraction","main_scaling","two_run_difference",NA,3,23.6416666666667,23.449,0.382330136574861,0.549666666666667,24.1913333333334,0.549666666666667,0.0118208333333333,0.548000000000002,23.994,0.548000000000002,0.0117245,0,FALSE,FALSE,0.338385618611209,676.771237222417,NA,"10054;10055;10056",2544
"Laptop","Mplus_WCP","mplus",10000,1,4,2,2,500,"b352a26c8e9b174599c6b645056fb577","Mplus_input_write_engine_run_output_validation_BITERATIONS","overhead_subtraction","main_scaling","two_run_difference",NA,3,5.91100000000006,5.928,0.0622655603042106,0.891666666666652,6.80266666666671,0.891666666666652,0.0118220000000001,0.88900000000001,6.81700000000001,0.88900000000001,0.011856,0,FALSE,FALSE,0.338352224665874,169.176112332937,NA,"10057;10060;10063",2545
"Laptop","MD_BayesMVP_WCP","BayesMVP_NicoStan",500,4,16,4,4,2000,"257aba3ac8b8727679d269bf8597bb85","state_allocation_thread_setup_sampling_divergence_check","iteration_difference","main_scaling","two_run_difference",NA,4,11.9039519759882,11.9244622311155,0.135741498744588,0.0172499999998585,11.91525,0.0112980240118645,0.00595197598799408,0.0164999999997235,11.9374999999999,0.0104917458726598,0.00596223111555775,0,FALSE,FALSE,0.336022860985035,672.04572197007,0,"9556;9561;9566;9571",2419
"Laptop","Mplus_standard","mplus",10000,1,2,2,1,200,"b352a26c8e9b174599c6b645056fb577","Mplus_input_write_engine_run_output_validation_BITERATIONS","overhead_subtraction","main_scaling","two_run_difference",NA,3,6.00666666666664,5.98299999999995,0.133087690390006,1.70000000000003,7.70666666666667,1.70000000000003,0.0300333333333332,1.69200000000001,7.65899999999999,1.69200000000001,0.0299149999999997,0,FALSE,FALSE,0.332963374028858,66.5926748057716,NA,"10126;10127;10128",2568
"HPC","Mplus_standard","mplus",10000,1,1,1,1,200,"b97502ef4c1796520d0acd01a82ea24d","Mplus_input_write_engine_run_output_validation_BITERATIONS","overhead_subtraction","main_scaling","two_run_difference",NA,3,3.00333333333341,2.98800000000006,0.0383709959908485,0.454999999999965,3.45833333333337,0.454999999999965,0.015016666666667,0.455999999999904,3.43900000000008,0.455999999999904,0.0149400000000003,0,FALSE,FALSE,0.332963374028849,66.5926748057697,NA,"4655;4656;4657",1187
"Laptop","Mplus_WCP","mplus",10000,1,16,2,8,500,"b352a26c8e9b174599c6b645056fb577","Mplus_input_write_engine_run_output_validation_BITERATIONS","overhead_subtraction","main_scaling","two_run_difference",NA,3,6.09200000000002,6.09199999999998,0.0310000000000059,0.804999999999988,6.89700000000001,0.804999999999988,0.012184,0.800999999999931,6.88800000000003,0.800999999999931,0.012184,0,FALSE,FALSE,0.328299409061062,164.149704530531,NA,"10059;10062;10065",2547
"Laptop","AD_Stan_WCP","NicoStan_BridgeStan",10000,50,4,2,2,80,"b352a26c8e9b174599c6b645056fb577","NicoStan_BridgeStan_state_allocation_thread_setup_sampling_model_load_divergence_check","iteration_difference","main_scaling","two_run_difference",200,4,6.15518987341884,6.08708860759721,0.188387774372087,0.212249999999329,6.29050000000043,0.135310126581594,0.0769398734177355,0.207499999998618,6.21850000000086,0.131411392403652,0.0760886075949651,0,FALSE,FALSE,0.324929050302248,25.9943240241799,0,"8657;8660;8663;8666",2192
"Laptop","Mplus_WCP","mplus",2500,1,4,2,2,2000,"7184208393ceb4c8ae3e26f0d1660bdb","Mplus_input_write_engine_run_output_validation_BITERATIONS","overhead_subtraction","main_scaling","two_run_difference",NA,3,6.27633333333332,6.33599999999996,0.147825347397965,0.530333333333355,6.80666666666667,0.530333333333355,0.00313816666666666,0.526999999999987,6.875,0.526999999999987,0.00316799999999998,0,FALSE,FALSE,0.318657390195975,637.31478039195,NA,"10039;10042;10045",2539
"Laptop","MD_BayesMVP_WCP","BayesMVP_NicoStan",10000,50,16,2,8,200,"b352a26c8e9b174599c6b645056fb577","state_allocation_thread_setup_sampling_divergence_check","iteration_difference","main_scaling","two_run_difference",NA,4,6.38618090452299,6.42261306532718,0.293153241656801,0.118999999999886,6.47325000000026,0.0870690954772711,0.031930904522615,0.119499999999789,6.48700000000031,0.0863819095475242,0.0321130653266359,0,FALSE,FALSE,0.313176220639711,62.6352441279421,0,"9747;9753;9759;9765",2466
"HPC","AD_Stan_tape_chunked","NicoStan_BridgeStan",50000,50,1,1,1,10,"3f8ed78629bdab9b833b52bd1450ea30","NicoStan_BridgeStan_state_allocation_thread_setup_sampling_model_load_divergence_check","iteration_difference","main_scaling","two_run_difference",1000,4,3.21972222222213,3.2088888888888,0.0438701319507465,0.646500000000003,3.54424999999992,0.32452777777779,0.321972222222213,0.639499999999998,3.53849999999989,0.315111111111087,0.32088888888888,0,FALSE,FALSE,0.310585799327073,3.10585799327073,0,"1785;1786;1787;1788",447
"HPC","Mplus_standard","mplus",50000,1,32,32,1,100,"3f8ed78629bdab9b833b52bd1450ea30","Mplus_input_write_engine_run_output_validation_BITERATIONS","overhead_subtraction","main_scaling","two_run_difference",NA,3,104.194666666667,104.651,1.10835027555975,5.50400000000002,109.698666666667,5.50400000000002,1.04194666666667,5.52499999999998,110.176,5.52499999999998,1.04651,0,FALSE,FALSE,0.307117446830292,30.7117446830292,NA,"4697;4698;4699",1201
"Laptop","AD_Stan","NicoStan_BridgeStan",50000,1,2,2,1,10,"50597d787bf5578f0fdbdd94f2702741","NicoStan_BridgeStan_state_allocation_thread_setup_sampling_model_load_divergence_check","iteration_difference","main_scaling","two_run_difference",NA,4,6.52388888888921,6.54166666666667,0.0475446508779371,1.47399999999982,7.34550000000011,0.821611111110898,0.652388888888921,1.3774999999995,7.22650000000016,0.728166666666106,0.654166666666667,0,FALSE,FALSE,0.306565613556998,3.06565613556998,0,"7325;7326;7327;7328",1859
"Laptop","Mplus_WCP","mplus",500,1,8,4,2,10000,"257aba3ac8b8727679d269bf8597bb85","Mplus_input_write_engine_run_output_validation_BITERATIONS","overhead_subtraction","main_scaling","two_run_difference",NA,3,13.1983333333333,13.206,0.0253837218180044,0.438333333333333,13.6366666666667,0.438333333333333,0.00131983333333333,0.438999999999993,13.647,0.438999999999993,0.0013206,0,FALSE,FALSE,0.303068569263796,3030.68569263796,NA,"10030;10032;10034",2536
"Laptop","MD_BayesMVP_WCP","BayesMVP_NicoStan",500,4,8,2,4,2000,"257aba3ac8b8727679d269bf8597bb85","state_allocation_thread_setup_sampling_divergence_check","iteration_difference","main_scaling","two_run_difference",NA,4,6.7388694347173,6.70585292646278,0.177733643459824,0.00599999999992917,6.74149999999987,0.00263056528257052,0.00336943471735865,0.00600000000000023,6.70849999999971,0.00264707353692515,0.00335292646323139,0,FALSE,FALSE,0.296785687773739,593.571375547477,0,"9554;9559;9564;9569",2417
"Laptop","Mplus_WCP","mplus",2500,1,16,4,4,2000,"7184208393ceb4c8ae3e26f0d1660bdb","Mplus_input_write_engine_run_output_validation_BITERATIONS","overhead_subtraction","main_scaling","two_run_difference",NA,3,13.533,13.54,0.213586048233475,0.512333333333307,14.0453333333333,0.512333333333307,0.00676650000000001,0.512999999999977,14.054,0.512999999999977,0.00677000000000001,0,FALSE,FALSE,0.295573782605483,591.147565210965,NA,"10049;10051;10053",2543
"HPC","AD_Stan_chunked","NicoStan_BridgeStan",50000,10,1,1,1,10,"3f8ed78629bdab9b833b52bd1450ea30","NicoStan_BridgeStan_state_allocation_thread_setup_sampling_model_load_divergence_check","iteration_difference","main_scaling","two_run_difference",5000,4,3.38694444444457,3.38888888888909,0.0416962857687964,0.748249999999814,3.79649999999992,0.409555555555357,0.338694444444457,0.64100000000002,3.6909999999998,0.305166666666689,0.338888888888909,0,FALSE,FALSE,0.29525137373902,2.9525137373902,0,"757;758;759;760",190
"HPC","Mplus_WCP","mplus",50000,1,16,4,4,100,"3f8ed78629bdab9b833b52bd1450ea30","Mplus_input_write_engine_run_output_validation_BITERATIONS","overhead_subtraction","main_scaling","two_run_difference",NA,3,13.6946666666665,13.3999999999996,1.25325589299776,2.98233333333337,16.6769999999998,2.98233333333337,0.136946666666665,2.93899999999985,16.5589999999997,2.93899999999985,0.133999999999996,0,FALSE,FALSE,0.292084509784835,29.2084509784835,NA,"4536;4543;4550",1148
"HPC","Mplus_WCP","mplus",50000,1,16,8,2,100,"3f8ed78629bdab9b833b52bd1450ea30","Mplus_input_write_engine_run_output_validation_BITERATIONS","overhead_subtraction","main_scaling","two_run_difference",NA,3,27.7670000000001,28.116,1.03941377708803,3.28866666666666,31.0556666666668,3.28866666666666,0.277670000000001,3.3119999999999,31.3420000000001,3.3119999999999,0.28116,0,FALSE,FALSE,0.2881117873735,28.81117873735,NA,"4556;4562;4568",1154
"HPC","Mplus_standard","mplus",10000,1,2,2,1,200,"b97502ef4c1796520d0acd01a82ea24d","Mplus_input_write_engine_run_output_validation_BITERATIONS","overhead_subtraction","main_scaling","two_run_difference",NA,3,7.02399999999996,7.03099999999995,0.232579018830233,1.19400000000004,8.218,1.19400000000004,0.0351199999999998,1.18500000000006,8.20799999999997,1.18500000000006,0.0351549999999997,0,FALSE,FALSE,0.284738041002279,56.9476082004559,NA,"4658;4659;4660",1188
"HPC","Mplus_WCP","mplus",10000,1,16,4,4,500,"b97502ef4c1796520d0acd01a82ea24d","Mplus_input_write_engine_run_output_validation_BITERATIONS","overhead_subtraction","main_scaling","two_run_difference",NA,3,14.0973333333333,14.1690000000001,0.447821765140467,0.929333333333337,15.0266666666666,0.929333333333337,0.0281946666666666,0.942000000000007,15.116,0.942000000000007,0.0283380000000002,0,FALSE,FALSE,0.28374160597749,141.870802988745,NA,"4470;4477;4484",1126
"HPC","Mplus_WCP","mplus",10000,1,16,8,2,500,"b97502ef4c1796520d0acd01a82ea24d","Mplus_input_write_engine_run_output_validation_BITERATIONS","overhead_subtraction","main_scaling","two_run_difference",NA,3,28.4229999999999,28.0059999999999,1.06932642350218,0.995666666666769,29.4186666666667,0.995666666666769,0.0568459999999999,0.993000000000166,28.999,0.993000000000166,0.0560119999999997,0,FALSE,FALSE,0.281462196108786,140.731098054393,NA,"4490;4496;4502",1132
"Laptop","Mplus_standard","mplus",50000,1,16,16,1,100,"50597d787bf5578f0fdbdd94f2702741","Mplus_input_write_engine_run_output_validation_BITERATIONS","overhead_subtraction","main_scaling","two_run_difference",NA,3,56.9140000000001,56.9210000000003,0.129641814242064,7.516,64.4300000000001,7.516,0.569140000000001,7.52199999999993,64.4430000000002,7.52199999999993,0.569210000000003,0,FALSE,FALSE,0.281125909266612,28.1125909266612,NA,"10150;10151;10152",2576
"Laptop","Mplus_WCP","mplus",500,1,8,2,4,10000,"257aba3ac8b8727679d269bf8597bb85","Mplus_input_write_engine_run_output_validation_BITERATIONS","overhead_subtraction","main_scaling","two_run_difference",NA,3,7.13866666666666,7.145,0.016441816606852,0.435666666666666,7.57433333333333,0.435666666666666,0.000713866666666666,0.435000000000002,7.58199999999999,0.435000000000002,0.0007145,0,FALSE,FALSE,0.280164363093015,2801.64363093015,NA,"10022;10025;10028",2534
"HPC","Mplus_WCP","mplus",2500,1,16,8,2,2000,"229e14792b0f4550a6f1e0887b422826","Mplus_input_write_engine_run_output_validation_BITERATIONS","overhead_subtraction","main_scaling","two_run_difference",NA,3,28.9283333333333,29.1700000000001,0.971315774263658,0.563666666666677,29.492,0.563666666666677,0.0144641666666667,0.571000000000026,29.744,0.571000000000026,0.014585,0,FALSE,FALSE,0.276545485971078,553.090971942156,NA,"4436;4439;4442",1114
"Laptop","AD_Stan_tape_chunked","NicoStan_BridgeStan",50000,250,2,2,1,10,"50597d787bf5578f0fdbdd94f2702741","NicoStan_BridgeStan_state_allocation_thread_setup_sampling_model_load_divergence_check","iteration_difference","main_scaling","two_run_difference",200,4,7.2513888888894,7.38111111111215,0.278294889043498,1.43299999999971,7.95925000000017,0.707861111110769,0.72513888888894,1.38049999999964,7.97050000000036,0.640777777777367,0.738111111111215,0,FALSE,FALSE,0.275809231947883,2.75809231947883,0,"8297;8298;8299;8300",2102
"Laptop","MD_BayesMVP_WCP","BayesMVP_NicoStan",10000,10,4,2,2,200,"b352a26c8e9b174599c6b645056fb577","state_allocation_thread_setup_sampling_divergence_check","iteration_difference","main_scaling","two_run_difference",NA,4,7.27386934673372,7.28492462311541,0.110846267921517,0.0567499999999512,7.29425000000001,0.0203806532662826,0.0363693467336686,0.0519999999998504,7.30999999999989,0.0156859296480902,0.0364246231155771,0,FALSE,FALSE,0.274956822107079,54.9913644214158,0,"9697;9703;9709;9715",2452
"Laptop","Mplus_WCP","mplus",500,1,4,2,2,10000,"257aba3ac8b8727679d269bf8597bb85","Mplus_input_write_engine_run_output_validation_BITERATIONS","overhead_subtraction","main_scaling","two_run_difference",NA,3,7.34766666666666,7.371,0.126622799421484,0.441666666666671,7.78933333333333,0.441666666666671,0.000734766666666666,0.440000000000005,7.811,0.440000000000005,0.0007371,0,FALSE,FALSE,0.272195254729393,2721.95254729393,NA,"10021;10024;10027",2533
"Laptop","AD_Stan_chunked","NicoStan_BridgeStan",50000,10,2,2,1,10,"50597d787bf5578f0fdbdd94f2702741","NicoStan_BridgeStan_state_allocation_thread_setup_sampling_model_load_divergence_check","iteration_difference","main_scaling","two_run_difference",5000,4,7.36444444444396,7.36611111111011,0.0749814791945443,1.5535000000003,8.18149999999986,0.817055555555902,0.736444444444395,1.40900000000056,8.08799999999974,0.66688888888954,0.736611111111011,0,FALSE,FALSE,0.271575135787586,2.71575135787586,0,"7685;7686;7687;7688",1949
"HPC","Mplus_WCP","mplus",2500,1,16,4,4,2000,"229e14792b0f4550a6f1e0887b422826","Mplus_input_write_engine_run_output_validation_BITERATIONS","overhead_subtraction","main_scaling","two_run_difference",NA,3,14.7486666666667,14.408,0.904469642018654,0.539333333333313,15.288,0.539333333333313,0.00737433333333333,0.532000000000039,14.9649999999999,0.532000000000039,0.00720400000000001,0,FALSE,FALSE,0.27121095692266,542.42191384532,NA,"4428;4431;4434",1112
"Laptop","MD_BayesMVP_WCP","BayesMVP_NicoStan",500,2,4,2,2,2000,"257aba3ac8b8727679d269bf8597bb85","state_allocation_thread_setup_sampling_divergence_check","iteration_difference","main_scaling","two_run_difference",NA,4,7.72236118059007,7.7208604302147,0.193848483375029,0.005250000000105,7.72374999999988,0.00138881940980997,0.00386118059029503,0.00500000000005407,7.72249999999975,0.00121710855427614,0.00386043021510735,0,FALSE,FALSE,0.25898814536504,517.976290730079,0,"9541;9544;9547;9550",2413
"Laptop","AD_Stan_WCP","NicoStan_BridgeStan",50000,500,4,2,2,20,"50597d787bf5578f0fdbdd94f2702741","NicoStan_BridgeStan_state_allocation_thread_setup_sampling_model_load_divergence_check","iteration_difference","main_scaling","two_run_difference",100,4,7.79868421052601,7.76315789473612,0.172606705525122,1.01774999999998,8.42649999999969,0.627815789473677,0.389934210526301,1.01900000000091,8.39400000000023,0.630842105264109,0.388157894736806,0,FALSE,FALSE,0.256453517799909,5.12907035599817,0,"8897;8900;8903;8906",2252
"HPC","Mplus_WCP","mplus",500,1,16,8,2,10000,"5fff1836d43ae39c037ca22d13a50ed5","Mplus_input_write_engine_run_output_validation_BITERATIONS","overhead_subtraction","main_scaling","two_run_difference",NA,3,31.3193333333333,30.893,1.45318626931765,0.447999999999998,31.7673333333333,0.447999999999998,0.00313193333333333,0.450999999999993,31.357,0.450999999999993,0.0030893,0,FALSE,FALSE,0.255433278698993,2554.33278698993,NA,"4394;4397;4400",1100
"Laptop","Mplus_WCP","mplus",2500,1,16,2,8,2000,"7184208393ceb4c8ae3e26f0d1660bdb","Mplus_input_write_engine_run_output_validation_BITERATIONS","overhead_subtraction","main_scaling","two_run_difference",NA,3,7.896,7.92200000000003,0.214186834329309,0.510333333333316,8.40633333333331,0.510333333333316,0.003948,0.510999999999967,8.43299999999999,0.510999999999967,0.00396100000000001,0,FALSE,FALSE,0.253292806484296,506.585612968592,NA,"10041;10044;10047",2541
"HPC","Mplus_WCP","mplus",500,1,16,4,4,10000,"5fff1836d43ae39c037ca22d13a50ed5","Mplus_input_write_engine_run_output_validation_BITERATIONS","overhead_subtraction","main_scaling","two_run_difference",NA,3,15.9263333333333,15.863,0.562679600957196,0.43433333333334,16.3606666666667,0.43433333333334,0.00159263333333333,0.432999999999993,16.284,0.432999999999993,0.0015863,0,FALSE,FALSE,0.251156365767387,2511.56365767387,NA,"4386;4389;4392",1098
"HPC","Mplus_standard","mplus",10000,1,4,4,1,200,"b97502ef4c1796520d0acd01a82ea24d","Mplus_input_write_engine_run_output_validation_BITERATIONS","overhead_subtraction","main_scaling","two_run_difference",NA,3,16.1903333333334,16.024,0.551639677084086,1.23199999999997,17.4223333333334,1.23199999999997,0.0809516666666669,1.22499999999991,17.235,1.22499999999991,0.08012,0,FALSE,FALSE,0.247061003479442,49.4122006958883,NA,"4661;4662;4663",1189
"Laptop","Mplus_WCP","mplus",500,1,16,8,2,10000,"257aba3ac8b8727679d269bf8597bb85","Mplus_input_write_engine_run_output_validation_BITERATIONS","overhead_subtraction","main_scaling","two_run_difference",NA,3,32.9286666666667,33.159,0.840513136918939,0.445333333333338,33.374,0.445333333333338,0.00329286666666667,0.441000000000003,33.6,0.441000000000003,0.0033159,0,FALSE,FALSE,0.242949405786245,2429.49405786245,NA,"10036;10037;10038",2538
"Laptop","MD_BayesMVP","BayesMVP_NicoStan",50000,50,4,4,1,50,"50597d787bf5578f0fdbdd94f2702741","state_allocation_thread_setup_sampling_divergence_check","iteration_difference","main_scaling","two_run_difference",NA,4,16.5579081632652,16.385714285714,0.388465492297777,0.421999999999912,16.6487499999998,0.0908418367346072,0.331158163265305,0.42450000000008,16.4839999999997,0.0977142857143648,0.327714285714281,0,FALSE,FALSE,0.241576409324111,12.0788204662056,0,"9443;9448;9453;9458",2390
"HPC","MD_BayesMVP","BayesMVP_NicoStan",50000,100,2,2,1,50,"3f8ed78629bdab9b833b52bd1450ea30","state_allocation_thread_setup_sampling_divergence_check","iteration_difference","main_scaling","two_run_difference",NA,4,8.31709183673517,8.31530612244956,0.217413797962784,0.181999999999789,8.33275000000026,0.0156581632650855,0.166341836734703,0.182000000000016,8.33150000000023,0.0160000000000114,0.166306122448991,0,FALSE,FALSE,0.240468668527422,12.0234334263711,0,"5446;5455;5464;5473",1390
"HPC","Mplus_standard","mplus",10000,1,8,8,1,200,"b97502ef4c1796520d0acd01a82ea24d","Mplus_input_write_engine_run_output_validation_BITERATIONS","overhead_subtraction","main_scaling","two_run_difference",NA,3,34.1613333333334,34.1960000000001,0.101539811568449,1.31566666666667,35.4770000000001,1.31566666666667,0.170806666666667,1.31799999999998,35.5250000000001,1.31799999999998,0.170980000000001,0,FALSE,FALSE,0.234182896842434,46.8365793684867,NA,"4664;4665;4666",1190
"Laptop","MD_BayesMVP_WCP","BayesMVP_NicoStan",50000,250,16,8,2,100,"50597d787bf5578f0fdbdd94f2702741","state_allocation_thread_setup_sampling_divergence_check","iteration_difference","main_scaling","two_run_difference",NA,4,35.7383838383836,35.7707070707066,0.217971278889008,0.561000000000263,35.942,0.203616161616427,0.357383838383836,0.555000000000291,35.9799999999998,0.197939393939686,0.357707070707066,0,FALSE,FALSE,0.223848958480542,22.3848958480542,0,"9914;9920;9926;9932",2510
"Laptop","Mplus_WCP","mplus",500,1,16,4,4,10000,"257aba3ac8b8727679d269bf8597bb85","Mplus_input_write_engine_run_output_validation_BITERATIONS","overhead_subtraction","main_scaling","two_run_difference",NA,3,18.892,18.829,0.162907949468392,0.442000000000003,19.334,0.442000000000003,0.0018892,0.444000000000017,19.276,0.444000000000017,0.0018829,0,FALSE,FALSE,0.211729832733432,2117.29832733432,NA,"10031;10033;10035",2537
"Laptop","MD_BayesMVP_WCP","BayesMVP_NicoStan",50000,100,8,4,2,100,"50597d787bf5578f0fdbdd94f2702741","state_allocation_thread_setup_sampling_divergence_check","iteration_difference","main_scaling","two_run_difference",NA,4,19.2469696969699,19.19898989899,0.341006969363658,0.346000000000117,19.4005000000003,0.153530303030418,0.192469696969699,0.348000000000184,19.3290000000002,0.156595959596143,0.1919898989899,0,FALSE,FALSE,0.207824923246475,20.7824923246475,0,"9888;9894;9900;9906",2502
"HPC","Mplus_WCP","mplus",50000,1,8,4,2,100,"3f8ed78629bdab9b833b52bd1450ea30","Mplus_input_write_engine_run_output_validation_BITERATIONS","overhead_subtraction","main_scaling","two_run_difference",NA,3,19.5836666666669,19.6750000000002,0.253648050127397,3.39233333333323,22.9760000000001,3.39233333333323,0.195836666666669,3.45499999999993,23.1300000000001,3.45499999999993,0.196750000000002,0,FALSE,FALSE,0.204251842521827,20.4251842521827,NA,"4535;4542;4549",1147
"HPC","Mplus_WCP","mplus",10000,1,8,4,2,500,"b97502ef4c1796520d0acd01a82ea24d","Mplus_input_write_engine_run_output_validation_BITERATIONS","overhead_subtraction","main_scaling","two_run_difference",NA,3,19.595,19.1769999999999,0.73964045319321,1.00700000000006,20.602,1.00700000000006,0.0391899999999999,1.01600000000008,20.193,1.01600000000008,0.0383539999999998,0,FALSE,FALSE,0.204133707578464,102.066853789232,NA,"4469;4476;4483",1125
"Laptop","Mplus_standard","mplus",10000,1,1,1,1,200,"b352a26c8e9b174599c6b645056fb577","Mplus_input_write_engine_run_output_validation_BITERATIONS","overhead_subtraction","main_scaling","two_run_difference",NA,3,4.91633333333334,4.91899999999998,0.00737111479582992,0.537999999999992,5.45433333333333,0.537999999999992,0.0245816666666667,0.533999999999992,5.45600000000002,0.533999999999992,0.0245949999999999,0,FALSE,FALSE,0.203403620584446,40.6807241168892,NA,"10123;10124;10125",2567
"Laptop","MD_BayesMVP","BayesMVP_NicoStan",10000,10,1,1,1,80,"b352a26c8e9b174599c6b645056fb577","state_allocation_thread_setup_sampling_divergence_check","iteration_difference","main_scaling","two_run_difference",NA,4,5.13772151898734,5.08151898734174,0.125780413787914,0.073750000000004,5.14725,0.00952848101266226,0.0642215189873417,0.0740000000000123,5.0925,0.00889873417722746,0.0635189873417718,0,FALSE,FALSE,0.194638809500345,15.5711047600276,0,"9281;9286;9291;9296",2348
"Laptop","MD_BayesMVP_WCP","BayesMVP_NicoStan",50000,100,16,4,4,100,"50597d787bf5578f0fdbdd94f2702741","state_allocation_thread_setup_sampling_divergence_check","iteration_difference","main_scaling","two_run_difference",NA,4,20.6058080808084,20.4358585858587,0.801366624687941,0.391749999999945,20.7915000000002,0.185691919191861,0.206058080808084,0.396999999999935,20.6114999999999,0.184494949494879,0.204358585858587,0,FALSE,FALSE,0.194120025980708,19.4120025980708,0,"9889;9895;9901;9907",2503
"Laptop","Mplus_standard","mplus",50000,1,8,8,1,100,"50597d787bf5578f0fdbdd94f2702741","Mplus_input_write_engine_run_output_validation_BITERATIONS","overhead_subtraction","main_scaling","two_run_difference",NA,3,41.4786666666666,41.519,0.259858294717205,7.09900000000005,48.5776666666667,7.09900000000005,0.414786666666666,7.12200000000007,48.6410000000001,7.12200000000007,0.41519,0,FALSE,FALSE,0.192870230479926,19.2870230479926,NA,"10147;10148;10149",2575
"Laptop","Mplus_standard","mplus",50000,1,4,4,1,100,"50597d787bf5578f0fdbdd94f2702741","Mplus_input_write_engine_run_output_validation_BITERATIONS","overhead_subtraction","main_scaling","two_run_difference",NA,3,21.656,21.697,0.23915058017908,6.86733333333332,28.5233333333333,6.86733333333332,0.21656,6.87099999999998,28.568,6.87099999999998,0.21697,0,FALSE,FALSE,0.18470631695604,18.470631695604,NA,"10144;10145;10146",2574
"HPC","Mplus_WCP","mplus",2500,1,8,4,2,2000,"229e14792b0f4550a6f1e0887b422826","Mplus_input_write_engine_run_output_validation_BITERATIONS","overhead_subtraction","main_scaling","two_run_difference",NA,3,21.706,21.3339999999999,0.900593693071333,0.555333333333313,22.2613333333333,0.555333333333313,0.010853,0.556999999999903,21.895,0.556999999999903,0.010667,0,FALSE,FALSE,0.184280844006265,368.561688012531,NA,"4427;4430;4433",1111
"Laptop","MD_BayesMVP_WCP","BayesMVP_NicoStan",50000,100,8,2,4,100,"50597d787bf5578f0fdbdd94f2702741","state_allocation_thread_setup_sampling_divergence_check","iteration_difference","main_scaling","two_run_difference",NA,4,11.0429292929292,10.8202020202019,0.652126667311338,0.213249999999903,11.1457499999998,0.102820707070611,0.110429292929292,0.209499999999707,10.9214999999996,0.101297979797688,0.108202020202019,0,FALSE,FALSE,0.18111136519552,18.111136519552,0,"9886;9892;9898;9904",2500
"HPC","Mplus_WCP","mplus",500,1,8,4,2,10000,"5fff1836d43ae39c037ca22d13a50ed5","Mplus_input_write_engine_run_output_validation_BITERATIONS","overhead_subtraction","main_scaling","two_run_difference",NA,3,22.4676666666667,22.71,0.49970624704254,0.452666666666664,22.9203333333333,0.452666666666664,0.00224676666666667,0.447999999999993,23.158,0.447999999999993,0.002271,0,FALSE,FALSE,0.178033618681661,1780.33618681661,NA,"4385;4388;4391",1097
"Laptop","Mplus_WCP","mplus",500,1,16,2,8,10000,"257aba3ac8b8727679d269bf8597bb85","Mplus_input_write_engine_run_output_validation_BITERATIONS","overhead_subtraction","main_scaling","two_run_difference",NA,3,11.4766666666667,11.404,0.181274193787575,0.447666666666665,11.9243333333333,0.447666666666665,0.00114766666666667,0.451000000000001,11.855,0.451000000000001,0.0011404,0,FALSE,FALSE,0.174266627940749,1742.66627940749,NA,"10023;10026;10029",2535
"Laptop","MD_BayesMVP_WCP","BayesMVP_NicoStan",500,8,16,2,8,2000,"257aba3ac8b8727679d269bf8597bb85","state_allocation_thread_setup_sampling_divergence_check","iteration_difference","main_scaling","two_run_difference",NA,4,11.911205602802,11.8704352176098,0.426035653047451,0.0237499999992679,11.9289999999999,0.0177943971978669,0.005955602801401,0.0244999999986248,11.8860000000002,0.0184102051011757,0.00593521760880492,0,FALSE,FALSE,0.167909115726247,335.818231452494,0,"9981;9982;9983;9984",2523
"Laptop","AD_Stan","NicoStan_BridgeStan",50000,1,1,1,1,10,"50597d787bf5578f0fdbdd94f2702741","NicoStan_BridgeStan_state_allocation_thread_setup_sampling_model_load_divergence_check","iteration_difference","main_scaling","two_run_difference",NA,4,5.97666666666689,5.9844444444448,0.0227348285233019,1.4252500000005,6.8042500000007,0.827583333333806,0.597666666666689,1.3150000000002,6.70600000000051,0.716611111111902,0.59844444444448,0,FALSE,FALSE,0.167317345231449,1.67317345231449,0,"7321;7322;7323;7324",1858
"HPC","Mplus_standard","mplus",50000,1,16,16,1,100,"3f8ed78629bdab9b833b52bd1450ea30","Mplus_input_write_engine_run_output_validation_BITERATIONS","overhead_subtraction","main_scaling","two_run_difference",NA,3,99.2803333333334,100.087,5.191220408857,5.209,104.489333333333,5.209,0.992803333333334,5.20699999999999,105.294,5.20699999999999,1.00087,0,FALSE,FALSE,0.161159813457516,16.1159813457516,NA,"4694;4695;4696",1200
"Laptop","MD_BayesMVP_WCP","BayesMVP_NicoStan",50000,250,16,2,8,100,"50597d787bf5578f0fdbdd94f2702741","state_allocation_thread_setup_sampling_divergence_check","iteration_difference","main_scaling","two_run_difference",NA,4,13.2060606060607,13.2404040404041,0.27088917941189,0.306249999999523,13.3802499999996,0.174189393938915,0.132060606060607,0.303499999999417,13.4114999999995,0.171095959595376,0.132404040404041,0,FALSE,FALSE,0.15144561725562,15.144561725562,0,"9911;9917;9923;9929",2507
"Laptop","AD_Stan_tape_chunked","NicoStan_BridgeStan",50000,10,1,1,1,10,"50597d787bf5578f0fdbdd94f2702741","NicoStan_BridgeStan_state_allocation_thread_setup_sampling_model_load_divergence_check","iteration_difference","main_scaling","two_run_difference",5000,4,7.01638888888908,7.00722222222238,0.0819885317683951,1.36699999999993,7.68175000000011,0.665361111111025,0.701638888888908,1.35449999999969,7.65450000000033,0.65722222222189,0.700722222222238,0,FALSE,FALSE,0.142523456985625,1.42523456985625,0,"8213;8214;8215;8216",2081
"Laptop","AD_Stan_chunked","NicoStan_BridgeStan",50000,25,1,1,1,10,"50597d787bf5578f0fdbdd94f2702741","NicoStan_BridgeStan_state_allocation_thread_setup_sampling_model_load_divergence_check","iteration_difference","main_scaling","two_run_difference",2000,4,7.03972222222288,7.01277777777818,0.173732624143161,1.49524999999994,7.83100000000053,0.791277777777654,0.703972222222288,1.35499999999973,7.79550000000108,0.648333333332977,0.701277777777818,0,FALSE,FALSE,0.142051059464139,1.42051059464139,0,"7701;7702;7703;7704",1953
"Laptop","Mplus_standard","mplus",50000,1,2,2,1,100,"50597d787bf5578f0fdbdd94f2702741","Mplus_input_write_engine_run_output_validation_BITERATIONS","overhead_subtraction","main_scaling","two_run_difference",NA,3,14.6846666666667,14.668,0.0921375782910336,6.68333333333332,21.3680000000001,6.68333333333332,0.146846666666667,6.67499999999995,21.398,6.67499999999995,0.14668,0,FALSE,FALSE,0.136196486130657,13.6196486130657,NA,"10141;10142;10143",2573
"HPC","Mplus_standard","mplus",50000,1,1,1,1,100,"3f8ed78629bdab9b833b52bd1450ea30","Mplus_input_write_engine_run_output_validation_BITERATIONS","overhead_subtraction","main_scaling","two_run_difference",NA,3,7.39066666666667,7.393,0.00680685928555312,0.721999999999999,8.11266666666667,0.721999999999999,0.0739066666666667,0.721,8.114,0.721,0.07393,0,FALSE,FALSE,0.135305791087859,13.5305791087859,NA,"4682;4683;4684",1196
"Laptop","MD_BayesMVP","BayesMVP_NicoStan",50000,50,2,2,1,50,"50597d787bf5578f0fdbdd94f2702741","state_allocation_thread_setup_sampling_divergence_check","iteration_difference","main_scaling","two_run_difference",NA,4,16.0369897959188,16.0897959183678,0.132302978658246,0.372249999999781,16.0885000000002,0.0515102040814053,0.320739795918376,0.365999999999985,16.1485000000002,0.0443163265304111,0.321795918367357,0,FALSE,FALSE,0.124711683766799,6.23558418833994,0,"9442;9447;9452;9457",2389
"HPC","MD_BayesMVP","BayesMVP_NicoStan",50000,100,1,1,1,50,"3f8ed78629bdab9b833b52bd1450ea30","state_allocation_thread_setup_sampling_divergence_check","iteration_difference","main_scaling","two_run_difference",NA,4,8.06811224489806,8.04591836734716,0.0594958632162604,0.169750000000022,8.07650000000012,0.00838775510206057,0.161362244897961,0.169499999999971,8.05450000000019,0.00858163265302767,0.160918367346943,0,FALSE,FALSE,0.123944730768013,6.19723653840065,0,"5445;5454;5463;5472",1389
"HPC","Mplus_standard","mplus",50000,1,2,2,1,100,"3f8ed78629bdab9b833b52bd1450ea30","Mplus_input_write_engine_run_output_validation_BITERATIONS","overhead_subtraction","main_scaling","two_run_difference",NA,3,17.6496666666667,17.83,0.550133014218693,4.33533333333333,21.985,4.33533333333333,0.176496666666667,4.317,22.147,4.317,0.1783,0,FALSE,FALSE,0.113316587659824,11.3316587659824,NA,"4685;4686;4687",1197
"Laptop","MD_BayesMVP_WCP","BayesMVP_NicoStan",50000,50,4,2,2,100,"50597d787bf5578f0fdbdd94f2702741","state_allocation_thread_setup_sampling_divergence_check","iteration_difference","main_scaling","two_run_difference",NA,4,17.8075757575758,17.806565656565,0.0794177533020253,0.246249999999861,17.8757499999999,0.0681742424241037,0.178075757575758,0.240499999999997,17.8684999999994,0.0626969696969719,0.17806565656565,0,FALSE,FALSE,0.11231175019144,11.231175019144,0,"9861;9867;9873;9879",2493
"HPC","Mplus_standard","mplus",50000,1,4,4,1,100,"3f8ed78629bdab9b833b52bd1450ea30","Mplus_input_write_engine_run_output_validation_BITERATIONS","overhead_subtraction","main_scaling","two_run_difference",NA,3,39.5546666666667,39.542,1.00505986554701,4.51133333333332,44.066,4.51133333333332,0.395546666666667,4.511,44.046,4.511,0.39542,0,FALSE,FALSE,0.101125867997034,10.1125867997034,NA,"4688;4689;4690",1198
"HPC","Mplus_standard","mplus",50000,1,8,8,1,100,"3f8ed78629bdab9b833b52bd1450ea30","Mplus_input_write_engine_run_output_validation_BITERATIONS","overhead_subtraction","main_scaling","two_run_difference",NA,3,85.3413333333333,85.195,0.97080705257704,4.93133333333333,90.2726666666667,4.93133333333333,0.853413333333333,4.88500000000001,90.08,4.88500000000001,0.85195,0,FALSE,FALSE,0.0937412117613974,9.37412117613974,NA,"4691;4692;4693",1199
"Laptop","Mplus_standard","mplus",50000,1,1,1,1,100,"50597d787bf5578f0fdbdd94f2702741","Mplus_input_write_engine_run_output_validation_BITERATIONS","overhead_subtraction","main_scaling","two_run_difference",NA,3,12.4596666666667,12.4160000000001,0.121533260193739,0.991666666666636,13.4513333333333,0.991666666666636,0.124596666666667,0.987999999999943,13.422,0.987999999999943,0.124160000000001,0,FALSE,FALSE,0.0802589689397787,8.02589689397787,NA,"10138;10139;10140",2572
"Laptop","MD_BayesMVP","BayesMVP_NicoStan",50000,50,1,1,1,50,"50597d787bf5578f0fdbdd94f2702741","state_allocation_thread_setup_sampling_divergence_check","iteration_difference","main_scaling","two_run_difference",NA,4,15.8854591836736,15.8025510204086,0.191911577164745,0.33725000000004,15.9050000000002,0.0195408163265674,0.317709183673473,0.331000000000131,15.8160000000003,0.015071428571455,0.316051020408172,0,FALSE,FALSE,0.0629506511859447,3.14753255929723,0,"9441;9446;9451;9456",2388
