"device","algorithm","execution_backend","N","num_chunks","n_threads","n_chains","threads_per_chain","n_iter","dataset_md5","timing_scope","timing_estimator","benchmark_role","timing_method","stan_chunk_size","n_repeats","time_mean","time_median","time_sd","time_short_run_mean","time_long_run_mean","fixed_cost_mean","seconds_per_iteration_mean","time_short_run_median","time_long_run_median","fixed_cost_median","seconds_per_iteration_median","n_repeats_two_run_flagged","time_mean_not_positive","time_median_not_positive","chain_rate","total_iter_per_sec","max_divergences","case_ids","configuration_id","N_num","N_label","N_chunks_num","N_chunks","N_threads","N_iter","N_chains","time_avg","time_SD","Efficiency","Algorithm_label","Stan_variant_label","selected_best_chunks","relative_chunk_throughput"
"HPC","AD_Stan_WCP","NicoStan_BridgeStan",10000,2,8,4,2,80,"b97502ef4c1796520d0acd01a82ea24d","NicoStan_BridgeStan_state_allocation_thread_setup_sampling_model_load_divergence_check","iteration_difference","main_scaling","two_run_difference",5000,4,3.40151898734187,3.39848101265834,0.0166807076465291,0.163499999999942,3.52250000000004,0.120981012658169,0.0425189873417733,0.161999999999921,3.52649999999983,0.119518987341692,0.0424810126582292,0,FALSE,FALSE,1.17594522179217,94.0756177433734,0,"4209;4210;4211;4212",1053,10000,"N = 10,000",2,"2","8",80,4,3.40151898734187,0.0166807076465291,1.17594522179217,"Stan model (NicoStan) + tape chunking + WCP","Stan model (NicoStan) + tape chunking + WCP",FALSE,0.858886573384905
"HPC","AD_Stan_WCP","NicoStan_BridgeStan",10000,4,8,4,2,80,"b97502ef4c1796520d0acd01a82ea24d","NicoStan_BridgeStan_state_allocation_thread_setup_sampling_model_load_divergence_check","iteration_difference","main_scaling","two_run_difference",2500,4,3.31822784810129,3.31493670886077,0.031249162783204,0.134499999999989,3.41125000000002,0.0930221518987223,0.0414778481012662,0.133999999999986,3.4075,0.0925632911392265,0.0414367088607597,0,FALSE,FALSE,1.20546272983901,96.4370183871206,0,"2577;2579;2581;2583",645,10000,"N = 10,000",4,"4","8",80,4,3.31822784810129,0.031249162783204,1.20546272983901,"Stan model (NicoStan) + tape chunking + WCP","Stan model (NicoStan) + tape chunking + WCP",FALSE,0.880445563439369
"HPC","AD_Stan_WCP","NicoStan_BridgeStan",10000,10,8,4,2,80,"b97502ef4c1796520d0acd01a82ea24d","NicoStan_BridgeStan_state_allocation_thread_setup_sampling_model_load_divergence_check","iteration_difference","main_scaling","two_run_difference",1000,4,2.92151898734175,2.91898734177212,0.0336369233238536,0.113,2.99799999999998,0.0764810126582277,0.0365189873417719,0.111500000000007,2.99849999999995,0.0750126582278551,0.0364873417721515,0,FALSE,FALSE,1.36915077989602,109.532062391682,0,"2629;2632;2635;2638",658,10000,"N = 10,000",10,"10","8",80,4,2.92151898734175,0.0336369233238536,1.36915077989602,"Stan model (NicoStan) + tape chunking + WCP","Stan model (NicoStan) + tape chunking + WCP",TRUE,1
"HPC","AD_Stan_WCP","NicoStan_BridgeStan",10000,25,8,4,2,80,"b97502ef4c1796520d0acd01a82ea24d","NicoStan_BridgeStan_state_allocation_thread_setup_sampling_model_load_divergence_check","iteration_difference","main_scaling","two_run_difference",400,4,2.9392405063291,2.92405063291138,0.0559228224256016,0.113499999999988,3.01599999999998,0.0767594936708739,0.0367405063291138,0.114000000000004,3.00099999999998,0.077069620253169,0.0365506329113923,0,FALSE,FALSE,1.36089577950044,108.871662360035,0,"2697;2702;2707;2712",675,10000,"N = 10,000",25,"25","8",80,4,2.9392405063291,0.0559228224256016,1.36089577950044,"Stan model (NicoStan) + tape chunking + WCP","Stan model (NicoStan) + tape chunking + WCP",FALSE,0.993970714900943
"HPC","AD_Stan_WCP","NicoStan_BridgeStan",10000,50,8,4,2,80,"b97502ef4c1796520d0acd01a82ea24d","NicoStan_BridgeStan_state_allocation_thread_setup_sampling_model_load_divergence_check","iteration_difference","main_scaling","two_run_difference",200,4,3.05189873417719,3.04658227848095,0.0446900582144011,0.116000000000014,3.12974999999999,0.077851265822799,0.0381487341772149,0.115499999999997,3.12699999999995,0.0772848101265795,0.0380822784810119,0,FALSE,FALSE,1.31065947739528,104.852758191623,0,"2789;2796;2803;2810",698,10000,"N = 10,000",50,"50","8",80,4,3.05189873417719,0.0446900582144011,1.31065947739528,"Stan model (NicoStan) + tape chunking + WCP","Stan model (NicoStan) + tape chunking + WCP",FALSE,0.957279137287433
"HPC","AD_Stan_WCP","NicoStan_BridgeStan",10000,100,8,4,2,80,"b97502ef4c1796520d0acd01a82ea24d","NicoStan_BridgeStan_state_allocation_thread_setup_sampling_model_load_divergence_check","iteration_difference","main_scaling","two_run_difference",100,4,3.21544303797466,3.22278481012659,0.0428947729288678,0.117000000000047,3.29225000000002,0.0768069620253638,0.0401930379746833,0.117000000000075,3.30150000000003,0.0766898734177975,0.0402848101265823,0,FALSE,FALSE,1.24399653570586,99.5197228564687,0,"2889;2896;2903;2910",723,10000,"N = 10,000",100,"100","8",80,4,3.21544303797466,0.0428947729288678,1.24399653570586,"Stan model (NicoStan) + tape chunking + WCP","Stan model (NicoStan) + tape chunking + WCP",FALSE,0.908589874813006
"HPC","AD_Stan_WCP","NicoStan_BridgeStan",10000,250,8,4,2,80,"b97502ef4c1796520d0acd01a82ea24d","NicoStan_BridgeStan_state_allocation_thread_setup_sampling_model_load_divergence_check","iteration_difference","main_scaling","two_run_difference",40,4,3.47139240506328,3.46886075949366,0.0719628881192452,0.126500000000014,3.5545,0.0831075949367233,0.043392405063291,0.124000000000024,3.54950000000001,0.0806392405063529,0.0433607594936707,0,FALSE,FALSE,1.15227537922987,92.18203033839,0,"2989;2996;3003;3010",748,10000,"N = 10,000",250,"250","8",80,4,3.47139240506328,0.0719628881192452,1.15227537922987,"Stan model (NicoStan) + tape chunking + WCP","Stan model (NicoStan) + tape chunking + WCP",FALSE,0.841598599766623
"HPC","AD_Stan_WCP","NicoStan_BridgeStan",10000,500,8,4,2,80,"b97502ef4c1796520d0acd01a82ea24d","NicoStan_BridgeStan_state_allocation_thread_setup_sampling_model_load_divergence_check","iteration_difference","main_scaling","two_run_difference",20,4,3.97189873417722,3.97772151898737,0.0890040557855206,0.129000000000005,4.05125000000001,0.0793512658227896,0.0496487341772153,0.129500000000007,4.05750000000003,0.0797784810126652,0.0497215189873421,0,FALSE,FALSE,1.00707502071515,80.5660016572119,0,"3089;3096;3103;3110",773,10000,"N = 10,000",500,"500","8",80,4,3.97189873417722,0.0890040557855206,1.00707502071515,"Stan model (NicoStan) + tape chunking + WCP","Stan model (NicoStan) + tape chunking + WCP",FALSE,0.735547198674223
"HPC","AD_Stan_WCP","NicoStan_BridgeStan",10000,1000,8,4,2,80,"b97502ef4c1796520d0acd01a82ea24d","NicoStan_BridgeStan_state_allocation_thread_setup_sampling_model_load_divergence_check","iteration_difference","main_scaling","two_run_difference",10,4,5.02936708860765,5.02379746835444,0.0365914023633137,0.134999999999991,5.10150000000004,0.0721329113923953,0.0628670886075956,0.134999999999991,5.096,0.0722025316455604,0.0627974683544305,0,FALSE,FALSE,0.795328702305438,63.626296184435,0,"3189;3196;3203;3210",798,10000,"N = 10,000",1000,"1000","8",80,4,5.02936708860765,0.0365914023633137,0.795328702305438,"Stan model (NicoStan) + tape chunking + WCP","Stan model (NicoStan) + tape chunking + WCP",FALSE,0.580891976240802
"HPC","AD_Stan_WCP","NicoStan_BridgeStan",10000,4,16,4,4,80,"b97502ef4c1796520d0acd01a82ea24d","NicoStan_BridgeStan_state_allocation_thread_setup_sampling_model_load_divergence_check","iteration_difference","main_scaling","two_run_difference",2500,4,2.23518987341771,2.22886075949366,0.0345233294860677,0.13375000000002,2.34100000000001,0.105810126582299,0.0279398734177214,0.134000000000015,2.33500000000001,0.106139240506344,0.0278607594936708,0,FALSE,FALSE,1.78955714123911,143.164571299129,0,"2578;2580;2582;2584",646,10000,"N = 10,000",4,"4","16",80,4,2.23518987341771,0.0345233294860677,1.78955714123911,"Stan model (NicoStan) + tape chunking + WCP","Stan model (NicoStan) + tape chunking + WCP",FALSE,0.705515913466992
"HPC","AD_Stan_WCP","NicoStan_BridgeStan",10000,10,16,4,4,80,"b97502ef4c1796520d0acd01a82ea24d","NicoStan_BridgeStan_state_allocation_thread_setup_sampling_model_load_divergence_check","iteration_difference","main_scaling","two_run_difference",1000,4,1.60683544303798,1.60658227848104,0.0117623933056366,0.10575,1.69250000000001,0.0856645569620257,0.0200854430379748,0.102000000000004,1.69350000000003,0.0818101265822824,0.020082278481013,0,FALSE,FALSE,2.48936505435637,199.14920434851,0,"2630;2633;2636;2639",659,10000,"N = 10,000",10,"10","16",80,4,1.60683544303798,0.0117623933056366,2.48936505435637,"Stan model (NicoStan) + tape chunking + WCP","Stan model (NicoStan) + tape chunking + WCP",FALSE,0.981408539467466
"HPC","AD_Stan_WCP","NicoStan_BridgeStan",10000,25,16,4,4,80,"b97502ef4c1796520d0acd01a82ea24d","NicoStan_BridgeStan_state_allocation_thread_setup_sampling_model_load_divergence_check","iteration_difference","main_scaling","two_run_difference",400,4,1.57696202531647,1.57873417721522,0.013135313185867,0.112499999999997,1.66975000000001,0.0927879746835413,0.0197120253164558,0.114499999999992,1.66550000000001,0.0947531645569545,0.0197341772151902,0,FALSE,FALSE,2.53652271632684,202.921817306147,0,"2698;2703;2708;2713",676,10000,"N = 10,000",25,"25","16",80,4,1.57696202531647,0.013135313185867,2.53652271632684,"Stan model (NicoStan) + tape chunking + WCP","Stan model (NicoStan) + tape chunking + WCP",TRUE,1
"HPC","AD_Stan_WCP","NicoStan_BridgeStan",10000,50,16,4,4,80,"b97502ef4c1796520d0acd01a82ea24d","NicoStan_BridgeStan_state_allocation_thread_setup_sampling_model_load_divergence_check","iteration_difference","main_scaling","two_run_difference",200,4,1.64227848101269,1.63949367088616,0.0142343634195298,0.111499999999992,1.73325000000003,0.0909715189873337,0.0205284810126587,0.111999999999995,1.72850000000005,0.0913481012658174,0.020493670886077,0,FALSE,FALSE,2.43564051179276,194.851240943421,0,"2790;2797;2804;2811",699,10000,"N = 10,000",50,"50","16",80,4,1.64227848101269,0.0142343634195298,2.43564051179276,"Stan model (NicoStan) + tape chunking + WCP","Stan model (NicoStan) + tape chunking + WCP",FALSE,0.960228148604888
"HPC","AD_Stan_WCP","NicoStan_BridgeStan",10000,100,16,4,4,80,"b97502ef4c1796520d0acd01a82ea24d","NicoStan_BridgeStan_state_allocation_thread_setup_sampling_model_load_divergence_check","iteration_difference","main_scaling","two_run_difference",100,4,1.73721518987344,1.73620253164561,0.0107329033556215,0.113999999999976,1.8295,0.0922848101265579,0.021715189873418,0.113999999999976,1.82850000000002,0.0922974683544057,0.0217025316455702,0,FALSE,FALSE,2.30253570387639,184.202856310112,0,"2890;2897;2904;2911",724,10000,"N = 10,000",100,"100","16",80,4,1.73721518987344,0.0107329033556215,2.30253570387639,"Stan model (NicoStan) + tape chunking + WCP","Stan model (NicoStan) + tape chunking + WCP",FALSE,0.907752841737098
"HPC","AD_Stan_WCP","NicoStan_BridgeStan",10000,250,16,4,4,80,"b97502ef4c1796520d0acd01a82ea24d","NicoStan_BridgeStan_state_allocation_thread_setup_sampling_model_load_divergence_check","iteration_difference","main_scaling","two_run_difference",40,4,1.89392405063292,1.88962025316457,0.03320093344352,0.127249999999997,1.9975,0.103575949367085,0.0236740506329115,0.121000000000009,1.986,0.0976012658227943,0.0236202531645571,0,FALSE,FALSE,2.11201711001202,168.961368800962,0,"2990;2997;3004;3011",749,10000,"N = 10,000",250,"250","16",80,4,1.89392405063292,0.03320093344352,2.11201711001202,"Stan model (NicoStan) + tape chunking + WCP","Stan model (NicoStan) + tape chunking + WCP",FALSE,0.832642694826898
"HPC","AD_Stan_WCP","NicoStan_BridgeStan",10000,500,16,4,4,80,"b97502ef4c1796520d0acd01a82ea24d","NicoStan_BridgeStan_state_allocation_thread_setup_sampling_model_load_divergence_check","iteration_difference","main_scaling","two_run_difference",20,4,2.18962025316453,2.1691139240506,0.0489745292285914,0.117750000000015,2.27999999999999,0.0903797468354585,0.0273702531645566,0.117500000000007,2.25749999999999,0.0904936708860828,0.0271139240506325,0,FALSE,FALSE,1.82680078621808,146.144062897447,0,"3090;3097;3104;3111",774,10000,"N = 10,000",500,"500","16",80,4,2.18962025316453,0.0489745292285914,1.82680078621808,"Stan model (NicoStan) + tape chunking + WCP","Stan model (NicoStan) + tape chunking + WCP",FALSE,0.720198866921046
"HPC","AD_Stan_WCP","NicoStan_BridgeStan",10000,1000,16,4,4,80,"b97502ef4c1796520d0acd01a82ea24d","NicoStan_BridgeStan_state_allocation_thread_setup_sampling_model_load_divergence_check","iteration_difference","main_scaling","two_run_difference",10,4,2.70050632911393,2.68708860759495,0.0627105863157608,0.125499999999988,2.79225,0.091743670886064,0.0337563291139241,0.125499999999988,2.77449999999999,0.0912278481012535,0.0335886075949368,0,FALSE,FALSE,1.48120371238398,118.496296990719,0,"3190;3197;3204;3211",799,10000,"N = 10,000",1000,"1000","16",80,4,2.70050632911393,0.0627105863157608,1.48120371238398,"Stan model (NicoStan) + tape chunking + WCP","Stan model (NicoStan) + tape chunking + WCP",FALSE,0.583950501546829
"HPC","AD_Stan_WCP","NicoStan_BridgeStan",10000,8,32,4,8,80,"b97502ef4c1796520d0acd01a82ea24d","NicoStan_BridgeStan_state_allocation_thread_setup_sampling_model_load_divergence_check","iteration_difference","main_scaling","two_run_difference",1250,4,1.61772151898766,1.61518987341821,0.0302387727716363,0.108749999999873,1.70625000000018,0.088528481012527,0.0202215189873457,0.109499999999798,1.70500000000015,0.0893101265820705,0.0201898734177276,0,FALSE,FALSE,2.47261345852847,197.809076682278,0,"4237;4238;4239;4240",1060,10000,"N = 10,000",8,"8","32",80,4,1.61772151898766,0.0302387727716363,2.47261345852847,"Stan model (NicoStan) + tape chunking + WCP","Stan model (NicoStan) + tape chunking + WCP",FALSE,0.666510172143839
"HPC","AD_Stan_WCP","NicoStan_BridgeStan",10000,10,32,4,8,80,"b97502ef4c1796520d0acd01a82ea24d","NicoStan_BridgeStan_state_allocation_thread_setup_sampling_model_load_divergence_check","iteration_difference","main_scaling","two_run_difference",1000,4,1.15999999999998,1.16,0.0590967999845597,0.108249999999998,1.25374999999998,0.0937499999999984,0.0144999999999998,0.10899999999998,1.25299999999999,0.0944999999999805,0.0145,0,FALSE,FALSE,3.44827586206901,275.862068965521,0,"2631;2634;2637;2640",660,10000,"N = 10,000",10,"10","32",80,4,1.15999999999998,0.0590967999845597,3.44827586206901,"Stan model (NicoStan) + tape chunking + WCP","Stan model (NicoStan) + tape chunking + WCP",FALSE,0.929506765604543
"HPC","AD_Stan_WCP","NicoStan_BridgeStan",10000,25,32,4,8,80,"b97502ef4c1796520d0acd01a82ea24d","NicoStan_BridgeStan_state_allocation_thread_setup_sampling_model_load_divergence_check","iteration_difference","main_scaling","two_run_difference",400,4,1.12607594936707,1.14177215189873,0.0623312870019118,0.108500000000006,1.22049999999999,0.0944240506329181,0.0140759493670884,0.108499999999992,1.23599999999999,0.0942278481012581,0.0142721518987341,0,FALSE,FALSE,3.55215827338136,284.172661870509,0,"2699;2704;2709;2714",677,10000,"N = 10,000",25,"25","32",80,4,1.12607594936707,0.0623312870019118,3.55215827338136,"Stan model (NicoStan) + tape chunking + WCP","Stan model (NicoStan) + tape chunking + WCP",FALSE,0.957508992805763
"HPC","AD_Stan_WCP","NicoStan_BridgeStan",10000,50,32,4,8,80,"b97502ef4c1796520d0acd01a82ea24d","NicoStan_BridgeStan_state_allocation_thread_setup_sampling_model_load_divergence_check","iteration_difference","main_scaling","two_run_difference",200,4,1.07822784810126,1.09367088607593,0.05861985090245,0.104500000000044,1.16925000000003,0.0910221518987785,0.0134778481012657,0.105500000000063,1.18100000000001,0.0914746835443677,0.0136708860759492,0,FALSE,FALSE,3.70979103075843,296.783282460674,0,"2791;2798;2805;2812",700,10000,"N = 10,000",50,"50","32",80,4,1.07822784810126,0.05861985090245,3.70979103075843,"Stan model (NicoStan) + tape chunking + WCP","Stan model (NicoStan) + tape chunking + WCP",TRUE,1
"HPC","AD_Stan_WCP","NicoStan_BridgeStan",10000,100,32,4,8,80,"b97502ef4c1796520d0acd01a82ea24d","NicoStan_BridgeStan_state_allocation_thread_setup_sampling_model_load_divergence_check","iteration_difference","main_scaling","two_run_difference",100,4,1.10556962025315,1.09670886075946,0.0533250541028881,0.111500000000007,1.20325,0.0976803797468422,0.0138196202531644,0.112500000000011,1.19549999999998,0.0987911392405181,0.0137088607594933,0,FALSE,FALSE,3.6180444240898,289.443553927184,0,"2891;2898;2905;2912",725,10000,"N = 10,000",100,"100","32",80,4,1.10556962025315,0.0533250541028881,3.6180444240898,"Stan model (NicoStan) + tape chunking + WCP","Stan model (NicoStan) + tape chunking + WCP",FALSE,0.975269063430271
"HPC","AD_Stan_WCP","NicoStan_BridgeStan",10000,250,32,4,8,80,"b97502ef4c1796520d0acd01a82ea24d","NicoStan_BridgeStan_state_allocation_thread_setup_sampling_model_load_divergence_check","iteration_difference","main_scaling","two_run_difference",40,4,1.22151898734177,1.23240506329114,0.0350344136138142,0.111499999999992,1.31774999999999,0.0962310126582203,0.0152689873417721,0.111499999999992,1.32849999999999,0.0963670886075874,0.0154050632911392,0,FALSE,FALSE,3.27461139896374,261.968911917099,0,"2991;2998;3005;3012",750,10000,"N = 10,000",250,"250","32",80,4,1.22151898734177,0.0350344136138142,3.27461139896374,"Stan model (NicoStan) + tape chunking + WCP","Stan model (NicoStan) + tape chunking + WCP",FALSE,0.882694300518128
"HPC","AD_Stan_WCP","NicoStan_BridgeStan",10000,500,32,4,8,80,"b97502ef4c1796520d0acd01a82ea24d","NicoStan_BridgeStan_state_allocation_thread_setup_sampling_model_load_divergence_check","iteration_difference","main_scaling","two_run_difference",20,4,1.37012658227849,1.37924050632911,0.0377636895080324,0.111749999999986,1.46475,0.0946234177215053,0.0171265822784811,0.111499999999978,1.47399999999999,0.0944873417721298,0.0172405063291139,0,FALSE,FALSE,2.91943828529193,233.555062823354,0,"3091;3098;3105;3112",775,10000,"N = 10,000",500,"500","32",80,4,1.37012658227849,0.0377636895080324,2.91943828529193,"Stan model (NicoStan) + tape chunking + WCP","Stan model (NicoStan) + tape chunking + WCP",FALSE,0.786954915003683
"HPC","AD_Stan_WCP","NicoStan_BridgeStan",10000,1000,32,4,8,80,"b97502ef4c1796520d0acd01a82ea24d","NicoStan_BridgeStan_state_allocation_thread_setup_sampling_model_load_divergence_check","iteration_difference","main_scaling","two_run_difference",10,4,1.5835443037975,1.57924050632913,0.0436295897204709,0.114749999999987,1.67850000000001,0.0949556962025179,0.0197943037974687,0.116499999999974,1.67350000000005,0.0966518987341503,0.0197405063291141,0,FALSE,FALSE,2.52597921662665,202.078337330132,0,"3191;3198;3205;3212",800,10000,"N = 10,000",1000,"1000","32",80,4,1.5835443037975,0.0436295897204709,2.52597921662665,"Stan model (NicoStan) + tape chunking + WCP","Stan model (NicoStan) + tape chunking + WCP",FALSE,0.680895283772963
"HPC","AD_Stan_WCP","NicoStan_BridgeStan",10000,16,64,4,16,80,"b97502ef4c1796520d0acd01a82ea24d","NicoStan_BridgeStan_state_allocation_thread_setup_sampling_model_load_divergence_check","iteration_difference","main_scaling","two_run_difference",625,4,1.60481012658226,1.60202531645557,0.0105684200538215,0.122000000000071,1.70675000000006,0.101939873417793,0.0200601265822783,0.119999999999891,1.70699999999988,0.0999873417720411,0.0200253164556947,0,FALSE,FALSE,2.49250670452755,199.400536362204,0,"4253;4255;4257;4259",1064,10000,"N = 10,000",16,"16","64",80,4,1.60481012658226,0.0105684200538215,2.49250670452755,"Stan model (NicoStan) + tape chunking + WCP","Stan model (NicoStan) + tape chunking + WCP",FALSE,0.604985013409048
"HPC","AD_Stan_WCP","NicoStan_BridgeStan",10000,25,64,4,16,80,"b97502ef4c1796520d0acd01a82ea24d","NicoStan_BridgeStan_state_allocation_thread_setup_sampling_model_load_divergence_check","iteration_difference","main_scaling","two_run_difference",400,4,1.1592405063291,1.15088607594935,0.114692578886135,0.103000000000023,1.24775000000001,0.0885094936709091,0.0144905063291138,0.106000000000023,1.24250000000001,0.0916139240506561,0.0143860759493669,0,FALSE,FALSE,3.45053505132129,276.042804105703,0,"2700;2705;2710;2715",678,10000,"N = 10,000",25,"25","64",80,4,1.1592405063291,0.114692578886135,3.45053505132129,"Stan model (NicoStan) + tape chunking + WCP","Stan model (NicoStan) + tape chunking + WCP",FALSE,0.837519108975751
"HPC","AD_Stan_WCP","NicoStan_BridgeStan",10000,50,64,4,16,80,"b97502ef4c1796520d0acd01a82ea24d","NicoStan_BridgeStan_state_allocation_thread_setup_sampling_model_load_divergence_check","iteration_difference","main_scaling","two_run_difference",200,4,1.01974683544301,1.02075949367092,0.0420222661695996,0.0990000000000038,1.10599999999998,0.0862531645569661,0.0127468354430377,0.0984999999999729,1.10549999999995,0.0857405063290864,0.0127594936708866,0,FALSE,FALSE,3.92254220456811,313.803376365449,0,"2792;2799;2806;2813",701,10000,"N = 10,000",50,"50","64",80,4,1.01974683544301,0.0420222661695996,3.92254220456811,"Stan model (NicoStan) + tape chunking + WCP","Stan model (NicoStan) + tape chunking + WCP",FALSE,0.95208540218471
"HPC","AD_Stan_WCP","NicoStan_BridgeStan",10000,100,64,4,16,80,"b97502ef4c1796520d0acd01a82ea24d","NicoStan_BridgeStan_state_allocation_thread_setup_sampling_model_load_divergence_check","iteration_difference","main_scaling","two_run_difference",100,4,0.970886075949348,0.959999999999979,0.0536573504148031,0.108250000000027,1.06700000000001,0.0961139240506598,0.0121360759493668,0.107000000000028,1.05349999999999,0.0950253164557243,0.0119999999999997,0,FALSE,FALSE,4.11994784876149,329.595827900919,0,"2892;2899;2906;2913",726,10000,"N = 10,000",100,"100","64",80,4,0.970886075949348,0.0536573504148031,4.11994784876149,"Stan model (NicoStan) + tape chunking + WCP","Stan model (NicoStan) + tape chunking + WCP",TRUE,1
"HPC","AD_Stan_WCP","NicoStan_BridgeStan",10000,250,64,4,16,80,"b97502ef4c1796520d0acd01a82ea24d","NicoStan_BridgeStan_state_allocation_thread_setup_sampling_model_load_divergence_check","iteration_difference","main_scaling","two_run_difference",40,4,1.0767088607595,1.08354430379748,0.0388556051502747,0.112749999999998,1.176,0.0992911392405046,0.0134588607594937,0.117999999999995,1.17500000000001,0.104721518987337,0.0135443037974684,0,FALSE,FALSE,3.7150246884552,297.201975076416,0,"2992;2999;3006;3013",751,10000,"N = 10,000",250,"250","64",80,4,1.0767088607595,0.0388556051502747,3.7150246884552,"Stan model (NicoStan) + tape chunking + WCP","Stan model (NicoStan) + tape chunking + WCP",FALSE,0.901716435457303
"HPC","AD_Stan_WCP","NicoStan_BridgeStan",10000,500,64,4,16,80,"b97502ef4c1796520d0acd01a82ea24d","NicoStan_BridgeStan_state_allocation_thread_setup_sampling_model_load_divergence_check","iteration_difference","main_scaling","two_run_difference",20,4,1.13113924050632,1.11341772151899,0.0428758425363501,0.120249999999999,1.23724999999999,0.10611075949367,0.014139240506329,0.119999999999976,1.21949999999998,0.106082278480989,0.0139177215189874,0,FALSE,FALSE,3.53625783348257,282.900626678606,0,"3092;3099;3106;3113",776,10000,"N = 10,000",500,"500","64",80,4,1.13113924050632,0.0428758425363501,3.53625783348257,"Stan model (NicoStan) + tape chunking + WCP","Stan model (NicoStan) + tape chunking + WCP",FALSE,0.858325872873759
"HPC","AD_Stan_WCP","NicoStan_BridgeStan",10000,1000,64,4,16,80,"b97502ef4c1796520d0acd01a82ea24d","NicoStan_BridgeStan_state_allocation_thread_setup_sampling_model_load_divergence_check","iteration_difference","main_scaling","two_run_difference",10,4,1.24860759493668,1.25113924050633,0.0425557496494876,0.114000000000004,1.34699999999998,0.0983924050632958,0.0156075949367086,0.115000000000009,1.35199999999998,0.0998164556962116,0.0156392405063291,0,FALSE,FALSE,3.20356853203575,256.28548256286,0,"3192;3199;3206;3213",801,10000,"N = 10,000",1000,"1000","64",80,4,1.24860759493668,0.0425557496494876,3.20356853203575,"Stan model (NicoStan) + tape chunking + WCP","Stan model (NicoStan) + tape chunking + WCP",FALSE,0.77757502027575
"HPC","AD_Stan_WCP","NicoStan_BridgeStan",10000,24,96,4,24,80,"b97502ef4c1796520d0acd01a82ea24d","NicoStan_BridgeStan_state_allocation_thread_setup_sampling_model_load_divergence_check","iteration_difference","main_scaling","two_run_difference",417,4,1.24886075949355,1.25164556962036,0.0215512292587513,0.10975000000019,1.34300000000007,0.0941392405065207,0.0156107594936694,0.109500000000253,1.34500000000025,0.0936835443040516,0.0156455696202545,0,FALSE,FALSE,3.2029191161568,256.233529292544,0,"4254;4256;4258;4260",1065,10000,"N = 10,000",24,"24","96",80,4,1.24886075949355,0.0215512292587513,3.2029191161568,"Stan model (NicoStan) + tape chunking + WCP","Stan model (NicoStan) + tape chunking + WCP",FALSE,0.823636732211734
"HPC","AD_Stan_WCP","NicoStan_BridgeStan",10000,25,96,4,24,80,"b97502ef4c1796520d0acd01a82ea24d","NicoStan_BridgeStan_state_allocation_thread_setup_sampling_model_load_divergence_check","iteration_difference","main_scaling","two_run_difference",400,4,1.28177215189873,1.27594936708863,0.0345629119620788,0.112250000000017,1.37800000000001,0.0962278481012831,0.0160221518987341,0.110000000000014,1.36650000000003,0.093797468354444,0.0159493670886078,0,FALSE,FALSE,3.12067943906775,249.65435512542,0,"2701;2706;2711;2716",679,10000,"N = 10,000",25,"25","96",80,4,1.28177215189873,0.0345629119620788,3.12067943906775,"Stan model (NicoStan) + tape chunking + WCP","Stan model (NicoStan) + tape chunking + WCP",FALSE,0.802488643097
"HPC","AD_Stan_WCP","NicoStan_BridgeStan",10000,50,96,4,24,80,"b97502ef4c1796520d0acd01a82ea24d","NicoStan_BridgeStan_state_allocation_thread_setup_sampling_model_load_divergence_check","iteration_difference","main_scaling","two_run_difference",200,4,1.05696202531644,1.06784810126584,0.0306750764658801,0.106500000000025,1.15025000000001,0.0932879746835698,0.0132120253164556,0.111999999999995,1.1515,0.099044303797463,0.013348101265823,0,FALSE,FALSE,3.78443113772459,302.754491017967,0,"2793;2800;2807;2814",702,10000,"N = 10,000",50,"50","96",80,4,1.05696202531644,0.0306750764658801,3.78443113772459,"Stan model (NicoStan) + tape chunking + WCP","Stan model (NicoStan) + tape chunking + WCP",FALSE,0.973173652694646
"HPC","AD_Stan_WCP","NicoStan_BridgeStan",10000,100,96,4,24,80,"b97502ef4c1796520d0acd01a82ea24d","NicoStan_BridgeStan_state_allocation_thread_setup_sampling_model_load_divergence_check","iteration_difference","main_scaling","two_run_difference",100,4,1.02860759493673,1.03493670886081,0.0794850703509301,0.104749999999967,1.12049999999999,0.0918924050632581,0.0128575949367092,0.10549999999995,1.1275,0.0923354430379693,0.0129367088607601,0,FALSE,FALSE,3.888752153581,311.10017228648,0,"2893;2900;2907;2914",727,10000,"N = 10,000",100,"100","96",80,4,1.02860759493673,0.0794850703509301,3.888752153581,"Stan model (NicoStan) + tape chunking + WCP","Stan model (NicoStan) + tape chunking + WCP",TRUE,1
"HPC","AD_Stan_WCP","NicoStan_BridgeStan",10000,250,96,4,24,80,"b97502ef4c1796520d0acd01a82ea24d","NicoStan_BridgeStan_state_allocation_thread_setup_sampling_model_load_divergence_check","iteration_difference","main_scaling","two_run_difference",40,4,1.04987341772153,1.03493670886075,0.0506219397395746,0.108499999999992,1.14525,0.0953765822784731,0.0131234177215191,0.113499999999988,1.13,0.100189873417709,0.0129367088607594,0,FALSE,FALSE,3.8099831203279,304.798649626232,0,"2993;3000;3007;3014",752,10000,"N = 10,000",250,"250","96",80,4,1.04987341772153,0.0506219397395746,3.8099831203279,"Stan model (NicoStan) + tape chunking + WCP","Stan model (NicoStan) + tape chunking + WCP",FALSE,0.97974439353751
"HPC","AD_Stan_WCP","NicoStan_BridgeStan",10000,500,96,4,24,80,"b97502ef4c1796520d0acd01a82ea24d","NicoStan_BridgeStan_state_allocation_thread_setup_sampling_model_load_divergence_check","iteration_difference","main_scaling","two_run_difference",20,4,1.11063291139241,1.09822784810126,0.0470886075949565,0.10499999999999,1.20174999999999,0.0911170886075847,0.0138829113924051,0.108000000000004,1.19449999999998,0.0942721518987384,0.0137278481012657,0,FALSE,FALSE,3.60155003419193,288.124002735354,0,"3093;3100;3107;3114",777,10000,"N = 10,000",500,"500","96",80,4,1.11063291139241,0.0470886075949565,3.60155003419193,"Stan model (NicoStan) + tape chunking + WCP","Stan model (NicoStan) + tape chunking + WCP",FALSE,0.926145429678619
"HPC","AD_Stan_WCP","NicoStan_BridgeStan",10000,1000,96,4,24,80,"b97502ef4c1796520d0acd01a82ea24d","NicoStan_BridgeStan_state_allocation_thread_setup_sampling_model_load_divergence_check","iteration_difference","main_scaling","two_run_difference",10,4,1.17797468354428,1.18734177215191,0.0719124013871424,0.113500000000016,1.27674999999999,0.0987753164557126,0.0147246835443035,0.114500000000021,1.286,0.10015822784811,0.0148417721518989,0,FALSE,FALSE,3.39565871480772,271.652697184618,0,"3193;3200;3207;3214",802,10000,"N = 10,000",1000,"1000","96",80,4,1.17797468354428,0.0719124013871424,3.39565871480772,"Stan model (NicoStan) + tape chunking + WCP","Stan model (NicoStan) + tape chunking + WCP",FALSE,0.873200085966083
"HPC","AD_Stan_WCP","NicoStan_BridgeStan",10000,32,128,4,32,80,"b97502ef4c1796520d0acd01a82ea24d","NicoStan_BridgeStan_state_allocation_thread_setup_sampling_model_load_divergence_check","iteration_difference","main_scaling","two_run_difference",313,4,1.39493670886058,1.39341772151873,0.022560546581131,0.111750000000029,1.48924999999986,0.0943132911392718,0.0174367088607573,0.11200000000008,1.48849999999993,0.0947784810127411,0.0174177215189842,0,FALSE,FALSE,2.86751361161561,229.401088929248,0,"4277;4279;4281;4283",1070,10000,"N = 10,000",32,"32","128",80,4,1.39493670886058,0.022560546581131,2.86751361161561,"Stan model (NicoStan) + tape chunking + WCP","Stan model (NicoStan) + tape chunking + WCP",FALSE,0.772595281306803
"HPC","AD_Stan_WCP","NicoStan_BridgeStan",10000,50,128,4,32,80,"b97502ef4c1796520d0acd01a82ea24d","NicoStan_BridgeStan_state_allocation_thread_setup_sampling_model_load_divergence_check","iteration_difference","main_scaling","two_run_difference",200,4,1.08734177215189,1.09367088607599,0.0705834407764349,0.0939999999999941,1.16774999999998,0.0804082278480955,0.0135917721518986,0.0930000000000177,1.17649999999998,0.0790696202531829,0.0136708860759499,0,FALSE,FALSE,3.67869615832367,294.295692665893,0,"2794;2801;2808;2815",703,10000,"N = 10,000",50,"50","128",80,4,1.08734177215189,0.0705834407764349,3.67869615832367,"Stan model (NicoStan) + tape chunking + WCP","Stan model (NicoStan) + tape chunking + WCP",FALSE,0.991152502910358
"HPC","AD_Stan_WCP","NicoStan_BridgeStan",10000,100,128,4,32,80,"b97502ef4c1796520d0acd01a82ea24d","NicoStan_BridgeStan_state_allocation_thread_setup_sampling_model_load_divergence_check","iteration_difference","main_scaling","two_run_difference",100,4,1.07772151898733,1.08354430379746,0.0660761110300676,0.110750000000024,1.17500000000001,0.0972784810126827,0.0134715189873416,0.109500000000025,1.17650000000003,0.0967215189873672,0.0135443037974683,0,FALSE,FALSE,3.71153394409213,296.92271552737,0,"2894;2901;2908;2915",728,10000,"N = 10,000",100,"100","128",80,4,1.07772151898733,0.0660761110300676,3.71153394409213,"Stan model (NicoStan) + tape chunking + WCP","Stan model (NicoStan) + tape chunking + WCP",TRUE,1
"HPC","AD_Stan_WCP","NicoStan_BridgeStan",10000,250,128,4,32,80,"b97502ef4c1796520d0acd01a82ea24d","NicoStan_BridgeStan_state_allocation_thread_setup_sampling_model_load_divergence_check","iteration_difference","main_scaling","two_run_difference",40,4,1.07873417721518,1.08455696202529,0.0501538518502684,0.118500000000004,1.18375,0.105015822784815,0.0134841772151898,0.118000000000009,1.18999999999998,0.105037974683554,0.0135569620253161,0,FALSE,FALSE,3.708049753579,296.64398028632,0,"2994;3001;3008;3015",753,10000,"N = 10,000",250,"250","128",80,4,1.07873417721518,0.0501538518502684,3.708049753579,"Stan model (NicoStan) + tape chunking + WCP","Stan model (NicoStan) + tape chunking + WCP",FALSE,0.999061253226938
"HPC","AD_Stan_WCP","NicoStan_BridgeStan",10000,500,128,4,32,80,"b97502ef4c1796520d0acd01a82ea24d","NicoStan_BridgeStan_state_allocation_thread_setup_sampling_model_load_divergence_check","iteration_difference","main_scaling","two_run_difference",20,4,1.12759493670886,1.13772151898732,0.0504469157645175,0.112749999999991,1.22624999999999,0.0986550632911305,0.0140949367088608,0.111999999999995,1.23650000000001,0.0977658227848048,0.0142215189873415,0,FALSE,FALSE,3.54737314773237,283.78985181859,0,"3094;3101;3108;3115",778,10000,"N = 10,000",500,"500","128",80,4,1.12759493670886,0.0504469157645175,3.54737314773237,"Stan model (NicoStan) + tape chunking + WCP","Stan model (NicoStan) + tape chunking + WCP",FALSE,0.955770094297248
"HPC","AD_Stan_WCP","NicoStan_BridgeStan",10000,1000,128,4,32,80,"b97502ef4c1796520d0acd01a82ea24d","NicoStan_BridgeStan_state_allocation_thread_setup_sampling_model_load_divergence_check","iteration_difference","main_scaling","two_run_difference",10,4,1.18227848101265,1.17873417721512,0.0579991841067869,0.109749999999991,1.27724999999998,0.094971518987333,0.0147784810126581,0.113499999999988,1.26699999999994,0.0985696202531521,0.014734177215189,0,FALSE,FALSE,3.38329764453964,270.663811563172,0,"3194;3201;3208;3215",803,10000,"N = 10,000",1000,"1000","128",80,4,1.18227848101265,0.0579991841067869,3.38329764453964,"Stan model (NicoStan) + tape chunking + WCP","Stan model (NicoStan) + tape chunking + WCP",FALSE,0.911563169164879
"HPC","AD_Stan_WCP","NicoStan_BridgeStan",10000,44,176,4,44,80,"b97502ef4c1796520d0acd01a82ea24d","NicoStan_BridgeStan_state_allocation_thread_setup_sampling_model_load_divergence_check","iteration_difference","main_scaling","two_run_difference",228,4,1.08886075949388,1.09316455696208,0.0164822894497496,0.101499999999874,1.17675000000008,0.0878892405062,0.0136107594936735,0.107499999999845,1.17900000000009,0.0940126582276886,0.013664556962026,0,FALSE,FALSE,3.67356428737431,293.885142989945,0,"4278;4280;4282;4284",1071,10000,"N = 10,000",44,"44","176",80,4,1.08886075949388,0.0164822894497496,3.67356428737431,"Stan model (NicoStan) + tape chunking + WCP","Stan model (NicoStan) + tape chunking + WCP",TRUE,1
"HPC","AD_Stan_WCP","NicoStan_BridgeStan",10000,50,176,4,44,80,"b97502ef4c1796520d0acd01a82ea24d","NicoStan_BridgeStan_state_allocation_thread_setup_sampling_model_load_divergence_check","iteration_difference","main_scaling","two_run_difference",200,4,1.12911392405064,1.13063291139244,0.0689550111986547,0.10250000000002,1.21750000000003,0.0883860759493874,0.014113924050633,0.107000000000028,1.21000000000004,0.0927215189873697,0.0141329113924054,0,FALSE,FALSE,3.54260089686096,283.408071748877,0,"2795;2802;2809;2816",704,10000,"N = 10,000",50,"50","176",80,4,1.12911392405064,0.0689550111986547,3.54260089686096,"Stan model (NicoStan) + tape chunking + WCP","Stan model (NicoStan) + tape chunking + WCP",FALSE,0.964349775784934
"HPC","AD_Stan_WCP","NicoStan_BridgeStan",10000,100,176,4,44,80,"b97502ef4c1796520d0acd01a82ea24d","NicoStan_BridgeStan_state_allocation_thread_setup_sampling_model_load_divergence_check","iteration_difference","main_scaling","two_run_difference",100,4,1.13696202531648,1.15037974683553,0.048278598279759,0.10899999999998,1.23175000000001,0.0947879746835244,0.014212025316456,0.108499999999992,1.24550000000005,0.0944556962025243,0.0143797468354441,0,FALSE,FALSE,3.51814740592288,281.45179247383,0,"2895;2902;2909;2916",729,10000,"N = 10,000",100,"100","176",80,4,1.13696202531648,0.048278598279759,3.51814740592288,"Stan model (NicoStan) + tape chunking + WCP","Stan model (NicoStan) + tape chunking + WCP",FALSE,0.957693164106156
"HPC","AD_Stan_WCP","NicoStan_BridgeStan",10000,250,176,4,44,80,"b97502ef4c1796520d0acd01a82ea24d","NicoStan_BridgeStan_state_allocation_thread_setup_sampling_model_load_divergence_check","iteration_difference","main_scaling","two_run_difference",40,4,1.18582278481013,1.18835443037974,0.0570873445648791,0.116749999999989,1.28774999999999,0.101927215189862,0.0148227848101266,0.117999999999981,1.29049999999999,0.103145569620234,0.0148544303797467,0,FALSE,FALSE,3.3731853116994,269.854824935952,0,"2995;3002;3009;3016",754,10000,"N = 10,000",250,"250","176",80,4,1.18582278481013,0.0570873445648791,3.3731853116994,"Stan model (NicoStan) + tape chunking + WCP","Stan model (NicoStan) + tape chunking + WCP",FALSE,0.918232280102657
"HPC","AD_Stan_WCP","NicoStan_BridgeStan",10000,500,176,4,44,80,"b97502ef4c1796520d0acd01a82ea24d","NicoStan_BridgeStan_state_allocation_thread_setup_sampling_model_load_divergence_check","iteration_difference","main_scaling","two_run_difference",20,4,1.2420253164557,1.24354430379748,0.0507980429604587,0.10799999999999,1.33449999999999,0.0924746835442937,0.0155253164556962,0.110500000000002,1.33349999999999,0.0949936708860779,0.0155443037974685,0,FALSE,FALSE,3.22054626987362,257.64370158989,0,"3095;3102;3109;3116",779,10000,"N = 10,000",500,"500","176",80,4,1.2420253164557,0.0507980429604587,3.22054626987362,"Stan model (NicoStan) + tape chunking + WCP","Stan model (NicoStan) + tape chunking + WCP",FALSE,0.876681614349946
"HPC","AD_Stan_WCP","NicoStan_BridgeStan",10000,1000,176,4,44,80,"b97502ef4c1796520d0acd01a82ea24d","NicoStan_BridgeStan_state_allocation_thread_setup_sampling_model_load_divergence_check","iteration_difference","main_scaling","two_run_difference",10,4,1.32379746835444,1.31797468354428,0.0695737474132201,0.107249999999993,1.4145,0.0907025316455629,0.0165474683544305,0.11099999999999,1.40499999999997,0.0943797468354325,0.0164746835443035,0,FALSE,FALSE,3.02161025052589,241.728820042071,0,"3195;3202;3209;3216",804,10000,"N = 10,000",1000,"1000","176",80,4,1.32379746835444,0.0695737474132201,3.02161025052589,"Stan model (NicoStan) + tape chunking + WCP","Stan model (NicoStan) + tape chunking + WCP",FALSE,0.822528208070531
"HPC","AD_Stan_WCP","NicoStan_BridgeStan",10000,2,16,8,2,80,"b97502ef4c1796520d0acd01a82ea24d","NicoStan_BridgeStan_state_allocation_thread_setup_sampling_model_load_divergence_check","iteration_difference","main_scaling","two_run_difference",5000,4,3.97063291139257,3.94531645569639,0.132819176367961,0.193249999999921,4.11425000000008,0.143617088607514,0.0496329113924071,0.192499999999882,4.07200000000012,0.143993670885956,0.0493164556962049,0,FALSE,FALSE,2.01479214486092,161.183371588874,0,"4213;4214;4215;4216",1054,10000,"N = 10,000",2,"2","16",80,8,3.97063291139257,0.132819176367961,2.01479214486092,"Stan model (NicoStan) + tape chunking + WCP","Stan model (NicoStan) + tape chunking + WCP",FALSE,0.805980617189453
"HPC","AD_Stan_WCP","NicoStan_BridgeStan",10000,4,16,8,2,80,"b97502ef4c1796520d0acd01a82ea24d","NicoStan_BridgeStan_state_allocation_thread_setup_sampling_model_load_divergence_check","iteration_difference","main_scaling","two_run_difference",2500,4,3.81822784810122,3.82177215189868,0.025153908553669,0.149750000000026,3.92024999999998,0.102022151898761,0.0477278481012653,0.151000000000039,3.92649999999998,0.103468354430419,0.0477721518987335,0,FALSE,FALSE,2.09521283649386,167.617026919509,0,"2585;2587;2589;2591",647,10000,"N = 10,000",4,"4","16",80,8,3.81822784810122,0.025153908553669,2.09521283649386,"Stan model (NicoStan) + tape chunking + WCP","Stan model (NicoStan) + tape chunking + WCP",FALSE,0.838151438801224
"HPC","AD_Stan_WCP","NicoStan_BridgeStan",10000,10,16,8,2,80,"b97502ef4c1796520d0acd01a82ea24d","NicoStan_BridgeStan_state_allocation_thread_setup_sampling_model_load_divergence_check","iteration_difference","main_scaling","two_run_difference",1000,4,3.20025316455694,3.20202531645564,0.0717506051196805,0.122500000000016,3.28274999999999,0.0824968354430548,0.0400031645569617,0.120000000000005,3.28199999999998,0.0799556962025362,0.0400253164556956,0,FALSE,FALSE,2.49980223083619,199.984178466895,0,"2641;2644;2647;2650",661,10000,"N = 10,000",10,"10","16",80,8,3.20025316455694,0.0717506051196805,2.49980223083619,"Stan model (NicoStan) + tape chunking + WCP","Stan model (NicoStan) + tape chunking + WCP",TRUE,1
"HPC","AD_Stan_WCP","NicoStan_BridgeStan",10000,25,16,8,2,80,"b97502ef4c1796520d0acd01a82ea24d","NicoStan_BridgeStan_state_allocation_thread_setup_sampling_model_load_divergence_check","iteration_difference","main_scaling","two_run_difference",400,4,3.20354430379747,3.21265822784811,0.0537408985275329,0.122500000000002,3.286,0.0824556962025339,0.0400443037974683,0.12299999999999,3.29300000000001,0.0824177215189776,0.0401582278481014,0,FALSE,FALSE,2.49723407618145,199.778726094516,0,"2717;2723;2729;2735",680,10000,"N = 10,000",25,"25","16",80,8,3.20354430379747,0.0537408985275329,2.49723407618145,"Stan model (NicoStan) + tape chunking + WCP","Stan model (NicoStan) + tape chunking + WCP",FALSE,0.998972656867387
"HPC","AD_Stan_WCP","NicoStan_BridgeStan",10000,50,16,8,2,80,"b97502ef4c1796520d0acd01a82ea24d","NicoStan_BridgeStan_state_allocation_thread_setup_sampling_model_load_divergence_check","iteration_difference","main_scaling","two_run_difference",200,4,3.30025316455689,3.29164556962018,0.0573263547981293,0.119750000000039,3.37874999999997,0.0784968354430778,0.0412531645569611,0.120000000000005,3.37099999999998,0.0792658227848152,0.0411455696202523,0,FALSE,FALSE,2.42405645903657,193.924516722925,0,"2817;2823;2829;2835",705,10000,"N = 10,000",50,"50","16",80,8,3.30025316455689,0.0573263547981293,2.42405645903657,"Stan model (NicoStan) + tape chunking + WCP","Stan model (NicoStan) + tape chunking + WCP",FALSE,0.969699294262057
"HPC","AD_Stan_WCP","NicoStan_BridgeStan",10000,100,16,8,2,80,"b97502ef4c1796520d0acd01a82ea24d","NicoStan_BridgeStan_state_allocation_thread_setup_sampling_model_load_divergence_check","iteration_difference","main_scaling","two_run_difference",100,4,3.45670886075946,3.4551898734177,0.0599296352518823,0.124750000000034,3.53825000000001,0.081541139240541,0.0432088607594933,0.124000000000024,3.5385,0.0813797468354664,0.0431898734177212,0,FALSE,FALSE,2.31434012011134,185.147209608907,0,"2917;2923;2929;2935",730,10000,"N = 10,000",100,"100","16",80,8,3.45670886075946,0.0599296352518823,2.31434012011134,"Stan model (NicoStan) + tape chunking + WCP","Stan model (NicoStan) + tape chunking + WCP",FALSE,0.925809286655926
"HPC","AD_Stan_WCP","NicoStan_BridgeStan",10000,250,16,8,2,80,"b97502ef4c1796520d0acd01a82ea24d","NicoStan_BridgeStan_state_allocation_thread_setup_sampling_model_load_divergence_check","iteration_difference","main_scaling","two_run_difference",40,4,3.75367088607595,3.75088607594937,0.0418786521149401,0.128249999999994,3.83499999999999,0.0813291139240448,0.0469208860759494,0.127499999999998,3.83150000000001,0.0808987341772129,0.0468860759493672,0,FALSE,FALSE,2.13124704930195,170.499763944156,0,"3017;3023;3029;3035",755,10000,"N = 10,000",250,"250","16",80,8,3.75367088607595,0.0418786521149401,2.13124704930195,"Stan model (NicoStan) + tape chunking + WCP","Stan model (NicoStan) + tape chunking + WCP",FALSE,0.85256626424765
"HPC","AD_Stan_WCP","NicoStan_BridgeStan",10000,500,16,8,2,80,"b97502ef4c1796520d0acd01a82ea24d","NicoStan_BridgeStan_state_allocation_thread_setup_sampling_model_load_divergence_check","iteration_difference","main_scaling","two_run_difference",20,4,4.26430379746834,4.24303797468351,0.0517414514940019,0.134,4.34499999999998,0.0806962025316461,0.0533037974683542,0.135000000000019,4.32549999999998,0.0820253164557159,0.0530379746835439,0,FALSE,FALSE,1.87603894561863,150.08311564949,0,"3117;3123;3129;3135",780,10000,"N = 10,000",500,"500","16",80,8,4.26430379746834,0.0517414514940019,1.87603894561863,"Stan model (NicoStan) + tape chunking + WCP","Stan model (NicoStan) + tape chunking + WCP",FALSE,0.750474946568508
"HPC","AD_Stan_WCP","NicoStan_BridgeStan",10000,1000,16,8,2,80,"b97502ef4c1796520d0acd01a82ea24d","NicoStan_BridgeStan_state_allocation_thread_setup_sampling_model_load_divergence_check","iteration_difference","main_scaling","two_run_difference",10,4,5.27518987341772,5.26987341772153,0.0669395685505687,0.143250000000023,5.35250000000002,0.0773101265823017,0.0659398734177215,0.143500000000017,5.34750000000003,0.0776265822784982,0.0658734177215191,0,FALSE,FALSE,1.51653309017613,121.32264721409,0,"3217;3223;3229;3235",805,10000,"N = 10,000",1000,"1000","16",80,8,5.27518987341772,0.0669395685505687,1.51653309017613,"Stan model (NicoStan) + tape chunking + WCP","Stan model (NicoStan) + tape chunking + WCP",FALSE,0.606661227623934
"HPC","AD_Stan_WCP","NicoStan_BridgeStan",10000,4,32,8,4,80,"b97502ef4c1796520d0acd01a82ea24d","NicoStan_BridgeStan_state_allocation_thread_setup_sampling_model_load_divergence_check","iteration_difference","main_scaling","two_run_difference",2500,4,2.96734177215191,2.95493670886077,0.0778161575572189,0.148999999999987,3.07925,0.111908227848088,0.0370917721518989,0.150999999999982,3.06899999999999,0.114063291139222,0.0369367088607596,0,FALSE,FALSE,2.69601569831924,215.681255865539,0,"2586;2588;2590;2592",648,10000,"N = 10,000",4,"4","32",80,8,2.96734177215191,0.0778161575572189,2.69601569831924,"Stan model (NicoStan) + tape chunking + WCP","Stan model (NicoStan) + tape chunking + WCP",FALSE,0.618547905468809
"HPC","AD_Stan_WCP","NicoStan_BridgeStan",10000,10,32,8,4,80,"b97502ef4c1796520d0acd01a82ea24d","NicoStan_BridgeStan_state_allocation_thread_setup_sampling_model_load_divergence_check","iteration_difference","main_scaling","two_run_difference",1000,4,1.94784810126584,1.93974683544305,0.0204296111411043,0.116499999999988,2.04000000000001,0.0921518987341648,0.024348101265823,0.117999999999995,2.0335,0.0937531645569569,0.0242468354430381,0,FALSE,FALSE,4.10709643878343,328.567715102674,0,"2642;2645;2648;2651",662,10000,"N = 10,000",10,"10","32",80,8,1.94784810126584,0.0204296111411043,4.10709643878343,"Stan model (NicoStan) + tape chunking + WCP","Stan model (NicoStan) + tape chunking + WCP",FALSE,0.94229269560695
"HPC","AD_Stan_WCP","NicoStan_BridgeStan",10000,25,32,8,4,80,"b97502ef4c1796520d0acd01a82ea24d","NicoStan_BridgeStan_state_allocation_thread_setup_sampling_model_load_divergence_check","iteration_difference","main_scaling","two_run_difference",400,4,1.83544303797467,1.84050632911392,0.0192582640683254,0.121000000000009,1.9335,0.098056962025326,0.0229430379746834,0.115999999999985,1.93349999999998,0.0929936708860614,0.023006329113924,0,FALSE,FALSE,4.35862068965521,348.689655172417,0,"2718;2724;2730;2736",681,10000,"N = 10,000",25,"25","32",80,8,1.83544303797467,0.0192582640683254,4.35862068965521,"Stan model (NicoStan) + tape chunking + WCP","Stan model (NicoStan) + tape chunking + WCP",TRUE,1
"HPC","AD_Stan_WCP","NicoStan_BridgeStan",10000,50,32,8,4,80,"b97502ef4c1796520d0acd01a82ea24d","NicoStan_BridgeStan_state_allocation_thread_setup_sampling_model_load_divergence_check","iteration_difference","main_scaling","two_run_difference",200,4,1.88025316455697,1.87696202531651,0.0178942754906093,0.128499999999974,1.98524999999998,0.104996835443012,0.0235031645569621,0.129999999999939,1.98349999999999,0.106537974683482,0.0234620253164564,0,FALSE,FALSE,4.25474619631075,340.37969570486,0,"2818;2824;2830;2836",706,10000,"N = 10,000",50,"50","32",80,8,1.88025316455697,0.0178942754906093,4.25474619631075,"Stan model (NicoStan) + tape chunking + WCP","Stan model (NicoStan) + tape chunking + WCP",FALSE,0.976168035545971
"HPC","AD_Stan_WCP","NicoStan_BridgeStan",10000,100,32,8,4,80,"b97502ef4c1796520d0acd01a82ea24d","NicoStan_BridgeStan_state_allocation_thread_setup_sampling_model_load_divergence_check","iteration_difference","main_scaling","two_run_difference",100,4,1.96987341772148,1.9701265822784,0.0157613999152619,0.127500000000026,2.07274999999998,0.102876582278508,0.0246234177215185,0.129500000000007,2.07099999999997,0.104746835443046,0.0246265822784801,0,FALSE,FALSE,4.06117465621394,324.893972497115,0,"2918;2924;2930;2936",731,10000,"N = 10,000",100,"100","32",80,8,1.96987341772148,0.0157613999152619,4.06117465621394,"Stan model (NicoStan) + tape chunking + WCP","Stan model (NicoStan) + tape chunking + WCP",FALSE,0.931756843593381
"HPC","AD_Stan_WCP","NicoStan_BridgeStan",10000,250,32,8,4,80,"b97502ef4c1796520d0acd01a82ea24d","NicoStan_BridgeStan_state_allocation_thread_setup_sampling_model_load_divergence_check","iteration_difference","main_scaling","two_run_difference",40,4,2.19037974683543,2.18886075949366,0.0194437411968207,0.126750000000001,2.28974999999998,0.0993702531645584,0.0273797468354428,0.127499999999998,2.28749999999999,0.10001898734177,0.0273607594936708,0,FALSE,FALSE,3.65233472029592,292.186777623673,0,"3018;3024;3030;3036",756,10000,"N = 10,000",250,"250","32",80,8,2.19037974683543,0.0194437411968207,3.65233472029592,"Stan model (NicoStan) + tape chunking + WCP","Stan model (NicoStan) + tape chunking + WCP",FALSE,0.837956541840037
"HPC","AD_Stan_WCP","NicoStan_BridgeStan",10000,500,32,8,4,80,"b97502ef4c1796520d0acd01a82ea24d","NicoStan_BridgeStan_state_allocation_thread_setup_sampling_model_load_divergence_check","iteration_difference","main_scaling","two_run_difference",20,4,2.47367088607594,2.47949367088604,0.0402045722148915,0.128249999999994,2.57099999999998,0.097329113924045,0.0309208860759492,0.127500000000026,2.57449999999997,0.0963734177215455,0.0309936708860755,0,FALSE,FALSE,3.23405997339066,258.724797871253,0,"3118;3124;3130;3136",781,10000,"N = 10,000",500,"500","32",80,8,2.47367088607594,0.0402045722148915,3.23405997339066,"Stan model (NicoStan) + tape chunking + WCP","Stan model (NicoStan) + tape chunking + WCP",FALSE,0.741991607819054
"HPC","AD_Stan_WCP","NicoStan_BridgeStan",10000,1000,32,8,4,80,"b97502ef4c1796520d0acd01a82ea24d","NicoStan_BridgeStan_state_allocation_thread_setup_sampling_model_load_divergence_check","iteration_difference","main_scaling","two_run_difference",10,4,2.95670886075952,2.95240506329121,0.0121905152942689,0.132500000000022,3.05225000000004,0.0955411392405277,0.036958860759494,0.134500000000003,3.04600000000005,0.0974873417722117,0.0369050632911401,0,FALSE,FALSE,2.70571110540284,216.456888432227,0,"3218;3224;3230;3236",806,10000,"N = 10,000",1000,"1000","32",80,8,2.95670886075952,0.0121905152942689,2.70571110540284,"Stan model (NicoStan) + tape chunking + WCP","Stan model (NicoStan) + tape chunking + WCP",FALSE,0.620772326397799
"HPC","AD_Stan_WCP","NicoStan_BridgeStan",10000,8,64,8,8,80,"b97502ef4c1796520d0acd01a82ea24d","NicoStan_BridgeStan_state_allocation_thread_setup_sampling_model_load_divergence_check","iteration_difference","main_scaling","two_run_difference",1250,4,2.5174683544306,2.49569620253192,0.0596065004250512,0.137749999999869,2.62375000000009,0.106281645569487,0.0314683544303825,0.137499999999818,2.60699999999997,0.105727848101078,0.031196202531649,0,FALSE,FALSE,3.17779565567148,254.223652453719,0,"4241;4242;4243;4244",1061,10000,"N = 10,000",8,"8","64",80,8,2.5174683544306,0.0596065004250512,3.17779565567148,"Stan model (NicoStan) + tape chunking + WCP","Stan model (NicoStan) + tape chunking + WCP",FALSE,0.526649235719994
"HPC","AD_Stan_WCP","NicoStan_BridgeStan",10000,10,64,8,8,80,"b97502ef4c1796520d0acd01a82ea24d","NicoStan_BridgeStan_state_allocation_thread_setup_sampling_model_load_divergence_check","iteration_difference","main_scaling","two_run_difference",1000,4,1.81316455696203,1.81721518987342,0.0746464901284041,0.121499999999983,1.91199999999999,0.0988354430379579,0.0226645569620254,0.120499999999993,1.91499999999999,0.097784810126575,0.0227151898734177,0,FALSE,FALSE,4.41217537000836,352.974029600669,0,"2643;2646;2649;2652",663,10000,"N = 10,000",10,"10","64",80,8,1.81316455696203,0.0746464901284041,4.41217537000836,"Stan model (NicoStan) + tape chunking + WCP","Stan model (NicoStan) + tape chunking + WCP",FALSE,0.731220329516902
"HPC","AD_Stan_WCP","NicoStan_BridgeStan",10000,25,64,8,8,80,"b97502ef4c1796520d0acd01a82ea24d","NicoStan_BridgeStan_state_allocation_thread_setup_sampling_model_load_divergence_check","iteration_difference","main_scaling","two_run_difference",400,4,1.35544303797469,1.35493670886078,0.0219772500396771,0.13124999999998,1.46974999999999,0.114306962025296,0.0169430379746837,0.126499999999965,1.45650000000001,0.109772151898698,0.0169367088607598,0,FALSE,FALSE,5.90212924915946,472.170339932757,0,"2719;2725;2731;2737",682,10000,"N = 10,000",25,"25","64",80,8,1.35544303797469,0.0219772500396771,5.90212924915946,"Stan model (NicoStan) + tape chunking + WCP","Stan model (NicoStan) + tape chunking + WCP",FALSE,0.978147179678752
"HPC","AD_Stan_WCP","NicoStan_BridgeStan",10000,50,64,8,8,80,"b97502ef4c1796520d0acd01a82ea24d","NicoStan_BridgeStan_state_allocation_thread_setup_sampling_model_load_divergence_check","iteration_difference","main_scaling","two_run_difference",200,4,1.36531645569621,1.35240506329111,0.036384130411391,0.124500000000012,1.47275000000002,0.107433544303809,0.0170664556962026,0.126000000000033,1.4615,0.109094936708894,0.0169050632911388,0,FALSE,FALSE,5.85944743185608,468.755794548486,0,"2819;2825;2831;2837",707,10000,"N = 10,000",50,"50","64",80,8,1.36531645569621,0.036384130411391,5.85944743185608,"Stan model (NicoStan) + tape chunking + WCP","Stan model (NicoStan) + tape chunking + WCP",FALSE,0.971073613944011
"HPC","AD_Stan_WCP","NicoStan_BridgeStan",10000,100,64,8,8,80,"b97502ef4c1796520d0acd01a82ea24d","NicoStan_BridgeStan_state_allocation_thread_setup_sampling_model_load_divergence_check","iteration_difference","main_scaling","two_run_difference",100,4,1.32582278481015,1.3225316455696,0.0335593469971233,0.124249999999961,1.43349999999998,0.107677215189834,0.0165727848101268,0.124499999999955,1.42899999999997,0.108094936708816,0.01653164556962,0,FALSE,FALSE,6.03398892495694,482.719113996556,0,"2919;2925;2931;2937",732,10000,"N = 10,000",100,"100","64",80,8,1.32582278481015,0.0335593469971233,6.03398892495694,"Stan model (NicoStan) + tape chunking + WCP","Stan model (NicoStan) + tape chunking + WCP",TRUE,1
"HPC","AD_Stan_WCP","NicoStan_BridgeStan",10000,250,64,8,8,80,"b97502ef4c1796520d0acd01a82ea24d","NicoStan_BridgeStan_state_allocation_thread_setup_sampling_model_load_divergence_check","iteration_difference","main_scaling","two_run_difference",40,4,1.53670886075951,1.53924050632912,0.0414283254249971,0.129499999999993,1.64700000000001,0.110291139240499,0.0192088607594938,0.127499999999998,1.6515,0.108696202531643,0.0192405063291141,0,FALSE,FALSE,5.20593080724872,416.474464579898,0,"3019;3025;3031;3037",757,10000,"N = 10,000",250,"250","64",80,8,1.53670886075951,0.0414283254249971,5.20593080724872,"Stan model (NicoStan) + tape chunking + WCP","Stan model (NicoStan) + tape chunking + WCP",FALSE,0.862767710049429
"HPC","AD_Stan_WCP","NicoStan_BridgeStan",10000,500,64,8,8,80,"b97502ef4c1796520d0acd01a82ea24d","NicoStan_BridgeStan_state_allocation_thread_setup_sampling_model_load_divergence_check","iteration_difference","main_scaling","two_run_difference",20,4,1.70329113924055,1.70531645569626,0.00554655754436153,0.128749999999982,1.81075000000003,0.107458860759475,0.0212911392405069,0.126999999999981,1.81100000000004,0.105753164556943,0.0213164556962032,0,FALSE,FALSE,4.69678953626622,375.743162901298,0,"3119;3125;3131;3137",782,10000,"N = 10,000",500,"500","64",80,8,1.70329113924055,0.00554655754436153,4.69678953626622,"Stan model (NicoStan) + tape chunking + WCP","Stan model (NicoStan) + tape chunking + WCP",FALSE,0.778388822829955
"HPC","AD_Stan_WCP","NicoStan_BridgeStan",10000,1000,64,8,8,80,"b97502ef4c1796520d0acd01a82ea24d","NicoStan_BridgeStan_state_allocation_thread_setup_sampling_model_load_divergence_check","iteration_difference","main_scaling","two_run_difference",10,4,1.95999999999996,1.96202531645564,0.0273542712484183,0.129000000000019,2.06449999999998,0.10450000000002,0.0244999999999995,0.129000000000019,2.06299999999993,0.104670886075969,0.0245253164556955,0,FALSE,FALSE,4.0816326530613,326.530612244904,0,"3219;3225;3231;3237",807,10000,"N = 10,000",1000,"1000","64",80,8,1.95999999999996,0.0273542712484183,4.0816326530613,"Stan model (NicoStan) + tape chunking + WCP","Stan model (NicoStan) + tape chunking + WCP",FALSE,0.676440196331721
"HPC","AD_Stan_WCP","NicoStan_BridgeStan",10000,12,96,8,12,80,"b97502ef4c1796520d0acd01a82ea24d","NicoStan_BridgeStan_state_allocation_thread_setup_sampling_model_load_divergence_check","iteration_difference","main_scaling","two_run_difference",834,4,2.35746835443047,2.37164556962035,0.204989307902319,0.140250000000037,2.46825000000013,0.110781645569656,0.0294683544303809,0.136499999999842,2.47350000000006,0.104886075949207,0.0296455696202544,0,FALSE,FALSE,3.39347079037788,271.47766323023,0,"4261;4264;4267;4270",1066,10000,"N = 10,000",12,"12","96",80,8,2.35746835443047,0.204989307902319,3.39347079037788,"Stan model (NicoStan) + tape chunking + WCP","Stan model (NicoStan) + tape chunking + WCP",FALSE,0.541774054982817
"HPC","AD_Stan_WCP","NicoStan_BridgeStan",10000,25,96,8,12,80,"b97502ef4c1796520d0acd01a82ea24d","NicoStan_BridgeStan_state_allocation_thread_setup_sampling_model_load_divergence_check","iteration_difference","main_scaling","two_run_difference",400,4,1.53240506329112,1.53518987341771,0.0509047554774014,0.13000000000001,1.64324999999999,0.110844936708871,0.0191550632911391,0.130500000000012,1.6455,0.111303797468355,0.0191898734177214,0,FALSE,FALSE,5.22055179249964,417.644143399971,0,"2720;2726;2732;2738",683,10000,"N = 10,000",25,"25","96",80,8,1.53240506329112,0.0509047554774014,5.22055179249964,"Stan model (NicoStan) + tape chunking + WCP","Stan model (NicoStan) + tape chunking + WCP",FALSE,0.833471006112711
"HPC","AD_Stan_WCP","NicoStan_BridgeStan",10000,50,96,8,12,80,"b97502ef4c1796520d0acd01a82ea24d","NicoStan_BridgeStan_state_allocation_thread_setup_sampling_model_load_divergence_check","iteration_difference","main_scaling","two_run_difference",200,4,1.27721518987346,1.26582278481018,0.0346024491589134,0.127749999999992,1.38900000000004,0.111784810126574,0.0159651898734183,0.127999999999986,1.37850000000003,0.112253164556948,0.0158227848101273,0,FALSE,FALSE,6.26362735381543,501.090188305234,0,"2820;2826;2832;2838",708,10000,"N = 10,000",50,"50","96",80,8,1.27721518987346,0.0346024491589134,6.26362735381543,"Stan model (NicoStan) + tape chunking + WCP","Stan model (NicoStan) + tape chunking + WCP",TRUE,1
"HPC","AD_Stan_WCP","NicoStan_BridgeStan",10000,100,96,8,12,80,"b97502ef4c1796520d0acd01a82ea24d","NicoStan_BridgeStan_state_allocation_thread_setup_sampling_model_load_divergence_check","iteration_difference","main_scaling","two_run_difference",100,4,1.29012658227851,1.29974683544304,0.0428439408633877,0.120000000000005,1.39400000000003,0.103873417721523,0.0161265822784814,0.119999999999948,1.40350000000007,0.103962025316448,0.016246835443038,0,FALSE,FALSE,6.20094191522749,496.075353218199,0,"2920;2926;2932;2938",733,10000,"N = 10,000",100,"100","96",80,8,1.29012658227851,0.0428439408633877,6.20094191522749,"Stan model (NicoStan) + tape chunking + WCP","Stan model (NicoStan) + tape chunking + WCP",FALSE,0.98999215070645
"HPC","AD_Stan_WCP","NicoStan_BridgeStan",10000,250,96,8,12,80,"b97502ef4c1796520d0acd01a82ea24d","NicoStan_BridgeStan_state_allocation_thread_setup_sampling_model_load_divergence_check","iteration_difference","main_scaling","two_run_difference",40,4,1.45898734177215,1.45620253164556,0.0541077673108547,0.127750000000006,1.5685,0.109512658227854,0.0182373417721518,0.126000000000005,1.5625,0.10793037974684,0.0182025316455695,0,FALSE,FALSE,5.48325524900228,438.660419920182,0,"3020;3026;3032;3038",758,10000,"N = 10,000",250,"250","96",80,8,1.45898734177215,0.0541077673108547,5.48325524900228,"Stan model (NicoStan) + tape chunking + WCP","Stan model (NicoStan) + tape chunking + WCP",FALSE,0.87541211174739
"HPC","AD_Stan_WCP","NicoStan_BridgeStan",10000,500,96,8,12,80,"b97502ef4c1796520d0acd01a82ea24d","NicoStan_BridgeStan_state_allocation_thread_setup_sampling_model_load_divergence_check","iteration_difference","main_scaling","two_run_difference",20,4,1.56962025316454,1.57012658227845,0.0136615063931561,0.131250000000009,1.68124999999999,0.111629746835452,0.0196202531645567,0.12700000000001,1.68849999999998,0.107234177215199,0.0196265822784806,0,FALSE,FALSE,5.09677419354844,407.741935483875,0,"3120;3126;3132;3138",783,10000,"N = 10,000",500,"500","96",80,8,1.56962025316454,0.0136615063931561,5.09677419354844,"Stan model (NicoStan) + tape chunking + WCP","Stan model (NicoStan) + tape chunking + WCP",FALSE,0.813709677419394
"HPC","AD_Stan_WCP","NicoStan_BridgeStan",10000,1000,96,8,12,80,"b97502ef4c1796520d0acd01a82ea24d","NicoStan_BridgeStan_state_allocation_thread_setup_sampling_model_load_divergence_check","iteration_difference","main_scaling","two_run_difference",10,4,1.78379746835439,1.78430379746824,0.0274913862491247,0.131000000000029,1.89249999999998,0.108702531645599,0.0222974683544298,0.131500000000074,1.89150000000001,0.109196202531721,0.022303797468353,0,FALSE,FALSE,4.48481407891013,358.785126312811,0,"3220;3226;3232;3238",808,10000,"N = 10,000",1000,"1000","96",80,8,1.78379746835439,0.0274913862491247,4.48481407891013,"Stan model (NicoStan) + tape chunking + WCP","Stan model (NicoStan) + tape chunking + WCP",FALSE,0.716009083167799
"HPC","AD_Stan_WCP","NicoStan_BridgeStan",10000,16,128,8,16,80,"b97502ef4c1796520d0acd01a82ea24d","NicoStan_BridgeStan_state_allocation_thread_setup_sampling_model_load_divergence_check","iteration_difference","main_scaling","two_run_difference",625,4,2.39518987341767,2.40658227848086,0.0701852029962268,0.138249999999971,2.50349999999992,0.10831012658225,0.0299398734177208,0.137500000000045,2.51599999999985,0.107917721518803,0.0300822784810108,0,FALSE,FALSE,3.34002748123885,267.202198499108,0,"4262;4265;4268;4271",1067,10000,"N = 10,000",16,"16","128",80,8,2.39518987341767,0.0701852029962268,3.34002748123885,"Stan model (NicoStan) + tape chunking + WCP","Stan model (NicoStan) + tape chunking + WCP",FALSE,0.558291935313397
"HPC","AD_Stan_WCP","NicoStan_BridgeStan",10000,25,128,8,16,80,"b97502ef4c1796520d0acd01a82ea24d","NicoStan_BridgeStan_state_allocation_thread_setup_sampling_model_load_divergence_check","iteration_difference","main_scaling","two_run_difference",400,4,1.8098734177215,1.75797468354429,0.161609963400324,0.129000000000005,1.91624999999999,0.106376582278486,0.0226234177215188,0.129500000000007,1.86449999999999,0.106525316455699,0.0219746835443037,0,FALSE,FALSE,4.42019862917894,353.615890334315,0,"2721;2727;2733;2739",684,10000,"N = 10,000",25,"25","128",80,8,1.8098734177215,0.161609963400324,4.42019862917894,"Stan model (NicoStan) + tape chunking + WCP","Stan model (NicoStan) + tape chunking + WCP",FALSE,0.738844593649457
"HPC","AD_Stan_WCP","NicoStan_BridgeStan",10000,50,128,8,16,80,"b97502ef4c1796520d0acd01a82ea24d","NicoStan_BridgeStan_state_allocation_thread_setup_sampling_model_load_divergence_check","iteration_difference","main_scaling","two_run_difference",200,4,1.3372151898734,1.30835443037972,0.0804558927009236,0.120249999999999,1.44074999999998,0.103534810126581,0.0167151898734175,0.121500000000026,1.40949999999998,0.104291139240533,0.0163544303797465,0,FALSE,FALSE,5.98258235516858,478.606588413487,0,"2821;2827;2833;2839",709,10000,"N = 10,000",50,"50","128",80,8,1.3372151898734,0.0804558927009236,5.98258235516858,"Stan model (NicoStan) + tape chunking + WCP","Stan model (NicoStan) + tape chunking + WCP",TRUE,1
"HPC","AD_Stan_WCP","NicoStan_BridgeStan",10000,100,128,8,16,80,"b97502ef4c1796520d0acd01a82ea24d","NicoStan_BridgeStan_state_allocation_thread_setup_sampling_model_load_divergence_check","iteration_difference","main_scaling","two_run_difference",100,4,1.366835443038,1.36000000000002,0.0331494151667854,0.126249999999999,1.47600000000003,0.109164556962024,0.017085443037975,0.126500000000021,1.46950000000004,0.109500000000021,0.0170000000000002,0,FALSE,FALSE,5.85293572883855,468.234858307084,0,"2921;2927;2933;2939",734,10000,"N = 10,000",100,"100","128",80,8,1.366835443038,0.0331494151667854,5.85293572883855,"Stan model (NicoStan) + tape chunking + WCP","Stan model (NicoStan) + tape chunking + WCP",FALSE,0.978329320244455
"HPC","AD_Stan_WCP","NicoStan_BridgeStan",10000,250,128,8,16,80,"b97502ef4c1796520d0acd01a82ea24d","NicoStan_BridgeStan_state_allocation_thread_setup_sampling_model_load_divergence_check","iteration_difference","main_scaling","two_run_difference",40,4,1.47139240506329,1.46784810126582,0.0191603928388898,0.129750000000001,1.58275,0.11135759493671,0.0183924050632912,0.130999999999972,1.58250000000001,0.112765822784781,0.0183481012658228,0,FALSE,FALSE,5.43702684101857,434.962147281486,0,"3021;3027;3033;3039",759,10000,"N = 10,000",250,"250","128",80,8,1.47139240506329,0.0191603928388898,5.43702684101857,"Stan model (NicoStan) + tape chunking + WCP","Stan model (NicoStan) + tape chunking + WCP",FALSE,0.908809359944927
"HPC","AD_Stan_WCP","NicoStan_BridgeStan",10000,500,128,8,16,80,"b97502ef4c1796520d0acd01a82ea24d","NicoStan_BridgeStan_state_allocation_thread_setup_sampling_model_load_divergence_check","iteration_difference","main_scaling","two_run_difference",20,4,1.56253164556963,1.56253164556963,0.00413415990343717,0.12700000000001,1.67000000000002,0.107468354430389,0.0195316455696203,0.127499999999998,1.66950000000003,0.107968354430377,0.0195316455696203,0,FALSE,FALSE,5.11989630589758,409.591704471806,0,"3121;3127;3133;3139",784,10000,"N = 10,000",500,"500","128",80,8,1.56253164556963,0.00413415990343717,5.11989630589758,"Stan model (NicoStan) + tape chunking + WCP","Stan model (NicoStan) + tape chunking + WCP",FALSE,0.855800388852868
"HPC","AD_Stan_WCP","NicoStan_BridgeStan",10000,1000,128,8,16,80,"b97502ef4c1796520d0acd01a82ea24d","NicoStan_BridgeStan_state_allocation_thread_setup_sampling_model_load_divergence_check","iteration_difference","main_scaling","two_run_difference",10,4,1.70658227848101,1.70734177215188,0.0178177016150328,0.130250000000046,1.81550000000004,0.108917721519034,0.0213322784810126,0.132000000000062,1.81400000000002,0.11071518987348,0.0213417721518985,0,FALSE,FALSE,4.68773179053554,375.018543242843,0,"3221;3227;3233;3239",809,10000,"N = 10,000",1000,"1000","128",80,8,1.70658227848101,0.0178177016150328,4.68773179053554,"Stan model (NicoStan) + tape chunking + WCP","Stan model (NicoStan) + tape chunking + WCP",FALSE,0.783563269544568
"HPC","AD_Stan_WCP","NicoStan_BridgeStan",10000,22,176,8,22,80,"b97502ef4c1796520d0acd01a82ea24d","NicoStan_BridgeStan_state_allocation_thread_setup_sampling_model_load_divergence_check","iteration_difference","main_scaling","two_run_difference",455,4,2.28329113924057,2.21316455696207,0.184137496260802,0.129000000000133,2.38375000000019,0.100458860759626,0.0285411392405071,0.129000000000133,2.31500000000028,0.0998354430380287,0.0276645569620259,0,FALSE,FALSE,3.50371438075166,280.297150460133,0,"4263;4266;4269;4272",1068,10000,"N = 10,000",22,"22","176",80,8,2.28329113924057,0.184137496260802,3.50371438075166,"Stan model (NicoStan) + tape chunking + WCP","Stan model (NicoStan) + tape chunking + WCP",FALSE,0.61869386849981
"HPC","AD_Stan_WCP","NicoStan_BridgeStan",10000,25,176,8,22,80,"b97502ef4c1796520d0acd01a82ea24d","NicoStan_BridgeStan_state_allocation_thread_setup_sampling_model_load_divergence_check","iteration_difference","main_scaling","two_run_difference",400,4,2.14177215189871,2.13215189873416,0.0661310535380876,0.129000000000005,2.24399999999999,0.102227848101271,0.0267721518987339,0.129000000000019,2.2345,0.102348101265842,0.0266518987341769,0,FALSE,FALSE,3.73522458628845,298.817966903076,0,"2722;2728;2734;2740",685,10000,"N = 10,000",25,"25","176",80,8,2.14177215189871,0.0661310535380876,3.73522458628845,"Stan model (NicoStan) + tape chunking + WCP","Stan model (NicoStan) + tape chunking + WCP",FALSE,0.659574468085104
"HPC","AD_Stan_WCP","NicoStan_BridgeStan",10000,50,176,8,22,80,"b97502ef4c1796520d0acd01a82ea24d","NicoStan_BridgeStan_state_allocation_thread_setup_sampling_model_load_divergence_check","iteration_difference","main_scaling","two_run_difference",200,4,1.48531645569619,1.48658227848097,0.0416248521692931,0.125750000000011,1.5925,0.107183544303808,0.0185664556962024,0.125500000000045,1.59299999999996,0.106563291139286,0.0185822784810122,0,FALSE,FALSE,5.38605761036308,430.884608829047,0,"2822;2828;2834;2840",710,10000,"N = 10,000",50,"50","176",80,8,1.48531645569619,0.0416248521692931,5.38605761036308,"Stan model (NicoStan) + tape chunking + WCP","Stan model (NicoStan) + tape chunking + WCP",FALSE,0.951082324867899
"HPC","AD_Stan_WCP","NicoStan_BridgeStan",10000,100,176,8,22,80,"b97502ef4c1796520d0acd01a82ea24d","NicoStan_BridgeStan_state_allocation_thread_setup_sampling_model_load_divergence_check","iteration_difference","main_scaling","two_run_difference",100,4,1.41265822784808,1.41265822784814,0.00584658500445989,0.121999999999986,1.51699999999997,0.104341772151885,0.017658227848101,0.122500000000002,1.51349999999996,0.104892405063294,0.0176582278481018,0,FALSE,FALSE,5.66308243727606,453.046594982085,0,"2922;2928;2934;2940",735,10000,"N = 10,000",100,"100","176",80,8,1.41265822784808,0.00584658500445989,5.66308243727606,"Stan model (NicoStan) + tape chunking + WCP","Stan model (NicoStan) + tape chunking + WCP",TRUE,1
"HPC","AD_Stan_WCP","NicoStan_BridgeStan",10000,250,176,8,22,80,"b97502ef4c1796520d0acd01a82ea24d","NicoStan_BridgeStan_state_allocation_thread_setup_sampling_model_load_divergence_check","iteration_difference","main_scaling","two_run_difference",40,4,1.55848101265821,1.55240506329115,0.0289745333115814,0.123250000000013,1.66225,0.103768987341785,0.0194810126582277,0.127500000000026,1.66,0.108310126582305,0.0194050632911394,0,FALSE,FALSE,5.13320337881746,410.656270305397,0,"3022;3028;3034;3040",760,10000,"N = 10,000",250,"250","176",80,8,1.55848101265821,0.0289745333115814,5.13320337881746,"Stan model (NicoStan) + tape chunking + WCP","Stan model (NicoStan) + tape chunking + WCP",FALSE,0.906432748538007
"HPC","AD_Stan_WCP","NicoStan_BridgeStan",10000,500,176,8,22,80,"b97502ef4c1796520d0acd01a82ea24d","NicoStan_BridgeStan_state_allocation_thread_setup_sampling_model_load_divergence_check","iteration_difference","main_scaling","two_run_difference",20,4,1.65012658227849,1.65164556962025,0.0165676167990468,0.122,1.75150000000001,0.101373417721519,0.0206265822784811,0.119499999999988,1.7475,0.0989556962025193,0.0206455696202532,0,FALSE,FALSE,4.84811291807301,387.849033445841,0,"3122;3128;3134;3140",785,10000,"N = 10,000",500,"500","176",80,8,1.65012658227849,0.0165676167990468,4.84811291807301,"Stan model (NicoStan) + tape chunking + WCP","Stan model (NicoStan) + tape chunking + WCP",FALSE,0.856090825406551
"HPC","AD_Stan_WCP","NicoStan_BridgeStan",10000,1000,176,8,22,80,"b97502ef4c1796520d0acd01a82ea24d","NicoStan_BridgeStan_state_allocation_thread_setup_sampling_model_load_divergence_check","iteration_difference","main_scaling","two_run_difference",10,4,1.80101265822786,1.81113924050639,0.0325576575970405,0.127250000000004,1.90575000000001,0.104737341772155,0.0225126582278482,0.127500000000055,1.91550000000001,0.105113924050688,0.0226392405063298,0,FALSE,FALSE,4.44194545965699,355.35563677256,0,"3222;3228;3234;3240",810,10000,"N = 10,000",1000,"1000","176",80,8,1.80101265822786,0.0325576575970405,4.44194545965699,"Stan model (NicoStan) + tape chunking + WCP","Stan model (NicoStan) + tape chunking + WCP",FALSE,0.784368850154611
"HPC","AD_Stan_WCP","NicoStan_BridgeStan",10000,2,32,16,2,80,"b97502ef4c1796520d0acd01a82ea24d","NicoStan_BridgeStan_state_allocation_thread_setup_sampling_model_load_divergence_check","iteration_difference","main_scaling","two_run_difference",5000,4,5.56911392405053,5.5898734177215,0.173968081688959,0.216749999999934,5.71624999999983,0.147136075949302,0.0696139240506316,0.212999999999965,5.74399999999991,0.141721518987309,0.0698734177215188,0,FALSE,FALSE,2.87298845349583,229.839076279666,0,"4217;4218;4219;4220",1055,10000,"N = 10,000",2,"2","32",80,16,5.56911392405053,0.173968081688959,2.87298845349583,"Stan model (NicoStan) + tape chunking + WCP","Stan model (NicoStan) + tape chunking + WCP",FALSE,0.654877716156026
"HPC","AD_Stan_WCP","NicoStan_BridgeStan",10000,4,32,16,2,80,"b97502ef4c1796520d0acd01a82ea24d","NicoStan_BridgeStan_state_allocation_thread_setup_sampling_model_load_divergence_check","iteration_difference","main_scaling","two_run_difference",2500,4,5.17873417721518,5.18025316455696,0.128073578168913,0.173749999999998,5.28774999999999,0.109015822784809,0.0647341772151897,0.173500000000018,5.28899999999999,0.109284810126589,0.064753164556962,0,FALSE,FALSE,3.08955807587017,247.164646069613,0,"2593;2595;2597;2599",649,10000,"N = 10,000",4,"4","32",80,16,5.17873417721518,0.128073578168913,3.08955807587017,"Stan model (NicoStan) + tape chunking + WCP","Stan model (NicoStan) + tape chunking + WCP",FALSE,0.704243253813064
"HPC","AD_Stan_WCP","NicoStan_BridgeStan",10000,10,32,16,2,80,"b97502ef4c1796520d0acd01a82ea24d","NicoStan_BridgeStan_state_allocation_thread_setup_sampling_model_load_divergence_check","iteration_difference","main_scaling","two_run_difference",1000,4,3.82835443037975,3.85772151898736,0.0839570420926581,0.147499999999994,3.928,0.0996455696202469,0.0478544303797469,0.148499999999984,3.95550000000003,0.100006329113908,0.0482215189873419,0,FALSE,FALSE,4.17934135696336,334.347308557069,0,"2653;2657;2661;2665",664,10000,"N = 10,000",10,"10","32",80,16,3.82835443037975,0.0839570420926581,4.17934135696336,"Stan model (NicoStan) + tape chunking + WCP","Stan model (NicoStan) + tape chunking + WCP",FALSE,0.952651765639465
"HPC","AD_Stan_WCP","NicoStan_BridgeStan",10000,25,32,16,2,80,"b97502ef4c1796520d0acd01a82ea24d","NicoStan_BridgeStan_state_allocation_thread_setup_sampling_model_load_divergence_check","iteration_difference","main_scaling","two_run_difference",400,4,3.64708860759494,3.64506329113925,0.0930195165248642,0.140500000000003,3.742,0.0949113924050662,0.0455886075949367,0.138499999999993,3.74250000000001,0.0927151898734109,0.0455632911392406,0,FALSE,FALSE,4.38706094682771,350.964875746217,0,"2741;2746;2751;2756",686,10000,"N = 10,000",25,"25","32",80,16,3.64708860759494,0.0930195165248642,4.38706094682771,"Stan model (NicoStan) + tape chunking + WCP","Stan model (NicoStan) + tape chunking + WCP",TRUE,1
"HPC","AD_Stan_WCP","NicoStan_BridgeStan",10000,50,32,16,2,80,"b97502ef4c1796520d0acd01a82ea24d","NicoStan_BridgeStan_state_allocation_thread_setup_sampling_model_load_divergence_check","iteration_difference","main_scaling","two_run_difference",200,4,3.73113924050634,3.74177215189873,0.102275138851701,0.137499999999989,3.822,0.0908607594936593,0.0466392405063293,0.138000000000034,3.82850000000002,0.0915126582278816,0.0467721518987341,0,FALSE,FALSE,4.28823449586102,343.058759668882,0,"2841;2846;2851;2856",711,10000,"N = 10,000",50,"50","32",80,16,3.73113924050634,0.102275138851701,4.28823449586102,"Stan model (NicoStan) + tape chunking + WCP","Stan model (NicoStan) + tape chunking + WCP",FALSE,0.977473198534397
"HPC","AD_Stan_WCP","NicoStan_BridgeStan",10000,100,32,16,2,80,"b97502ef4c1796520d0acd01a82ea24d","NicoStan_BridgeStan_state_allocation_thread_setup_sampling_model_load_divergence_check","iteration_difference","main_scaling","two_run_difference",100,4,3.91291139240504,3.90784810126575,0.104763233766891,0.138000000000005,4.00199999999998,0.0890886075949422,0.048911392405063,0.139499999999998,3.99849999999998,0.0904746835443021,0.0488481012658218,0,FALSE,FALSE,4.0890269151139,327.122153209112,0,"2941;2946;2951;2956",736,10000,"N = 10,000",100,"100","32",80,16,3.91291139240504,0.104763233766891,4.0890269151139,"Stan model (NicoStan) + tape chunking + WCP","Stan model (NicoStan) + tape chunking + WCP",FALSE,0.93206521739131
"HPC","AD_Stan_WCP","NicoStan_BridgeStan",10000,250,32,16,2,80,"b97502ef4c1796520d0acd01a82ea24d","NicoStan_BridgeStan_state_allocation_thread_setup_sampling_model_load_divergence_check","iteration_difference","main_scaling","two_run_difference",40,4,4.14506329113925,4.10227848101268,0.092536407434277,0.146250000000009,4.23950000000002,0.0944367088607684,0.0518132911392407,0.147500000000008,4.19600000000003,0.0961518987341899,0.0512784810126584,0,FALSE,FALSE,3.86001343675562,308.80107494045,0,"3041;3046;3051;3056",761,10000,"N = 10,000",250,"250","32",80,16,4.14506329113925,0.092536407434277,3.86001343675562,"Stan model (NicoStan) + tape chunking + WCP","Stan model (NicoStan) + tape chunking + WCP",FALSE,0.879863189397176
"HPC","AD_Stan_WCP","NicoStan_BridgeStan",10000,500,32,16,2,80,"b97502ef4c1796520d0acd01a82ea24d","NicoStan_BridgeStan_state_allocation_thread_setup_sampling_model_load_divergence_check","iteration_difference","main_scaling","two_run_difference",20,4,4.64303797468355,4.61873417721523,0.0790349310279641,0.150999999999982,4.73599999999999,0.0929620253164376,0.0580379746835444,0.152500000000032,4.709,0.0948481012658313,0.0577341772151903,0,FALSE,FALSE,3.44601962922573,275.681570338058,0,"3141;3146;3151;3156",786,10000,"N = 10,000",500,"500","32",80,16,4.64303797468355,0.0790349310279641,3.44601962922573,"Stan model (NicoStan) + tape chunking + WCP","Stan model (NicoStan) + tape chunking + WCP",FALSE,0.785496183206106
"HPC","AD_Stan_WCP","NicoStan_BridgeStan",10000,1000,32,16,2,80,"b97502ef4c1796520d0acd01a82ea24d","NicoStan_BridgeStan_state_allocation_thread_setup_sampling_model_load_divergence_check","iteration_difference","main_scaling","two_run_difference",10,4,5.69518987341763,5.65468354430369,0.0951252136978313,0.165000000000077,5.78899999999999,0.0938101265823569,0.0711898734177204,0.165500000000065,5.75099999999998,0.093639240506395,0.0706835443037961,0,FALSE,FALSE,2.80938833570417,224.751066856334,0,"3241;3246;3251;3256",811,10000,"N = 10,000",1000,"1000","32",80,16,5.69518987341763,0.0951252136978313,2.80938833570417,"Stan model (NicoStan) + tape chunking + WCP","Stan model (NicoStan) + tape chunking + WCP",FALSE,0.640380512091049
"HPC","AD_Stan_WCP","NicoStan_BridgeStan",10000,4,64,16,4,80,"b97502ef4c1796520d0acd01a82ea24d","NicoStan_BridgeStan_state_allocation_thread_setup_sampling_model_load_divergence_check","iteration_difference","main_scaling","two_run_difference",2500,4,5.20683544303795,5.28506329113923,0.208884949372753,0.184000000000012,5.32574999999999,0.118914556962037,0.0650854430379743,0.183000000000021,5.404,0.118892405063313,0.0660632911392404,0,FALSE,FALSE,3.07288374580641,245.830699664512,0,"2594;2596;2598;2600",650,10000,"N = 10,000",4,"4","64",80,16,5.20683544303795,0.208884949372753,3.07288374580641,"Stan model (NicoStan) + tape chunking + WCP","Stan model (NicoStan) + tape chunking + WCP",FALSE,0.455195215636706
"HPC","AD_Stan_WCP","NicoStan_BridgeStan",10000,10,64,16,4,80,"b97502ef4c1796520d0acd01a82ea24d","NicoStan_BridgeStan_state_allocation_thread_setup_sampling_model_load_divergence_check","iteration_difference","main_scaling","two_run_difference",1000,4,3.2164556962025,3.20708860759491,0.0506016781304573,0.142000000000024,3.31824999999999,0.101794303797493,0.0402056962025312,0.143500000000017,3.3075,0.103177215189891,0.0400886075949364,0,FALSE,FALSE,4.97441951987412,397.953561589929,0,"2654;2658;2662;2666",665,10000,"N = 10,000",10,"10","64",80,16,3.2164556962025,0.0506016781304573,4.97441951987412,"Stan model (NicoStan) + tape chunking + WCP","Stan model (NicoStan) + tape chunking + WCP",FALSE,0.736875245966169
"HPC","AD_Stan_WCP","NicoStan_BridgeStan",10000,25,64,16,4,80,"b97502ef4c1796520d0acd01a82ea24d","NicoStan_BridgeStan_state_allocation_thread_setup_sampling_model_load_divergence_check","iteration_difference","main_scaling","two_run_difference",400,4,2.48481012658229,2.49468354430378,0.0393104046030653,0.143749999999997,2.59750000000001,0.112689873417718,0.0310601265822787,0.146999999999991,2.602,0.115784810126574,0.0311835443037972,0,FALSE,FALSE,6.43912379011713,515.12990320937,0,"2742;2747;2752;2757",687,10000,"N = 10,000",25,"25","64",80,16,2.48481012658229,0.0393104046030653,6.43912379011713,"Stan model (NicoStan) + tape chunking + WCP","Stan model (NicoStan) + tape chunking + WCP",FALSE,0.953846153846157
"HPC","AD_Stan_WCP","NicoStan_BridgeStan",10000,50,64,16,4,80,"b97502ef4c1796520d0acd01a82ea24d","NicoStan_BridgeStan_state_allocation_thread_setup_sampling_model_load_divergence_check","iteration_difference","main_scaling","two_run_difference",200,4,2.3701265822785,2.37265822784812,0.0315986149540892,0.136999999999972,2.47749999999999,0.107373417721491,0.0296265822784813,0.137499999999989,2.48149999999998,0.108126582278469,0.0296582278481015,0,FALSE,FALSE,6.75069429609052,540.055543687242,0,"2842;2847;2852;2857",712,10000,"N = 10,000",50,"50","64",80,16,2.3701265822785,0.0315986149540892,6.75069429609052,"Stan model (NicoStan) + tape chunking + WCP","Stan model (NicoStan) + tape chunking + WCP",TRUE,1
"HPC","AD_Stan_WCP","NicoStan_BridgeStan",10000,100,64,16,4,80,"b97502ef4c1796520d0acd01a82ea24d","NicoStan_BridgeStan_state_allocation_thread_setup_sampling_model_load_divergence_check","iteration_difference","main_scaling","two_run_difference",100,4,2.42582278481013,2.42683544303798,0.0506362868073252,0.137250000000023,2.53275000000002,0.106927215189896,0.0303227848101266,0.13900000000001,2.53050000000007,0.109208860759504,0.0303354430379747,0,FALSE,FALSE,6.5957002713421,527.656021707368,0,"2942;2947;2952;2957",737,10000,"N = 10,000",100,"100","64",80,16,2.42582278481013,0.0506362868073252,6.5957002713421,"Stan model (NicoStan) + tape chunking + WCP","Stan model (NicoStan) + tape chunking + WCP",FALSE,0.97704028386559
"HPC","AD_Stan_WCP","NicoStan_BridgeStan",10000,250,64,16,4,80,"b97502ef4c1796520d0acd01a82ea24d","NicoStan_BridgeStan_state_allocation_thread_setup_sampling_model_load_divergence_check","iteration_difference","main_scaling","two_run_difference",40,4,2.7278481012658,2.73164556962022,0.0253687224180494,0.136750000000006,2.83049999999999,0.102651898734184,0.0340981012658225,0.137500000000017,2.83499999999998,0.103354430379764,0.0341455696202527,0,FALSE,FALSE,5.86542923433879,469.234338747103,0,"3042;3047;3052;3057",762,10000,"N = 10,000",250,"250","64",80,16,2.7278481012658,0.0253687224180494,5.86542923433879,"Stan model (NicoStan) + tape chunking + WCP","Stan model (NicoStan) + tape chunking + WCP",FALSE,0.868863109048738
"HPC","AD_Stan_WCP","NicoStan_BridgeStan",10000,500,64,16,4,80,"b97502ef4c1796520d0acd01a82ea24d","NicoStan_BridgeStan_state_allocation_thread_setup_sampling_model_load_divergence_check","iteration_difference","main_scaling","two_run_difference",20,4,3.04075949367091,3.05063291139239,0.0440351105101822,0.144249999999971,3.14699999999999,0.106240506329085,0.0380094936708863,0.144499999999994,3.15599999999995,0.106677215189867,0.0381329113924049,0,FALSE,FALSE,5.26184331029886,420.947464823909,0,"3142;3147;3152;3157",787,10000,"N = 10,000",500,"500","64",80,16,3.04075949367091,0.0440351105101822,5.26184331029886,"Stan model (NicoStan) + tape chunking + WCP","Stan model (NicoStan) + tape chunking + WCP",FALSE,0.779452168845227
"HPC","AD_Stan_WCP","NicoStan_BridgeStan",10000,1000,64,16,4,80,"b97502ef4c1796520d0acd01a82ea24d","NicoStan_BridgeStan_state_allocation_thread_setup_sampling_model_load_divergence_check","iteration_difference","main_scaling","two_run_difference",10,4,3.52936708860763,3.52151898734179,0.0354321864039056,0.153749999999974,3.63900000000001,0.109632911392378,0.0441170886075954,0.153999999999996,3.63400000000001,0.110227848101262,0.0440189873417724,0,FALSE,FALSE,4.53339071802592,362.671257442074,0,"3242;3247;3252;3257",812,10000,"N = 10,000",1000,"1000","64",80,16,3.52936708860763,0.0354321864039056,4.53339071802592,"Stan model (NicoStan) + tape chunking + WCP","Stan model (NicoStan) + tape chunking + WCP",FALSE,0.671544365540491
"HPC","AD_Stan_WCP","NicoStan_BridgeStan",10000,6,96,16,6,80,"b97502ef4c1796520d0acd01a82ea24d","NicoStan_BridgeStan_state_allocation_thread_setup_sampling_model_load_divergence_check","iteration_difference","main_scaling","two_run_difference",1667,4,4.79721518987355,4.84607594936727,0.206612680811004,0.166499999999928,4.90375000000006,0.106534810126509,0.0599651898734194,0.166999999999916,4.9525000000001,0.106645569620192,0.0605759493670909,0,FALSE,FALSE,3.33526835189183,266.821468151346,0,"4245;4247;4249;4251",1062,10000,"N = 10,000",6,"6","96",80,16,4.79721518987355,0.206612680811004,3.33526835189183,"Stan model (NicoStan) + tape chunking + WCP","Stan model (NicoStan) + tape chunking + WCP",FALSE,0.454324766478438
"HPC","AD_Stan_WCP","NicoStan_BridgeStan",10000,10,96,16,6,80,"b97502ef4c1796520d0acd01a82ea24d","NicoStan_BridgeStan_state_allocation_thread_setup_sampling_model_load_divergence_check","iteration_difference","main_scaling","two_run_difference",1000,4,3.77164556962027,3.75696202531646,0.161840612020587,0.15124999999999,3.87575000000001,0.104104430379737,0.0471455696202534,0.150499999999994,3.8665,0.104683544303791,0.0469620253164558,0,FALSE,FALSE,4.2421801584105,339.37441267284,0,"2655;2659;2663;2667",666,10000,"N = 10,000",10,"10","96",80,16,3.77164556962027,0.161840612020587,4.2421801584105,"Stan model (NicoStan) + tape chunking + WCP","Stan model (NicoStan) + tape chunking + WCP",FALSE,0.577862800375896
"HPC","AD_Stan_WCP","NicoStan_BridgeStan",10000,25,96,16,6,80,"b97502ef4c1796520d0acd01a82ea24d","NicoStan_BridgeStan_state_allocation_thread_setup_sampling_model_load_divergence_check","iteration_difference","main_scaling","two_run_difference",400,4,2.54405063291139,2.54582278481008,0.0157830725276139,0.144000000000005,2.65625,0.112199367088613,0.0318006329113923,0.145499999999998,2.654,0.113556962025315,0.031822784810126,0,FALSE,FALSE,6.28918300328392,503.134640262714,0,"2743;2748;2753;2758",688,10000,"N = 10,000",25,"25","96",80,16,2.54405063291139,0.0157830725276139,6.28918300328392,"Stan model (NicoStan) + tape chunking + WCP","Stan model (NicoStan) + tape chunking + WCP",FALSE,0.856702159418865
"HPC","AD_Stan_WCP","NicoStan_BridgeStan",10000,50,96,16,6,80,"b97502ef4c1796520d0acd01a82ea24d","NicoStan_BridgeStan_state_allocation_thread_setup_sampling_model_load_divergence_check","iteration_difference","main_scaling","two_run_difference",200,4,2.17949367088611,2.18177215189872,0.0383687013039706,0.143749999999983,2.29600000000002,0.116506329113907,0.0272436708860764,0.14749999999998,2.29199999999997,0.120132911392384,0.027272151898734,0,FALSE,FALSE,7.34115460564513,587.29236845161,0,"2843;2848;2853;2858",713,10000,"N = 10,000",50,"50","96",80,16,2.17949367088611,0.0383687013039706,7.34115460564513,"Stan model (NicoStan) + tape chunking + WCP","Stan model (NicoStan) + tape chunking + WCP",TRUE,1
"HPC","AD_Stan_WCP","NicoStan_BridgeStan",10000,100,96,16,6,80,"b97502ef4c1796520d0acd01a82ea24d","NicoStan_BridgeStan_state_allocation_thread_setup_sampling_model_load_divergence_check","iteration_difference","main_scaling","two_run_difference",100,4,2.21037974683547,2.20000000000007,0.0645584512114287,0.134999999999991,2.31775000000002,0.107370253164548,0.0276297468354434,0.135499999999979,2.31050000000005,0.108284810126561,0.0275000000000009,0,FALSE,FALSE,7.23857519184506,579.086015347605,0,"2943;2948;2953;2958",738,10000,"N = 10,000",100,"100","96",80,16,2.21037974683547,0.0645584512114287,7.23857519184506,"Stan model (NicoStan) + tape chunking + WCP","Stan model (NicoStan) + tape chunking + WCP",FALSE,0.986026801053722
"HPC","AD_Stan_WCP","NicoStan_BridgeStan",10000,250,96,16,6,80,"b97502ef4c1796520d0acd01a82ea24d","NicoStan_BridgeStan_state_allocation_thread_setup_sampling_model_load_divergence_check","iteration_difference","main_scaling","two_run_difference",40,4,2.4273417721519,2.40962025316454,0.0417284005631283,0.152999999999992,2.55,0.122658227848093,0.0303417721518988,0.154499999999985,2.53300000000002,0.123936708860744,0.0301202531645567,0,FALSE,FALSE,6.59157279933248,527.325823946599,0,"3043;3048;3053;3058",763,10000,"N = 10,000",250,"250","96",80,16,2.4273417721519,0.0417284005631283,6.59157279933248,"Stan model (NicoStan) + tape chunking + WCP","Stan model (NicoStan) + tape chunking + WCP",FALSE,0.897893199833138
"HPC","AD_Stan_WCP","NicoStan_BridgeStan",10000,500,96,16,6,80,"b97502ef4c1796520d0acd01a82ea24d","NicoStan_BridgeStan_state_allocation_thread_setup_sampling_model_load_divergence_check","iteration_difference","main_scaling","two_run_difference",20,4,2.68683544303796,2.68455696202533,0.0303389317950099,0.155500000000046,2.80875000000003,0.121914556962072,0.0335854430379745,0.156000000000063,2.80500000000006,0.122632911392468,0.0335569620253166,0,FALSE,FALSE,5.95496089701313,476.39687176105,0,"3143;3148;3153;3158",788,10000,"N = 10,000",500,"500","96",80,16,2.68683544303796,0.0303389317950099,5.95496089701313,"Stan model (NicoStan) + tape chunking + WCP","Stan model (NicoStan) + tape chunking + WCP",FALSE,0.811174974088401
"HPC","AD_Stan_WCP","NicoStan_BridgeStan",10000,1000,96,16,6,80,"b97502ef4c1796520d0acd01a82ea24d","NicoStan_BridgeStan_state_allocation_thread_setup_sampling_model_load_divergence_check","iteration_difference","main_scaling","two_run_difference",10,4,3.1964556962025,3.19037974683535,0.0392418674052543,0.149250000000023,3.30574999999999,0.109294303797492,0.0399556962025312,0.150000000000034,3.30449999999996,0.109822784810162,0.0398797468354419,0,FALSE,FALSE,5.00554411531765,400.443529225412,0,"3243;3248;3253;3258",813,10000,"N = 10,000",1000,"1000","96",80,16,3.1964556962025,0.0392418674052543,5.00554411531765,"Stan model (NicoStan) + tape chunking + WCP","Stan model (NicoStan) + tape chunking + WCP",FALSE,0.681846982417254
"HPC","AD_Stan_WCP","NicoStan_BridgeStan",10000,8,128,16,8,80,"b97502ef4c1796520d0acd01a82ea24d","NicoStan_BridgeStan_state_allocation_thread_setup_sampling_model_load_divergence_check","iteration_difference","main_scaling","two_run_difference",1250,4,4.88075949367077,4.80556962025316,0.176480453983479,0.165000000000077,4.98474999999996,0.103990506329193,0.0610094936708846,0.164999999999964,4.91049999999996,0.103272151898746,0.0600696202531645,0,FALSE,FALSE,3.27817832875157,262.254266300125,0,"4246;4248;4250;4252",1063,10000,"N = 10,000",8,"8","128",80,16,4.88075949367077,0.176480453983479,3.27817832875157,"Stan model (NicoStan) + tape chunking + WCP","Stan model (NicoStan) + tape chunking + WCP",FALSE,0.434254888739051
"HPC","AD_Stan_WCP","NicoStan_BridgeStan",10000,10,128,16,8,80,"b97502ef4c1796520d0acd01a82ea24d","NicoStan_BridgeStan_state_allocation_thread_setup_sampling_model_load_divergence_check","iteration_difference","main_scaling","two_run_difference",1000,4,4.22430379746835,4.18177215189874,0.142796779580319,0.165499999999994,4.33699999999999,0.11269620253164,0.0528037974683544,0.164000000000016,4.291,0.112455696202548,0.0522721518987343,0,FALSE,FALSE,3.78760637660315,303.008510128252,0,"2656;2660;2664;2668",667,10000,"N = 10,000",10,"10","128",80,16,4.22430379746835,0.142796779580319,3.78760637660315,"Stan model (NicoStan) + tape chunking + WCP","Stan model (NicoStan) + tape chunking + WCP",FALSE,0.501737983938629
"HPC","AD_Stan_WCP","NicoStan_BridgeStan",10000,25,128,16,8,80,"b97502ef4c1796520d0acd01a82ea24d","NicoStan_BridgeStan_state_allocation_thread_setup_sampling_model_load_divergence_check","iteration_difference","main_scaling","two_run_difference",400,4,3.00632911392406,3.01721518987342,0.0655515345762955,0.147750000000002,3.11650000000002,0.110170886075951,0.0375791139240508,0.148000000000025,3.13300000000001,0.110151898734202,0.0377151898734177,0,FALSE,FALSE,5.32210526315787,425.76842105263,0,"2744;2749;2754;2759",689,10000,"N = 10,000",25,"25","128",80,16,3.00632911392406,0.0655515345762955,5.32210526315787,"Stan model (NicoStan) + tape chunking + WCP","Stan model (NicoStan) + tape chunking + WCP",FALSE,0.705010526315783
"HPC","AD_Stan_WCP","NicoStan_BridgeStan",10000,50,128,16,8,80,"b97502ef4c1796520d0acd01a82ea24d","NicoStan_BridgeStan_state_allocation_thread_setup_sampling_model_load_divergence_check","iteration_difference","main_scaling","two_run_difference",200,4,2.16911392405066,2.1513924050633,0.0779812589698681,0.149000000000029,2.29100000000005,0.121886075949396,0.0271139240506332,0.145500000000027,2.27500000000003,0.118607594936736,0.0268924050632913,0,FALSE,FALSE,7.376283846872,590.10270774976,0,"2844;2849;2854;2859",714,10000,"N = 10,000",50,"50","128",80,16,2.16911392405066,0.0779812589698681,7.376283846872,"Stan model (NicoStan) + tape chunking + WCP","Stan model (NicoStan) + tape chunking + WCP",FALSE,0.97712418300652
"HPC","AD_Stan_WCP","NicoStan_BridgeStan",10000,100,128,16,8,80,"b97502ef4c1796520d0acd01a82ea24d","NicoStan_BridgeStan_state_allocation_thread_setup_sampling_model_load_divergence_check","iteration_difference","main_scaling","two_run_difference",100,4,2.11949367088607,2.11696202531648,0.0293845430451802,0.150999999999982,2.24399999999997,0.124506329113906,0.0264936708860758,0.148500000000013,2.2475,0.122069620253178,0.026462025316456,0,FALSE,FALSE,7.54897276636411,603.917821309129,0,"2944;2949;2954;2959",739,10000,"N = 10,000",100,"100","128",80,16,2.11949367088607,0.0293845430451802,7.54897276636411,"Stan model (NicoStan) + tape chunking + WCP","Stan model (NicoStan) + tape chunking + WCP",TRUE,1
"HPC","AD_Stan_WCP","NicoStan_BridgeStan",10000,250,128,16,8,80,"b97502ef4c1796520d0acd01a82ea24d","NicoStan_BridgeStan_state_allocation_thread_setup_sampling_model_load_divergence_check","iteration_difference","main_scaling","two_run_difference",40,4,2.29139240506327,2.29417721518985,0.0124403184549002,0.155250000000009,2.41799999999999,0.126607594936719,0.0286424050632909,0.149000000000029,2.42099999999999,0.120316455696204,0.0286772151898731,0,FALSE,FALSE,6.98265385040332,558.612308032266,0,"3044;3049;3054;3059",764,10000,"N = 10,000",250,"250","128",80,16,2.29139240506327,0.0124403184549002,6.98265385040332,"Stan model (NicoStan) + tape chunking + WCP","Stan model (NicoStan) + tape chunking + WCP",FALSE,0.924980665119879
"HPC","AD_Stan_WCP","NicoStan_BridgeStan",10000,500,128,16,8,80,"b97502ef4c1796520d0acd01a82ea24d","NicoStan_BridgeStan_state_allocation_thread_setup_sampling_model_load_divergence_check","iteration_difference","main_scaling","two_run_difference",20,4,2.54126582278487,2.54126582278481,0.00944544714235481,0.161249999999967,2.67075000000003,0.129484177215156,0.0317658227848109,0.161000000000001,2.67100000000005,0.129234177215191,0.0317658227848102,0,FALSE,FALSE,6.29607491532163,503.68599322573,0,"3144;3149;3154;3159",789,10000,"N = 10,000",500,"500","128",80,16,2.54126582278487,0.00944544714235481,6.29607491532163,"Stan model (NicoStan) + tape chunking + WCP","Stan model (NicoStan) + tape chunking + WCP",FALSE,0.834030683403044
"HPC","AD_Stan_WCP","NicoStan_BridgeStan",10000,1000,128,16,8,80,"b97502ef4c1796520d0acd01a82ea24d","NicoStan_BridgeStan_state_allocation_thread_setup_sampling_model_load_divergence_check","iteration_difference","main_scaling","two_run_difference",10,4,2.95240506329115,2.95443037974685,0.0114120786527636,0.153749999999974,3.06924999999998,0.116844936708835,0.0369050632911394,0.154999999999973,3.06999999999999,0.11812025316453,0.0369303797468357,0,FALSE,FALSE,5.41931058137539,433.544846510031,0,"3244;3249;3254;3259",814,10000,"N = 10,000",1000,"1000","128",80,16,2.95240506329115,0.0114120786527636,5.41931058137539,"Stan model (NicoStan) + tape chunking + WCP","Stan model (NicoStan) + tape chunking + WCP",FALSE,0.717887154861939
"HPC","AD_Stan_WCP","NicoStan_BridgeStan",10000,11,176,16,11,80,"b97502ef4c1796520d0acd01a82ea24d","NicoStan_BridgeStan_state_allocation_thread_setup_sampling_model_load_divergence_check","iteration_difference","main_scaling","two_run_difference",910,4,4.81569620253174,4.80607594936718,0.0859487767422568,0.155999999999949,4.91150000000005,0.0958037974683023,0.0601962025316468,0.153499999999894,4.9045000000001,0.0931835443036907,0.0600759493670898,0,FALSE,FALSE,3.32246872042891,265.797497634313,0,"4273;4274;4275;4276",1069,10000,"N = 10,000",11,"11","176",80,16,4.81569620253174,0.0859487767422568,3.32246872042891,"Stan model (NicoStan) + tape chunking + WCP","Stan model (NicoStan) + tape chunking + WCP",FALSE,0.438019135737552
"HPC","AD_Stan_WCP","NicoStan_BridgeStan",10000,25,176,16,11,80,"b97502ef4c1796520d0acd01a82ea24d","NicoStan_BridgeStan_state_allocation_thread_setup_sampling_model_load_divergence_check","iteration_difference","main_scaling","two_run_difference",400,4,4.01594936708859,3.99848101265819,0.0430538565881194,0.148750000000007,4.11449999999999,0.0985506329113994,0.0501993670886074,0.148000000000025,4.09649999999999,0.0980189873417971,0.0499810126582274,0,FALSE,FALSE,3.98411397591882,318.729118073506,0,"2745;2750;2755;2760",690,10000,"N = 10,000",25,"25","176",80,16,4.01594936708859,0.0430538565881194,3.98411397591882,"Stan model (NicoStan) + tape chunking + WCP","Stan model (NicoStan) + tape chunking + WCP",FALSE,0.525247431129037
"HPC","AD_Stan_WCP","NicoStan_BridgeStan",10000,50,176,16,11,80,"b97502ef4c1796520d0acd01a82ea24d","NicoStan_BridgeStan_state_allocation_thread_setup_sampling_model_load_divergence_check","iteration_difference","main_scaling","two_run_difference",200,4,2.50607594936703,2.50430379746825,0.0113180885935932,0.142000000000024,2.61674999999997,0.110674050632936,0.0313259493670879,0.141999999999996,2.61449999999996,0.110721518987338,0.0313037974683532,0,FALSE,FALSE,6.38448328113966,510.758662491172,0,"2845;2850;2855;2860",715,10000,"N = 10,000",50,"50","176",80,16,2.50607594936703,0.0113180885935932,6.38448328113966,"Stan model (NicoStan) + tape chunking + WCP","Stan model (NicoStan) + tape chunking + WCP",FALSE,0.841701181937577
"HPC","AD_Stan_WCP","NicoStan_BridgeStan",10000,100,176,16,11,80,"b97502ef4c1796520d0acd01a82ea24d","NicoStan_BridgeStan_state_allocation_thread_setup_sampling_model_load_divergence_check","iteration_difference","main_scaling","two_run_difference",100,4,2.10936708860756,2.10177215189877,0.0266003555170669,0.14425,2.22724999999997,0.117882911392405,0.0263670886075946,0.143000000000029,2.21850000000001,0.116746835443068,0.0262721518987346,0,FALSE,FALSE,7.58521363418158,606.817090734526,0,"2945;2950;2955;2960",740,10000,"N = 10,000",100,"100","176",80,16,2.10936708860756,0.0266003555170669,7.58521363418158,"Stan model (NicoStan) + tape chunking + WCP","Stan model (NicoStan) + tape chunking + WCP",TRUE,1
"HPC","AD_Stan_WCP","NicoStan_BridgeStan",10000,250,176,16,11,80,"b97502ef4c1796520d0acd01a82ea24d","NicoStan_BridgeStan_state_allocation_thread_setup_sampling_model_load_divergence_check","iteration_difference","main_scaling","two_run_difference",40,4,2.22860759493669,2.22683544303796,0.0131353131858761,0.150250000000014,2.351,0.122392405063305,0.0278575949367087,0.151500000000027,2.35149999999999,0.123664556962053,0.0278354430379745,0,FALSE,FALSE,7.17937066909013,574.349653527211,0,"3045;3050;3055;3060",765,10000,"N = 10,000",250,"250","176",80,16,2.22860759493669,0.0131353131858761,7.17937066909013,"Stan model (NicoStan) + tape chunking + WCP","Stan model (NicoStan) + tape chunking + WCP",FALSE,0.946495512893325
"HPC","AD_Stan_WCP","NicoStan_BridgeStan",10000,500,176,16,11,80,"b97502ef4c1796520d0acd01a82ea24d","NicoStan_BridgeStan_state_allocation_thread_setup_sampling_model_load_divergence_check","iteration_difference","main_scaling","two_run_difference",20,4,2.43898734177213,2.43544303797466,0.0204128724155491,0.150499999999994,2.55899999999997,0.120012658227842,0.0304873417721516,0.146500000000003,2.56499999999994,0.116069620253168,0.0304430379746832,0,FALSE,FALSE,6.56009964708332,524.807971766665,0,"3145;3150;3155;3160",790,10000,"N = 10,000",500,"500","176",80,16,2.43898734177213,0.0204128724155491,6.56009964708332,"Stan model (NicoStan) + tape chunking + WCP","Stan model (NicoStan) + tape chunking + WCP",FALSE,0.864853643346478
"HPC","AD_Stan_WCP","NicoStan_BridgeStan",10000,1000,176,16,11,80,"b97502ef4c1796520d0acd01a82ea24d","NicoStan_BridgeStan_state_allocation_thread_setup_sampling_model_load_divergence_check","iteration_difference","main_scaling","two_run_difference",10,4,2.81189873417724,2.81265822784808,0.0126852033243017,0.14500000000001,2.92175000000003,0.109851265822795,0.0351487341772155,0.14749999999998,2.92000000000002,0.112335443037953,0.035158227848101,0,FALSE,FALSE,5.69010533897538,455.20842711803,0,"3245;3250;3255;3260",815,10000,"N = 10,000",1000,"1000","176",80,16,2.81189873417724,0.0126852033243017,5.69010533897538,"Stan model (NicoStan) + tape chunking + WCP","Stan model (NicoStan) + tape chunking + WCP",FALSE,0.750157558296553
"HPC","AD_Stan_WCP","NicoStan_BridgeStan",10000,4,96,24,4,80,"b97502ef4c1796520d0acd01a82ea24d","NicoStan_BridgeStan_state_allocation_thread_setup_sampling_model_load_divergence_check","iteration_difference","main_scaling","two_run_difference",2500,4,7.91333333333291,7.91111111111099,0.0838183416878595,0.220000000000027,8.03441666666627,0.121083333333366,0.0989166666666613,0.22100000000006,8.03472222222213,0.122666666666734,0.0988888888888874,0,FALSE,FALSE,3.03285593934304,242.628475147444,0,"2601;2602;2603;2604",651,10000,"N = 10,000",4,"4","96",80,24,7.91333333333291,0.0838183416878595,3.03285593934304,"Stan model (NicoStan) + tape chunking + WCP","Stan model (NicoStan) + tape chunking + WCP",FALSE,0.403582671928352
"HPC","AD_Stan_WCP","NicoStan_BridgeStan",10000,10,96,24,4,80,"b97502ef4c1796520d0acd01a82ea24d","NicoStan_BridgeStan_state_allocation_thread_setup_sampling_model_load_divergence_check","iteration_difference","main_scaling","two_run_difference",1000,4,5.78421052631603,5.806315789474,0.103215164912,0.179249999999939,5.89115789473702,0.106947368420989,0.0723026315789504,0.176499999999919,5.91673684210551,0.103473684210467,0.072578947368425,0,FALSE,FALSE,4.14922656960856,331.938125568685,0,"2669;2670;2671;2672",668,10000,"N = 10,000",10,"10","96",80,24,5.78421052631603,0.103215164912,4.14922656960856,"Stan model (NicoStan) + tape chunking + WCP","Stan model (NicoStan) + tape chunking + WCP",FALSE,0.552138307552275
"HPC","AD_Stan_WCP","NicoStan_BridgeStan",10000,25,96,24,4,80,"b97502ef4c1796520d0acd01a82ea24d","NicoStan_BridgeStan_state_allocation_thread_setup_sampling_model_load_divergence_check","iteration_difference","main_scaling","two_run_difference",400,4,4.17052631578946,4.18315789473701,0.166178046447239,0.164500000000004,4.2828947368421,0.112368421052636,0.0521315789473683,0.165500000000009,4.29686842105279,0.113710526315784,0.0522894736842126,0,FALSE,FALSE,5.75466935890966,460.373548712773,0,"2761;2762;2763;2764",691,10000,"N = 10,000",25,"25","96",80,24,4.17052631578946,0.166178046447239,5.75466935890966,"Stan model (NicoStan) + tape chunking + WCP","Stan model (NicoStan) + tape chunking + WCP",FALSE,0.765774861181193
"HPC","AD_Stan_WCP","NicoStan_BridgeStan",10000,50,96,24,4,80,"b97502ef4c1796520d0acd01a82ea24d","NicoStan_BridgeStan_state_allocation_thread_setup_sampling_model_load_divergence_check","iteration_difference","main_scaling","two_run_difference",200,4,3.19578947368403,3.20421052631565,0.0767194406658025,0.16799999999995,3.32384210526293,0.128052631578899,0.0399473684210504,0.161500000000046,3.32515789473665,0.12118421052625,0.0400526315789456,0,FALSE,FALSE,7.50988142292532,600.790513834026,0,"2861;2862;2863;2864",716,10000,"N = 10,000",50,"50","96",80,24,3.19578947368403,0.0767194406658025,7.50988142292532,"Stan model (NicoStan) + tape chunking + WCP","Stan model (NicoStan) + tape chunking + WCP",FALSE,0.999341238471689
"HPC","AD_Stan_WCP","NicoStan_BridgeStan",10000,100,96,24,4,80,"b97502ef4c1796520d0acd01a82ea24d","NicoStan_BridgeStan_state_allocation_thread_setup_sampling_model_load_divergence_check","iteration_difference","main_scaling","two_run_difference",100,4,3.19368421052619,3.19999999999948,0.0421753802140373,0.164750000000083,3.31851315789469,0.124828947368506,0.0399210526315773,0.162500000000023,3.32749999999962,0.122736842105287,0.0399999999999935,0,FALSE,FALSE,7.51483190507611,601.186552406089,0,"2961;2962;2963;2964",741,10000,"N = 10,000",100,"100","96",80,24,3.19368421052619,0.0421753802140373,7.51483190507611,"Stan model (NicoStan) + tape chunking + WCP","Stan model (NicoStan) + tape chunking + WCP",TRUE,1
"HPC","AD_Stan_WCP","NicoStan_BridgeStan",10000,250,96,24,4,80,"b97502ef4c1796520d0acd01a82ea24d","NicoStan_BridgeStan_state_allocation_thread_setup_sampling_model_load_divergence_check","iteration_difference","main_scaling","two_run_difference",40,4,3.33157894736886,3.32842105263233,0.0383404586097612,0.17049999999989,3.46043421052664,0.12885526315778,0.0416447368421108,0.168999999999869,3.4558157894743,0.127394736841965,0.0416052631579042,0,FALSE,FALSE,7.20379146919336,576.303317535469,0,"3061;3062;3063;3064",766,10000,"N = 10,000",250,"250","96",80,24,3.33157894736886,0.0383404586097612,7.20379146919336,"Stan model (NicoStan) + tape chunking + WCP","Stan model (NicoStan) + tape chunking + WCP",FALSE,0.958609794628587
"HPC","AD_Stan_WCP","NicoStan_BridgeStan",10000,500,96,24,4,80,"b97502ef4c1796520d0acd01a82ea24d","NicoStan_BridgeStan_state_allocation_thread_setup_sampling_model_load_divergence_check","iteration_difference","main_scaling","two_run_difference",20,4,3.62947368421062,3.6357894736844,0.0578340990258846,0.166750000000036,3.75085526315803,0.121381578947403,0.0453684210526328,0.16700000000003,3.75784210526336,0.122052631578963,0.045447368421055,0,FALSE,FALSE,6.61252900232001,529.002320185601,0,"3161;3162;3163;3164",791,10000,"N = 10,000",500,"500","96",80,24,3.62947368421062,0.0578340990258846,6.61252900232001,"Stan model (NicoStan) + tape chunking + WCP","Stan model (NicoStan) + tape chunking + WCP",FALSE,0.879930394431496
"HPC","AD_Stan_WCP","NicoStan_BridgeStan",10000,1000,96,24,4,80,"b97502ef4c1796520d0acd01a82ea24d","NicoStan_BridgeStan_state_allocation_thread_setup_sampling_model_load_divergence_check","iteration_difference","main_scaling","two_run_difference",10,4,4.45263157894739,4.45684210526308,0.0288659141069674,0.169500000000028,4.56647368421057,0.113842105263185,0.0556578947368423,0.166500000000042,4.56713157894734,0.11055263157899,0.0557105263157885,0,FALSE,FALSE,5.39007092198579,431.205673758863,0,"3261;3262;3263;3264",816,10000,"N = 10,000",1000,"1000","96",80,24,4.45263157894739,0.0288659141069674,5.39007092198579,"Stan model (NicoStan) + tape chunking + WCP","Stan model (NicoStan) + tape chunking + WCP",FALSE,0.717257683215098
"HPC","AD_Stan_WCP","NicoStan_BridgeStan",10000,2,64,32,2,80,"b97502ef4c1796520d0acd01a82ea24d","NicoStan_BridgeStan_state_allocation_thread_setup_sampling_model_load_divergence_check","iteration_difference","main_scaling","two_run_difference",5000,4,11.3066666666667,11.3066666666667,0.26288679126304,0.310249999999996,11.4755833333334,0.168916666666662,0.141333333333334,0.308499999999995,11.4828333333334,0.169388888888883,0.141333333333334,0,FALSE,FALSE,2.83018867924527,226.415094339622,0,"4221;4222;4223;4224",1056,10000,"N = 10,000",2,"2","64",80,32,11.3066666666667,0.26288679126304,2.83018867924527,"Stan model (NicoStan) + tape chunking + WCP","Stan model (NicoStan) + tape chunking + WCP",FALSE,0.435048411122164
"HPC","AD_Stan_WCP","NicoStan_BridgeStan",10000,4,64,32,2,80,"b97502ef4c1796520d0acd01a82ea24d","NicoStan_BridgeStan_state_allocation_thread_setup_sampling_model_load_divergence_check","iteration_difference","main_scaling","two_run_difference",2500,4,10.2505263157895,10.1305263157893,0.522484299312961,0.264749999999992,10.3871447368422,0.136618421052623,0.128131578947369,0.263500000000022,10.2673947368419,0.136868421052656,0.126631578947366,0,FALSE,FALSE,3.12179092216059,249.743273772847,0,"2605;2607;2609;2611",652,10000,"N = 10,000",4,"4","64",80,32,10.2505263157895,0.522484299312961,3.12179092216059,"Stan model (NicoStan) + tape chunking + WCP","Stan model (NicoStan) + tape chunking + WCP",FALSE,0.479872663791354
"HPC","AD_Stan_WCP","NicoStan_BridgeStan",10000,10,64,32,2,80,"b97502ef4c1796520d0acd01a82ea24d","NicoStan_BridgeStan_state_allocation_thread_setup_sampling_model_load_divergence_check","iteration_difference","main_scaling","two_run_difference",1000,4,6.7673684210526,6.80000000000004,0.167625313165977,0.200500000000005,6.88327631578945,0.115907894736848,0.0845921052631576,0.200000000000045,6.92050000000001,0.114131578947416,0.0850000000000005,0,FALSE,FALSE,4.72857365064553,378.285892051643,0,"2673;2675;2677;2679",669,10000,"N = 10,000",10,"10","64",80,32,6.7673684210526,0.167625313165977,4.72857365064553,"Stan model (NicoStan) + tape chunking + WCP","Stan model (NicoStan) + tape chunking + WCP",FALSE,0.72686265360091
"HPC","AD_Stan_WCP","NicoStan_BridgeStan",10000,25,64,32,2,80,"b97502ef4c1796520d0acd01a82ea24d","NicoStan_BridgeStan_state_allocation_thread_setup_sampling_model_load_divergence_check","iteration_difference","main_scaling","two_run_difference",400,4,5.37263157894729,5.38105263157903,0.0769501763473703,0.183750000000003,5.48922368421046,0.116592105263162,0.0671578947368412,0.183500000000038,5.49778947368426,0.116447368421093,0.0672631578947379,0,FALSE,FALSE,5.95611285266466,476.489028213173,0,"2765;2767;2769;2771",692,10000,"N = 10,000",25,"25","64",80,32,5.37263157894729,0.0769501763473703,5.95611285266466,"Stan model (NicoStan) + tape chunking + WCP","Stan model (NicoStan) + tape chunking + WCP",FALSE,0.915556426332346
"HPC","AD_Stan_WCP","NicoStan_BridgeStan",10000,50,64,32,2,80,"b97502ef4c1796520d0acd01a82ea24d","NicoStan_BridgeStan_state_allocation_thread_setup_sampling_model_load_divergence_check","iteration_difference","main_scaling","two_run_difference",200,4,4.91894736842129,4.89894736842105,0.0838148599470143,0.186249999999916,5.04371052631594,0.12476315789465,0.0614868421052662,0.184499999999957,5.02571052631566,0.122763157894688,0.0612368421052631,0,FALSE,FALSE,6.50545687994832,520.436550395866,0,"2865;2867;2869;2871",717,10000,"N = 10,000",50,"50","64",80,32,4.91894736842129,0.0838148599470143,6.50545687994832,"Stan model (NicoStan) + tape chunking + WCP","Stan model (NicoStan) + tape chunking + WCP",TRUE,1
"HPC","AD_Stan_WCP","NicoStan_BridgeStan",10000,100,64,32,2,80,"b97502ef4c1796520d0acd01a82ea24d","NicoStan_BridgeStan_state_allocation_thread_setup_sampling_model_load_divergence_check","iteration_difference","main_scaling","two_run_difference",100,4,4.96315789473747,4.94947368421124,0.0288403124047071,0.182749999999942,5.0838684210532,0.120710526315723,0.0620394736842184,0.182999999999993,5.07360526315852,0.121131578947358,0.0618684210526405,0,FALSE,FALSE,6.44750795333958,515.800636267167,0,"2965;2967;2969;2971",742,10000,"N = 10,000",100,"100","64",80,32,4.96315789473747,0.0288403124047071,6.44750795333958,"Stan model (NicoStan) + tape chunking + WCP","Stan model (NicoStan) + tape chunking + WCP",FALSE,0.991092258748597
"HPC","AD_Stan_WCP","NicoStan_BridgeStan",10000,250,64,32,2,80,"b97502ef4c1796520d0acd01a82ea24d","NicoStan_BridgeStan_state_allocation_thread_setup_sampling_model_load_divergence_check","iteration_difference","main_scaling","two_run_difference",40,4,5.20210526315766,5.20210526315742,0.0121547425092438,0.181750000000022,5.31882894736821,0.116723684210551,0.0650263157894708,0.182000000000016,5.31907894736797,0.116842105263177,0.0650263157894678,0,FALSE,FALSE,6.15135572642682,492.108458114146,0,"3065;3067;3069;3071",767,10000,"N = 10,000",250,"250","64",80,32,5.20210526315766,0.0121547425092438,6.15135572642682,"Stan model (NicoStan) + tape chunking + WCP","Stan model (NicoStan) + tape chunking + WCP",FALSE,0.945568595710327
"HPC","AD_Stan_WCP","NicoStan_BridgeStan",10000,500,64,32,2,80,"b97502ef4c1796520d0acd01a82ea24d","NicoStan_BridgeStan_state_allocation_thread_setup_sampling_model_load_divergence_check","iteration_difference","main_scaling","two_run_difference",20,4,5.72526315789506,5.69473684210607,0.0901337879100879,0.187749999999937,5.84144736842131,0.116184210526249,0.0715657894736882,0.1875,5.81155263157962,0.116131578947381,0.0711842105263258,0,FALSE,FALSE,5.58926273211956,447.141018569565,0,"3165;3167;3169;3171",792,10000,"N = 10,000",500,"500","64",80,32,5.72526315789506,0.0901337879100879,5.58926273211956,"Stan model (NicoStan) + tape chunking + WCP","Stan model (NicoStan) + tape chunking + WCP",FALSE,0.85916528773671
"HPC","AD_Stan_WCP","NicoStan_BridgeStan",10000,1000,64,32,2,80,"b97502ef4c1796520d0acd01a82ea24d","NicoStan_BridgeStan_state_allocation_thread_setup_sampling_model_load_divergence_check","iteration_difference","main_scaling","two_run_difference",10,4,6.9136842105263,6.93052631578978,0.146986975007225,0.204000000000008,7.03126315789473,0.117578947368429,0.0864210526315787,0.206000000000017,7.04339473684235,0.118657894736848,0.0866315789473722,0,FALSE,FALSE,4.62850182704021,370.280146163217,0,"3265;3267;3269;3271",817,10000,"N = 10,000",1000,"1000","64",80,32,6.9136842105263,0.146986975007225,4.62850182704021,"Stan model (NicoStan) + tape chunking + WCP","Stan model (NicoStan) + tape chunking + WCP",FALSE,0.711479902557893
"HPC","AD_Stan_WCP","NicoStan_BridgeStan",10000,4,128,32,4,80,"b97502ef4c1796520d0acd01a82ea24d","NicoStan_BridgeStan_state_allocation_thread_setup_sampling_model_load_divergence_check","iteration_difference","main_scaling","two_run_difference",2500,4,10.0888888888891,10.1155555555559,0.186313599078953,0.266249999999957,10.2290277777779,0.140138888888844,0.126111111111113,0.26849999999996,10.2526111111114,0.14322222222217,0.126444444444448,0,FALSE,FALSE,3.17180616740083,253.744493392066,0,"2606;2608;2610;2612",653,10000,"N = 10,000",4,"4","128",80,32,10.0888888888891,0.186313599078953,3.17180616740083,"Stan model (NicoStan) + tape chunking + WCP","Stan model (NicoStan) + tape chunking + WCP",FALSE,0.421620681660108
"HPC","AD_Stan_WCP","NicoStan_BridgeStan",10000,10,128,32,4,80,"b97502ef4c1796520d0acd01a82ea24d","NicoStan_BridgeStan_state_allocation_thread_setup_sampling_model_load_divergence_check","iteration_difference","main_scaling","two_run_difference",1000,4,8.12842105263156,8.09263157894748,0.11300642657332,0.215749999999986,8.24256578947365,0.114144736842091,0.101605263157894,0.21550000000002,8.2089736842106,0.114526315789437,0.101157894736843,0,FALSE,FALSE,3.93680393680395,314.944314944316,0,"2674;2676;2678;2680",670,10000,"N = 10,000",10,"10","128",80,32,8.12842105263156,0.11300642657332,3.93680393680395,"Stan model (NicoStan) + tape chunking + WCP","Stan model (NicoStan) + tape chunking + WCP",FALSE,0.523310023310046
"HPC","AD_Stan_WCP","NicoStan_BridgeStan",10000,25,128,32,4,80,"b97502ef4c1796520d0acd01a82ea24d","NicoStan_BridgeStan_state_allocation_thread_setup_sampling_model_load_divergence_check","iteration_difference","main_scaling","two_run_difference",400,4,5.85263157894719,5.86947368421031,0.0704555811818671,0.197000000000003,5.97647368421035,0.123842105263163,0.0731578947368399,0.197000000000003,5.99660526315771,0.123605263157913,0.0733684210526289,0,FALSE,FALSE,5.46762589928074,437.410071942459,0,"2766;2768;2770;2772",693,10000,"N = 10,000",25,"25","128",80,32,5.85263157894719,0.0704555811818671,5.46762589928074,"Stan model (NicoStan) + tape chunking + WCP","Stan model (NicoStan) + tape chunking + WCP",FALSE,0.726798561151131
"HPC","AD_Stan_WCP","NicoStan_BridgeStan",10000,50,128,32,4,80,"b97502ef4c1796520d0acd01a82ea24d","NicoStan_BridgeStan_state_allocation_thread_setup_sampling_model_load_divergence_check","iteration_difference","main_scaling","two_run_difference",200,4,4.42736842105277,4.40842105263169,0.121328442464971,0.191000000000031,4.56302631578964,0.135657894736871,0.0553421052631596,0.191000000000031,4.54381578947383,0.135394736842147,0.0551052631578961,0,FALSE,FALSE,7.22776985259131,578.221588207305,0,"2866;2868;2870;2872",718,10000,"N = 10,000",50,"50","128",80,32,4.42736842105277,0.121328442464971,7.22776985259131,"Stan model (NicoStan) + tape chunking + WCP","Stan model (NicoStan) + tape chunking + WCP",FALSE,0.96077032810272
"HPC","AD_Stan_WCP","NicoStan_BridgeStan",10000,100,128,32,4,80,"b97502ef4c1796520d0acd01a82ea24d","NicoStan_BridgeStan_state_allocation_thread_setup_sampling_model_load_divergence_check","iteration_difference","main_scaling","two_run_difference",100,4,4.25368421052649,4.25052631578996,0.0693885709359878,0.194749999999999,4.39526315789491,0.141578947368418,0.0531710526315811,0.194000000000074,4.39289473684251,0.140789473684286,0.0531315789473745,0,FALSE,FALSE,7.52289037366957,601.831229893566,0,"2966;2968;2970;2972",743,10000,"N = 10,000",100,"100","128",80,32,4.25368421052649,0.0693885709359878,7.52289037366957,"Stan model (NicoStan) + tape chunking + WCP","Stan model (NicoStan) + tape chunking + WCP",TRUE,1
"HPC","AD_Stan_WCP","NicoStan_BridgeStan",10000,250,128,32,4,80,"b97502ef4c1796520d0acd01a82ea24d","NicoStan_BridgeStan_state_allocation_thread_setup_sampling_model_load_divergence_check","iteration_difference","main_scaling","two_run_difference",40,4,4.53789473684202,4.53263157894693,0.144283500553058,0.189000000000021,4.67017105263152,0.132276315789496,0.0567236842105253,0.18850000000009,4.66447368421019,0.131842105263253,0.0566578947368366,0,FALSE,FALSE,7.05172813732325,564.13825098586,0,"3066;3068;3070;3072",768,10000,"N = 10,000",250,"250","128",80,32,4.53789473684202,0.144283500553058,7.05172813732325,"Stan model (NicoStan) + tape chunking + WCP","Stan model (NicoStan) + tape chunking + WCP",FALSE,0.937369519833041
"HPC","AD_Stan_WCP","NicoStan_BridgeStan",10000,500,128,32,4,80,"b97502ef4c1796520d0acd01a82ea24d","NicoStan_BridgeStan_state_allocation_thread_setup_sampling_model_load_divergence_check","iteration_difference","main_scaling","two_run_difference",20,4,4.78421052631539,4.78736842105239,0.0470594209945884,0.193500000000029,4.91790789473647,0.133697368421086,0.0598026315789423,0.194499999999948,4.91902631578926,0.134394736842057,0.0598421052631549,0,FALSE,FALSE,6.68866886688725,535.09350935098,0,"3166;3168;3170;3172",793,10000,"N = 10,000",500,"500","128",80,32,4.78421052631539,0.0470594209945884,6.68866886688725,"Stan model (NicoStan) + tape chunking + WCP","Stan model (NicoStan) + tape chunking + WCP",FALSE,0.889108910891201
"HPC","AD_Stan_WCP","NicoStan_BridgeStan",10000,1000,128,32,4,80,"b97502ef4c1796520d0acd01a82ea24d","NicoStan_BridgeStan_state_allocation_thread_setup_sampling_model_load_divergence_check","iteration_difference","main_scaling","two_run_difference",10,4,5.56526315789453,5.55157894736782,0.0584818712986395,0.194499999999948,5.6901973684208,0.124934210526266,0.0695657894736817,0.194999999999936,5.67618421052569,0.125263157894671,0.0693947368420978,0,FALSE,FALSE,5.74995271420486,459.996217136389,0,"3266;3268;3270;3272",818,10000,"N = 10,000",1000,"1000","128",80,32,5.56526315789453,0.0584818712986395,5.74995271420486,"Stan model (NicoStan) + tape chunking + WCP","Stan model (NicoStan) + tape chunking + WCP",FALSE,0.764327595990224
"HPC","AD_Stan_WCP","NicoStan_BridgeStan",10000,4,180,45,4,80,"b97502ef4c1796520d0acd01a82ea24d","NicoStan_BridgeStan_state_allocation_thread_setup_sampling_model_load_divergence_check","iteration_difference","main_scaling","two_run_difference",2500,4,14.5111111111108,14.5066666666667,0.207640081130675,0.353000000000009,14.6827222222219,0.171611111111124,0.181388888888885,0.352499999999964,14.6738333333334,0.173333333333296,0.181333333333334,0,FALSE,FALSE,3.10107197549777,248.085758039822,0,"2613;2614;2615;2616",654,10000,"N = 10,000",4,"4","180",80,45,14.5111111111108,0.207640081130675,3.10107197549777,"Stan model (NicoStan) + tape chunking + WCP","Stan model (NicoStan) + tape chunking + WCP",FALSE,0.381413718062395
"HPC","AD_Stan_WCP","NicoStan_BridgeStan",10000,10,180,45,4,80,"b97502ef4c1796520d0acd01a82ea24d","NicoStan_BridgeStan_state_allocation_thread_setup_sampling_model_load_divergence_check","iteration_difference","main_scaling","two_run_difference",1000,4,12.9042105263159,12.8357894736846,0.184923931854175,0.304249999999968,13.0471578947369,0.142947368421019,0.161302631578949,0.302999999999997,12.9808421052635,0.1422631578947,0.160447368421058,0,FALSE,FALSE,3.48723386899417,278.978709519534,0,"2681;2682;2683;2684",671,10000,"N = 10,000",10,"10","180",80,45,12.9042105263159,0.184923931854175,3.48723386899417,"Stan model (NicoStan) + tape chunking + WCP","Stan model (NicoStan) + tape chunking + WCP",FALSE,0.428909372705766
"HPC","AD_Stan_WCP","NicoStan_BridgeStan",10000,25,180,45,4,80,"b97502ef4c1796520d0acd01a82ea24d","NicoStan_BridgeStan_state_allocation_thread_setup_sampling_model_load_divergence_check","iteration_difference","main_scaling","two_run_difference",400,4,10.0768421052634,10.0084210526319,0.210396451174369,0.268499999999989,10.2193815789476,0.142539473684197,0.125960526315792,0.26849999999996,10.1518157894739,0.142657894736837,0.125105263157898,0,FALSE,FALSE,4.46568473832645,357.254779066116,0,"2773;2774;2775;2776",694,10000,"N = 10,000",25,"25","180",80,45,10.0768421052634,0.210396451174369,4.46568473832645,"Stan model (NicoStan) + tape chunking + WCP","Stan model (NicoStan) + tape chunking + WCP",FALSE,0.549253107698728
"HPC","AD_Stan_WCP","NicoStan_BridgeStan",10000,50,180,45,4,80,"b97502ef4c1796520d0acd01a82ea24d","NicoStan_BridgeStan_state_allocation_thread_setup_sampling_model_load_divergence_check","iteration_difference","main_scaling","two_run_difference",200,4,6.59894736842106,6.56421052631566,0.200737329689786,0.237750000000062,6.75421052631586,0.155263157894799,0.0824868421052632,0.23700000000008,6.71615789473675,0.153263157894816,0.0820526315789457,0,FALSE,FALSE,6.81926942096027,545.541553676822,0,"2873;2874;2875;2876",719,10000,"N = 10,000",50,"50","180",80,45,6.59894736842106,0.200737329689786,6.81926942096027,"Stan model (NicoStan) + tape chunking + WCP","Stan model (NicoStan) + tape chunking + WCP",FALSE,0.838730260009576
"HPC","AD_Stan_WCP","NicoStan_BridgeStan",10000,100,180,45,4,80,"b97502ef4c1796520d0acd01a82ea24d","NicoStan_BridgeStan_state_allocation_thread_setup_sampling_model_load_divergence_check","iteration_difference","main_scaling","two_run_difference",100,4,5.5347368421053,5.38315789473688,0.324593075742605,0.238000000000056,5.70355263157904,0.16881578947374,0.0691842105263163,0.236500000000092,5.5498684210527,0.169368421052725,0.067289473684211,0,FALSE,FALSE,8.13046785850127,650.437428680102,0,"2973;2974;2975;2976",744,10000,"N = 10,000",100,"100","180",80,45,5.5347368421053,0.324593075742605,8.13046785850127,"Stan model (NicoStan) + tape chunking + WCP","Stan model (NicoStan) + tape chunking + WCP",TRUE,1
"HPC","AD_Stan_WCP","NicoStan_BridgeStan",10000,250,180,45,4,80,"b97502ef4c1796520d0acd01a82ea24d","NicoStan_BridgeStan_state_allocation_thread_setup_sampling_model_load_divergence_check","iteration_difference","main_scaling","two_run_difference",40,4,5.70526315789481,5.64631578947372,0.163651770915389,0.244500000000016,5.87844736842114,0.173184210526331,0.0713157894736852,0.246499999999969,5.81823684210536,0.17444736842102,0.0705789473684215,0,FALSE,FALSE,7.88745387453864,630.996309963091,0,"3073;3074;3075;3076",769,10000,"N = 10,000",250,"250","180",80,45,5.70526315789481,0.163651770915389,7.88745387453864,"Stan model (NicoStan) + tape chunking + WCP","Stan model (NicoStan) + tape chunking + WCP",FALSE,0.970110701107005
"HPC","AD_Stan_WCP","NicoStan_BridgeStan",10000,500,180,45,4,80,"b97502ef4c1796520d0acd01a82ea24d","NicoStan_BridgeStan_state_allocation_thread_setup_sampling_model_load_divergence_check","iteration_difference","main_scaling","two_run_difference",20,4,6.20842105263172,6.1536842105268,0.168859079515872,0.249749999999949,6.38056578947378,0.172144736842053,0.0776052631578966,0.249000000000024,6.32726315789509,0.170710526315816,0.076921052631585,0,FALSE,FALSE,7.24821973550339,579.857578840271,0,"3173;3174;3175;3176",794,10000,"N = 10,000",500,"500","180",80,45,6.20842105263172,0.168859079515872,7.24821973550339,"Stan model (NicoStan) + tape chunking + WCP","Stan model (NicoStan) + tape chunking + WCP",FALSE,0.891488640217008
"HPC","AD_Stan_WCP","NicoStan_BridgeStan",10000,1000,180,45,4,80,"b97502ef4c1796520d0acd01a82ea24d","NicoStan_BridgeStan_state_allocation_thread_setup_sampling_model_load_divergence_check","iteration_difference","main_scaling","two_run_difference",10,4,7.23157894736879,7.18105263157955,0.221696639160902,0.248499999999922,7.3896842105266,0.158105263157812,0.0903947368421098,0.248499999999922,7.33028947368472,0.15989473684207,0.0897631578947444,0,FALSE,FALSE,6.22270742358047,497.816593886438,0,"3273;3274;3275;3276",819,10000,"N = 10,000",1000,"1000","180",80,45,7.23157894736879,0.221696639160902,6.22270742358047,"Stan model (NicoStan) + tape chunking + WCP","Stan model (NicoStan) + tape chunking + WCP",FALSE,0.765356622998511
"HPC","AD_Stan_WCP","NicoStan_BridgeStan",10000,2,96,48,2,80,"b97502ef4c1796520d0acd01a82ea24d","NicoStan_BridgeStan_state_allocation_thread_setup_sampling_model_load_divergence_check","iteration_difference","main_scaling","two_run_difference",5000,4,16.4666666666666,16.6577777777777,0.600444279957369,0.435750000000002,16.6965833333333,0.22991666666667,0.205833333333332,0.4375,16.8740555555555,0.226777777777777,0.208222222222222,0,FALSE,FALSE,2.91497975708503,233.198380566803,0,"4225;4226;4227;4228",1057,10000,"N = 10,000",2,"2","96",80,48,16.4666666666666,0.600444279957369,2.91497975708503,"Stan model (NicoStan) + tape chunking + WCP","Stan model (NicoStan) + tape chunking + WCP",FALSE,0.373002343916475
"HPC","AD_Stan_WCP","NicoStan_BridgeStan",10000,4,96,48,2,80,"b97502ef4c1796520d0acd01a82ea24d","NicoStan_BridgeStan_state_allocation_thread_setup_sampling_model_load_divergence_check","iteration_difference","main_scaling","two_run_difference",2500,4,14.8610526315789,14.6694736842104,0.426096109741381,0.356999999999999,15.0322894736841,0.171236842105263,0.185763157894736,0.355999999999995,14.8406052631578,0.171342105263184,0.183368421052631,0,FALSE,FALSE,3.22991925201871,258.393540161497,0,"2617;2618;2619;2620",655,10000,"N = 10,000",4,"4","96",80,48,14.8610526315789,0.426096109741381,3.22991925201871,"Stan model (NicoStan) + tape chunking + WCP","Stan model (NicoStan) + tape chunking + WCP",FALSE,0.413302167445818
"HPC","AD_Stan_WCP","NicoStan_BridgeStan",10000,10,96,48,2,80,"b97502ef4c1796520d0acd01a82ea24d","NicoStan_BridgeStan_state_allocation_thread_setup_sampling_model_load_divergence_check","iteration_difference","main_scaling","two_run_difference",1000,4,10.6515789473683,10.6842105263156,0.208732710454228,0.284500000000008,10.8029342105262,0.151355263157904,0.133144736842104,0.284500000000037,10.8321578947368,0.150105263157947,0.133552631578946,0,FALSE,FALSE,4.50637414764309,360.509931811447,0,"2685;2686;2687;2688",672,10000,"N = 10,000",10,"10","96",80,48,10.6515789473683,0.208732710454228,4.50637414764309,"Stan model (NicoStan) + tape chunking + WCP","Stan model (NicoStan) + tape chunking + WCP",FALSE,0.57663800770828
"HPC","AD_Stan_WCP","NicoStan_BridgeStan",10000,25,96,48,2,80,"b97502ef4c1796520d0acd01a82ea24d","NicoStan_BridgeStan_state_allocation_thread_setup_sampling_model_load_divergence_check","iteration_difference","main_scaling","two_run_difference",400,4,7.7884210526317,7.78526315789517,0.240169223196922,0.24724999999998,7.93831578947378,0.149894736842084,0.0973552631578962,0.245000000000005,7.93294736842143,0.149289473684214,0.0973157894736896,0,FALSE,FALSE,6.16299499932414,493.039599945931,0,"2777;2778;2779;2780",695,10000,"N = 10,000",25,"25","96",80,48,7.7884210526317,0.240169223196922,6.16299499932414,"Stan model (NicoStan) + tape chunking + WCP","Stan model (NicoStan) + tape chunking + WCP",FALSE,0.7886200837951
"HPC","AD_Stan_WCP","NicoStan_BridgeStan",10000,50,96,48,2,80,"b97502ef4c1796520d0acd01a82ea24d","NicoStan_BridgeStan_state_allocation_thread_setup_sampling_model_load_divergence_check","iteration_difference","main_scaling","two_run_difference",200,4,6.14210526315793,6.13052631578955,0.0618221319000363,0.228749999999991,6.29407894736845,0.151973684210517,0.0767763157894742,0.227999999999838,6.28389473684219,0.15099999999996,0.0766315789473693,0,FALSE,FALSE,7.81491002570689,625.192802056551,0,"2877;2878;2879;2880",720,10000,"N = 10,000",50,"50","96",80,48,6.14210526315793,0.0618221319000363,7.81491002570689,"Stan model (NicoStan) + tape chunking + WCP","Stan model (NicoStan) + tape chunking + WCP",TRUE,1
"HPC","AD_Stan_WCP","NicoStan_BridgeStan",10000,100,96,48,2,80,"b97502ef4c1796520d0acd01a82ea24d","NicoStan_BridgeStan_state_allocation_thread_setup_sampling_model_load_divergence_check","iteration_difference","main_scaling","two_run_difference",100,4,6.29157894736828,6.27368421052635,0.104918734766197,0.228250000000003,6.44118421052617,0.149605263157899,0.0786447368421034,0.22849999999994,6.42376315789471,0.149710526315714,0.0784210526315794,0,FALSE,FALSE,7.62924544085679,610.339635268543,0,"2977;2978;2979;2980",745,10000,"N = 10,000",100,"100","96",80,48,6.29157894736828,0.104918734766197,7.62924544085679,"Stan model (NicoStan) + tape chunking + WCP","Stan model (NicoStan) + tape chunking + WCP",FALSE,0.976242262004378
"HPC","AD_Stan_WCP","NicoStan_BridgeStan",10000,250,96,48,2,80,"b97502ef4c1796520d0acd01a82ea24d","NicoStan_BridgeStan_state_allocation_thread_setup_sampling_model_load_divergence_check","iteration_difference","main_scaling","two_run_difference",40,4,6.5810526315789,6.57894736842105,0.0655004176257527,0.231250000000045,6.73003947368421,0.148986842105309,0.0822631578947362,0.230999999999995,6.7317105263158,0.14892105263157,0.0822368421052632,0,FALSE,FALSE,7.29366602687146,583.493282149716,0,"3077;3078;3079;3080",770,10000,"N = 10,000",250,"250","96",80,48,6.5810526315789,0.0655004176257527,7.29366602687146,"Stan model (NicoStan) + tape chunking + WCP","Stan model (NicoStan) + tape chunking + WCP",FALSE,0.93330134357007
"HPC","AD_Stan_WCP","NicoStan_BridgeStan",10000,500,96,48,2,80,"b97502ef4c1796520d0acd01a82ea24d","NicoStan_BridgeStan_state_allocation_thread_setup_sampling_model_load_divergence_check","iteration_difference","main_scaling","two_run_difference",20,4,7.31157894736857,7.31578947368402,0.0517398135895616,0.240749999999991,7.46093421052645,0.149355263157884,0.0913947368421071,0.240499999999997,7.46534210526295,0.149157894736833,0.0914473684210502,0,FALSE,FALSE,6.56492945580177,525.194356464141,0,"3177;3178;3179;3180",795,10000,"N = 10,000",500,"500","96",80,48,7.31157894736857,0.0517398135895616,6.56492945580177,"Stan model (NicoStan) + tape chunking + WCP","Stan model (NicoStan) + tape chunking + WCP",FALSE,0.840051828390429
"HPC","AD_Stan_WCP","NicoStan_BridgeStan",10000,1000,96,48,2,80,"b97502ef4c1796520d0acd01a82ea24d","NicoStan_BridgeStan_state_allocation_thread_setup_sampling_model_load_divergence_check","iteration_difference","main_scaling","two_run_difference",10,4,8.5389473684209,8.50736842105203,0.096199239232414,0.257249999999942,8.68946052631558,0.150513157894681,0.106736842105261,0.257999999999925,8.65652631578886,0.151868421052529,0.10634210526315,0,FALSE,FALSE,5.62130177514803,449.704142011842,0,"3277;3278;3279;3280",820,10000,"N = 10,000",1000,"1000","96",80,48,8.5389473684209,0.096199239232414,5.62130177514803,"Stan model (NicoStan) + tape chunking + WCP","Stan model (NicoStan) + tape chunking + WCP",FALSE,0.719304733727828
"HPC","AD_Stan_WCP","NicoStan_BridgeStan",10000,2,128,64,2,80,"b97502ef4c1796520d0acd01a82ea24d","NicoStan_BridgeStan_state_allocation_thread_setup_sampling_model_load_divergence_check","iteration_difference","main_scaling","two_run_difference",5000,4,21.5888888888888,21.5777777777777,0.629392547957099,0.559750000000008,21.8787777777777,0.289888888888898,0.26986111111111,0.548500000000004,21.8565555555555,0.284222222222237,0.269722222222222,0,FALSE,FALSE,2.96448790530109,237.159032424087,0,"4229;4230;4231;4232",1058,10000,"N = 10,000",2,"2","128",80,64,21.5888888888888,0.629392547957099,2.96448790530109,"Stan model (NicoStan) + tape chunking + WCP","Stan model (NicoStan) + tape chunking + WCP",FALSE,0.362662188151795
"HPC","AD_Stan_WCP","NicoStan_BridgeStan",10000,4,128,64,2,80,"b97502ef4c1796520d0acd01a82ea24d","NicoStan_BridgeStan_state_allocation_thread_setup_sampling_model_load_divergence_check","iteration_difference","main_scaling","two_run_difference",2500,4,19.5115789473684,19.4168421052631,0.228948376686761,0.464749999999981,19.7324342105262,0.220855263157876,0.243894736842105,0.463999999999999,19.6341315789473,0.221657894736842,0.242710526315788,0,FALSE,FALSE,3.2801035822184,262.408286577472,0,"2621;2622;2623;2624",656,10000,"N = 10,000",4,"4","128",80,64,19.5115789473684,0.228948376686761,3.2801035822184,"Stan model (NicoStan) + tape chunking + WCP","Stan model (NicoStan) + tape chunking + WCP",FALSE,0.401273198100987
"HPC","AD_Stan_WCP","NicoStan_BridgeStan",10000,10,128,64,2,80,"b97502ef4c1796520d0acd01a82ea24d","NicoStan_BridgeStan_state_allocation_thread_setup_sampling_model_load_divergence_check","iteration_difference","main_scaling","two_run_difference",1000,4,15.854736842105,15.6378947368419,0.560917333345401,0.369250000000022,16.0258026315787,0.171065789473709,0.198184210526313,0.368999999999971,15.8089210526314,0.171026315789507,0.195473684210523,0,FALSE,FALSE,4.03664851945299,322.931881556239,0,"2689;2690;2691;2692",673,10000,"N = 10,000",10,"10","128",80,64,15.854736842105,0.560917333345401,4.03664851945299,"Stan model (NicoStan) + tape chunking + WCP","Stan model (NicoStan) + tape chunking + WCP",FALSE,0.493825521179125
"HPC","AD_Stan_WCP","NicoStan_BridgeStan",10000,25,128,64,2,80,"b97502ef4c1796520d0acd01a82ea24d","NicoStan_BridgeStan_state_allocation_thread_setup_sampling_model_load_divergence_check","iteration_difference","main_scaling","two_run_difference",400,4,10.9473684210524,10.8315789473681,0.289047852658354,0.309000000000054,11.1195263157893,0.1721578947369,0.136842105263155,0.309000000000083,11.0041842105261,0.172605263157948,0.135394736842102,0,FALSE,FALSE,5.84615384615399,467.692307692319,0,"2781;2782;2783;2784",696,10000,"N = 10,000",25,"25","128",80,64,10.9473684210524,0.289047852658354,5.84615384615399,"Stan model (NicoStan) + tape chunking + WCP","Stan model (NicoStan) + tape chunking + WCP",FALSE,0.715192307692313
"HPC","AD_Stan_WCP","NicoStan_BridgeStan",10000,50,128,64,2,80,"b97502ef4c1796520d0acd01a82ea24d","NicoStan_BridgeStan_state_allocation_thread_setup_sampling_model_load_divergence_check","iteration_difference","main_scaling","two_run_difference",200,4,8.23157894736859,8.09894736842101,0.490003486146326,0.281000000000006,8.40968421052649,0.178105263157898,0.102894736842107,0.280999999999949,8.27871052631581,0.178973684210507,0.101236842105263,0,FALSE,FALSE,7.77493606138091,621.994884910473,0,"2881;2882;2883;2884",721,10000,"N = 10,000",50,"50","128",80,64,8.23157894736859,0.490003486146326,7.77493606138091,"Stan model (NicoStan) + tape chunking + WCP","Stan model (NicoStan) + tape chunking + WCP",FALSE,0.951150895140629
"HPC","AD_Stan_WCP","NicoStan_BridgeStan",10000,100,128,64,2,80,"b97502ef4c1796520d0acd01a82ea24d","NicoStan_BridgeStan_state_allocation_thread_setup_sampling_model_load_divergence_check","iteration_difference","main_scaling","two_run_difference",100,4,7.82947368421039,7.75368421052582,0.206973530855103,0.27800000000002,8.00960526315778,0.18013157894739,0.0978684210526299,0.27800000000002,7.93476315789427,0.180631578947411,0.0969210526315728,0,FALSE,FALSE,8.174240387201,653.93923097608,0,"2981;2982;2983;2984",746,10000,"N = 10,000",100,"100","128",80,64,7.82947368421039,0.206973530855103,8.174240387201,"Stan model (NicoStan) + tape chunking + WCP","Stan model (NicoStan) + tape chunking + WCP",TRUE,1
"HPC","AD_Stan_WCP","NicoStan_BridgeStan",10000,250,128,64,2,80,"b97502ef4c1796520d0acd01a82ea24d","NicoStan_BridgeStan_state_allocation_thread_setup_sampling_model_load_divergence_check","iteration_difference","main_scaling","two_run_difference",40,4,8.23578947368428,8.06315789473717,0.414774243570946,0.279500000000041,8.41234210526327,0.176552631578988,0.102947368421054,0.279999999999973,8.23986842105299,0.176710526315817,0.100789473684215,0,FALSE,FALSE,7.7709611451942,621.676891615536,0,"3081;3082;3083;3084",771,10000,"N = 10,000",250,"250","128",80,64,8.23578947368428,0.414774243570946,7.7709611451942,"Stan model (NicoStan) + tape chunking + WCP","Stan model (NicoStan) + tape chunking + WCP",FALSE,0.950664621676867
"HPC","AD_Stan_WCP","NicoStan_BridgeStan",10000,500,128,64,2,80,"b97502ef4c1796520d0acd01a82ea24d","NicoStan_BridgeStan_state_allocation_thread_setup_sampling_model_load_divergence_check","iteration_difference","main_scaling","two_run_difference",20,4,8.99578947368426,8.98736842105264,0.205655944474758,0.290500000000009,9.17384210526322,0.178052631578955,0.112447368421053,0.29099999999994,9.16452631578946,0.177157894736817,0.112342105263158,0,FALSE,FALSE,7.11443950386141,569.155160308913,0,"3181;3182;3183;3184",796,10000,"N = 10,000",500,"500","128",80,64,8.99578947368426,0.205655944474758,7.11443950386141,"Stan model (NicoStan) + tape chunking + WCP","Stan model (NicoStan) + tape chunking + WCP",FALSE,0.870348701146716
"HPC","AD_Stan_WCP","NicoStan_BridgeStan",10000,1000,128,64,2,80,"b97502ef4c1796520d0acd01a82ea24d","NicoStan_BridgeStan_state_allocation_thread_setup_sampling_model_load_divergence_check","iteration_difference","main_scaling","two_run_difference",10,4,10.638947368421,10.4568421052634,0.432782233554864,0.313250000000039,10.8192105263158,0.180263157894776,0.132986842105263,0.312000000000126,10.6376315789476,0.180342105263207,0.130710526315792,0,FALSE,FALSE,6.01563272979125,481.2506183833,0,"3281;3282;3283;3284",821,10000,"N = 10,000",1000,"1000","128",80,64,10.638947368421,0.432782233554864,6.01563272979125,"Stan model (NicoStan) + tape chunking + WCP","Stan model (NicoStan) + tape chunking + WCP",FALSE,0.73592559612149
"HPC","AD_Stan_WCP","NicoStan_BridgeStan",10000,2,180,90,2,80,"b97502ef4c1796520d0acd01a82ea24d","NicoStan_BridgeStan_state_allocation_thread_setup_sampling_model_load_divergence_check","iteration_difference","main_scaling","two_run_difference",5000,4,30.308888888889,29.9511111111113,1.16308373989505,0.856749999999991,30.7867777777779,0.477888888888878,0.378861111111113,0.856499999999997,30.4332222222224,0.482111111111106,0.374388888888891,0,FALSE,FALSE,2.96942591099053,237.554072879242,0,"4233;4234;4235;4236",1059,10000,"N = 10,000",2,"2","180",80,90,30.308888888889,1.16308373989505,2.96942591099053,"Stan model (NicoStan) + tape chunking + WCP","Stan model (NicoStan) + tape chunking + WCP",FALSE,0.344800706951028
"HPC","AD_Stan_WCP","NicoStan_BridgeStan",10000,4,180,90,2,80,"b97502ef4c1796520d0acd01a82ea24d","NicoStan_BridgeStan_state_allocation_thread_setup_sampling_model_load_divergence_check","iteration_difference","main_scaling","two_run_difference",2500,4,27.9884210526316,27.9031578947369,0.280842946946354,0.680749999999989,28.3193157894737,0.330894736842094,0.349855263157896,0.681499999999971,28.2358684210526,0.33165789473682,0.348789473684211,0,FALSE,FALSE,3.21561548008574,257.249238406859,0,"2625;2626;2627;2628",657,10000,"N = 10,000",4,"4","180",80,90,27.9884210526316,0.280842946946354,3.21561548008574,"Stan model (NicoStan) + tape chunking + WCP","Stan model (NicoStan) + tape chunking + WCP",FALSE,0.373387491067721
"HPC","AD_Stan_WCP","NicoStan_BridgeStan",10000,10,180,90,2,80,"b97502ef4c1796520d0acd01a82ea24d","NicoStan_BridgeStan_state_allocation_thread_setup_sampling_model_load_divergence_check","iteration_difference","main_scaling","two_run_difference",1000,4,25.078947368421,24.8778947368421,0.420720921969166,0.591250000000002,25.3567105263157,0.27776315789474,0.313486842105262,0.591499999999996,25.1569210526316,0.279026315789448,0.310973684210527,0,FALSE,FALSE,3.58866736621197,287.093389296958,0,"2693;2694;2695;2696",674,10000,"N = 10,000",10,"10","180",80,90,25.078947368421,0.420720921969166,3.58866736621197,"Stan model (NicoStan) + tape chunking + WCP","Stan model (NicoStan) + tape chunking + WCP",FALSE,0.416705141657909
"HPC","AD_Stan_WCP","NicoStan_BridgeStan",10000,25,180,90,2,80,"b97502ef4c1796520d0acd01a82ea24d","NicoStan_BridgeStan_state_allocation_thread_setup_sampling_model_load_divergence_check","iteration_difference","main_scaling","two_run_difference",400,4,19.0505263157894,18.9810526315786,0.300288565433487,0.512,19.3243947368421,0.273868421052633,0.238131578947368,0.509999999999991,19.2517894736839,0.274210526315803,0.237263157894733,0,FALSE,FALSE,4.72427892584817,377.942314067854,0,"2785;2786;2787;2788",697,10000,"N = 10,000",25,"25","180",80,90,19.0505263157894,0.300288565433487,4.72427892584817,"Stan model (NicoStan) + tape chunking + WCP","Stan model (NicoStan) + tape chunking + WCP",FALSE,0.548568902641158
"HPC","AD_Stan_WCP","NicoStan_BridgeStan",10000,50,180,90,2,80,"b97502ef4c1796520d0acd01a82ea24d","NicoStan_BridgeStan_state_allocation_thread_setup_sampling_model_load_divergence_check","iteration_difference","main_scaling","two_run_difference",200,4,12.5147368421052,12.3010526315786,0.446069114222506,0.424999999999955,12.7833026315788,0.26856578947364,0.156434210526314,0.425499999999943,12.5747894736839,0.271789473684156,0.153763157894733,0,FALSE,FALSE,7.19152157456479,575.321725965183,0,"2885;2886;2887;2888",722,10000,"N = 10,000",50,"50","180",80,90,12.5147368421052,0.446069114222506,7.19152157456479,"Stan model (NicoStan) + tape chunking + WCP","Stan model (NicoStan) + tape chunking + WCP",FALSE,0.835057616283938
"HPC","AD_Stan_WCP","NicoStan_BridgeStan",10000,100,180,90,2,80,"b97502ef4c1796520d0acd01a82ea24d","NicoStan_BridgeStan_state_allocation_thread_setup_sampling_model_load_divergence_check","iteration_difference","main_scaling","two_run_difference",100,4,10.4505263157891,10.3326315789467,0.402129144142712,0.400250000000028,10.7201447368418,0.269618421052664,0.130631578947364,0.409000000000106,10.5924736842099,0.279394736842152,0.129157894736834,0,FALSE,FALSE,8.61200644641448,688.960515713158,0,"2985;2986;2987;2988",747,10000,"N = 10,000",100,"100","180",80,90,10.4505263157891,0.402129144142712,8.61200644641448,"Stan model (NicoStan) + tape chunking + WCP","Stan model (NicoStan) + tape chunking + WCP",TRUE,1
"HPC","AD_Stan_WCP","NicoStan_BridgeStan",10000,250,180,90,2,80,"b97502ef4c1796520d0acd01a82ea24d","NicoStan_BridgeStan_state_allocation_thread_setup_sampling_model_load_divergence_check","iteration_difference","main_scaling","two_run_difference",40,4,10.8494736842105,10.6589473684208,0.408448181411009,0.417249999999967,11.1311052631579,0.281631578947335,0.135618421052632,0.415499999999952,10.9402105263155,0.281368421052596,0.13323684210526,0,FALSE,FALSE,8.29533326865236,663.626661492189,0,"3085;3086;3087;3088",772,10000,"N = 10,000",250,"250","180",80,90,10.8494736842105,0.408448181411009,8.29533326865236,"Stan model (NicoStan) + tape chunking + WCP","Stan model (NicoStan) + tape chunking + WCP",FALSE,0.963228873581026
"HPC","AD_Stan_WCP","NicoStan_BridgeStan",10000,500,180,90,2,80,"b97502ef4c1796520d0acd01a82ea24d","NicoStan_BridgeStan_state_allocation_thread_setup_sampling_model_load_divergence_check","iteration_difference","main_scaling","two_run_difference",20,4,11.8452631578949,11.7389473684211,0.343794480039967,0.4255,12.1226973684212,0.277434210526313,0.148065789473686,0.425499999999943,12.0217105263159,0.275342105263097,0.146736842105264,0,FALSE,FALSE,7.59797387363359,607.837909890687,0,"3185;3186;3187;3188",797,10000,"N = 10,000",500,"500","180",80,90,11.8452631578949,0.343794480039967,7.59797387363359,"Stan model (NicoStan) + tape chunking + WCP","Stan model (NicoStan) + tape chunking + WCP",FALSE,0.882253621256511
"HPC","AD_Stan_WCP","NicoStan_BridgeStan",10000,1000,180,90,2,80,"b97502ef4c1796520d0acd01a82ea24d","NicoStan_BridgeStan_state_allocation_thread_setup_sampling_model_load_divergence_check","iteration_difference","main_scaling","two_run_difference",10,4,13.814736842105,13.6231578947364,0.401702747006991,0.446250000000077,14.0883026315788,0.273565789473764,0.172684210526313,0.44600000000014,13.9003684210523,0.275815789473828,0.170289473684205,0,FALSE,FALSE,6.51478207863466,521.182566290773,0,"3285;3286;3287;3288",822,10000,"N = 10,000",1000,"1000","180",80,90,13.814736842105,0.401702747006991,6.51478207863466,"Stan model (NicoStan) + tape chunking + WCP","Stan model (NicoStan) + tape chunking + WCP",FALSE,0.756476683937809
