"device","algorithm","execution_backend","N","num_chunks","n_threads","n_chains","threads_per_chain","n_iter","dataset_md5","timing_scope","timing_estimator","benchmark_role","timing_method","stan_chunk_size","n_repeats","time_mean","time_median","time_sd","time_short_run_mean","time_long_run_mean","fixed_cost_mean","seconds_per_iteration_mean","time_short_run_median","time_long_run_median","fixed_cost_median","seconds_per_iteration_median","n_repeats_two_run_flagged","time_mean_not_positive","time_median_not_positive","chain_rate","total_iter_per_sec","max_divergences","case_ids","configuration_id","N_num","N_label","N_chunks_num","N_chunks","N_threads","N_iter","N_chains","time_avg","time_SD","Efficiency","Algorithm_label","Stan_variant_label","selected_best_chunks","relative_chunk_throughput"
"HPC","AD_Stan_WCP","NicoStan_BridgeStan",50000,2,8,4,2,20,"3f8ed78629bdab9b833b52bd1450ea30","NicoStan_BridgeStan_state_allocation_thread_setup_sampling_model_load_divergence_check","iteration_difference","main_scaling","two_run_difference",25000,4,4.33789473684221,4.31526315789501,0.202833119184864,0.763749999999959,4.88475000000005,0.546855263157849,0.21689473684211,0.739000000000033,4.83250000000021,0.517236842105197,0.215763157894751,0,FALSE,FALSE,0.922106284882289,18.4421256976458,0,"4285;4288;4291;4294",1072,50000,"N = 50,000",2,"2","8",20,4,4.33789473684221,0.202833119184864,0.922106284882289,"Stan model (NicoStan) + tape chunking + WCP","Stan model (NicoStan) + tape chunking + WCP",FALSE,0.857134190730366
"HPC","AD_Stan_WCP","NicoStan_BridgeStan",50000,10,8,4,2,20,"3f8ed78629bdab9b833b52bd1450ea30","NicoStan_BridgeStan_state_allocation_thread_setup_sampling_model_load_divergence_check","iteration_difference","main_scaling","two_run_difference",5000,4,4.00473684210519,3.98263157894725,0.189088302030836,0.588500000000039,4.39299999999997,0.388263157894779,0.20023684210526,0.568500000000029,4.40649999999994,0.375631578947398,0.199131578947363,0,FALSE,FALSE,0.998817190169554,19.9763438033911,0,"3289;3292;3295;3298",823,50000,"N = 50,000",10,"10","8",20,4,4.00473684210519,0.189088302030836,0.998817190169554,"Stan model (NicoStan) + tape chunking + WCP","Stan model (NicoStan) + tape chunking + WCP",FALSE,0.928440005256928
"HPC","AD_Stan_WCP","NicoStan_BridgeStan",50000,25,8,4,2,20,"3f8ed78629bdab9b833b52bd1450ea30","NicoStan_BridgeStan_state_allocation_thread_setup_sampling_model_load_divergence_check","iteration_difference","main_scaling","two_run_difference",2000,4,3.7863157894736,3.79315789473678,0.184917939924742,0.527250000000066,4.12424999999999,0.337934210526386,0.18931578947368,0.526500000000055,4.13150000000002,0.338342105263238,0.189657894736839,0,FALSE,FALSE,1.05643591882126,21.1287183764252,0,"3357;3362;3367;3372",840,50000,"N = 50,000",25,"25","8",20,4,3.7863157894736,0.184917939924742,1.05643591882126,"Stan model (NicoStan) + tape chunking + WCP","Stan model (NicoStan) + tape chunking + WCP",FALSE,0.981998887962189
"HPC","AD_Stan_WCP","NicoStan_BridgeStan",50000,50,8,4,2,20,"3f8ed78629bdab9b833b52bd1450ea30","NicoStan_BridgeStan_state_allocation_thread_setup_sampling_model_load_divergence_check","iteration_difference","main_scaling","two_run_difference",1000,4,3.71815789473676,3.70473684210514,0.216742227040338,0.523000000000025,4.05524999999994,0.337092105263187,0.185907894736838,0.524499999999989,4.04999999999995,0.336263157894803,0.185236842105257,0,FALSE,FALSE,1.07580154292592,21.5160308585184,0,"3449;3456;3463;3470",863,50000,"N = 50,000",50,"50","8",20,4,3.71815789473676,0.216742227040338,1.07580154292592,"Stan model (NicoStan) + tape chunking + WCP","Stan model (NicoStan) + tape chunking + WCP",TRUE,1
"HPC","AD_Stan_WCP","NicoStan_BridgeStan",50000,100,8,4,2,20,"3f8ed78629bdab9b833b52bd1450ea30","NicoStan_BridgeStan_state_allocation_thread_setup_sampling_model_load_divergence_check","iteration_difference","main_scaling","two_run_difference",500,4,3.77605263157899,3.77315789473677,0.13759408767823,0.509999999999991,4.09725000000003,0.321197368421041,0.188802631578949,0.510499999999979,4.09249999999997,0.321605263157847,0.188657894736839,0,FALSE,FALSE,1.05930726879921,21.1861453759842,0,"3549;3556;3563;3570",888,50000,"N = 50,000",100,"100","8",20,4,3.77605263157899,0.13759408767823,1.05930726879921,"Stan model (NicoStan) + tape chunking + WCP","Stan model (NicoStan) + tape chunking + WCP",FALSE,0.984667921109452
"HPC","AD_Stan_WCP","NicoStan_BridgeStan",50000,250,8,4,2,20,"3f8ed78629bdab9b833b52bd1450ea30","NicoStan_BridgeStan_state_allocation_thread_setup_sampling_model_load_divergence_check","iteration_difference","main_scaling","two_run_difference",200,4,3.86342105263165,3.90052631578962,0.30650970530482,0.516999999999939,4.18725000000001,0.323828947368357,0.193171052631582,0.515999999999963,4.22350000000006,0.322973684210434,0.195026315789481,0,FALSE,FALSE,1.03535181527142,20.7070363054284,0,"3649;3656;3663;3670",913,50000,"N = 50,000",250,"250","8",20,4,3.86342105263165,0.30650970530482,1.03535181527142,"Stan model (NicoStan) + tape chunking + WCP","Stan model (NicoStan) + tape chunking + WCP",FALSE,0.962400381445366
"HPC","AD_Stan_WCP","NicoStan_BridgeStan",50000,500,8,4,2,20,"3f8ed78629bdab9b833b52bd1450ea30","NicoStan_BridgeStan_state_allocation_thread_setup_sampling_model_load_divergence_check","iteration_difference","main_scaling","two_run_difference",100,4,4.01473684210529,4.02368421052631,0.204009667904063,0.524249999999995,4.33825000000002,0.323513157894731,0.200736842105264,0.524999999999977,4.346,0.324710526315764,0.201184210526315,0,FALSE,FALSE,0.996329313057152,19.926586261143,0,"3749;3756;3763;3770",938,50000,"N = 50,000",500,"500","8",20,4,4.01473684210529,0.204009667904063,0.996329313057152,"Stan model (NicoStan) + tape chunking + WCP","Stan model (NicoStan) + tape chunking + WCP",FALSE,0.926127425275275
"HPC","AD_Stan_WCP","NicoStan_BridgeStan",50000,1000,8,4,2,20,"3f8ed78629bdab9b833b52bd1450ea30","NicoStan_BridgeStan_state_allocation_thread_setup_sampling_model_load_divergence_check","iteration_difference","main_scaling","two_run_difference",50,4,4.10815789473687,4.10684210526322,0.0485610105450941,0.562749999999994,4.46550000000002,0.357342105263151,0.205407894736843,0.561500000000024,4.46750000000003,0.356973684210552,0.205342105263161,0,FALSE,FALSE,0.973672410479783,19.4734482095957,0,"3849;3856;3863;3870",963,50000,"N = 50,000",1000,"1000","8",20,4,4.10815789473687,0.0485610105450941,0.973672410479783,"Stan model (NicoStan) + tape chunking + WCP","Stan model (NicoStan) + tape chunking + WCP",FALSE,0.905066939978194
"HPC","AD_Stan_WCP","NicoStan_BridgeStan",50000,2000,8,4,2,20,"3f8ed78629bdab9b833b52bd1450ea30","NicoStan_BridgeStan_state_allocation_thread_setup_sampling_model_load_divergence_check","iteration_difference","main_scaling","two_run_difference",25,4,4.64052631578948,4.65631578947367,0.085734025779558,0.585750000000019,4.99425000000002,0.353723684210545,0.232026315789474,0.580000000000041,5.00350000000003,0.349500000000082,0.232815789473684,0,FALSE,FALSE,0.861971192015424,17.2394238403085,0,"3949;3956;3963;3970",988,50000,"N = 50,000",2000,"2000","8",20,4,4.64052631578948,0.085734025779558,0.861971192015424,"Stan model (NicoStan) + tape chunking + WCP","Stan model (NicoStan) + tape chunking + WCP",FALSE,0.801236248156951
"HPC","AD_Stan_WCP","NicoStan_BridgeStan",50000,5000,8,4,2,20,"3f8ed78629bdab9b833b52bd1450ea30","NicoStan_BridgeStan_state_allocation_thread_setup_sampling_model_load_divergence_check","iteration_difference","main_scaling","two_run_difference",10,4,7.75868421052624,7.76421052631576,0.0834676664277237,0.740000000000009,8.11074999999994,0.352065789473697,0.387934210526312,0.739000000000033,8.11699999999996,0.351342105263197,0.388210526315788,0,FALSE,FALSE,0.51555133466744,10.3110266933488,0,"4049;4056;4063;4070",1013,50000,"N = 50,000",5000,"5000","8",20,4,7.75868421052624,0.0834676664277237,0.51555133466744,"Stan model (NicoStan) + tape chunking + WCP","Stan model (NicoStan) + tape chunking + WCP",FALSE,0.479225316283954
"HPC","AD_Stan_WCP","NicoStan_BridgeStan",50000,4,16,4,4,20,"3f8ed78629bdab9b833b52bd1450ea30","NicoStan_BridgeStan_state_allocation_thread_setup_sampling_model_load_divergence_check","iteration_difference","main_scaling","two_run_difference",12500,4,2.67815789473664,2.69631578947347,0.188320810343623,0.587000000000103,3.13124999999991,0.453092105263271,0.133907894736832,0.586000000000013,3.14699999999993,0.455500000000077,0.134815789473673,0,FALSE,FALSE,1.49356391864018,29.8712783728037,0,"4286;4289;4292;4295",1073,50000,"N = 50,000",4,"4","16",20,4,2.67815789473664,0.188320810343623,1.49356391864018,"Stan model (NicoStan) + tape chunking + WCP","Stan model (NicoStan) + tape chunking + WCP",FALSE,0.730274147587777
"HPC","AD_Stan_WCP","NicoStan_BridgeStan",50000,10,16,4,4,20,"3f8ed78629bdab9b833b52bd1450ea30","NicoStan_BridgeStan_state_allocation_thread_setup_sampling_model_load_divergence_check","iteration_difference","main_scaling","two_run_difference",5000,4,2.23447368421049,2.27947368421048,0.0999071591189055,0.465250000000026,2.58799999999999,0.353526315789501,0.111723684210525,0.466000000000008,2.63149999999996,0.353184210526293,0.113973684210524,0,FALSE,FALSE,1.79013072665178,35.8026145330355,0,"3290;3293;3296;3299",824,50000,"N = 50,000",10,"10","16",20,4,2.23447368421049,0.0999071591189055,1.79013072665178,"Stan model (NicoStan) + tape chunking + WCP","Stan model (NicoStan) + tape chunking + WCP",FALSE,0.875279707926081
"HPC","AD_Stan_WCP","NicoStan_BridgeStan",50000,25,16,4,4,20,"3f8ed78629bdab9b833b52bd1450ea30","NicoStan_BridgeStan_state_allocation_thread_setup_sampling_model_load_divergence_check","iteration_difference","main_scaling","two_run_difference",2000,4,2.06710526315787,2.06157894736838,0.0557489094502375,0.44825000000003,2.41200000000001,0.344894736842137,0.103355263157893,0.447499999999991,2.39949999999999,0.346342105263147,0.103078947368419,0,FALSE,FALSE,1.93507320178233,38.7014640356466,0,"3358;3363;3368;3373",841,50000,"N = 50,000",25,"25","16",20,4,2.06710526315787,0.0557489094502375,1.93507320178233,"Stan model (NicoStan) + tape chunking + WCP","Stan model (NicoStan) + tape chunking + WCP",FALSE,0.946148949713601
"HPC","AD_Stan_WCP","NicoStan_BridgeStan",50000,50,16,4,4,20,"3f8ed78629bdab9b833b52bd1450ea30","NicoStan_BridgeStan_state_allocation_thread_setup_sampling_model_load_divergence_check","iteration_difference","main_scaling","two_run_difference",1000,4,2.01210526315788,2.00315789473686,0.14759256137614,0.4495,2.36099999999999,0.348894736842106,0.100605263157894,0.446500000000015,2.34950000000003,0.347473684210531,0.100157894736843,0,FALSE,FALSE,1.98796756473974,39.7593512947949,0,"3450;3457;3464;3471",864,50000,"N = 50,000",50,"50","16",20,4,2.01210526315788,0.14759256137614,1.98796756473974,"Stan model (NicoStan) + tape chunking + WCP","Stan model (NicoStan) + tape chunking + WCP",FALSE,0.972011509285938
"HPC","AD_Stan_WCP","NicoStan_BridgeStan",50000,100,16,4,4,20,"3f8ed78629bdab9b833b52bd1450ea30","NicoStan_BridgeStan_state_allocation_thread_setup_sampling_model_load_divergence_check","iteration_difference","main_scaling","two_run_difference",500,4,1.95578947368427,1.96157894736847,0.0340874980807602,0.429499999999905,2.28749999999997,0.331710526315691,0.0977894736842137,0.429499999999848,2.29299999999989,0.33155263157876,0.0980789473684234,0,FALSE,FALSE,2.04520990312157,40.9041980624314,0,"3550;3557;3564;3571",889,50000,"N = 50,000",100,"100","16",20,4,1.95578947368427,0.0340874980807602,2.04520990312157,"Stan model (NicoStan) + tape chunking + WCP","Stan model (NicoStan) + tape chunking + WCP",TRUE,1
"HPC","AD_Stan_WCP","NicoStan_BridgeStan",50000,250,16,4,4,20,"3f8ed78629bdab9b833b52bd1450ea30","NicoStan_BridgeStan_state_allocation_thread_setup_sampling_model_load_divergence_check","iteration_difference","main_scaling","two_run_difference",200,4,1.9657894736841,1.96526315789458,0.076572466115022,0.437500000000057,2.30499999999995,0.339210526315852,0.0982894736842049,0.438499999999976,2.30349999999999,0.340184210526295,0.0982631578947289,0,FALSE,FALSE,2.03480589022769,40.6961178045539,0,"3650;3657;3664;3671",914,50000,"N = 50,000",250,"250","16",20,4,1.9657894736841,0.076572466115022,2.03480589022769,"Stan model (NicoStan) + tape chunking + WCP","Stan model (NicoStan) + tape chunking + WCP",FALSE,0.994912985274521
"HPC","AD_Stan_WCP","NicoStan_BridgeStan",50000,500,16,4,4,20,"3f8ed78629bdab9b833b52bd1450ea30","NicoStan_BridgeStan_state_allocation_thread_setup_sampling_model_load_divergence_check","iteration_difference","main_scaling","two_run_difference",100,4,2.06631578947377,2.02631578947376,0.106813149649939,0.440499999999986,2.40350000000007,0.337184210526298,0.103315789473688,0.440999999999917,2.36500000000012,0.336236842105181,0.101315789473688,0,FALSE,FALSE,1.93581253183894,38.7162506367789,0,"3750;3757;3764;3771",939,50000,"N = 50,000",500,"500","16",20,4,2.06631578947377,0.106813149649939,1.93581253183894,"Stan model (NicoStan) + tape chunking + WCP","Stan model (NicoStan) + tape chunking + WCP",FALSE,0.946510443199178
"HPC","AD_Stan_WCP","NicoStan_BridgeStan",50000,1000,16,4,4,20,"3f8ed78629bdab9b833b52bd1450ea30","NicoStan_BridgeStan_state_allocation_thread_setup_sampling_model_load_divergence_check","iteration_difference","main_scaling","two_run_difference",50,4,2.15736842105257,2.1415789473684,0.0588125023611397,0.480000000000047,2.52949999999998,0.372131578947418,0.107868421052628,0.479000000000042,2.51249999999999,0.372605263157939,0.10707894736842,0,FALSE,FALSE,1.8541107587217,37.0822151744339,0,"3850;3857;3864;3871",964,50000,"N = 50,000",1000,"1000","16",20,4,2.15736842105257,0.0588125023611397,1.8541107587217,"Stan model (NicoStan) + tape chunking + WCP","Stan model (NicoStan) + tape chunking + WCP",FALSE,0.906562576238164
"HPC","AD_Stan_WCP","NicoStan_BridgeStan",50000,2000,16,4,4,20,"3f8ed78629bdab9b833b52bd1450ea30","NicoStan_BridgeStan_state_allocation_thread_setup_sampling_model_load_divergence_check","iteration_difference","main_scaling","two_run_difference",25,4,2.40157894736847,2.38578947368416,0.0551033612834491,0.479499999999973,2.76100000000002,0.359421052631549,0.120078947368424,0.479000000000042,2.74649999999997,0.359499999999948,0.119289473684208,0,FALSE,FALSE,1.66557089634009,33.3114179268018,0,"3950;3957;3964;3971",989,50000,"N = 50,000",2000,"2000","16",20,4,2.40157894736847,0.0551033612834491,1.66557089634009,"Stan model (NicoStan) + tape chunking + WCP","Stan model (NicoStan) + tape chunking + WCP",FALSE,0.814376506684207
"HPC","AD_Stan_WCP","NicoStan_BridgeStan",50000,5000,16,4,4,20,"3f8ed78629bdab9b833b52bd1450ea30","NicoStan_BridgeStan_state_allocation_thread_setup_sampling_model_load_divergence_check","iteration_difference","main_scaling","two_run_difference",10,4,3.94078947368425,3.9247368421052,0.0641004232896354,0.555999999999983,4.29975000000002,0.358960526315771,0.197039473684212,0.55600000000004,4.28449999999998,0.35976315789478,0.19623684210526,0,FALSE,FALSE,1.01502504173622,20.3005008347244,0,"4050;4057;4064;4071",1014,50000,"N = 50,000",5000,"5000","16",20,4,3.94078947368425,0.0641004232896354,1.01502504173622,"Stan model (NicoStan) + tape chunking + WCP","Stan model (NicoStan) + tape chunking + WCP",FALSE,0.496293823038409
"HPC","AD_Stan_WCP","NicoStan_BridgeStan",50000,8,32,4,8,20,"3f8ed78629bdab9b833b52bd1450ea30","NicoStan_BridgeStan_state_allocation_thread_setup_sampling_model_load_divergence_check","iteration_difference","main_scaling","two_run_difference",6250,4,2.08578947368407,2.07210526315784,0.0647774797570516,0.512750000000096,2.49424999999997,0.408460526315893,0.104289473684204,0.505000000000109,2.45650000000001,0.403184210526433,0.103605263157892,0,FALSE,FALSE,1.91773908655072,38.3547817310144,0,"4287;4290;4293;4296",1074,50000,"N = 50,000",8,"8","32",20,4,2.08578947368407,0.0647774797570516,1.91773908655072,"Stan model (NicoStan) + tape chunking + WCP","Stan model (NicoStan) + tape chunking + WCP",FALSE,0.562705021448382
"HPC","AD_Stan_WCP","NicoStan_BridgeStan",50000,10,32,4,8,20,"3f8ed78629bdab9b833b52bd1450ea30","NicoStan_BridgeStan_state_allocation_thread_setup_sampling_model_load_divergence_check","iteration_difference","main_scaling","two_run_difference",5000,4,1.72131578947373,1.71578947368427,0.0714000602641532,0.441499999999991,2.07675000000003,0.355434210526304,0.0860657894736864,0.434500000000014,2.06200000000001,0.35036842105261,0.0857894736842133,0,FALSE,FALSE,2.32380369974004,46.4760739948008,0,"3291;3294;3297;3300",825,50000,"N = 50,000",10,"10","32",20,4,1.72131578947373,0.0714000602641532,2.32380369974004,"Stan model (NicoStan) + tape chunking + WCP","Stan model (NicoStan) + tape chunking + WCP",FALSE,0.681852927686817
"HPC","AD_Stan_WCP","NicoStan_BridgeStan",50000,25,32,4,8,20,"3f8ed78629bdab9b833b52bd1450ea30","NicoStan_BridgeStan_state_allocation_thread_setup_sampling_model_load_divergence_check","iteration_difference","main_scaling","two_run_difference",2000,4,1.4518421052632,1.46947368421054,0.143300689877282,0.411999999999978,1.79125000000002,0.339407894736818,0.0725921052631601,0.410500000000013,1.80650000000003,0.337947368421052,0.0734736842105271,0,FALSE,FALSE,2.75512053652339,55.1024107304678,0,"3359;3364;3369;3374",842,50000,"N = 50,000",25,"25","32",20,4,1.4518421052632,0.143300689877282,2.75512053652339,"Stan model (NicoStan) + tape chunking + WCP","Stan model (NicoStan) + tape chunking + WCP",FALSE,0.808410367953498
"HPC","AD_Stan_WCP","NicoStan_BridgeStan",50000,50,32,4,8,20,"3f8ed78629bdab9b833b52bd1450ea30","NicoStan_BridgeStan_state_allocation_thread_setup_sampling_model_load_divergence_check","iteration_difference","main_scaling","two_run_difference",1000,4,1.32315789473703,1.32315789473715,0.0613543662999833,0.40849999999989,1.66550000000007,0.342342105263039,0.0661578947368513,0.409499999999866,1.66650000000016,0.343342105263009,0.0661578947368573,0,FALSE,FALSE,3.02307080349998,60.4614160699995,0,"3451;3458;3465;3472",865,50000,"N = 50,000",50,"50","32",20,4,1.32315789473703,0.0613543662999833,3.02307080349998,"Stan model (NicoStan) + tape chunking + WCP","Stan model (NicoStan) + tape chunking + WCP",FALSE,0.887032617342673
"HPC","AD_Stan_WCP","NicoStan_BridgeStan",50000,100,32,4,8,20,"3f8ed78629bdab9b833b52bd1450ea30","NicoStan_BridgeStan_state_allocation_thread_setup_sampling_model_load_divergence_check","iteration_difference","main_scaling","two_run_difference",500,4,1.26552631578935,1.26526315789462,0.19989355431422,0.408000000000072,1.61024999999995,0.344723684210605,0.0632763157894673,0.408000000000129,1.61299999999994,0.347736842105327,0.0632631578947308,0,FALSE,FALSE,3.16074027864453,63.2148055728906,0,"3551;3558;3565;3572",890,50000,"N = 50,000",100,"100","32",20,4,1.26552631578935,0.19989355431422,3.16074027864453,"Stan model (NicoStan) + tape chunking + WCP","Stan model (NicoStan) + tape chunking + WCP",FALSE,0.927427739654821
"HPC","AD_Stan_WCP","NicoStan_BridgeStan",50000,250,32,4,8,20,"3f8ed78629bdab9b833b52bd1450ea30","NicoStan_BridgeStan_state_allocation_thread_setup_sampling_model_load_divergence_check","iteration_difference","main_scaling","two_run_difference",200,4,1.17368421052621,1.17263157894716,0.130067103925327,0.407500000000027,1.52249999999992,0.348815789473717,0.0586842105263103,0.408000000000129,1.51499999999987,0.345894736842249,0.0586315789473582,0,FALSE,FALSE,3.40807174887924,68.1614349775849,0,"3651;3658;3665;3672",915,50000,"N = 50,000",250,"250","32",20,4,1.17368421052621,0.130067103925327,3.40807174887924,"Stan model (NicoStan) + tape chunking + WCP","Stan model (NicoStan) + tape chunking + WCP",TRUE,1
"HPC","AD_Stan_WCP","NicoStan_BridgeStan",50000,500,32,4,8,20,"3f8ed78629bdab9b833b52bd1450ea30","NicoStan_BridgeStan_state_allocation_thread_setup_sampling_model_load_divergence_check","iteration_difference","main_scaling","two_run_difference",100,4,1.22026315789466,1.2168421052631,0.104390682482203,0.418999999999983,1.57824999999991,0.35798684210525,0.0610131578947331,0.414999999999964,1.57899999999995,0.35584210526312,0.0608421052631552,0,FALSE,FALSE,3.27798145352619,65.5596290705237,0,"3751;3758;3765;3772",940,50000,"N = 50,000",500,"500","32",20,4,1.22026315789466,0.104390682482203,3.27798145352619,"Stan model (NicoStan) + tape chunking + WCP","Stan model (NicoStan) + tape chunking + WCP",FALSE,0.961828768600357
"HPC","AD_Stan_WCP","NicoStan_BridgeStan",50000,1000,32,4,8,20,"3f8ed78629bdab9b833b52bd1450ea30","NicoStan_BridgeStan_state_allocation_thread_setup_sampling_model_load_divergence_check","iteration_difference","main_scaling","two_run_difference",50,4,1.39026315789474,1.39947368421052,0.0902131465975214,0.450249999999983,1.77099999999999,0.380736842105246,0.0695131578947371,0.456999999999994,1.78699999999998,0.387526315789456,0.0699736842105261,0,FALSE,FALSE,2.87715313268975,57.543062653795,0,"3851;3858;3865;3872",965,50000,"N = 50,000",1000,"1000","32",20,4,1.39026315789474,0.0902131465975214,2.87715313268975,"Stan model (NicoStan) + tape chunking + WCP","Stan model (NicoStan) + tape chunking + WCP",FALSE,0.844217300775993
"HPC","AD_Stan_WCP","NicoStan_BridgeStan",50000,2000,32,4,8,20,"3f8ed78629bdab9b833b52bd1450ea30","NicoStan_BridgeStan_state_allocation_thread_setup_sampling_model_load_divergence_check","iteration_difference","main_scaling","two_run_difference",25,4,1.38526315789489,1.39157894736854,0.0634612597307227,0.443249999999921,1.75925000000007,0.373986842105176,0.0692631578947445,0.439999999999941,1.76100000000008,0.369421052631537,0.0695789473684272,0,FALSE,FALSE,2.88753799392066,57.7507598784131,0,"3951;3958;3965;3972",990,50000,"N = 50,000",2000,"2000","32",20,4,1.38526315789489,0.0634612597307227,2.88753799392066,"Stan model (NicoStan) + tape chunking + WCP","Stan model (NicoStan) + tape chunking + WCP",FALSE,0.847264437689797
"HPC","AD_Stan_WCP","NicoStan_BridgeStan",50000,5000,32,4,8,20,"3f8ed78629bdab9b833b52bd1450ea30","NicoStan_BridgeStan_state_allocation_thread_setup_sampling_model_load_divergence_check","iteration_difference","main_scaling","two_run_difference",10,4,2.15026315789463,2.15894736842086,0.0803150536858806,0.468000000000075,2.51074999999997,0.360486842105343,0.107513157894732,0.467500000000086,2.51999999999987,0.359921052631678,0.107947368421043,0,FALSE,FALSE,1.86023742503987,37.2047485007973,0,"4051;4058;4065;4072",1015,50000,"N = 50,000",5000,"5000","32",20,4,2.15026315789463,0.0803150536858806,1.86023742503987,"Stan model (NicoStan) + tape chunking + WCP","Stan model (NicoStan) + tape chunking + WCP",FALSE,0.545832823399805
"HPC","AD_Stan_WCP","NicoStan_BridgeStan",50000,16,64,4,16,20,"3f8ed78629bdab9b833b52bd1450ea30","NicoStan_BridgeStan_state_allocation_thread_setup_sampling_model_load_divergence_check","iteration_difference","main_scaling","two_run_difference",3125,4,2.05710526315778,2.04894736842083,0.278501961513811,0.465750000000071,2.41999999999996,0.362894736842182,0.102855263157889,0.46550000000002,2.41199999999981,0.362736842105386,0.102447368421041,0,FALSE,FALSE,1.9444799795319,38.889599590638,0,"4353;4355;4357;4359",1089,50000,"N = 50,000",16,"16","64",20,4,2.05710526315778,0.278501961513811,1.9444799795319,"Stan model (NicoStan) + tape chunking + WCP","Stan model (NicoStan) + tape chunking + WCP",FALSE,0.465395931943246
"HPC","AD_Stan_WCP","NicoStan_BridgeStan",50000,25,64,4,16,20,"3f8ed78629bdab9b833b52bd1450ea30","NicoStan_BridgeStan_state_allocation_thread_setup_sampling_model_load_divergence_check","iteration_difference","main_scaling","two_run_difference",2000,4,1.54684210526314,1.52210526315786,0.0790221867696344,0.433250000000044,1.90275000000003,0.355907894736887,0.077342105263157,0.434000000000026,1.8775,0.355394736842135,0.0761052631578931,0,FALSE,FALSE,2.58591357604631,51.7182715209261,0,"3360;3365;3370;3375",843,50000,"N = 50,000",25,"25","64",20,4,1.54684210526314,0.0790221867696344,2.58591357604631,"Stan model (NicoStan) + tape chunking + WCP","Stan model (NicoStan) + tape chunking + WCP",FALSE,0.618917999319529
"HPC","AD_Stan_WCP","NicoStan_BridgeStan",50000,50,64,4,16,20,"3f8ed78629bdab9b833b52bd1450ea30","NicoStan_BridgeStan_state_allocation_thread_setup_sampling_model_load_divergence_check","iteration_difference","main_scaling","two_run_difference",1000,4,1.34736842105272,1.34631578947368,0.0365855730462911,0.420999999999935,1.70100000000002,0.353631578947299,0.0673684210526361,0.421999999999912,1.70249999999999,0.353105263157802,0.067315789473684,0,FALSE,FALSE,2.9687499999998,59.374999999996,0,"3452;3459;3466;3473",866,50000,"N = 50,000",50,"50","64",20,4,1.34736842105272,0.0365855730462911,2.9687499999998,"Stan model (NicoStan) + tape chunking + WCP","Stan model (NicoStan) + tape chunking + WCP",FALSE,0.710546874999981
"HPC","AD_Stan_WCP","NicoStan_BridgeStan",50000,100,64,4,16,20,"3f8ed78629bdab9b833b52bd1450ea30","NicoStan_BridgeStan_state_allocation_thread_setup_sampling_model_load_divergence_check","iteration_difference","main_scaling","two_run_difference",500,4,1.06842105263168,1.07105263157899,0.0550664837828529,0.405749999999955,1.42075000000006,0.352328947368371,0.0534210526315842,0.404499999999985,1.42049999999995,0.35339473684209,0.0535526315789495,0,FALSE,FALSE,3.74384236453165,74.876847290633,0,"3552;3559;3566;3573",891,50000,"N = 50,000",100,"100","64",20,4,1.06842105263168,0.0550664837828529,3.74384236453165,"Stan model (NicoStan) + tape chunking + WCP","Stan model (NicoStan) + tape chunking + WCP",FALSE,0.896059113300441
"HPC","AD_Stan_WCP","NicoStan_BridgeStan",50000,250,64,4,16,20,"3f8ed78629bdab9b833b52bd1450ea30","NicoStan_BridgeStan_state_allocation_thread_setup_sampling_model_load_divergence_check","iteration_difference","main_scaling","two_run_difference",200,4,0.95736842105267,0.952631578947459,0.0809933709085124,0.417249999999967,1.32675,0.369381578947334,0.0478684210526335,0.414499999999975,1.31700000000001,0.364368421052548,0.047631578947373,0,FALSE,FALSE,4.1781198460691,83.562396921382,0,"3652;3659;3666;3673",916,50000,"N = 50,000",250,"250","64",20,4,0.95736842105267,0.0809933709085124,4.1781198460691,"Stan model (NicoStan) + tape chunking + WCP","Stan model (NicoStan) + tape chunking + WCP",TRUE,1
"HPC","AD_Stan_WCP","NicoStan_BridgeStan",50000,500,64,4,16,20,"3f8ed78629bdab9b833b52bd1450ea30","NicoStan_BridgeStan_state_allocation_thread_setup_sampling_model_load_divergence_check","iteration_difference","main_scaling","two_run_difference",100,4,1.02052631578951,1.0205263157894,0.115003713457121,0.419499999999971,1.38900000000001,0.368473684210495,0.0510263157894757,0.424499999999966,1.39400000000001,0.370368421052681,0.0510263157894698,0,FALSE,FALSE,3.91954615781315,78.390923156263,0,"3752;3759;3766;3773",941,50000,"N = 50,000",500,"500","64",20,4,1.02052631578951,0.115003713457121,3.91954615781315,"Stan model (NicoStan) + tape chunking + WCP","Stan model (NicoStan) + tape chunking + WCP",FALSE,0.938112429087158
"HPC","AD_Stan_WCP","NicoStan_BridgeStan",50000,1000,64,4,16,20,"3f8ed78629bdab9b833b52bd1450ea30","NicoStan_BridgeStan_state_allocation_thread_setup_sampling_model_load_divergence_check","iteration_difference","main_scaling","two_run_difference",50,4,1.13605263157901,1.14421052631578,0.0694278157991922,0.443249999999978,1.52250000000004,0.386447368421027,0.0568026315789505,0.43849999999992,1.52000000000004,0.38210526315787,0.0572105263157889,0,FALSE,FALSE,3.52096363215177,70.4192726430353,0,"3852;3859;3866;3873",966,50000,"N = 50,000",1000,"1000","64",20,4,1.13605263157901,0.0694278157991922,3.52096363215177,"Stan model (NicoStan) + tape chunking + WCP","Stan model (NicoStan) + tape chunking + WCP",FALSE,0.842714848274253
"HPC","AD_Stan_WCP","NicoStan_BridgeStan",50000,2000,64,4,16,20,"3f8ed78629bdab9b833b52bd1450ea30","NicoStan_BridgeStan_state_allocation_thread_setup_sampling_model_load_divergence_check","iteration_difference","main_scaling","two_run_difference",25,4,1.09184210526331,1.07736842105276,0.0695819199408217,0.434999999999889,1.47225000000003,0.380407894736723,0.0545921052631654,0.433499999999867,1.46450000000004,0.379973684210391,0.0538684210526382,0,FALSE,FALSE,3.66353338153722,73.2706676307444,0,"3952;3959;3966;3973",991,50000,"N = 50,000",2000,"2000","64",20,4,1.09184210526331,0.0695819199408217,3.66353338153722,"Stan model (NicoStan) + tape chunking + WCP","Stan model (NicoStan) + tape chunking + WCP",FALSE,0.876837792239009
"HPC","AD_Stan_WCP","NicoStan_BridgeStan",50000,5000,64,4,16,20,"3f8ed78629bdab9b833b52bd1450ea30","NicoStan_BridgeStan_state_allocation_thread_setup_sampling_model_load_divergence_check","iteration_difference","main_scaling","two_run_difference",10,4,1.38236842105261,1.38157894736842,0.0955689576663434,0.43950000000001,1.75274999999999,0.370381578947379,0.0691184210526306,0.442499999999995,1.74850000000004,0.369499999999998,0.069078947368421,0,FALSE,FALSE,2.89358461831338,57.8716923662677,0,"4052;4059;4066;4073",1016,50000,"N = 50,000",5000,"5000","64",20,4,1.38236842105261,0.0955689576663434,2.89358461831338,"Stan model (NicoStan) + tape chunking + WCP","Stan model (NicoStan) + tape chunking + WCP",FALSE,0.692556634304245
"HPC","AD_Stan_WCP","NicoStan_BridgeStan",50000,24,96,4,24,20,"3f8ed78629bdab9b833b52bd1450ea30","NicoStan_BridgeStan_state_allocation_thread_setup_sampling_model_load_divergence_check","iteration_difference","main_scaling","two_run_difference",2084,4,1.7199999999999,1.70947368421055,0.122642496314104,0.435249999999996,2.0692499999999,0.349250000000002,0.0859999999999948,0.433500000000095,2.05449999999996,0.348605263157903,0.0854736842105276,0,FALSE,FALSE,2.32558139534898,46.5116279069796,0,"4354;4356;4358;4360",1090,50000,"N = 50,000",24,"24","96",20,4,1.7199999999999,0.122642496314104,2.32558139534898,"Stan model (NicoStan) + tape chunking + WCP","Stan model (NicoStan) + tape chunking + WCP",FALSE,0.531364749082033
"HPC","AD_Stan_WCP","NicoStan_BridgeStan",50000,25,96,4,24,20,"3f8ed78629bdab9b833b52bd1450ea30","NicoStan_BridgeStan_state_allocation_thread_setup_sampling_model_load_divergence_check","iteration_difference","main_scaling","two_run_difference",2000,4,1.68789473684216,1.7031578947369,0.0833309325600982,0.438499999999948,2.042,0.35410526315784,0.0843947368421081,0.442999999999927,2.06999999999999,0.356447368420974,0.0851578947368448,0,FALSE,FALSE,2.3698160274399,47.3963205487979,0,"3361;3366;3371;3376",844,50000,"N = 50,000",25,"25","96",20,4,1.68789473684216,0.0833309325600982,2.3698160274399,"Stan model (NicoStan) + tape chunking + WCP","Stan model (NicoStan) + tape chunking + WCP",FALSE,0.541471780480175
"HPC","AD_Stan_WCP","NicoStan_BridgeStan",50000,50,96,4,24,20,"3f8ed78629bdab9b833b52bd1450ea30","NicoStan_BridgeStan_state_allocation_thread_setup_sampling_model_load_divergence_check","iteration_difference","main_scaling","two_run_difference",1000,4,1.52500000000014,1.51105263157924,0.0728543494425408,0.422749999999951,1.87150000000008,0.346499999999944,0.076250000000007,0.422999999999888,1.85600000000011,0.344947368420872,0.0755526315789618,0,FALSE,FALSE,2.62295081967189,52.4590163934378,0,"3453;3460;3467;3474",867,50000,"N = 50,000",50,"50","96",20,4,1.52500000000014,0.0728543494425408,2.62295081967189,"Stan model (NicoStan) + tape chunking + WCP","Stan model (NicoStan) + tape chunking + WCP",FALSE,0.599309749784235
"HPC","AD_Stan_WCP","NicoStan_BridgeStan",50000,100,96,4,24,20,"3f8ed78629bdab9b833b52bd1450ea30","NicoStan_BridgeStan_state_allocation_thread_setup_sampling_model_load_divergence_check","iteration_difference","main_scaling","two_run_difference",500,4,1.17789473684213,1.20473684210538,0.0910105368673274,0.399499999999989,1.51850000000002,0.340605263157882,0.0588947368421067,0.398500000000013,1.54000000000008,0.340578947368349,0.0602368421052688,0,FALSE,FALSE,3.39588918677382,67.9177837354764,0,"3553;3560;3567;3574",892,50000,"N = 50,000",100,"100","96",20,4,1.17789473684213,0.0910105368673274,3.39588918677382,"Stan model (NicoStan) + tape chunking + WCP","Stan model (NicoStan) + tape chunking + WCP",FALSE,0.775915996425351
"HPC","AD_Stan_WCP","NicoStan_BridgeStan",50000,250,96,4,24,20,"3f8ed78629bdab9b833b52bd1450ea30","NicoStan_BridgeStan_state_allocation_thread_setup_sampling_model_load_divergence_check","iteration_difference","main_scaling","two_run_difference",200,4,0.913947368421041,0.926315789473679,0.103134171994941,0.412000000000035,1.28025000000002,0.366302631578982,0.0456973684210521,0.415000000000077,1.28899999999999,0.369921052631657,0.046315789473684,0,FALSE,FALSE,4.37661963720132,87.5323927440264,0,"3653;3660;3667;3674",917,50000,"N = 50,000",250,"250","96",20,4,0.913947368421041,0.103134171994941,4.37661963720132,"Stan model (NicoStan) + tape chunking + WCP","Stan model (NicoStan) + tape chunking + WCP",TRUE,1
"HPC","AD_Stan_WCP","NicoStan_BridgeStan",50000,500,96,4,24,20,"3f8ed78629bdab9b833b52bd1450ea30","NicoStan_BridgeStan_state_allocation_thread_setup_sampling_model_load_divergence_check","iteration_difference","main_scaling","two_run_difference",100,4,1.02105263157892,1.01315789473682,0.122017512328579,0.423749999999984,1.39374999999995,0.372697368421038,0.0510526315789458,0.418499999999995,1.39149999999995,0.36855263157889,0.0506578947368409,0,FALSE,FALSE,3.917525773196,78.3505154639199,0,"3753;3760;3767;3774",942,50000,"N = 50,000",500,"500","96",20,4,1.02105263157892,0.122017512328579,3.917525773196,"Stan model (NicoStan) + tape chunking + WCP","Stan model (NicoStan) + tape chunking + WCP",FALSE,0.895103092783521
"HPC","AD_Stan_WCP","NicoStan_BridgeStan",50000,1000,96,4,24,20,"3f8ed78629bdab9b833b52bd1450ea30","NicoStan_BridgeStan_state_allocation_thread_setup_sampling_model_load_divergence_check","iteration_difference","main_scaling","two_run_difference",50,4,1.09078947368424,1.09210526315792,0.0766393624348333,0.445999999999998,1.48225000000002,0.391460526315786,0.0545394736842118,0.447499999999991,1.47050000000002,0.390078947368412,0.0546052631578959,0,FALSE,FALSE,3.66706875753912,73.3413751507824,0,"3853;3860;3867;3874",967,50000,"N = 50,000",1000,"1000","96",20,4,1.09078947368424,0.0766393624348333,3.66706875753912,"Stan model (NicoStan) + tape chunking + WCP","Stan model (NicoStan) + tape chunking + WCP",FALSE,0.837876960192974
"HPC","AD_Stan_WCP","NicoStan_BridgeStan",50000,2000,96,4,24,20,"3f8ed78629bdab9b833b52bd1450ea30","NicoStan_BridgeStan_state_allocation_thread_setup_sampling_model_load_divergence_check","iteration_difference","main_scaling","two_run_difference",25,4,1.07973684210522,1.08052631578953,0.0708391855712001,0.444999999999993,1.47074999999995,0.391013157894732,0.053986842105261,0.439499999999953,1.46699999999998,0.388078947368507,0.0540263157894766,0,FALSE,FALSE,3.70460638557168,74.0921277114336,0,"3953;3960;3967;3974",992,50000,"N = 50,000",2000,"2000","96",20,4,1.07973684210522,0.0708391855712001,3.70460638557168,"Stan model (NicoStan) + tape chunking + WCP","Stan model (NicoStan) + tape chunking + WCP",FALSE,0.846453814282255
"HPC","AD_Stan_WCP","NicoStan_BridgeStan",50000,5000,96,4,24,20,"3f8ed78629bdab9b833b52bd1450ea30","NicoStan_BridgeStan_state_allocation_thread_setup_sampling_model_load_divergence_check","iteration_difference","main_scaling","two_run_difference",10,4,1.33447368421056,1.33947368421068,0.0406082561914389,0.442249999999945,1.70999999999998,0.375526315789416,0.0667236842105282,0.442499999999882,1.71249999999998,0.377447368420929,0.0669736842105342,0,FALSE,FALSE,2.99743640307623,59.9487280615247,0,"4053;4060;4067;4074",1017,50000,"N = 50,000",5000,"5000","96",20,4,1.33447368421056,0.0406082561914389,2.99743640307623,"Stan model (NicoStan) + tape chunking + WCP","Stan model (NicoStan) + tape chunking + WCP",FALSE,0.684874778150239
"HPC","AD_Stan_WCP","NicoStan_BridgeStan",50000,32,128,4,32,20,"3f8ed78629bdab9b833b52bd1450ea30","NicoStan_BridgeStan_state_allocation_thread_setup_sampling_model_load_divergence_check","iteration_difference","main_scaling","two_run_difference",1563,4,1.82263157894723,1.7484210526314,0.179940484672037,0.438499999999976,2.16999999999985,0.347368421052615,0.0911315789473615,0.435999999999922,2.10199999999986,0.347868421052609,0.08742105263157,0,FALSE,FALSE,2.19462893445006,43.8925786890013,0,"4377;4379;4381;4383",1095,50000,"N = 50,000",32,"32","128",20,4,1.82263157894723,0.179940484672037,2.19462893445006,"Stan model (NicoStan) + tape chunking + WCP","Stan model (NicoStan) + tape chunking + WCP",FALSE,0.50967369332955
"HPC","AD_Stan_WCP","NicoStan_BridgeStan",50000,50,128,4,32,20,"3f8ed78629bdab9b833b52bd1450ea30","NicoStan_BridgeStan_state_allocation_thread_setup_sampling_model_load_divergence_check","iteration_difference","main_scaling","two_run_difference",1000,4,1.64815789473682,1.64368421052634,0.0903440637868214,0.414500000000089,1.98025000000007,0.332092105263248,0.0824078947368411,0.415000000000077,1.97200000000009,0.331684210526329,0.082184210526317,0,FALSE,FALSE,2.4269519399649,48.5390387992981,0,"3454;3461;3468;3475",868,50000,"N = 50,000",50,"50","128",20,4,1.64815789473682,0.0903440637868214,2.4269519399649,"Stan model (NicoStan) + tape chunking + WCP","Stan model (NicoStan) + tape chunking + WCP",FALSE,0.563627654478724
"HPC","AD_Stan_WCP","NicoStan_BridgeStan",50000,100,128,4,32,20,"3f8ed78629bdab9b833b52bd1450ea30","NicoStan_BridgeStan_state_allocation_thread_setup_sampling_model_load_divergence_check","iteration_difference","main_scaling","two_run_difference",500,4,1.3731578947368,1.36842105263153,0.056962186352552,0.412000000000035,1.7165,0.343342105263194,0.0686578947368401,0.408000000000015,1.70299999999997,0.338078947368438,0.0684210526315766,0,FALSE,FALSE,2.91299348409361,58.2598696818722,0,"3554;3561;3568;3575",893,50000,"N = 50,000",100,"100","128",20,4,1.3731578947368,0.056962186352552,2.91299348409361,"Stan model (NicoStan) + tape chunking + WCP","Stan model (NicoStan) + tape chunking + WCP",FALSE,0.676504407819146
"HPC","AD_Stan_WCP","NicoStan_BridgeStan",50000,250,128,4,32,20,"3f8ed78629bdab9b833b52bd1450ea30","NicoStan_BridgeStan_state_allocation_thread_setup_sampling_model_load_divergence_check","iteration_difference","main_scaling","two_run_difference",200,4,0.928947368421105,0.959473684210575,0.0838346876158016,0.413249999999948,1.29575,0.366802631578893,0.0464473684210553,0.414999999999964,1.32050000000004,0.366210526315752,0.0479736842105288,0,FALSE,FALSE,4.30594900849834,86.1189801699668,0,"3654;3661;3668;3675",918,50000,"N = 50,000",250,"250","128",20,4,0.928947368421105,0.0838346876158016,4.30594900849834,"Stan model (NicoStan) + tape chunking + WCP","Stan model (NicoStan) + tape chunking + WCP",TRUE,1
"HPC","AD_Stan_WCP","NicoStan_BridgeStan",50000,500,128,4,32,20,"3f8ed78629bdab9b833b52bd1450ea30","NicoStan_BridgeStan_state_allocation_thread_setup_sampling_model_load_divergence_check","iteration_difference","main_scaling","two_run_difference",100,4,1.03078947368419,1.01947368421047,0.089270667509267,0.415749999999946,1.39499999999992,0.364210526315736,0.0515394736842094,0.414999999999964,1.38949999999988,0.365289473684093,0.0509736842105236,0,FALSE,FALSE,3.88052080673994,77.6104161347987,0,"3754;3761;3768;3775",943,50000,"N = 50,000",500,"500","128",20,4,1.03078947368419,0.089270667509267,3.88052080673994,"Stan model (NicoStan) + tape chunking + WCP","Stan model (NicoStan) + tape chunking + WCP",FALSE,0.901199897881102
"HPC","AD_Stan_WCP","NicoStan_BridgeStan",50000,1000,128,4,32,20,"3f8ed78629bdab9b833b52bd1450ea30","NicoStan_BridgeStan_state_allocation_thread_setup_sampling_model_load_divergence_check","iteration_difference","main_scaling","two_run_difference",50,4,1.05815789473686,1.05368421052635,0.0907153269562478,0.46074999999999,1.46600000000001,0.407842105263147,0.052907894736843,0.461000000000013,1.46200000000005,0.408315789473695,0.0526842105263175,0,FALSE,FALSE,3.78015419049981,75.6030838099962,0,"3854;3861;3868;3875",968,50000,"N = 50,000",1000,"1000","128",20,4,1.05815789473686,0.0907153269562478,3.78015419049981,"Stan model (NicoStan) + tape chunking + WCP","Stan model (NicoStan) + tape chunking + WCP",FALSE,0.877891071872702
"HPC","AD_Stan_WCP","NicoStan_BridgeStan",50000,2000,128,4,32,20,"3f8ed78629bdab9b833b52bd1450ea30","NicoStan_BridgeStan_state_allocation_thread_setup_sampling_model_load_divergence_check","iteration_difference","main_scaling","two_run_difference",25,4,1.11763157894727,1.10578947368403,0.0913927326374743,0.438250000000039,1.49999999999994,0.382368421052676,0.0558815789473634,0.43850000000009,1.48899999999992,0.383210526315888,0.0552894736842015,0,FALSE,FALSE,3.5789969390161,71.579938780322,0,"3954;3961;3968;3975",993,50000,"N = 50,000",2000,"2000","128",20,4,1.11763157894727,0.0913927326374743,3.5789969390161,"Stan model (NicoStan) + tape chunking + WCP","Stan model (NicoStan) + tape chunking + WCP",FALSE,0.831174947021549
"HPC","AD_Stan_WCP","NicoStan_BridgeStan",50000,5000,128,4,32,20,"3f8ed78629bdab9b833b52bd1450ea30","NicoStan_BridgeStan_state_allocation_thread_setup_sampling_model_load_divergence_check","iteration_difference","main_scaling","two_run_difference",10,4,1.34921052631578,1.31631578947367,0.100823479215929,0.448750000000018,1.73050000000001,0.381289473684229,0.0674605263157889,0.449500000000057,1.702,0.38394736842111,0.0658157894736836,0,FALSE,FALSE,2.9646967037254,59.2939340745081,0,"4054;4061;4068;4075",1018,50000,"N = 50,000",5000,"5000","128",20,4,1.34921052631578,0.100823479215929,2.9646967037254,"Stan model (NicoStan) + tape chunking + WCP","Stan model (NicoStan) + tape chunking + WCP",FALSE,0.68851180027311
"HPC","AD_Stan_WCP","NicoStan_BridgeStan",50000,44,176,4,44,20,"3f8ed78629bdab9b833b52bd1450ea30","NicoStan_BridgeStan_state_allocation_thread_setup_sampling_model_load_divergence_check","iteration_difference","main_scaling","two_run_difference",1137,4,1.65578947368407,1.65263157894706,0.185111580735173,0.443000000000097,2.01599999999996,0.360210526315894,0.0827894736842034,0.428000000000111,1.99449999999979,0.352710526315808,0.0826315789473531,0,FALSE,FALSE,2.4157660521299,48.3153210425979,0,"4378;4380;4382;4384",1096,50000,"N = 50,000",44,"44","176",20,4,1.65578947368407,0.185111580735173,2.4157660521299,"Stan model (NicoStan) + tape chunking + WCP","Stan model (NicoStan) + tape chunking + WCP",FALSE,0.621265098537859
"HPC","AD_Stan_WCP","NicoStan_BridgeStan",50000,50,176,4,44,20,"3f8ed78629bdab9b833b52bd1450ea30","NicoStan_BridgeStan_state_allocation_thread_setup_sampling_model_load_divergence_check","iteration_difference","main_scaling","two_run_difference",1000,4,1.70631578947372,1.68526315789474,0.113752416186983,0.4255,2.04650000000004,0.340184210526313,0.0853157894736862,0.423000000000002,2.03399999999999,0.339078947368421,0.0842631578947368,0,FALSE,FALSE,2.34423195558292,46.8846391116584,0,"3455;3462;3469;3476",869,50000,"N = 50,000",50,"50","176",20,4,1.70631578947372,0.113752416186983,2.34423195558292,"Stan model (NicoStan) + tape chunking + WCP","Stan model (NicoStan) + tape chunking + WCP",FALSE,0.602868599629825
"HPC","AD_Stan_WCP","NicoStan_BridgeStan",50000,100,176,4,44,20,"3f8ed78629bdab9b833b52bd1450ea30","NicoStan_BridgeStan_state_allocation_thread_setup_sampling_model_load_divergence_check","iteration_difference","main_scaling","two_run_difference",500,4,1.54473684210523,1.55473684210524,0.0995149826087281,0.40850000000006,1.87600000000003,0.331263157894799,0.0772368421052617,0.406000000000063,1.89100000000008,0.332868421052694,0.0777368421052619,0,FALSE,FALSE,2.58943781942083,51.7887563884166,0,"3555;3562;3569;3576",894,50000,"N = 50,000",100,"100","176",20,4,1.54473684210523,0.0995149826087281,2.58943781942083,"Stan model (NicoStan) + tape chunking + WCP","Stan model (NicoStan) + tape chunking + WCP",FALSE,0.665928449744455
"HPC","AD_Stan_WCP","NicoStan_BridgeStan",50000,250,176,4,44,20,"3f8ed78629bdab9b833b52bd1450ea30","NicoStan_BridgeStan_state_allocation_thread_setup_sampling_model_load_divergence_check","iteration_difference","main_scaling","two_run_difference",200,4,1.1407894736844,1.14842105263171,0.114533458884653,0.411749999999927,1.49550000000011,0.354710526315707,0.05703947368422,0.409999999999968,1.50100000000009,0.352578947368383,0.0574210526315854,0,FALSE,FALSE,3.50634371395559,70.1268742791118,0,"3655;3662;3669;3676",919,50000,"N = 50,000",250,"250","176",20,4,1.1407894736844,0.114533458884653,3.50634371395559,"Stan model (NicoStan) + tape chunking + WCP","Stan model (NicoStan) + tape chunking + WCP",FALSE,0.901730103806051
"HPC","AD_Stan_WCP","NicoStan_BridgeStan",50000,500,176,4,44,20,"3f8ed78629bdab9b833b52bd1450ea30","NicoStan_BridgeStan_state_allocation_thread_setup_sampling_model_load_divergence_check","iteration_difference","main_scaling","two_run_difference",100,4,1.02868421052628,1.01263157894724,0.137376486958097,0.409999999999968,1.38724999999994,0.358565789473654,0.0514342105263142,0.40949999999998,1.37349999999992,0.360868421052685,0.0506315789473619,0,FALSE,FALSE,3.88846252238436,77.7692504476873,0,"3755;3762;3769;3776",944,50000,"N = 50,000",500,"500","176",20,4,1.02868421052628,0.137376486958097,3.88846252238436,"Stan model (NicoStan) + tape chunking + WCP","Stan model (NicoStan) + tape chunking + WCP",TRUE,1
"HPC","AD_Stan_WCP","NicoStan_BridgeStan",50000,1000,176,4,44,20,"3f8ed78629bdab9b833b52bd1450ea30","NicoStan_BridgeStan_state_allocation_thread_setup_sampling_model_load_divergence_check","iteration_difference","main_scaling","two_run_difference",50,4,1.12473684210523,1.1173684210526,0.0746329893712507,0.455250000000007,1.52374999999998,0.399013157894745,0.0562368421052617,0.456000000000017,1.51749999999998,0.400131578947387,0.0558684210526298,0,FALSE,FALSE,3.55638745905484,71.1277491810969,0,"3855;3862;3869;3876",969,50000,"N = 50,000",1000,"1000","176",20,4,1.12473684210523,0.0746329893712507,3.55638745905484,"Stan model (NicoStan) + tape chunking + WCP","Stan model (NicoStan) + tape chunking + WCP",FALSE,0.914599906410852
"HPC","AD_Stan_WCP","NicoStan_BridgeStan",50000,2000,176,4,44,20,"3f8ed78629bdab9b833b52bd1450ea30","NicoStan_BridgeStan_state_allocation_thread_setup_sampling_model_load_divergence_check","iteration_difference","main_scaling","two_run_difference",25,4,1.14026315789458,1.1436842105262,0.0434128115519043,0.424750000000074,1.50799999999992,0.367736842105345,0.057013157894729,0.429500000000075,1.50549999999998,0.372736842105335,0.0571842105263099,0,FALSE,FALSE,3.50796215093517,70.1592430187034,0,"3955;3962;3969;3976",994,50000,"N = 50,000",2000,"2000","176",20,4,1.14026315789458,0.0434128115519043,3.50796215093517,"Stan model (NicoStan) + tape chunking + WCP","Stan model (NicoStan) + tape chunking + WCP",FALSE,0.902146318947708
"HPC","AD_Stan_WCP","NicoStan_BridgeStan",50000,5000,176,4,44,20,"3f8ed78629bdab9b833b52bd1450ea30","NicoStan_BridgeStan_state_allocation_thread_setup_sampling_model_load_divergence_check","iteration_difference","main_scaling","two_run_difference",10,4,1.38105263157884,1.37736842105249,0.0554408171886158,0.442250000000001,1.7542499999999,0.373197368421059,0.069052631578942,0.44399999999996,1.75049999999987,0.374631578947281,0.0688684210526246,0,FALSE,FALSE,2.89634146341486,57.9268292682972,0,"4055;4062;4069;4076",1019,50000,"N = 50,000",5000,"5000","176",20,4,1.38105263157884,0.0554408171886158,2.89634146341486,"Stan model (NicoStan) + tape chunking + WCP","Stan model (NicoStan) + tape chunking + WCP",FALSE,0.744855182926864
"HPC","AD_Stan_WCP","NicoStan_BridgeStan",50000,2,16,8,2,20,"3f8ed78629bdab9b833b52bd1450ea30","NicoStan_BridgeStan_state_allocation_thread_setup_sampling_model_load_divergence_check","iteration_difference","main_scaling","two_run_difference",25000,4,5.13473684210531,5.12842105263165,0.165476451921131,0.931249999999977,5.80925000000002,0.674513157894712,0.256736842105265,0.919000000000096,5.76250000000005,0.668447368421156,0.256421052631583,0,FALSE,FALSE,1.55801558015579,31.1603116031158,0,"4297;4300;4303;4306",1075,50000,"N = 50,000",2,"2","16",20,8,5.13473684210531,0.165476451921131,1.55801558015579,"Stan model (NicoStan) + tape chunking + WCP","Stan model (NicoStan) + tape chunking + WCP",FALSE,0.768450184501846
"HPC","AD_Stan_WCP","NicoStan_BridgeStan",50000,10,16,8,2,20,"3f8ed78629bdab9b833b52bd1450ea30","NicoStan_BridgeStan_state_allocation_thread_setup_sampling_model_load_divergence_check","iteration_difference","main_scaling","two_run_difference",5000,4,4.51289473684214,4.51736842105268,0.080567584884248,0.606499999999983,4.89375000000001,0.380855263157876,0.225644736842107,0.606999999999971,4.89850000000001,0.380578947368415,0.225868421052634,0,FALSE,FALSE,1.77269811650824,35.4539623301648,0,"3301;3304;3307;3310",826,50000,"N = 50,000",10,"10","16",20,8,4.51289473684214,0.080567584884248,1.77269811650824,"Stan model (NicoStan) + tape chunking + WCP","Stan model (NicoStan) + tape chunking + WCP",FALSE,0.874336696017263
"HPC","AD_Stan_WCP","NicoStan_BridgeStan",50000,25,16,8,2,20,"3f8ed78629bdab9b833b52bd1450ea30","NicoStan_BridgeStan_state_allocation_thread_setup_sampling_model_load_divergence_check","iteration_difference","main_scaling","two_run_difference",2000,4,4.20473684210525,4.21105263157887,0.0896674887631511,0.570750000000004,4.56524999999999,0.360513157894741,0.210236842105263,0.57099999999997,4.57049999999998,0.359499999999966,0.210552631578944,0,FALSE,FALSE,1.90261609713356,38.0523219426713,0,"3377;3383;3389;3395",845,50000,"N = 50,000",25,"25","16",20,8,4.20473684210525,0.0896674887631511,1.90261609713356,"Stan model (NicoStan) + tape chunking + WCP","Stan model (NicoStan) + tape chunking + WCP",FALSE,0.938415321066478
"HPC","AD_Stan_WCP","NicoStan_BridgeStan",50000,50,16,8,2,20,"3f8ed78629bdab9b833b52bd1450ea30","NicoStan_BridgeStan_state_allocation_thread_setup_sampling_model_load_divergence_check","iteration_difference","main_scaling","two_run_difference",1000,4,3.94578947368425,3.94842105263155,0.115740021337555,0.59499999999997,4.34350000000001,0.397710526315758,0.197289473684212,0.591499999999996,4.34299999999996,0.394078947368419,0.197421052631578,0,FALSE,FALSE,2.02747765772974,40.5495531545948,0,"3477;3483;3489;3495",870,50000,"N = 50,000",50,"50","16",20,8,3.94578947368425,0.115740021337555,2.02747765772974,"Stan model (NicoStan) + tape chunking + WCP","Stan model (NicoStan) + tape chunking + WCP",TRUE,1
"HPC","AD_Stan_WCP","NicoStan_BridgeStan",50000,100,16,8,2,20,"3f8ed78629bdab9b833b52bd1450ea30","NicoStan_BridgeStan_state_allocation_thread_setup_sampling_model_load_divergence_check","iteration_difference","main_scaling","two_run_difference",500,4,3.95842105263174,3.96473684210533,0.107638120163181,0.584499999999878,4.34500000000003,0.386578947368291,0.197921052631587,0.586499999999887,4.35299999999995,0.387631578947249,0.198236842105267,0,FALSE,FALSE,2.02100784470142,40.4201568940284,0,"3577;3583;3589;3595",895,50000,"N = 50,000",100,"100","16",20,8,3.95842105263174,0.107638120163181,2.02100784470142,"Stan model (NicoStan) + tape chunking + WCP","Stan model (NicoStan) + tape chunking + WCP",FALSE,0.99680893498202
"HPC","AD_Stan_WCP","NicoStan_BridgeStan",50000,250,16,8,2,20,"3f8ed78629bdab9b833b52bd1450ea30","NicoStan_BridgeStan_state_allocation_thread_setup_sampling_model_load_divergence_check","iteration_difference","main_scaling","two_run_difference",200,4,4.036052631579,4.0284210526317,0.111055957379374,0.552999999999997,4.38725000000005,0.351197368421047,0.20180263157895,0.548999999999978,4.37350000000004,0.351263157894712,0.201421052631585,0,FALSE,FALSE,1.98213470691788,39.6426941383577,0,"3677;3683;3689;3695",920,50000,"N = 50,000",250,"250","16",20,8,4.036052631579,0.111055957379374,1.98213470691788,"Stan model (NicoStan) + tape chunking + WCP","Stan model (NicoStan) + tape chunking + WCP",FALSE,0.977635782747599
"HPC","AD_Stan_WCP","NicoStan_BridgeStan",50000,500,16,8,2,20,"3f8ed78629bdab9b833b52bd1450ea30","NicoStan_BridgeStan_state_allocation_thread_setup_sampling_model_load_divergence_check","iteration_difference","main_scaling","two_run_difference",100,4,4.21289473684199,4.20999999999977,0.0884727292600111,0.566500000000019,4.56874999999991,0.35585526315792,0.210644736842099,0.567499999999995,4.56699999999989,0.354710526315719,0.210499999999989,0,FALSE,FALSE,1.89893185083396,37.9786370166792,0,"3777;3783;3789;3795",945,50000,"N = 50,000",500,"500","16",20,8,4.21289473684199,0.0884727292600111,1.89893185083396,"Stan model (NicoStan) + tape chunking + WCP","Stan model (NicoStan) + tape chunking + WCP",FALSE,0.936598163533047
"HPC","AD_Stan_WCP","NicoStan_BridgeStan",50000,1000,16,8,2,20,"3f8ed78629bdab9b833b52bd1450ea30","NicoStan_BridgeStan_state_allocation_thread_setup_sampling_model_load_divergence_check","iteration_difference","main_scaling","two_run_difference",50,4,4.48184210526317,4.47947368421051,0.0626197836453238,0.59174999999999,4.84950000000001,0.367657894736832,0.224092105263159,0.592499999999973,4.846,0.368657894736813,0.223973684210525,0,FALSE,FALSE,1.78498032998649,35.6996065997298,0,"3877;3883;3889;3895",970,50000,"N = 50,000",1000,"1000","16",20,8,4.48184210526317,0.0626197836453238,1.78498032998649,"Stan model (NicoStan) + tape chunking + WCP","Stan model (NicoStan) + tape chunking + WCP",FALSE,0.880394574599265
"HPC","AD_Stan_WCP","NicoStan_BridgeStan",50000,2000,16,8,2,20,"3f8ed78629bdab9b833b52bd1450ea30","NicoStan_BridgeStan_state_allocation_thread_setup_sampling_model_load_divergence_check","iteration_difference","main_scaling","two_run_difference",25,4,4.97000000000011,4.94789473684214,0.0634990784499568,0.615749999999935,5.33725000000004,0.367249999999929,0.248500000000006,0.615000000000009,5.31700000000001,0.367394736842022,0.247394736842107,0,FALSE,FALSE,1.60965794768608,32.1931589537216,0,"3977;3983;3989;3995",995,50000,"N = 50,000",2000,"2000","16",20,8,4.97000000000011,0.0634990784499568,1.60965794768608,"Stan model (NicoStan) + tape chunking + WCP","Stan model (NicoStan) + tape chunking + WCP",FALSE,0.793921423276491
"HPC","AD_Stan_WCP","NicoStan_BridgeStan",50000,5000,16,8,2,20,"3f8ed78629bdab9b833b52bd1450ea30","NicoStan_BridgeStan_state_allocation_thread_setup_sampling_model_load_divergence_check","iteration_difference","main_scaling","two_run_difference",10,4,8.12973684210527,8.14631578947384,0.0428045009327824,0.769750000000045,8.49300000000005,0.363263157894781,0.406486842105264,0.768000000000143,8.51050000000009,0.362631578947398,0.407315789473692,0,FALSE,FALSE,0.984041692292752,19.680833845855,0,"4077;4083;4089;4095",1020,50000,"N = 50,000",5000,"5000","16",20,8,8.12973684210527,0.0428045009327824,0.984041692292752,"Stan model (NicoStan) + tape chunking + WCP","Stan model (NicoStan) + tape chunking + WCP",FALSE,0.485352668889397
"HPC","AD_Stan_WCP","NicoStan_BridgeStan",50000,4,32,8,4,20,"3f8ed78629bdab9b833b52bd1450ea30","NicoStan_BridgeStan_state_allocation_thread_setup_sampling_model_load_divergence_check","iteration_difference","main_scaling","two_run_difference",12500,4,3.8786842105262,3.86947368421045,0.182068498469077,0.662250000000085,4.34699999999998,0.468315789473775,0.19393421052631,0.665500000000065,4.32200000000012,0.479421052631647,0.193473684210523,0,FALSE,FALSE,2.06255512585663,41.2511025171326,0,"4298;4301;4304;4307",1076,50000,"N = 50,000",4,"4","32",20,8,3.8786842105262,0.182068498469077,2.06255512585663,"Stan model (NicoStan) + tape chunking + WCP","Stan model (NicoStan) + tape chunking + WCP",FALSE,0.586539113915494
"HPC","AD_Stan_WCP","NicoStan_BridgeStan",50000,10,32,8,4,20,"3f8ed78629bdab9b833b52bd1450ea30","NicoStan_BridgeStan_state_allocation_thread_setup_sampling_model_load_divergence_check","iteration_difference","main_scaling","two_run_difference",5000,4,3.22026315789473,3.22105263157895,0.0311476393744099,0.543750000000045,3.60300000000004,0.382736842105309,0.161013157894736,0.545000000000073,3.60600000000005,0.384421052631652,0.161052631578948,0,FALSE,FALSE,2.48426902018469,49.6853804036938,0,"3302;3305;3308;3311",827,50000,"N = 50,000",10,"10","32",20,8,3.22026315789473,0.0311476393744099,2.48426902018469,"Stan model (NicoStan) + tape chunking + WCP","Stan model (NicoStan) + tape chunking + WCP",FALSE,0.706464002615039
"HPC","AD_Stan_WCP","NicoStan_BridgeStan",50000,25,32,8,4,20,"3f8ed78629bdab9b833b52bd1450ea30","NicoStan_BridgeStan_state_allocation_thread_setup_sampling_model_load_divergence_check","iteration_difference","main_scaling","two_run_difference",2000,4,2.90263157894739,2.92736842105264,0.0576838263529148,0.505499999999984,3.26300000000001,0.360368421052614,0.14513157894737,0.504999999999995,3.28449999999998,0.361105263157888,0.146368421052632,0,FALSE,FALSE,2.75611967361739,55.1223934723477,0,"3378;3384;3390;3396",846,50000,"N = 50,000",25,"25","32",20,8,2.90263157894739,0.0576838263529148,2.75611967361739,"Stan model (NicoStan) + tape chunking + WCP","Stan model (NicoStan) + tape chunking + WCP",FALSE,0.783771532184963
"HPC","AD_Stan_WCP","NicoStan_BridgeStan",50000,50,32,8,4,20,"3f8ed78629bdab9b833b52bd1450ea30","NicoStan_BridgeStan_state_allocation_thread_setup_sampling_model_load_divergence_check","iteration_difference","main_scaling","two_run_difference",1000,4,2.48921052631563,2.48842105263137,0.029615885034107,0.510250000000099,2.87499999999994,0.385789473684317,0.124460526315781,0.510000000000105,2.87249999999995,0.386631578947482,0.124421052631569,0,FALSE,FALSE,3.21387038799049,64.2774077598097,0,"3478;3484;3490;3496",871,50000,"N = 50,000",50,"50","32",20,8,2.48921052631563,0.029615885034107,3.21387038799049,"Stan model (NicoStan) + tape chunking + WCP","Stan model (NicoStan) + tape chunking + WCP",FALSE,0.913944391584817
"HPC","AD_Stan_WCP","NicoStan_BridgeStan",50000,100,32,8,4,20,"3f8ed78629bdab9b833b52bd1450ea30","NicoStan_BridgeStan_state_allocation_thread_setup_sampling_model_load_divergence_check","iteration_difference","main_scaling","two_run_difference",500,4,2.33736842105259,2.31842105263156,0.0684804061050907,0.504500000000007,2.72499999999997,0.387631578947378,0.116868421052629,0.503500000000031,2.70249999999987,0.389078947368483,0.115921052631578,0,FALSE,FALSE,3.42265255573075,68.4530511146151,0,"3578;3584;3590;3596",896,50000,"N = 50,000",100,"100","32",20,8,2.33736842105259,0.0684804061050907,3.42265255573075,"Stan model (NicoStan) + tape chunking + WCP","Stan model (NicoStan) + tape chunking + WCP",FALSE,0.973316820535957
"HPC","AD_Stan_WCP","NicoStan_BridgeStan",50000,250,32,8,4,20,"3f8ed78629bdab9b833b52bd1450ea30","NicoStan_BridgeStan_state_allocation_thread_setup_sampling_model_load_divergence_check","iteration_difference","main_scaling","two_run_difference",200,4,2.27500000000006,2.28947368421048,0.0289473684210064,0.478499999999997,2.63975000000005,0.364749999999994,0.113750000000003,0.476999999999975,2.64999999999998,0.3639736842105,0.114473684210524,0,FALSE,FALSE,3.51648351648343,70.3296703296686,0,"3678;3684;3690;3696",921,50000,"N = 50,000",250,"250","32",20,8,2.27500000000006,0.0289473684210064,3.51648351648343,"Stan model (NicoStan) + tape chunking + WCP","Stan model (NicoStan) + tape chunking + WCP",TRUE,1
"HPC","AD_Stan_WCP","NicoStan_BridgeStan",50000,500,32,8,4,20,"3f8ed78629bdab9b833b52bd1450ea30","NicoStan_BridgeStan_state_allocation_thread_setup_sampling_model_load_divergence_check","iteration_difference","main_scaling","two_run_difference",100,4,2.37157894736829,2.37157894736823,0.0337936817623312,0.479750000000024,2.7327499999999,0.36117105263161,0.118578947368414,0.47950000000003,2.73149999999987,0.361815789473721,0.118578947368411,0,FALSE,FALSE,3.37328007101661,67.4656014203323,0,"3778;3784;3790;3796",946,50000,"N = 50,000",500,"500","32",20,8,2.37157894736829,0.0337936817623312,3.37328007101661,"Stan model (NicoStan) + tape chunking + WCP","Stan model (NicoStan) + tape chunking + WCP",FALSE,0.959276520195373
"HPC","AD_Stan_WCP","NicoStan_BridgeStan",50000,1000,32,8,4,20,"3f8ed78629bdab9b833b52bd1450ea30","NicoStan_BridgeStan_state_allocation_thread_setup_sampling_model_load_divergence_check","iteration_difference","main_scaling","two_run_difference",50,4,2.51657894736845,2.51421052631581,0.0295034311039668,0.49799999999999,2.88875000000002,0.372171052631568,0.125828947368422,0.49799999999999,2.88650000000001,0.3722894736842,0.125710526315791,0,FALSE,FALSE,3.17891874934641,63.5783749869281,0,"3878;3884;3890;3896",971,50000,"N = 50,000",1000,"1000","32",20,8,2.51657894736845,0.0295034311039668,3.17891874934641,"Stan model (NicoStan) + tape chunking + WCP","Stan model (NicoStan) + tape chunking + WCP",FALSE,0.904005019345406
"HPC","AD_Stan_WCP","NicoStan_BridgeStan",50000,2000,32,8,4,20,"3f8ed78629bdab9b833b52bd1450ea30","NicoStan_BridgeStan_state_allocation_thread_setup_sampling_model_load_divergence_check","iteration_difference","main_scaling","two_run_difference",25,4,2.76421052631582,2.75263157894738,0.0321813880359281,0.511000000000024,3.13700000000006,0.372789473684233,0.138210526315791,0.510999999999967,3.12600000000009,0.372210526315754,0.137631578947369,0,FALSE,FALSE,2.89413556740286,57.8827113480571,0,"3978;3984;3990;3996",996,50000,"N = 50,000",2000,"2000","32",20,8,2.76421052631582,0.0321813880359281,2.89413556740286,"Stan model (NicoStan) + tape chunking + WCP","Stan model (NicoStan) + tape chunking + WCP",FALSE,0.823019801980208
"HPC","AD_Stan_WCP","NicoStan_BridgeStan",50000,5000,32,8,4,20,"3f8ed78629bdab9b833b52bd1450ea30","NicoStan_BridgeStan_state_allocation_thread_setup_sampling_model_load_divergence_check","iteration_difference","main_scaling","two_run_difference",10,4,4.35868421052622,4.36631578947359,0.0566297201806981,0.59375,4.73449999999991,0.375815789473689,0.217934210526311,0.593500000000063,4.73799999999994,0.37460526315797,0.21831578947368,0,FALSE,FALSE,1.83541628931961,36.7083257863921,0,"4078;4084;4090;4096",1021,50000,"N = 50,000",5000,"5000","32",20,8,4.35868421052622,0.0566297201806981,1.83541628931961,"Stan model (NicoStan) + tape chunking + WCP","Stan model (NicoStan) + tape chunking + WCP",FALSE,0.521946507275276
"HPC","AD_Stan_WCP","NicoStan_BridgeStan",50000,8,64,8,8,20,"3f8ed78629bdab9b833b52bd1450ea30","NicoStan_BridgeStan_state_allocation_thread_setup_sampling_model_load_divergence_check","iteration_difference","main_scaling","two_run_difference",6250,4,3.47684210526316,3.50263157894747,0.0629411485514991,0.583750000000009,3.88675000000001,0.409907894736851,0.173842105263158,0.586000000000013,3.91200000000003,0.41236842105249,0.175131578947374,0,FALSE,FALSE,2.30093854072056,46.0187708144112,0,"4299;4302;4305;4308",1077,50000,"N = 50,000",8,"8","64",20,8,3.47684210526316,0.0629411485514991,2.30093854072056,"Stan model (NicoStan) + tape chunking + WCP","Stan model (NicoStan) + tape chunking + WCP",FALSE,0.42991220102939
"HPC","AD_Stan_WCP","NicoStan_BridgeStan",50000,10,64,8,8,20,"3f8ed78629bdab9b833b52bd1450ea30","NicoStan_BridgeStan_state_allocation_thread_setup_sampling_model_load_divergence_check","iteration_difference","main_scaling","two_run_difference",5000,4,3.16526315789477,3.16421052631588,0.0433755742695239,0.542499999999961,3.54949999999999,0.384236842105223,0.158263157894739,0.538499999999942,3.55200000000002,0.380289473684148,0.158210526315794,0,FALSE,FALSE,2.52743598270699,50.5487196541398,0,"3303;3306;3309;3312",828,50000,"N = 50,000",10,"10","64",20,8,3.16526315789477,0.0433755742695239,2.52743598270699,"Stan model (NicoStan) + tape chunking + WCP","Stan model (NicoStan) + tape chunking + WCP",FALSE,0.472231459926856
"HPC","AD_Stan_WCP","NicoStan_BridgeStan",50000,25,64,8,8,20,"3f8ed78629bdab9b833b52bd1450ea30","NicoStan_BridgeStan_state_allocation_thread_setup_sampling_model_load_divergence_check","iteration_difference","main_scaling","two_run_difference",2000,4,2.82421052631569,2.81842105263147,0.0186526791017979,0.519500000000079,3.20249999999999,0.378289473684294,0.141210526315785,0.523000000000081,3.20149999999995,0.381131578947454,0.140921052631573,0,FALSE,FALSE,2.83265001863595,56.6530003727191,0,"3379;3385;3391;3397",847,50000,"N = 50,000",25,"25","64",20,8,2.82421052631569,0.0186526791017979,2.83265001863595,"Stan model (NicoStan) + tape chunking + WCP","Stan model (NicoStan) + tape chunking + WCP",FALSE,0.529258292955692
"HPC","AD_Stan_WCP","NicoStan_BridgeStan",50000,50,64,8,8,20,"3f8ed78629bdab9b833b52bd1450ea30","NicoStan_BridgeStan_state_allocation_thread_setup_sampling_model_load_divergence_check","iteration_difference","main_scaling","two_run_difference",1000,4,2.24526315789484,2.24157894736855,0.0189668515814317,0.491499999999974,2.62450000000007,0.379236842105232,0.112263157894742,0.488999999999919,2.62200000000007,0.376921052631492,0.112078947368427,0,FALSE,FALSE,3.56305672761353,71.2611345522706,0,"3479;3485;3491;3497",872,50000,"N = 50,000",50,"50","64",20,8,2.24526315789484,0.0189668515814317,3.56305672761353,"Stan model (NicoStan) + tape chunking + WCP","Stan model (NicoStan) + tape chunking + WCP",FALSE,0.665729020159404
"HPC","AD_Stan_WCP","NicoStan_BridgeStan",50000,100,64,8,8,20,"3f8ed78629bdab9b833b52bd1450ea30","NicoStan_BridgeStan_state_allocation_thread_setup_sampling_model_load_divergence_check","iteration_difference","main_scaling","two_run_difference",500,4,1.83210526315801,1.80263157894746,0.0889063540859062,0.481249999999932,2.22175000000004,0.389644736842031,0.0916052631579006,0.478999999999928,2.18550000000005,0.389473684210459,0.0901315789473732,0,FALSE,FALSE,4.36656133295002,87.3312266590005,0,"3579;3585;3591;3597",897,50000,"N = 50,000",100,"100","64",20,8,1.83210526315801,0.0889063540859062,4.36656133295002,"Stan model (NicoStan) + tape chunking + WCP","Stan model (NicoStan) + tape chunking + WCP",FALSE,0.815857512209125
"HPC","AD_Stan_WCP","NicoStan_BridgeStan",50000,250,64,8,8,20,"3f8ed78629bdab9b833b52bd1450ea30","NicoStan_BridgeStan_state_allocation_thread_setup_sampling_model_load_divergence_check","iteration_difference","main_scaling","two_run_difference",200,4,1.49473684210534,1.49210526315803,0.0351122721112631,0.458249999999964,1.87825000000004,0.383513157894697,0.074736842105267,0.460500000000025,1.87850000000003,0.385552631578973,0.0746052631579017,0,FALSE,FALSE,5.35211267605606,107.042253521121,0,"3679;3685;3691;3697",922,50000,"N = 50,000",250,"250","64",20,8,1.49473684210534,0.0351122721112631,5.35211267605606,"Stan model (NicoStan) + tape chunking + WCP","Stan model (NicoStan) + tape chunking + WCP",TRUE,1
"HPC","AD_Stan_WCP","NicoStan_BridgeStan",50000,500,64,8,8,20,"3f8ed78629bdab9b833b52bd1450ea30","NicoStan_BridgeStan_state_allocation_thread_setup_sampling_model_load_divergence_check","iteration_difference","main_scaling","two_run_difference",100,4,1.55684210526314,1.58210526315794,0.0753054720947964,0.462500000000034,1.94150000000002,0.384657894736877,0.0778421052631571,0.463000000000079,1.95950000000005,0.386657894736925,0.079105263157897,0,FALSE,FALSE,5.13860716700479,102.772143340096,0,"3779;3785;3791;3797",947,50000,"N = 50,000",500,"500","64",20,8,1.55684210526314,0.0753054720947964,5.13860716700479,"Stan model (NicoStan) + tape chunking + WCP","Stan model (NicoStan) + tape chunking + WCP",FALSE,0.960108181203575
"HPC","AD_Stan_WCP","NicoStan_BridgeStan",50000,1000,64,8,8,20,"3f8ed78629bdab9b833b52bd1450ea30","NicoStan_BridgeStan_state_allocation_thread_setup_sampling_model_load_divergence_check","iteration_difference","main_scaling","two_run_difference",50,4,1.71157894736843,1.7031578947369,0.0301795182880371,0.48599999999999,2.11199999999999,0.400421052631569,0.0855789473684213,0.48599999999999,2.10650000000004,0.401026315789463,0.0851578947368448,0,FALSE,FALSE,4.67404674046739,93.4809348093478,0,"3879;3885;3891;3897",972,50000,"N = 50,000",1000,"1000","64",20,8,1.71157894736843,0.0301795182880371,4.67404674046739,"Stan model (NicoStan) + tape chunking + WCP","Stan model (NicoStan) + tape chunking + WCP",FALSE,0.873308733087373
"HPC","AD_Stan_WCP","NicoStan_BridgeStan",50000,2000,64,8,8,20,"3f8ed78629bdab9b833b52bd1450ea30","NicoStan_BridgeStan_state_allocation_thread_setup_sampling_model_load_divergence_check","iteration_difference","main_scaling","two_run_difference",25,4,1.87394736842114,1.86842105263167,0.0357830231544703,0.468250000000012,2.24850000000009,0.374552631578955,0.0936973684210569,0.466999999999985,2.24000000000001,0.373947368421036,0.0934210526315837,0,FALSE,FALSE,4.26906333380124,85.3812666760248,0,"3979;3985;3991;3997",997,50000,"N = 50,000",2000,"2000","64",20,8,1.87394736842114,0.0357830231544703,4.26906333380124,"Stan model (NicoStan) + tape chunking + WCP","Stan model (NicoStan) + tape chunking + WCP",FALSE,0.79764078078922
"HPC","AD_Stan_WCP","NicoStan_BridgeStan",50000,5000,64,8,8,20,"3f8ed78629bdab9b833b52bd1450ea30","NicoStan_BridgeStan_state_allocation_thread_setup_sampling_model_load_divergence_check","iteration_difference","main_scaling","two_run_difference",10,4,2.64421052631585,2.65631578947382,0.056431263804757,0.505999999999972,3.01800000000003,0.373789473684179,0.132210526315792,0.505999999999858,3.03000000000009,0.373684210526269,0.132815789473691,0,FALSE,FALSE,3.0254777070063,60.509554140126,0,"4079;4085;4091;4097",1022,50000,"N = 50,000",5000,"5000","64",20,8,2.64421052631585,0.056431263804757,3.0254777070063,"Stan model (NicoStan) + tape chunking + WCP","Stan model (NicoStan) + tape chunking + WCP",FALSE,0.565286624203838
"HPC","AD_Stan_WCP","NicoStan_BridgeStan",50000,12,96,8,12,20,"3f8ed78629bdab9b833b52bd1450ea30","NicoStan_BridgeStan_state_allocation_thread_setup_sampling_model_load_divergence_check","iteration_difference","main_scaling","two_run_difference",4167,4,3.35289473684198,3.36999999999989,0.153646654868176,0.603749999999877,3.78899999999976,0.436105263157778,0.167644736842099,0.556999999999789,3.76999999999975,0.387894736841896,0.168499999999995,0,FALSE,FALSE,2.38599795934394,47.7199591868788,0,"4361;4364;4367;4370",1091,50000,"N = 50,000",12,"12","96",20,8,3.35289473684198,0.153646654868176,2.38599795934394,"Stan model (NicoStan) + tape chunking + WCP","Stan model (NicoStan) + tape chunking + WCP",FALSE,0.432697590456036
"HPC","AD_Stan_WCP","NicoStan_BridgeStan",50000,25,96,8,12,20,"3f8ed78629bdab9b833b52bd1450ea30","NicoStan_BridgeStan_state_allocation_thread_setup_sampling_model_load_divergence_check","iteration_difference","main_scaling","two_run_difference",2000,4,3.08631578947364,3.08263157894735,0.0256836353113493,0.51524999999998,3.44724999999994,0.360934210526298,0.154315789473682,0.512499999999989,3.44099999999997,0.358368421052621,0.154131578947368,0,FALSE,FALSE,2.59208731241477,51.8417462482954,0,"3380;3386;3392;3398",848,50000,"N = 50,000",25,"25","96",20,8,3.08631578947364,0.0256836353113493,2.59208731241477,"Stan model (NicoStan) + tape chunking + WCP","Stan model (NicoStan) + tape chunking + WCP",FALSE,0.470071623465231
"HPC","AD_Stan_WCP","NicoStan_BridgeStan",50000,50,96,8,12,20,"3f8ed78629bdab9b833b52bd1450ea30","NicoStan_BridgeStan_state_allocation_thread_setup_sampling_model_load_divergence_check","iteration_difference","main_scaling","two_run_difference",1000,4,2.64657894736849,2.64263157894747,0.0358449003212257,0.505999999999972,3.02025000000003,0.373671052631548,0.132328947368424,0.503999999999905,3.0145,0.371868421052532,0.132131578947373,0,FALSE,FALSE,3.02277020980404,60.4554041960809,0,"3480;3486;3492;3498",873,50000,"N = 50,000",50,"50","96",20,8,2.64657894736849,0.0358449003212257,3.02277020980404,"Stan model (NicoStan) + tape chunking + WCP","Stan model (NicoStan) + tape chunking + WCP",FALSE,0.548175400218754
"HPC","AD_Stan_WCP","NicoStan_BridgeStan",50000,100,96,8,12,20,"3f8ed78629bdab9b833b52bd1450ea30","NicoStan_BridgeStan_state_allocation_thread_setup_sampling_model_load_divergence_check","iteration_difference","main_scaling","two_run_difference",500,4,1.91578947368414,1.91105263157899,0.0314265327732725,0.474750000000029,2.29474999999996,0.378960526315821,0.0957894736842072,0.473499999999945,2.29049999999995,0.376447368420994,0.0955526315789496,0,FALSE,FALSE,4.17582417582432,83.5164835164864,0,"3580;3586;3592;3598",898,50000,"N = 50,000",100,"100","96",20,8,1.91578947368414,0.0314265327732725,4.17582417582432,"Stan model (NicoStan) + tape chunking + WCP","Stan model (NicoStan) + tape chunking + WCP",FALSE,0.757280219780266
"HPC","AD_Stan_WCP","NicoStan_BridgeStan",50000,250,96,8,12,20,"3f8ed78629bdab9b833b52bd1450ea30","NicoStan_BridgeStan_state_allocation_thread_setup_sampling_model_load_divergence_check","iteration_difference","main_scaling","two_run_difference",200,4,1.45078947368425,1.44894736842102,0.0280136492257901,0.461250000000007,1.83950000000004,0.388710526315794,0.0725394736842125,0.458999999999946,1.84700000000009,0.385263157894674,0.0724473684210508,0,FALSE,FALSE,5.5142390712859,110.284781425718,0,"3680;3686;3692;3698",923,50000,"N = 50,000",250,"250","96",20,8,1.45078947368425,0.0280136492257901,5.5142390712859,"Stan model (NicoStan) + tape chunking + WCP","Stan model (NicoStan) + tape chunking + WCP",TRUE,1
"HPC","AD_Stan_WCP","NicoStan_BridgeStan",50000,500,96,8,12,20,"3f8ed78629bdab9b833b52bd1450ea30","NicoStan_BridgeStan_state_allocation_thread_setup_sampling_model_load_divergence_check","iteration_difference","main_scaling","two_run_difference",100,4,1.46157894736838,1.45999999999994,0.0386713787047078,0.470249999999965,1.85874999999993,0.397171052631545,0.0730789473684192,0.474999999999909,1.85099999999989,0.403342105263146,0.072999999999997,0,FALSE,FALSE,5.47353258912509,109.470651782502,0,"3780;3786;3792;3798",948,50000,"N = 50,000",500,"500","96",20,8,1.46157894736838,0.0386713787047078,5.47353258912509,"Stan model (NicoStan) + tape chunking + WCP","Stan model (NicoStan) + tape chunking + WCP",FALSE,0.992617933021298
"HPC","AD_Stan_WCP","NicoStan_BridgeStan",50000,1000,96,8,12,20,"3f8ed78629bdab9b833b52bd1450ea30","NicoStan_BridgeStan_state_allocation_thread_setup_sampling_model_load_divergence_check","iteration_difference","main_scaling","two_run_difference",50,4,1.61736842105262,1.62105263157891,0.0120785364757501,0.476749999999981,2.01324999999997,0.39588157894735,0.080868421052631,0.476499999999987,2.01649999999995,0.395447368421042,0.0810526315789455,0,FALSE,FALSE,4.9463065408396,98.9261308167921,0,"3880;3886;3892;3898",973,50000,"N = 50,000",1000,"1000","96",20,8,1.61736842105262,0.0120785364757501,4.9463065408396,"Stan model (NicoStan) + tape chunking + WCP","Stan model (NicoStan) + tape chunking + WCP",FALSE,0.897006182883206
"HPC","AD_Stan_WCP","NicoStan_BridgeStan",50000,2000,96,8,12,20,"3f8ed78629bdab9b833b52bd1450ea30","NicoStan_BridgeStan_state_allocation_thread_setup_sampling_model_load_divergence_check","iteration_difference","main_scaling","two_run_difference",25,4,1.73921052631583,1.72421052631594,0.0413473451960151,0.474999999999966,2.12725,0.388039473684174,0.0869605263157915,0.476499999999874,2.11450000000002,0.390289473684076,0.0862105263157972,0,FALSE,FALSE,4.59978816765007,91.9957633530014,0,"3980;3986;3992;3998",998,50000,"N = 50,000",2000,"2000","96",20,8,1.73921052631583,0.0413473451960151,4.59978816765007,"Stan model (NicoStan) + tape chunking + WCP","Stan model (NicoStan) + tape chunking + WCP",FALSE,0.83416553185051
"HPC","AD_Stan_WCP","NicoStan_BridgeStan",50000,5000,96,8,12,20,"3f8ed78629bdab9b833b52bd1450ea30","NicoStan_BridgeStan_state_allocation_thread_setup_sampling_model_load_divergence_check","iteration_difference","main_scaling","two_run_difference",10,4,2.33736842105265,2.34052631578953,0.0561524109852709,0.50200000000001,2.72250000000003,0.385131578947377,0.116868421052632,0.5,2.72750000000008,0.383289473684212,0.117026315789477,0,FALSE,FALSE,3.42265255573067,68.4530511146134,0,"4080;4086;4092;4098",1023,50000,"N = 50,000",5000,"5000","96",20,8,2.33736842105265,0.0561524109852709,3.42265255573067,"Stan model (NicoStan) + tape chunking + WCP","Stan model (NicoStan) + tape chunking + WCP",FALSE,0.620693537491568
"HPC","AD_Stan_WCP","NicoStan_BridgeStan",50000,16,128,8,16,20,"3f8ed78629bdab9b833b52bd1450ea30","NicoStan_BridgeStan_state_allocation_thread_setup_sampling_model_load_divergence_check","iteration_difference","main_scaling","two_run_difference",3125,4,3.27447368421058,3.24157894736824,0.0989151683331141,0.532249999999976,3.64300000000003,0.368526315789447,0.163723684210529,0.530500000000075,3.6099999999999,0.368421052631663,0.162078947368412,0,FALSE,FALSE,2.44314072169087,48.8628144338174,0,"4362;4365;4368;4371",1092,50000,"N = 50,000",16,"16","128",20,8,3.27447368421058,0.0989151683331141,2.44314072169087,"Stan model (NicoStan) + tape chunking + WCP","Stan model (NicoStan) + tape chunking + WCP",FALSE,0.449570039379567
"HPC","AD_Stan_WCP","NicoStan_BridgeStan",50000,25,128,8,16,20,"3f8ed78629bdab9b833b52bd1450ea30","NicoStan_BridgeStan_state_allocation_thread_setup_sampling_model_load_divergence_check","iteration_difference","main_scaling","two_run_difference",2000,4,3.17552631578951,3.17473684210528,0.0289983601917473,0.514499999999998,3.53125000000003,0.355723684210523,0.158776315789475,0.511000000000024,3.52700000000004,0.35226315789476,0.158736842105264,0,FALSE,FALSE,2.51926742355181,50.3853484710362,0,"3381;3387;3393;3399",849,50000,"N = 50,000",25,"25","128",20,8,3.17552631578951,0.0289983601917473,2.51926742355181,"Stan model (NicoStan) + tape chunking + WCP","Stan model (NicoStan) + tape chunking + WCP",FALSE,0.46357835418911
"HPC","AD_Stan_WCP","NicoStan_BridgeStan",50000,50,128,8,16,20,"3f8ed78629bdab9b833b52bd1450ea30","NicoStan_BridgeStan_state_allocation_thread_setup_sampling_model_load_divergence_check","iteration_difference","main_scaling","two_run_difference",1000,4,2.89499999999993,2.87842105263161,0.0566231977102704,0.516500000000008,3.26674999999994,0.371750000000011,0.144749999999997,0.51400000000001,3.24850000000004,0.37007894736843,0.14392105263158,0,FALSE,FALSE,2.7633851468049,55.267702936098,0,"3481;3487;3493;3499",874,50000,"N = 50,000",50,"50","128",20,8,2.89499999999993,0.0566231977102704,2.7633851468049,"Stan model (NicoStan) + tape chunking + WCP","Stan model (NicoStan) + tape chunking + WCP",FALSE,0.508499227342985
"HPC","AD_Stan_WCP","NicoStan_BridgeStan",50000,100,128,8,16,20,"3f8ed78629bdab9b833b52bd1450ea30","NicoStan_BridgeStan_state_allocation_thread_setup_sampling_model_load_divergence_check","iteration_difference","main_scaling","two_run_difference",500,4,2.33894736842103,2.33947368421037,0.0463875042873354,0.498749999999973,2.72074999999995,0.381802631578921,0.116947368421052,0.495499999999993,2.72499999999991,0.38042105263157,0.116973684210519,0,FALSE,FALSE,3.42034203420345,68.406840684069,0,"3581;3587;3593;3599",899,50000,"N = 50,000",100,"100","128",20,8,2.33894736842103,0.0463875042873354,3.42034203420345,"Stan model (NicoStan) + tape chunking + WCP","Stan model (NicoStan) + tape chunking + WCP",FALSE,0.629387938793891
"HPC","AD_Stan_WCP","NicoStan_BridgeStan",50000,250,128,8,16,20,"3f8ed78629bdab9b833b52bd1450ea30","NicoStan_BridgeStan_state_allocation_thread_setup_sampling_model_load_divergence_check","iteration_difference","main_scaling","two_run_difference",200,4,1.48184210526306,1.47315789473683,0.0734702407075841,0.462750000000085,1.87049999999999,0.388657894736932,0.074092105263153,0.462000000000103,1.86300000000006,0.387473684210638,0.0736578947368415,0,FALSE,FALSE,5.39868584620884,107.973716924177,0,"3681;3687;3693;3699",924,50000,"N = 50,000",250,"250","128",20,8,1.48184210526306,0.0734702407075841,5.39868584620884,"Stan model (NicoStan) + tape chunking + WCP","Stan model (NicoStan) + tape chunking + WCP",FALSE,0.993429231042518
"HPC","AD_Stan_WCP","NicoStan_BridgeStan",50000,500,128,8,16,20,"3f8ed78629bdab9b833b52bd1450ea30","NicoStan_BridgeStan_state_allocation_thread_setup_sampling_model_load_divergence_check","iteration_difference","main_scaling","two_run_difference",100,4,1.47210526315791,1.47473684210521,0.0613934828906887,0.473750000000052,1.87225000000007,0.400144736842157,0.0736052631578954,0.475999999999999,1.87150000000008,0.403026315789463,0.0737368421052607,0,FALSE,FALSE,5.43439399356448,108.68787987129,0,"3781;3787;3793;3799",949,50000,"N = 50,000",500,"500","128",20,8,1.47210526315791,0.0613934828906887,5.43439399356448,"Stan model (NicoStan) + tape chunking + WCP","Stan model (NicoStan) + tape chunking + WCP",TRUE,1
"HPC","AD_Stan_WCP","NicoStan_BridgeStan",50000,1000,128,8,16,20,"3f8ed78629bdab9b833b52bd1450ea30","NicoStan_BridgeStan_state_allocation_thread_setup_sampling_model_load_divergence_check","iteration_difference","main_scaling","two_run_difference",50,4,1.61473684210525,1.61368421052627,0.0359336620757263,0.490500000000026,2.02450000000002,0.409763157894763,0.0807368421052627,0.491999999999962,2.02200000000005,0.41121052631575,0.0806842105263136,0,FALSE,FALSE,4.9543676662321,99.087353324642,0,"3881;3887;3893;3899",974,50000,"N = 50,000",1000,"1000","128",20,8,1.61473684210525,0.0359336620757263,4.9543676662321,"Stan model (NicoStan) + tape chunking + WCP","Stan model (NicoStan) + tape chunking + WCP",FALSE,0.911668839634954
"HPC","AD_Stan_WCP","NicoStan_BridgeStan",50000,2000,128,8,16,20,"3f8ed78629bdab9b833b52bd1450ea30","NicoStan_BridgeStan_state_allocation_thread_setup_sampling_model_load_divergence_check","iteration_difference","main_scaling","two_run_difference",25,4,1.70684210526319,1.71052631578959,0.0166989530306237,0.470999999999947,2.09249999999997,0.385657894736788,0.0853421052631593,0.474499999999921,2.08699999999999,0.388973684210441,0.0855263157894797,0,FALSE,FALSE,4.68701819303107,93.7403638606214,0,"3981;3987;3993;3999",999,50000,"N = 50,000",2000,"2000","128",20,8,1.70684210526319,0.0166989530306237,4.68701819303107,"Stan model (NicoStan) + tape chunking + WCP","Stan model (NicoStan) + tape chunking + WCP",FALSE,0.862473018809738
"HPC","AD_Stan_WCP","NicoStan_BridgeStan",50000,5000,128,8,16,20,"3f8ed78629bdab9b833b52bd1450ea30","NicoStan_BridgeStan_state_allocation_thread_setup_sampling_model_load_divergence_check","iteration_difference","main_scaling","two_run_difference",10,4,2.20868421052644,2.20315789473692,0.0232275666454613,0.490749999999935,2.58900000000006,0.380315789473612,0.110434210526322,0.490000000000009,2.58500000000004,0.380105263157906,0.110157894736846,0,FALSE,FALSE,3.6220660073869,72.441320147738,0,"4081;4087;4093;4099",1024,50000,"N = 50,000",5000,"5000","128",20,8,2.20868421052644,0.0232275666454613,3.6220660073869,"Stan model (NicoStan) + tape chunking + WCP","Stan model (NicoStan) + tape chunking + WCP",FALSE,0.666507804122451
"HPC","AD_Stan_WCP","NicoStan_BridgeStan",50000,22,176,8,22,20,"3f8ed78629bdab9b833b52bd1450ea30","NicoStan_BridgeStan_state_allocation_thread_setup_sampling_model_load_divergence_check","iteration_difference","main_scaling","two_run_difference",2273,4,3.24500000000015,3.12578947368437,0.273143020924957,0.556500000000028,3.63925000000017,0.394250000000021,0.162250000000008,0.536000000000058,3.55450000000019,0.367894736842369,0.156289473684219,0,FALSE,FALSE,2.46533127889048,49.3066255778097,0,"4363;4366;4369;4372",1093,50000,"N = 50,000",22,"22","176",20,8,3.24500000000015,0.273143020924957,2.46533127889048,"Stan model (NicoStan) + tape chunking + WCP","Stan model (NicoStan) + tape chunking + WCP",FALSE,0.466628821668953
"HPC","AD_Stan_WCP","NicoStan_BridgeStan",50000,25,176,8,22,20,"3f8ed78629bdab9b833b52bd1450ea30","NicoStan_BridgeStan_state_allocation_thread_setup_sampling_model_load_divergence_check","iteration_difference","main_scaling","two_run_difference",2000,4,3.21131578947371,3.20789473684206,0.0476240664812186,0.521500000000003,3.57225000000003,0.360934210526318,0.160565789473685,0.519999999999982,3.56599999999997,0.361236842105239,0.160394736842103,0,FALSE,FALSE,2.49119069081372,49.8238138162743,0,"3382;3388;3394;3400",850,50000,"N = 50,000",25,"25","176",20,8,3.21131578947371,0.0476240664812186,2.49119069081372,"Stan model (NicoStan) + tape chunking + WCP","Stan model (NicoStan) + tape chunking + WCP",FALSE,0.471523395886265
"HPC","AD_Stan_WCP","NicoStan_BridgeStan",50000,50,176,8,22,20,"3f8ed78629bdab9b833b52bd1450ea30","NicoStan_BridgeStan_state_allocation_thread_setup_sampling_model_load_divergence_check","iteration_difference","main_scaling","two_run_difference",1000,4,3.10921052631586,3.1221052631579,0.0310050185077966,0.531499999999994,3.48525000000006,0.376039473684201,0.155460526315793,0.529499999999985,3.48700000000008,0.374947368421036,0.156105263157895,0,FALSE,FALSE,2.5730004231908,51.460008463816,0,"3482;3488;3494;3500",875,50000,"N = 50,000",50,"50","176",20,8,3.10921052631586,0.0310050185077966,2.5730004231908,"Stan model (NicoStan) + tape chunking + WCP","Stan model (NicoStan) + tape chunking + WCP",FALSE,0.487008040626322
"HPC","AD_Stan_WCP","NicoStan_BridgeStan",50000,100,176,8,22,20,"3f8ed78629bdab9b833b52bd1450ea30","NicoStan_BridgeStan_state_allocation_thread_setup_sampling_model_load_divergence_check","iteration_difference","main_scaling","two_run_difference",500,4,2.72552631578953,2.73473684210534,0.01986798535607,0.516749999999945,3.10599999999999,0.380473684210469,0.136276315789476,0.51299999999992,3.10950000000003,0.376263157894653,0.136736842105267,0,FALSE,FALSE,2.93521289948821,58.7042579897643,0,"3582;3588;3594;3600",900,50000,"N = 50,000",100,"100","176",20,8,2.72552631578953,0.01986798535607,2.93521289948821,"Stan model (NicoStan) + tape chunking + WCP","Stan model (NicoStan) + tape chunking + WCP",FALSE,0.55556628367288
"HPC","AD_Stan_WCP","NicoStan_BridgeStan",50000,250,176,8,22,20,"3f8ed78629bdab9b833b52bd1450ea30","NicoStan_BridgeStan_state_allocation_thread_setup_sampling_model_load_divergence_check","iteration_difference","main_scaling","two_run_difference",200,4,1.95842105263158,1.94736842105254,0.0737217949257799,0.47075000000001,2.33125000000001,0.372828947368431,0.097921052631579,0.461999999999989,2.33399999999995,0.36257894736841,0.0973684210526268,0,FALSE,FALSE,4.0849234076861,81.698468153722,0,"3682;3688;3694;3700",925,50000,"N = 50,000",250,"250","176",20,8,1.95842105263158,0.0737217949257799,4.0849234076861,"Stan model (NicoStan) + tape chunking + WCP","Stan model (NicoStan) + tape chunking + WCP",FALSE,0.773179252889025
"HPC","AD_Stan_WCP","NicoStan_BridgeStan",50000,500,176,8,22,20,"3f8ed78629bdab9b833b52bd1450ea30","NicoStan_BridgeStan_state_allocation_thread_setup_sampling_model_load_divergence_check","iteration_difference","main_scaling","two_run_difference",100,4,1.51421052631582,1.51210526315804,0.0366712831811291,0.46225000000004,1.90075000000007,0.386539473684249,0.0757105263157912,0.462999999999965,1.8995000000001,0.387394736842063,0.075605263157902,0,FALSE,FALSE,5.28328119568983,105.665623913797,0,"3782;3788;3794;3800",950,50000,"N = 50,000",500,"500","176",20,8,1.51421052631582,0.0366712831811291,5.28328119568983,"Stan model (NicoStan) + tape chunking + WCP","Stan model (NicoStan) + tape chunking + WCP",TRUE,1
"HPC","AD_Stan_WCP","NicoStan_BridgeStan",50000,1000,176,8,22,20,"3f8ed78629bdab9b833b52bd1450ea30","NicoStan_BridgeStan_state_allocation_thread_setup_sampling_model_load_divergence_check","iteration_difference","main_scaling","two_run_difference",50,4,1.60447368421052,1.59210526315788,0.0388227023282134,0.515000000000015,2.03925000000001,0.434776315789489,0.0802236842105261,0.515499999999975,2.04599999999999,0.436368421052605,0.0796052631578941,0,FALSE,FALSE,4.98605871740202,99.7211743480403,0,"3882;3888;3894;3900",975,50000,"N = 50,000",1000,"1000","176",20,8,1.60447368421052,0.0388227023282134,4.98605871740202,"Stan model (NicoStan) + tape chunking + WCP","Stan model (NicoStan) + tape chunking + WCP",FALSE,0.943742824339864
"HPC","AD_Stan_WCP","NicoStan_BridgeStan",50000,2000,176,8,22,20,"3f8ed78629bdab9b833b52bd1450ea30","NicoStan_BridgeStan_state_allocation_thread_setup_sampling_model_load_divergence_check","iteration_difference","main_scaling","two_run_difference",25,4,1.74526315789475,1.74578947368421,0.0274896102257258,0.489749999999958,2.14774999999997,0.402486842105221,0.0872631578947377,0.487999999999943,2.14599999999996,0.401421052631523,0.0872894736842107,0,FALSE,FALSE,4.58383594692396,91.6767189384792,0,"3982;3988;3994;4000",1000,50000,"N = 50,000",2000,"2000","176",20,8,1.74526315789475,0.0274896102257258,4.58383594692396,"Stan model (NicoStan) + tape chunking + WCP","Stan model (NicoStan) + tape chunking + WCP",FALSE,0.867611580217141
"HPC","AD_Stan_WCP","NicoStan_BridgeStan",50000,5000,176,8,22,20,"3f8ed78629bdab9b833b52bd1450ea30","NicoStan_BridgeStan_state_allocation_thread_setup_sampling_model_load_divergence_check","iteration_difference","main_scaling","two_run_difference",10,4,2.20842105263171,2.20263157894758,0.0320779291177944,0.489499999999907,2.58750000000003,0.379078947368322,0.110421052631586,0.490999999999985,2.58750000000009,0.381526315789463,0.110131578947379,0,FALSE,FALSE,3.62249761677767,72.4499523355533,0,"4082;4088;4094;4100",1025,50000,"N = 50,000",5000,"5000","176",20,8,2.20842105263171,0.0320779291177944,3.62249761677767,"Stan model (NicoStan) + tape chunking + WCP","Stan model (NicoStan) + tape chunking + WCP",FALSE,0.685653002859841
"HPC","AD_Stan_WCP","NicoStan_BridgeStan",50000,2,32,16,2,20,"3f8ed78629bdab9b833b52bd1450ea30","NicoStan_BridgeStan_state_allocation_thread_setup_sampling_model_load_divergence_check","iteration_difference","main_scaling","two_run_difference",25000,4,8.00421052631571,8.09263157894724,0.295587744158652,1.22500000000002,8.82899999999995,0.824789473684237,0.400210526315786,1.17900000000009,8.9085,0.783210526315878,0.404631578947362,0,FALSE,FALSE,1.99894792214626,39.9789584429252,0,"4309;4313;4317;4321",1078,50000,"N = 50,000",2,"2","32",20,16,8.00421052631571,0.295587744158652,1.99894792214626,"Stan model (NicoStan) + tape chunking + WCP","Stan model (NicoStan) + tape chunking + WCP",FALSE,0.557338243029997
"HPC","AD_Stan_WCP","NicoStan_BridgeStan",50000,10,32,16,2,20,"3f8ed78629bdab9b833b52bd1450ea30","NicoStan_BridgeStan_state_allocation_thread_setup_sampling_model_load_divergence_check","iteration_difference","main_scaling","two_run_difference",5000,4,6.2289473684211,6.19210526315795,0.118040323642141,0.802749999999975,6.72025000000002,0.49130263157892,0.311447368421055,0.802999999999997,6.7045,0.4933947368421,0.309605263157897,0,FALSE,FALSE,2.56865230249259,51.3730460498517,0,"3313;3317;3321;3325",829,50000,"N = 50,000",10,"10","32",20,16,6.2289473684211,0.118040323642141,2.56865230249259,"Stan model (NicoStan) + tape chunking + WCP","Stan model (NicoStan) + tape chunking + WCP",FALSE,0.716180819602877
"HPC","AD_Stan_WCP","NicoStan_BridgeStan",50000,25,32,16,2,20,"3f8ed78629bdab9b833b52bd1450ea30","NicoStan_BridgeStan_state_allocation_thread_setup_sampling_model_load_divergence_check","iteration_difference","main_scaling","two_run_difference",2000,4,5.56921052631579,5.55526315789465,0.164105623262269,0.77600000000001,6.06675000000001,0.497539473684221,0.27846052631579,0.762499999999932,6.03199999999993,0.490947368420979,0.277763157894733,0,FALSE,FALSE,2.87293861928838,57.4587723857676,0,"3401;3406;3411;3416",851,50000,"N = 50,000",25,"25","32",20,16,5.56921052631579,0.164105623262269,2.87293861928838,"Stan model (NicoStan) + tape chunking + WCP","Stan model (NicoStan) + tape chunking + WCP",FALSE,0.801020649246336
"HPC","AD_Stan_WCP","NicoStan_BridgeStan",50000,50,32,16,2,20,"3f8ed78629bdab9b833b52bd1450ea30","NicoStan_BridgeStan_state_allocation_thread_setup_sampling_model_load_divergence_check","iteration_difference","main_scaling","two_run_difference",1000,4,4.80657894736845,4.8236842105263,0.0584842395767552,0.782749999999965,5.34899999999999,0.542421052631542,0.240328947368422,0.782499999999914,5.38049999999998,0.543289473684252,0.241184210526315,0,FALSE,FALSE,3.32877087325484,66.5754174650968,0,"3501;3506;3511;3516",876,50000,"N = 50,000",50,"50","32",20,16,4.80657894736845,0.0584842395767552,3.32877087325484,"Stan model (NicoStan) + tape chunking + WCP","Stan model (NicoStan) + tape chunking + WCP",FALSE,0.928113879003566
"HPC","AD_Stan_WCP","NicoStan_BridgeStan",50000,100,32,16,2,20,"3f8ed78629bdab9b833b52bd1450ea30","NicoStan_BridgeStan_state_allocation_thread_setup_sampling_model_load_divergence_check","iteration_difference","main_scaling","two_run_difference",500,4,4.50736842105249,4.49421052631566,0.134739583305317,0.771750000000111,5.05374999999998,0.546381578947486,0.225368421052625,0.769000000000119,5.04599999999994,0.542368421052761,0.224710526315783,0,FALSE,FALSE,3.54974311069605,70.9948622139209,0,"3601;3606;3611;3616",901,50000,"N = 50,000",100,"100","32",20,16,4.50736842105249,0.134739583305317,3.54974311069605,"Stan model (NicoStan) + tape chunking + WCP","Stan model (NicoStan) + tape chunking + WCP",FALSE,0.989724427837502
"HPC","AD_Stan_WCP","NicoStan_BridgeStan",50000,250,32,16,2,20,"3f8ed78629bdab9b833b52bd1450ea30","NicoStan_BridgeStan_state_allocation_thread_setup_sampling_model_load_divergence_check","iteration_difference","main_scaling","two_run_difference",200,4,4.46105263157901,4.4684210526317,0.103665061906062,0.661499999999933,4.89949999999999,0.438447368420982,0.22305263157895,0.658999999999878,4.89499999999998,0.435578947368293,0.223421052631585,0,FALSE,FALSE,3.58659745162808,71.7319490325616,0,"3701;3706;3711;3716",926,50000,"N = 50,000",250,"250","32",20,16,4.46105263157901,0.103665061906062,3.58659745162808,"Stan model (NicoStan) + tape chunking + WCP","Stan model (NicoStan) + tape chunking + WCP",TRUE,1
"HPC","AD_Stan_WCP","NicoStan_BridgeStan",50000,500,32,16,2,20,"3f8ed78629bdab9b833b52bd1450ea30","NicoStan_BridgeStan_state_allocation_thread_setup_sampling_model_load_divergence_check","iteration_difference","main_scaling","two_run_difference",100,4,4.65315789473691,4.64368421052636,0.111996900102111,0.675749999999994,5.09625000000005,0.443092105263148,0.232657894736845,0.677500000000009,5.08900000000006,0.445315789473691,0.232184210526318,0,FALSE,FALSE,3.43852505372691,68.7705010745381,0,"3801;3806;3811;3816",951,50000,"N = 50,000",500,"500","32",20,16,4.65315789473691,0.111996900102111,3.43852505372691,"Stan model (NicoStan) + tape chunking + WCP","Stan model (NicoStan) + tape chunking + WCP",FALSE,0.958715077479923
"HPC","AD_Stan_WCP","NicoStan_BridgeStan",50000,1000,32,16,2,20,"3f8ed78629bdab9b833b52bd1450ea30","NicoStan_BridgeStan_state_allocation_thread_setup_sampling_model_load_divergence_check","iteration_difference","main_scaling","two_run_difference",50,4,4.83973684210528,4.80578947368426,0.0884894263628434,0.70675,5.30450000000002,0.464763157894735,0.241986842105264,0.706500000000005,5.27500000000009,0.466342105263164,0.240289473684213,0,FALSE,FALSE,3.3059648741232,66.119297482464,0,"3901;3906;3911;3916",976,50000,"N = 50,000",1000,"1000","32",20,16,4.83973684210528,0.0884894263628434,3.3059648741232,"Stan model (NicoStan) + tape chunking + WCP","Stan model (NicoStan) + tape chunking + WCP",FALSE,0.921755206350941
"HPC","AD_Stan_WCP","NicoStan_BridgeStan",50000,2000,32,16,2,20,"3f8ed78629bdab9b833b52bd1450ea30","NicoStan_BridgeStan_state_allocation_thread_setup_sampling_model_load_divergence_check","iteration_difference","main_scaling","two_run_difference",25,4,5.4115789473685,5.36368421052645,0.118160727508692,0.739749999999901,5.88074999999998,0.469171052631476,0.270578947368425,0.737999999999943,5.83699999999999,0.470999999999938,0.268184210526323,0,FALSE,FALSE,2.95662322505345,59.132464501069,0,"4001;4006;4011;4016",1001,50000,"N = 50,000",2000,"2000","32",20,16,5.4115789473685,0.118160727508692,2.95662322505345,"Stan model (NicoStan) + tape chunking + WCP","Stan model (NicoStan) + tape chunking + WCP",FALSE,0.824353238669518
"HPC","AD_Stan_WCP","NicoStan_BridgeStan",50000,5000,32,16,2,20,"3f8ed78629bdab9b833b52bd1450ea30","NicoStan_BridgeStan_state_allocation_thread_setup_sampling_model_load_divergence_check","iteration_difference","main_scaling","two_run_difference",10,4,8.63815789473691,8.60736842105266,0.0871943944252762,0.903750000000002,9.11000000000007,0.471842105263157,0.431907894736846,0.903500000000008,9.08050000000003,0.473131578947375,0.430368421052633,0,FALSE,FALSE,1.85224676313784,37.0449352627567,0,"4101;4106;4111;4116",1026,50000,"N = 50,000",5000,"5000","32",20,16,8.63815789473691,0.0871943944252762,1.85224676313784,"Stan model (NicoStan) + tape chunking + WCP","Stan model (NicoStan) + tape chunking + WCP",FALSE,0.516435643564359
"HPC","AD_Stan_WCP","NicoStan_BridgeStan",50000,4,64,16,4,20,"3f8ed78629bdab9b833b52bd1450ea30","NicoStan_BridgeStan_state_allocation_thread_setup_sampling_model_load_divergence_check","iteration_difference","main_scaling","two_run_difference",12500,4,7.33368421052606,7.30578947368414,0.283480544017806,0.886000000000195,7.85299999999995,0.519315789473892,0.366684210526303,0.887000000000171,7.86800000000017,0.510131578947745,0.365289473684207,0,FALSE,FALSE,2.18171379359847,43.6342758719694,0,"4310;4314;4318;4322",1079,50000,"N = 50,000",4,"4","64",20,16,7.33368421052606,0.283480544017806,2.18171379359847,"Stan model (NicoStan) + tape chunking + WCP","Stan model (NicoStan) + tape chunking + WCP",FALSE,0.384132338165657
"HPC","AD_Stan_WCP","NicoStan_BridgeStan",50000,10,64,16,4,20,"3f8ed78629bdab9b833b52bd1450ea30","NicoStan_BridgeStan_state_allocation_thread_setup_sampling_model_load_divergence_check","iteration_difference","main_scaling","two_run_difference",5000,4,5.98368421052627,5.97631578947363,0.071633106445715,0.777000000000015,6.46149999999997,0.477815789473702,0.299184210526313,0.773500000000013,6.45099999999996,0.474684210526331,0.298815789473682,0,FALSE,FALSE,2.6739379013106,53.478758026212,0,"3314;3318;3322;3326",830,50000,"N = 50,000",10,"10","64",20,16,5.98368421052627,0.071633106445715,2.6739379013106,"Stan model (NicoStan) + tape chunking + WCP","Stan model (NicoStan) + tape chunking + WCP",FALSE,0.470797783446224
"HPC","AD_Stan_WCP","NicoStan_BridgeStan",50000,25,64,16,4,20,"3f8ed78629bdab9b833b52bd1450ea30","NicoStan_BridgeStan_state_allocation_thread_setup_sampling_model_load_divergence_check","iteration_difference","main_scaling","two_run_difference",2000,4,5.45394736842097,5.45578947368408,0.0284843350055808,0.742000000000019,5.92324999999994,0.46930263157897,0.272697368421048,0.737499999999955,5.91899999999987,0.465815789473637,0.272789473684204,0,FALSE,FALSE,2.93365500603141,58.6731001206282,0,"3402;3407;3412;3417",852,50000,"N = 50,000",25,"25","64",20,16,5.45394736842097,0.0284843350055808,2.93365500603141,"Stan model (NicoStan) + tape chunking + WCP","Stan model (NicoStan) + tape chunking + WCP",FALSE,0.516525934861294
"HPC","AD_Stan_WCP","NicoStan_BridgeStan",50000,50,64,16,4,20,"3f8ed78629bdab9b833b52bd1450ea30","NicoStan_BridgeStan_state_allocation_thread_setup_sampling_model_load_divergence_check","iteration_difference","main_scaling","two_run_difference",1000,4,4.30710526315806,4.30052631578962,0.0367404612906572,0.706499999999949,4.79825000000011,0.491144736842045,0.215355263157903,0.708999999999946,4.7890000000001,0.493184210526256,0.215026315789481,0,FALSE,FALSE,3.71479195943042,74.2958391886083,0,"3502;3507;3512;3517",877,50000,"N = 50,000",50,"50","64",20,16,4.30710526315806,0.0367404612906572,3.71479195943042,"Stan model (NicoStan) + tape chunking + WCP","Stan model (NicoStan) + tape chunking + WCP",FALSE,0.654059998778013
"HPC","AD_Stan_WCP","NicoStan_BridgeStan",50000,100,64,16,4,20,"3f8ed78629bdab9b833b52bd1450ea30","NicoStan_BridgeStan_state_allocation_thread_setup_sampling_model_load_divergence_check","iteration_difference","main_scaling","two_run_difference",500,4,3.20894736842104,3.20052631578954,0.0633243420745555,0.665500000000009,3.714,0.505052631578957,0.160447368421052,0.664999999999964,3.70500000000004,0.505078947368385,0.160026315789477,0,FALSE,FALSE,4.98605871740202,99.7211743480403,0,"3602;3607;3612;3617",902,50000,"N = 50,000",100,"100","64",20,16,3.20894736842104,0.0633243420745555,4.98605871740202,"Stan model (NicoStan) + tape chunking + WCP","Stan model (NicoStan) + tape chunking + WCP",FALSE,0.877890765950483
"HPC","AD_Stan_WCP","NicoStan_BridgeStan",50000,250,64,16,4,20,"3f8ed78629bdab9b833b52bd1450ea30","NicoStan_BridgeStan_state_allocation_thread_setup_sampling_model_load_divergence_check","iteration_difference","main_scaling","two_run_difference",200,4,2.81710526315794,2.82789473684213,0.0353154887952917,0.598749999999995,3.27500000000003,0.457894736842099,0.140855263157897,0.601499999999987,3.25900000000001,0.461947368421037,0.141394736842107,0,FALSE,FALSE,5.67958897711342,113.591779542268,0,"3702;3707;3712;3717",927,50000,"N = 50,000",250,"250","64",20,16,2.81710526315794,0.0353154887952917,5.67958897711342,"Stan model (NicoStan) + tape chunking + WCP","Stan model (NicoStan) + tape chunking + WCP",TRUE,1
"HPC","AD_Stan_WCP","NicoStan_BridgeStan",50000,500,64,16,4,20,"3f8ed78629bdab9b833b52bd1450ea30","NicoStan_BridgeStan_state_allocation_thread_setup_sampling_model_load_divergence_check","iteration_difference","main_scaling","two_run_difference",100,4,2.90763157894724,2.87999999999987,0.107104508812409,0.601500000000044,3.36374999999992,0.456118421052682,0.145381578947362,0.596000000000004,3.34249999999986,0.450000000000057,0.143999999999993,0,FALSE,FALSE,5.50276043080846,110.055208616169,0,"3802;3807;3812;3817",952,50000,"N = 50,000",500,"500","64",20,16,2.90763157894724,0.107104508812409,5.50276043080846,"Stan model (NicoStan) + tape chunking + WCP","Stan model (NicoStan) + tape chunking + WCP",FALSE,0.968865960720483
"HPC","AD_Stan_WCP","NicoStan_BridgeStan",50000,1000,64,16,4,20,"3f8ed78629bdab9b833b52bd1450ea30","NicoStan_BridgeStan_state_allocation_thread_setup_sampling_model_load_divergence_check","iteration_difference","main_scaling","two_run_difference",50,4,3.10842105263155,3.10684210526317,0.0462599344226491,0.62375000000003,3.57675,0.468328947368452,0.155421052631578,0.623000000000047,3.57450000000006,0.468315789473686,0.155342105263158,0,FALSE,FALSE,5.14730782255338,102.946156451068,0,"3902;3907;3912;3917",977,50000,"N = 50,000",1000,"1000","64",20,16,3.10842105263155,0.0462599344226491,5.14730782255338,"Stan model (NicoStan) + tape chunking + WCP","Stan model (NicoStan) + tape chunking + WCP",FALSE,0.906281747375571
"HPC","AD_Stan_WCP","NicoStan_BridgeStan",50000,2000,64,16,4,20,"3f8ed78629bdab9b833b52bd1450ea30","NicoStan_BridgeStan_state_allocation_thread_setup_sampling_model_load_divergence_check","iteration_difference","main_scaling","two_run_difference",25,4,3.39263157894744,3.38105263157894,0.0517897589494626,0.640749999999969,3.86375000000004,0.471118421052596,0.169631578947372,0.640999999999963,3.85500000000002,0.473026315789435,0.169052631578947,0,FALSE,FALSE,4.71610300961827,94.3220601923653,0,"4002;4007;4012;4017",1002,50000,"N = 50,000",2000,"2000","64",20,16,3.39263157894744,0.0517897589494626,4.71610300961827,"Stan model (NicoStan) + tape chunking + WCP","Stan model (NicoStan) + tape chunking + WCP",FALSE,0.830359913124412
"HPC","AD_Stan_WCP","NicoStan_BridgeStan",50000,5000,64,16,4,20,"3f8ed78629bdab9b833b52bd1450ea30","NicoStan_BridgeStan_state_allocation_thread_setup_sampling_model_load_divergence_check","iteration_difference","main_scaling","two_run_difference",10,4,5.17421052631574,5.17052631578939,0.0574078409551636,0.720750000000066,5.63625000000002,0.462039473684279,0.258710526315787,0.721000000000117,5.63099999999997,0.460789473684336,0.258526315789469,0,FALSE,FALSE,3.09225918014447,61.8451836028894,0,"4102;4107;4112;4117",1027,50000,"N = 50,000",5000,"5000","64",20,16,5.17421052631574,0.0574078409551636,3.09225918014447,"Stan model (NicoStan) + tape chunking + WCP","Stan model (NicoStan) + tape chunking + WCP",FALSE,0.54445122571459
"HPC","AD_Stan_WCP","NicoStan_BridgeStan",50000,6,96,16,6,20,"3f8ed78629bdab9b833b52bd1450ea30","NicoStan_BridgeStan_state_allocation_thread_setup_sampling_model_load_divergence_check","iteration_difference","main_scaling","two_run_difference",8334,4,6.85631578947371,6.89105263157887,0.201791606024748,0.872000000000071,7.38550000000009,0.529184210526386,0.342815789473685,0.838999999999942,7.34800000000018,0.503078947368342,0.344552631578943,0,FALSE,FALSE,2.3336148000307,46.672296000614,0,"4311;4315;4319;4323",1080,50000,"N = 50,000",6,"6","96",20,16,6.85631578947371,0.201791606024748,2.3336148000307,"Stan model (NicoStan) + tape chunking + WCP","Stan model (NicoStan) + tape chunking + WCP",FALSE,0.37652567743917
"HPC","AD_Stan_WCP","NicoStan_BridgeStan",50000,10,96,16,6,20,"3f8ed78629bdab9b833b52bd1450ea30","NicoStan_BridgeStan_state_allocation_thread_setup_sampling_model_load_divergence_check","iteration_difference","main_scaling","two_run_difference",5000,4,6.13552631578952,6.12263157894739,0.0663317997938996,0.788249999999977,6.61700000000002,0.481473684210501,0.306776315789476,0.78899999999993,6.60400000000004,0.481368421052653,0.306131578947369,0,FALSE,FALSE,2.6077632425477,52.1552648509539,0,"3315;3319;3323;3327",831,50000,"N = 50,000",10,"10","96",20,16,6.13552631578952,0.0663317997938996,2.6077632425477,"Stan model (NicoStan) + tape chunking + WCP","Stan model (NicoStan) + tape chunking + WCP",FALSE,0.420759167917654
"HPC","AD_Stan_WCP","NicoStan_BridgeStan",50000,25,96,16,6,20,"3f8ed78629bdab9b833b52bd1450ea30","NicoStan_BridgeStan_state_allocation_thread_setup_sampling_model_load_divergence_check","iteration_difference","main_scaling","two_run_difference",2000,4,5.7536842105262,5.77157894736837,0.0469100630635004,0.779500000000041,6.24549999999994,0.491815789473731,0.28768421052631,0.763000000000034,6.24599999999998,0.474421052631615,0.288578947368418,0,FALSE,FALSE,2.78082693011348,55.6165386022696,0,"3403;3408;3413;3418",853,50000,"N = 50,000",25,"25","96",20,16,5.7536842105262,0.0469100630635004,2.78082693011348,"Stan model (NicoStan) + tape chunking + WCP","Stan model (NicoStan) + tape chunking + WCP",FALSE,0.448682766191016
"HPC","AD_Stan_WCP","NicoStan_BridgeStan",50000,50,96,16,6,20,"3f8ed78629bdab9b833b52bd1450ea30","NicoStan_BridgeStan_state_allocation_thread_setup_sampling_model_load_divergence_check","iteration_difference","main_scaling","two_run_difference",1000,4,4.88789473684206,4.88526315789458,0.0353794886610483,0.743249999999989,5.38674999999995,0.498855263157886,0.244394736842103,0.746499999999969,5.37949999999989,0.501052631578917,0.244263157894729,0,FALSE,FALSE,3.27339291482721,65.4678582965441,0,"3503;3508;3513;3518",878,50000,"N = 50,000",50,"50","96",20,16,4.88789473684206,0.0353794886610483,3.27339291482721,"Stan model (NicoStan) + tape chunking + WCP","Stan model (NicoStan) + tape chunking + WCP",FALSE,0.528157639711438
"HPC","AD_Stan_WCP","NicoStan_BridgeStan",50000,100,96,16,6,20,"3f8ed78629bdab9b833b52bd1450ea30","NicoStan_BridgeStan_state_allocation_thread_setup_sampling_model_load_divergence_check","iteration_difference","main_scaling","two_run_difference",500,4,3.45605263157896,3.48684210526328,0.0954452074593226,0.698500000000024,3.98175000000003,0.525697368421076,0.172802631578948,0.671500000000037,3.97600000000011,0.49657894736846,0.174342105263164,0,FALSE,FALSE,4.62955912586613,92.5911825173225,0,"3603;3608;3613;3618",903,50000,"N = 50,000",100,"100","96",20,16,3.45605263157896,0.0954452074593226,4.62955912586613,"Stan model (NicoStan) + tape chunking + WCP","Stan model (NicoStan) + tape chunking + WCP",FALSE,0.746973273433347
"HPC","AD_Stan_WCP","NicoStan_BridgeStan",50000,250,96,16,6,20,"3f8ed78629bdab9b833b52bd1450ea30","NicoStan_BridgeStan_state_allocation_thread_setup_sampling_model_load_divergence_check","iteration_difference","main_scaling","two_run_difference",200,4,2.58157894736847,2.59105263157895,0.0708659014802771,0.59174999999999,3.04425000000003,0.462671052631567,0.129078947368423,0.593999999999937,3.04750000000001,0.46421052631572,0.129552631578947,0,FALSE,FALSE,6.19775739041783,123.955147808357,0,"3703;3708;3713;3718",928,50000,"N = 50,000",250,"250","96",20,16,2.58157894736847,0.0708659014802771,6.19775739041783,"Stan model (NicoStan) + tape chunking + WCP","Stan model (NicoStan) + tape chunking + WCP",TRUE,1
"HPC","AD_Stan_WCP","NicoStan_BridgeStan",50000,500,96,16,6,20,"3f8ed78629bdab9b833b52bd1450ea30","NicoStan_BridgeStan_state_allocation_thread_setup_sampling_model_load_divergence_check","iteration_difference","main_scaling","two_run_difference",100,4,2.60131578947362,2.59368421052613,0.044388738558558,0.58525000000003,3.05649999999997,0.455184210526349,0.130065789473681,0.583499999999958,3.06700000000001,0.452736842105214,0.129684210526307,0,FALSE,FALSE,6.15073343449686,123.014668689937,0,"3803;3808;3813;3818",953,50000,"N = 50,000",500,"500","96",20,16,2.60131578947362,0.044388738558558,6.15073343449686,"Stan model (NicoStan) + tape chunking + WCP","Stan model (NicoStan) + tape chunking + WCP",FALSE,0.992412746585777
"HPC","AD_Stan_WCP","NicoStan_BridgeStan",50000,1000,96,16,6,20,"3f8ed78629bdab9b833b52bd1450ea30","NicoStan_BridgeStan_state_allocation_thread_setup_sampling_model_load_divergence_check","iteration_difference","main_scaling","two_run_difference",50,4,2.82026315789482,2.84631578947375,0.0803656234075528,0.627999999999986,3.30725000000007,0.486986842105245,0.141013157894741,0.615999999999872,3.31400000000008,0.472552631578807,0.142315789473688,0,FALSE,FALSE,5.67322944853953,113.464588970791,0,"3903;3908;3913;3918",978,50000,"N = 50,000",1000,"1000","96",20,16,2.82026315789482,0.0803656234075528,5.67322944853953,"Stan model (NicoStan) + tape chunking + WCP","Stan model (NicoStan) + tape chunking + WCP",FALSE,0.915368106746279
"HPC","AD_Stan_WCP","NicoStan_BridgeStan",50000,2000,96,16,6,20,"3f8ed78629bdab9b833b52bd1450ea30","NicoStan_BridgeStan_state_allocation_thread_setup_sampling_model_load_divergence_check","iteration_difference","main_scaling","two_run_difference",25,4,3.05105263157896,3.05052631578962,0.030392933036929,0.629249999999956,3.52774999999997,0.476697368421008,0.152552631578948,0.625,3.53150000000005,0.472421052631585,0.152526315789481,0,FALSE,FALSE,5.24409177160598,104.88183543212,0,"4003;4008;4013;4018",1003,50000,"N = 50,000",2000,"2000","96",20,16,3.05105263157896,0.030392933036929,5.24409177160598,"Stan model (NicoStan) + tape chunking + WCP","Stan model (NicoStan) + tape chunking + WCP",FALSE,0.846127307227888
"HPC","AD_Stan_WCP","NicoStan_BridgeStan",50000,5000,96,16,6,20,"3f8ed78629bdab9b833b52bd1450ea30","NicoStan_BridgeStan_state_allocation_thread_setup_sampling_model_load_divergence_check","iteration_difference","main_scaling","two_run_difference",10,4,4.57736842105269,4.57000000000012,0.0712919944767366,0.697999999999979,5.04650000000004,0.469131578947344,0.228868421052635,0.697000000000003,5.03600000000006,0.470789473684213,0.228500000000006,0,FALSE,FALSE,3.49545820397834,69.9091640795667,0,"4103;4108;4113;4118",1028,50000,"N = 50,000",5000,"5000","96",20,16,4.57736842105269,0.0712919944767366,3.49545820397834,"Stan model (NicoStan) + tape chunking + WCP","Stan model (NicoStan) + tape chunking + WCP",FALSE,0.563987581924804
"HPC","AD_Stan_WCP","NicoStan_BridgeStan",50000,8,128,16,8,20,"3f8ed78629bdab9b833b52bd1450ea30","NicoStan_BridgeStan_state_allocation_thread_setup_sampling_model_load_divergence_check","iteration_difference","main_scaling","two_run_difference",6250,4,6.8621052631579,6.87210526315778,0.145970816345026,0.80174999999997,7.32074999999998,0.458644736842075,0.343105263157895,0.804999999999836,7.34749999999985,0.457026315789299,0.343605263157889,0,FALSE,FALSE,2.33164595796901,46.6329191593802,0,"4312;4316;4320;4324",1081,50000,"N = 50,000",8,"8","128",20,16,6.8621052631579,0.145970816345026,2.33164595796901,"Stan model (NicoStan) + tape chunking + WCP","Stan model (NicoStan) + tape chunking + WCP",FALSE,0.370685687988961
"HPC","AD_Stan_WCP","NicoStan_BridgeStan",50000,10,128,16,8,20,"3f8ed78629bdab9b833b52bd1450ea30","NicoStan_BridgeStan_state_allocation_thread_setup_sampling_model_load_divergence_check","iteration_difference","main_scaling","two_run_difference",5000,4,6.28842105263154,6.29736842105259,0.0275701070604945,0.803000000000026,6.77699999999999,0.488578947368449,0.314421052631577,0.801500000000033,6.7715,0.486631578947403,0.314868421052629,0,FALSE,FALSE,2.54435888851692,50.8871777703385,0,"3316;3320;3324;3328",832,50000,"N = 50,000",10,"10","128",20,16,6.28842105263154,0.0275701070604945,2.54435888851692,"Stan model (NicoStan) + tape chunking + WCP","Stan model (NicoStan) + tape chunking + WCP",FALSE,0.404502845664556
"HPC","AD_Stan_WCP","NicoStan_BridgeStan",50000,25,128,16,8,20,"3f8ed78629bdab9b833b52bd1450ea30","NicoStan_BridgeStan_state_allocation_thread_setup_sampling_model_load_divergence_check","iteration_difference","main_scaling","two_run_difference",2000,4,5.96552631578944,5.96631578947369,0.0406809535475461,0.769750000000045,6.43700000000001,0.471473684210573,0.298276315789472,0.769000000000119,6.43849999999998,0.47076315789486,0.298315789473685,0,FALSE,FALSE,2.68207684503067,53.6415369006135,0,"3404;3409;3414;3419",854,50000,"N = 50,000",25,"25","128",20,16,5.96552631578944,0.0406809535475461,2.68207684503067,"Stan model (NicoStan) + tape chunking + WCP","Stan model (NicoStan) + tape chunking + WCP",FALSE,0.42639728263268
"HPC","AD_Stan_WCP","NicoStan_BridgeStan",50000,50,128,16,8,20,"3f8ed78629bdab9b833b52bd1450ea30","NicoStan_BridgeStan_state_allocation_thread_setup_sampling_model_load_divergence_check","iteration_difference","main_scaling","two_run_difference",1000,4,5.368947368421,5.37263157894717,0.0270221003221441,0.777500000000032,5.87799999999999,0.509052631578982,0.26844736842105,0.759500000000003,5.87900000000002,0.490052631578949,0.268631578947359,0,FALSE,FALSE,2.98009999019707,59.6019998039413,0,"3504;3509;3514;3519",879,50000,"N = 50,000",50,"50","128",20,16,5.368947368421,0.0270221003221441,2.98009999019707,"Stan model (NicoStan) + tape chunking + WCP","Stan model (NicoStan) + tape chunking + WCP",FALSE,0.473777080678377
"HPC","AD_Stan_WCP","NicoStan_BridgeStan",50000,100,128,16,8,20,"3f8ed78629bdab9b833b52bd1450ea30","NicoStan_BridgeStan_state_allocation_thread_setup_sampling_model_load_divergence_check","iteration_difference","main_scaling","two_run_difference",500,4,4.04552631578943,4.04842105263146,0.0278814930492015,0.718500000000006,4.56174999999996,0.516223684210535,0.202276315789471,0.691000000000031,4.53699999999992,0.488578947368458,0.202421052631573,0,FALSE,FALSE,3.95498601444095,79.099720288819,0,"3604;3609;3614;3619",904,50000,"N = 50,000",100,"100","128",20,16,4.04552631578943,0.0278814930492015,3.95498601444095,"Stan model (NicoStan) + tape chunking + WCP","Stan model (NicoStan) + tape chunking + WCP",FALSE,0.628764717361626
"HPC","AD_Stan_WCP","NicoStan_BridgeStan",50000,250,128,16,8,20,"3f8ed78629bdab9b833b52bd1450ea30","NicoStan_BridgeStan_state_allocation_thread_setup_sampling_model_load_divergence_check","iteration_difference","main_scaling","two_run_difference",200,4,2.67815789473682,2.66789473684196,0.0425882387449723,0.596000000000004,3.14024999999998,0.462092105263163,0.133907894736841,0.592500000000086,3.15349999999989,0.459105263157988,0.133394736842098,0,FALSE,FALSE,5.97425567456034,119.485113491207,0,"3704;3709;3714;3719",929,50000,"N = 50,000",250,"250","128",20,16,2.67815789473682,0.0425882387449723,5.97425567456034,"Stan model (NicoStan) + tape chunking + WCP","Stan model (NicoStan) + tape chunking + WCP",FALSE,0.949788739314165
"HPC","AD_Stan_WCP","NicoStan_BridgeStan",50000,500,128,16,8,20,"3f8ed78629bdab9b833b52bd1450ea30","NicoStan_BridgeStan_state_allocation_thread_setup_sampling_model_load_divergence_check","iteration_difference","main_scaling","two_run_difference",100,4,2.54368421052636,2.56052631578948,0.0554508092254881,0.58824999999996,3.00475,0.461065789473642,0.127184210526318,0.58949999999993,2.99000000000001,0.463157894736768,0.128026315789474,0,FALSE,FALSE,6.29008897165311,125.801779433062,0,"3804;3809;3814;3819",954,50000,"N = 50,000",500,"500","128",20,16,2.54368421052636,0.0554508092254881,6.29008897165311,"Stan model (NicoStan) + tape chunking + WCP","Stan model (NicoStan) + tape chunking + WCP",TRUE,1
"HPC","AD_Stan_WCP","NicoStan_BridgeStan",50000,1000,128,16,8,20,"3f8ed78629bdab9b833b52bd1450ea30","NicoStan_BridgeStan_state_allocation_thread_setup_sampling_model_load_divergence_check","iteration_difference","main_scaling","two_run_difference",50,4,2.65184210526316,2.65263157894735,0.0219522692160351,0.612750000000005,3.13200000000001,0.480157894736848,0.132592105263158,0.611999999999966,3.13350000000003,0.479447368421018,0.132631578947367,0,FALSE,FALSE,6.03354172868909,120.670834573782,0,"3904;3909;3914;3919",979,50000,"N = 50,000",1000,"1000","128",20,16,2.65184210526316,0.0219522692160351,6.03354172868909,"Stan model (NicoStan) + tape chunking + WCP","Stan model (NicoStan) + tape chunking + WCP",FALSE,0.959214051801148
"HPC","AD_Stan_WCP","NicoStan_BridgeStan",50000,2000,128,16,8,20,"3f8ed78629bdab9b833b52bd1450ea30","NicoStan_BridgeStan_state_allocation_thread_setup_sampling_model_load_divergence_check","iteration_difference","main_scaling","two_run_difference",25,4,2.84605263157896,2.84631578947375,0.0102192041259249,0.620749999999987,3.3245,0.478447368421039,0.142302631578948,0.621000000000095,3.32550000000003,0.479078947368521,0.142315789473688,0,FALSE,FALSE,5.62182154415161,112.436430883032,0,"4004;4009;4014;4019",1004,50000,"N = 50,000",2000,"2000","128",20,16,2.84605263157896,0.0102192041259249,5.62182154415161,"Stan model (NicoStan) + tape chunking + WCP","Stan model (NicoStan) + tape chunking + WCP",FALSE,0.893758668515961
"HPC","AD_Stan_WCP","NicoStan_BridgeStan",50000,5000,128,16,8,20,"3f8ed78629bdab9b833b52bd1450ea30","NicoStan_BridgeStan_state_allocation_thread_setup_sampling_model_load_divergence_check","iteration_difference","main_scaling","two_run_difference",10,4,4.21236842105259,4.2115789473684,0.0541696319949441,0.689000000000021,4.69074999999998,0.478381578947392,0.210618421052629,0.684000000000083,4.69100000000003,0.47310526315798,0.21057894736842,0,FALSE,FALSE,3.79833822702572,75.9667645405143,0,"4104;4109;4114;4119",1029,50000,"N = 50,000",5000,"5000","128",20,16,4.21236842105259,0.0541696319949441,3.79833822702572,"Stan model (NicoStan) + tape chunking + WCP","Stan model (NicoStan) + tape chunking + WCP",FALSE,0.60386081089525
"HPC","AD_Stan_WCP","NicoStan_BridgeStan",50000,11,176,16,11,20,"3f8ed78629bdab9b833b52bd1450ea30","NicoStan_BridgeStan_state_allocation_thread_setup_sampling_model_load_divergence_check","iteration_difference","main_scaling","two_run_difference",4546,4,6.57552631578926,6.60157894736824,0.104210083288465,0.859250000000088,7.10599999999988,0.530473684210625,0.328776315789463,0.84050000000002,7.14149999999995,0.513026315789507,0.330078947368412,0,FALSE,FALSE,2.43326529795502,48.6653059591004,0,"4373;4374;4375;4376",1094,50000,"N = 50,000",11,"11","176",20,16,6.57552631578926,0.104210083288465,2.43326529795502,"Stan model (NicoStan) + tape chunking + WCP","Stan model (NicoStan) + tape chunking + WCP",FALSE,0.378316724696845
"HPC","AD_Stan_WCP","NicoStan_BridgeStan",50000,25,176,16,11,20,"3f8ed78629bdab9b833b52bd1450ea30","NicoStan_BridgeStan_state_allocation_thread_setup_sampling_model_load_divergence_check","iteration_difference","main_scaling","two_run_difference",2000,4,6.16236842105273,6.16105263157914,0.0408259599123577,0.781499999999994,6.63575000000009,0.473381578947358,0.308118421052636,0.783000000000015,6.63300000000015,0.474815789473699,0.308052631578957,0,FALSE,FALSE,2.59640432164663,51.9280864329325,0,"3405;3410;3415;3420",855,50000,"N = 50,000",25,"25","176",20,16,6.16236842105273,0.0408259599123577,2.59640432164663,"Stan model (NicoStan) + tape chunking + WCP","Stan model (NicoStan) + tape chunking + WCP",FALSE,0.403681086390212
"HPC","AD_Stan_WCP","NicoStan_BridgeStan",50000,50,176,16,11,20,"3f8ed78629bdab9b833b52bd1450ea30","NicoStan_BridgeStan_state_allocation_thread_setup_sampling_model_load_divergence_check","iteration_difference","main_scaling","two_run_difference",1000,4,5.9239473684211,5.93157894736841,0.0654009580858119,0.802250000000015,6.43000000000006,0.50605263157896,0.296197368421055,0.790000000000077,6.43500000000006,0.493421052631657,0.296578947368421,0,FALSE,FALSE,2.70090178135132,54.0180356270263,0,"3505;3510;3515;3520",880,50000,"N = 50,000",50,"50","176",20,16,5.9239473684211,0.0654009580858119,2.70090178135132,"Stan model (NicoStan) + tape chunking + WCP","Stan model (NicoStan) + tape chunking + WCP",FALSE,0.419928035182785
"HPC","AD_Stan_WCP","NicoStan_BridgeStan",50000,100,176,16,11,20,"3f8ed78629bdab9b833b52bd1450ea30","NicoStan_BridgeStan_state_allocation_thread_setup_sampling_model_load_divergence_check","iteration_difference","main_scaling","two_run_difference",500,4,4.9428947368422,4.93631578947375,0.0540194212878745,0.774499999999989,5.47025000000008,0.527355263157879,0.24714473684211,0.754000000000019,5.46900000000005,0.505710526315804,0.246815789473688,0,FALSE,FALSE,3.23696960017031,64.7393920034061,0,"3605;3610;3615;3620",905,50000,"N = 50,000",100,"100","176",20,16,4.9428947368422,0.0540194212878745,3.23696960017031,"Stan model (NicoStan) + tape chunking + WCP","Stan model (NicoStan) + tape chunking + WCP",FALSE,0.503274237342255
"HPC","AD_Stan_WCP","NicoStan_BridgeStan",50000,250,176,16,11,20,"3f8ed78629bdab9b833b52bd1450ea30","NicoStan_BridgeStan_state_allocation_thread_setup_sampling_model_load_divergence_check","iteration_difference","main_scaling","two_run_difference",200,4,3.42578947368416,3.43526315789476,0.0699320340140011,0.625250000000051,3.87975,0.453960526315843,0.171289473684208,0.626500000000078,3.87199999999996,0.452921052631651,0.171763157894738,0,FALSE,FALSE,4.67045629128906,93.4091258257811,0,"3705;3710;3715;3720",930,50000,"N = 50,000",250,"250","176",20,16,3.42578947368416,0.0699320340140011,4.67045629128906,"Stan model (NicoStan) + tape chunking + WCP","Stan model (NicoStan) + tape chunking + WCP",FALSE,0.726148409893985
"HPC","AD_Stan_WCP","NicoStan_BridgeStan",50000,500,176,16,11,20,"3f8ed78629bdab9b833b52bd1450ea30","NicoStan_BridgeStan_state_allocation_thread_setup_sampling_model_load_divergence_check","iteration_difference","main_scaling","two_run_difference",100,4,2.4876315789473,2.48157894736838,0.0479409840337483,0.59925000000004,2.96249999999998,0.474868421052675,0.124381578947365,0.601999999999975,2.96550000000002,0.477921052631557,0.124078947368419,0,FALSE,FALSE,6.43182058605751,128.63641172115,0,"3805;3810;3815;3820",955,50000,"N = 50,000",500,"500","176",20,16,2.4876315789473,0.0479409840337483,6.43182058605751,"Stan model (NicoStan) + tape chunking + WCP","Stan model (NicoStan) + tape chunking + WCP",TRUE,1
"HPC","AD_Stan_WCP","NicoStan_BridgeStan",50000,1000,176,16,11,20,"3f8ed78629bdab9b833b52bd1450ea30","NicoStan_BridgeStan_state_allocation_thread_setup_sampling_model_load_divergence_check","iteration_difference","main_scaling","two_run_difference",50,4,2.51999999999995,2.526842105263,0.0180078981336967,0.641750000000002,3.03574999999995,0.515750000000004,0.125999999999997,0.637500000000045,3.04049999999995,0.510921052631632,0.12634210526315,0,FALSE,FALSE,6.34920634920649,126.98412698413,0,"3905;3910;3915;3920",980,50000,"N = 50,000",1000,"1000","176",20,16,2.51999999999995,0.0180078981336967,6.34920634920649,"Stan model (NicoStan) + tape chunking + WCP","Stan model (NicoStan) + tape chunking + WCP",FALSE,0.987155388471173
"HPC","AD_Stan_WCP","NicoStan_BridgeStan",50000,2000,176,16,11,20,"3f8ed78629bdab9b833b52bd1450ea30","NicoStan_BridgeStan_state_allocation_thread_setup_sampling_model_load_divergence_check","iteration_difference","main_scaling","two_run_difference",25,4,2.76052631578954,2.75578947368427,0.036164189038356,0.64024999999998,3.26275000000004,0.502223684210504,0.138026315789477,0.637499999999932,3.25650000000007,0.498999999999928,0.137789473684213,0,FALSE,FALSE,5.79599618684448,115.91992373689,0,"4005;4010;4015;4020",1005,50000,"N = 50,000",2000,"2000","176",20,16,2.76052631578954,0.036164189038356,5.79599618684448,"Stan model (NicoStan) + tape chunking + WCP","Stan model (NicoStan) + tape chunking + WCP",FALSE,0.90114394661578
"HPC","AD_Stan_WCP","NicoStan_BridgeStan",50000,5000,176,16,11,20,"3f8ed78629bdab9b833b52bd1450ea30","NicoStan_BridgeStan_state_allocation_thread_setup_sampling_model_load_divergence_check","iteration_difference","main_scaling","two_run_difference",10,4,3.96578947368425,3.96578947368425,0.0665215410235137,0.679499999999962,4.447,0.481210526315749,0.198289473684213,0.681499999999915,4.45150000000001,0.480342105263066,0.198289473684213,0,FALSE,FALSE,4.03450564034501,80.6901128069002,0,"4105;4110;4115;4120",1030,50000,"N = 50,000",5000,"5000","176",20,16,3.96578947368425,0.0665215410235137,4.03450564034501,"Stan model (NicoStan) + tape chunking + WCP","Stan model (NicoStan) + tape chunking + WCP",FALSE,0.627272727272704
"HPC","AD_Stan_WCP","NicoStan_BridgeStan",50000,4,96,24,4,20,"3f8ed78629bdab9b833b52bd1450ea30","NicoStan_BridgeStan_state_allocation_thread_setup_sampling_model_load_divergence_check","iteration_difference","main_scaling","two_run_difference",12500,4,11.7974999999999,12.1149999999999,1.42682339481804,1.27875000000001,12.4863749999999,0.688875000000014,0.589874999999996,1.29400000000001,12.7247499999999,0.688250000000018,0.605749999999993,0,FALSE,FALSE,2.03432930705659,40.6865861411319,0,"4325;4326;4327;4328",1082,50000,"N = 50,000",4,"4","96",20,24,11.7974999999999,1.42682339481804,2.03432930705659,"Stan model (NicoStan) + tape chunking + WCP","Stan model (NicoStan) + tape chunking + WCP",FALSE,0.268489086670918
"HPC","AD_Stan_WCP","NicoStan_BridgeStan",50000,10,96,24,4,20,"3f8ed78629bdab9b833b52bd1450ea30","NicoStan_BridgeStan_state_allocation_thread_setup_sampling_model_load_divergence_check","iteration_difference","main_scaling","two_run_difference",5000,4,8.79999999999995,8.79250000000013,0.502510364735733,1.17100000000005,9.53100000000001,0.731000000000051,0.439999999999998,1.22350000000006,9.47137500000017,0.783125000000069,0.439625000000007,0,FALSE,FALSE,2.72727272727274,54.5454545454548,0,"3329;3330;3331;3332",833,50000,"N = 50,000",10,"10","96",20,24,8.79999999999995,0.502510364735733,2.72727272727274,"Stan model (NicoStan) + tape chunking + WCP","Stan model (NicoStan) + tape chunking + WCP",FALSE,0.359943181818199
"HPC","AD_Stan_WCP","NicoStan_BridgeStan",50000,25,96,24,4,20,"3f8ed78629bdab9b833b52bd1450ea30","NicoStan_BridgeStan_state_allocation_thread_setup_sampling_model_load_divergence_check","iteration_difference","main_scaling","two_run_difference",2000,4,8.15375000000017,8.14000000000021,0.255550875561618,1.02024999999998,8.76631250000014,0.612562499999967,0.407687500000009,1.05399999999997,8.71950000000018,0.642749999999921,0.407000000000011,0,FALSE,FALSE,2.94343093668551,58.8686187337102,0,"3421;3422;3423;3424",856,50000,"N = 50,000",25,"25","96",20,24,8.15375000000017,0.255550875561618,2.94343093668551,"Stan model (NicoStan) + tape chunking + WCP","Stan model (NicoStan) + tape chunking + WCP",FALSE,0.388471562164656
"HPC","AD_Stan_WCP","NicoStan_BridgeStan",50000,50,96,24,4,20,"3f8ed78629bdab9b833b52bd1450ea30","NicoStan_BridgeStan_state_allocation_thread_setup_sampling_model_load_divergence_check","iteration_difference","main_scaling","two_run_difference",1000,4,6.08374999999967,6.08499999999935,0.116931247605594,0.83525000000003,6.61481249999972,0.531062500000047,0.304187499999983,0.832499999999982,6.59374999999949,0.532749999999993,0.304249999999968,0,FALSE,FALSE,3.9449352784058,78.8987055681161,0,"3521;3522;3523;3524",881,50000,"N = 50,000",50,"50","96",20,24,6.08374999999967,0.116931247605594,3.9449352784058,"Stan model (NicoStan) + tape chunking + WCP","Stan model (NicoStan) + tape chunking + WCP",FALSE,0.520649270597954
"HPC","AD_Stan_WCP","NicoStan_BridgeStan",50000,100,96,24,4,20,"3f8ed78629bdab9b833b52bd1450ea30","NicoStan_BridgeStan_state_allocation_thread_setup_sampling_model_load_divergence_check","iteration_difference","main_scaling","two_run_difference",500,4,4.57250000000045,4.45749999999975,0.47491227260159,0.841250000000059,5.18512500000048,0.612625000000037,0.228625000000022,0.8599999999999,5.11562499999985,0.614499999999794,0.222874999999988,0,FALSE,FALSE,5.24876981957303,104.975396391461,0,"3621;3622;3623;3624",906,50000,"N = 50,000",100,"100","96",20,24,4.57250000000045,0.47491227260159,5.24876981957303,"Stan model (NicoStan) + tape chunking + WCP","Stan model (NicoStan) + tape chunking + WCP",FALSE,0.692728266812427
"HPC","AD_Stan_WCP","NicoStan_BridgeStan",50000,250,96,24,4,20,"3f8ed78629bdab9b833b52bd1450ea30","NicoStan_BridgeStan_state_allocation_thread_setup_sampling_model_load_divergence_check","iteration_difference","main_scaling","two_run_difference",200,4,3.56999999999971,3.54750000000081,0.503802209865496,0.807999999999993,4.19949999999972,0.629500000000007,0.178499999999985,0.824499999999944,4.20612500000055,0.658624999999745,0.17737500000004,0,FALSE,FALSE,6.7226890756308,134.453781512616,0,"3721;3722;3723;3724",931,50000,"N = 50,000",250,"250","96",20,24,3.56999999999971,0.503802209865496,6.7226890756308,"Stan model (NicoStan) + tape chunking + WCP","Stan model (NicoStan) + tape chunking + WCP",FALSE,0.887254901960894
"HPC","AD_Stan_WCP","NicoStan_BridgeStan",50000,500,96,24,4,20,"3f8ed78629bdab9b833b52bd1450ea30","NicoStan_BridgeStan_state_allocation_thread_setup_sampling_model_load_divergence_check","iteration_difference","main_scaling","two_run_difference",100,4,3.16750000000013,3.18750000000023,0.391503512116368,0.770499999999856,3.77962499999998,0.61212499999985,0.158375000000007,0.809999999999945,3.84312500000004,0.635999999999967,0.159375000000011,0,FALSE,FALSE,7.57695343330671,151.539068666134,0,"3821;3822;3823;3824",956,50000,"N = 50,000",500,"500","96",20,24,3.16750000000013,0.391503512116368,7.57695343330671,"Stan model (NicoStan) + tape chunking + WCP","Stan model (NicoStan) + tape chunking + WCP",TRUE,1
"HPC","AD_Stan_WCP","NicoStan_BridgeStan",50000,1000,96,24,4,20,"3f8ed78629bdab9b833b52bd1450ea30","NicoStan_BridgeStan_state_allocation_thread_setup_sampling_model_load_divergence_check","iteration_difference","main_scaling","two_run_difference",50,4,3.40125000000057,3.11500000000024,0.861107571677353,0.753750000000082,3.98493750000063,0.583687500000053,0.170062500000029,0.742500000000064,3.72425000000032,0.558125000000018,0.155750000000012,0,FALSE,FALSE,7.05622932745195,141.124586549039,0,"3921;3922;3923;3924",981,50000,"N = 50,000",1000,"1000","96",20,24,3.40125000000057,0.861107571677353,7.05622932745195,"Stan model (NicoStan) + tape chunking + WCP","Stan model (NicoStan) + tape chunking + WCP",FALSE,0.931275266446041
"HPC","AD_Stan_WCP","NicoStan_BridgeStan",50000,2000,96,24,4,20,"3f8ed78629bdab9b833b52bd1450ea30","NicoStan_BridgeStan_state_allocation_thread_setup_sampling_model_load_divergence_check","iteration_difference","main_scaling","two_run_difference",25,4,4.20750000000112,4.26250000000095,0.357363027372849,0.743999999999915,4.74112500000098,0.533624999999859,0.210375000000056,0.730499999999893,4.80687500000084,0.522874999999829,0.213125000000048,0,FALSE,FALSE,5.70409982174536,114.081996434907,0,"4021;4022;4023;4024",1006,50000,"N = 50,000",2000,"2000","96",20,24,4.20750000000112,0.357363027372849,5.70409982174536,"Stan model (NicoStan) + tape chunking + WCP","Stan model (NicoStan) + tape chunking + WCP",FALSE,0.752822341057466
"HPC","AD_Stan_WCP","NicoStan_BridgeStan",50000,5000,96,24,4,20,"3f8ed78629bdab9b833b52bd1450ea30","NicoStan_BridgeStan_state_allocation_thread_setup_sampling_model_load_divergence_check","iteration_difference","main_scaling","two_run_difference",10,4,5.70624999999893,5.76749999999834,0.412439389487337,0.847000000000094,6.26793749999908,0.561687500000147,0.285312499999947,0.841499999999996,6.3927499999989,0.555625000000077,0.288374999999917,0,FALSE,FALSE,4.20591456736114,84.1182913472228,0,"4121;4122;4123;4124",1031,50000,"N = 50,000",5000,"5000","96",20,24,5.70624999999893,0.412439389487337,4.20591456736114,"Stan model (NicoStan) + tape chunking + WCP","Stan model (NicoStan) + tape chunking + WCP",FALSE,0.55509309967154
"HPC","AD_Stan_WCP","NicoStan_BridgeStan",50000,2,64,32,2,20,"3f8ed78629bdab9b833b52bd1450ea30","NicoStan_BridgeStan_state_allocation_thread_setup_sampling_model_load_divergence_check","iteration_difference","main_scaling","two_run_difference",25000,4,16.1349999999998,15.8949999999999,1.74746483035671,1.68475,17.0129999999998,0.878000000000011,0.80674999999999,1.679,16.7792499999999,0.884250000000009,0.794749999999993,0,FALSE,FALSE,1.98326619150917,39.6653238301833,0,"4329;4331;4333;4335",1083,50000,"N = 50,000",2,"2","64",20,32,16.1349999999998,1.74746483035671,1.98326619150917,"Stan model (NicoStan) + tape chunking + WCP","Stan model (NicoStan) + tape chunking + WCP",FALSE,0.292454291912003
"HPC","AD_Stan_WCP","NicoStan_BridgeStan",50000,10,64,32,2,20,"3f8ed78629bdab9b833b52bd1450ea30","NicoStan_BridgeStan_state_allocation_thread_setup_sampling_model_load_divergence_check","iteration_difference","main_scaling","two_run_difference",5000,4,12.0049999999998,11.8850000000003,0.485146026126813,1.50224999999995,12.9069999999997,0.901999999999958,0.600249999999988,1.48849999999993,12.7482500000002,0.905999999999949,0.594250000000017,0,FALSE,FALSE,2.66555601832575,53.311120366515,0,"3333;3335;3337;3339",834,50000,"N = 50,000",10,"10","64",20,32,12.0049999999998,0.485146026126813,2.66555601832575,"Stan model (NicoStan) + tape chunking + WCP","Stan model (NicoStan) + tape chunking + WCP",FALSE,0.393065389421092
"HPC","AD_Stan_WCP","NicoStan_BridgeStan",50000,25,64,32,2,20,"3f8ed78629bdab9b833b52bd1450ea30","NicoStan_BridgeStan_state_allocation_thread_setup_sampling_model_load_divergence_check","iteration_difference","main_scaling","two_run_difference",2000,4,10.0362500000003,10.0675000000012,0.215421099245456,1.33350000000002,10.8679375000003,0.831687500000001,0.501812500000014,1.3309999999999,10.8951250000011,0.827624999999841,0.503375000000062,0,FALSE,FALSE,3.18844189811923,63.7688379623846,0,"3425;3427;3429;3431",857,50000,"N = 50,000",25,"25","64",20,32,10.0362500000003,0.215421099245456,3.18844189811923,"Stan model (NicoStan) + tape chunking + WCP","Stan model (NicoStan) + tape chunking + WCP",FALSE,0.470170631460952
"HPC","AD_Stan_WCP","NicoStan_BridgeStan",50000,50,64,32,2,20,"3f8ed78629bdab9b833b52bd1450ea30","NicoStan_BridgeStan_state_allocation_thread_setup_sampling_model_load_divergence_check","iteration_difference","main_scaling","two_run_difference",1000,4,8.62250000000017,8.50750000000005,0.85775384969452,1.20574999999997,9.39712500000013,0.774624999999958,0.431125000000009,1.23249999999996,9.31462500000001,0.807124999999957,0.425375000000003,0,FALSE,FALSE,3.71122064366476,74.2244128732951,0,"3525;3527;3529;3531",882,50000,"N = 50,000",50,"50","64",20,32,8.62250000000017,0.85775384969452,3.71122064366476,"Stan model (NicoStan) + tape chunking + WCP","Stan model (NicoStan) + tape chunking + WCP",FALSE,0.547260075384172
"HPC","AD_Stan_WCP","NicoStan_BridgeStan",50000,100,64,32,2,20,"3f8ed78629bdab9b833b52bd1450ea30","NicoStan_BridgeStan_state_allocation_thread_setup_sampling_model_load_divergence_check","iteration_difference","main_scaling","two_run_difference",500,4,6.36750000000006,6.56500000000051,0.64439247874895,1.13774999999998,7.18687500000004,0.81937499999998,0.318375000000003,1.14449999999988,7.39037499999984,0.820874999999887,0.328250000000025,0,FALSE,FALSE,5.02552021986646,100.510404397329,0,"3625;3627;3629;3631",907,50000,"N = 50,000",100,"100","64",20,32,6.36750000000006,0.64439247874895,5.02552021986646,"Stan model (NicoStan) + tape chunking + WCP","Stan model (NicoStan) + tape chunking + WCP",FALSE,0.741067923046732
"HPC","AD_Stan_WCP","NicoStan_BridgeStan",50000,250,64,32,2,20,"3f8ed78629bdab9b833b52bd1450ea30","NicoStan_BridgeStan_state_allocation_thread_setup_sampling_model_load_divergence_check","iteration_difference","main_scaling","two_run_difference",200,4,4.71875000000011,4.71000000000004,0.142792098287383,1.053,5.53581250000011,0.817062499999992,0.235937500000006,1.05299999999988,5.53700000000003,0.819124999999815,0.235500000000002,0,FALSE,FALSE,6.78145695364222,135.629139072844,0,"3725;3727;3729;3731",932,50000,"N = 50,000",250,"250","64",20,32,4.71875000000011,0.142792098287383,6.78145695364222,"Stan model (NicoStan) + tape chunking + WCP","Stan model (NicoStan) + tape chunking + WCP",TRUE,1
"HPC","AD_Stan_WCP","NicoStan_BridgeStan",50000,500,64,32,2,20,"3f8ed78629bdab9b833b52bd1450ea30","NicoStan_BridgeStan_state_allocation_thread_setup_sampling_model_load_divergence_check","iteration_difference","main_scaling","two_run_difference",100,4,4.90124999999921,5.04999999999882,0.404111680107391,1.02375000000006,5.67993749999931,0.778687500000103,0.24506249999996,1.02600000000007,5.81199999999887,0.771625000000085,0.252499999999941,0,FALSE,FALSE,6.52894669727216,130.578933945443,0,"3825;3827;3829;3831",957,50000,"N = 50,000",500,"500","64",20,32,4.90124999999921,0.404111680107391,6.52894669727216,"Stan model (NicoStan) + tape chunking + WCP","Stan model (NicoStan) + tape chunking + WCP",FALSE,0.962764600867304
"HPC","AD_Stan_WCP","NicoStan_BridgeStan",50000,1000,64,32,2,20,"3f8ed78629bdab9b833b52bd1450ea30","NicoStan_BridgeStan_state_allocation_thread_setup_sampling_model_load_divergence_check","iteration_difference","main_scaling","two_run_difference",50,4,5.8262499999995,5.76250000000073,0.218951098039287,1.06975,6.60468749999953,0.778437500000024,0.291312499999975,1.03750000000014,6.58524999999918,0.743000000000222,0.288125000000036,0,FALSE,FALSE,5.49238360866813,109.847672173363,0,"3925;3927;3929;3931",982,50000,"N = 50,000",1000,"1000","64",20,32,5.8262499999995,0.218951098039287,5.49238360866813,"Stan model (NicoStan) + tape chunking + WCP","Stan model (NicoStan) + tape chunking + WCP",FALSE,0.809912036043856
"HPC","AD_Stan_WCP","NicoStan_BridgeStan",50000,2000,64,32,2,20,"3f8ed78629bdab9b833b52bd1450ea30","NicoStan_BridgeStan_state_allocation_thread_setup_sampling_model_load_divergence_check","iteration_difference","main_scaling","two_run_difference",25,4,5.69499999999891,5.71499999999901,0.0511533641774591,0.954250000000116,6.36449999999908,0.66950000000017,0.284749999999946,0.957000000000107,6.38262499999871,0.671250000000157,0.28574999999995,0,FALSE,FALSE,5.61896400351293,112.379280070259,0,"4025;4027;4029;4031",1007,50000,"N = 50,000",2000,"2000","64",20,32,5.69499999999891,0.0511533641774591,5.61896400351293,"Stan model (NicoStan) + tape chunking + WCP","Stan model (NicoStan) + tape chunking + WCP",FALSE,0.828577699736789
"HPC","AD_Stan_WCP","NicoStan_BridgeStan",50000,5000,64,32,2,20,"3f8ed78629bdab9b833b52bd1450ea30","NicoStan_BridgeStan_state_allocation_thread_setup_sampling_model_load_divergence_check","iteration_difference","main_scaling","two_run_difference",10,4,8.9787500000017,8.92500000000155,0.177029893896912,1.31674999999984,9.84656250000145,0.867812499999758,0.448937500000085,1.33799999999974,9.82425000000137,0.893749999999613,0.446250000000077,0,FALSE,FALSE,3.56397048586874,71.2794097173748,0,"4125;4127;4129;4131",1032,50000,"N = 50,000",5000,"5000","64",20,32,8.9787500000017,0.177029893896912,3.56397048586874,"Stan model (NicoStan) + tape chunking + WCP","Stan model (NicoStan) + tape chunking + WCP",FALSE,0.525546429068548
"HPC","AD_Stan_WCP","NicoStan_BridgeStan",50000,4,128,32,4,20,"3f8ed78629bdab9b833b52bd1450ea30","NicoStan_BridgeStan_state_allocation_thread_setup_sampling_model_load_divergence_check","iteration_difference","main_scaling","two_run_difference",12500,4,15.0350000000002,15.1900000000001,0.500699510684843,1.40874999999999,15.6920000000001,0.656999999999982,0.751750000000008,1.41849999999999,15.7835,0.655749999999983,0.759500000000003,0,FALSE,FALSE,2.1283671433322,42.567342866644,0,"4330;4332;4334;4336",1084,50000,"N = 50,000",4,"4","128",20,32,15.0350000000002,0.500699510684843,2.1283671433322,"Stan model (NicoStan) + tape chunking + WCP","Stan model (NicoStan) + tape chunking + WCP",FALSE,0.309694047223135
"HPC","AD_Stan_WCP","NicoStan_BridgeStan",50000,10,128,32,4,20,"3f8ed78629bdab9b833b52bd1450ea30","NicoStan_BridgeStan_state_allocation_thread_setup_sampling_model_load_divergence_check","iteration_difference","main_scaling","two_run_difference",5000,4,11.8700000000007,11.8400000000003,0.133479087000643,1.55499999999989,12.8315000000005,0.961499999999859,0.593500000000034,1.56149999999991,12.7656250000009,0.964874999999893,0.592000000000013,0,FALSE,FALSE,2.69587194608241,53.9174389216481,0,"3334;3336;3338;3340",835,50000,"N = 50,000",10,"10","128",20,32,11.8700000000007,0.133479087000643,2.69587194608241,"Stan model (NicoStan) + tape chunking + WCP","Stan model (NicoStan) + tape chunking + WCP",FALSE,0.392270429654559
"HPC","AD_Stan_WCP","NicoStan_BridgeStan",50000,25,128,32,4,20,"3f8ed78629bdab9b833b52bd1450ea30","NicoStan_BridgeStan_state_allocation_thread_setup_sampling_model_load_divergence_check","iteration_difference","main_scaling","two_run_difference",2000,4,11.3237499999997,11.0424999999998,0.601447905751901,1.37000000000006,12.1275624999998,0.803812500000078,0.566187499999984,1.32850000000008,11.8108749999998,0.777875000000108,0.55212499999999,0,FALSE,FALSE,2.82591897560445,56.518379512089,0,"3426;3428;3430;3432",858,50000,"N = 50,000",25,"25","128",20,32,11.3237499999997,0.601447905751901,2.82591897560445,"Stan model (NicoStan) + tape chunking + WCP","Stan model (NicoStan) + tape chunking + WCP",FALSE,0.411193288442435
"HPC","AD_Stan_WCP","NicoStan_BridgeStan",50000,50,128,32,4,20,"3f8ed78629bdab9b833b52bd1450ea30","NicoStan_BridgeStan_state_allocation_thread_setup_sampling_model_load_divergence_check","iteration_difference","main_scaling","two_run_difference",1000,4,9.92624999999975,10.1824999999997,0.571115502037185,1.26524999999998,10.6951874999997,0.768937499999993,0.496312499999988,1.27499999999986,10.9528749999997,0.767499999999984,0.509124999999983,0,FALSE,FALSE,3.22377534315585,64.4755068631171,0,"3526;3528;3530;3532",883,50000,"N = 50,000",50,"50","128",20,32,9.92624999999975,0.571115502037185,3.22377534315585,"Stan model (NicoStan) + tape chunking + WCP","Stan model (NicoStan) + tape chunking + WCP",FALSE,0.469084498174034
"HPC","AD_Stan_WCP","NicoStan_BridgeStan",50000,100,128,32,4,20,"3f8ed78629bdab9b833b52bd1450ea30","NicoStan_BridgeStan_state_allocation_thread_setup_sampling_model_load_divergence_check","iteration_difference","main_scaling","two_run_difference",500,4,7.27374999999995,7.01250000000073,0.667662277402564,1.20550000000003,8.11556249999998,0.841812500000032,0.363687499999997,1.19350000000009,7.82587499999994,0.851750000000095,0.350625000000036,0,FALSE,FALSE,4.39938133699951,87.9876267399903,0,"3626;3628;3630;3632",908,50000,"N = 50,000",100,"100","128",20,32,7.27374999999995,0.667662277402564,4.39938133699951,"Stan model (NicoStan) + tape chunking + WCP","Stan model (NicoStan) + tape chunking + WCP",FALSE,0.640144354700109
"HPC","AD_Stan_WCP","NicoStan_BridgeStan",50000,250,128,32,4,20,"3f8ed78629bdab9b833b52bd1450ea30","NicoStan_BridgeStan_state_allocation_thread_setup_sampling_model_load_divergence_check","iteration_difference","main_scaling","two_run_difference",200,4,4.68625000000088,4.68000000000075,0.174134765818109,1.04049999999995,5.49243750000079,0.806187499999908,0.234312500000044,1.02299999999991,5.46900000000062,0.788999999999874,0.234000000000037,0,FALSE,FALSE,6.82848759669117,136.569751933823,0,"3726;3728;3730;3732",933,50000,"N = 50,000",250,"250","128",20,32,4.68625000000088,0.174134765818109,6.82848759669117,"Stan model (NicoStan) + tape chunking + WCP","Stan model (NicoStan) + tape chunking + WCP",FALSE,0.993598292877889
"HPC","AD_Stan_WCP","NicoStan_BridgeStan",50000,500,128,32,4,20,"3f8ed78629bdab9b833b52bd1450ea30","NicoStan_BridgeStan_state_allocation_thread_setup_sampling_model_load_divergence_check","iteration_difference","main_scaling","two_run_difference",100,4,4.80124999999987,4.5699999999988,0.590682867535459,1.00900000000013,5.5701875,0.768937500000135,0.240062499999993,0.998000000000047,5.33499999999913,0.771000000000129,0.22849999999994,0,FALSE,FALSE,6.6649310075503,133.298620151006,0,"3826;3828;3830;3832",958,50000,"N = 50,000",500,"500","128",20,32,4.80124999999987,0.590682867535459,6.6649310075503,"Stan model (NicoStan) + tape chunking + WCP","Stan model (NicoStan) + tape chunking + WCP",FALSE,0.969799531372041
"HPC","AD_Stan_WCP","NicoStan_BridgeStan",50000,1000,128,32,4,20,"3f8ed78629bdab9b833b52bd1450ea30","NicoStan_BridgeStan_state_allocation_thread_setup_sampling_model_load_divergence_check","iteration_difference","main_scaling","two_run_difference",50,4,4.65624999999989,4.71000000000004,0.21390710600744,1.02125000000001,5.4446874999999,0.788437500000015,0.232812499999994,0.998499999999922,5.47299999999996,0.76299999999992,0.235500000000002,0,FALSE,FALSE,6.87248322147668,137.449664429534,0,"3926;3928;3930;3932",983,50000,"N = 50,000",1000,"1000","128",20,32,4.65624999999989,0.21390710600744,6.87248322147668,"Stan model (NicoStan) + tape chunking + WCP","Stan model (NicoStan) + tape chunking + WCP",TRUE,1
"HPC","AD_Stan_WCP","NicoStan_BridgeStan",50000,2000,128,32,4,20,"3f8ed78629bdab9b833b52bd1450ea30","NicoStan_BridgeStan_state_allocation_thread_setup_sampling_model_load_divergence_check","iteration_difference","main_scaling","two_run_difference",25,4,4.7424999999987,4.82249999999794,0.309905899696514,0.917500000000132,5.4228749999989,0.680375000000197,0.237124999999935,0.894500000000107,5.4743749999983,0.651875000000359,0.241124999999897,0,FALSE,FALSE,6.74749604639089,134.949920927818,0,"4026;4028;4030;4032",1008,50000,"N = 50,000",2000,"2000","128",20,32,4.7424999999987,0.309905899696514,6.74749604639089,"Stan model (NicoStan) + tape chunking + WCP","Stan model (NicoStan) + tape chunking + WCP",FALSE,0.981813389562712
"HPC","AD_Stan_WCP","NicoStan_BridgeStan",50000,5000,128,32,4,20,"3f8ed78629bdab9b833b52bd1450ea30","NicoStan_BridgeStan_state_allocation_thread_setup_sampling_model_load_divergence_check","iteration_difference","main_scaling","two_run_difference",10,4,7.31000000000051,7.35000000000014,0.17776388834667,1.19349999999997,8.13800000000046,0.827999999999946,0.365500000000026,1.19550000000004,8.17800000000017,0.828000000000031,0.367500000000007,0,FALSE,FALSE,4.37756497947986,87.5512995895971,0,"4126;4128;4130;4132",1033,50000,"N = 50,000",5000,"5000","128",20,32,7.31000000000051,0.17776388834667,4.37756497947986,"Stan model (NicoStan) + tape chunking + WCP","Stan model (NicoStan) + tape chunking + WCP",FALSE,0.636969904240706
"HPC","AD_Stan_WCP","NicoStan_BridgeStan",50000,4,180,45,4,20,"3f8ed78629bdab9b833b52bd1450ea30","NicoStan_BridgeStan_state_allocation_thread_setup_sampling_model_load_divergence_check","iteration_difference","main_scaling","two_run_difference",12500,4,21.5575000000001,20.8650000000003,1.61834019909277,2.00975,22.4893750000001,0.931874999999991,1.07787500000001,2.03749999999999,21.8827500000003,1.00524999999999,1.04325000000001,0,FALSE,FALSE,2.08744056592832,41.7488113185664,0,"4337;4338;4339;4340",1085,50000,"N = 50,000",4,"4","180",20,45,21.5575000000001,1.61834019909277,2.08744056592832,"Stan model (NicoStan) + tape chunking + WCP","Stan model (NicoStan) + tape chunking + WCP",FALSE,0.29270555491119
"HPC","AD_Stan_WCP","NicoStan_BridgeStan",50000,10,180,45,4,20,"3f8ed78629bdab9b833b52bd1450ea30","NicoStan_BridgeStan_state_allocation_thread_setup_sampling_model_load_divergence_check","iteration_difference","main_scaling","two_run_difference",5000,4,17.5887500000007,17.122500000001,1.06201361416305,1.98574999999994,18.6950625000006,1.1063124999999,0.879437500000037,1.91949999999997,18.1783750000008,1.07087499999994,0.856125000000048,0,FALSE,FALSE,2.55845355696102,51.1690711392203,0,"3341;3342;3343;3344",836,50000,"N = 50,000",10,"10","180",20,45,17.5887500000007,1.06201361416305,2.55845355696102,"Stan model (NicoStan) + tape chunking + WCP","Stan model (NicoStan) + tape chunking + WCP",FALSE,0.35875204320931
"HPC","AD_Stan_WCP","NicoStan_BridgeStan",50000,25,180,45,4,20,"3f8ed78629bdab9b833b52bd1450ea30","NicoStan_BridgeStan_state_allocation_thread_setup_sampling_model_load_divergence_check","iteration_difference","main_scaling","two_run_difference",2000,4,16.9874999999999,17.0824999999991,0.687125655660555,1.89124999999996,18.0293749999999,1.04187499999996,0.849374999999995,1.86799999999994,18.1458749999991,1.02037499999986,0.854124999999954,0,FALSE,FALSE,2.64900662251657,52.9801324503314,0,"3433;3434;3435;3436",859,50000,"N = 50,000",25,"25","180",20,45,16.9874999999999,0.687125655660555,2.64900662251657,"Stan model (NicoStan) + tape chunking + WCP","Stan model (NicoStan) + tape chunking + WCP",FALSE,0.37144959529054
"HPC","AD_Stan_WCP","NicoStan_BridgeStan",50000,50,180,45,4,20,"3f8ed78629bdab9b833b52bd1450ea30","NicoStan_BridgeStan_state_allocation_thread_setup_sampling_model_load_divergence_check","iteration_difference","main_scaling","two_run_difference",1000,4,15.9224999999998,15.5325000000005,0.886289080003196,1.82875000000001,16.9551249999998,1.03262500000002,0.796124999999989,1.76900000000001,16.5248750000005,0.999000000000024,0.776625000000024,0,FALSE,FALSE,2.8261893546868,56.523787093736,0,"3533;3534;3535;3536",884,50000,"N = 50,000",50,"50","180",20,45,15.9224999999998,0.886289080003196,2.8261893546868,"Stan model (NicoStan) + tape chunking + WCP","Stan model (NicoStan) + tape chunking + WCP",FALSE,0.396294551734847
"HPC","AD_Stan_WCP","NicoStan_BridgeStan",50000,100,180,45,4,20,"3f8ed78629bdab9b833b52bd1450ea30","NicoStan_BridgeStan_state_allocation_thread_setup_sampling_model_load_divergence_check","iteration_difference","main_scaling","two_run_difference",500,4,12.2850000000011,12.0150000000001,0.76106285329521,1.83949999999982,13.5102500000009,1.22524999999976,0.614250000000055,1.84099999999967,13.2011250000011,1.23687499999971,0.600750000000005,0,FALSE,FALSE,3.66300366300333,73.2600732600667,0,"3633;3634;3635;3636",909,50000,"N = 50,000",100,"100","180",20,45,12.2850000000011,0.76106285329521,3.66300366300333,"Stan model (NicoStan) + tape chunking + WCP","Stan model (NicoStan) + tape chunking + WCP",FALSE,0.513634513634306
"HPC","AD_Stan_WCP","NicoStan_BridgeStan",50000,250,180,45,4,20,"3f8ed78629bdab9b833b52bd1450ea30","NicoStan_BridgeStan_state_allocation_thread_setup_sampling_model_load_divergence_check","iteration_difference","main_scaling","two_run_difference",200,4,8.92749999999864,9.0849999999989,0.620611257819703,1.49200000000008,9.97312499999879,1.04562500000014,0.446374999999932,1.47450000000003,10.103249999999,1.03625000000011,0.454249999999945,0,FALSE,FALSE,5.04060487258548,100.81209745171,0,"3733;3734;3735;3736",934,50000,"N = 50,000",250,"250","180",20,45,8.92749999999864,0.620611257819703,5.04060487258548,"Stan model (NicoStan) + tape chunking + WCP","Stan model (NicoStan) + tape chunking + WCP",FALSE,0.706804816577874
"HPC","AD_Stan_WCP","NicoStan_BridgeStan",50000,500,180,45,4,20,"3f8ed78629bdab9b833b52bd1450ea30","NicoStan_BridgeStan_state_allocation_thread_setup_sampling_model_load_divergence_check","iteration_difference","main_scaling","two_run_difference",100,4,6.31500000000017,6.2600000000009,1.0765066960627,1.43799999999999,7.43725000000015,1.12224999999998,0.315750000000008,1.44250000000011,7.38050000000072,1.12400000000014,0.313000000000045,0,FALSE,FALSE,7.12589073634185,142.517814726837,0,"3833;3834;3835;3836",959,50000,"N = 50,000",500,"500","180",20,45,6.31500000000017,1.0765066960627,7.12589073634185,"Stan model (NicoStan) + tape chunking + WCP","Stan model (NicoStan) + tape chunking + WCP",FALSE,0.999208234362287
"HPC","AD_Stan_WCP","NicoStan_BridgeStan",50000,1000,180,45,4,20,"3f8ed78629bdab9b833b52bd1450ea30","NicoStan_BridgeStan_state_allocation_thread_setup_sampling_model_load_divergence_check","iteration_difference","main_scaling","two_run_difference",50,4,6.30999999999801,6.07749999999783,0.767322183527835,1.36275000000023,7.35724999999834,1.04725000000033,0.315499999999901,1.31800000000021,7.06812499999813,1.02725000000032,0.303874999999891,0,FALSE,FALSE,7.13153724247451,142.63074484949,0,"3933;3934;3935;3936",984,50000,"N = 50,000",1000,"1000","180",20,45,6.30999999999801,0.767322183527835,7.13153724247451,"Stan model (NicoStan) + tape chunking + WCP","Stan model (NicoStan) + tape chunking + WCP",TRUE,1
"HPC","AD_Stan_WCP","NicoStan_BridgeStan",50000,2000,180,45,4,20,"3f8ed78629bdab9b833b52bd1450ea30","NicoStan_BridgeStan_state_allocation_thread_setup_sampling_model_load_divergence_check","iteration_difference","main_scaling","two_run_difference",25,4,7.32499999999959,7.50249999999937,1.51235467621475,1.255,8.21374999999961,0.888750000000016,0.36624999999998,1.28700000000003,8.35037499999936,0.889250000000061,0.375124999999969,0,FALSE,FALSE,6.14334470989795,122.866894197959,0,"4033;4034;4035;4036",1009,50000,"N = 50,000",2000,"2000","180",20,45,7.32499999999959,1.51235467621475,6.14334470989795,"Stan model (NicoStan) + tape chunking + WCP","Stan model (NicoStan) + tape chunking + WCP",FALSE,0.861433447098753
"HPC","AD_Stan_WCP","NicoStan_BridgeStan",50000,5000,180,45,4,20,"3f8ed78629bdab9b833b52bd1450ea30","NicoStan_BridgeStan_state_allocation_thread_setup_sampling_model_load_divergence_check","iteration_difference","main_scaling","two_run_difference",10,4,9.99250000000018,9.35999999999922,1.36340566230339,1.51049999999998,11.0033750000001,1.01087499999997,0.499625000000009,1.4525000000001,10.3444999999994,0.984874999999874,0.467999999999961,0,FALSE,FALSE,4.50337753314978,90.0675506629956,0,"4133;4134;4135;4136",1034,50000,"N = 50,000",5000,"5000","180",20,45,9.99250000000018,1.36340566230339,4.50337753314978,"Stan model (NicoStan) + tape chunking + WCP","Stan model (NicoStan) + tape chunking + WCP",FALSE,0.631473605203693
"HPC","AD_Stan_WCP","NicoStan_BridgeStan",50000,2,96,48,2,20,"3f8ed78629bdab9b833b52bd1450ea30","NicoStan_BridgeStan_state_allocation_thread_setup_sampling_model_load_divergence_check","iteration_difference","main_scaling","two_run_difference",25000,4,23.605,23.6799999999997,2.12322867350646,2.38225000000001,24.807,1.20200000000001,1.18025,2.34300000000002,24.8264999999997,1.14850000000001,1.18399999999998,0,FALSE,FALSE,2.03346748570218,40.6693497140436,0,"4341;4342;4343;4344",1086,50000,"N = 50,000",2,"2","96",20,48,23.605,2.12322867350646,2.03346748570218,"Stan model (NicoStan) + tape chunking + WCP","Stan model (NicoStan) + tape chunking + WCP",FALSE,0.284367718703683
"HPC","AD_Stan_WCP","NicoStan_BridgeStan",50000,10,96,48,2,20,"3f8ed78629bdab9b833b52bd1450ea30","NicoStan_BridgeStan_state_allocation_thread_setup_sampling_model_load_divergence_check","iteration_difference","main_scaling","two_run_difference",5000,4,18.0150000000003,17.835,0.491138133997482,2.02025000000003,19.1345000000003,1.11950000000002,0.900750000000016,2.00750000000005,18.9762500000001,1.09775000000002,0.891750000000002,0,FALSE,FALSE,2.66444629475432,53.2889258950865,0,"3345;3346;3347;3348",837,50000,"N = 50,000",10,"10","96",20,48,18.0150000000003,0.491138133997482,2.66444629475432,"Stan model (NicoStan) + tape chunking + WCP","Stan model (NicoStan) + tape chunking + WCP",FALSE,0.372606161532074
"HPC","AD_Stan_WCP","NicoStan_BridgeStan",50000,25,96,48,2,20,"3f8ed78629bdab9b833b52bd1450ea30","NicoStan_BridgeStan_state_allocation_thread_setup_sampling_model_load_divergence_check","iteration_difference","main_scaling","two_run_difference",2000,4,16.7487500000001,16.7250000000001,0.859897038409478,2.00099999999998,17.9123125000001,1.16356249999997,0.837437500000007,2,17.8947500000001,1.16974999999996,0.836250000000007,0,FALSE,FALSE,2.86588551384429,57.3177102768858,0,"3437;3438;3439;3440",860,50000,"N = 50,000",25,"25","96",20,48,16.7487500000001,0.859897038409478,2.86588551384429,"Stan model (NicoStan) + tape chunking + WCP","Stan model (NicoStan) + tape chunking + WCP",FALSE,0.400776177326689
"HPC","AD_Stan_WCP","NicoStan_BridgeStan",50000,50,96,48,2,20,"3f8ed78629bdab9b833b52bd1450ea30","NicoStan_BridgeStan_state_allocation_thread_setup_sampling_model_load_divergence_check","iteration_difference","main_scaling","two_run_difference",1000,4,13.8412499999993,13.877500000001,1.04913754261928,1.87300000000005,15.0221874999993,1.18093750000008,0.692062499999963,1.8900000000001,15.0346250000008,1.19362500000017,0.693875000000048,0,FALSE,FALSE,3.46789487943665,69.357897588733,0,"3537;3538;3539;3540",885,50000,"N = 50,000",50,"50","96",20,48,13.8412499999993,1.04913754261928,3.46789487943665,"Stan model (NicoStan) + tape chunking + WCP","Stan model (NicoStan) + tape chunking + WCP",FALSE,0.484963424546251
"HPC","AD_Stan_WCP","NicoStan_BridgeStan",50000,100,96,48,2,20,"3f8ed78629bdab9b833b52bd1450ea30","NicoStan_BridgeStan_state_allocation_thread_setup_sampling_model_load_divergence_check","iteration_difference","main_scaling","two_run_difference",500,4,9.95375000000024,9.55250000000092,0.94764071074743,1.54575,11.0018125000002,1.04806249999999,0.497687500000012,1.50250000000005,10.5573750000009,1.02687500000008,0.477625000000046,0,FALSE,FALSE,4.82230315207825,96.4460630415649,0,"3637;3638;3639;3640",910,50000,"N = 50,000",100,"100","96",20,48,9.95375000000024,0.94764071074743,4.82230315207825,"Stan model (NicoStan) + tape chunking + WCP","Stan model (NicoStan) + tape chunking + WCP",FALSE,0.674368956423486
"HPC","AD_Stan_WCP","NicoStan_BridgeStan",50000,250,96,48,2,20,"3f8ed78629bdab9b833b52bd1450ea30","NicoStan_BridgeStan_state_allocation_thread_setup_sampling_model_load_divergence_check","iteration_difference","main_scaling","two_run_difference",200,4,6.91750000000013,6.78999999999974,0.816511890095295,1.54349999999988,8.11512500000001,1.19762499999987,0.345875000000007,1.53949999999986,7.96649999999977,1.17549999999989,0.339499999999987,0,FALSE,FALSE,6.9389230213226,138.778460426452,0,"3737;3738;3739;3740",935,50000,"N = 50,000",250,"250","96",20,48,6.91750000000013,0.816511890095295,6.9389230213226,"Stan model (NicoStan) + tape chunking + WCP","Stan model (NicoStan) + tape chunking + WCP",FALSE,0.970365016263145
"HPC","AD_Stan_WCP","NicoStan_BridgeStan",50000,500,96,48,2,20,"3f8ed78629bdab9b833b52bd1450ea30","NicoStan_BridgeStan_state_allocation_thread_setup_sampling_model_load_divergence_check","iteration_difference","main_scaling","two_run_difference",100,4,6.71250000000043,6.64000000000215,0.610266335298722,1.53300000000002,7.90987500000043,1.19737499999999,0.335625000000022,1.53949999999986,7.8475000000019,1.1982499999998,0.332000000000107,0,FALSE,FALSE,7.15083798882636,143.016759776527,0,"3837;3838;3839;3840",960,50000,"N = 50,000",500,"500","96",20,48,6.71250000000043,0.610266335298722,7.15083798882636,"Stan model (NicoStan) + tape chunking + WCP","Stan model (NicoStan) + tape chunking + WCP",TRUE,1
"HPC","AD_Stan_WCP","NicoStan_BridgeStan",50000,1000,96,48,2,20,"3f8ed78629bdab9b833b52bd1450ea30","NicoStan_BridgeStan_state_allocation_thread_setup_sampling_model_load_divergence_check","iteration_difference","main_scaling","two_run_difference",50,4,7.07625000000007,7.04999999999927,0.84704756851912,1.49299999999982,8.21543749999989,1.13918749999982,0.353812500000004,1.52699999999982,8.1299999999992,1.13737499999979,0.352499999999964,0,FALSE,FALSE,6.7832538420773,135.665076841546,0,"3937;3938;3939;3940",985,50000,"N = 50,000",1000,"1000","96",20,48,7.07625000000007,0.84704756851912,6.7832538420773,"Stan model (NicoStan) + tape chunking + WCP","Stan model (NicoStan) + tape chunking + WCP",FALSE,0.948595654478059
"HPC","AD_Stan_WCP","NicoStan_BridgeStan",50000,2000,96,48,2,20,"3f8ed78629bdab9b833b52bd1450ea30","NicoStan_BridgeStan_state_allocation_thread_setup_sampling_model_load_divergence_check","iteration_difference","main_scaling","two_run_difference",25,4,7.62499999999932,7.40499999999997,0.574064456310872,1.4285000000001,8.67224999999945,1.04725000000013,0.381249999999966,1.42650000000003,8.48175000000009,1.06162500000005,0.370249999999999,0,FALSE,FALSE,6.29508196721368,125.901639344274,0,"4037;4038;4039;4040",1010,50000,"N = 50,000",2000,"2000","96",20,48,7.62499999999932,0.574064456310872,6.29508196721368,"Stan model (NicoStan) + tape chunking + WCP","Stan model (NicoStan) + tape chunking + WCP",FALSE,0.880327868852594
"HPC","AD_Stan_WCP","NicoStan_BridgeStan",50000,5000,96,48,2,20,"3f8ed78629bdab9b833b52bd1450ea30","NicoStan_BridgeStan_state_allocation_thread_setup_sampling_model_load_divergence_check","iteration_difference","main_scaling","two_run_difference",10,4,11.9450000000001,12.0175000000006,0.719108244054579,1.74950000000001,13.0972500000001,1.15225000000001,0.597250000000003,1.75,13.1666250000006,1.14912499999997,0.60087500000003,0,FALSE,FALSE,4.0184177480117,80.3683549602341,0,"4137;4138;4139;4140",1035,50000,"N = 50,000",5000,"5000","96",20,48,11.9450000000001,0.719108244054579,4.0184177480117,"Stan model (NicoStan) + tape chunking + WCP","Stan model (NicoStan) + tape chunking + WCP",FALSE,0.561950606948548
"HPC","AD_Stan_WCP","NicoStan_BridgeStan",50000,2,128,64,2,20,"3f8ed78629bdab9b833b52bd1450ea30","NicoStan_BridgeStan_state_allocation_thread_setup_sampling_model_load_divergence_check","iteration_difference","main_scaling","two_run_difference",25000,4,28.31,28.8749999999999,4.40769781178335,3.3265,30.221,1.91099999999999,1.4155,3.29900000000001,30.7302499999999,1.85525000000001,1.44374999999999,0,FALSE,FALSE,2.26068527022253,45.2137054044507,0,"4345;4346;4347;4348",1087,50000,"N = 50,000",2,"2","128",20,64,28.31,4.40769781178335,2.26068527022253,"Stan model (NicoStan) + tape chunking + WCP","Stan model (NicoStan) + tape chunking + WCP",FALSE,0.300688802543248
"HPC","AD_Stan_WCP","NicoStan_BridgeStan",50000,10,128,64,2,20,"3f8ed78629bdab9b833b52bd1450ea30","NicoStan_BridgeStan_state_allocation_thread_setup_sampling_model_load_divergence_check","iteration_difference","main_scaling","two_run_difference",5000,4,24.3099999999998,24.1775000000001,1.4504079885787,2.72750000000002,25.8219999999999,1.51200000000003,1.21549999999999,2.75699999999995,25.7256250000001,1.54812499999994,1.20887500000001,0,FALSE,FALSE,2.63266145619089,52.6532291238177,0,"3349;3350;3351;3352",838,50000,"N = 50,000",10,"10","128",20,64,24.3099999999998,1.4504079885787,2.63266145619089,"Stan model (NicoStan) + tape chunking + WCP","Stan model (NicoStan) + tape chunking + WCP",FALSE,0.350164541340988
"HPC","AD_Stan_WCP","NicoStan_BridgeStan",50000,25,128,64,2,20,"3f8ed78629bdab9b833b52bd1450ea30","NicoStan_BridgeStan_state_allocation_thread_setup_sampling_model_load_divergence_check","iteration_difference","main_scaling","two_run_difference",2000,4,22.6737499999996,22.4399999999997,0.991096825071682,2.59250000000003,24.1325624999996,1.45881250000005,1.13368749999998,2.65500000000009,23.8479999999997,1.50800000000001,1.12199999999999,0,FALSE,FALSE,2.82264733447273,56.4529466894547,0,"3441;3442;3443;3444",861,50000,"N = 50,000",25,"25","128",20,64,22.6737499999996,0.991096825071682,2.82264733447273,"Stan model (NicoStan) + tape chunking + WCP","Stan model (NicoStan) + tape chunking + WCP",FALSE,0.375434147417146
"HPC","AD_Stan_WCP","NicoStan_BridgeStan",50000,50,128,64,2,20,"3f8ed78629bdab9b833b52bd1450ea30","NicoStan_BridgeStan_state_allocation_thread_setup_sampling_model_load_divergence_check","iteration_difference","main_scaling","two_run_difference",1000,4,20.5812500000002,20.4900000000009,1.2241212834786,2.33124999999995,21.8834375000001,1.30218749999995,1.02906250000001,2.51999999999998,21.9980000000007,1.50799999999975,1.02450000000005,0,FALSE,FALSE,3.10962648041297,62.1925296082594,0,"3541;3542;3543;3544",886,50000,"N = 50,000",50,"50","128",20,64,20.5812500000002,1.2241212834786,3.10962648041297,"Stan model (NicoStan) + tape chunking + WCP","Stan model (NicoStan) + tape chunking + WCP",FALSE,0.413604615851772
"HPC","AD_Stan_WCP","NicoStan_BridgeStan",50000,100,128,64,2,20,"3f8ed78629bdab9b833b52bd1450ea30","NicoStan_BridgeStan_state_allocation_thread_setup_sampling_model_load_divergence_check","iteration_difference","main_scaling","two_run_difference",500,4,14.1600000000011,14.2925000000014,1.03912623551481,2.25374999999985,15.7057500000009,1.5457499999998,0.708000000000055,2.26049999999987,15.8248750000012,1.54262499999987,0.714625000000069,0,FALSE,FALSE,4.51977401129908,90.3954802259816,0,"3641;3642;3643;3644",911,50000,"N = 50,000",100,"100","128",20,64,14.1600000000011,1.03912623551481,4.51977401129908,"Stan model (NicoStan) + tape chunking + WCP","Stan model (NicoStan) + tape chunking + WCP",FALSE,0.601165254237196
"HPC","AD_Stan_WCP","NicoStan_BridgeStan",50000,250,128,64,2,20,"3f8ed78629bdab9b833b52bd1450ea30","NicoStan_BridgeStan_state_allocation_thread_setup_sampling_model_load_divergence_check","iteration_difference","main_scaling","two_run_difference",200,4,8.77999999999929,8.93499999999904,0.545191097994222,1.91725000000008,10.2582499999994,1.47825000000012,0.438999999999965,1.98750000000018,10.4634999999986,1.5412500000001,0.446749999999952,0,FALSE,FALSE,7.2892938496589,145.785876993178,0,"3741;3742;3743;3744",936,50000,"N = 50,000",250,"250","128",20,64,8.77999999999929,0.545191097994222,7.2892938496589,"Stan model (NicoStan) + tape chunking + WCP","Stan model (NicoStan) + tape chunking + WCP",FALSE,0.969533029612762
"HPC","AD_Stan_WCP","NicoStan_BridgeStan",50000,500,128,64,2,20,"3f8ed78629bdab9b833b52bd1450ea30","NicoStan_BridgeStan_state_allocation_thread_setup_sampling_model_load_divergence_check","iteration_difference","main_scaling","two_run_difference",100,4,8.63000000000056,8.31000000000017,1.13888834688388,1.72424999999998,9.92275000000052,1.29274999999996,0.431500000000028,1.62249999999995,9.51700000000011,1.22800000000001,0.415500000000009,0,FALSE,FALSE,7.4159907300111,148.319814600222,0,"3841;3842;3843;3844",961,50000,"N = 50,000",500,"500","128",20,64,8.63000000000056,1.13888834688388,7.4159907300111,"Stan model (NicoStan) + tape chunking + WCP","Stan model (NicoStan) + tape chunking + WCP",FALSE,0.986384704518981
"HPC","AD_Stan_WCP","NicoStan_BridgeStan",50000,1000,128,64,2,20,"3f8ed78629bdab9b833b52bd1450ea30","NicoStan_BridgeStan_state_allocation_thread_setup_sampling_model_load_divergence_check","iteration_difference","main_scaling","two_run_difference",50,4,8.51249999999936,7.91999999999916,1.54981988200879,1.8420000000001,9.92887499999949,1.41637500000013,0.425624999999968,1.8755000000001,9.39949999999931,1.47950000000014,0.395999999999958,0,FALSE,FALSE,7.51835535976561,150.367107195312,0,"3941;3942;3943;3944",986,50000,"N = 50,000",1000,"1000","128",20,64,8.51249999999936,1.54981988200879,7.51835535976561,"Stan model (NicoStan) + tape chunking + WCP","Stan model (NicoStan) + tape chunking + WCP",TRUE,1
"HPC","AD_Stan_WCP","NicoStan_BridgeStan",50000,2000,128,64,2,20,"3f8ed78629bdab9b833b52bd1450ea30","NicoStan_BridgeStan_state_allocation_thread_setup_sampling_model_load_divergence_check","iteration_difference","main_scaling","two_run_difference",25,4,9.85124999999925,9.39750000000004,1.20711346470301,1.59900000000005,10.9576874999993,1.10643750000008,0.492562499999963,1.55899999999997,10.486625,1.08912499999997,0.469875000000002,0,FALSE,FALSE,6.49663748255347,129.932749651069,0,"4041;4042;4043;4044",1011,50000,"N = 50,000",2000,"2000","128",20,64,9.85124999999925,1.20711346470301,6.49663748255347,"Stan model (NicoStan) + tape chunking + WCP","Stan model (NicoStan) + tape chunking + WCP",FALSE,0.864103540159879
"HPC","AD_Stan_WCP","NicoStan_BridgeStan",50000,5000,128,64,2,20,"3f8ed78629bdab9b833b52bd1450ea30","NicoStan_BridgeStan_state_allocation_thread_setup_sampling_model_load_divergence_check","iteration_difference","main_scaling","two_run_difference",10,4,14.4037500000002,14.1500000000008,1.039570223697,2.10649999999998,15.7900625000001,1.38631249999997,0.720187500000009,2.173,15.6195000000006,1.41637500000002,0.707500000000039,0,FALSE,FALSE,4.44328733836669,88.8657467673338,0,"4141;4142;4143;4144",1036,50000,"N = 50,000",5000,"5000","128",20,64,14.4037500000002,1.039570223697,4.44328733836669,"Stan model (NicoStan) + tape chunking + WCP","Stan model (NicoStan) + tape chunking + WCP",FALSE,0.590991929185057
"HPC","AD_Stan_WCP","NicoStan_BridgeStan",50000,2,180,90,2,20,"3f8ed78629bdab9b833b52bd1450ea30","NicoStan_BridgeStan_state_allocation_thread_setup_sampling_model_load_divergence_check","iteration_difference","main_scaling","two_run_difference",25000,4,41.7825000000001,41.0900000000004,2.96531476687857,4.56349999999998,44.256875,2.47437499999997,2.089125,4.65099999999995,43.6865000000003,2.59649999999993,2.05450000000002,0,FALSE,FALSE,2.15401184706516,43.0802369413031,0,"4349;4350;4351;4352",1088,50000,"N = 50,000",2,"2","180",20,90,41.7825000000001,2.96531476687857,2.15401184706516,"Stan model (NicoStan) + tape chunking + WCP","Stan model (NicoStan) + tape chunking + WCP",FALSE,0.271525160055034
"HPC","AD_Stan_WCP","NicoStan_BridgeStan",50000,10,180,90,2,20,"3f8ed78629bdab9b833b52bd1450ea30","NicoStan_BridgeStan_state_allocation_thread_setup_sampling_model_load_divergence_check","iteration_difference","main_scaling","two_run_difference",5000,4,35.5799999999999,36.2124999999997,1.42690223911784,3.82974999999999,37.6307499999999,2.05074999999999,1.779,3.91549999999995,38.1367500000001,2.17787499999994,1.81062499999999,0,FALSE,FALSE,2.52951096121417,50.5902192242834,0,"3353;3354;3355;3356",839,50000,"N = 50,000",10,"10","180",20,90,35.5799999999999,1.42690223911784,2.52951096121417,"Stan model (NicoStan) + tape chunking + WCP","Stan model (NicoStan) + tape chunking + WCP",FALSE,0.318858909499704
"HPC","AD_Stan_WCP","NicoStan_BridgeStan",50000,25,180,90,2,20,"3f8ed78629bdab9b833b52bd1450ea30","NicoStan_BridgeStan_state_allocation_thread_setup_sampling_model_load_divergence_check","iteration_difference","main_scaling","two_run_difference",2000,4,33.2537500000001,33.3525000000003,1.92316308460877,3.64274999999998,35.2338125000001,1.98006249999997,1.6626875,3.64300000000003,35.3581249999997,2.04949999999997,1.66762500000002,0,FALSE,FALSE,2.70646167725444,54.1292335450888,0,"3445;3446;3447;3448",862,50000,"N = 50,000",25,"25","180",20,90,33.2537500000001,1.92316308460877,2.70646167725444,"Stan model (NicoStan) + tape chunking + WCP","Stan model (NicoStan) + tape chunking + WCP",FALSE,0.341164530316113
"HPC","AD_Stan_WCP","NicoStan_BridgeStan",50000,50,180,90,2,20,"3f8ed78629bdab9b833b52bd1450ea30","NicoStan_BridgeStan_state_allocation_thread_setup_sampling_model_load_divergence_check","iteration_difference","main_scaling","two_run_difference",1000,4,31.4050000000003,31.5425000000005,1.14094259276988,3.55749999999989,33.3922500000002,1.98724999999988,1.57025000000002,3.69100000000003,33.6923750000003,2.07487500000008,1.57712500000002,0,FALSE,FALSE,2.86578570291352,57.3157140582704,0,"3545;3546;3547;3548",887,50000,"N = 50,000",50,"50","180",20,90,31.4050000000003,1.14094259276988,2.86578570291352,"Stan model (NicoStan) + tape chunking + WCP","Stan model (NicoStan) + tape chunking + WCP",FALSE,0.361248208883915
"HPC","AD_Stan_WCP","NicoStan_BridgeStan",50000,100,180,90,2,20,"3f8ed78629bdab9b833b52bd1450ea30","NicoStan_BridgeStan_state_allocation_thread_setup_sampling_model_load_divergence_check","iteration_difference","main_scaling","two_run_difference",500,4,23.6937499999993,23.7024999999994,0.355841139648326,3.06299999999999,25.5720624999994,1.87831250000002,1.18468749999997,3.01899999999978,25.567624999999,1.83474999999981,1.18512499999997,0,FALSE,FALSE,3.79847006067011,75.9694012134023,0,"3645;3646;3647;3648",912,50000,"N = 50,000",100,"100","180",20,90,23.6937499999993,0.355841139648326,3.79847006067011,"Stan model (NicoStan) + tape chunking + WCP","Stan model (NicoStan) + tape chunking + WCP",FALSE,0.478818253758893
"HPC","AD_Stan_WCP","NicoStan_BridgeStan",50000,250,180,90,2,20,"3f8ed78629bdab9b833b52bd1450ea30","NicoStan_BridgeStan_state_allocation_thread_setup_sampling_model_load_divergence_check","iteration_difference","main_scaling","two_run_difference",200,4,17.2650000000004,17.8925000000004,1.69406316293106,2.78800000000001,19.1897500000004,1.92474999999999,0.863250000000022,2.8605,19.7821250000005,2.02387499999998,0.894625000000019,0,FALSE,FALSE,5.21285838401377,104.257167680275,0,"3745;3746;3747;3748",937,50000,"N = 50,000",250,"250","180",20,90,17.2650000000004,1.69406316293106,5.21285838401377,"Stan model (NicoStan) + tape chunking + WCP","Stan model (NicoStan) + tape chunking + WCP",FALSE,0.65710975962926
"HPC","AD_Stan_WCP","NicoStan_BridgeStan",50000,500,180,90,2,20,"3f8ed78629bdab9b833b52bd1450ea30","NicoStan_BridgeStan_state_allocation_thread_setup_sampling_model_load_divergence_check","iteration_difference","main_scaling","two_run_difference",100,4,11.9325000000003,10.4349999999988,3.13733034069882,2.19224999999994,13.5281250000003,1.59562499999993,0.596625000000017,2.20249999999987,12.082249999999,1.64725000000016,0.52174999999994,0,FALSE,FALSE,7.54242614707709,150.848522941542,0,"3845;3846;3847;3848",962,50000,"N = 50,000",500,"500","180",20,90,11.9325000000003,3.13733034069882,7.54242614707709,"Stan model (NicoStan) + tape chunking + WCP","Stan model (NicoStan) + tape chunking + WCP",FALSE,0.950764718206506
"HPC","AD_Stan_WCP","NicoStan_BridgeStan",50000,1000,180,90,2,20,"3f8ed78629bdab9b833b52bd1450ea30","NicoStan_BridgeStan_state_allocation_thread_setup_sampling_model_load_divergence_check","iteration_difference","main_scaling","two_run_difference",50,4,11.3449999999995,10.6624999999997,1.80638220392692,2.52250000000004,13.3002499999995,1.95525000000006,0.567249999999973,2.57999999999993,12.6286250000005,2.04775000000001,0.533124999999984,0,FALSE,FALSE,7.93301013662444,158.660202732489,0,"3945;3946;3947;3948",987,50000,"N = 50,000",1000,"1000","180",20,90,11.3449999999995,1.80638220392692,7.93301013662444,"Stan model (NicoStan) + tape chunking + WCP","Stan model (NicoStan) + tape chunking + WCP",TRUE,1
"HPC","AD_Stan_WCP","NicoStan_BridgeStan",50000,2000,180,90,2,20,"3f8ed78629bdab9b833b52bd1450ea30","NicoStan_BridgeStan_state_allocation_thread_setup_sampling_model_load_divergence_check","iteration_difference","main_scaling","two_run_difference",25,4,12.6612499999993,12.7299999999991,0.694818621415251,1.8995000000001,13.9276874999995,1.26643750000014,0.633062499999966,1.86450000000013,13.8874999999992,1.25300000000004,0.636499999999955,0,FALSE,FALSE,7.10830289268476,142.166057853695,0,"4045;4046;4047;4048",1012,50000,"N = 50,000",2000,"2000","180",20,90,12.6612499999993,0.694818621415251,7.10830289268476,"Stan model (NicoStan) + tape chunking + WCP","Stan model (NicoStan) + tape chunking + WCP",FALSE,0.896041070194497
"HPC","AD_Stan_WCP","NicoStan_BridgeStan",50000,5000,180,90,2,20,"3f8ed78629bdab9b833b52bd1450ea30","NicoStan_BridgeStan_state_allocation_thread_setup_sampling_model_load_divergence_check","iteration_difference","main_scaling","two_run_difference",10,4,18.2662500000009,17.8625000000011,1.21988643597204,2.64899999999989,20.0019375000008,1.73568749999984,0.913312500000046,2.55249999999978,19.5218750000008,1.65937499999973,0.893125000000055,0,FALSE,FALSE,4.92711968794884,98.5423937589767,0,"4145;4146;4147;4148",1037,50000,"N = 50,000",5000,"5000","180",20,90,18.2662500000009,1.21988643597204,4.92711968794884,"Stan model (NicoStan) + tape chunking + WCP","Stan model (NicoStan) + tape chunking + WCP",FALSE,0.621090809553077
