"device","algorithm","execution_backend","N","num_chunks","n_threads","n_chains","threads_per_chain","n_iter","dataset_md5","timing_scope","timing_estimator","benchmark_role","timing_method","stan_chunk_size","n_repeats","time_mean","time_median","time_sd","time_short_run_mean","time_long_run_mean","fixed_cost_mean","seconds_per_iteration_mean","time_short_run_median","time_long_run_median","fixed_cost_median","seconds_per_iteration_median","n_repeats_two_run_flagged","time_mean_not_positive","time_median_not_positive","chain_rate","total_iter_per_sec","max_divergences","configuration_id","mplus_iteration_mode"
"HPC","Mplus_WCP","mplus",500,1,8,4,2,10000,"5fff1836d43ae39c037ca22d13a50ed5","Mplus_input_write_engine_run_output_validation_BITERATIONS","overhead_subtraction","main_scaling","two_run_difference",NA,3,22.4676666666667,22.71,0.49970624704254,0.452666666666664,22.9203333333333,0.452666666666664,0.00224676666666667,0.447999999999993,23.158,0.447999999999993,0.002271,0,FALSE,FALSE,0.178033618681661,1780.33618681661,NA,1,"BITERATIONS"
"HPC","Mplus_WCP","mplus",500,1,16,4,4,10000,"5fff1836d43ae39c037ca22d13a50ed5","Mplus_input_write_engine_run_output_validation_BITERATIONS","overhead_subtraction","main_scaling","two_run_difference",NA,3,15.9263333333333,15.863,0.562679600957196,0.43433333333334,16.3606666666667,0.43433333333334,0.00159263333333333,0.432999999999993,16.284,0.432999999999993,0.0015863,0,FALSE,FALSE,0.251156365767387,2511.56365767387,NA,2,"BITERATIONS"
"HPC","Mplus_WCP","mplus",500,1,32,4,8,10000,"5fff1836d43ae39c037ca22d13a50ed5","Mplus_input_write_engine_run_output_validation_BITERATIONS","overhead_subtraction","main_scaling","two_run_difference",NA,3,10.076,10.178,0.282182565017752,0.417666666666669,10.4936666666667,0.417666666666669,0.0010076,0.418000000000006,10.596,0.418000000000006,0.0010178,0,FALSE,FALSE,0.396982929734021,3969.82929734021,NA,3,"BITERATIONS"
"HPC","Mplus_WCP","mplus",500,1,16,8,2,10000,"5fff1836d43ae39c037ca22d13a50ed5","Mplus_input_write_engine_run_output_validation_BITERATIONS","overhead_subtraction","main_scaling","two_run_difference",NA,3,31.3193333333333,30.893,1.45318626931765,0.447999999999998,31.7673333333333,0.447999999999998,0.00313193333333333,0.450999999999993,31.357,0.450999999999993,0.0030893,0,FALSE,FALSE,0.255433278698993,2554.33278698993,NA,4,"BITERATIONS"
"HPC","Mplus_WCP","mplus",500,1,32,8,4,10000,"5fff1836d43ae39c037ca22d13a50ed5","Mplus_input_write_engine_run_output_validation_BITERATIONS","overhead_subtraction","main_scaling","two_run_difference",NA,3,20.78,20.175,2.47460320051517,0.433000000000012,21.213,0.433000000000012,0.002078,0.432999999999993,20.614,0.432999999999993,0.0020175,0,FALSE,FALSE,0.384985563041386,3849.85563041386,NA,5,"BITERATIONS"
"HPC","Mplus_WCP","mplus",500,1,64,8,8,10000,"5fff1836d43ae39c037ca22d13a50ed5","Mplus_input_write_engine_run_output_validation_BITERATIONS","overhead_subtraction","main_scaling","two_run_difference",NA,3,13.5496666666667,13.597,0.273094000910538,0.431333333333328,13.981,0.431333333333328,0.00135496666666667,0.423000000000002,14.014,0.423000000000002,0.0013597,0,FALSE,FALSE,0.590420428546827,5904.20428546827,NA,6,"BITERATIONS"
"HPC","Mplus_WCP","mplus",500,1,32,16,2,10000,"5fff1836d43ae39c037ca22d13a50ed5","Mplus_input_write_engine_run_output_validation_BITERATIONS","overhead_subtraction","main_scaling","two_run_difference",NA,3,39.0976666666666,38.653,1.05201584271969,0.442666666666696,39.5403333333333,0.442666666666696,0.00390976666666666,0.446000000000026,39.1059999999999,0.446000000000026,0.0038653,0,FALSE,FALSE,0.409231582447376,4092.31582447376,NA,7,"BITERATIONS"
"HPC","Mplus_WCP","mplus",500,1,64,16,4,10000,"5fff1836d43ae39c037ca22d13a50ed5","Mplus_input_write_engine_run_output_validation_BITERATIONS","overhead_subtraction","main_scaling","two_run_difference",NA,3,23.0016666666667,22.752,1.57243643220752,0.445333333333319,23.447,0.445333333333319,0.00230016666666667,0.423000000000002,23.173,0.423000000000002,0.0022752,0,FALSE,FALSE,0.695601767987826,6956.01767987826,NA,8,"BITERATIONS"
"HPC","Mplus_WCP","mplus",500,1,96,16,6,10000,"5fff1836d43ae39c037ca22d13a50ed5","Mplus_input_write_engine_run_output_validation_BITERATIONS","overhead_subtraction","main_scaling","two_run_difference",NA,3,19.9553333333333,19.7769999999999,0.465845825712037,0.464333333333324,20.4196666666666,0.464333333333324,0.00199553333333333,0.442999999999984,20.2199999999999,0.442999999999984,0.00197769999999999,0,FALSE,FALSE,0.801790665820333,8017.90665820333,NA,9,"BITERATIONS"
"HPC","Mplus_WCP","mplus",500,1,128,16,8,10000,"5fff1836d43ae39c037ca22d13a50ed5","Mplus_input_write_engine_run_output_validation_BITERATIONS","overhead_subtraction","main_scaling","two_run_difference",NA,3,17.9623333333334,18.294,0.738635453612444,0.45066666666664,18.413,0.45066666666664,0.00179623333333334,0.449999999999989,18.751,0.449999999999989,0.0018294,0,FALSE,FALSE,0.890752871750142,8907.52871750142,NA,10,"BITERATIONS"
"HPC","Mplus_WCP","mplus",2500,1,8,4,2,2000,"229e14792b0f4550a6f1e0887b422826","Mplus_input_write_engine_run_output_validation_BITERATIONS","overhead_subtraction","main_scaling","two_run_difference",NA,3,21.706,21.3339999999999,0.900593693071333,0.555333333333313,22.2613333333333,0.555333333333313,0.010853,0.556999999999903,21.895,0.556999999999903,0.010667,0,FALSE,FALSE,0.184280844006265,368.561688012531,NA,11,"BITERATIONS"
"HPC","Mplus_WCP","mplus",2500,1,16,4,4,2000,"229e14792b0f4550a6f1e0887b422826","Mplus_input_write_engine_run_output_validation_BITERATIONS","overhead_subtraction","main_scaling","two_run_difference",NA,3,14.7486666666667,14.408,0.904469642018654,0.539333333333313,15.288,0.539333333333313,0.00737433333333333,0.532000000000039,14.9649999999999,0.532000000000039,0.00720400000000001,0,FALSE,FALSE,0.27121095692266,542.42191384532,NA,12,"BITERATIONS"
"HPC","Mplus_WCP","mplus",2500,1,32,4,8,2000,"229e14792b0f4550a6f1e0887b422826","Mplus_input_write_engine_run_output_validation_BITERATIONS","overhead_subtraction","main_scaling","two_run_difference",NA,3,8.30400000000005,8.32300000000009,0.09395211546318,0.489666666666684,8.79366666666673,0.489666666666684,0.00415200000000002,0.490000000000009,8.81400000000008,0.490000000000009,0.00416150000000005,0,FALSE,FALSE,0.481695568400768,963.391136801536,NA,13,"BITERATIONS"
"HPC","Mplus_WCP","mplus",2500,1,16,8,2,2000,"229e14792b0f4550a6f1e0887b422826","Mplus_input_write_engine_run_output_validation_BITERATIONS","overhead_subtraction","main_scaling","two_run_difference",NA,3,28.9283333333333,29.1700000000001,0.971315774263658,0.563666666666677,29.492,0.563666666666677,0.0144641666666667,0.571000000000026,29.744,0.571000000000026,0.014585,0,FALSE,FALSE,0.276545485971078,553.090971942156,NA,14,"BITERATIONS"
"HPC","Mplus_WCP","mplus",2500,1,32,8,4,2000,"229e14792b0f4550a6f1e0887b422826","Mplus_input_write_engine_run_output_validation_BITERATIONS","overhead_subtraction","main_scaling","two_run_difference",NA,3,16.9150000000001,16.4940000000001,0.994726595603012,0.516333333333326,17.4313333333334,0.516333333333326,0.00845750000000004,0.518000000000029,17.0350000000001,0.518000000000029,0.00824700000000007,0,FALSE,FALSE,0.472953000295593,945.906000591187,NA,15,"BITERATIONS"
"HPC","Mplus_WCP","mplus",2500,1,64,8,8,2000,"229e14792b0f4550a6f1e0887b422826","Mplus_input_write_engine_run_output_validation_BITERATIONS","overhead_subtraction","main_scaling","two_run_difference",NA,3,10.0503333333334,9.49800000000005,1.21740886038063,0.499666666666675,10.5500000000001,0.499666666666675,0.0050251666666667,0.466000000000008,9.95500000000004,0.466000000000008,0.00474900000000002,0,FALSE,FALSE,0.795993499386417,1591.98699877283,NA,16,"BITERATIONS"
"HPC","Mplus_WCP","mplus",2500,1,32,16,2,2000,"229e14792b0f4550a6f1e0887b422826","Mplus_input_write_engine_run_output_validation_BITERATIONS","overhead_subtraction","main_scaling","two_run_difference",NA,3,31.9016666666666,31.586,0.763145027719689,0.500666666666651,32.4023333333333,0.500666666666651,0.0159508333333333,0.509000000000015,32.059,0.509000000000015,0.015793,0,FALSE,FALSE,0.501541194294969,1003.08238858994,NA,17,"BITERATIONS"
"HPC","Mplus_WCP","mplus",2500,1,64,16,4,2000,"229e14792b0f4550a6f1e0887b422826","Mplus_input_write_engine_run_output_validation_BITERATIONS","overhead_subtraction","main_scaling","two_run_difference",NA,3,18.0740000000001,18.076,0.553002712470627,0.508333333333288,18.5823333333334,0.508333333333288,0.00903700000000003,0.489000000000033,18.5650000000001,0.489000000000033,0.00903800000000001,0,FALSE,FALSE,0.885249529711184,1770.49905942237,NA,18,"BITERATIONS"
"HPC","Mplus_WCP","mplus",2500,1,96,16,6,2000,"229e14792b0f4550a6f1e0887b422826","Mplus_input_write_engine_run_output_validation_BITERATIONS","overhead_subtraction","main_scaling","two_run_difference",NA,3,15.0793333333334,15.2780000000002,0.497684973987821,0.493333333333339,15.5726666666668,0.493333333333339,0.00753966666666671,0.470000000000027,15.7460000000001,0.470000000000027,0.00763900000000012,0,FALSE,FALSE,1.06105486537866,2122.10973075731,NA,19,"BITERATIONS"
"HPC","Mplus_WCP","mplus",2500,1,128,16,8,2000,"229e14792b0f4550a6f1e0887b422826","Mplus_input_write_engine_run_output_validation_BITERATIONS","overhead_subtraction","main_scaling","two_run_difference",NA,3,13.3110000000001,12.9940000000001,0.798196091195632,0.499333333333273,13.8103333333333,0.499333333333273,0.00665550000000004,0.509999999999991,13.5070000000001,0.509999999999991,0.00649700000000007,0,FALSE,FALSE,1.20201337239876,2404.02674479752,NA,20,"BITERATIONS"
"HPC","Mplus_WCP","mplus",10000,1,8,4,2,500,"b97502ef4c1796520d0acd01a82ea24d","Mplus_input_write_engine_run_output_validation_BITERATIONS","overhead_subtraction","main_scaling","two_run_difference",NA,3,19.595,19.1769999999999,0.73964045319321,1.00700000000006,20.602,1.00700000000006,0.0391899999999999,1.01600000000008,20.193,1.01600000000008,0.0383539999999998,0,FALSE,FALSE,0.204133707578464,102.066853789232,NA,21,"BITERATIONS"
"HPC","Mplus_WCP","mplus",10000,1,16,4,4,500,"b97502ef4c1796520d0acd01a82ea24d","Mplus_input_write_engine_run_output_validation_BITERATIONS","overhead_subtraction","main_scaling","two_run_difference",NA,3,14.0973333333333,14.1690000000001,0.447821765140467,0.929333333333337,15.0266666666666,0.929333333333337,0.0281946666666666,0.942000000000007,15.116,0.942000000000007,0.0283380000000002,0,FALSE,FALSE,0.28374160597749,141.870802988745,NA,22,"BITERATIONS"
"HPC","Mplus_WCP","mplus",10000,1,32,4,8,500,"b97502ef4c1796520d0acd01a82ea24d","Mplus_input_write_engine_run_output_validation_BITERATIONS","overhead_subtraction","main_scaling","two_run_difference",NA,3,7.93299999999992,7.94700000000012,0.277265215993805,0.734000000000075,8.66699999999999,0.734000000000075,0.0158659999999998,0.731999999999971,8.67900000000009,0.731999999999971,0.0158940000000002,0,FALSE,FALSE,0.504222866507001,252.111433253501,NA,23,"BITERATIONS"
"HPC","Mplus_WCP","mplus",10000,1,64,4,16,500,"b97502ef4c1796520d0acd01a82ea24d","Mplus_input_write_engine_run_output_validation_BITERATIONS","overhead_subtraction","main_scaling","two_run_difference",NA,3,4.57366666666659,4.58600000000001,0.170834227639888,0.609000000000075,5.18266666666667,0.609000000000075,0.00914733333333318,0.609000000000151,5.18200000000002,0.609000000000151,0.00917200000000003,0,FALSE,FALSE,0.874571824211077,437.285912105539,NA,24,"BITERATIONS"
"HPC","Mplus_WCP","mplus",10000,1,96,4,24,500,"b97502ef4c1796520d0acd01a82ea24d","Mplus_input_write_engine_run_output_validation_BITERATIONS","overhead_subtraction","main_scaling","two_run_difference",NA,3,3.74400000000007,3.71199999999999,0.0571664237119178,0.586999999999913,4.33099999999998,0.586999999999913,0.00748800000000013,0.589999999999918,4.29999999999995,0.589999999999918,0.00742399999999998,0,FALSE,FALSE,1.06837606837605,534.188034188025,NA,25,"BITERATIONS"
"HPC","Mplus_WCP","mplus",10000,1,128,4,32,500,"b97502ef4c1796520d0acd01a82ea24d","Mplus_input_write_engine_run_output_validation_BITERATIONS","overhead_subtraction","main_scaling","two_run_difference",NA,3,2.45999999999996,2.26899999999978,0.437939493537658,0.558666666666719,3.01866666666668,0.558666666666719,0.00491999999999992,0.570000000000164,2.83899999999994,0.570000000000164,0.00453799999999956,0,FALSE,FALSE,1.62601626016263,813.008130081314,NA,26,"BITERATIONS"
"HPC","Mplus_WCP","mplus",10000,1,176,4,44,500,"b97502ef4c1796520d0acd01a82ea24d","Mplus_input_write_engine_run_output_validation_BITERATIONS","overhead_subtraction","main_scaling","two_run_difference",NA,3,2.77199999999993,2.72000000000003,0.316223022564748,0.581333333333381,3.35333333333332,0.581333333333381,0.00554399999999987,0.576999999999998,3.29700000000003,0.576999999999998,0.00544000000000005,0,FALSE,FALSE,1.44300144300148,721.500721500739,NA,27,"BITERATIONS"
"HPC","Mplus_WCP","mplus",10000,1,16,8,2,500,"b97502ef4c1796520d0acd01a82ea24d","Mplus_input_write_engine_run_output_validation_BITERATIONS","overhead_subtraction","main_scaling","two_run_difference",NA,3,28.4229999999999,28.0059999999999,1.06932642350218,0.995666666666769,29.4186666666667,0.995666666666769,0.0568459999999999,0.993000000000166,28.999,0.993000000000166,0.0560119999999997,0,FALSE,FALSE,0.281462196108786,140.731098054393,NA,28,"BITERATIONS"
"HPC","Mplus_WCP","mplus",10000,1,32,8,4,500,"b97502ef4c1796520d0acd01a82ea24d","Mplus_input_write_engine_run_output_validation_BITERATIONS","overhead_subtraction","main_scaling","two_run_difference",NA,3,16.697,16.9920000000002,0.721262088286928,0.763333333333245,17.4603333333333,0.763333333333245,0.0333940000000001,0.768000000000029,17.769,0.768000000000029,0.0339840000000004,0,FALSE,FALSE,0.479127987063543,239.563993531772,NA,29,"BITERATIONS"
"HPC","Mplus_WCP","mplus",10000,1,64,8,8,500,"b97502ef4c1796520d0acd01a82ea24d","Mplus_input_write_engine_run_output_validation_BITERATIONS","overhead_subtraction","main_scaling","two_run_difference",NA,3,11.0586666666666,10.9029999999998,0.915480383915297,0.622333333333396,11.681,0.622333333333396,0.0221173333333331,0.627999999999929,11.5329999999999,0.627999999999929,0.0218059999999996,0,FALSE,FALSE,0.723414516517971,361.707258258986,NA,30,"BITERATIONS"
"HPC","Mplus_WCP","mplus",10000,1,96,8,12,500,"b97502ef4c1796520d0acd01a82ea24d","Mplus_input_write_engine_run_output_validation_BITERATIONS","overhead_subtraction","main_scaling","two_run_difference",NA,3,7.69133333333328,7.45900000000006,0.405013991527805,0.600666666666712,8.29199999999999,0.600666666666712,0.0153826666666666,0.601000000000113,8.07300000000009,0.601000000000113,0.0149180000000001,0,FALSE,FALSE,1.04013175002168,520.065875010838,NA,31,"BITERATIONS"
"HPC","Mplus_WCP","mplus",10000,1,128,8,16,500,"b97502ef4c1796520d0acd01a82ea24d","Mplus_input_write_engine_run_output_validation_BITERATIONS","overhead_subtraction","main_scaling","two_run_difference",NA,3,6.53499999999993,6.8159999999998,0.520846426501862,0.586000000000013,7.12099999999994,0.586000000000013,0.0130699999999999,0.585000000000036,7.40099999999984,0.585000000000036,0.0136319999999996,0,FALSE,FALSE,1.22417750573835,612.088752869173,NA,32,"BITERATIONS"
"HPC","Mplus_WCP","mplus",10000,1,176,8,22,500,"b97502ef4c1796520d0acd01a82ea24d","Mplus_input_write_engine_run_output_validation_BITERATIONS","overhead_subtraction","main_scaling","two_run_difference",NA,3,5.35533333333334,5.7349999999999,0.67325057247163,0.626666666666627,5.98199999999997,0.626666666666627,0.0107106666666667,0.619999999999891,6.37300000000005,0.619999999999891,0.0114699999999998,0,FALSE,FALSE,1.49383791858583,746.918959292915,NA,33,"BITERATIONS"
"HPC","Mplus_WCP","mplus",10000,1,32,16,2,500,"b97502ef4c1796520d0acd01a82ea24d","Mplus_input_write_engine_run_output_validation_BITERATIONS","overhead_subtraction","main_scaling","two_run_difference",NA,3,29.7570000000001,29.8700000000001,3.67780219696495,0.719999999999876,30.477,0.719999999999876,0.0595140000000003,0.7199999999998,30.6030000000001,0.7199999999998,0.0597400000000002,0,FALSE,FALSE,0.537688611083104,268.844305541552,NA,34,"BITERATIONS"
"HPC","Mplus_WCP","mplus",10000,1,64,16,4,500,"b97502ef4c1796520d0acd01a82ea24d","Mplus_input_write_engine_run_output_validation_BITERATIONS","overhead_subtraction","main_scaling","two_run_difference",NA,3,18.2596666666667,18.2539999999999,0.650518511138183,0.604999999999942,18.8646666666667,0.604999999999942,0.0365193333333335,0.603999999999814,18.857,0.603999999999814,0.0365079999999998,0,FALSE,FALSE,0.876248197301882,438.124098650941,NA,35,"BITERATIONS"
"HPC","Mplus_WCP","mplus",10000,1,96,16,6,500,"b97502ef4c1796520d0acd01a82ea24d","Mplus_input_write_engine_run_output_validation_BITERATIONS","overhead_subtraction","main_scaling","two_run_difference",NA,3,15.3170000000002,14.9750000000001,0.681703014515788,0.608333333333273,15.9253333333334,0.608333333333273,0.0306340000000003,0.601999999999862,15.5740000000001,0.601999999999862,0.0299500000000003,0,FALSE,FALSE,1.04459097734542,522.295488672711,NA,36,"BITERATIONS"
"HPC","Mplus_WCP","mplus",10000,1,128,16,8,500,"b97502ef4c1796520d0acd01a82ea24d","Mplus_input_write_engine_run_output_validation_BITERATIONS","overhead_subtraction","main_scaling","two_run_difference",NA,3,11.9306666666667,12.1669999999999,0.942003361635734,0.590333333333244,12.521,0.590333333333244,0.0238613333333334,0.591999999999871,12.7599999999998,0.591999999999871,0.0243339999999998,0,FALSE,FALSE,1.34108180599016,670.54090299508,NA,37,"BITERATIONS"
"HPC","Mplus_WCP","mplus",10000,1,176,16,11,500,"b97502ef4c1796520d0acd01a82ea24d","Mplus_input_write_engine_run_output_validation_BITERATIONS","overhead_subtraction","main_scaling","two_run_difference",NA,3,11.533,11.6970000000001,0.87756937047746,0.627333333333354,12.1603333333333,0.627333333333354,0.023066,0.614000000000033,12.3020000000001,0.614000000000033,0.0233940000000002,0,FALSE,FALSE,1.38732333304431,693.661666522155,NA,38,"BITERATIONS"
"HPC","Mplus_WCP","mplus",50000,1,8,4,2,100,"3f8ed78629bdab9b833b52bd1450ea30","Mplus_input_write_engine_run_output_validation_BITERATIONS","overhead_subtraction","main_scaling","two_run_difference",NA,3,19.5836666666669,19.6750000000002,0.253648050127397,3.39233333333323,22.9760000000001,3.39233333333323,0.195836666666669,3.45499999999993,23.1300000000001,3.45499999999993,0.196750000000002,0,FALSE,FALSE,0.204251842521827,20.4251842521827,NA,39,"BITERATIONS"
"HPC","Mplus_WCP","mplus",50000,1,16,4,4,100,"3f8ed78629bdab9b833b52bd1450ea30","Mplus_input_write_engine_run_output_validation_BITERATIONS","overhead_subtraction","main_scaling","two_run_difference",NA,3,13.6946666666665,13.3999999999996,1.25325589299776,2.98233333333337,16.6769999999998,2.98233333333337,0.136946666666665,2.93899999999985,16.5589999999997,2.93899999999985,0.133999999999996,0,FALSE,FALSE,0.292084509784835,29.2084509784835,NA,40,"BITERATIONS"
"HPC","Mplus_WCP","mplus",50000,1,32,4,8,100,"3f8ed78629bdab9b833b52bd1450ea30","Mplus_input_write_engine_run_output_validation_BITERATIONS","overhead_subtraction","main_scaling","two_run_difference",NA,3,8.2180000000003,8.154,0.194082456703549,1.89533333333308,10.1133333333334,1.89533333333308,0.082180000000003,1.91599999999971,10.0989999999997,1.91599999999971,0.08154,0,FALSE,FALSE,0.486736432221934,48.6736432221934,NA,41,"BITERATIONS"
"HPC","Mplus_WCP","mplus",50000,1,64,4,16,100,"3f8ed78629bdab9b833b52bd1450ea30","Mplus_input_write_engine_run_output_validation_BITERATIONS","overhead_subtraction","main_scaling","two_run_difference",NA,3,4.65433333333355,4.5630000000001,0.197528057078896,1.31700000000001,5.97133333333356,1.31700000000001,0.0465433333333355,1.34900000000016,5.91200000000026,1.34900000000016,0.045630000000001,0,FALSE,FALSE,0.85941416601013,85.941416601013,NA,42,"BITERATIONS"
"HPC","Mplus_WCP","mplus",50000,1,96,4,24,100,"3f8ed78629bdab9b833b52bd1450ea30","Mplus_input_write_engine_run_output_validation_BITERATIONS","overhead_subtraction","main_scaling","two_run_difference",NA,3,3.36566666666643,3.43699999999944,0.268211359441172,1.11300000000013,4.47866666666657,1.11300000000013,0.0336566666666643,1.11000000000013,4.53399999999965,1.11000000000013,0.0343699999999944,0,FALSE,FALSE,1.18847182331394,118.847182331394,NA,43,"BITERATIONS"
"HPC","Mplus_WCP","mplus",50000,1,128,4,32,100,"3f8ed78629bdab9b833b52bd1450ea30","Mplus_input_write_engine_run_output_validation_BITERATIONS","overhead_subtraction","main_scaling","two_run_difference",NA,3,3.02533333333349,2.92700000000013,0.231716061880154,1.04066666666661,4.06600000000011,1.04066666666661,0.0302533333333349,1.05499999999984,3.98300000000017,1.05499999999984,0.0292700000000013,0,FALSE,FALSE,1.32216835610394,132.216835610394,NA,44,"BITERATIONS"
"HPC","Mplus_WCP","mplus",50000,1,176,4,44,100,"3f8ed78629bdab9b833b52bd1450ea30","Mplus_input_write_engine_run_output_validation_BITERATIONS","overhead_subtraction","main_scaling","two_run_difference",NA,3,2.86233333333348,2.83600000000024,0.124604708311188,1.06100000000015,3.92333333333363,1.06100000000015,0.0286233333333348,1.10800000000017,3.94700000000012,1.10800000000017,0.0283600000000024,0,FALSE,FALSE,1.397461278677,139.7461278677,NA,45,"BITERATIONS"
"HPC","Mplus_WCP","mplus",50000,1,16,8,2,100,"3f8ed78629bdab9b833b52bd1450ea30","Mplus_input_write_engine_run_output_validation_BITERATIONS","overhead_subtraction","main_scaling","two_run_difference",NA,3,27.7670000000001,28.116,1.03941377708803,3.28866666666666,31.0556666666668,3.28866666666666,0.277670000000001,3.3119999999999,31.3420000000001,3.3119999999999,0.28116,0,FALSE,FALSE,0.2881117873735,28.81117873735,NA,46,"BITERATIONS"
"HPC","Mplus_WCP","mplus",50000,1,32,8,4,100,"3f8ed78629bdab9b833b52bd1450ea30","Mplus_input_write_engine_run_output_validation_BITERATIONS","overhead_subtraction","main_scaling","two_run_difference",NA,3,15.8903333333333,15.835,0.54112598656302,2.1880000000001,18.0783333333334,2.1880000000001,0.158903333333333,2.1869999999999,18.0900000000001,2.1869999999999,0.15835,0,FALSE,FALSE,0.503450735247846,50.3450735247846,NA,47,"BITERATIONS"
"HPC","Mplus_WCP","mplus",50000,1,64,8,8,100,"3f8ed78629bdab9b833b52bd1450ea30","Mplus_input_write_engine_run_output_validation_BITERATIONS","overhead_subtraction","main_scaling","two_run_difference",NA,3,10.7036666666668,10.491,0.377042879965982,1.45199999999992,12.1556666666667,1.45199999999992,0.107036666666668,1.45399999999972,11.9350000000004,1.45399999999972,0.10491,0,FALSE,FALSE,0.74740743047553,74.740743047553,NA,48,"BITERATIONS"
"HPC","Mplus_WCP","mplus",50000,1,96,8,12,100,"3f8ed78629bdab9b833b52bd1450ea30","Mplus_input_write_engine_run_output_validation_BITERATIONS","overhead_subtraction","main_scaling","two_run_difference",NA,3,8.13333333333306,8.01599999999962,0.383699535227031,1.23300000000017,9.36633333333324,1.23300000000017,0.0813333333333306,1.23500000000013,9.25099999999975,1.23500000000013,0.0801599999999962,0,FALSE,FALSE,0.983606557377082,98.3606557377082,NA,49,"BITERATIONS"
"HPC","Mplus_WCP","mplus",50000,1,128,8,16,100,"3f8ed78629bdab9b833b52bd1450ea30","Mplus_input_write_engine_run_output_validation_BITERATIONS","overhead_subtraction","main_scaling","two_run_difference",NA,3,6.98866666666678,6.98700000000008,0.45350229694391,1.13299999999996,8.12166666666675,1.13299999999996,0.0698866666666678,1.13200000000006,8.11900000000014,1.13200000000006,0.0698700000000008,0,FALSE,FALSE,1.14471048364016,114.471048364016,NA,50,"BITERATIONS"
"HPC","Mplus_WCP","mplus",50000,1,176,8,22,100,"3f8ed78629bdab9b833b52bd1450ea30","Mplus_input_write_engine_run_output_validation_BITERATIONS","overhead_subtraction","main_scaling","two_run_difference",NA,3,6.21133333333334,6.12899999999945,0.411721183974619,1.11366666666663,7.32499999999997,1.11366666666663,0.0621133333333334,1.06899999999996,7.1899999999996,1.06899999999996,0.0612899999999945,0,FALSE,FALSE,1.28796823011699,128.796823011699,NA,51,"BITERATIONS"
"HPC","Mplus_WCP","mplus",50000,1,32,16,2,100,"3f8ed78629bdab9b833b52bd1450ea30","Mplus_input_write_engine_run_output_validation_BITERATIONS","overhead_subtraction","main_scaling","two_run_difference",NA,3,30.2076666666664,30.3399999999997,0.617232803189502,1.92233333333358,32.13,1.92233333333358,0.302076666666664,1.90700000000015,32.2469999999998,1.90700000000015,0.303399999999997,0,FALSE,FALSE,0.529666861613503,52.9666861613503,NA,52,"BITERATIONS"
"HPC","Mplus_WCP","mplus",50000,1,64,16,4,100,"3f8ed78629bdab9b833b52bd1450ea30","Mplus_input_write_engine_run_output_validation_BITERATIONS","overhead_subtraction","main_scaling","two_run_difference",NA,3,18.1213333333332,17.9939999999997,0.27141174133296,1.38466666666667,19.5059999999999,1.38466666666667,0.181213333333332,1.38599999999997,19.3979999999997,1.38599999999997,0.179939999999997,0,FALSE,FALSE,0.882937237878014,88.2937237878014,NA,53,"BITERATIONS"
"HPC","Mplus_WCP","mplus",50000,1,96,16,6,100,"3f8ed78629bdab9b833b52bd1450ea30","Mplus_input_write_engine_run_output_validation_BITERATIONS","overhead_subtraction","main_scaling","two_run_difference",NA,3,13.6206666666667,13.3009999999999,0.632322966001522,1.20933333333339,14.8300000000001,1.20933333333339,0.136206666666667,1.20700000000033,14.5080000000003,1.20700000000033,0.133009999999999,0,FALSE,FALSE,1.1746855268954,117.46855268954,NA,54,"BITERATIONS"
"HPC","Mplus_WCP","mplus",50000,1,128,16,8,100,"3f8ed78629bdab9b833b52bd1450ea30","Mplus_input_write_engine_run_output_validation_BITERATIONS","overhead_subtraction","main_scaling","two_run_difference",NA,3,12.799,12.9900000000007,0.36066743684464,1.21199999999999,14.011,1.21199999999999,0.12799,1.22500000000036,14.1600000000003,1.22500000000036,0.129900000000007,0,FALSE,FALSE,1.25009766387999,125.009766387999,NA,55,"BITERATIONS"
"HPC","Mplus_WCP","mplus",50000,1,176,16,11,100,"3f8ed78629bdab9b833b52bd1450ea30","Mplus_input_write_engine_run_output_validation_BITERATIONS","overhead_subtraction","main_scaling","two_run_difference",NA,3,12.2023333333336,12.2310000000002,0.346889511708686,1.12366666666655,13.3260000000002,1.12366666666655,0.122023333333336,1.14199999999983,13.3040000000001,1.14199999999983,0.122310000000002,0,FALSE,FALSE,1.31122462916925,131.122462916925,NA,56,"BITERATIONS"
"HPC","Mplus_standard","mplus",500,1,1,1,1,2000,"5fff1836d43ae39c037ca22d13a50ed5","Mplus_input_write_engine_run_output_validation_BITERATIONS","overhead_subtraction","main_scaling","two_run_difference",NA,3,1.65566666666667,1.654,0.0125830573921169,0.425666666666666,2.08133333333333,0.425666666666666,0.000827833333333334,0.427999999999997,2.082,0.427999999999997,0.000827000000000002,0,FALSE,FALSE,0.603986309643648,1207.9726192873,NA,57,"BITERATIONS"
"HPC","Mplus_standard","mplus",500,1,2,2,1,2000,"5fff1836d43ae39c037ca22d13a50ed5","Mplus_input_write_engine_run_output_validation_BITERATIONS","overhead_subtraction","main_scaling","two_run_difference",NA,3,3.40366666666667,3.383,0.0722518742548128,0.456000000000001,3.85966666666667,0.456000000000001,0.00170183333333333,0.451000000000001,3.854,0.451000000000001,0.0016915,0,FALSE,FALSE,0.587601606111057,1175.20321222211,NA,58,"BITERATIONS"
"HPC","Mplus_standard","mplus",500,1,4,4,1,2000,"5fff1836d43ae39c037ca22d13a50ed5","Mplus_input_write_engine_run_output_validation_BITERATIONS","overhead_subtraction","main_scaling","two_run_difference",NA,3,8.45066666666666,8.407,0.112072892946211,0.463666666666668,8.91433333333333,0.463666666666668,0.00422533333333333,0.463000000000001,8.868,0.463000000000001,0.0042035,0,FALSE,FALSE,0.473335437046387,946.670874092774,NA,59,"BITERATIONS"
"HPC","Mplus_standard","mplus",500,1,8,8,1,2000,"5fff1836d43ae39c037ca22d13a50ed5","Mplus_input_write_engine_run_output_validation_BITERATIONS","overhead_subtraction","main_scaling","two_run_difference",NA,3,17.3823333333333,17.601,0.452528820444986,0.462333333333329,17.8446666666667,0.462333333333329,0.00869116666666667,0.459999999999994,18.061,0.459999999999994,0.00880050000000001,0,FALSE,FALSE,0.460237405795156,920.474811590312,NA,60,"BITERATIONS"
"HPC","Mplus_standard","mplus",500,1,16,16,1,2000,"5fff1836d43ae39c037ca22d13a50ed5","Mplus_input_write_engine_run_output_validation_BITERATIONS","overhead_subtraction","main_scaling","two_run_difference",NA,3,21.707,20.991,1.61664498267244,0.465333333333338,22.1723333333333,0.465333333333338,0.0108535,0.465000000000003,21.44,0.465000000000003,0.0104955,0,FALSE,FALSE,0.737089418160041,1474.17883632008,NA,61,"BITERATIONS"
"HPC","Mplus_standard","mplus",500,1,32,32,1,2000,"5fff1836d43ae39c037ca22d13a50ed5","Mplus_input_write_engine_run_output_validation_BITERATIONS","overhead_subtraction","main_scaling","two_run_difference",NA,3,23.8086666666667,24.476,2.14531031166434,0.464666666666667,24.2733333333333,0.464666666666667,0.0119043333333333,0.465,24.954,0.465,0.012238,0,FALSE,FALSE,1.34404838574189,2688.09677148377,NA,62,"BITERATIONS"
"HPC","Mplus_standard","mplus",500,1,64,64,1,2000,"5fff1836d43ae39c037ca22d13a50ed5","Mplus_input_write_engine_run_output_validation_BITERATIONS","overhead_subtraction","main_scaling","two_run_difference",NA,3,23.2516666666667,21.467,3.88744972100392,0.513,23.7646666666667,0.513,0.0116258333333333,0.477999999999994,21.939,0.477999999999994,0.0107335,0,FALSE,FALSE,2.75249086087019,5504.98172174038,NA,63,"BITERATIONS"
"HPC","Mplus_standard","mplus",500,1,96,96,1,2000,"5fff1836d43ae39c037ca22d13a50ed5","Mplus_input_write_engine_run_output_validation_BITERATIONS","overhead_subtraction","main_scaling","two_run_difference",NA,3,23.2006666666667,22.326,2.49096574310715,0.504999999999995,23.7056666666667,0.504999999999995,0.0116003333333333,0.498999999999995,22.798,0.498999999999995,0.011163,0,FALSE,FALSE,4.13781213183529,8275.62426367058,NA,64,"BITERATIONS"
"HPC","Mplus_standard","mplus",500,1,180,180,1,2000,"5fff1836d43ae39c037ca22d13a50ed5","Mplus_input_write_engine_run_output_validation_BITERATIONS","overhead_subtraction","main_scaling","two_run_difference",NA,3,27.4456666666667,26.821,1.54575558654444,0.569333333333333,28.015,0.569333333333333,0.0137228333333333,0.558000000000021,27.436,0.558000000000021,0.0134105,0,FALSE,FALSE,6.55841237839611,13116.8247567922,NA,65,"BITERATIONS"
"HPC","Mplus_standard","mplus",2500,1,1,1,1,400,"229e14792b0f4550a6f1e0887b422826","Mplus_input_write_engine_run_output_validation_BITERATIONS","overhead_subtraction","main_scaling","two_run_difference",NA,3,1.51100000000002,1.51200000000006,0.00754983443523904,0.419000000000002,1.93000000000003,0.419000000000002,0.00377750000000006,0.416999999999973,1.93200000000002,0.416999999999973,0.00378000000000014,0,FALSE,FALSE,0.661813368630036,264.725347452014,NA,66,"BITERATIONS"
"HPC","Mplus_standard","mplus",2500,1,2,2,1,400,"229e14792b0f4550a6f1e0887b422826","Mplus_input_write_engine_run_output_validation_BITERATIONS","overhead_subtraction","main_scaling","two_run_difference",NA,3,3.52366666666668,3.60400000000004,0.234077622453189,0.600000000000004,4.12366666666668,0.600000000000004,0.00880916666666669,0.602000000000032,4.19200000000001,0.602000000000032,0.0090100000000001,0,FALSE,FALSE,0.567590577996404,227.036231198562,NA,67,"BITERATIONS"
"HPC","Mplus_standard","mplus",2500,1,4,4,1,400,"229e14792b0f4550a6f1e0887b422826","Mplus_input_write_engine_run_output_validation_BITERATIONS","overhead_subtraction","main_scaling","two_run_difference",NA,3,8.06466666666669,8.05200000000008,0.283212523263582,0.60899999999998,8.67366666666667,0.60899999999998,0.0201616666666667,0.609999999999957,8.66200000000003,0.609999999999957,0.0201300000000002,0,FALSE,FALSE,0.495990741506157,198.396296602463,NA,68,"BITERATIONS"
"HPC","Mplus_standard","mplus",2500,1,8,8,1,400,"229e14792b0f4550a6f1e0887b422826","Mplus_input_write_engine_run_output_validation_BITERATIONS","overhead_subtraction","main_scaling","two_run_difference",NA,3,17.12,17.112,0.339070789069212,0.620000000000005,17.74,0.620000000000005,0.0428,0.617999999999995,17.737,0.617999999999995,0.0427800000000001,0,FALSE,FALSE,0.467289719626168,186.915887850467,NA,69,"BITERATIONS"
"HPC","Mplus_standard","mplus",2500,1,16,16,1,400,"229e14792b0f4550a6f1e0887b422826","Mplus_input_write_engine_run_output_validation_BITERATIONS","overhead_subtraction","main_scaling","two_run_difference",NA,3,20.096,20.1370000000001,0.34533027669176,0.661000000000001,20.757,0.661000000000001,0.05024,0.656999999999982,20.794,0.656999999999982,0.0503425000000001,0,FALSE,FALSE,0.796178343949044,318.471337579618,NA,70,"BITERATIONS"
"HPC","Mplus_standard","mplus",2500,1,32,32,1,400,"229e14792b0f4550a6f1e0887b422826","Mplus_input_write_engine_run_output_validation_BITERATIONS","overhead_subtraction","main_scaling","two_run_difference",NA,3,20.655,20.6129999999999,1.1265873246225,0.680333333333351,21.3353333333333,0.680333333333351,0.0516374999999999,0.66700000000003,21.28,0.66700000000003,0.0515324999999999,0,FALSE,FALSE,1.54926167998064,619.704671992254,NA,71,"BITERATIONS"
"HPC","Mplus_standard","mplus",2500,1,64,64,1,400,"229e14792b0f4550a6f1e0887b422826","Mplus_input_write_engine_run_output_validation_BITERATIONS","overhead_subtraction","main_scaling","two_run_difference",NA,3,19.7809999999999,20.078,0.968286631117098,0.722333333333381,20.5033333333333,0.722333333333381,0.0494524999999998,0.72300000000007,20.802,0.72300000000007,0.0501949999999999,0,FALSE,FALSE,3.2354279358981,1294.17117435924,NA,72,"BITERATIONS"
"HPC","Mplus_standard","mplus",2500,1,96,96,1,400,"229e14792b0f4550a6f1e0887b422826","Mplus_input_write_engine_run_output_validation_BITERATIONS","overhead_subtraction","main_scaling","two_run_difference",NA,3,19.518,19.1030000000001,1.40233697804765,0.77666666666668,20.2946666666667,0.77666666666668,0.048795,0.774999999999977,19.878,0.774999999999977,0.0477575000000002,0,FALSE,FALSE,4.91853673532124,1967.4146941285,NA,73,"BITERATIONS"
"HPC","Mplus_standard","mplus",2500,1,180,180,1,400,"229e14792b0f4550a6f1e0887b422826","Mplus_input_write_engine_run_output_validation_BITERATIONS","overhead_subtraction","main_scaling","two_run_difference",NA,3,23.1546666666666,22.967,1.21937948700696,0.898666666666713,24.0533333333334,0.898666666666713,0.0578866666666666,0.892000000000053,23.836,0.892000000000053,0.0574175,0,FALSE,FALSE,7.77381089485202,3109.52435794081,NA,74,"BITERATIONS"
"HPC","Mplus_standard","mplus",10000,1,1,1,1,200,"b97502ef4c1796520d0acd01a82ea24d","Mplus_input_write_engine_run_output_validation_BITERATIONS","overhead_subtraction","main_scaling","two_run_difference",NA,3,3.00333333333341,2.98800000000006,0.0383709959908485,0.454999999999965,3.45833333333337,0.454999999999965,0.015016666666667,0.455999999999904,3.43900000000008,0.455999999999904,0.0149400000000003,0,FALSE,FALSE,0.332963374028849,66.5926748057697,NA,75,"BITERATIONS"
"HPC","Mplus_standard","mplus",10000,1,2,2,1,200,"b97502ef4c1796520d0acd01a82ea24d","Mplus_input_write_engine_run_output_validation_BITERATIONS","overhead_subtraction","main_scaling","two_run_difference",NA,3,7.02399999999996,7.03099999999995,0.232579018830233,1.19400000000004,8.218,1.19400000000004,0.0351199999999998,1.18500000000006,8.20799999999997,1.18500000000006,0.0351549999999997,0,FALSE,FALSE,0.284738041002279,56.9476082004559,NA,76,"BITERATIONS"
"HPC","Mplus_standard","mplus",10000,1,4,4,1,200,"b97502ef4c1796520d0acd01a82ea24d","Mplus_input_write_engine_run_output_validation_BITERATIONS","overhead_subtraction","main_scaling","two_run_difference",NA,3,16.1903333333334,16.024,0.551639677084086,1.23199999999997,17.4223333333334,1.23199999999997,0.0809516666666669,1.22499999999991,17.235,1.22499999999991,0.08012,0,FALSE,FALSE,0.247061003479442,49.4122006958883,NA,77,"BITERATIONS"
"HPC","Mplus_standard","mplus",10000,1,8,8,1,200,"b97502ef4c1796520d0acd01a82ea24d","Mplus_input_write_engine_run_output_validation_BITERATIONS","overhead_subtraction","main_scaling","two_run_difference",NA,3,34.1613333333334,34.1960000000001,0.101539811568449,1.31566666666667,35.4770000000001,1.31566666666667,0.170806666666667,1.31799999999998,35.5250000000001,1.31799999999998,0.170980000000001,0,FALSE,FALSE,0.234182896842434,46.8365793684867,NA,78,"BITERATIONS"
"HPC","Mplus_standard","mplus",10000,1,16,16,1,200,"b97502ef4c1796520d0acd01a82ea24d","Mplus_input_write_engine_run_output_validation_BITERATIONS","overhead_subtraction","main_scaling","two_run_difference",NA,3,39.7950000000001,39.816,1.00966380543229,1.38633333333337,41.1813333333334,1.38633333333337,0.198975,1.38300000000004,41.1990000000001,1.38300000000004,0.19908,0,FALSE,FALSE,0.402060560371905,80.4121120743811,NA,79,"BITERATIONS"
"HPC","Mplus_standard","mplus",10000,1,32,32,1,200,"b97502ef4c1796520d0acd01a82ea24d","Mplus_input_write_engine_run_output_validation_BITERATIONS","overhead_subtraction","main_scaling","two_run_difference",NA,3,41.0373333333334,40.8530000000001,1.33408557946389,1.47166666666658,42.509,1.47166666666658,0.205186666666667,1.47399999999993,42.3440000000001,1.47399999999993,0.204265,0,FALSE,FALSE,0.779777763337447,155.955552667489,NA,80,"BITERATIONS"
"HPC","Mplus_standard","mplus",10000,1,64,64,1,200,"b97502ef4c1796520d0acd01a82ea24d","Mplus_input_write_engine_run_output_validation_BITERATIONS","overhead_subtraction","main_scaling","two_run_difference",NA,3,43.1900000000001,40.1609999999998,6.65068139366194,1.59299999999992,44.7830000000001,1.59299999999992,0.215950000000001,1.59199999999987,41.7629999999999,1.59199999999987,0.200804999999999,0,FALSE,FALSE,1.4818244964112,296.36489928224,NA,81,"BITERATIONS"
"HPC","Mplus_standard","mplus",10000,1,96,96,1,200,"b97502ef4c1796520d0acd01a82ea24d","Mplus_input_write_engine_run_output_validation_BITERATIONS","overhead_subtraction","main_scaling","two_run_difference",NA,3,38.9859999999999,38.1489999999999,2.73143716749984,1.70000000000005,40.6859999999999,1.70000000000005,0.194929999999999,1.69900000000007,39.848,1.69900000000007,0.190744999999999,0,FALSE,FALSE,2.46242240804392,492.484481608784,NA,82,"BITERATIONS"
"HPC","Mplus_standard","mplus",10000,1,180,180,1,200,"b97502ef4c1796520d0acd01a82ea24d","Mplus_input_write_engine_run_output_validation_BITERATIONS","overhead_subtraction","main_scaling","two_run_difference",NA,3,44.0289999999998,43.5869999999998,0.836695285035178,2.04733333333343,46.0763333333333,2.04733333333343,0.220144999999999,2.03400000000011,45.6139999999998,2.03400000000011,0.217934999999999,0,FALSE,FALSE,4.08821458584116,817.642917168233,NA,83,"BITERATIONS"
"HPC","Mplus_standard","mplus",50000,1,1,1,1,100,"3f8ed78629bdab9b833b52bd1450ea30","Mplus_input_write_engine_run_output_validation_BITERATIONS","overhead_subtraction","main_scaling","two_run_difference",NA,3,7.39066666666667,7.393,0.00680685928555312,0.721999999999999,8.11266666666667,0.721999999999999,0.0739066666666667,0.721,8.114,0.721,0.07393,0,FALSE,FALSE,0.135305791087859,13.5305791087859,NA,84,"BITERATIONS"
"HPC","Mplus_standard","mplus",50000,1,2,2,1,100,"3f8ed78629bdab9b833b52bd1450ea30","Mplus_input_write_engine_run_output_validation_BITERATIONS","overhead_subtraction","main_scaling","two_run_difference",NA,3,17.6496666666667,17.83,0.550133014218693,4.33533333333333,21.985,4.33533333333333,0.176496666666667,4.317,22.147,4.317,0.1783,0,FALSE,FALSE,0.113316587659824,11.3316587659824,NA,85,"BITERATIONS"
"HPC","Mplus_standard","mplus",50000,1,4,4,1,100,"3f8ed78629bdab9b833b52bd1450ea30","Mplus_input_write_engine_run_output_validation_BITERATIONS","overhead_subtraction","main_scaling","two_run_difference",NA,3,39.5546666666667,39.542,1.00505986554701,4.51133333333332,44.066,4.51133333333332,0.395546666666667,4.511,44.046,4.511,0.39542,0,FALSE,FALSE,0.101125867997034,10.1125867997034,NA,86,"BITERATIONS"
"HPC","Mplus_standard","mplus",50000,1,8,8,1,100,"3f8ed78629bdab9b833b52bd1450ea30","Mplus_input_write_engine_run_output_validation_BITERATIONS","overhead_subtraction","main_scaling","two_run_difference",NA,3,85.3413333333333,85.195,0.97080705257704,4.93133333333333,90.2726666666667,4.93133333333333,0.853413333333333,4.88500000000001,90.08,4.88500000000001,0.85195,0,FALSE,FALSE,0.0937412117613974,9.37412117613974,NA,87,"BITERATIONS"
"HPC","Mplus_standard","mplus",50000,1,16,16,1,100,"3f8ed78629bdab9b833b52bd1450ea30","Mplus_input_write_engine_run_output_validation_BITERATIONS","overhead_subtraction","main_scaling","two_run_difference",NA,3,99.2803333333334,100.087,5.191220408857,5.209,104.489333333333,5.209,0.992803333333334,5.20699999999999,105.294,5.20699999999999,1.00087,0,FALSE,FALSE,0.161159813457516,16.1159813457516,NA,88,"BITERATIONS"
"HPC","Mplus_standard","mplus",50000,1,32,32,1,100,"3f8ed78629bdab9b833b52bd1450ea30","Mplus_input_write_engine_run_output_validation_BITERATIONS","overhead_subtraction","main_scaling","two_run_difference",NA,3,104.194666666667,104.651,1.10835027555975,5.50400000000002,109.698666666667,5.50400000000002,1.04194666666667,5.52499999999998,110.176,5.52499999999998,1.04651,0,FALSE,FALSE,0.307117446830292,30.7117446830292,NA,89,"BITERATIONS"
"HPC","Mplus_standard","mplus",50000,1,64,64,1,100,"3f8ed78629bdab9b833b52bd1450ea30","Mplus_input_write_engine_run_output_validation_BITERATIONS","overhead_subtraction","main_scaling","two_run_difference",NA,3,98.0403333333334,98.799,2.61295279967573,6.02566666666667,104.066,6.02566666666667,0.980403333333334,6.048,104.775,6.048,0.98799,0,FALSE,FALSE,0.652792558164837,65.2792558164837,NA,90,"BITERATIONS"
"HPC","Mplus_standard","mplus",50000,1,96,96,1,100,"3f8ed78629bdab9b833b52bd1450ea30","Mplus_input_write_engine_run_output_validation_BITERATIONS","overhead_subtraction","main_scaling","two_run_difference",NA,3,95.452,95.9929999999999,1.0875904560081,6.612,102.064,6.612,0.95452,6.59999999999991,102.556,6.59999999999991,0.959929999999999,0,FALSE,FALSE,1.0057411054771,100.57411054771,NA,91,"BITERATIONS"
"HPC","Mplus_standard","mplus",50000,1,180,180,1,100,"3f8ed78629bdab9b833b52bd1450ea30","Mplus_input_write_engine_run_output_validation_BITERATIONS","overhead_subtraction","main_scaling","two_run_difference",NA,3,110.854,111.506,1.53372226951286,8.20700000000003,119.061,8.20700000000003,1.10854,8.22600000000011,119.734,8.22600000000011,1.11506,0,FALSE,FALSE,1.62375737456474,162.375737456474,NA,92,"BITERATIONS"
"Laptop","Mplus_WCP","mplus",500,1,4,2,2,10000,"257aba3ac8b8727679d269bf8597bb85","Mplus_input_write_engine_run_output_validation_BITERATIONS","overhead_subtraction","main_scaling","two_run_difference",NA,3,7.34766666666666,7.371,0.126622799421484,0.441666666666671,7.78933333333333,0.441666666666671,0.000734766666666666,0.440000000000005,7.811,0.440000000000005,0.0007371,0,FALSE,FALSE,0.272195254729393,2721.95254729393,NA,93,"BITERATIONS"
"Laptop","Mplus_WCP","mplus",500,1,8,2,4,10000,"257aba3ac8b8727679d269bf8597bb85","Mplus_input_write_engine_run_output_validation_BITERATIONS","overhead_subtraction","main_scaling","two_run_difference",NA,3,7.13866666666666,7.145,0.016441816606852,0.435666666666666,7.57433333333333,0.435666666666666,0.000713866666666666,0.435000000000002,7.58199999999999,0.435000000000002,0.0007145,0,FALSE,FALSE,0.280164363093015,2801.64363093015,NA,94,"BITERATIONS"
"Laptop","Mplus_WCP","mplus",500,1,16,2,8,10000,"257aba3ac8b8727679d269bf8597bb85","Mplus_input_write_engine_run_output_validation_BITERATIONS","overhead_subtraction","main_scaling","two_run_difference",NA,3,11.4766666666667,11.404,0.181274193787575,0.447666666666665,11.9243333333333,0.447666666666665,0.00114766666666667,0.451000000000001,11.855,0.451000000000001,0.0011404,0,FALSE,FALSE,0.174266627940749,1742.66627940749,NA,95,"BITERATIONS"
"Laptop","Mplus_WCP","mplus",500,1,8,4,2,10000,"257aba3ac8b8727679d269bf8597bb85","Mplus_input_write_engine_run_output_validation_BITERATIONS","overhead_subtraction","main_scaling","two_run_difference",NA,3,13.1983333333333,13.206,0.0253837218180044,0.438333333333333,13.6366666666667,0.438333333333333,0.00131983333333333,0.438999999999993,13.647,0.438999999999993,0.0013206,0,FALSE,FALSE,0.303068569263796,3030.68569263796,NA,96,"BITERATIONS"
"Laptop","Mplus_WCP","mplus",500,1,16,4,4,10000,"257aba3ac8b8727679d269bf8597bb85","Mplus_input_write_engine_run_output_validation_BITERATIONS","overhead_subtraction","main_scaling","two_run_difference",NA,3,18.892,18.829,0.162907949468392,0.442000000000003,19.334,0.442000000000003,0.0018892,0.444000000000017,19.276,0.444000000000017,0.0018829,0,FALSE,FALSE,0.211729832733432,2117.29832733432,NA,97,"BITERATIONS"
"Laptop","Mplus_WCP","mplus",500,1,16,8,2,10000,"257aba3ac8b8727679d269bf8597bb85","Mplus_input_write_engine_run_output_validation_BITERATIONS","overhead_subtraction","main_scaling","two_run_difference",NA,3,32.9286666666667,33.159,0.840513136918939,0.445333333333338,33.374,0.445333333333338,0.00329286666666667,0.441000000000003,33.6,0.441000000000003,0.0033159,0,FALSE,FALSE,0.242949405786245,2429.49405786245,NA,98,"BITERATIONS"
"Laptop","Mplus_WCP","mplus",2500,1,4,2,2,2000,"7184208393ceb4c8ae3e26f0d1660bdb","Mplus_input_write_engine_run_output_validation_BITERATIONS","overhead_subtraction","main_scaling","two_run_difference",NA,3,6.27633333333332,6.33599999999996,0.147825347397965,0.530333333333355,6.80666666666667,0.530333333333355,0.00313816666666666,0.526999999999987,6.875,0.526999999999987,0.00316799999999998,0,FALSE,FALSE,0.318657390195975,637.31478039195,NA,99,"BITERATIONS"
"Laptop","Mplus_WCP","mplus",2500,1,8,2,4,2000,"7184208393ceb4c8ae3e26f0d1660bdb","Mplus_input_write_engine_run_output_validation_BITERATIONS","overhead_subtraction","main_scaling","two_run_difference",NA,3,5.84833333333336,5.863,0.0672111101926841,0.524999999999996,6.37333333333335,0.524999999999996,0.00292416666666668,0.512,6.36799999999999,0.512,0.0029315,0,FALSE,FALSE,0.341977771444855,683.955542889709,NA,100,"BITERATIONS"
"Laptop","Mplus_WCP","mplus",2500,1,16,2,8,2000,"7184208393ceb4c8ae3e26f0d1660bdb","Mplus_input_write_engine_run_output_validation_BITERATIONS","overhead_subtraction","main_scaling","two_run_difference",NA,3,7.896,7.92200000000003,0.214186834329309,0.510333333333316,8.40633333333331,0.510333333333316,0.003948,0.510999999999967,8.43299999999999,0.510999999999967,0.00396100000000001,0,FALSE,FALSE,0.253292806484296,506.585612968592,NA,101,"BITERATIONS"
"Laptop","Mplus_WCP","mplus",2500,1,8,4,2,2000,"7184208393ceb4c8ae3e26f0d1660bdb","Mplus_input_write_engine_run_output_validation_BITERATIONS","overhead_subtraction","main_scaling","two_run_difference",NA,3,11.2336666666667,11.266,0.0612726148726235,0.532333333333308,11.766,0.532333333333308,0.00561683333333335,0.532999999999959,11.794,0.532999999999959,0.00563300000000001,0,FALSE,FALSE,0.35607252010326,712.14504020652,NA,102,"BITERATIONS"
"Laptop","Mplus_WCP","mplus",2500,1,16,4,4,2000,"7184208393ceb4c8ae3e26f0d1660bdb","Mplus_input_write_engine_run_output_validation_BITERATIONS","overhead_subtraction","main_scaling","two_run_difference",NA,3,13.533,13.54,0.213586048233475,0.512333333333307,14.0453333333333,0.512333333333307,0.00676650000000001,0.512999999999977,14.054,0.512999999999977,0.00677000000000001,0,FALSE,FALSE,0.295573782605483,591.147565210965,NA,103,"BITERATIONS"
"Laptop","Mplus_WCP","mplus",2500,1,16,8,2,2000,"7184208393ceb4c8ae3e26f0d1660bdb","Mplus_input_write_engine_run_output_validation_BITERATIONS","overhead_subtraction","main_scaling","two_run_difference",NA,3,23.6416666666667,23.449,0.382330136574861,0.549666666666667,24.1913333333334,0.549666666666667,0.0118208333333333,0.548000000000002,23.994,0.548000000000002,0.0117245,0,FALSE,FALSE,0.338385618611209,676.771237222417,NA,104,"BITERATIONS"
"Laptop","Mplus_WCP","mplus",10000,1,4,2,2,500,"b352a26c8e9b174599c6b645056fb577","Mplus_input_write_engine_run_output_validation_BITERATIONS","overhead_subtraction","main_scaling","two_run_difference",NA,3,5.91100000000006,5.928,0.0622655603042106,0.891666666666652,6.80266666666671,0.891666666666652,0.0118220000000001,0.88900000000001,6.81700000000001,0.88900000000001,0.011856,0,FALSE,FALSE,0.338352224665874,169.176112332937,NA,105,"BITERATIONS"
"Laptop","Mplus_WCP","mplus",10000,1,8,2,4,500,"b352a26c8e9b174599c6b645056fb577","Mplus_input_write_engine_run_output_validation_BITERATIONS","overhead_subtraction","main_scaling","two_run_difference",NA,3,5.65333333333335,5.65300000000002,0.00750555349951486,0.790666666666652,6.444,0.790666666666652,0.0113066666666667,0.793000000000006,6.44600000000003,0.793000000000006,0.011306,0,FALSE,FALSE,0.35377358490566,176.88679245283,NA,106,"BITERATIONS"
"Laptop","Mplus_WCP","mplus",10000,1,16,2,8,500,"b352a26c8e9b174599c6b645056fb577","Mplus_input_write_engine_run_output_validation_BITERATIONS","overhead_subtraction","main_scaling","two_run_difference",NA,3,6.09200000000002,6.09199999999998,0.0310000000000059,0.804999999999988,6.89700000000001,0.804999999999988,0.012184,0.800999999999931,6.88800000000003,0.800999999999931,0.012184,0,FALSE,FALSE,0.328299409061062,164.149704530531,NA,107,"BITERATIONS"
"Laptop","Mplus_WCP","mplus",10000,1,8,4,2,500,"b352a26c8e9b174599c6b645056fb577","Mplus_input_write_engine_run_output_validation_BITERATIONS","overhead_subtraction","main_scaling","two_run_difference",NA,3,11.5203333333333,10.9109999999999,1.10337044247766,0.902333333333331,12.4226666666666,0.902333333333331,0.0230406666666666,0.895999999999958,11.827,0.895999999999958,0.0218219999999999,0,FALSE,FALSE,0.347212175573624,173.606087786812,NA,108,"BITERATIONS"
"Laptop","Mplus_WCP","mplus",10000,1,16,4,4,500,"b352a26c8e9b174599c6b645056fb577","Mplus_input_write_engine_run_output_validation_BITERATIONS","overhead_subtraction","main_scaling","two_run_difference",NA,3,10.9063333333334,10.8960000000001,0.130806472826572,0.796333333333299,11.7026666666667,0.796333333333299,0.0218126666666668,0.793999999999983,11.6900000000001,0.793999999999983,0.0217920000000001,0,FALSE,FALSE,0.366759375286529,183.379687643264,NA,109,"BITERATIONS"
"Laptop","Mplus_WCP","mplus",10000,1,16,8,2,500,"b352a26c8e9b174599c6b645056fb577","Mplus_input_write_engine_run_output_validation_BITERATIONS","overhead_subtraction","main_scaling","two_run_difference",NA,3,19.94,19.999,0.141077992613927,0.933333333333356,20.8733333333334,0.933333333333356,0.03988,0.92999999999995,20.9250000000001,0.92999999999995,0.039998,0,FALSE,FALSE,0.401203610832497,200.601805416249,NA,110,"BITERATIONS"
"Laptop","Mplus_WCP","mplus",50000,1,4,2,2,100,"50597d787bf5578f0fdbdd94f2702741","Mplus_input_write_engine_run_output_validation_BITERATIONS","overhead_subtraction","main_scaling","two_run_difference",NA,3,5.7946666666666,5.81200000000001,0.090257040353289,2.74100000000006,8.53566666666666,2.74100000000006,0.057946666666666,2.70800000000008,8.51599999999996,2.70800000000008,0.0581200000000001,0,FALSE,FALSE,0.345144960883575,34.5144960883575,NA,111,"BITERATIONS"
"Laptop","Mplus_WCP","mplus",50000,1,8,2,4,100,"50597d787bf5578f0fdbdd94f2702741","Mplus_input_write_engine_run_output_validation_BITERATIONS","overhead_subtraction","main_scaling","two_run_difference",NA,3,5.487,5.49000000000001,0.0206639783197426,2.258,7.745,2.258,0.05487,2.25099999999998,7.74099999999999,2.25099999999998,0.0549000000000001,0,FALSE,FALSE,0.364497904137051,36.4497904137051,NA,112,"BITERATIONS"
"Laptop","Mplus_WCP","mplus",50000,1,16,2,8,100,"50597d787bf5578f0fdbdd94f2702741","Mplus_input_write_engine_run_output_validation_BITERATIONS","overhead_subtraction","main_scaling","two_run_difference",NA,3,5.06299999999999,5.06799999999998,0.0656429737290909,2.21133333333334,7.27433333333333,2.21133333333334,0.0506299999999999,2.21100000000001,7.279,2.21100000000001,0.0506799999999998,0,FALSE,FALSE,0.395022713806045,39.5022713806045,NA,113,"BITERATIONS"
"Laptop","Mplus_WCP","mplus",50000,1,8,4,2,100,"50597d787bf5578f0fdbdd94f2702741","Mplus_input_write_engine_run_output_validation_BITERATIONS","overhead_subtraction","main_scaling","two_run_difference",NA,3,10.7040000000001,10.706,0.0260576284415418,2.78066666666662,13.4846666666667,2.78066666666662,0.107040000000001,2.76699999999994,13.496,2.76699999999994,0.10706,0,FALSE,FALSE,0.37369207772795,37.369207772795,NA,114,"BITERATIONS"
"Laptop","Mplus_WCP","mplus",50000,1,16,4,4,100,"50597d787bf5578f0fdbdd94f2702741","Mplus_input_write_engine_run_output_validation_BITERATIONS","overhead_subtraction","main_scaling","two_run_difference",NA,3,9.46766666666671,9.25100000000009,0.408628600728534,2.28233333333329,11.75,2.28233333333329,0.0946766666666671,2.279,11.551,2.279,0.0925100000000009,0,FALSE,FALSE,0.422490581980775,42.2490581980775,NA,115,"BITERATIONS"
"Laptop","Mplus_WCP","mplus",50000,1,16,8,2,100,"50597d787bf5578f0fdbdd94f2702741","Mplus_input_write_engine_run_output_validation_BITERATIONS","overhead_subtraction","main_scaling","two_run_difference",NA,3,17.637,17.6539999999999,0.0956399498116942,2.86133333333335,20.4983333333333,2.86133333333335,0.17637,2.85799999999995,20.5359999999999,2.85799999999995,0.176539999999999,0,FALSE,FALSE,0.453591880705336,45.3591880705336,NA,116,"BITERATIONS"
"Laptop","Mplus_standard","mplus",500,1,1,1,1,2000,"257aba3ac8b8727679d269bf8597bb85","Mplus_input_write_engine_run_output_validation_BITERATIONS","overhead_subtraction","main_scaling","two_run_difference",NA,3,2.752,2.765,0.0297153159162069,0.426666666666667,3.17866666666667,0.426666666666667,0.001376,0.426,3.195,0.426,0.0013825,0,FALSE,FALSE,0.363372093023256,726.744186046512,NA,117,"BITERATIONS"
"Laptop","Mplus_standard","mplus",500,1,2,2,1,2000,"257aba3ac8b8727679d269bf8597bb85","Mplus_input_write_engine_run_output_validation_BITERATIONS","overhead_subtraction","main_scaling","two_run_difference",NA,3,3.34066666666666,3.36799999999999,0.0526244556583097,0.485000000000003,3.82566666666666,0.485000000000003,0.00167033333333333,0.484000000000002,3.848,0.484000000000002,0.001684,0,FALSE,FALSE,0.598682897625225,1197.36579525045,NA,118,"BITERATIONS"
"Laptop","Mplus_standard","mplus",500,1,4,4,1,2000,"257aba3ac8b8727679d269bf8597bb85","Mplus_input_write_engine_run_output_validation_BITERATIONS","overhead_subtraction","main_scaling","two_run_difference",NA,3,4.95666666666667,4.892,0.132424821439691,0.486333333333332,5.443,0.486333333333332,0.00247833333333333,0.486999999999995,5.379,0.486999999999995,0.002446,0,FALSE,FALSE,0.806993947545394,1613.98789509079,NA,119,"BITERATIONS"
"Laptop","Mplus_standard","mplus",500,1,8,8,1,2000,"257aba3ac8b8727679d269bf8597bb85","Mplus_input_write_engine_run_output_validation_BITERATIONS","overhead_subtraction","main_scaling","two_run_difference",NA,3,9.153,9.12200000000001,0.0554346462061307,0.492333333333332,9.64533333333334,0.492333333333332,0.0045765,0.489000000000004,9.629,0.489000000000004,0.00456100000000001,0,FALSE,FALSE,0.874030372555446,1748.06074511089,NA,120,"BITERATIONS"
"Laptop","Mplus_standard","mplus",500,1,16,16,1,2000,"257aba3ac8b8727679d269bf8597bb85","Mplus_input_write_engine_run_output_validation_BITERATIONS","overhead_subtraction","main_scaling","two_run_difference",NA,3,13.6256666666667,13.605,0.0447362641861602,0.516333333333336,14.142,0.516333333333336,0.00681283333333333,0.510999999999996,14.133,0.510999999999996,0.0068025,0,FALSE,FALSE,1.17425447072926,2348.50894145852,NA,121,"BITERATIONS"
"Laptop","Mplus_standard","mplus",2500,1,1,1,1,400,"7184208393ceb4c8ae3e26f0d1660bdb","Mplus_input_write_engine_run_output_validation_BITERATIONS","overhead_subtraction","main_scaling","two_run_difference",NA,3,2.52333333333335,2.52600000000001,0.00929157324319033,0.443333333333328,2.96666666666668,0.443333333333328,0.00630833333333337,0.442999999999984,2.965,0.442999999999984,0.00631500000000003,0,FALSE,FALSE,0.396301188903564,158.520475561426,NA,122,"BITERATIONS"
"Laptop","Mplus_standard","mplus",2500,1,2,2,1,400,"7184208393ceb4c8ae3e26f0d1660bdb","Mplus_input_write_engine_run_output_validation_BITERATIONS","overhead_subtraction","main_scaling","two_run_difference",NA,3,3.10833333333333,3.10099999999997,0.0513939036592261,0.735000000000004,3.84333333333333,0.735000000000004,0.00777083333333332,0.735000000000014,3.83599999999998,0.735000000000014,0.00775249999999993,0,FALSE,FALSE,0.643431635388741,257.372654155496,NA,123,"BITERATIONS"
"Laptop","Mplus_standard","mplus",2500,1,4,4,1,400,"7184208393ceb4c8ae3e26f0d1660bdb","Mplus_input_write_engine_run_output_validation_BITERATIONS","overhead_subtraction","main_scaling","two_run_difference",NA,3,4.54433333333333,4.59,0.0969346859144513,0.74866666666667,5.293,0.74866666666667,0.0113608333333333,0.739000000000004,5.328,0.739000000000004,0.011475,0,FALSE,FALSE,0.88021712022299,352.086848089196,NA,124,"BITERATIONS"
"Laptop","Mplus_standard","mplus",2500,1,8,8,1,400,"7184208393ceb4c8ae3e26f0d1660bdb","Mplus_input_write_engine_run_output_validation_BITERATIONS","overhead_subtraction","main_scaling","two_run_difference",NA,3,8.51433333333333,8.518,0.0090737717258618,0.766000000000001,9.28033333333334,0.766000000000001,0.0212858333333333,0.768000000000001,9.28100000000001,0.768000000000001,0.021295,0,FALSE,FALSE,0.939592060447089,375.836824178836,NA,125,"BITERATIONS"
"Laptop","Mplus_standard","mplus",2500,1,16,16,1,400,"7184208393ceb4c8ae3e26f0d1660bdb","Mplus_input_write_engine_run_output_validation_BITERATIONS","overhead_subtraction","main_scaling","two_run_difference",NA,3,12.0313333333334,12.036,0.0372200662725757,0.837666666666659,12.869,0.837666666666659,0.0300783333333334,0.840000000000003,12.885,0.840000000000003,0.0300900000000001,0,FALSE,FALSE,1.32986091871225,531.9443674849,NA,126,"BITERATIONS"
"Laptop","Mplus_standard","mplus",10000,1,1,1,1,200,"b352a26c8e9b174599c6b645056fb577","Mplus_input_write_engine_run_output_validation_BITERATIONS","overhead_subtraction","main_scaling","two_run_difference",NA,3,4.91633333333334,4.91899999999998,0.00737111479582992,0.537999999999992,5.45433333333333,0.537999999999992,0.0245816666666667,0.533999999999992,5.45600000000002,0.533999999999992,0.0245949999999999,0,FALSE,FALSE,0.203403620584446,40.6807241168892,NA,127,"BITERATIONS"
"Laptop","Mplus_standard","mplus",10000,1,2,2,1,200,"b352a26c8e9b174599c6b645056fb577","Mplus_input_write_engine_run_output_validation_BITERATIONS","overhead_subtraction","main_scaling","two_run_difference",NA,3,6.00666666666664,5.98299999999995,0.133087690390006,1.70000000000003,7.70666666666667,1.70000000000003,0.0300333333333332,1.69200000000001,7.65899999999999,1.69200000000001,0.0299149999999997,0,FALSE,FALSE,0.332963374028858,66.5926748057716,NA,128,"BITERATIONS"
"Laptop","Mplus_standard","mplus",10000,1,4,4,1,200,"b352a26c8e9b174599c6b645056fb577","Mplus_input_write_engine_run_output_validation_BITERATIONS","overhead_subtraction","main_scaling","two_run_difference",NA,3,8.74266666666663,8.68999999999994,0.100897637897702,1.71066666666669,10.4533333333333,1.71066666666669,0.0437133333333332,1.71600000000001,10.414,1.71600000000001,0.0434499999999997,0,FALSE,FALSE,0.457526307762698,91.5052615525397,NA,129,"BITERATIONS"
"Laptop","Mplus_standard","mplus",10000,1,8,8,1,200,"b352a26c8e9b174599c6b645056fb577","Mplus_input_write_engine_run_output_validation_BITERATIONS","overhead_subtraction","main_scaling","two_run_difference",NA,3,16.7096666666667,16.684,0.053351038727792,1.76933333333333,18.479,1.76933333333333,0.0835483333333334,1.76600000000002,18.45,1.76600000000002,0.0834200000000001,0,FALSE,FALSE,0.478764786849927,95.7529573699854,NA,130,"BITERATIONS"
"Laptop","Mplus_standard","mplus",10000,1,16,16,1,200,"b352a26c8e9b174599c6b645056fb577","Mplus_input_write_engine_run_output_validation_BITERATIONS","overhead_subtraction","main_scaling","two_run_difference",NA,3,23.1636666666667,23.1920000000001,0.0822455672564157,1.89966666666667,25.0633333333334,1.89966666666667,0.115818333333333,1.89499999999998,25.087,1.89499999999998,0.11596,0,FALSE,FALSE,0.690736929962153,138.147385992431,NA,131,"BITERATIONS"
"Laptop","Mplus_standard","mplus",50000,1,1,1,1,100,"50597d787bf5578f0fdbdd94f2702741","Mplus_input_write_engine_run_output_validation_BITERATIONS","overhead_subtraction","main_scaling","two_run_difference",NA,3,12.4596666666667,12.4160000000001,0.121533260193739,0.991666666666636,13.4513333333333,0.991666666666636,0.124596666666667,0.987999999999943,13.422,0.987999999999943,0.124160000000001,0,FALSE,FALSE,0.0802589689397787,8.02589689397787,NA,132,"BITERATIONS"
"Laptop","Mplus_standard","mplus",50000,1,2,2,1,100,"50597d787bf5578f0fdbdd94f2702741","Mplus_input_write_engine_run_output_validation_BITERATIONS","overhead_subtraction","main_scaling","two_run_difference",NA,3,14.6846666666667,14.668,0.0921375782910336,6.68333333333332,21.3680000000001,6.68333333333332,0.146846666666667,6.67499999999995,21.398,6.67499999999995,0.14668,0,FALSE,FALSE,0.136196486130657,13.6196486130657,NA,133,"BITERATIONS"
"Laptop","Mplus_standard","mplus",50000,1,4,4,1,100,"50597d787bf5578f0fdbdd94f2702741","Mplus_input_write_engine_run_output_validation_BITERATIONS","overhead_subtraction","main_scaling","two_run_difference",NA,3,21.656,21.697,0.23915058017908,6.86733333333332,28.5233333333333,6.86733333333332,0.21656,6.87099999999998,28.568,6.87099999999998,0.21697,0,FALSE,FALSE,0.18470631695604,18.470631695604,NA,134,"BITERATIONS"
"Laptop","Mplus_standard","mplus",50000,1,8,8,1,100,"50597d787bf5578f0fdbdd94f2702741","Mplus_input_write_engine_run_output_validation_BITERATIONS","overhead_subtraction","main_scaling","two_run_difference",NA,3,41.4786666666666,41.519,0.259858294717205,7.09900000000005,48.5776666666667,7.09900000000005,0.414786666666666,7.12200000000007,48.6410000000001,7.12200000000007,0.41519,0,FALSE,FALSE,0.192870230479926,19.2870230479926,NA,135,"BITERATIONS"
"Laptop","Mplus_standard","mplus",50000,1,16,16,1,100,"50597d787bf5578f0fdbdd94f2702741","Mplus_input_write_engine_run_output_validation_BITERATIONS","overhead_subtraction","main_scaling","two_run_difference",NA,3,56.9140000000001,56.9210000000003,0.129641814242064,7.516,64.4300000000001,7.516,0.569140000000001,7.52199999999993,64.4430000000002,7.52199999999993,0.569210000000003,0,FALSE,FALSE,0.281125909266612,28.1125909266612,NA,136,"BITERATIONS"
"HPC","Mplus_WCP","mplus",500,1,8,4,2,10000,"5fff1836d43ae39c037ca22d13a50ed5","Mplus_input_write_engine_run_output_validation_FBITERATIONS","overhead_subtraction","main_scaling","two_run_difference",NA,3,22.8526666666669,22.322,0.980388358424107,0.775999999999665,23.6286666666666,0.775999999999665,0.00228526666666669,0.932999999999083,23.1980000000003,0.932999999999083,0.0022322,0,FALSE,FALSE,0.175034277546017,1750.34277546017,NA,1,"FBITERATIONS"
"HPC","Mplus_WCP","mplus",500,1,16,4,4,10000,"5fff1836d43ae39c037ca22d13a50ed5","Mplus_input_write_engine_run_output_validation_FBITERATIONS","overhead_subtraction","main_scaling","two_run_difference",NA,3,16.3556666666663,16.43,0.328862179846693,0.625333333332762,16.980999999999,0.625333333332762,0.00163556666666663,0.717000000000553,16.868,0.717000000000553,0.001643,0,FALSE,FALSE,0.24456355595411,2445.6355595411,NA,2,"FBITERATIONS"
"HPC","Mplus_WCP","mplus",500,1,32,4,8,10000,"5fff1836d43ae39c037ca22d13a50ed5","Mplus_input_write_engine_run_output_validation_FBITERATIONS","overhead_subtraction","main_scaling","two_run_difference",NA,3,10.5343333333341,10.7230000000018,0.466546174920923,0.61733333333242,11.1516666666666,0.61733333333242,0.00105343333333341,0.712999999999738,11.296,0.712999999999738,0.00107230000000018,0,FALSE,FALSE,0.379710786950577,3797.10786950577,NA,3,"FBITERATIONS"
"HPC","Mplus_WCP","mplus",500,1,16,8,2,10000,"5fff1836d43ae39c037ca22d13a50ed5","Mplus_input_write_engine_run_output_validation_FBITERATIONS","overhead_subtraction","main_scaling","two_run_difference",NA,3,34.2920000000007,33.0440000000017,3.41171862849167,0.621000000000099,34.9130000000008,0.621000000000099,0.00342920000000007,0.700000000000728,33.7740000000013,0.700000000000728,0.00330440000000017,0,FALSE,FALSE,0.233290563396706,2332.90563396706,NA,4,"FBITERATIONS"
"HPC","Mplus_WCP","mplus",500,1,32,8,4,10000,"5fff1836d43ae39c037ca22d13a50ed5","Mplus_input_write_engine_run_output_validation_FBITERATIONS","overhead_subtraction","main_scaling","two_run_difference",NA,3,21.8746666666679,21.9089999999997,1.80274522141266,0.612999999999137,22.487666666667,0.612999999999137,0.00218746666666679,0.686999999998079,22.619999999999,0.686999999998079,0.00219089999999997,0,FALSE,FALSE,0.365719858588301,3657.19858588301,NA,5,"FBITERATIONS"
"HPC","Mplus_WCP","mplus",500,1,64,8,8,10000,"5fff1836d43ae39c037ca22d13a50ed5","Mplus_input_write_engine_run_output_validation_FBITERATIONS","overhead_subtraction","main_scaling","two_run_difference",NA,3,14.7716666666675,14.695,0.227886667740265,0.609666666666887,15.3813333333344,0.609666666666887,0.00147716666666675,0.702000000001135,15.2940000000017,0.702000000001135,0.0014695,0,FALSE,FALSE,0.54157734401441,5415.7734401441,NA,6,"FBITERATIONS"
"HPC","Mplus_WCP","mplus",500,1,32,16,2,10000,"5fff1836d43ae39c037ca22d13a50ed5","Mplus_input_write_engine_run_output_validation_FBITERATIONS","overhead_subtraction","main_scaling","two_run_difference",NA,3,40.656,42.9089999999996,5.47404028118173,0.61366666666648,41.2696666666664,0.61366666666648,0.0040656,0.695999999999913,43.6209999999992,0.695999999999913,0.00429089999999996,0,FALSE,FALSE,0.393545848091303,3935.45848091303,NA,7,"FBITERATIONS"
"HPC","Mplus_WCP","mplus",500,1,64,16,4,10000,"5fff1836d43ae39c037ca22d13a50ed5","Mplus_input_write_engine_run_output_validation_FBITERATIONS","overhead_subtraction","main_scaling","two_run_difference",NA,3,25.0960000000012,24.9510000000009,1.04904289712239,0.633999999999096,25.7300000000003,0.633999999999096,0.00250960000000012,0.724999999998545,25.6759999999995,0.724999999998545,0.00249510000000009,0,FALSE,FALSE,0.637551801083807,6375.51801083807,NA,8,"FBITERATIONS"
"HPC","Mplus_WCP","mplus",500,1,96,16,6,10000,"5fff1836d43ae39c037ca22d13a50ed5","Mplus_input_write_engine_run_output_validation_FBITERATIONS","overhead_subtraction","main_scaling","two_run_difference",NA,3,21.0276666666666,21.8169999999991,1.55527950328267,0.631333333333373,21.659,0.631333333333373,0.00210276666666666,0.712999999999738,22.477,0.712999999999738,0.00218169999999991,0,FALSE,FALSE,0.760902303314682,7609.02303314682,NA,9,"FBITERATIONS"
"HPC","Mplus_WCP","mplus",500,1,128,16,8,10000,"5fff1836d43ae39c037ca22d13a50ed5","Mplus_input_write_engine_run_output_validation_FBITERATIONS","overhead_subtraction","main_scaling","two_run_difference",NA,3,19.5736666666659,19.483,0.718304485112782,0.633666666666092,20.2073333333319,0.633666666666092,0.00195736666666659,0.713999999999942,19.946,0.713999999999942,0.0019483,0,FALSE,FALSE,0.817424771376543,8174.24771376543,NA,10,"FBITERATIONS"
"HPC","Mplus_WCP","mplus",2500,1,8,4,2,2000,"229e14792b0f4550a6f1e0887b422826","Mplus_input_write_engine_run_output_validation_FBITERATIONS","overhead_subtraction","main_scaling","two_run_difference",NA,3,21.2829999999996,21.177,0.520164397088755,0.887666666667135,22.1706666666667,0.887666666667135,0.0106414999999998,1.04800000000068,21.8720000000012,1.04800000000068,0.0105885,0,FALSE,FALSE,0.187943429027867,375.886858055733,NA,11,"FBITERATIONS"
"HPC","Mplus_WCP","mplus",2500,1,16,4,4,2000,"229e14792b0f4550a6f1e0887b422826","Mplus_input_write_engine_run_output_validation_FBITERATIONS","overhead_subtraction","main_scaling","two_run_difference",NA,3,14.121,13.917,1.0282903286496,0.725000000000534,14.8460000000005,0.725000000000534,0.00706049999999999,0.812000000001717,14.459,0.812000000001717,0.00695850000000002,0,FALSE,FALSE,0.283266057644643,566.532115289286,NA,12,"FBITERATIONS"
"HPC","Mplus_WCP","mplus",2500,1,32,4,8,2000,"229e14792b0f4550a6f1e0887b422826","Mplus_input_write_engine_run_output_validation_FBITERATIONS","overhead_subtraction","main_scaling","two_run_difference",NA,3,9.19166666666738,9.09700000000157,0.266903228405096,0.678333333332944,9.87000000000033,0.678333333332944,0.00459583333333369,0.75800000000163,9.86899999999878,0.75800000000163,0.00454850000000079,0,FALSE,FALSE,0.435176790571136,870.353581142271,NA,13,"FBITERATIONS"
"HPC","Mplus_WCP","mplus",2500,1,16,8,2,2000,"229e14792b0f4550a6f1e0887b422826","Mplus_input_write_engine_run_output_validation_FBITERATIONS","overhead_subtraction","main_scaling","two_run_difference",NA,3,29.3986666666675,28.827,1.84226825769917,0.729666666665935,30.1283333333334,0.729666666665935,0.0146993333333337,0.806999999997061,29.384,0.806999999997061,0.0144135,0,FALSE,FALSE,0.272121184634216,544.242369268433,NA,14,"FBITERATIONS"
"HPC","Mplus_WCP","mplus",2500,1,32,8,4,2000,"229e14792b0f4550a6f1e0887b422826","Mplus_input_write_engine_run_output_validation_FBITERATIONS","overhead_subtraction","main_scaling","two_run_difference",NA,3,18.2946666666669,18.5780000000013,0.768239762921942,0.696666666666166,18.991333333333,0.696666666666166,0.00914733333333344,0.784999999999854,19.3630000000012,0.784999999999854,0.00928900000000067,0,FALSE,FALSE,0.437285912105527,874.571824211053,NA,15,"FBITERATIONS"
"HPC","Mplus_WCP","mplus",2500,1,64,8,8,2000,"229e14792b0f4550a6f1e0887b422826","Mplus_input_write_engine_run_output_validation_FBITERATIONS","overhead_subtraction","main_scaling","two_run_difference",NA,3,10.8409999999996,10.8739999999998,0.225319772766969,0.65099999999912,11.4919999999987,0.65099999999912,0.00542049999999978,0.72899999999936,11.6029999999992,0.72899999999936,0.0054369999999999,0,FALSE,FALSE,0.737939304492236,1475.87860898447,NA,16,"FBITERATIONS"
"HPC","Mplus_WCP","mplus",2500,1,32,16,2,2000,"229e14792b0f4550a6f1e0887b422826","Mplus_input_write_engine_run_output_validation_FBITERATIONS","overhead_subtraction","main_scaling","two_run_difference",NA,3,35.5343333333331,35.1260000000002,1.00010616103099,0.672999999999945,36.2073333333331,0.672999999999945,0.0177671666666666,0.747999999999593,35.9130000000005,0.747999999999593,0.0175630000000001,0,FALSE,FALSE,0.450268754162644,900.537508325287,NA,17,"FBITERATIONS"
"HPC","Mplus_WCP","mplus",2500,1,64,16,4,2000,"229e14792b0f4550a6f1e0887b422826","Mplus_input_write_engine_run_output_validation_FBITERATIONS","overhead_subtraction","main_scaling","two_run_difference",NA,3,19.4023333333344,18.352,1.8322364294299,0.669333333333346,20.0716666666677,0.669333333333346,0.0097011666666672,0.75,19.0870000000032,0.75,0.00917599999999999,0,FALSE,FALSE,0.82464308416509,1649.28616833018,NA,18,"FBITERATIONS"
"HPC","Mplus_WCP","mplus",2500,1,96,16,6,2000,"229e14792b0f4550a6f1e0887b422826","Mplus_input_write_engine_run_output_validation_FBITERATIONS","overhead_subtraction","main_scaling","two_run_difference",NA,3,15.219666666666,15.4049999999988,0.76111584751111,0.671000000000087,15.8906666666661,0.671000000000087,0.00760983333333301,0.755000000001019,16.1599999999999,0.755000000001019,0.00770249999999942,0,FALSE,FALSE,1.05127138132684,2102.54276265367,NA,19,"FBITERATIONS"
"HPC","Mplus_WCP","mplus",2500,1,128,16,8,2000,"229e14792b0f4550a6f1e0887b422826","Mplus_input_write_engine_run_output_validation_FBITERATIONS","overhead_subtraction","main_scaling","two_run_difference",NA,3,14.1513333333338,13.6820000000007,0.861861551140103,0.678333333332413,14.8296666666662,0.678333333332413,0.0070756666666669,0.758999999998196,14.4809999999998,0.758999999998196,0.00684100000000035,0,FALSE,FALSE,1.13063551137698,2261.27102275397,NA,20,"FBITERATIONS"
"HPC","Mplus_WCP","mplus",10000,1,8,4,2,500,"b97502ef4c1796520d0acd01a82ea24d","Mplus_input_write_engine_run_output_validation_FBITERATIONS","overhead_subtraction","main_scaling","two_run_difference",NA,3,20.4183333333329,20.357,0.493864691320041,1.32533333333339,21.7436666666663,1.32533333333339,0.0408366666666658,1.49200000000019,21.8490000000002,1.49200000000019,0.0407139999999999,0,FALSE,FALSE,0.195902375316305,97.9511876581524,NA,21,"FBITERATIONS"
"HPC","Mplus_WCP","mplus",10000,1,16,4,4,500,"b97502ef4c1796520d0acd01a82ea24d","Mplus_input_write_engine_run_output_validation_FBITERATIONS","overhead_subtraction","main_scaling","two_run_difference",NA,3,13.7756666666658,13.7720000000008,0.115543642546455,1.09066666666659,14.8663333333323,1.09066666666659,0.0275513333333315,1.18499999999767,14.9569999999985,1.18499999999767,0.0275440000000017,0,FALSE,FALSE,0.290367072374012,145.183536187006,NA,22,"FBITERATIONS"
"HPC","Mplus_WCP","mplus",10000,1,32,4,8,500,"b97502ef4c1796520d0acd01a82ea24d","Mplus_input_write_engine_run_output_validation_FBITERATIONS","overhead_subtraction","main_scaling","two_run_difference",NA,3,8.66433333333386,8.7300000000032,0.270544512666644,0.898333333332914,9.56266666666678,0.898333333332914,0.0173286666666677,0.975999999998749,9.61500000000001,0.975999999998749,0.0174600000000064,0,FALSE,FALSE,0.461662755357183,230.831377678592,NA,23,"FBITERATIONS"
"HPC","Mplus_WCP","mplus",10000,1,64,4,16,500,"b97502ef4c1796520d0acd01a82ea24d","Mplus_input_write_engine_run_output_validation_FBITERATIONS","overhead_subtraction","main_scaling","two_run_difference",NA,3,5.32100000000024,5.00300000000061,0.864062497739487,0.802999999999069,6.1239999999993,0.802999999999069,0.0106420000000005,0.891999999999825,5.89500000000044,0.891999999999825,0.0100060000000012,0,FALSE,FALSE,0.751738395038493,375.869197519247,NA,24,"FBITERATIONS"
"HPC","Mplus_WCP","mplus",10000,1,96,4,24,500,"b97502ef4c1796520d0acd01a82ea24d","Mplus_input_write_engine_run_output_validation_FBITERATIONS","overhead_subtraction","main_scaling","two_run_difference",NA,3,3.67666666666711,3.577,0.188431242986013,0.74300000000009,4.4196666666672,0.74300000000009,0.00735333333333422,0.827000000001135,4.39400000000023,0.827000000001135,0.007154,0,FALSE,FALSE,1.08794197642779,543.970988213896,NA,25,"FBITERATIONS"
"HPC","Mplus_WCP","mplus",10000,1,128,4,32,500,"b97502ef4c1796520d0acd01a82ea24d","Mplus_input_write_engine_run_output_validation_FBITERATIONS","overhead_subtraction","main_scaling","two_run_difference",NA,3,2.89233333333326,2.84900000000198,0.327159492193722,0.769000000000422,3.66133333333369,0.769000000000422,0.00578466666666653,0.833999999998923,3.6830000000009,0.833999999998923,0.00569800000000396,0,FALSE,FALSE,1.3829664630633,691.483231531652,NA,26,"FBITERATIONS"
"HPC","Mplus_WCP","mplus",10000,1,176,4,44,500,"b97502ef4c1796520d0acd01a82ea24d","Mplus_input_write_engine_run_output_validation_FBITERATIONS","overhead_subtraction","main_scaling","two_run_difference",NA,3,3.0273333333342,3.05500000000393,0.178118874163383,0.782333333332569,3.80966666666677,0.782333333332569,0.00605466666666841,0.849999999998545,3.90500000000247,0.849999999998545,0.00611000000000786,0,FALSE,FALSE,1.32129486897121,660.647434485606,NA,27,"FBITERATIONS"
"HPC","Mplus_WCP","mplus",10000,1,16,8,2,500,"b97502ef4c1796520d0acd01a82ea24d","Mplus_input_write_engine_run_output_validation_FBITERATIONS","overhead_subtraction","main_scaling","two_run_difference",NA,3,29.0069999999994,28.7090000000001,0.870151710908443,1.11133333333332,30.1183333333327,1.11133333333332,0.0580139999999988,1.21600000000035,29.6090000000004,1.21600000000035,0.0574180000000001,0,FALSE,FALSE,0.275795497638507,137.897748819253,NA,28,"FBITERATIONS"
"HPC","Mplus_WCP","mplus",10000,1,32,8,4,500,"b97502ef4c1796520d0acd01a82ea24d","Mplus_input_write_engine_run_output_validation_FBITERATIONS","overhead_subtraction","main_scaling","two_run_difference",NA,3,17.8483333333336,17.4229999999989,1.66817575013468,0.951666666667203,18.8000000000008,0.951666666667203,0.0356966666666672,1.03800000000047,18.4609999999993,1.03800000000047,0.0348459999999977,0,FALSE,FALSE,0.448221122420388,224.110561210194,NA,29,"FBITERATIONS"
"HPC","Mplus_WCP","mplus",10000,1,64,8,8,500,"b97502ef4c1796520d0acd01a82ea24d","Mplus_input_write_engine_run_output_validation_FBITERATIONS","overhead_subtraction","main_scaling","two_run_difference",NA,3,10.1856666666664,10.5790000000001,0.683873038898497,0.83033333333348,11.0159999999999,0.83033333333348,0.0203713333333328,0.891999999999825,11.264,0.891999999999825,0.0211580000000001,0,FALSE,FALSE,0.785417416631234,392.708708315617,NA,30,"FBITERATIONS"
"HPC","Mplus_WCP","mplus",10000,1,96,8,12,500,"b97502ef4c1796520d0acd01a82ea24d","Mplus_input_write_engine_run_output_validation_FBITERATIONS","overhead_subtraction","main_scaling","two_run_difference",NA,3,8.33299999999974,8.27900000000227,0.466350726386446,0.805000000000518,9.13800000000026,0.805000000000518,0.0166659999999995,0.893000000000029,9.1720000000023,0.893000000000029,0.0165580000000045,0,FALSE,FALSE,0.960038401536091,480.019200768046,NA,31,"FBITERATIONS"
"HPC","Mplus_WCP","mplus",10000,1,128,8,16,500,"b97502ef4c1796520d0acd01a82ea24d","Mplus_input_write_engine_run_output_validation_FBITERATIONS","overhead_subtraction","main_scaling","two_run_difference",NA,3,7.39800000000158,7.49800000000323,0.880270412997513,0.763333333333132,8.16133333333471,0.763333333333132,0.0147960000000032,0.864000000001397,8.36300000000119,0.864000000001397,0.0149960000000065,0,FALSE,FALSE,1.08137334414684,540.686672073418,NA,32,"FBITERATIONS"
"HPC","Mplus_WCP","mplus",10000,1,176,8,22,500,"b97502ef4c1796520d0acd01a82ea24d","Mplus_input_write_engine_run_output_validation_FBITERATIONS","overhead_subtraction","main_scaling","two_run_difference",NA,3,6.07933333333434,6.29000000000087,0.617564031768801,0.80933333333284,6.88866666666718,0.80933333333284,0.0121586666666687,0.869999999998981,7.15999999999985,0.869999999998981,0.0125800000000017,0,FALSE,FALSE,1.31593376466696,657.966882333481,NA,33,"FBITERATIONS"
"HPC","Mplus_WCP","mplus",10000,1,32,16,2,500,"b97502ef4c1796520d0acd01a82ea24d","Mplus_input_write_engine_run_output_validation_FBITERATIONS","overhead_subtraction","main_scaling","two_run_difference",NA,3,30.902666666668,30.635000000002,1.38602176510186,0.890333333332327,31.7930000000003,0.890333333332327,0.061805333333336,0.975999999998749,31.6110000000008,0.975999999998749,0.0612700000000041,0,FALSE,FALSE,0.517754670578569,258.877335289284,NA,34,"FBITERATIONS"
"HPC","Mplus_WCP","mplus",10000,1,64,16,4,500,"b97502ef4c1796520d0acd01a82ea24d","Mplus_input_write_engine_run_output_validation_FBITERATIONS","overhead_subtraction","main_scaling","two_run_difference",NA,3,17.4873333333344,17.7360000000008,1.04542112726667,0.837333333332026,18.3246666666664,0.837333333332026,0.0349746666666687,0.888999999999214,18.625,0.888999999999214,0.0354720000000016,0,FALSE,FALSE,0.914947962334589,457.473981167294,NA,35,"FBITERATIONS"
"HPC","Mplus_WCP","mplus",10000,1,96,16,6,500,"b97502ef4c1796520d0acd01a82ea24d","Mplus_input_write_engine_run_output_validation_FBITERATIONS","overhead_subtraction","main_scaling","two_run_difference",NA,3,13.6463333333333,13.6260000000002,0.301015503476806,0.82333333333266,14.469666666666,0.82333333333266,0.0272926666666666,0.899999999997817,14.525999999998,0.899999999997817,0.0272520000000004,0,FALSE,FALSE,1.17247612301229,586.238061506144,NA,36,"FBITERATIONS"
"HPC","Mplus_WCP","mplus",10000,1,128,16,8,500,"b97502ef4c1796520d0acd01a82ea24d","Mplus_input_write_engine_run_output_validation_FBITERATIONS","overhead_subtraction","main_scaling","two_run_difference",NA,3,12.6920000000017,12.4090000000033,0.511973632132079,0.761666666665898,13.4536666666676,0.761666666665898,0.0253840000000034,0.850999999998749,13.2610000000022,0.850999999998749,0.0248180000000066,0,FALSE,FALSE,1.26063662149368,630.318310746842,NA,37,"FBITERATIONS"
"HPC","Mplus_WCP","mplus",10000,1,176,16,11,500,"b97502ef4c1796520d0acd01a82ea24d","Mplus_input_write_engine_run_output_validation_FBITERATIONS","overhead_subtraction","main_scaling","two_run_difference",NA,3,10.7666666666665,10.8450000000012,1.0057904022883,0.836333333333717,11.6030000000003,0.836333333333717,0.0215333333333331,0.912000000000262,11.8140000000021,0.912000000000262,0.0216900000000023,0,FALSE,FALSE,1.48606811145513,743.034055727563,NA,38,"FBITERATIONS"
"HPC","Mplus_WCP","mplus",50000,1,8,4,2,100,"3f8ed78629bdab9b833b52bd1450ea30","Mplus_input_write_engine_run_output_validation_FBITERATIONS","overhead_subtraction","main_scaling","two_run_difference",NA,3,22.6606666666675,21.2480000000014,2.65914296970456,3.69799999999952,26.3586666666671,3.69799999999952,0.226606666666675,3.78899999999885,25.1660000000011,3.78899999999885,0.212480000000014,0,FALSE,FALSE,0.176517313406483,17.6517313406483,NA,39,"FBITERATIONS"
"HPC","Mplus_WCP","mplus",50000,1,16,4,4,100,"3f8ed78629bdab9b833b52bd1450ea30","Mplus_input_write_engine_run_output_validation_FBITERATIONS","overhead_subtraction","main_scaling","two_run_difference",NA,3,14.2630000000014,14.2659999999996,0.542506221160165,3.11433333333294,17.3773333333343,3.11433333333294,0.142630000000014,3.25,17.5159999999996,3.25,0.142659999999996,0,FALSE,FALSE,0.280445908995275,28.0445908995275,NA,40,"FBITERATIONS"
"HPC","Mplus_WCP","mplus",50000,1,32,4,8,100,"3f8ed78629bdab9b833b52bd1450ea30","Mplus_input_write_engine_run_output_validation_FBITERATIONS","overhead_subtraction","main_scaling","two_run_difference",NA,3,8.1263333333347,8.19799999999998,0.275579994437606,2.13066666666627,10.257000000001,2.13066666666627,0.081263333333347,2.21099999999933,10.1049999999996,2.21099999999933,0.0819799999999998,0,FALSE,FALSE,0.492226916608474,49.2226916608473,NA,41,"FBITERATIONS"
"HPC","Mplus_WCP","mplus",50000,1,64,4,16,100,"3f8ed78629bdab9b833b52bd1450ea30","Mplus_input_write_engine_run_output_validation_FBITERATIONS","overhead_subtraction","main_scaling","two_run_difference",NA,3,4.87866666666484,4.84099999999989,0.287357500916908,1.61933333333423,6.49799999999906,1.61933333333423,0.0487866666666484,1.6710000000021,6.28299999999945,1.6710000000021,0.0484099999999989,0,FALSE,FALSE,0.819896146488419,81.9896146488419,NA,42,"FBITERATIONS"
"HPC","Mplus_WCP","mplus",50000,1,96,4,24,100,"3f8ed78629bdab9b833b52bd1450ea30","Mplus_input_write_engine_run_output_validation_FBITERATIONS","overhead_subtraction","main_scaling","two_run_difference",NA,3,3.49666666666481,3.40999999999622,0.282165436106237,1.32200000000103,4.81866666666584,1.32200000000103,0.0349666666666481,1.39199999999983,4.83699999999953,1.39199999999983,0.0340999999999622,0,FALSE,FALSE,1.1439466158252,114.39466158252,NA,43,"FBITERATIONS"
"HPC","Mplus_WCP","mplus",50000,1,128,4,32,100,"3f8ed78629bdab9b833b52bd1450ea30","Mplus_input_write_engine_run_output_validation_FBITERATIONS","overhead_subtraction","main_scaling","two_run_difference",NA,3,3.24366666666564,3.26799999999639,0.129229769531898,1.20033333333443,4.44400000000007,1.20033333333443,0.0324366666666564,1.28900000000067,4.5669999999991,1.28900000000067,0.0326799999999639,0,FALSE,FALSE,1.23317233583432,123.317233583432,NA,44,"FBITERATIONS"
"HPC","Mplus_WCP","mplus",50000,1,176,4,44,100,"3f8ed78629bdab9b833b52bd1450ea30","Mplus_input_write_engine_run_output_validation_FBITERATIONS","overhead_subtraction","main_scaling","two_run_difference",NA,3,2.17733333333426,2.09000000000003,0.153001089322539,1.17066666666718,3.34800000000143,1.17066666666718,0.0217733333333426,1.22599999999875,3.4230000000025,1.22599999999875,0.0209000000000003,0,FALSE,FALSE,1.8371096142062,183.71096142062,NA,45,"FBITERATIONS"
"HPC","Mplus_WCP","mplus",50000,1,16,8,2,100,"3f8ed78629bdab9b833b52bd1450ea30","Mplus_input_write_engine_run_output_validation_FBITERATIONS","overhead_subtraction","main_scaling","two_run_difference",NA,3,28.3343333333335,27.9480000000001,1.34284784444718,3.52766666666639,31.8619999999999,3.52766666666639,0.283343333333335,3.62700000000041,31.2670000000001,3.62700000000041,0.279480000000001,0,FALSE,FALSE,0.282342976130253,28.2342976130253,NA,46,"FBITERATIONS"
"HPC","Mplus_WCP","mplus",50000,1,32,8,4,100,"3f8ed78629bdab9b833b52bd1450ea30","Mplus_input_write_engine_run_output_validation_FBITERATIONS","overhead_subtraction","main_scaling","two_run_difference",NA,3,16.5093333333344,16.4079999999994,1.33588559889629,2.31999999999918,18.8293333333335,2.31999999999918,0.165093333333344,2.33599999999933,18.8099999999977,2.33599999999933,0.164079999999994,0,FALSE,FALSE,0.484574382167632,48.4574382167633,NA,47,"FBITERATIONS"
"HPC","Mplus_WCP","mplus",50000,1,64,8,8,100,"3f8ed78629bdab9b833b52bd1450ea30","Mplus_input_write_engine_run_output_validation_FBITERATIONS","overhead_subtraction","main_scaling","two_run_difference",NA,3,10.1133333333351,10.207,0.258554314086298,1.64599999999958,11.7593333333347,1.64599999999958,0.101133333333351,1.72499999999854,11.669,1.72499999999854,0.10207,0,FALSE,FALSE,0.791034937376264,79.1034937376264,NA,48,"FBITERATIONS"
"HPC","Mplus_WCP","mplus",50000,1,96,8,12,100,"3f8ed78629bdab9b833b52bd1450ea30","Mplus_input_write_engine_run_output_validation_FBITERATIONS","overhead_subtraction","main_scaling","two_run_difference",NA,3,8.21766666666698,8.29699999999866,0.299973887751069,1.40333333333304,9.62100000000002,1.40333333333304,0.0821766666666698,1.48800000000119,9.68399999999997,1.48800000000119,0.0829699999999866,0,FALSE,FALSE,0.973512351437922,97.3512351437922,NA,49,"FBITERATIONS"
"HPC","Mplus_WCP","mplus",50000,1,128,8,16,100,"3f8ed78629bdab9b833b52bd1450ea30","Mplus_input_write_engine_run_output_validation_FBITERATIONS","overhead_subtraction","main_scaling","two_run_difference",NA,3,7.422333333334,7.41300000000046,0.169193183472448,1.31999999999994,8.74233333333393,1.31999999999994,0.07422333333334,1.39800000000105,8.83599999999933,1.39800000000105,0.0741300000000047,0,FALSE,FALSE,1.07782817622481,107.782817622481,NA,50,"FBITERATIONS"
"HPC","Mplus_WCP","mplus",50000,1,176,8,22,100,"3f8ed78629bdab9b833b52bd1450ea30","Mplus_input_write_engine_run_output_validation_FBITERATIONS","overhead_subtraction","main_scaling","two_run_difference",NA,3,6.48333333333202,6.54699999999866,0.221473098440394,1.27733333333375,7.76066666666577,1.27733333333375,0.0648333333333202,1.31400000000212,7.89999999999782,1.31400000000212,0.0654699999999866,0,FALSE,FALSE,1.23393316195398,123.393316195398,NA,51,"FBITERATIONS"
"HPC","Mplus_WCP","mplus",50000,1,32,16,2,100,"3f8ed78629bdab9b833b52bd1450ea30","Mplus_input_write_engine_run_output_validation_FBITERATIONS","overhead_subtraction","main_scaling","two_run_difference",NA,3,32.8446666666665,32.2329999999999,2.56284184711654,2.08800000000004,34.9326666666665,2.08800000000004,0.328446666666665,2.16400000000067,34.1569999999999,2.16400000000067,0.322329999999999,0,FALSE,FALSE,0.487141494306537,48.7141494306537,NA,52,"FBITERATIONS"
"HPC","Mplus_WCP","mplus",50000,1,64,16,4,100,"3f8ed78629bdab9b833b52bd1450ea30","Mplus_input_write_engine_run_output_validation_FBITERATIONS","overhead_subtraction","main_scaling","two_run_difference",NA,3,16.9990000000006,17.042,0.631598765039232,1.56833333333282,18.5673333333334,1.56833333333282,0.169990000000006,1.61999999999898,18.4690000000001,1.61999999999898,0.17042,0,FALSE,FALSE,0.941231837166859,94.1231837166859,NA,53,"FBITERATIONS"
"HPC","Mplus_WCP","mplus",50000,1,96,16,6,100,"3f8ed78629bdab9b833b52bd1450ea30","Mplus_input_write_engine_run_output_validation_FBITERATIONS","overhead_subtraction","main_scaling","two_run_difference",NA,3,13.7833333333342,13.5509999999999,0.982326999187425,1.40066666666674,15.184000000001,1.40066666666674,0.137833333333342,1.46900000000096,14.77,1.46900000000096,0.135509999999999,0,FALSE,FALSE,1.16082224909303,116.082224909303,NA,54,"FBITERATIONS"
"HPC","Mplus_WCP","mplus",50000,1,128,16,8,100,"3f8ed78629bdab9b833b52bd1450ea30","Mplus_input_write_engine_run_output_validation_FBITERATIONS","overhead_subtraction","main_scaling","two_run_difference",NA,3,12.4033333333324,12.6409999999996,0.534702097746791,1.32166666666778,13.7250000000001,1.32166666666778,0.124033333333324,1.38900000000285,13.923,1.38900000000285,0.126409999999996,0,FALSE,FALSE,1.28997581295361,128.997581295361,NA,55,"FBITERATIONS"
"HPC","Mplus_WCP","mplus",50000,1,176,16,11,100,"3f8ed78629bdab9b833b52bd1450ea30","Mplus_input_write_engine_run_output_validation_FBITERATIONS","overhead_subtraction","main_scaling","two_run_difference",NA,3,11.474333333334,11.5270000000019,0.218806611722541,1.29733333333301,12.771666666667,1.29733333333301,0.11474333333334,1.34799999999814,12.875,1.34799999999814,0.115270000000019,0,FALSE,FALSE,1.39441652383572,139.441652383572,NA,56,"FBITERATIONS"
"HPC","Mplus_standard","mplus",500,1,1,1,1,2000,"5fff1836d43ae39c037ca22d13a50ed5","Mplus_input_write_engine_run_output_validation_FBITERATIONS","overhead_subtraction","main_scaling","two_run_difference",NA,3,1.6536666666666,1.64999999999964,0.0187705443003492,0.405999999999949,2.05966666666654,0.405999999999949,0.000826833333333298,0.409999999999854,2.06299999999965,0.409999999999854,0.000824999999999818,0,FALSE,FALSE,0.604716790969589,1209.43358193918,NA,57,"FBITERATIONS"
"HPC","Mplus_standard","mplus",500,1,2,2,1,2000,"5fff1836d43ae39c037ca22d13a50ed5","Mplus_input_write_engine_run_output_validation_FBITERATIONS","overhead_subtraction","main_scaling","two_run_difference",NA,3,3.49600000000025,3.53600000000006,0.0718957578722848,0.458333333333182,3.95433333333343,0.458333333333182,0.00174800000000012,0.461999999999989,3.98600000000033,0.461999999999989,0.00176800000000003,0,FALSE,FALSE,0.57208237986266,1144.16475972532,NA,58,"FBITERATIONS"
"HPC","Mplus_standard","mplus",500,1,4,4,1,2000,"5fff1836d43ae39c037ca22d13a50ed5","Mplus_input_write_engine_run_output_validation_FBITERATIONS","overhead_subtraction","main_scaling","two_run_difference",NA,3,8.36133333333297,8.3809999999994,0.250080653656526,0.441666666666909,8.80299999999988,0.441666666666909,0.00418066666666649,0.439000000000306,8.8159999999998,0.439000000000306,0.0041904999999997,0,FALSE,FALSE,0.478392600861127,956.785201722255,NA,59,"FBITERATIONS"
"HPC","Mplus_standard","mplus",500,1,8,8,1,2000,"5fff1836d43ae39c037ca22d13a50ed5","Mplus_input_write_engine_run_output_validation_FBITERATIONS","overhead_subtraction","main_scaling","two_run_difference",NA,3,18.4533333333337,18.4470000000006,0.0468223593314815,0.466666666666394,18.9200000000001,0.466666666666394,0.00922666666666684,0.464999999999691,18.9250000000002,0.464999999999691,0.00922350000000029,0,FALSE,FALSE,0.433526011560686,867.052023121371,NA,60,"FBITERATIONS"
"HPC","Mplus_standard","mplus",500,1,16,16,1,2000,"5fff1836d43ae39c037ca22d13a50ed5","Mplus_input_write_engine_run_output_validation_FBITERATIONS","overhead_subtraction","main_scaling","two_run_difference",NA,3,22.0546666666669,21.393,1.44313974837255,0.45099999999987,22.5056666666668,0.45099999999987,0.0110273333333334,0.453999999999724,21.835,0.453999999999724,0.0106965,0,FALSE,FALSE,0.725470044132754,1450.94008826551,NA,61,"FBITERATIONS"
"HPC","Mplus_standard","mplus",500,1,32,32,1,2000,"5fff1836d43ae39c037ca22d13a50ed5","Mplus_input_write_engine_run_output_validation_FBITERATIONS","overhead_subtraction","main_scaling","two_run_difference",NA,3,22.5243333333331,22.5149999999999,0.0625246618011479,0.463666666666692,22.9879999999998,0.463666666666692,0.0112621666666666,0.458999999999833,22.9899999999998,0.458999999999833,0.0112574999999999,0,FALSE,FALSE,1.42068577686355,2841.37155372711,NA,62,"FBITERATIONS"
"HPC","Mplus_standard","mplus",500,1,64,64,1,2000,"5fff1836d43ae39c037ca22d13a50ed5","Mplus_input_write_engine_run_output_validation_FBITERATIONS","overhead_subtraction","main_scaling","two_run_difference",NA,3,24.8886666666667,24.0539999999996,1.82798860317383,0.469999999999952,25.3586666666667,0.469999999999952,0.0124443333333334,0.4699999999998,24.5239999999999,0.4699999999998,0.0120269999999998,0,FALSE,FALSE,2.57145153081723,5142.90306163447,NA,63,"FBITERATIONS"
"HPC","Mplus_standard","mplus",500,1,96,96,1,2000,"5fff1836d43ae39c037ca22d13a50ed5","Mplus_input_write_engine_run_output_validation_FBITERATIONS","overhead_subtraction","main_scaling","two_run_difference",NA,3,25.7263333333334,25.8110000000001,0.754570959773376,0.487666666666731,26.2140000000001,0.487666666666731,0.0128631666666667,0.489000000000033,26.2950000000001,0.489000000000033,0.0129055000000001,0,FALSE,FALSE,3.7315850166496,7463.1700332992,NA,64,"FBITERATIONS"
"HPC","Mplus_standard","mplus",500,1,180,180,1,2000,"5fff1836d43ae39c037ca22d13a50ed5","Mplus_input_write_engine_run_output_validation_FBITERATIONS","overhead_subtraction","main_scaling","two_run_difference",NA,3,36.9349999999999,36.9159999999997,1.8295739941307,0.56299999999995,37.4979999999999,0.56299999999995,0.0184675,0.568000000000211,37.4839999999999,0.568000000000211,0.0184579999999999,0,FALSE,FALSE,4.87342628942738,9746.85257885476,NA,65,"FBITERATIONS"
"HPC","Mplus_standard","mplus",2500,1,1,1,1,400,"229e14792b0f4550a6f1e0887b422826","Mplus_input_write_engine_run_output_validation_FBITERATIONS","overhead_subtraction","main_scaling","two_run_difference",NA,3,1.53900000000006,1.54299999999967,0.0105830052443519,0.413666666666662,1.95266666666672,0.413666666666662,0.00384750000000016,0.41399999999976,1.95399999999972,0.41399999999976,0.00385749999999916,0,FALSE,FALSE,0.649772579597114,259.909031838846,NA,66,"FBITERATIONS"
"HPC","Mplus_standard","mplus",2500,1,2,2,1,400,"229e14792b0f4550a6f1e0887b422826","Mplus_input_write_engine_run_output_validation_FBITERATIONS","overhead_subtraction","main_scaling","two_run_difference",NA,3,3.50133333333376,3.4940000000006,0.146138062575495,0.600666666666408,4.10200000000016,0.600666666666408,0.00875333333333439,0.597999999999956,4.11300000000028,0.597999999999956,0.00873500000000149,0,FALSE,FALSE,0.571210967250502,228.484386900201,NA,67,"FBITERATIONS"
"HPC","Mplus_standard","mplus",2500,1,4,4,1,400,"229e14792b0f4550a6f1e0887b422826","Mplus_input_write_engine_run_output_validation_FBITERATIONS","overhead_subtraction","main_scaling","two_run_difference",NA,3,8.27833333333334,8.34999999999945,0.229068403175625,0.621999999999995,8.90033333333334,0.621999999999995,0.0206958333333334,0.627999999999702,8.95899999999983,0.627999999999702,0.0208749999999986,0,FALSE,FALSE,0.483189047714918,193.275619085967,NA,68,"FBITERATIONS"
"HPC","Mplus_standard","mplus",2500,1,8,8,1,400,"229e14792b0f4550a6f1e0887b422826","Mplus_input_write_engine_run_output_validation_FBITERATIONS","overhead_subtraction","main_scaling","two_run_difference",NA,3,16.9703333333334,16.9459999999999,0.117406700547351,0.648333333333388,17.6186666666667,0.648333333333388,0.0424258333333334,0.659000000000106,17.605,0.659000000000106,0.0423649999999998,0,FALSE,FALSE,0.471410893520064,188.564357408026,NA,69,"FBITERATIONS"
"HPC","Mplus_standard","mplus",2500,1,16,16,1,400,"229e14792b0f4550a6f1e0887b422826","Mplus_input_write_engine_run_output_validation_FBITERATIONS","overhead_subtraction","main_scaling","two_run_difference",NA,3,20.9756666666669,20.9190000000003,0.394067676082681,0.669000000000021,21.6446666666669,0.669000000000021,0.0524391666666672,0.670000000000073,21.5900000000001,0.670000000000073,0.0522975000000008,0,FALSE,FALSE,0.762788628092862,305.115451237145,NA,70,"FBITERATIONS"
"HPC","Mplus_standard","mplus",2500,1,32,32,1,400,"229e14792b0f4550a6f1e0887b422826","Mplus_input_write_engine_run_output_validation_FBITERATIONS","overhead_subtraction","main_scaling","two_run_difference",NA,3,20.4809999999999,20.1819999999998,0.83373077189249,0.684333333333446,21.1653333333334,0.684333333333446,0.0512024999999998,0.691000000000258,20.8760000000002,0.691000000000258,0.0504549999999995,0,FALSE,FALSE,1.5624237097798,624.969483911921,NA,71,"FBITERATIONS"
"HPC","Mplus_standard","mplus",2500,1,64,64,1,400,"229e14792b0f4550a6f1e0887b422826","Mplus_input_write_engine_run_output_validation_FBITERATIONS","overhead_subtraction","main_scaling","two_run_difference",NA,3,20.5573333333333,20.8160000000003,1.1069043921374,0.738666666666631,21.296,0.738666666666631,0.0513933333333334,0.73700000000008,21.5509999999999,0.73700000000008,0.0520400000000006,0,FALSE,FALSE,3.11324425995589,1245.29770398236,NA,72,"FBITERATIONS"
"HPC","Mplus_standard","mplus",2500,1,96,96,1,400,"229e14792b0f4550a6f1e0887b422826","Mplus_input_write_engine_run_output_validation_FBITERATIONS","overhead_subtraction","main_scaling","two_run_difference",NA,3,21.1556666666667,21.3299999999999,0.786133788444053,0.777333333333293,21.933,0.777333333333293,0.0528891666666668,0.773000000000138,22.1030000000001,0.773000000000138,0.0533249999999998,0,FALSE,FALSE,4.53779129311295,1815.11651724518,NA,73,"FBITERATIONS"
"HPC","Mplus_standard","mplus",2500,1,180,180,1,400,"229e14792b0f4550a6f1e0887b422826","Mplus_input_write_engine_run_output_validation_FBITERATIONS","overhead_subtraction","main_scaling","two_run_difference",NA,3,30.2489999999998,30.1489999999999,0.526175826126583,0.93066666666679,31.1796666666666,0.93066666666679,0.0756224999999995,0.900000000000091,31.1419999999998,0.900000000000091,0.0753724999999997,0,FALSE,FALSE,5.95060993751864,2380.24397500745,NA,74,"FBITERATIONS"
"HPC","Mplus_standard","mplus",10000,1,1,1,1,200,"b97502ef4c1796520d0acd01a82ea24d","Mplus_input_write_engine_run_output_validation_FBITERATIONS","overhead_subtraction","main_scaling","two_run_difference",NA,3,2.98466666666703,2.98800000000074,0.0182300118852474,0.467666666666446,3.45233333333348,0.467666666666446,0.0149233333333351,0.462999999999738,3.44900000000007,0.462999999999738,0.0149400000000037,0,FALSE,FALSE,0.335045789591203,67.0091579182407,NA,75,"FBITERATIONS"
"HPC","Mplus_standard","mplus",10000,1,2,2,1,200,"b97502ef4c1796520d0acd01a82ea24d","Mplus_input_write_engine_run_output_validation_FBITERATIONS","overhead_subtraction","main_scaling","two_run_difference",NA,3,6.91266666666646,6.96399999999994,0.388551583876993,1.1866666666668,8.09933333333326,1.1866666666668,0.0345633333333323,1.18600000000015,8.13799999999992,1.18600000000015,0.0348199999999997,0,FALSE,FALSE,0.289323946378637,57.8647892757275,NA,76,"FBITERATIONS"
"HPC","Mplus_standard","mplus",10000,1,4,4,1,200,"b97502ef4c1796520d0acd01a82ea24d","Mplus_input_write_engine_run_output_validation_FBITERATIONS","overhead_subtraction","main_scaling","two_run_difference",NA,3,16.439,16.4400000000001,0.297501260501431,1.2219999999999,17.6609999999999,1.2219999999999,0.082195,1.21599999999989,17.6559999999999,1.21599999999989,0.0822000000000003,0,FALSE,FALSE,0.243323803151043,48.6647606302086,NA,77,"FBITERATIONS"
"HPC","Mplus_standard","mplus",10000,1,8,8,1,200,"b97502ef4c1796520d0acd01a82ea24d","Mplus_input_write_engine_run_output_validation_FBITERATIONS","overhead_subtraction","main_scaling","two_run_difference",NA,3,34.0050000000001,33.9790000000003,0.111301392623709,1.30566666666664,35.3106666666667,1.30566666666664,0.170025000000001,1.30600000000004,35.2840000000001,1.30600000000004,0.169895000000001,0,FALSE,FALSE,0.235259520658726,47.0519041317452,NA,78,"FBITERATIONS"
"HPC","Mplus_standard","mplus",10000,1,16,16,1,200,"b97502ef4c1796520d0acd01a82ea24d","Mplus_input_write_engine_run_output_validation_FBITERATIONS","overhead_subtraction","main_scaling","two_run_difference",NA,3,40.3686666666667,39.3290000000002,1.92504086536717,1.39599999999988,41.7646666666666,1.39599999999988,0.201843333333334,1.39599999999973,40.7249999999999,1.39599999999973,0.196645000000001,0,FALSE,FALSE,0.396347001800075,79.269400360015,NA,79,"FBITERATIONS"
"HPC","Mplus_standard","mplus",10000,1,32,32,1,200,"b97502ef4c1796520d0acd01a82ea24d","Mplus_input_write_engine_run_output_validation_FBITERATIONS","overhead_subtraction","main_scaling","two_run_difference",NA,3,39.7906666666665,39.2359999999999,1.18200733218247,1.46100000000009,41.2516666666666,1.46100000000009,0.198953333333332,1.44500000000016,40.7370000000001,1.44500000000016,0.196179999999999,0,FALSE,FALSE,0.804208692155619,160.841738431124,NA,80,"FBITERATIONS"
"HPC","Mplus_standard","mplus",10000,1,64,64,1,200,"b97502ef4c1796520d0acd01a82ea24d","Mplus_input_write_engine_run_output_validation_FBITERATIONS","overhead_subtraction","main_scaling","two_run_difference",NA,3,41.3226666666666,41.3449999999998,0.227324291120246,1.60733333333337,42.93,1.60733333333337,0.206613333333333,1.59900000000016,42.944,1.59900000000016,0.206724999999999,0,FALSE,FALSE,1.54878678368611,309.757356737223,NA,81,"FBITERATIONS"
"HPC","Mplus_standard","mplus",10000,1,96,96,1,200,"b97502ef4c1796520d0acd01a82ea24d","Mplus_input_write_engine_run_output_validation_FBITERATIONS","overhead_subtraction","main_scaling","two_run_difference",NA,3,40.5513333333333,40.6379999999999,0.701029481072778,1.70066666666662,42.252,1.70066666666662,0.202756666666667,1.70600000000013,42.3440000000001,1.70600000000013,0.20319,0,FALSE,FALSE,2.36736975356338,473.473950712677,NA,82,"FBITERATIONS"
"HPC","Mplus_standard","mplus",10000,1,180,180,1,200,"b97502ef4c1796520d0acd01a82ea24d","Mplus_input_write_engine_run_output_validation_FBITERATIONS","overhead_subtraction","main_scaling","two_run_difference",NA,3,52.4256666666665,51.9939999999997,0.818818864788401,2.0643333333334,54.4899999999999,2.0643333333334,0.262128333333333,2.04700000000003,54.0409999999997,2.04700000000003,0.259969999999998,0,FALSE,FALSE,3.43343273333038,686.686546666075,NA,83,"FBITERATIONS"
"HPC","Mplus_standard","mplus",50000,1,1,1,1,100,"3f8ed78629bdab9b833b52bd1450ea30","Mplus_input_write_engine_run_output_validation_FBITERATIONS","overhead_subtraction","main_scaling","two_run_difference",NA,3,7.49316666666634,7.47799999999916,0.0734342109192739,0.815666666667615,15.8020000000003,0.815666666667615,0.0749316666666634,0.855999999999767,15.8270000000011,0.855999999999767,0.0747799999999916,0,FALSE,FALSE,0.133454925598885,13.3454925598885,NA,84,"FBITERATIONS"
"HPC","Mplus_standard","mplus",50000,1,2,2,1,100,"3f8ed78629bdab9b833b52bd1450ea30","Mplus_input_write_engine_run_output_validation_FBITERATIONS","overhead_subtraction","main_scaling","two_run_difference",NA,3,16.8836666666649,17.1679999999978,0.732150485440588,4.41233333333442,21.2959999999994,4.41233333333442,0.168836666666649,4.43500000000131,21.6029999999992,4.43500000000131,0.171679999999978,0,FALSE,FALSE,0.118457680993477,11.8457680993477,NA,85,"FBITERATIONS"
"HPC","Mplus_standard","mplus",50000,1,4,4,1,100,"3f8ed78629bdab9b833b52bd1450ea30","Mplus_input_write_engine_run_output_validation_FBITERATIONS","overhead_subtraction","main_scaling","two_run_difference",NA,3,39.7786666666672,40.0159999999996,1.45360460006697,4.66299999999925,44.4416666666665,4.66299999999925,0.397786666666672,4.67299999999886,44.6889999999985,4.67299999999886,0.400159999999996,0,FALSE,FALSE,0.100556412147213,10.0556412147213,NA,86,"FBITERATIONS"
"HPC","Mplus_standard","mplus",50000,1,8,8,1,100,"3f8ed78629bdab9b833b52bd1450ea30","Mplus_input_write_engine_run_output_validation_FBITERATIONS","overhead_subtraction","main_scaling","two_run_difference",NA,3,85.1526666666662,84.7159999999967,1.93334537352506,5.08166666666678,90.234333333333,5.08166666666678,0.851526666666662,5.14300000000003,89.9129999999968,5.14300000000003,0.847159999999967,0,FALSE,FALSE,0.0939489074524976,9.39489074524976,NA,87,"FBITERATIONS"
"HPC","Mplus_standard","mplus",50000,1,16,16,1,100,"3f8ed78629bdab9b833b52bd1450ea30","Mplus_input_write_engine_run_output_validation_FBITERATIONS","overhead_subtraction","main_scaling","two_run_difference",NA,3,96.961333333332,96.5449999999983,1.19613558317229,5.39333333333373,102.354666666666,5.39333333333373,0.96961333333332,5.51699999999983,102.07,5.51699999999983,0.965449999999982,0,FALSE,FALSE,0.165014232477554,16.5014232477553,NA,88,"FBITERATIONS"
"HPC","Mplus_standard","mplus",50000,1,32,32,1,100,"3f8ed78629bdab9b833b52bd1450ea30","Mplus_input_write_engine_run_output_validation_FBITERATIONS","overhead_subtraction","main_scaling","two_run_difference",NA,3,117.491333333336,123.220000000005,10.2374431052548,5.6863333333331,123.177666666669,5.6863333333331,1.17491333333336,5.7589999999982,128.979000000003,5.7589999999982,1.23220000000005,0,FALSE,FALSE,0.2723605145344,27.23605145344,NA,89,"FBITERATIONS"
"HPC","Mplus_standard","mplus",50000,1,64,64,1,100,"3f8ed78629bdab9b833b52bd1450ea30","Mplus_input_write_engine_run_output_validation_FBITERATIONS","overhead_subtraction","main_scaling","two_run_difference",NA,3,100.864666666667,100.376,4.64232973121597,6.26266666666652,107.127333333333,6.26266666666652,1.00864666666667,6.3760000000002,106.782999999999,6.3760000000002,1.00376,0,FALSE,FALSE,0.634513572641889,63.4513572641889,NA,90,"FBITERATIONS"
"HPC","Mplus_standard","mplus",50000,1,96,96,1,100,"3f8ed78629bdab9b833b52bd1450ea30","Mplus_input_write_engine_run_output_validation_FBITERATIONS","overhead_subtraction","main_scaling","two_run_difference",NA,3,97.4660000000011,96.5960000000014,1.80842777019229,6.73499999999952,104.201000000001,6.73499999999952,0.974660000000011,6.76599999999962,103.362000000001,6.76599999999962,0.965960000000014,0,FALSE,FALSE,0.984958857447714,98.4958857447714,NA,91,"FBITERATIONS"
"HPC","Mplus_standard","mplus",50000,1,180,180,1,100,"3f8ed78629bdab9b833b52bd1450ea30","Mplus_input_write_engine_run_output_validation_FBITERATIONS","overhead_subtraction","main_scaling","two_run_difference",NA,3,114.743,115.715,2.30798375210925,8.41666666666667,123.159666666667,8.41666666666667,1.14743,8.46199999999953,124.177,8.46199999999953,1.15715,0,FALSE,FALSE,1.56872314651002,156.872314651002,NA,92,"FBITERATIONS"
"Laptop","Mplus_WCP","mplus",500,1,4,2,2,10000,"257aba3ac8b8727679d269bf8597bb85","Mplus_input_write_engine_run_output_validation_FBITERATIONS","overhead_subtraction","main_scaling","two_run_difference",NA,3,7.31900000000128,7.33299999999872,0.106691143027382,0.641000000000465,7.96000000000175,0.641000000000465,0.000731900000000128,0.735000000000582,8.08699999999953,0.735000000000582,0.000733299999999872,0,FALSE,FALSE,0.273261374504666,2732.61374504666,NA,93,"FBITERATIONS"
"Laptop","Mplus_WCP","mplus",500,1,8,2,4,10000,"257aba3ac8b8727679d269bf8597bb85","Mplus_input_write_engine_run_output_validation_FBITERATIONS","overhead_subtraction","main_scaling","two_run_difference",NA,3,7.15299999999864,7.17399999999907,0.0883911760318035,0.638666666669423,7.79166666666806,0.638666666669423,0.000715299999999864,0.740000000005239,7.80299999999988,0.740000000005239,0.000717399999999907,0,FALSE,FALSE,0.279602963791469,2796.02963791469,NA,94,"FBITERATIONS"
"Laptop","Mplus_WCP","mplus",500,1,16,2,8,10000,"257aba3ac8b8727679d269bf8597bb85","Mplus_input_write_engine_run_output_validation_FBITERATIONS","overhead_subtraction","main_scaling","two_run_difference",NA,3,10.8653333333385,10.967,0.191891462381976,0.637000000000465,11.5023333333389,0.637000000000465,0.00108653333333385,0.737999999997555,11.3950000000041,0.737999999997555,0.0010967,0,FALSE,FALSE,0.184071665234911,1840.71665234911,NA,95,"FBITERATIONS"
"Laptop","Mplus_WCP","mplus",500,1,8,4,2,10000,"257aba3ac8b8727679d269bf8597bb85","Mplus_input_write_engine_run_output_validation_FBITERATIONS","overhead_subtraction","main_scaling","two_run_difference",NA,3,13.3709999999979,13.3540000000066,0.0700642562271905,0.648333333333878,14.0193333333317,0.648333333333878,0.00133709999999979,0.751000000003842,14.0619999999908,0.751000000003842,0.00133540000000066,0,FALSE,FALSE,0.299154887443021,2991.54887443021,NA,96,"FBITERATIONS"
"Laptop","Mplus_WCP","mplus",500,1,16,4,4,10000,"257aba3ac8b8727679d269bf8597bb85","Mplus_input_write_engine_run_output_validation_FBITERATIONS","overhead_subtraction","main_scaling","two_run_difference",NA,3,19.173999999997,19.0439999999944,0.29622795276857,0.646333333332867,19.8203333333298,0.646333333332867,0.0019173999999997,0.740999999994528,19.8139999999985,0.740999999994528,0.00190439999999944,0,FALSE,FALSE,0.208615833941829,2086.15833941829,NA,97,"FBITERATIONS"
"Laptop","Mplus_WCP","mplus",500,1,16,8,2,10000,"257aba3ac8b8727679d269bf8597bb85","Mplus_input_write_engine_run_output_validation_FBITERATIONS","overhead_subtraction","main_scaling","two_run_difference",NA,3,33.1013333333331,33.3180000000029,0.477419452196828,0.594666666667052,33.6960000000002,0.594666666667052,0.00331013333333331,0.670000000001892,33.871,0.670000000001892,0.00333180000000029,0,FALSE,FALSE,0.241682107467979,2416.82107467979,NA,98,"FBITERATIONS"
"Laptop","Mplus_WCP","mplus",2500,1,4,2,2,2000,"7184208393ceb4c8ae3e26f0d1660bdb","Mplus_input_write_engine_run_output_validation_FBITERATIONS","overhead_subtraction","main_scaling","two_run_difference",NA,3,6.34499999999577,6.34900000000198,0.0401497198075448,0.735333333337133,7.08033333333291,0.735333333337133,0.00317249999999789,0.838000000003376,7.14599999999336,0.838000000003376,0.00317450000000099,0,FALSE,FALSE,0.315208825847334,630.417651694667,NA,99,"FBITERATIONS"
"Laptop","Mplus_WCP","mplus",2500,1,8,2,4,2000,"7184208393ceb4c8ae3e26f0d1660bdb","Mplus_input_write_engine_run_output_validation_FBITERATIONS","overhead_subtraction","main_scaling","two_run_difference",NA,3,5.86933333332694,5.86300000000001,0.0173877351441577,0.707666666671244,6.57699999999818,0.707666666671244,0.00293466666666347,0.805000000007567,6.67199999999139,0.805000000007567,0.00293150000000001,0,FALSE,FALSE,0.340754202635537,681.508405271075,NA,100,"FBITERATIONS"
"Laptop","Mplus_WCP","mplus",2500,1,16,2,8,2000,"7184208393ceb4c8ae3e26f0d1660bdb","Mplus_input_write_engine_run_output_validation_FBITERATIONS","overhead_subtraction","main_scaling","two_run_difference",NA,3,7.7559999999982,7.70499999999997,0.177096019149914,0.717000000001088,8.47299999999929,0.717000000001088,0.0038779999999991,0.820000000006985,8.43099999999686,0.820000000006985,0.00385249999999998,0,FALSE,FALSE,0.257864878803567,515.729757607133,NA,101,"FBITERATIONS"
"Laptop","Mplus_WCP","mplus",2500,1,8,4,2,2000,"7184208393ceb4c8ae3e26f0d1660bdb","Mplus_input_write_engine_run_output_validation_FBITERATIONS","overhead_subtraction","main_scaling","two_run_difference",NA,3,11.2916666666684,11.3080000000045,0.032715949220167,0.73666666666791,12.0283333333364,0.73666666666791,0.00564583333333422,0.831000000005588,12.101999999999,0.831000000005588,0.00565400000000227,0,FALSE,FALSE,0.354243542435368,708.487084870737,NA,102,"FBITERATIONS"
"Laptop","Mplus_WCP","mplus",2500,1,16,4,4,2000,"7184208393ceb4c8ae3e26f0d1660bdb","Mplus_input_write_engine_run_output_validation_FBITERATIONS","overhead_subtraction","main_scaling","two_run_difference",NA,3,14.6010000000024,13.75,1.67980385759538,0.724999999998137,15.3260000000005,0.724999999998137,0.00730050000000118,0.834000000002561,14.5840000000026,0.834000000002561,0.006875,0,FALSE,FALSE,0.273953838778121,547.907677556243,NA,103,"FBITERATIONS"
"Laptop","Mplus_WCP","mplus",2500,1,16,8,2,2000,"7184208393ceb4c8ae3e26f0d1660bdb","Mplus_input_write_engine_run_output_validation_FBITERATIONS","overhead_subtraction","main_scaling","two_run_difference",NA,3,23.8993333333331,23.6270000000004,0.478640087470287,0.704666666667445,24.6040000000005,0.704666666667445,0.0119496666666665,0.776000000001659,24.4160000000011,0.776000000001659,0.0118135000000002,0,FALSE,FALSE,0.334737370637957,669.474741275915,NA,104,"FBITERATIONS"
"Laptop","Mplus_WCP","mplus",10000,1,4,2,2,500,"b352a26c8e9b174599c6b645056fb577","Mplus_input_write_engine_run_output_validation_FBITERATIONS","overhead_subtraction","main_scaling","two_run_difference",NA,3,5.97233333333232,5.91599999999744,0.217053756782435,1.08433333333912,7.05666666667144,1.08433333333912,0.0119446666666646,1.17000000001281,7.08600000001024,1.17000000001281,0.0118319999999949,0,FALSE,FALSE,0.334877490651394,167.438745325697,NA,105,"FBITERATIONS"
"Laptop","Mplus_WCP","mplus",10000,1,8,2,4,500,"b352a26c8e9b174599c6b645056fb577","Mplus_input_write_engine_run_output_validation_FBITERATIONS","overhead_subtraction","main_scaling","two_run_difference",NA,3,5.64533333333221,5.649,0.0276827262665298,0.983000000002249,6.62833333333446,0.983000000002249,0.0112906666666644,1.08100000000559,6.69700000000012,1.08100000000559,0.011298,0,FALSE,FALSE,0.354274917335923,177.137458667962,NA,106,"FBITERATIONS"
"Laptop","Mplus_WCP","mplus",10000,1,16,2,8,500,"b352a26c8e9b174599c6b645056fb577","Mplus_input_write_engine_run_output_validation_FBITERATIONS","overhead_subtraction","main_scaling","two_run_difference",NA,3,6.24233333333229,6.20100000000093,0.0987184548746297,1.0006666666676,7.24299999999989,1.0006666666676,0.0124846666666646,1.10899999999674,7.32000000000698,1.10899999999674,0.0124020000000019,0,FALSE,FALSE,0.320393015432317,160.196507716158,NA,107,"FBITERATIONS"
"Laptop","Mplus_WCP","mplus",10000,1,8,4,2,500,"b352a26c8e9b174599c6b645056fb577","Mplus_input_write_engine_run_output_validation_FBITERATIONS","overhead_subtraction","main_scaling","two_run_difference",NA,3,10.7596666666602,10.7979999999952,0.120176259448818,1.09633333333679,11.855999999997,1.09633333333679,0.0215193333333204,1.2039999999979,11.8289999999979,1.2039999999979,0.0215959999999905,0,FALSE,FALSE,0.371758728585371,185.879364292685,NA,108,"FBITERATIONS"
"Laptop","Mplus_WCP","mplus",10000,1,16,4,4,500,"b352a26c8e9b174599c6b645056fb577","Mplus_input_write_engine_run_output_validation_FBITERATIONS","overhead_subtraction","main_scaling","two_run_difference",NA,3,10.9886666666579,10.988,0.197000846021966,0.99633333333721,11.9849999999951,0.99633333333721,0.0219773333333158,1.09700000000885,11.8949999999895,1.09700000000885,0.021976,0,FALSE,FALSE,0.364011405691002,182.005702845501,NA,109,"FBITERATIONS"
"Laptop","Mplus_WCP","mplus",10000,1,16,8,2,500,"b352a26c8e9b174599c6b645056fb577","Mplus_input_write_engine_run_output_validation_FBITERATIONS","overhead_subtraction","main_scaling","two_run_difference",NA,3,20.1323333333332,20.2099999999991,0.159387368800572,1.05999999999941,21.1923333333326,1.05999999999941,0.0402646666666664,1.1359999999986,21.141,1.1359999999986,0.0404199999999983,0,FALSE,FALSE,0.39737073033429,198.685365167145,NA,110,"FBITERATIONS"
"Laptop","Mplus_WCP","mplus",50000,1,4,2,2,100,"50597d787bf5578f0fdbdd94f2702741","Mplus_input_write_engine_run_output_validation_FBITERATIONS","overhead_subtraction","main_scaling","two_run_difference",NA,3,6.13366666666822,6.02100000000002,0.39911067805245,2.92333333333058,9.0569999999988,2.92333333333058,0.0613366666666822,2.99199999999837,8.79499999999825,2.99199999999837,0.0602100000000002,0,FALSE,FALSE,0.32606923536756,32.606923536756,NA,111,"FBITERATIONS"
"Laptop","Mplus_WCP","mplus",50000,1,8,2,4,100,"50597d787bf5578f0fdbdd94f2702741","Mplus_input_write_engine_run_output_validation_FBITERATIONS","overhead_subtraction","main_scaling","two_run_difference",NA,3,5.50033333333725,5.48200000000361,0.0343850742850839,2.47399999999779,7.97433333333504,2.47399999999779,0.0550033333333725,2.5570000000007,8.07099999999627,2.5570000000007,0.0548200000000361,0,FALSE,FALSE,0.363614326404202,36.3614326404202,NA,112,"FBITERATIONS"
"Laptop","Mplus_WCP","mplus",50000,1,16,2,8,100,"50597d787bf5578f0fdbdd94f2702741","Mplus_input_write_engine_run_output_validation_FBITERATIONS","overhead_subtraction","main_scaling","two_run_difference",NA,3,5.21500000000187,5.29000000000815,0.130770791847466,2.40499999999514,7.61999999999701,2.40499999999514,0.0521500000000187,2.49499999999534,7.78599999999278,2.49499999999534,0.0529000000000815,0,FALSE,FALSE,0.383509108341186,38.3509108341186,NA,113,"FBITERATIONS"
"Laptop","Mplus_WCP","mplus",50000,1,8,4,2,100,"50597d787bf5578f0fdbdd94f2702741","Mplus_input_write_engine_run_output_validation_FBITERATIONS","overhead_subtraction","main_scaling","two_run_difference",NA,3,10.5709999999974,10.5879999999888,0.0294448637263993,3.03300000000248,13.6039999999999,3.03300000000248,0.105709999999974,3.09000000001106,13.6779999999999,3.09000000001106,0.105879999999888,0,FALSE,FALSE,0.378393718664363,37.8393718664363,NA,114,"FBITERATIONS"
"Laptop","Mplus_WCP","mplus",50000,1,16,4,4,100,"50597d787bf5578f0fdbdd94f2702741","Mplus_input_write_engine_run_output_validation_FBITERATIONS","overhead_subtraction","main_scaling","two_run_difference",NA,3,9.43799999999802,9.3859999999986,0.153743292538635,2.48566666666981,11.9236666666678,2.48566666666981,0.0943799999999802,2.58000000000175,11.9440000000031,2.58000000000175,0.093859999999986,0,FALSE,FALSE,0.423818605636876,42.3818605636876,NA,115,"FBITERATIONS"
"Laptop","Mplus_WCP","mplus",50000,1,16,8,2,100,"50597d787bf5578f0fdbdd94f2702741","Mplus_input_write_engine_run_output_validation_FBITERATIONS","overhead_subtraction","main_scaling","two_run_difference",NA,3,17.6630000000009,17.4430000000029,0.40996219337809,3.04433333333348,20.7073333333344,3.04433333333348,0.176630000000009,3.09899999999834,20.5630000000019,3.09899999999834,0.174430000000029,0,FALSE,FALSE,0.452924191813372,45.2924191813372,NA,116,"FBITERATIONS"
"Laptop","Mplus_standard","mplus",500,1,1,1,1,2000,"257aba3ac8b8727679d269bf8597bb85","Mplus_input_write_engine_run_output_validation_FBITERATIONS","overhead_subtraction","main_scaling","two_run_difference",NA,3,2.73533333333333,2.739,0.0168027775481695,0.430000000000001,3.16533333333333,0.430000000000001,0.00136766666666667,0.425000000000001,3.164,0.425000000000001,0.0013695,0,FALSE,FALSE,0.365586156470875,731.17231294175,NA,117,"FBITERATIONS"
"Laptop","Mplus_standard","mplus",500,1,2,2,1,2000,"257aba3ac8b8727679d269bf8597bb85","Mplus_input_write_engine_run_output_validation_FBITERATIONS","overhead_subtraction","main_scaling","two_run_difference",NA,3,3.35466666666667,3.346,0.0318956632370824,0.485000000000001,3.83966666666667,0.485000000000001,0.00167733333333333,0.484999999999999,3.831,0.484999999999999,0.001673,0,FALSE,FALSE,0.596184419713832,1192.36883942766,NA,118,"FBITERATIONS"
"Laptop","Mplus_standard","mplus",500,1,4,4,1,2000,"257aba3ac8b8727679d269bf8597bb85","Mplus_input_write_engine_run_output_validation_FBITERATIONS","overhead_subtraction","main_scaling","two_run_difference",NA,3,4.84033333333333,4.863,0.0602854321816947,0.487666666666669,5.328,0.487666666666669,0.00242016666666666,0.487000000000002,5.35,0.487000000000002,0.0024315,0,FALSE,FALSE,0.826389367123477,1652.77873424695,NA,119,"FBITERATIONS"
"Laptop","Mplus_standard","mplus",500,1,8,8,1,2000,"257aba3ac8b8727679d269bf8597bb85","Mplus_input_write_engine_run_output_validation_FBITERATIONS","overhead_subtraction","main_scaling","two_run_difference",NA,3,9.246,9.253,0.0528488410469005,0.494666666666667,9.74066666666667,0.494666666666667,0.004623,0.494,9.751,0.494,0.0046265,0,FALSE,FALSE,0.865239022279905,1730.47804455981,NA,120,"FBITERATIONS"
"Laptop","Mplus_standard","mplus",500,1,16,16,1,2000,"257aba3ac8b8727679d269bf8597bb85","Mplus_input_write_engine_run_output_validation_FBITERATIONS","overhead_subtraction","main_scaling","two_run_difference",NA,3,13.913,13.9,0.0991413132856338,0.514000000000001,14.427,0.514000000000001,0.0069565,0.51100000000001,14.411,0.51100000000001,0.00695,0,FALSE,FALSE,1.15000359376123,2300.00718752246,NA,121,"FBITERATIONS"
"Laptop","Mplus_standard","mplus",2500,1,1,1,1,400,"7184208393ceb4c8ae3e26f0d1660bdb","Mplus_input_write_engine_run_output_validation_FBITERATIONS","overhead_subtraction","main_scaling","two_run_difference",NA,3,2.51366666666666,2.512,0.00763762615826519,0.450666666666668,2.96433333333332,0.450666666666668,0.00628416666666664,0.449000000000012,2.96799999999999,0.449000000000012,0.00628,0,FALSE,FALSE,0.397825222119084,159.130088847634,NA,122,"FBITERATIONS"
"Laptop","Mplus_standard","mplus",2500,1,2,2,1,400,"7184208393ceb4c8ae3e26f0d1660bdb","Mplus_input_write_engine_run_output_validation_FBITERATIONS","overhead_subtraction","main_scaling","two_run_difference",NA,3,3.07300000000001,3.047,0.0467760622541076,0.741666666666655,3.81466666666666,0.741666666666655,0.00768250000000002,0.742999999999995,3.78999999999999,0.742999999999995,0.00761749999999999,0,FALSE,FALSE,0.650829808005205,260.331923202082,NA,123,"FBITERATIONS"
"Laptop","Mplus_standard","mplus",2500,1,4,4,1,400,"7184208393ceb4c8ae3e26f0d1660bdb","Mplus_input_write_engine_run_output_validation_FBITERATIONS","overhead_subtraction","main_scaling","two_run_difference",NA,3,4.49833333333333,4.42499999999998,0.188990299574696,0.745666666666665,5.24399999999999,0.745666666666665,0.0112458333333333,0.745000000000005,5.16999999999999,0.745000000000005,0.0110625,0,FALSE,FALSE,0.889218228973696,355.687291589478,NA,124,"FBITERATIONS"
"Laptop","Mplus_standard","mplus",2500,1,8,8,1,400,"7184208393ceb4c8ae3e26f0d1660bdb","Mplus_input_write_engine_run_output_validation_FBITERATIONS","overhead_subtraction","main_scaling","two_run_difference",NA,3,8.54666666666667,8.54600000000002,0.0100166528008679,0.759000000000005,9.30566666666668,0.759000000000005,0.0213666666666667,0.757000000000005,9.30200000000002,0.757000000000005,0.0213650000000001,0,FALSE,FALSE,0.936037441497659,374.414976599064,NA,125,"FBITERATIONS"
"Laptop","Mplus_standard","mplus",2500,1,16,16,1,400,"7184208393ceb4c8ae3e26f0d1660bdb","Mplus_input_write_engine_run_output_validation_FBITERATIONS","overhead_subtraction","main_scaling","two_run_difference",NA,3,12.2363333333333,12.229,0.0484183160935199,0.843666666666659,13.08,0.843666666666659,0.0305908333333333,0.843999999999994,13.075,0.843999999999994,0.0305725,0,FALSE,FALSE,1.30758124710561,523.032498842246,NA,126,"FBITERATIONS"
"Laptop","Mplus_standard","mplus",10000,1,1,1,1,200,"b352a26c8e9b174599c6b645056fb577","Mplus_input_write_engine_run_output_validation_FBITERATIONS","overhead_subtraction","main_scaling","two_run_difference",NA,3,4.97399999999997,4.99499999999995,0.0398873413503863,0.53133333333335,5.50533333333332,0.53133333333335,0.0248699999999999,0.53000000000003,5.524,0.53000000000003,0.0249749999999997,0,FALSE,FALSE,0.201045436268598,40.2090872537196,NA,127,"FBITERATIONS"
"Laptop","Mplus_standard","mplus",10000,1,2,2,1,200,"b352a26c8e9b174599c6b645056fb577","Mplus_input_write_engine_run_output_validation_FBITERATIONS","overhead_subtraction","main_scaling","two_run_difference",NA,3,6.03033333333334,6.03300000000002,0.0400666112035323,1.70233333333334,7.73266666666668,1.70233333333334,0.0301516666666667,1.697,7.71800000000002,1.697,0.0301650000000001,0,FALSE,FALSE,0.331656624841081,66.3313249682162,NA,128,"FBITERATIONS"
"Laptop","Mplus_standard","mplus",10000,1,4,4,1,200,"b352a26c8e9b174599c6b645056fb577","Mplus_input_write_engine_run_output_validation_FBITERATIONS","overhead_subtraction","main_scaling","two_run_difference",NA,3,8.86666666666665,8.822,0.0782325592917299,1.70633333333334,10.573,1.70633333333334,0.0443333333333333,1.702,10.538,1.702,0.04411,0,FALSE,FALSE,0.451127819548873,90.2255639097746,NA,129,"FBITERATIONS"
"Laptop","Mplus_standard","mplus",10000,1,8,8,1,200,"b352a26c8e9b174599c6b645056fb577","Mplus_input_write_engine_run_output_validation_FBITERATIONS","overhead_subtraction","main_scaling","two_run_difference",NA,3,16.7736666666667,16.8120000000001,0.0681346705674678,1.77166666666665,18.5453333333333,1.77166666666665,0.0838683333333335,1.76999999999998,18.584,1.76999999999998,0.0840600000000003,0,FALSE,FALSE,0.476938057669759,95.3876115339519,NA,130,"FBITERATIONS"
"Laptop","Mplus_standard","mplus",10000,1,16,16,1,200,"b352a26c8e9b174599c6b645056fb577","Mplus_input_write_engine_run_output_validation_FBITERATIONS","overhead_subtraction","main_scaling","two_run_difference",NA,3,23.275,23.286,0.154793410712457,1.892,25.167,1.892,0.116375,1.88999999999999,25.176,1.88999999999999,0.11643,0,FALSE,FALSE,0.687432867883996,137.486573576799,NA,131,"FBITERATIONS"
"Laptop","Mplus_standard","mplus",50000,1,1,1,1,100,"50597d787bf5578f0fdbdd94f2702741","Mplus_input_write_engine_run_output_validation_FBITERATIONS","overhead_subtraction","main_scaling","two_run_difference",NA,3,12.2546666666689,12.2395,0.0423389103961489,1.24866666666556,25.7580000000034,1.24866666666556,0.122546666666689,1.34399999999732,25.7880000000005,1.34399999999732,0.122395,0,FALSE,FALSE,0.0816015667500666,8.16015667500666,NA,132,"FBITERATIONS"
"Laptop","Mplus_standard","mplus",50000,1,2,2,1,100,"50597d787bf5578f0fdbdd94f2702741","Mplus_input_write_engine_run_output_validation_FBITERATIONS","overhead_subtraction","main_scaling","two_run_difference",NA,3,14.7886666666673,14.7599999999948,0.0923976911736075,6.94266666666397,21.7313333333313,6.94266666666397,0.147886666666673,6.96899999999732,21.8229999999894,6.96899999999732,0.147599999999948,0,FALSE,FALSE,0.135238696298962,13.5238696298962,NA,133,"FBITERATIONS"
"Laptop","Mplus_standard","mplus",50000,1,4,4,1,100,"50597d787bf5578f0fdbdd94f2702741","Mplus_input_write_engine_run_output_validation_FBITERATIONS","overhead_subtraction","main_scaling","two_run_difference",NA,3,21.3826666666657,21.376,0.392042514708407,7.09799999999992,28.4806666666656,7.09799999999992,0.213826666666657,7.18600000000151,28.189,7.18600000000151,0.21376,0,FALSE,FALSE,0.187067406622194,18.7067406622194,NA,134,"FBITERATIONS"
"Laptop","Mplus_standard","mplus",50000,1,8,8,1,100,"50597d787bf5578f0fdbdd94f2702741","Mplus_input_write_engine_run_output_validation_FBITERATIONS","overhead_subtraction","main_scaling","two_run_difference",NA,3,41.486333333337,41.5469999999999,0.112077354239743,7.3433333333337,48.8296666666707,7.3433333333337,0.41486333333337,7.39299999999639,48.75,7.39299999999639,0.415469999999999,0,FALSE,FALSE,0.192834588097268,19.2834588097268,NA,135,"FBITERATIONS"
"Laptop","Mplus_standard","mplus",50000,1,16,16,1,100,"50597d787bf5578f0fdbdd94f2702741","Mplus_input_write_engine_run_output_validation_FBITERATIONS","overhead_subtraction","main_scaling","two_run_difference",NA,3,56.9409999999984,56.9400000000023,0.102503658474982,7.78833333333542,64.7293333333338,7.78833333333542,0.569409999999984,7.83400000000256,64.6729999999952,7.83400000000256,0.569400000000023,0,FALSE,FALSE,0.280992606382053,28.0992606382053,NA,136,"FBITERATIONS"
