"device","algorithm","execution_backend","N","num_chunks","n_threads","n_chains","threads_per_chain","n_iter","dataset_md5","timing_scope","timing_estimator","benchmark_role","timing_method","stan_chunk_size","n_repeats","time_mean","time_median","time_sd","time_short_run_mean","time_long_run_mean","fixed_cost_mean","seconds_per_iteration_mean","time_short_run_median","time_long_run_median","fixed_cost_median","seconds_per_iteration_median","n_repeats_two_run_flagged","time_mean_not_positive","time_median_not_positive","chain_rate","total_iter_per_sec","max_divergences","case_ids","configuration_id","N_num","N_label","N_chunks_num","N_chunks","N_threads","N_iter","N_chains","time_avg","time_SD","Efficiency","Algorithm_label","Stan_variant_label","comparison_mode"
"HPC","AD_Stan_tape_chunked","NicoStan_BridgeStan",500,4,180,180,1,200,"5fff1836d43ae39c037ca22d13a50ed5","NicoStan_BridgeStan_state_allocation_thread_setup_sampling_model_load_divergence_check","iteration_difference","main_scaling","two_run_difference",125,4,2.8035175879397,2.79095477386935,0.140333324926034,0.0714999999999968,2.861,0.0574824120602983,0.0140175879396985,0.0684999999999967,2.8445,0.0539271356783886,0.0139547738693468,0,FALSE,FALSE,64.2050546692955,12841.0109338591,0,"861;862;863;864",216,500,"N = 500",4,"4","180",200,180,2.8035175879397,0.140333324926034,64.2050546692955,"NicoStan-chunking","NicoStan-chunking","NicoStan-chunking"
"HPC","AD_Stan_tape_chunked","NicoStan_BridgeStan",500,4,96,96,1,200,"5fff1836d43ae39c037ca22d13a50ed5","NicoStan_BridgeStan_state_allocation_thread_setup_sampling_model_load_divergence_check","iteration_difference","main_scaling","two_run_difference",125,4,1.63467336683417,1.6321608040201,0.10010474048061,0.0417500000000022,1.66825,0.0335766331658313,0.00817336683417084,0.0400000000000027,1.6675,0.0318140703517615,0.0081608040201005,0,FALSE,FALSE,58.7273286197358,11745.4657239472,0,"857;858;859;860",215,500,"N = 500",4,"4","96",200,96,1.63467336683417,0.10010474048061,58.7273286197358,"NicoStan-chunking","NicoStan-chunking","NicoStan-chunking"
"HPC","AD_Stan","NicoStan_BridgeStan",500,1,64,64,1,200,"5fff1836d43ae39c037ca22d13a50ed5","NicoStan_BridgeStan_state_allocation_thread_setup_sampling_model_load_divergence_check","iteration_difference","main_scaling","two_run_difference",NA,4,1.25552763819131,1.24673366834191,0.152090942940117,0.0347500000000727,1.28400000000042,0.0284723618091161,0.00627763819095653,0.0289999999997237,1.28100000000063,0.0226783919595202,0.00623366834170957,0,FALSE,FALSE,50.9745847508363,10194.9169501673,11,"25;26;27;28",7,500,"N = 500",1,"1","64",200,64,1.25552763819131,0.152090942940117,50.9745847508363,"NicoStan","NicoStan","NicoStan"
"HPC","AD_Stan_tape_chunked","NicoStan_BridgeStan",500,2,64,64,1,200,"5fff1836d43ae39c037ca22d13a50ed5","NicoStan_BridgeStan_state_allocation_thread_setup_sampling_model_load_divergence_check","iteration_difference","main_scaling","two_run_difference",250,4,1.26030150753769,1.2643216080402,0.136589779730168,0.0460000000000003,1.3,0.0396984924623118,0.00630150753768844,0.0455000000000005,1.3015,0.0386256281407041,0.00632160804020101,0,FALSE,FALSE,50.7814992025518,10156.2998405104,0,"817;818;819;820",205,500,"N = 500",2,"2","64",200,64,1.26030150753769,0.136589779730168,50.7814992025518,"NicoStan-chunking","NicoStan-chunking","NicoStan-chunking"
"HPC","AD_Stan","NicoStan_BridgeStan",500,1,96,96,1,200,"5fff1836d43ae39c037ca22d13a50ed5","NicoStan_BridgeStan_state_allocation_thread_setup_sampling_model_load_divergence_check","iteration_difference","main_scaling","two_run_difference",NA,4,2.15778894472353,2.19899497487335,0.306941540193545,0.0422499999999273,2.18924999999984,0.0314610552763096,0.0107889447236177,0.0365000000005384,2.24049999999952,0.0254924623114131,0.0109949748743667,0,FALSE,FALSE,44.4899860270163,8897.99720540325,11,"29;30;31;32",8,500,"N = 500",1,"1","96",200,96,2.15778894472353,0.306941540193545,44.4899860270163,"NicoStan","NicoStan","NicoStan"
"HPC","AD_Stan_WCP","NicoStan_BridgeStan",500,6,96,16,6,800,"5fff1836d43ae39c037ca22d13a50ed5","NicoStan_BridgeStan_state_allocation_thread_setup_sampling_model_load_divergence_check","iteration_difference","main_scaling","two_run_difference",84,4,1.45782227784738,1.47784730913642,0.107232126041479,0.0249999999999773,1.48100000000005,0.023177722152668,0.00182227784730923,0.0254999999999654,1.50149999999996,0.0236526908635449,0.00184730913642052,0,FALSE,FALSE,10.9752747252742,8780.21978021933,0,"2353;2355;2357;2359",589,500,"N = 500",6,"6","96",800,16,1.45782227784738,0.107232126041479,10.9752747252742,"NicoStan-WCP","NicoStan-WCP","NicoStan-WCP"
"HPC","AD_Stan_WCP","NicoStan_BridgeStan",500,6,96,16,6,800,"5fff1836d43ae39c037ca22d13a50ed5","NicoStan_BridgeStan_state_allocation_thread_setup_sampling_model_load_divergence_check","iteration_difference","main_scaling","two_run_difference",84,4,1.45782227784738,1.47784730913642,0.107232126041479,0.0249999999999773,1.48100000000005,0.023177722152668,0.00182227784730923,0.0254999999999654,1.50149999999996,0.0236526908635449,0.00184730913642052,0,FALSE,FALSE,10.9752747252742,8780.21978021933,0,"2353;2355;2357;2359",589,500,"N = 500",6,"6","96",800,16,1.45782227784738,0.107232126041479,10.9752747252742,"NicoStan-chunking_and_WCP","NicoStan-chunking_and_WCP","NicoStan-chunking_and_WCP"
"HPC","AD_Stan_WCP","NicoStan_BridgeStan",500,8,128,16,8,800,"5fff1836d43ae39c037ca22d13a50ed5","NicoStan_BridgeStan_state_allocation_thread_setup_sampling_model_load_divergence_check","iteration_difference","main_scaling","two_run_difference",63,4,1.49536921151421,1.49586983729642,0.0856855309857919,0.0285000000001219,1.52199999999993,0.0266307884857291,0.00186921151439276,0.0280000000001337,1.52299999999991,0.0262040050063917,0.00186983729662053,0,FALSE,FALSE,10.6996986943435,8559.75895547479,0,"2354;2356;2358;2360",590,500,"N = 500",8,"8","128",800,16,1.49536921151421,0.0856855309857919,10.6996986943435,"NicoStan-WCP","NicoStan-WCP","NicoStan-WCP"
"HPC","AD_Stan_WCP","NicoStan_BridgeStan",500,8,128,16,8,800,"5fff1836d43ae39c037ca22d13a50ed5","NicoStan_BridgeStan_state_allocation_thread_setup_sampling_model_load_divergence_check","iteration_difference","main_scaling","two_run_difference",63,4,1.49536921151421,1.49586983729642,0.0856855309857919,0.0285000000001219,1.52199999999993,0.0266307884857291,0.00186921151439276,0.0280000000001337,1.52299999999991,0.0262040050063917,0.00186983729662053,0,FALSE,FALSE,10.6996986943435,8559.75895547479,0,"2354;2356;2358;2360",590,500,"N = 500",8,"8","128",800,16,1.49536921151421,0.0856855309857919,10.6996986943435,"NicoStan-chunking_and_WCP","NicoStan-chunking_and_WCP","NicoStan-chunking_and_WCP"
"HPC","AD_Stan_WCP","NicoStan_BridgeStan",500,10,64,16,4,800,"5fff1836d43ae39c037ca22d13a50ed5","NicoStan_BridgeStan_state_allocation_thread_setup_sampling_model_load_divergence_check","iteration_difference","main_scaling","two_run_difference",50,4,1.56595744680851,1.56996245306633,0.0276026007551226,0.0167499999999983,1.58075,0.0147925531914876,0.00195744680851064,0.0165000000000006,1.5845,0.0145375469336677,0.00196245306633291,0,FALSE,FALSE,10.2173913043478,8173.91304347824,0,"1522;1526;1530;1534",382,500,"N = 500",10,"10","64",800,16,1.56595744680851,0.0276026007551226,10.2173913043478,"NicoStan-chunking_and_WCP","NicoStan-chunking_and_WCP","NicoStan-chunking_and_WCP"
"HPC","AD_Stan","NicoStan_BridgeStan",500,1,32,32,1,200,"5fff1836d43ae39c037ca22d13a50ed5","NicoStan_BridgeStan_state_allocation_thread_setup_sampling_model_load_divergence_check","iteration_difference","main_scaling","two_run_difference",NA,4,0.785678391960274,0.78894472362027,0.160007186104922,0.0239999999992073,0.80574999999968,0.020071608039406,0.00392839195980137,0.0194999999985015,0.81550000000067,0.015746231154188,0.00394472361810135,0,FALSE,FALSE,40.7291333546284,8145.82667092568,11,"21;22;23;24",6,500,"N = 500",1,"1","32",200,32,0.785678391960274,0.160007186104922,40.7291333546284,"NicoStan","NicoStan","NicoStan"
"HPC","AD_Stan_WCP","NicoStan_BridgeStan",500,4,64,16,4,800,"5fff1836d43ae39c037ca22d13a50ed5","NicoStan_BridgeStan_state_allocation_thread_setup_sampling_model_load_divergence_check","iteration_difference","main_scaling","two_run_difference",125,4,1.61226533166458,1.59399249061327,0.0606969621419446,0.0212499999999984,1.6315,0.0192346683354177,0.00201533166458073,0.0214999999999996,1.6115,0.0195256570713388,0.00199249061326659,0,FALSE,FALSE,9.92392485638873,7939.13988511099,0,"1490;1492;1494;1496",374,500,"N = 500",4,"4","64",800,16,1.61226533166458,0.0606969621419446,9.92392485638873,"NicoStan-WCP","NicoStan-WCP","NicoStan-WCP"
"HPC","AD_Stan","NicoStan_BridgeStan",500,1,180,180,1,200,"5fff1836d43ae39c037ca22d13a50ed5","NicoStan_BridgeStan_state_allocation_thread_setup_sampling_model_load_divergence_check","iteration_difference","main_scaling","two_run_difference",NA,4,4.5580402010038,4.47939698492474,0.471457400697968,0.0760000000009029,4.61124999999968,0.0532097989958839,0.022790201005019,0.0565000000001472,4.51350000000026,0.0341030150755235,0.0223969849246237,0,FALSE,FALSE,39.4906565239068,7898.13130478136,47,"33;34;35;36",9,500,"N = 500",1,"1","180",200,180,4.5580402010038,0.471457400697968,39.4906565239068,"NicoStan","NicoStan","NicoStan"
"HPC","AD_Stan_tape_chunked","NicoStan_BridgeStan",500,2,32,32,1,200,"5fff1836d43ae39c037ca22d13a50ed5","NicoStan_BridgeStan_state_allocation_thread_setup_sampling_model_load_divergence_check","iteration_difference","main_scaling","two_run_difference",250,4,0.968592964824121,0.962814070351759,0.0501934340697727,0.0277500000000002,0.991500000000001,0.0229070351758796,0.00484296482412061,0.0280000000000005,0.985,0.0231934673366839,0.00481407035175879,0,FALSE,FALSE,33.0376134889753,6607.52269779507,0,"813;814;815;816",204,500,"N = 500",2,"2","32",200,32,0.968592964824121,0.0501934340697727,33.0376134889753,"NicoStan-chunking","NicoStan-chunking","NicoStan-chunking"
"HPC","AD_Stan_WCP","NicoStan_BridgeStan",500,4,32,16,2,800,"5fff1836d43ae39c037ca22d13a50ed5","NicoStan_BridgeStan_state_allocation_thread_setup_sampling_model_load_divergence_check","iteration_difference","main_scaling","two_run_difference",125,4,2.22202753441802,2.21476846057572,0.0989851664736413,0.0200000000000031,2.23925,0.0172224655819806,0.00277753441802252,0.0200000000000031,2.2325,0.0172102628285388,0.00276846057571965,0,FALSE,FALSE,7.20063084375353,5760.50467500282,0,"1489;1491;1493;1495",373,500,"N = 500",4,"4","32",800,16,2.22202753441802,0.0989851664736413,7.20063084375353,"NicoStan-chunking_and_WCP","NicoStan-chunking_and_WCP","NicoStan-chunking_and_WCP"
"HPC","AD_Stan_WCP","NicoStan_BridgeStan",500,2,32,16,2,800,"5fff1836d43ae39c037ca22d13a50ed5","NicoStan_BridgeStan_state_allocation_thread_setup_sampling_model_load_divergence_check","iteration_difference","main_scaling","two_run_difference",250,4,2.33917396745932,2.35544430538173,0.122063407326234,0.0244999999999997,2.36075,0.0215760325406756,0.00292396745932415,0.0244999999999997,2.3765,0.0214543178973715,0.00294430538172716,0,FALSE,FALSE,6.84002140181915,5472.01712145532,0,"1469;1470;1471;1472",368,500,"N = 500",2,"2","32",800,16,2.33917396745932,0.122063407326234,6.84002140181915,"NicoStan-WCP","NicoStan-WCP","NicoStan-WCP"
"HPC","AD_Stan","NicoStan_BridgeStan",500,1,16,16,1,200,"5fff1836d43ae39c037ca22d13a50ed5","NicoStan_BridgeStan_state_allocation_thread_setup_sampling_model_load_divergence_check","iteration_difference","main_scaling","two_run_difference",NA,4,0.613065326633334,0.587437185930585,0.115640504486666,0.0182499999998105,0.628249999999978,0.0151846733666438,0.00306532663316667,0.0165000000001161,0.601000000001048,0.0135628140704632,0.00293718592965292,0,FALSE,FALSE,26.0983606557305,5219.67213114611,0,"17;18;19;20",5,500,"N = 500",1,"1","16",200,16,0.613065326633334,0.115640504486666,26.0983606557305,"NicoStan","NicoStan","NicoStan"
"HPC","AD_Stan_tape_chunked","NicoStan_BridgeStan",500,4,16,16,1,200,"5fff1836d43ae39c037ca22d13a50ed5","NicoStan_BridgeStan_state_allocation_thread_setup_sampling_model_load_divergence_check","iteration_difference","main_scaling","two_run_difference",125,4,0.797989949748742,0.799497487437187,0.00720073208046909,0.0169999999999995,0.810999999999998,0.0130100502512557,0.00398994974874371,0.0160000000000018,0.814499999999995,0.0120301507537707,0.00399748743718593,0,FALSE,FALSE,20.0503778337532,4010.07556675064,0,"845;846;847;848",212,500,"N = 500",4,"4","16",200,16,0.797989949748742,0.00720073208046909,20.0503778337532,"NicoStan-chunking","NicoStan-chunking","NicoStan-chunking"
"HPC","AD_Stan_WCP","NicoStan_BridgeStan",500,4,16,8,2,800,"5fff1836d43ae39c037ca22d13a50ed5","NicoStan_BridgeStan_state_allocation_thread_setup_sampling_model_load_divergence_check","iteration_difference","main_scaling","two_run_difference",125,4,1.95219023779725,1.95193992490613,0.00250312891113769,0.0177500000000004,1.9675,0.0153097622027538,0.00244023779724656,0.017000000000003,1.967,0.0145600750938704,0.00243992490613266,0,FALSE,FALSE,4.09796127708681,3278.36902166945,0,"1481;1483;1485;1487",371,500,"N = 500",4,"4","16",800,8,1.95219023779725,0.00250312891113769,4.09796127708681,"NicoStan-chunking_and_WCP","NicoStan-chunking_and_WCP","NicoStan-chunking_and_WCP"
"HPC","AD_Stan_WCP","NicoStan_BridgeStan",500,2,16,8,2,800,"5fff1836d43ae39c037ca22d13a50ed5","NicoStan_BridgeStan_state_allocation_thread_setup_sampling_model_load_divergence_check","iteration_difference","main_scaling","two_run_difference",250,4,2.03654568210263,2.00650813516896,0.150071989887193,0.0217500000000004,2.05575,0.0192043178973721,0.00254568210262828,0.0210000000000008,2.0245,0.0186020025031297,0.0025081351689612,0,FALSE,FALSE,3.92822025565389,3142.57620452311,0,"1465;1466;1467;1468",367,500,"N = 500",2,"2","16",800,8,2.03654568210263,0.150071989887193,3.92822025565389,"NicoStan-WCP","NicoStan-WCP","NicoStan-WCP"
"HPC","AD_Stan","NicoStan_BridgeStan",500,1,8,8,1,200,"5fff1836d43ae39c037ca22d13a50ed5","NicoStan_BridgeStan_state_allocation_thread_setup_sampling_model_load_divergence_check","iteration_difference","main_scaling","two_run_difference",NA,4,0.545477386935639,0.528643216081426,0.0609091384767598,0.0132499999997084,0.556000000000669,0.0105226130650302,0.0027273869346782,0.0124999999995046,0.540500000000931,0.00990452261256537,0.00264321608040713,0,FALSE,FALSE,14.6660525103379,2933.21050206758,0,"13;14;15;16",4,500,"N = 500",1,"1","8",200,8,0.545477386935639,0.0609091384767598,14.6660525103379,"NicoStan","NicoStan","NicoStan"
"HPC","AD_Stan_tape_chunked","NicoStan_BridgeStan",2500,25,180,180,1,40,"229e14792b0f4550a6f1e0887b422826","NicoStan_BridgeStan_state_allocation_thread_setup_sampling_model_load_divergence_check","iteration_difference","main_scaling","two_run_difference",100,4,2.63205128205127,2.62615384615384,0.154658538860091,0.196000000000012,2.76225,0.13019871794873,0.0658012820512818,0.196500000000015,2.75750000000001,0.12905128205129,0.0656538461538459,0,FALSE,FALSE,68.3877252800782,2735.50901120313,0,"1013;1014;1015;1016",254,2500,"N = 2500",25,"25","180",40,180,2.63205128205127,0.154658538860091,68.3877252800782,"NicoStan-chunking","NicoStan-chunking","NicoStan-chunking"
"HPC","AD_Stan_tape_chunked","NicoStan_BridgeStan",2500,10,96,96,1,40,"229e14792b0f4550a6f1e0887b422826","NicoStan_BridgeStan_state_allocation_thread_setup_sampling_model_load_divergence_check","iteration_difference","main_scaling","two_run_difference",250,4,1.56538461538463,1.55384615384617,0.121333448931027,0.108499999999992,1.63475,0.0693653846153766,0.0391346153846157,0.107499999999987,1.62700000000001,0.0692179487179356,0.0388461538461542,0,FALSE,FALSE,61.3267813267809,2453.07125307123,0,"973;974;975;976",244,2500,"N = 2500",10,"10","96",40,96,1.56538461538463,0.121333448931027,61.3267813267809,"NicoStan-chunking","NicoStan-chunking","NicoStan-chunking"
"HPC","AD_Stan_WCP","NicoStan_BridgeStan",2500,25,128,16,8,200,"229e14792b0f4550a6f1e0887b422826","NicoStan_BridgeStan_state_allocation_thread_setup_sampling_model_load_divergence_check","iteration_difference","main_scaling","two_run_difference",100,4,1.41633165829145,1.41758793969849,0.00552763819095169,0.065250000000006,1.4745,0.0581683417085488,0.00708165829145725,0.0655000000000001,1.476,0.0584271356784064,0.00708793969849246,0,FALSE,FALSE,11.2967890722016,2259.35781444032,0,"1628;1632;1636;1640",410,2500,"N = 2500",25,"25","128",200,16,1.41633165829145,0.00552763819095169,11.2967890722016,"NicoStan-chunking_and_WCP","NicoStan-chunking_and_WCP","NicoStan-chunking_and_WCP"
"HPC","AD_Stan_tape_chunked","NicoStan_BridgeStan",500,2,8,8,1,200,"5fff1836d43ae39c037ca22d13a50ed5","NicoStan_BridgeStan_state_allocation_thread_setup_sampling_model_load_divergence_check","iteration_difference","main_scaling","two_run_difference",250,4,0.714070351758793,0.714572864321607,0.0041438247493643,0.0169999999999999,0.727499999999999,0.0134296482412059,0.00357035175879397,0.0164999999999997,0.729,0.0129170854271354,0.00357286432160803,0,FALSE,FALSE,11.2033779028853,2240.67558057706,0,"805;806;807;808",202,500,"N = 500",2,"2","8",200,8,0.714070351758793,0.0041438247493643,11.2033779028853,"NicoStan-chunking","NicoStan-chunking","NicoStan-chunking"
"HPC","AD_Stan_WCP","NicoStan_BridgeStan",2500,25,96,16,6,200,"229e14792b0f4550a6f1e0887b422826","NicoStan_BridgeStan_state_allocation_thread_setup_sampling_model_load_divergence_check","iteration_difference","main_scaling","two_run_difference",100,4,1.42914572864321,1.4321608040201,0.0266915702338871,0.0692500000000038,1.49125,0.0621042713567877,0.00714572864321607,0.0674999999999955,1.491,0.0604648241205984,0.00716080402010049,0,FALSE,FALSE,11.1954992967651,2239.09985935303,0,"1627;1631;1635;1639",409,2500,"N = 2500",25,"25","96",200,16,1.42914572864321,0.0266915702338871,11.1954992967651,"NicoStan-chunking_and_WCP","NicoStan-chunking_and_WCP","NicoStan-chunking_and_WCP"
"HPC","AD_Stan_WCP","NicoStan_BridgeStan",2500,10,64,16,4,200,"229e14792b0f4550a6f1e0887b422826","NicoStan_BridgeStan_state_allocation_thread_setup_sampling_model_load_divergence_check","iteration_difference","main_scaling","two_run_difference",250,4,1.52788944723619,1.5246231155779,0.0177024270892368,0.0589999999999975,1.57925,0.0513605527638166,0.00763944723618093,0.0589999999999975,1.57650000000001,0.0512914572864297,0.0076231155778895,0,FALSE,FALSE,10.4719618483802,2094.39236967603,0,"1586;1590;1594;1598",398,2500,"N = 2500",10,"10","64",200,16,1.52788944723619,0.0177024270892368,10.4719618483802,"NicoStan-chunking_and_WCP","NicoStan-chunking_and_WCP","NicoStan-chunking_and_WCP"
"HPC","AD_Stan_tape_chunked","NicoStan_BridgeStan",2500,10,64,64,1,40,"229e14792b0f4550a6f1e0887b422826","NicoStan_BridgeStan_state_allocation_thread_setup_sampling_model_load_divergence_check","iteration_difference","main_scaling","two_run_difference",250,4,1.2353846153846,1.24410256410256,0.112133103964005,0.0807500000000019,1.28524999999999,0.0498653846153868,0.0308846153846151,0.0805000000000007,1.294,0.0498974358974391,0.0311025641025639,0,FALSE,FALSE,51.8057285180578,2072.22914072231,0,"969;970;971;972",243,2500,"N = 2500",10,"10","64",40,64,1.2353846153846,0.112133103964005,51.8057285180578,"NicoStan-chunking","NicoStan-chunking","NicoStan-chunking"
"HPC","AD_Stan_WCP","NicoStan_BridgeStan",500,4,8,4,2,800,"5fff1836d43ae39c037ca22d13a50ed5","NicoStan_BridgeStan_state_allocation_thread_setup_sampling_model_load_divergence_check","iteration_difference","main_scaling","two_run_difference",125,4,1.7819774718398,1.78222778473092,0.0012598805899498,0.0147499999999994,1.7945,0.0125225281601996,0.00222747183979975,0.0145,1.7935,0.0122734668335419,0.00222778473091365,0,FALSE,FALSE,2.24469728894508,1795.75783115606,0,"1473;1475;1477;1479",369,500,"N = 500",4,"4","8",800,4,1.7819774718398,0.0012598805899498,2.24469728894508,"NicoStan-chunking_and_WCP","NicoStan-chunking_and_WCP","NicoStan-chunking_and_WCP"
"HPC","AD_Stan_WCP","NicoStan_BridgeStan",2500,6,96,16,6,200,"229e14792b0f4550a6f1e0887b422826","NicoStan_BridgeStan_state_allocation_thread_setup_sampling_model_load_divergence_check","iteration_difference","main_scaling","two_run_difference",417,4,1.95603015075368,1.94522613065309,0.0528467084429396,0.0690000000000737,2.01524999999998,0.0592198492463053,0.00978015075376838,0.0690000000000737,2.00449999999989,0.0591658291458023,0.00972613065326543,0,FALSE,FALSE,8.17983301220335,1635.96660244067,0,"2381;2383;2385;2387",596,2500,"N = 2500",6,"6","96",200,16,1.95603015075368,0.0528467084429396,8.17983301220335,"NicoStan-WCP","NicoStan-WCP","NicoStan-WCP"
"HPC","AD_Stan_WCP","NicoStan_BridgeStan",500,2,8,4,2,800,"5fff1836d43ae39c037ca22d13a50ed5","NicoStan_BridgeStan_state_allocation_thread_setup_sampling_model_load_divergence_check","iteration_difference","main_scaling","two_run_difference",250,4,2.02152690863579,2.0485607008761,0.124536805696697,0.0190000000000001,2.038,0.0164730913642054,0.00252690863579474,0.0194999999999999,2.0655,0.0169392991239056,0.00256070087609512,0,FALSE,FALSE,1.97870232788509,1582.96186230807,0,"1461;1462;1463;1464",366,500,"N = 500",2,"2","8",800,4,2.02152690863579,0.124536805696697,1.97870232788509,"NicoStan-WCP","NicoStan-WCP","NicoStan-WCP"
"HPC","AD_Stan","NicoStan_BridgeStan",500,1,4,4,1,200,"5fff1836d43ae39c037ca22d13a50ed5","NicoStan_BridgeStan_state_allocation_thread_setup_sampling_model_load_divergence_check","iteration_difference","main_scaling","two_run_difference",NA,4,0.506030150753608,0.503517587941015,0.0189361243036659,0.0110000000002111,0.514500000000051,0.00846984924644302,0.00253015075376804,0.0110000000000001,0.511000000000509,0.00842964824039932,0.00251758793970507,0,FALSE,FALSE,7.90466732870162,1580.93346574032,0,"9;10;11;12",3,500,"N = 500",1,"1","4",200,4,0.506030150753608,0.0189361243036659,7.90466732870162,"NicoStan","NicoStan","NicoStan"
"HPC","AD_Stan_WCP","NicoStan_BridgeStan",2500,8,128,16,8,200,"229e14792b0f4550a6f1e0887b422826","NicoStan_BridgeStan_state_allocation_thread_setup_sampling_model_load_divergence_check","iteration_difference","main_scaling","two_run_difference",313,4,2.26331658291447,2.28090452261306,0.19645606372692,0.0675000000000523,2.31949999999995,0.05618341708548,0.0113165829145723,0.0680000000000973,2.33750000000009,0.056595477387032,0.0114045226130653,0,FALSE,FALSE,7.06927175843727,1413.85435168745,0,"2382;2384;2386;2388",597,2500,"N = 2500",8,"8","128",200,16,2.26331658291447,0.19645606372692,7.06927175843727,"NicoStan-WCP","NicoStan-WCP","NicoStan-WCP"
"HPC","AD_Stan_WCP","NicoStan_BridgeStan",2500,8,64,8,8,200,"229e14792b0f4550a6f1e0887b422826","NicoStan_BridgeStan_state_allocation_thread_setup_sampling_model_load_divergence_check","iteration_difference","main_scaling","two_run_difference",313,4,1.17562814070348,1.16080402010048,0.118494621802898,0.0564999999999714,1.22624999999994,0.0506218592964539,0.00587814070351741,0.0554999999999382,1.20949999999993,0.0499095477386318,0.00580402010050238,0,FALSE,FALSE,6.80487283607629,1360.97456721526,0,"2377;2378;2379;2380",595,2500,"N = 2500",8,"8","64",200,8,1.17562814070348,0.118494621802898,6.80487283607629,"NicoStan-WCP","NicoStan-WCP","NicoStan-WCP"
"HPC","AD_Stan_tape_chunked","NicoStan_BridgeStan",2500,10,32,32,1,40,"229e14792b0f4550a6f1e0887b422826","NicoStan_BridgeStan_state_allocation_thread_setup_sampling_model_load_divergence_check","iteration_difference","main_scaling","two_run_difference",250,4,0.966153846153846,0.971282051282054,0.059933486399721,0.0579999999999998,1,0.0338461538461537,0.0241538461538462,0.0580000000000069,1.004,0.0340000000000071,0.0242820512820514,0,FALSE,FALSE,33.1210191082803,1324.84076433121,0,"965;966;967;968",242,2500,"N = 2500",10,"10","32",40,32,0.966153846153846,0.059933486399721,33.1210191082803,"NicoStan-chunking","NicoStan-chunking","NicoStan-chunking"
"HPC","AD_Stan_WCP","NicoStan_BridgeStan",2500,10,32,16,2,200,"229e14792b0f4550a6f1e0887b422826","NicoStan_BridgeStan_state_allocation_thread_setup_sampling_model_load_divergence_check","iteration_difference","main_scaling","two_run_difference",250,4,2.43492462311557,2.44120603015074,0.105533620313809,0.058250000000001,2.48099999999999,0.0460753768844232,0.0121746231155779,0.0579999999999927,2.48699999999998,0.045793969849239,0.0122060301507537,0,FALSE,FALSE,6.57104529976268,1314.20905995254,0,"1585;1589;1593;1597",397,2500,"N = 2500",10,"10","32",200,16,2.43492462311557,0.105533620313809,6.57104529976268,"NicoStan-chunking_and_WCP","NicoStan-chunking_and_WCP","NicoStan-chunking_and_WCP"
"HPC","AD_Stan","NicoStan_BridgeStan",2500,1,96,96,1,40,"229e14792b0f4550a6f1e0887b422826","NicoStan_BridgeStan_state_allocation_thread_setup_sampling_model_load_divergence_check","iteration_difference","main_scaling","two_run_difference",NA,4,3.12205128205211,3.02717948718116,0.263349519720925,0.177999999998901,3.22199999999971,0.0999487179475984,0.0780512820513028,0.140999999997803,3.08949999999993,0.0673076923054536,0.075679487179529,0,FALSE,FALSE,30.7490144546567,1229.96057818627,0,"65;66;67;68",17,2500,"N = 2500",1,"1","96",40,96,3.12205128205211,0.263349519720925,30.7490144546567,"NicoStan","NicoStan","NicoStan"
"HPC","AD_Stan","NicoStan_BridgeStan",2500,1,64,64,1,40,"229e14792b0f4550a6f1e0887b422826","NicoStan_BridgeStan_state_allocation_thread_setup_sampling_model_load_divergence_check","iteration_difference","main_scaling","two_run_difference",NA,4,2.10487179487316,2.0758974358986,0.191489083898015,0.123749999999069,2.1760000000004,0.0711282051272395,0.052621794871829,0.104499999999476,2.12850000000061,0.0526025641020108,0.051897435897465,0,FALSE,FALSE,30.4056523327857,1216.22609331143,1,"61;62;63;64",16,2500,"N = 2500",1,"1","64",40,64,2.10487179487316,0.191489083898015,30.4056523327857,"NicoStan","NicoStan","NicoStan"
"HPC","AD_Stan","NicoStan_BridgeStan",2500,1,180,180,1,40,"229e14792b0f4550a6f1e0887b422826","NicoStan_BridgeStan_state_allocation_thread_setup_sampling_model_load_divergence_check","iteration_difference","main_scaling","two_run_difference",NA,4,6.04410256410285,5.9348717948726,0.400526499870076,0.336750000000306,6.22975000000058,0.185647435897735,0.151102564102571,0.253000000000611,6.03650000000109,0.109615384615982,0.148371794871815,0,FALSE,FALSE,29.7810962158479,1191.24384863392,7,"69;70;71;72",18,2500,"N = 2500",1,"1","180",40,180,6.04410256410285,0.400526499870076,29.7810962158479,"NicoStan","NicoStan","NicoStan"
"HPC","AD_Stan_tape_chunked","NicoStan_BridgeStan",500,2,4,4,1,200,"5fff1836d43ae39c037ca22d13a50ed5","NicoStan_BridgeStan_state_allocation_thread_setup_sampling_model_load_divergence_check","iteration_difference","main_scaling","two_run_difference",250,4,0.68643216080402,0.686934673366835,0.00357691063719608,0.0124999999999997,0.6955,0.00906783919597963,0.0034321608040201,0.0109999999999992,0.694,0.00758291457286355,0.00343467336683417,0,FALSE,FALSE,5.82723279648609,1165.44655929722,0,"801;802;803;804",201,500,"N = 500",2,"2","4",200,4,0.68643216080402,0.00357691063719608,5.82723279648609,"NicoStan-chunking","NicoStan-chunking","NicoStan-chunking"
"HPC","AD_Stan","NicoStan_BridgeStan",2500,1,32,32,1,40,"229e14792b0f4550a6f1e0887b422826","NicoStan_BridgeStan_state_allocation_thread_setup_sampling_model_load_divergence_check","iteration_difference","main_scaling","two_run_difference",NA,4,1.13717948717909,1.14205128205025,0.160879404444427,0.0780000000006096,1.18675000000023,0.0495705128211322,0.0284294871794774,0.0730000000008726,1.18649999999987,0.0444487179496163,0.0285512820512563,0,FALSE,FALSE,28.1397970687809,1125.59188275123,1,"57;58;59;60",15,2500,"N = 2500",1,"1","32",40,32,1.13717948717909,0.160879404444427,28.1397970687809,"NicoStan","NicoStan","NicoStan"
"Laptop","AD_Stan_tape_chunked","NicoStan_BridgeStan",500,10,16,16,1,200,"257aba3ac8b8727679d269bf8597bb85","NicoStan_BridgeStan_state_allocation_thread_setup_sampling_model_load_divergence_check","iteration_difference","main_scaling","two_run_difference",50,4,2.9444723618072,2.94472361809051,0.0337881316088841,0.0352499999981077,2.96499999999627,0.0205276381890717,0.014722361809036,0.0354999999963894,2.96599999999645,0.0206407035139771,0.0147236180904525,0,FALSE,FALSE,5.43391074324088,1086.78214864818,0,"5169;5170;5171;5172",1316,500,"N = 500",10,"10","16",200,16,2.9444723618072,0.0337881316088841,5.43391074324088,"NicoStan-chunking","NicoStan-chunking","NicoStan-chunking"
"Laptop","AD_Stan_WCP","NicoStan_BridgeStan",500,10,16,8,2,800,"257aba3ac8b8727679d269bf8597bb85","NicoStan_BridgeStan_state_allocation_thread_setup_sampling_model_load_divergence_check","iteration_difference","main_scaling","two_run_difference",50,4,6.07008760951193,5.99899874843563,0.184879413637869,0.0190000000001689,6.08150000000021,0.011412390488279,0.00758760951188992,0.0195000000001215,6.01100000000042,0.0118097622028749,0.00749874843554454,0,FALSE,FALSE,1.31793814432989,1054.35051546391,0,"5525;5526;5527;5528",1405,500,"N = 500",10,"10","16",800,8,6.07008760951193,0.184879413637869,1.31793814432989,"NicoStan-chunking_and_WCP","NicoStan-chunking_and_WCP","NicoStan-chunking_and_WCP"
"HPC","AD_Stan_WCP","NicoStan_BridgeStan",2500,2,32,16,2,200,"229e14792b0f4550a6f1e0887b422826","NicoStan_BridgeStan_state_allocation_thread_setup_sampling_model_load_divergence_check","iteration_difference","main_scaling","two_run_difference",1250,4,3.06231155778903,3.04522613065335,0.0804522456128437,0.0794999999999391,3.12650000000002,0.0641884422109939,0.0153115577889451,0.0799999999999272,3.1160000000001,0.064442211055203,0.0152261306532668,0,FALSE,FALSE,5.2248112897931,1044.96225795862,0,"2369;2370;2371;2372",593,2500,"N = 2500",2,"2","32",200,16,3.06231155778903,0.0804522456128437,5.2248112897931,"NicoStan-WCP","NicoStan-WCP","NicoStan-WCP"
"Laptop","AD_Stan_tape_chunked","NicoStan_BridgeStan",500,4,8,8,1,200,"257aba3ac8b8727679d269bf8597bb85","NicoStan_BridgeStan_state_allocation_thread_setup_sampling_model_load_divergence_check","iteration_difference","main_scaling","two_run_difference",125,4,1.86005025125628,1.86482412059915,0.0297276284340499,0.0247499999988063,1.87549999999881,0.0154497487425249,0.00930025125628141,0.0239999999976135,1.88099999999668,0.0147236180875224,0.00932412060299577,0,FALSE,FALSE,4.30095907064703,860.191814129407,0,"5145;5146;5147;5148",1310,500,"N = 500",4,"4","8",200,8,1.86005025125628,0.0297276284340499,4.30095907064703,"NicoStan-chunking","NicoStan-chunking","NicoStan-chunking"
"Laptop","AD_Stan_WCP","NicoStan_BridgeStan",500,10,8,4,2,800,"257aba3ac8b8727679d269bf8597bb85","NicoStan_BridgeStan_state_allocation_thread_setup_sampling_model_load_divergence_check","iteration_difference","main_scaling","two_run_difference",50,4,3.78498122653331,3.7566958698367,0.077584075794259,0.0145000000000621,3.79475000000021,0.00976877346689549,0.00473122653316664,0.0140000000005145,3.76599999999992,0.00932853566919086,0.00469586983729588,0,FALSE,FALSE,1.05680841214201,845.446729713611,0,"5517;5519;5521;5523",1403,500,"N = 500",10,"10","8",800,4,3.78498122653331,0.077584075794259,1.05680841214201,"NicoStan-chunking_and_WCP","NicoStan-chunking_and_WCP","NicoStan-chunking_and_WCP"
"HPC","AD_Stan_tape_chunked","NicoStan_BridgeStan",2500,10,16,16,1,40,"229e14792b0f4550a6f1e0887b422826","NicoStan_BridgeStan_state_allocation_thread_setup_sampling_model_load_divergence_check","iteration_difference","main_scaling","two_run_difference",250,4,0.758717948717942,0.757948717948722,0.0076005928462844,0.046750000000003,0.786499999999997,0.0277820512820544,0.0189679487179486,0.046999999999997,0.785499999999999,0.0280128205128322,0.0189487179487181,0,FALSE,FALSE,21.0882054748228,843.52821899291,0,"961;962;963;964",241,2500,"N = 2500",10,"10","16",40,16,0.758717948717942,0.0076005928462844,21.0882054748228,"NicoStan-chunking","NicoStan-chunking","NicoStan-chunking"
"HPC","AD_Stan","NicoStan_BridgeStan",2500,1,16,16,1,40,"229e14792b0f4550a6f1e0887b422826","NicoStan_BridgeStan_state_allocation_thread_setup_sampling_model_load_divergence_check","iteration_difference","main_scaling","two_run_difference",NA,4,0.782051282049791,0.782051282048297,0.0766262077725689,0.052750000000799,0.815249999999345,0.0331987179495542,0.0195512820512448,0.0525000000016007,0.81499999999869,0.0329487179503933,0.0195512820512074,0,FALSE,FALSE,20.4590163934816,818.360655739265,0,"53;54;55;56",14,2500,"N = 2500",1,"1","16",40,16,0.782051282049791,0.0766262077725689,20.4590163934816,"NicoStan","NicoStan","NicoStan"
"HPC","AD_Stan","NicoStan_BridgeStan",500,1,2,2,1,200,"5fff1836d43ae39c037ca22d13a50ed5","NicoStan_BridgeStan_state_allocation_thread_setup_sampling_model_load_divergence_check","iteration_difference","main_scaling","two_run_difference",NA,4,0.492964824120237,0.491959798993848,0.00467813736808424,0.0137500000002113,0.504249999999847,0.0112851758796101,0.00246482412060118,0.011000000000422,0.5,0.00855025125670707,0.00245979899496924,0,FALSE,FALSE,4.05708460754634,811.416921509267,0,"5;6;7;8",2,500,"N = 500",1,"1","2",200,2,0.492964824120237,0.00467813736808424,4.05708460754634,"NicoStan","NicoStan","NicoStan"
"HPC","AD_Stan_WCP","NicoStan_BridgeStan",2500,4,16,8,2,200,"229e14792b0f4550a6f1e0887b422826","NicoStan_BridgeStan_state_allocation_thread_setup_sampling_model_load_divergence_check","iteration_difference","main_scaling","two_run_difference",625,4,2.17336683417086,2.17738693467336,0.103520840397099,0.0554999999999986,2.218,0.0446331658291443,0.0108668341708543,0.0574999999999974,2.21849999999999,0.0466105527638165,0.0108869346733668,0,FALSE,FALSE,3.68092485549133,736.184971098265,0,"1545;1547;1549;1551",387,2500,"N = 2500",4,"4","16",200,8,2.17336683417086,0.103520840397099,3.68092485549133,"NicoStan-chunking_and_WCP","NicoStan-chunking_and_WCP","NicoStan-chunking_and_WCP"
"HPC","AD_Stan_tape_chunked","NicoStan_BridgeStan",10000,100,180,180,1,20,"b97502ef4c1796520d0acd01a82ea24d","NicoStan_BridgeStan_state_allocation_thread_setup_sampling_model_load_divergence_check","iteration_difference","main_scaling","two_run_difference",100,4,4.92578947368417,4.92473684210519,0.166578739502682,0.830250000000035,5.50975,0.583960526315827,0.246289473684209,0.835000000000036,5.51499999999999,0.582026315789512,0.246236842105259,0,FALSE,FALSE,36.5423656373547,730.847312747094,0,"1241;1242;1243;1244",311,10000,"N = 10,000",100,"100","180",20,180,4.92578947368417,0.166578739502682,36.5423656373547,"NicoStan-chunking","NicoStan-chunking","NicoStan-chunking"
"Laptop","AD_Stan_WCP","NicoStan_BridgeStan",500,8,16,2,8,800,"257aba3ac8b8727679d269bf8597bb85","NicoStan_BridgeStan_state_allocation_thread_setup_sampling_model_load_divergence_check","iteration_difference","main_scaling","two_run_difference",63,4,2.28160200250444,2.28085106383129,0.0786577476758322,0.0114999999992165,2.29025000000053,0.00864799749608592,0.00285200250313055,0.0109999999992851,2.29050000000075,0.00817772215197402,0.00285106382978911,0,FALSE,FALSE,0.876577070761976,701.261656609581,0,"5881;5882;5883;5884",1494,500,"N = 500",8,"8","16",800,2,2.28160200250444,0.0786577476758322,0.876577070761976,"NicoStan-WCP","NicoStan-WCP","NicoStan-WCP"
"HPC","AD_Stan_WCP","NicoStan_BridgeStan",2500,2,16,8,2,200,"229e14792b0f4550a6f1e0887b422826","NicoStan_BridgeStan_state_allocation_thread_setup_sampling_model_load_divergence_check","iteration_difference","main_scaling","two_run_difference",1250,4,2.31256281407028,2.34170854271349,0.0860143381575302,0.0682500000000914,2.36925000000002,0.05668718592974,0.0115628140703514,0.0675000000001091,2.399,0.0560829145729738,0.0117085427135675,0,FALSE,FALSE,3.4593654932639,691.873098652781,0,"2365;2366;2367;2368",592,2500,"N = 2500",2,"2","16",200,8,2.31256281407028,0.0860143381575302,3.4593654932639,"NicoStan-WCP","NicoStan-WCP","NicoStan-WCP"
"HPC","AD_Stan_tape_chunked","NicoStan_BridgeStan",10000,50,96,96,1,20,"b97502ef4c1796520d0acd01a82ea24d","NicoStan_BridgeStan_state_allocation_thread_setup_sampling_model_load_divergence_check","iteration_difference","main_scaling","two_run_difference",200,4,2.87973684210526,2.87789473684214,0.106144990474256,0.449500000000029,3.18525000000002,0.305513157894766,0.143986842105263,0.4495,3.18350000000004,0.305605263157893,0.143894736842107,0,FALSE,FALSE,33.3363794206342,666.727588412685,0,"1201;1202;1203;1204",301,10000,"N = 10,000",50,"50","96",20,96,2.87973684210526,0.106144990474256,33.3363794206342,"NicoStan-chunking","NicoStan-chunking","NicoStan-chunking"
"Laptop","AD_Stan","NicoStan_BridgeStan",500,1,8,8,1,200,"257aba3ac8b8727679d269bf8597bb85","NicoStan_BridgeStan_state_allocation_thread_setup_sampling_model_load_divergence_check","iteration_difference","main_scaling","two_run_difference",NA,4,2.47261306532046,2.4587939698465,0.086094056470001,0.0267500000034055,2.48699999999726,0.0143869346768032,0.0123630653266023,0.0250000000043658,2.47099999999971,0.0125150753812981,0.0122939698492325,0,FALSE,FALSE,3.23544355249258,647.088710498516,0,"4685;4686;4687;4688",1195,500,"N = 500",1,"1","8",200,8,2.47261306532046,0.086094056470001,3.23544355249258,"NicoStan","NicoStan","NicoStan"
"HPC","AD_Stan_WCP","NicoStan_BridgeStan",10000,100,176,16,11,80,"b97502ef4c1796520d0acd01a82ea24d","NicoStan_BridgeStan_state_allocation_thread_setup_sampling_model_load_divergence_check","iteration_difference","main_scaling","two_run_difference",100,4,2.10936708860756,2.10177215189877,0.0266003555170669,0.14425,2.22724999999997,0.117882911392405,0.0263670886075946,0.143000000000029,2.21850000000001,0.116746835443068,0.0262721518987346,0,FALSE,FALSE,7.58521363418158,606.817090734526,0,"1937;1942;1947;1952",488,10000,"N = 10,000",100,"100","176",80,16,2.10936708860756,0.0266003555170669,7.58521363418158,"NicoStan-chunking_and_WCP","NicoStan-chunking_and_WCP","NicoStan-chunking_and_WCP"
"HPC","AD_Stan_WCP","NicoStan_BridgeStan",10000,100,128,16,8,80,"b97502ef4c1796520d0acd01a82ea24d","NicoStan_BridgeStan_state_allocation_thread_setup_sampling_model_load_divergence_check","iteration_difference","main_scaling","two_run_difference",100,4,2.11949367088607,2.11696202531648,0.0293845430451802,0.150999999999982,2.24399999999997,0.124506329113906,0.0264936708860758,0.148500000000013,2.2475,0.122069620253178,0.026462025316456,0,FALSE,FALSE,7.54897276636411,603.917821309129,0,"1936;1941;1946;1951",487,10000,"N = 10,000",100,"100","128",80,16,2.11949367088607,0.0293845430451802,7.54897276636411,"NicoStan-chunking_and_WCP","NicoStan-chunking_and_WCP","NicoStan-chunking_and_WCP"
"HPC","AD_Stan_tape_chunked","NicoStan_BridgeStan",500,2,2,2,1,200,"5fff1836d43ae39c037ca22d13a50ed5","NicoStan_BridgeStan_state_allocation_thread_setup_sampling_model_load_divergence_check","iteration_difference","main_scaling","two_run_difference",250,4,0.671356783919599,0.672361809045227,0.00635633700536403,0.0102499999999996,0.67825,0.00689321608040165,0.00335678391959799,0.00999999999999979,0.6795,0.00665326633165808,0.00336180904522613,0,FALSE,FALSE,2.97904191616766,595.808383233532,0,"797;798;799;800",200,500,"N = 500",2,"2","2",200,2,0.671356783919599,0.00635633700536403,2.97904191616766,"NicoStan-chunking","NicoStan-chunking","NicoStan-chunking"
"HPC","AD_Stan_WCP","NicoStan_BridgeStan",10000,50,96,16,6,80,"b97502ef4c1796520d0acd01a82ea24d","NicoStan_BridgeStan_state_allocation_thread_setup_sampling_model_load_divergence_check","iteration_difference","main_scaling","two_run_difference",200,4,2.17949367088611,2.18177215189872,0.0383687013039706,0.143749999999983,2.29600000000002,0.116506329113907,0.0272436708860764,0.14749999999998,2.29199999999997,0.120132911392384,0.027272151898734,0,FALSE,FALSE,7.34115460564513,587.29236845161,0,"1863;1868;1873;1878",468,10000,"N = 10,000",50,"50","96",80,16,2.17949367088611,0.0383687013039706,7.34115460564513,"NicoStan-chunking_and_WCP","NicoStan-chunking_and_WCP","NicoStan-chunking_and_WCP"
"Laptop","AD_Stan","NicoStan_BridgeStan",500,1,16,16,1,200,"257aba3ac8b8727679d269bf8597bb85","NicoStan_BridgeStan_state_allocation_thread_setup_sampling_model_load_divergence_check","iteration_difference","main_scaling","two_run_difference",NA,4,5.49195979899901,5.51407035176277,0.147740972413821,0.0459999999972061,5.51050000000122,0.018540201002211,0.0274597989949951,0.0439999999944121,5.53500000000116,0.0171507537632159,0.0275703517588139,0,FALSE,FALSE,2.91334980327355,582.66996065471,0,"4689;4690;4691;4692",1196,500,"N = 500",1,"1","16",200,16,5.49195979899901,0.147740972413821,2.91334980327355,"NicoStan","NicoStan","NicoStan"
"Laptop","AD_Stan_WCP","NicoStan_BridgeStan",500,2,8,4,2,800,"257aba3ac8b8727679d269bf8597bb85","NicoStan_BridgeStan_state_allocation_thread_setup_sampling_model_load_divergence_check","iteration_difference","main_scaling","two_run_difference",250,4,5.57496871088818,5.5604505632036,0.0961305793255808,0.0177500000001158,5.58574999999968,0.0107812891115056,0.00696871088861022,0.0180000000000131,5.56999999999961,0.0111301627033928,0.00695056320400449,0,FALSE,FALSE,0.71749281609201,573.994252873608,0,"5477;5478;5479;5480",1393,500,"N = 500",2,"2","8",800,4,5.57496871088818,0.0961305793255808,0.71749281609201,"NicoStan-WCP","NicoStan-WCP","NicoStan-WCP"
"Laptop","AD_Stan","NicoStan_BridgeStan",500,1,4,4,1,200,"257aba3ac8b8727679d269bf8597bb85","NicoStan_BridgeStan_state_allocation_thread_setup_sampling_model_load_divergence_check","iteration_difference","main_scaling","two_run_difference",NA,4,1.41281407035275,1.40854271356837,0.0135678391971684,0.0200000000018332,1.42575000000282,0.0129359296500695,0.00706407035176377,0.0200000000001159,1.422,0.0129145728644302,0.00704271356784183,0,FALSE,FALSE,2.83122888137805,566.245776275611,0,"4681;4682;4683;4684",1194,500,"N = 500",1,"1","4",200,4,1.41281407035275,0.0135678391971684,2.83122888137805,"NicoStan","NicoStan","NicoStan"
"HPC","AD_Stan_tape_chunked","NicoStan_BridgeStan",10000,50,64,64,1,20,"b97502ef4c1796520d0acd01a82ea24d","NicoStan_BridgeStan_state_allocation_thread_setup_sampling_model_load_divergence_check","iteration_difference","main_scaling","two_run_difference",200,4,2.26736842105257,2.26421052631574,0.170274885032278,0.278750000000031,2.43274999999997,0.165381578947402,0.113368421052628,0.279000000000053,2.42899999999997,0.164921052631589,0.113210526315787,0,FALSE,FALSE,28.2265552460546,564.531104921093,0,"1197;1198;1199;1200",300,10000,"N = 10,000",50,"50","64",20,64,2.26736842105257,0.170274885032278,28.2265552460546,"NicoStan-chunking","NicoStan-chunking","NicoStan-chunking"
"HPC","AD_Stan_WCP","NicoStan_BridgeStan",10000,50,64,16,4,80,"b97502ef4c1796520d0acd01a82ea24d","NicoStan_BridgeStan_state_allocation_thread_setup_sampling_model_load_divergence_check","iteration_difference","main_scaling","two_run_difference",200,4,2.3701265822785,2.37265822784812,0.0315986149540892,0.136999999999972,2.47749999999999,0.107373417721491,0.0296265822784813,0.137499999999989,2.48149999999998,0.108126582278469,0.0296582278481015,0,FALSE,FALSE,6.75069429609052,540.055543687242,0,"1862;1867;1872;1877",467,10000,"N = 10,000",50,"50","64",80,16,2.3701265822785,0.0315986149540892,6.75069429609052,"NicoStan-chunking_and_WCP","NicoStan-chunking_and_WCP","NicoStan-chunking_and_WCP"
"Laptop","AD_Stan_tape_chunked","NicoStan_BridgeStan",500,4,4,4,1,200,"257aba3ac8b8727679d269bf8597bb85","NicoStan_BridgeStan_state_allocation_thread_setup_sampling_model_load_divergence_check","iteration_difference","main_scaling","two_run_difference",125,4,1.57738693467114,1.58442211054832,0.0414260579804064,0.0187500000025906,1.58825000000038,0.0108630653292349,0.00788693467335572,0.017500000003551,1.59300000000076,0.00973618090809819,0.00792211055274159,0,FALSE,FALSE,2.53583943931546,507.167887863091,0,"5141;5142;5143;5144",1309,500,"N = 500",4,"4","4",200,4,1.57738693467114,0.0414260579804064,2.53583943931546,"NicoStan-chunking","NicoStan-chunking","NicoStan-chunking"
"HPC","AD_Stan","NicoStan_BridgeStan",2500,1,8,8,1,40,"229e14792b0f4550a6f1e0887b422826","NicoStan_BridgeStan_state_allocation_thread_setup_sampling_model_load_divergence_check","iteration_difference","main_scaling","two_run_difference",NA,4,0.641025641025977,0.655384615385034,0.0496633417379432,0.0460000000008449,0.671000000001173,0.0299743589751955,0.0160256410256494,0.044000000001688,0.687500000000947,0.0288076923093635,0.0163846153846258,0,FALSE,FALSE,12.4799999999935,499.199999999738,0,"49;50;51;52",13,2500,"N = 2500",1,"1","8",40,8,0.641025641025977,0.0496633417379432,12.4799999999935,"NicoStan","NicoStan","NicoStan"
"Laptop","AD_Stan_WCP","NicoStan_BridgeStan",500,4,4,2,2,800,"257aba3ac8b8727679d269bf8597bb85","NicoStan_BridgeStan_state_allocation_thread_setup_sampling_model_load_divergence_check","iteration_difference","main_scaling","two_run_difference",125,4,3.38723404255289,3.38072590738363,0.0841567674298459,0.0132500000000615,3.39624999999976,0.00901595744687038,0.00423404255319111,0.0130000000004138,3.39049999999952,0.00870025031330554,0.00422590738422953,0,FALSE,FALSE,0.590452261306586,472.361809045268,0,"5485;5487;5489;5491",1395,500,"N = 500",4,"4","4",800,2,3.38723404255289,0.0841567674298459,0.590452261306586,"NicoStan-chunking_and_WCP","NicoStan-chunking_and_WCP","NicoStan-chunking_and_WCP"
"HPC","AD_Stan_tape_chunked","NicoStan_BridgeStan",2500,4,8,8,1,40,"229e14792b0f4550a6f1e0887b422826","NicoStan_BridgeStan_state_allocation_thread_setup_sampling_model_load_divergence_check","iteration_difference","main_scaling","two_run_difference",625,4,0.685897435897439,0.682051282051274,0.0124034734589204,0.0467499999999994,0.715500000000002,0.0296025641025634,0.017147435897436,0.0449999999999946,0.709499999999998,0.028064102564097,0.0170512820512818,0,FALSE,FALSE,11.6635514018691,466.542056074764,0,"921;922;923;924",231,2500,"N = 2500",4,"4","8",40,8,0.685897435897439,0.0124034734589204,11.6635514018691,"NicoStan-chunking","NicoStan-chunking","NicoStan-chunking"
"Laptop","AD_Stan_WCP","NicoStan_BridgeStan",500,2,4,2,2,800,"257aba3ac8b8727679d269bf8597bb85","NicoStan_BridgeStan_state_allocation_thread_setup_sampling_model_load_divergence_check","iteration_difference","main_scaling","two_run_difference",250,4,3.68710888610747,3.70863579474269,0.0800270839277603,0.0147500000001637,3.69725,0.0101411138925294,0.00460888610763433,0.0150000000003274,3.71899999999967,0.010331038798826,0.00463579474342836,0,FALSE,FALSE,0.542430414120866,433.944331296693,0,"5473;5474;5475;5476",1392,500,"N = 500",2,"2","4",800,2,3.68710888610747,0.0800270839277603,0.542430414120866,"NicoStan-WCP","NicoStan-WCP","NicoStan-WCP"
"HPC","AD_Stan_WCP","NicoStan_BridgeStan",2500,4,8,4,2,200,"229e14792b0f4550a6f1e0887b422826","NicoStan_BridgeStan_state_allocation_thread_setup_sampling_model_load_divergence_check","iteration_difference","main_scaling","two_run_difference",625,4,1.94824120603015,1.94371859296483,0.0224205465752182,0.0470000000000006,1.9855,0.0372587939698499,0.00974120603015074,0.0489999999999924,1.978,0.0392185929648165,0.00971859296482414,0,FALSE,FALSE,2.05313386639154,410.626773278308,0,"1537;1539;1541;1543",385,2500,"N = 2500",4,"4","8",200,4,1.94824120603015,0.0224205465752182,2.05313386639154,"NicoStan-chunking_and_WCP","NicoStan-chunking_and_WCP","NicoStan-chunking_and_WCP"
"HPC","AD_Stan","NicoStan_BridgeStan",500,1,1,1,1,200,"5fff1836d43ae39c037ca22d13a50ed5","NicoStan_BridgeStan_state_allocation_thread_setup_sampling_model_load_divergence_check","iteration_difference","main_scaling","two_run_difference",NA,4,0.488944723616658,0.488442211054151,0.00414382474989455,0.0105000000011715,0.496999999999746,0.00805527638308817,0.00244472361808329,0.0105000000011204,0.497499999999491,0.00803768844333707,0.00244221105527075,0,FALSE,FALSE,2.04522096609027,409.044193218054,0,"1;2;3;4",1,500,"N = 500",1,"1","1",200,1,0.488944723616658,0.00414382474989455,2.04522096609027,"NicoStan","NicoStan","NicoStan"
"HPC","AD_Stan_WCP","NicoStan_BridgeStan",2500,2,8,4,2,200,"229e14792b0f4550a6f1e0887b422826","NicoStan_BridgeStan_state_allocation_thread_setup_sampling_model_load_divergence_check","iteration_difference","main_scaling","two_run_difference",1250,4,1.99170854271343,1.98643216080389,0.0416439127116669,0.0540000000000305,2.03574999999989,0.0440414572864633,0.00995854271356715,0.0544999999999618,2.01949999999988,0.0444045226130276,0.00993216080401946,0,FALSE,FALSE,2.00832597451761,401.665194903522,0,"2361;2362;2363;2364",591,2500,"N = 2500",2,"2","8",200,4,1.99170854271343,0.0416439127116669,2.00832597451761,"NicoStan-WCP","NicoStan-WCP","NicoStan-WCP"
"HPC","AD_Stan_WCP","NicoStan_BridgeStan",10000,25,32,16,2,80,"b97502ef4c1796520d0acd01a82ea24d","NicoStan_BridgeStan_state_allocation_thread_setup_sampling_model_load_divergence_check","iteration_difference","main_scaling","two_run_difference",400,4,3.64708860759494,3.64506329113925,0.0930195165248642,0.140500000000003,3.742,0.0949113924050662,0.0455886075949367,0.138499999999993,3.74250000000001,0.0927151898734109,0.0455632911392406,0,FALSE,FALSE,4.38706094682771,350.964875746217,0,"1789;1794;1799;1804",448,10000,"N = 10,000",25,"25","32",80,16,3.64708860759494,0.0930195165248642,4.38706094682771,"NicoStan-chunking_and_WCP","NicoStan-chunking_and_WCP","NicoStan-chunking_and_WCP"
"HPC","AD_Stan_tape_chunked","NicoStan_BridgeStan",10000,25,32,32,1,20,"b97502ef4c1796520d0acd01a82ea24d","NicoStan_BridgeStan_state_allocation_thread_setup_sampling_model_load_divergence_check","iteration_difference","main_scaling","two_run_difference",400,4,1.82526315789472,1.83210526315786,0.122071985786091,0.203000000000017,1.937,0.111736842105281,0.0912631578947358,0.203000000000031,1.94399999999999,0.111894736842126,0.0916052631578931,0,FALSE,FALSE,17.5317185697811,350.634371395621,0,"1157;1158;1159;1160",290,10000,"N = 10,000",25,"25","32",20,32,1.82526315789472,0.122071985786091,17.5317185697811,"NicoStan-chunking","NicoStan-chunking","NicoStan-chunking"
"Laptop","AD_Stan","NicoStan_BridgeStan",500,1,2,2,1,200,"257aba3ac8b8727679d269bf8597bb85","NicoStan_BridgeStan_state_allocation_thread_setup_sampling_model_load_divergence_check","iteration_difference","main_scaling","two_run_difference",NA,4,1.27185929648314,1.27587939698159,0.0151422303269973,0.0165000000006694,1.2820000000014,0.0101407035182537,0.00635929648241572,0.0155000000013388,1.28700000000175,0.0091608040163509,0.00637939698490795,0,FALSE,FALSE,1.57250098775097,314.500197550195,0,"4677;4678;4679;4680",1193,500,"N = 500",1,"1","2",200,2,1.27185929648314,0.0151422303269973,1.57250098775097,"NicoStan","NicoStan","NicoStan"
"HPC","AD_Stan_tape_chunked","NicoStan_BridgeStan",500,2,1,1,1,200,"5fff1836d43ae39c037ca22d13a50ed5","NicoStan_BridgeStan_state_allocation_thread_setup_sampling_model_load_divergence_check","iteration_difference","main_scaling","two_run_difference",250,4,0.671859296482412,0.671356783919598,0.00502512562814041,0.0102500000000001,0.67875,0.00689070351758803,0.00335929648241206,0.0100000000000007,0.6775,0.00665829145728711,0.00335678391959799,0,FALSE,FALSE,1.48840688107704,297.681376215408,0,"793;794;795;796",199,500,"N = 500",2,"2","1",200,1,0.671859296482412,0.00502512562814041,1.48840688107704,"NicoStan-chunking","NicoStan-chunking","NicoStan-chunking"
"HPC","AD_Stan_WCP","NicoStan_BridgeStan",10000,44,176,4,44,80,"b97502ef4c1796520d0acd01a82ea24d","NicoStan_BridgeStan_state_allocation_thread_setup_sampling_model_load_divergence_check","iteration_difference","main_scaling","two_run_difference",228,4,1.08886075949388,1.09316455696208,0.0164822894497496,0.101499999999874,1.17675000000008,0.0878892405062,0.0136107594936735,0.107499999999845,1.17900000000009,0.0940126582276886,0.013664556962026,0,FALSE,FALSE,3.67356428737431,293.885142989945,0,"2442;2444;2446;2448",612,10000,"N = 10,000",44,"44","176",80,4,1.08886075949388,0.0164822894497496,3.67356428737431,"NicoStan-WCP","NicoStan-WCP","NicoStan-WCP"
"HPC","AD_Stan","NicoStan_BridgeStan",2500,1,4,4,1,40,"229e14792b0f4550a6f1e0887b422826","NicoStan_BridgeStan_state_allocation_thread_setup_sampling_model_load_divergence_check","iteration_difference","main_scaling","two_run_difference",NA,4,0.58076923076965,0.580512820512823,0.0169437842757391,0.0455000000000867,0.611750000000495,0.0309807692308454,0.0145192307692412,0.0455000000001746,0.611500000000001,0.0309743589745127,0.0145128205128206,0,FALSE,FALSE,6.88741721853808,275.496688741523,0,"45;46;47;48",12,2500,"N = 2500",1,"1","4",40,4,0.58076923076965,0.0169437842757391,6.88741721853808,"NicoStan","NicoStan","NicoStan"
"HPC","AD_Stan_WCP","NicoStan_BridgeStan",10000,12,96,8,12,80,"b97502ef4c1796520d0acd01a82ea24d","NicoStan_BridgeStan_state_allocation_thread_setup_sampling_model_load_divergence_check","iteration_difference","main_scaling","two_run_difference",834,4,2.35746835443047,2.37164556962035,0.204989307902319,0.140250000000037,2.46825000000013,0.110781645569656,0.0294683544303809,0.136499999999842,2.47350000000006,0.104886075949207,0.0296455696202544,0,FALSE,FALSE,3.39347079037788,271.47766323023,0,"2425;2428;2431;2434",607,10000,"N = 10,000",12,"12","96",80,8,2.35746835443047,0.204989307902319,3.39347079037788,"NicoStan-WCP","NicoStan-WCP","NicoStan-WCP"
"HPC","AD_Stan_WCP","NicoStan_BridgeStan",10000,16,128,8,16,80,"b97502ef4c1796520d0acd01a82ea24d","NicoStan_BridgeStan_state_allocation_thread_setup_sampling_model_load_divergence_check","iteration_difference","main_scaling","two_run_difference",625,4,2.39518987341767,2.40658227848086,0.0701852029962268,0.138249999999971,2.50349999999992,0.10831012658225,0.0299398734177208,0.137500000000045,2.51599999999985,0.107917721518803,0.0300822784810108,0,FALSE,FALSE,3.34002748123885,267.202198499108,0,"2426;2429;2432;2435",608,10000,"N = 10,000",16,"16","128",80,8,2.39518987341767,0.0701852029962268,3.34002748123885,"NicoStan-WCP","NicoStan-WCP","NicoStan-WCP"
"Laptop","AD_Stan_tape_chunked","NicoStan_BridgeStan",500,2,2,2,1,200,"257aba3ac8b8727679d269bf8597bb85","NicoStan_BridgeStan_state_allocation_thread_setup_sampling_model_load_divergence_check","iteration_difference","main_scaling","two_run_difference",250,4,1.52035175879821,1.54020100503361,0.0441782569954553,0.0164999999970314,1.52925000000125,0.00889824120304039,0.00760175879399105,0.0154999999943541,1.5480000000025,0.00801758793400935,0.00770100502516804,0,FALSE,FALSE,1.31548504379074,263.097008758149,0,"5117;5118;5119;5120",1303,500,"N = 500",2,"2","2",200,2,1.52035175879821,0.0441782569954553,1.31548504379074,"NicoStan-chunking","NicoStan-chunking","NicoStan-chunking"
"HPC","AD_Stan","NicoStan_BridgeStan",10000,1,96,96,1,20,"b97502ef4c1796520d0acd01a82ea24d","NicoStan_BridgeStan_state_allocation_thread_setup_sampling_model_load_divergence_check","iteration_difference","main_scaling","two_run_difference",NA,4,7.35184210526299,7.37052631578936,0.22688769029518,0.791750000000121,7.77599999999996,0.424157894736972,0.36759210526315,0.715500000000247,7.70700000000017,0.357500000000264,0.368526315789468,0,FALSE,FALSE,13.0579518201671,261.159036403342,0,"101;102;103;104",26,10000,"N = 10,000",1,"1","96",20,96,7.35184210526299,0.22688769029518,13.0579518201671,"NicoStan","NicoStan","NicoStan"
"HPC","AD_Stan_WCP","NicoStan_BridgeStan",10000,8,64,8,8,80,"b97502ef4c1796520d0acd01a82ea24d","NicoStan_BridgeStan_state_allocation_thread_setup_sampling_model_load_divergence_check","iteration_difference","main_scaling","two_run_difference",1250,4,2.5174683544306,2.49569620253192,0.0596065004250512,0.137749999999869,2.62375000000009,0.106281645569487,0.0314683544303825,0.137499999999818,2.60699999999997,0.105727848101078,0.031196202531649,0,FALSE,FALSE,3.17779565567148,254.223652453719,0,"2405;2406;2407;2408",602,10000,"N = 10,000",8,"8","64",80,8,2.5174683544306,0.0596065004250512,3.17779565567148,"NicoStan-WCP","NicoStan-WCP","NicoStan-WCP"
"HPC","AD_Stan","NicoStan_BridgeStan",10000,1,64,64,1,20,"b97502ef4c1796520d0acd01a82ea24d","NicoStan_BridgeStan_state_allocation_thread_setup_sampling_model_load_divergence_check","iteration_difference","main_scaling","two_run_difference",NA,4,5.07578947368442,5.05631578947399,0.114696596836745,0.507749999999866,5.32975000000007,0.253960526315645,0.253789473684221,0.446499999999979,5.28700000000009,0.191736842105236,0.2528157894737,0,FALSE,FALSE,12.6088759850679,252.177519701358,0,"97;98;99;100",25,10000,"N = 10,000",1,"1","64",20,64,5.07578947368442,0.114696596836745,12.6088759850679,"NicoStan","NicoStan","NicoStan"
"HPC","AD_Stan","NicoStan_BridgeStan",10000,1,32,32,1,20,"b97502ef4c1796520d0acd01a82ea24d","NicoStan_BridgeStan_state_allocation_thread_setup_sampling_model_load_divergence_check","iteration_difference","main_scaling","two_run_difference",NA,4,2.54789473684258,2.49368421052675,0.28812701108209,0.287999999999801,2.70850000000026,0.160605263157672,0.127394736842129,0.257999999999626,2.62200000000038,0.141868421052231,0.124684210526337,0,FALSE,FALSE,12.5593885560811,251.187771121622,0,"93;94;95;96",24,10000,"N = 10,000",1,"1","32",20,32,2.54789473684258,0.28812701108209,12.5593885560811,"NicoStan","NicoStan","NicoStan"
"HPC","AD_Stan","NicoStan_BridgeStan",10000,1,180,180,1,20,"b97502ef4c1796520d0acd01a82ea24d","NicoStan_BridgeStan_state_allocation_thread_setup_sampling_model_load_divergence_check","iteration_difference","main_scaling","two_run_difference",NA,4,14.4500000000002,14.6915789473683,0.674730820784492,1.52124999999991,15.2487500000001,0.798749999999902,0.722500000000008,1.33449999999987,15.2724999999999,0.624078947368271,0.734578947368416,0,FALSE,FALSE,12.4567474048442,249.134948096883,9,"105;106;107;108",27,10000,"N = 10,000",1,"1","180",20,180,14.4500000000002,0.674730820784492,12.4567474048442,"NicoStan","NicoStan","NicoStan"
"HPC","AD_Stan_tape_chunked","NicoStan_BridgeStan",2500,4,4,4,1,40,"229e14792b0f4550a6f1e0887b422826","NicoStan_BridgeStan_state_allocation_thread_setup_sampling_model_load_divergence_check","iteration_difference","main_scaling","two_run_difference",625,4,0.656666666666672,0.65692307692308,0.00175161551555063,0.0434999999999981,0.683750000000003,0.0270833333333313,0.0164166666666668,0.0429999999999993,0.684000000000005,0.0265641025641017,0.016423076923077,0,FALSE,FALSE,6.09137055837558,243.654822335023,0,"917;918;919;920",230,2500,"N = 2500",4,"4","4",40,4,0.656666666666672,0.00175161551555063,6.09137055837558,"NicoStan-chunking","NicoStan-chunking","NicoStan-chunking"
"HPC","AD_Stan_WCP","NicoStan_BridgeStan",10000,2,32,16,2,80,"b97502ef4c1796520d0acd01a82ea24d","NicoStan_BridgeStan_state_allocation_thread_setup_sampling_model_load_divergence_check","iteration_difference","main_scaling","two_run_difference",5000,4,5.56911392405053,5.5898734177215,0.173968081688959,0.216749999999934,5.71624999999983,0.147136075949302,0.0696139240506316,0.212999999999965,5.74399999999991,0.141721518987309,0.0698734177215188,0,FALSE,FALSE,2.87298845349583,229.839076279666,0,"2397;2398;2399;2400",600,10000,"N = 10,000",2,"2","32",80,16,5.56911392405053,0.173968081688959,2.87298845349583,"NicoStan-WCP","NicoStan-WCP","NicoStan-WCP"
"Laptop","AD_Stan_tape_chunked","NicoStan_BridgeStan",2500,50,16,16,1,40,"7184208393ceb4c8ae3e26f0d1660bdb","NicoStan_BridgeStan_state_allocation_thread_setup_sampling_model_load_divergence_check","iteration_difference","main_scaling","two_run_difference",50,4,2.807692307693,2.80717948717782,0.0494758855213217,0.15325000000017,2.89075000000084,0.0830576923078455,0.0701923076923249,0.153500000000349,2.89300000000122,0.0825897435900585,0.0701794871794455,0,FALSE,FALSE,5.6986301369849,227.945205479396,0,"5249;5250;5251;5252",1336,2500,"N = 2500",50,"50","16",40,16,2.807692307693,0.0494758855213217,5.6986301369849,"NicoStan-chunking","NicoStan-chunking","NicoStan-chunking"
"Laptop","AD_Stan_WCP","NicoStan_BridgeStan",2500,50,16,8,2,200,"7184208393ceb4c8ae3e26f0d1660bdb","NicoStan_BridgeStan_state_allocation_thread_setup_sampling_model_load_divergence_check","iteration_difference","main_scaling","two_run_difference",50,4,7.07839195979875,7.10452261306483,0.235636422887977,0.0879999999999157,7.13099999999967,0.0526080402009219,0.0353919597989938,0.087999999999667,7.15749999999935,0.0522386934673281,0.0355226130653241,0,FALSE,FALSE,1.13020019877897,226.040039755794,0,"5617;5618;5619;5620",1428,2500,"N = 2500",50,"50","16",200,8,7.07839195979875,0.235636422887977,1.13020019877897,"NicoStan-chunking_and_WCP","NicoStan-chunking_and_WCP","NicoStan-chunking_and_WCP"
"HPC","AD_Stan","NicoStan_BridgeStan",10000,1,16,16,1,20,"b97502ef4c1796520d0acd01a82ea24d","NicoStan_BridgeStan_state_allocation_thread_setup_sampling_model_load_divergence_check","iteration_difference","main_scaling","two_run_difference",NA,4,1.45157894736855,1.41421052631576,0.138283902436586,0.19574999999988,1.57475,0.123171052631452,0.0725789473684274,0.183499999999881,1.55300000000015,0.109052631578815,0.0707105263157879,0,FALSE,FALSE,11.0224800580121,220.449601160242,0,"89;90;91;92",23,10000,"N = 10,000",1,"1","16",20,16,1.45157894736855,0.138283902436586,11.0224800580121,"NicoStan","NicoStan","NicoStan"
"HPC","AD_Stan_tape_chunked","NicoStan_BridgeStan",10000,10,16,16,1,20,"b97502ef4c1796520d0acd01a82ea24d","NicoStan_BridgeStan_state_allocation_thread_setup_sampling_model_load_divergence_check","iteration_difference","main_scaling","two_run_difference",1000,4,1.54421052631577,1.54526315789473,0.0146614613444199,0.171999999999997,1.63899999999998,0.0947894736842084,0.0772105263157887,0.171999999999997,1.63999999999999,0.0947368421052608,0.0772631578947363,0,FALSE,FALSE,10.3612815269258,207.225630538516,0,"1117;1118;1119;1120",280,10000,"N = 10,000",10,"10","16",20,16,1.54421052631577,0.0146614613444199,10.3612815269258,"NicoStan-chunking","NicoStan-chunking","NicoStan-chunking"
"HPC","AD_Stan_WCP","NicoStan_BridgeStan",10000,25,16,4,4,80,"b97502ef4c1796520d0acd01a82ea24d","NicoStan_BridgeStan_state_allocation_thread_setup_sampling_model_load_divergence_check","iteration_difference","main_scaling","two_run_difference",400,4,1.57696202531647,1.57873417721522,0.013135313185867,0.112499999999997,1.66975000000001,0.0927879746835413,0.0197120253164558,0.114499999999992,1.66550000000001,0.0947531645569545,0.0197341772151902,0,FALSE,FALSE,2.53652271632684,202.921817306147,0,"1746;1751;1756;1761",438,10000,"N = 10,000",25,"25","16",80,4,1.57696202531647,0.013135313185867,2.53652271632684,"NicoStan-chunking_and_WCP","NicoStan-chunking_and_WCP","NicoStan-chunking_and_WCP"
"Laptop","AD_Stan_WCP","NicoStan_BridgeStan",2500,25,8,4,2,200,"7184208393ceb4c8ae3e26f0d1660bdb","NicoStan_BridgeStan_state_allocation_thread_setup_sampling_model_load_divergence_check","iteration_difference","main_scaling","two_run_difference",100,4,4.24145728643265,4.24472361809142,0.171806147315542,0.0674999999997468,4.28775000000023,0.0462927135675835,0.0212072864321632,0.0674999999993418,4.28800000000047,0.0462386934666794,0.0212236180904571,0,FALSE,FALSE,0.943072092885385,188.614418577077,0,"5585;5587;5589;5591",1420,2500,"N = 2500",25,"25","8",200,4,4.24145728643265,0.171806147315542,0.943072092885385,"NicoStan-chunking_and_WCP","NicoStan-chunking_and_WCP","NicoStan-chunking_and_WCP"
"Laptop","AD_Stan_tape_chunked","NicoStan_BridgeStan",2500,25,8,8,1,40,"7184208393ceb4c8ae3e26f0d1660bdb","NicoStan_BridgeStan_state_allocation_thread_setup_sampling_model_load_divergence_check","iteration_difference","main_scaling","two_run_difference",100,4,1.70025641025588,1.70717948717841,0.0283662839674768,0.100500000001539,1.75825000000102,0.0579935897451416,0.042506410256397,0.101500000001394,1.76000000000204,0.0595384615398317,0.0426794871794603,0,FALSE,FALSE,4.70517267380633,188.206906952253,0,"5225;5226;5227;5228",1330,2500,"N = 2500",25,"25","8",40,8,1.70025641025588,0.0283662839674768,4.70517267380633,"NicoStan-chunking","NicoStan-chunking","NicoStan-chunking"
"Laptop","AD_Stan","NicoStan_BridgeStan",500,1,1,1,1,200,"257aba3ac8b8727679d269bf8597bb85","NicoStan_BridgeStan_state_allocation_thread_setup_sampling_model_load_divergence_check","iteration_difference","main_scaling","two_run_difference",NA,4,1.19899497487423,1.20100502512534,0.00701120587447401,0.0154999999987484,1.2084999999986,0.00950502512437728,0.00599497487437113,0.0144999999974971,1.20949999999721,0.00849497487187039,0.00600502512562668,0,FALSE,FALSE,0.83403185247286,166.806370494572,0,"4673;4674;4675;4676",1192,500,"N = 500",1,"1","1",200,1,1.19899497487423,0.00701120587447401,0.83403185247286,"NicoStan","NicoStan","NicoStan"
"HPC","AD_Stan_WCP","NicoStan_BridgeStan",10000,2,16,8,2,80,"b97502ef4c1796520d0acd01a82ea24d","NicoStan_BridgeStan_state_allocation_thread_setup_sampling_model_load_divergence_check","iteration_difference","main_scaling","two_run_difference",5000,4,3.97063291139257,3.94531645569639,0.132819176367961,0.193249999999921,4.11425000000008,0.143617088607514,0.0496329113924071,0.192499999999882,4.07200000000012,0.143993670885956,0.0493164556962049,0,FALSE,FALSE,2.01479214486092,161.183371588874,0,"2393;2394;2395;2396",599,10000,"N = 10,000",2,"2","16",80,8,3.97063291139257,0.132819176367961,2.01479214486092,"NicoStan-WCP","NicoStan-WCP","NicoStan-WCP"
"HPC","AD_Stan_tape_chunked","NicoStan_BridgeStan",50000,500,180,180,1,10,"3f8ed78629bdab9b833b52bd1450ea30","NicoStan_BridgeStan_state_allocation_thread_setup_sampling_model_load_divergence_check","iteration_difference","main_scaling","two_run_difference",100,4,11.8922222222223,11.7677777777779,0.956724951981944,4.39025000000004,15.0932500000001,3.20102777777781,1.18922222222223,4.1880000000001,15.0425000000002,3.00494444444447,1.17677777777779,0,FALSE,FALSE,15.135943193497,151.35943193497,0,"1457;1458;1459;1460",365,50000,"N = 50,000",500,"500","180",10,180,11.8922222222223,0.956724951981944,15.135943193497,"NicoStan-chunking","NicoStan-chunking","NicoStan-chunking"
"HPC","AD_Stan","NicoStan_BridgeStan",2500,1,2,2,1,40,"229e14792b0f4550a6f1e0887b422826","NicoStan_BridgeStan_state_allocation_thread_setup_sampling_model_load_divergence_check","iteration_difference","main_scaling","two_run_difference",NA,4,0.531282051281805,0.528717948717456,0.01216440811999,0.0402500000000288,0.558249999999789,0.0269679487179836,0.0132820512820451,0.0410000000006399,0.551499999999578,0.0279615384622015,0.0132179487179364,0,FALSE,FALSE,3.76447876448051,150.57915057922,0,"41;42;43;44",11,2500,"N = 2500",1,"1","2",40,2,0.531282051281805,0.01216440811999,3.76447876448051,"NicoStan","NicoStan","NicoStan"
"HPC","AD_Stan_tape_chunked","NicoStan_BridgeStan",50000,500,96,96,1,10,"3f8ed78629bdab9b833b52bd1450ea30","NicoStan_BridgeStan_state_allocation_thread_setup_sampling_model_load_divergence_check","iteration_difference","main_scaling","two_run_difference",100,4,7.11999999999989,7.13944444444425,0.89964098920923,2.2589999999999,8.6669999999998,1.54699999999991,0.711999999999989,2.25900000000001,8.68199999999979,1.54661111111096,0.713944444444425,0,FALSE,FALSE,13.4831460674159,134.831460674159,0,"1453;1454;1455;1456",364,50000,"N = 50,000",500,"500","96",10,96,7.11999999999989,0.89964098920923,13.4831460674159,"NicoStan-chunking","NicoStan-chunking","NicoStan-chunking"
"Laptop","AD_Stan_tape_chunked","NicoStan_BridgeStan",500,2,1,1,1,200,"257aba3ac8b8727679d269bf8597bb85","NicoStan_BridgeStan_state_allocation_thread_setup_sampling_model_load_divergence_check","iteration_difference","main_scaling","two_run_difference",250,4,1.49472361808993,1.4849246231116,0.0213415060142255,0.0179999999997094,1.50524999999918,0.0105263819092597,0.00747361809044963,0.0174999999997096,1.49599999999575,0.00997738693436838,0.007424623115558,0,FALSE,FALSE,0.669020003362146,133.804000672429,0,"5113;5114;5115;5116",1302,500,"N = 500",2,"2","1",200,1,1.49472361808993,0.0213415060142255,0.669020003362146,"NicoStan-chunking","NicoStan-chunking","NicoStan-chunking"
"HPC","AD_Stan","NicoStan_BridgeStan",10000,1,8,8,1,20,"b97502ef4c1796520d0acd01a82ea24d","NicoStan_BridgeStan_state_allocation_thread_setup_sampling_model_load_divergence_check","iteration_difference","main_scaling","two_run_difference",NA,4,1.2344736842107,1.23368421052656,0.0415611776373215,0.17200000000007,1.34475000000024,0.110276315789535,0.0617236842105351,0.162500000000076,1.35450000000031,0.0997631578948005,0.061684210526328,0,FALSE,FALSE,6.48049456405791,129.609891281158,0,"85;86;87;88",22,10000,"N = 10,000",1,"1","8",20,8,1.2344736842107,0.0415611776373215,6.48049456405791,"NicoStan","NicoStan","NicoStan"
"HPC","AD_Stan_WCP","NicoStan_BridgeStan",50000,500,176,16,11,20,"3f8ed78629bdab9b833b52bd1450ea30","NicoStan_BridgeStan_state_allocation_thread_setup_sampling_model_load_divergence_check","iteration_difference","main_scaling","two_run_difference",100,4,2.4876315789473,2.48157894736838,0.0479409840337483,0.59925000000004,2.96249999999998,0.474868421052675,0.124381578947365,0.601999999999975,2.96550000000002,0.477921052631557,0.124078947368419,0,FALSE,FALSE,6.43182058605751,128.63641172115,0,"2329;2334;2339;2344",586,50000,"N = 50,000",500,"500","176",20,16,2.4876315789473,0.0479409840337483,6.43182058605751,"NicoStan-chunking_and_WCP","NicoStan-chunking_and_WCP","NicoStan-chunking_and_WCP"
"HPC","AD_Stan_WCP","NicoStan_BridgeStan",50000,500,128,16,8,20,"3f8ed78629bdab9b833b52bd1450ea30","NicoStan_BridgeStan_state_allocation_thread_setup_sampling_model_load_divergence_check","iteration_difference","main_scaling","two_run_difference",100,4,2.54368421052636,2.56052631578948,0.0554508092254881,0.58824999999996,3.00475,0.461065789473642,0.127184210526318,0.58949999999993,2.99000000000001,0.463157894736768,0.128026315789474,0,FALSE,FALSE,6.29008897165311,125.801779433062,0,"2328;2333;2338;2343",585,50000,"N = 50,000",500,"500","128",20,16,2.54368421052636,0.0554508092254881,6.29008897165311,"NicoStan-chunking_and_WCP","NicoStan-chunking_and_WCP","NicoStan-chunking_and_WCP"
"HPC","AD_Stan_tape_chunked","NicoStan_BridgeStan",50000,250,64,64,1,10,"3f8ed78629bdab9b833b52bd1450ea30","NicoStan_BridgeStan_state_allocation_thread_setup_sampling_model_load_divergence_check","iteration_difference","main_scaling","two_run_difference",200,4,5.12944444444448,5.1155555555556,0.367416181197574,1.77624999999995,6.39274999999998,1.2633055555555,0.512944444444448,1.7684999999999,6.37249999999995,1.25694444444434,0.51155555555556,0,FALSE,FALSE,12.4769847286905,124.769847286905,0,"1413;1414;1415;1416",354,50000,"N = 50,000",250,"250","64",10,64,5.12944444444448,0.367416181197574,12.4769847286905,"NicoStan-chunking","NicoStan-chunking","NicoStan-chunking"
"HPC","AD_Stan_tape_chunked","NicoStan_BridgeStan",2500,4,2,2,1,40,"229e14792b0f4550a6f1e0887b422826","NicoStan_BridgeStan_state_allocation_thread_setup_sampling_model_load_divergence_check","iteration_difference","main_scaling","two_run_difference",625,4,0.64282051282051,0.643589743589749,0.00194150712677919,0.0412500000000016,0.667999999999999,0.0251794871794888,0.0160705128205128,0.0415000000000063,0.668500000000002,0.0254487179487245,0.0160897435897437,0,FALSE,FALSE,3.11128839250101,124.45153570004,0,"913;914;915;916",229,2500,"N = 2500",4,"4","2",40,2,0.64282051282051,0.00194150712677919,3.11128839250101,"NicoStan-chunking","NicoStan-chunking","NicoStan-chunking"
"HPC","AD_Stan_WCP","NicoStan_BridgeStan",50000,250,96,16,6,20,"3f8ed78629bdab9b833b52bd1450ea30","NicoStan_BridgeStan_state_allocation_thread_setup_sampling_model_load_divergence_check","iteration_difference","main_scaling","two_run_difference",200,4,2.58157894736847,2.59105263157895,0.0708659014802771,0.59174999999999,3.04425000000003,0.462671052631567,0.129078947368423,0.593999999999937,3.04750000000001,0.46421052631572,0.129552631578947,0,FALSE,FALSE,6.19775739041783,123.955147808357,0,"2255;2260;2265;2270",566,50000,"N = 50,000",250,"250","96",20,16,2.58157894736847,0.0708659014802771,6.19775739041783,"NicoStan-chunking_and_WCP","NicoStan-chunking_and_WCP","NicoStan-chunking_and_WCP"
"HPC","AD_Stan_tape_chunked","NicoStan_BridgeStan",10000,10,8,8,1,20,"b97502ef4c1796520d0acd01a82ea24d","NicoStan_BridgeStan_state_allocation_thread_setup_sampling_model_load_divergence_check","iteration_difference","main_scaling","two_run_difference",1000,4,1.35315789473684,1.3578947368421,0.0205285648790029,0.149249999999995,1.43474999999999,0.0815921052631529,0.0676578947368421,0.148500000000013,1.43849999999998,0.0806052631578795,0.0678947368421048,0,FALSE,FALSE,5.9120964605212,118.241929210424,0,"1113;1114;1115;1116",279,10000,"N = 10,000",10,"10","8",20,8,1.35315789473684,0.0205285648790029,5.9120964605212,"NicoStan-chunking","NicoStan-chunking","NicoStan-chunking"
"Laptop","AD_Stan","NicoStan_BridgeStan",2500,1,8,8,1,40,"7184208393ceb4c8ae3e26f0d1660bdb","NicoStan_BridgeStan_state_allocation_thread_setup_sampling_model_load_divergence_check","iteration_difference","main_scaling","two_run_difference",NA,4,2.80692307692496,2.78820512820913,0.0738194396108165,0.127999999996913,2.86474999999875,0.0578269230737888,0.070173076923124,0.12149999999383,2.84,0.050525641019377,0.0697051282052283,0,FALSE,FALSE,2.85009591668759,114.003836667504,0,"4705;4706;4707;4708",1200,2500,"N = 2500",1,"1","8",40,8,2.80692307692496,0.0738194396108165,2.85009591668759,"NicoStan","NicoStan","NicoStan"
"HPC","AD_Stan_WCP","NicoStan_BridgeStan",50000,250,64,16,4,20,"3f8ed78629bdab9b833b52bd1450ea30","NicoStan_BridgeStan_state_allocation_thread_setup_sampling_model_load_divergence_check","iteration_difference","main_scaling","two_run_difference",200,4,2.81710526315794,2.82789473684213,0.0353154887952917,0.598749999999995,3.27500000000003,0.457894736842099,0.140855263157897,0.601499999999987,3.25900000000001,0.461947368421037,0.141394736842107,0,FALSE,FALSE,5.67958897711342,113.591779542268,0,"2254;2259;2264;2269",565,50000,"N = 50,000",250,"250","64",20,16,2.81710526315794,0.0353154887952917,5.67958897711342,"NicoStan-chunking_and_WCP","NicoStan-chunking_and_WCP","NicoStan-chunking_and_WCP"
"HPC","AD_Stan_WCP","NicoStan_BridgeStan",10000,10,8,4,2,80,"b97502ef4c1796520d0acd01a82ea24d","NicoStan_BridgeStan_state_allocation_thread_setup_sampling_model_load_divergence_check","iteration_difference","main_scaling","two_run_difference",1000,4,2.92151898734175,2.91898734177212,0.0336369233238536,0.113,2.99799999999998,0.0764810126582277,0.0365189873417719,0.111500000000007,2.99849999999995,0.0750126582278551,0.0364873417721515,0,FALSE,FALSE,1.36915077989602,109.532062391682,0,"1705;1708;1711;1714",427,10000,"N = 10,000",10,"10","8",80,4,2.92151898734175,0.0336369233238536,1.36915077989602,"NicoStan-chunking_and_WCP","NicoStan-chunking_and_WCP","NicoStan-chunking_and_WCP"
"Laptop","AD_Stan","NicoStan_BridgeStan",2500,1,16,16,1,40,"7184208393ceb4c8ae3e26f0d1660bdb","NicoStan_BridgeStan_state_allocation_thread_setup_sampling_model_load_divergence_check","iteration_difference","main_scaling","two_run_difference",NA,4,5.89948717948783,5.85846153846154,0.101370836334182,0.231499999997148,5.98349999999779,0.0840128205099518,0.147487179487196,0.221999999994296,5.953,0.0734871794814423,0.146461538461538,0,FALSE,FALSE,2.71210013908176,108.48400556327,0,"4709;4710;4711;4712",1201,2500,"N = 2500",1,"1","16",40,16,5.89948717948783,0.101370836334182,2.71210013908176,"NicoStan","NicoStan","NicoStan"
"Laptop","AD_Stan_WCP","NicoStan_BridgeStan",2500,2,8,4,2,200,"7184208393ceb4c8ae3e26f0d1660bdb","NicoStan_BridgeStan_state_allocation_thread_setup_sampling_model_load_divergence_check","iteration_difference","main_scaling","two_run_difference",1250,4,7.40502512562808,7.41356783919606,0.0721334569289471,0.0862499999998931,7.45424999999983,0.0492248743717527,0.0370251256281404,0.0864999999997735,7.46400000000006,0.0493015075374624,0.0370678391959803,0,FALSE,FALSE,0.540173724212817,108.034744842563,0,"5889;5890;5891;5892",1496,2500,"N = 2500",2,"2","8",200,4,7.40502512562808,0.0721334569289471,0.540173724212817,"NicoStan-WCP","NicoStan-WCP","NicoStan-WCP"
"Laptop","AD_Stan_WCP","NicoStan_BridgeStan",2500,4,16,4,4,200,"7184208393ceb4c8ae3e26f0d1660bdb","NicoStan_BridgeStan_state_allocation_thread_setup_sampling_model_load_divergence_check","iteration_difference","main_scaling","two_run_difference",625,4,7.43190954773868,7.43869346733658,0.07450472535683,0.0789999999998585,7.47374999999985,0.0418404522611651,0.0371595477386934,0.0789999999997235,7.48149999999976,0.041693467336407,0.0371934673366829,0,FALSE,FALSE,0.538219682883127,107.643936576625,0,"5538;5540;5542;5544",1409,2500,"N = 2500",4,"4","16",200,4,7.43190954773868,0.07450472535683,0.538219682883127,"NicoStan-WCP","NicoStan-WCP","NicoStan-WCP"
"Laptop","AD_Stan","NicoStan_BridgeStan",2500,1,4,4,1,40,"7184208393ceb4c8ae3e26f0d1660bdb","NicoStan_BridgeStan_state_allocation_thread_setup_sampling_model_load_divergence_check","iteration_difference","main_scaling","two_run_difference",NA,4,1.48666666666974,1.48974358974998,0.0135161691642213,0.0857499999979918,1.53525000000099,0.0485833333312483,0.0371666666667436,0.0784999999959837,1.53650000000198,0.0411153846112146,0.0372435897437494,0,FALSE,FALSE,2.69058295963569,107.623318385428,0,"4701;4702;4703;4704",1199,2500,"N = 2500",1,"1","4",40,4,1.48666666666974,0.0135161691642213,2.69058295963569,"NicoStan","NicoStan","NicoStan"
"Laptop","AD_Stan_tape_chunked","NicoStan_BridgeStan",2500,10,4,4,1,40,"7184208393ceb4c8ae3e26f0d1660bdb","NicoStan_BridgeStan_state_allocation_thread_setup_sampling_model_load_divergence_check","iteration_difference","main_scaling","two_run_difference",250,4,1.57000000000206,1.58410256409928,0.0344710507858983,0.0829999999981972,1.6137500000002,0.0437499999981458,0.0392500000000514,0.0804999999963911,1.62700000000041,0.040846153842442,0.0396025641024821,0,FALSE,FALSE,2.54777070063361,101.910828025344,0,"5201;5202;5203;5204",1324,2500,"N = 2500",10,"10","4",40,4,1.57000000000206,0.0344710507858983,2.54777070063361,"NicoStan-chunking","NicoStan-chunking","NicoStan-chunking"
"Laptop","AD_Stan_WCP","NicoStan_BridgeStan",2500,10,4,2,2,200,"7184208393ceb4c8ae3e26f0d1660bdb","NicoStan_BridgeStan_state_allocation_thread_setup_sampling_model_load_divergence_check","iteration_difference","main_scaling","two_run_difference",250,4,3.92738693467379,3.90753768844304,0.102306670762105,0.0564999999998435,3.96425000000026,0.0368630653264745,0.0196369346733689,0.0564999999996871,3.94450000000052,0.0369623115574719,0.0195376884422152,0,FALSE,FALSE,0.509244450131095,101.848890026219,0,"5549;5552;5555;5558",1411,2500,"N = 2500",10,"10","4",200,2,3.92738693467379,0.102306670762105,0.509244450131095,"NicoStan-chunking_and_WCP","NicoStan-chunking_and_WCP","NicoStan-chunking_and_WCP"
"HPC","AD_Stan_WCP","NicoStan_BridgeStan",10000,2,8,4,2,80,"b97502ef4c1796520d0acd01a82ea24d","NicoStan_BridgeStan_state_allocation_thread_setup_sampling_model_load_divergence_check","iteration_difference","main_scaling","two_run_difference",5000,4,3.40151898734187,3.39848101265834,0.0166807076465291,0.163499999999942,3.52250000000004,0.120981012658169,0.0425189873417733,0.161999999999921,3.52649999999983,0.119518987341692,0.0424810126582292,0,FALSE,FALSE,1.17594522179217,94.0756177433734,0,"2389;2390;2391;2392",598,10000,"N = 10,000",2,"2","8",80,4,3.40151898734187,0.0166807076465291,1.17594522179217,"NicoStan-WCP","NicoStan-WCP","NicoStan-WCP"
"Laptop","AD_Stan_WCP","NicoStan_BridgeStan",2500,2,4,2,2,200,"7184208393ceb4c8ae3e26f0d1660bdb","NicoStan_BridgeStan_state_allocation_thread_setup_sampling_model_load_divergence_check","iteration_difference","main_scaling","two_run_difference",1250,4,4.53542713567883,4.55125628140567,0.0542674792345088,0.0644999999996116,4.57725000000005,0.0418228643212175,0.0226771356783942,0.062999999998965,4.5944999999989,0.040402010049205,0.0227562814070284,0,FALSE,FALSE,0.440972799290855,88.194559858171,0,"5885;5886;5887;5888",1495,2500,"N = 2500",2,"2","4",200,2,4.53542713567883,0.0542674792345088,0.440972799290855,"NicoStan-WCP","NicoStan-WCP","NicoStan-WCP"
"HPC","AD_Stan","NicoStan_BridgeStan",2500,1,1,1,1,40,"229e14792b0f4550a6f1e0887b422826","NicoStan_BridgeStan_state_allocation_thread_setup_sampling_model_load_divergence_check","iteration_difference","main_scaling","two_run_difference",NA,4,0.524102564101282,0.524102564101745,0.0067515957792263,0.0422500000004868,0.553249999999236,0.0291474358979548,0.013102564102532,0.040500000000975,0.554999999998472,0.027512820513379,0.0131025641025436,0,FALSE,FALSE,1.90802348337062,76.3209393348247,0,"37;38;39;40",10,2500,"N = 2500",1,"1","1",40,1,0.524102564101282,0.0067515957792263,1.90802348337062,"NicoStan","NicoStan","NicoStan"
"HPC","AD_Stan_tape_chunked","NicoStan_BridgeStan",50000,100,32,32,1,10,"3f8ed78629bdab9b833b52bd1450ea30","NicoStan_BridgeStan_state_allocation_thread_setup_sampling_model_load_divergence_check","iteration_difference","main_scaling","two_run_difference",500,4,4.22972222222218,4.22555555555555,0.205557307299959,1.14825000000002,4.95499999999998,0.7252777777778,0.422972222222218,1.13250000000005,4.96699999999998,0.727055555555618,0.422555555555555,0,FALSE,FALSE,7.56550863597564,75.6550863597564,0,"1373;1374;1375;1376",344,50000,"N = 50,000",100,"100","32",10,32,4.22972222222218,0.205557307299959,7.56550863597564,"NicoStan-chunking","NicoStan-chunking","NicoStan-chunking"
"HPC","AD_Stan_WCP","NicoStan_BridgeStan",50000,250,32,16,2,20,"3f8ed78629bdab9b833b52bd1450ea30","NicoStan_BridgeStan_state_allocation_thread_setup_sampling_model_load_divergence_check","iteration_difference","main_scaling","two_run_difference",200,4,4.46105263157901,4.4684210526317,0.103665061906062,0.661499999999933,4.89949999999999,0.438447368420982,0.22305263157895,0.658999999999878,4.89499999999998,0.435578947368293,0.223421052631585,0,FALSE,FALSE,3.58659745162808,71.7319490325616,0,"2253;2258;2263;2268",564,50000,"N = 50,000",250,"250","32",20,16,4.46105263157901,0.103665061906062,3.58659745162808,"NicoStan-chunking_and_WCP","NicoStan-chunking_and_WCP","NicoStan-chunking_and_WCP"
"HPC","AD_Stan","NicoStan_BridgeStan",10000,1,4,4,1,20,"b97502ef4c1796520d0acd01a82ea24d","NicoStan_BridgeStan_state_allocation_thread_setup_sampling_model_load_divergence_check","iteration_difference","main_scaling","two_run_difference",NA,4,1.12789473684169,1.12578947368384,0.0102597835205161,0.146750000000281,1.21824999999989,0.090355263158197,0.0563947368420845,0.130500000000204,1.20699999999992,0.0742105263160118,0.0562894736841921,0,FALSE,FALSE,3.54643023798544,70.9286047597088,0,"81;82;83;84",21,10000,"N = 10,000",1,"1","4",20,4,1.12789473684169,0.0102597835205161,3.54643023798544,"NicoStan","NicoStan","NicoStan"
"Laptop","AD_Stan","NicoStan_BridgeStan",2500,1,2,2,1,40,"7184208393ceb4c8ae3e26f0d1660bdb","NicoStan_BridgeStan_state_allocation_thread_setup_sampling_model_load_divergence_check","iteration_difference","main_scaling","two_run_difference",NA,4,1.24051282051223,1.23897435897412,0.010740702954631,0.0800000000002612,1.28949999999968,0.0489871794874556,0.0310128205128056,0.0740000000005239,1.29149999999936,0.042782051282605,0.0309743589743531,0,FALSE,FALSE,1.61223646134844,64.4894584539375,0,"4697;4698;4699;4700",1198,2500,"N = 2500",1,"1","2",40,2,1.24051282051223,0.010740702954631,1.61223646134844,"NicoStan","NicoStan","NicoStan"
"HPC","AD_Stan_tape_chunked","NicoStan_BridgeStan",2500,2,1,1,1,40,"229e14792b0f4550a6f1e0887b422826","NicoStan_BridgeStan_state_allocation_thread_setup_sampling_model_load_divergence_check","iteration_difference","main_scaling","two_run_difference",1250,4,0.641025641025641,0.641025641025641,0.00264819374099597,0.0432500000000005,0.66825,0.0272243589743594,0.016025641025641,0.0429999999999993,0.667999999999999,0.0269743589743582,0.016025641025641,0,FALSE,FALSE,1.56,62.4,0,"1053;1054;1055;1056",264,2500,"N = 2500",2,"2","1",40,1,0.641025641025641,0.00264819374099597,1.56,"NicoStan-chunking","NicoStan-chunking","NicoStan-chunking"
"HPC","AD_Stan_tape_chunked","NicoStan_BridgeStan",10000,10,4,4,1,20,"b97502ef4c1796520d0acd01a82ea24d","NicoStan_BridgeStan_state_allocation_thread_setup_sampling_model_load_divergence_check","iteration_difference","main_scaling","two_run_difference",1000,4,1.29078947368422,1.28947368421055,0.00347793466693589,0.140749999999997,1.367,0.0762105263157861,0.0645394736842109,0.141999999999996,1.36700000000002,0.0775263157894684,0.0644736842105275,0,FALSE,FALSE,3.09887869520895,61.977573904179,0,"1109;1110;1111;1112",278,10000,"N = 10,000",10,"10","4",20,4,1.29078947368422,0.00347793466693589,3.09887869520895,"NicoStan-chunking","NicoStan-chunking","NicoStan-chunking"
"Laptop","AD_Stan_tape_chunked","NicoStan_BridgeStan",2500,10,2,2,1,40,"7184208393ceb4c8ae3e26f0d1660bdb","NicoStan_BridgeStan_state_allocation_thread_setup_sampling_model_load_divergence_check","iteration_difference","main_scaling","two_run_difference",250,4,1.52923076922984,1.53282051282403,0.0276859758477462,0.0759999999993042,1.5669999999984,0.0377692307685582,0.038230769230746,0.0744999999966254,1.56900000000006,0.0361794871760245,0.0383205128206009,0,FALSE,FALSE,1.30784708249576,52.3138832998306,0,"5197;5198;5199;5200",1323,2500,"N = 2500",10,"10","2",40,2,1.52923076922984,0.0276859758477462,1.30784708249576,"NicoStan-chunking","NicoStan-chunking","NicoStan-chunking"
"HPC","AD_Stan_WCP","NicoStan_BridgeStan",50000,22,176,8,22,20,"3f8ed78629bdab9b833b52bd1450ea30","NicoStan_BridgeStan_state_allocation_thread_setup_sampling_model_load_divergence_check","iteration_difference","main_scaling","two_run_difference",2273,4,3.24500000000015,3.12578947368437,0.273143020924957,0.556500000000028,3.63925000000017,0.394250000000021,0.162250000000008,0.536000000000058,3.55450000000019,0.367894736842369,0.156289473684219,0,FALSE,FALSE,2.46533127889048,49.3066255778097,0,"2499;2502;2505;2508",627,50000,"N = 50,000",22,"22","176",20,8,3.24500000000015,0.273143020924957,2.46533127889048,"NicoStan-WCP","NicoStan-WCP","NicoStan-WCP"
"HPC","AD_Stan_WCP","NicoStan_BridgeStan",50000,16,128,8,16,20,"3f8ed78629bdab9b833b52bd1450ea30","NicoStan_BridgeStan_state_allocation_thread_setup_sampling_model_load_divergence_check","iteration_difference","main_scaling","two_run_difference",3125,4,3.27447368421058,3.24157894736824,0.0989151683331141,0.532249999999976,3.64300000000003,0.368526315789447,0.163723684210529,0.530500000000075,3.6099999999999,0.368421052631663,0.162078947368412,0,FALSE,FALSE,2.44314072169087,48.8628144338174,0,"2498;2501;2504;2507",626,50000,"N = 50,000",16,"16","128",20,8,3.27447368421058,0.0989151683331141,2.44314072169087,"NicoStan-WCP","NicoStan-WCP","NicoStan-WCP"
"Laptop","AD_Stan_tape_chunked","NicoStan_BridgeStan",10000,100,8,8,1,20,"b352a26c8e9b174599c6b645056fb577","NicoStan_BridgeStan_state_allocation_thread_setup_sampling_model_load_divergence_check","iteration_difference","main_scaling","two_run_difference",100,4,3.32000000000042,3.33526315789584,0.0500931726531448,0.338500000000025,3.49250000000042,0.172500000000004,0.166000000000021,0.339500000000044,3.51950000000062,0.172000000000002,0.166763157894792,0,FALSE,FALSE,2.40963855421657,48.1927710843313,0,"5345;5346;5347;5348",1360,10000,"N = 10,000",100,"100","8",20,8,3.32000000000042,0.0500931726531448,2.40963855421657,"NicoStan-chunking","NicoStan-chunking","NicoStan-chunking"
"Laptop","AD_Stan_WCP","NicoStan_BridgeStan",10000,100,8,4,2,80,"b352a26c8e9b174599c6b645056fb577","NicoStan_BridgeStan_state_allocation_thread_setup_sampling_model_load_divergence_check","iteration_difference","main_scaling","two_run_difference",100,4,6.65848101265766,6.63999999999887,0.176946631952346,0.230500000000063,6.80574999999951,0.147268987341842,0.0832310126582208,0.230499999999381,6.78999999999905,0.145803797467729,0.0829999999999858,0,FALSE,FALSE,0.600737614539422,48.0590091631538,0,"5725;5727;5729;5731",1455,10000,"N = 10,000",100,"100","8",80,4,6.65848101265766,0.176946631952346,0.600737614539422,"NicoStan-chunking_and_WCP","NicoStan-chunking_and_WCP","NicoStan-chunking_and_WCP"
"HPC","AD_Stan_WCP","NicoStan_BridgeStan",50000,12,96,8,12,20,"3f8ed78629bdab9b833b52bd1450ea30","NicoStan_BridgeStan_state_allocation_thread_setup_sampling_model_load_divergence_check","iteration_difference","main_scaling","two_run_difference",4167,4,3.35289473684198,3.36999999999989,0.153646654868176,0.603749999999877,3.78899999999976,0.436105263157778,0.167644736842099,0.556999999999789,3.76999999999975,0.387894736841896,0.168499999999995,0,FALSE,FALSE,2.38599795934394,47.7199591868788,0,"2497;2500;2503;2506",625,50000,"N = 50,000",12,"12","96",20,8,3.35289473684198,0.153646654868176,2.38599795934394,"NicoStan-WCP","NicoStan-WCP","NicoStan-WCP"
"Laptop","AD_Stan_WCP","NicoStan_BridgeStan",10000,100,16,8,2,80,"b352a26c8e9b174599c6b645056fb577","NicoStan_BridgeStan_state_allocation_thread_setup_sampling_model_load_divergence_check","iteration_difference","main_scaling","two_run_difference",100,4,13.430886075949,13.44253164557,0.138915154986756,0.339249999999936,13.6022499999996,0.171363924050573,0.167886075949363,0.336999999999819,13.6115000000002,0.168968354430193,0.168031645569625,0,FALSE,FALSE,0.595642011611265,47.6513609289012,0,"5733;5734;5735;5736",1457,10000,"N = 10,000",100,"100","16",80,8,13.430886075949,0.138915154986756,0.595642011611265,"NicoStan-chunking_and_WCP","NicoStan-chunking_and_WCP","NicoStan-chunking_and_WCP"
"Laptop","AD_Stan_tape_chunked","NicoStan_BridgeStan",10000,100,16,16,1,20,"b352a26c8e9b174599c6b645056fb577","NicoStan_BridgeStan_state_allocation_thread_setup_sampling_model_load_divergence_check","iteration_difference","main_scaling","two_run_difference",100,4,6.8015789473682,6.79842105263162,0.0525929682932579,0.609999999999886,7.07149999999967,0.269921052631476,0.34007894736841,0.609499999999997,7.07749999999984,0.270394736842102,0.339921052631581,0,FALSE,FALSE,2.35239495473195,47.047899094639,0,"5349;5350;5351;5352",1361,10000,"N = 10,000",100,"100","16",20,16,6.8015789473682,0.0525929682932579,2.35239495473195,"NicoStan-chunking","NicoStan-chunking","NicoStan-chunking"
"HPC","AD_Stan_WCP","NicoStan_BridgeStan",50000,8,64,8,8,20,"3f8ed78629bdab9b833b52bd1450ea30","NicoStan_BridgeStan_state_allocation_thread_setup_sampling_model_load_divergence_check","iteration_difference","main_scaling","two_run_difference",6250,4,3.47684210526316,3.50263157894747,0.0629411485514991,0.583750000000009,3.88675000000001,0.409907894736851,0.173842105263158,0.586000000000013,3.91200000000003,0.41236842105249,0.175131578947374,0,FALSE,FALSE,2.30093854072056,46.0187708144112,0,"2463;2466;2469;2472",618,50000,"N = 50,000",8,"8","64",20,8,3.47684210526316,0.0629411485514991,2.30093854072056,"NicoStan-WCP","NicoStan-WCP","NicoStan-WCP"
"HPC","AD_Stan","NicoStan_BridgeStan",50000,1,32,32,1,10,"3f8ed78629bdab9b833b52bd1450ea30","NicoStan_BridgeStan_state_allocation_thread_setup_sampling_model_load_divergence_check","iteration_difference","main_scaling","two_run_difference",NA,4,7.28055555555567,7.25277777777786,0.718930675984984,1.8249999999999,8.3775,1.09694444444433,0.728055555555567,1.53349999999998,8.01999999999988,0.816111111111068,0.725277777777786,0,FALSE,FALSE,4.39526898130478,43.9526898130478,0,"129;130;131;132",33,50000,"N = 50,000",1,"1","32",10,32,7.28055555555567,0.718930675984984,4.39526898130478,"NicoStan","NicoStan","NicoStan"
"HPC","AD_Stan","NicoStan_BridgeStan",50000,1,64,64,1,10,"3f8ed78629bdab9b833b52bd1450ea30","NicoStan_BridgeStan_state_allocation_thread_setup_sampling_model_load_divergence_check","iteration_difference","main_scaling","two_run_difference",NA,4,14.7391666666668,14.7744444444444,0.484228948842225,3.32024999999989,16.5855,1.84633333333321,1.47391666666668,2.72449999999984,16.1304999999998,1.26533333333325,1.47744444444444,0,FALSE,FALSE,4.34217221688241,43.4217221688241,0,"133;134;135;136",34,50000,"N = 50,000",1,"1","64",10,64,14.7391666666668,0.484228948842225,4.34217221688241,"NicoStan","NicoStan","NicoStan"
"HPC","AD_Stan","NicoStan_BridgeStan",50000,1,96,96,1,10,"3f8ed78629bdab9b833b52bd1450ea30","NicoStan_BridgeStan_state_allocation_thread_setup_sampling_model_load_divergence_check","iteration_difference","main_scaling","two_run_difference",NA,4,22.7955555555553,22.8311111111111,0.511044279044612,5.00775000000004,25.5237499999998,2.72819444444451,2.27955555555553,4.21799999999983,24.8295000000001,1.97527777777765,2.28311111111111,0,FALSE,FALSE,4.21134724117767,42.1134724117767,0,"137;138;139;140",35,50000,"N = 50,000",1,"1","96",10,96,22.7955555555553,0.511044279044612,4.21134724117767,"NicoStan","NicoStan","NicoStan"
"HPC","AD_Stan_tape_chunked","NicoStan_BridgeStan",50000,50,16,16,1,10,"3f8ed78629bdab9b833b52bd1450ea30","NicoStan_BridgeStan_state_allocation_thread_setup_sampling_model_load_divergence_check","iteration_difference","main_scaling","two_run_difference",1000,4,3.83527777777791,3.86833333333344,0.148036184543432,0.888749999999959,4.34050000000008,0.505222222222168,0.383527777777791,0.886499999999955,4.37250000000006,0.504166666666619,0.386833333333344,0,FALSE,FALSE,4.17179691460839,41.7179691460839,0,"1333;1334;1335;1336",334,50000,"N = 50,000",50,"50","16",10,16,3.83527777777791,0.148036184543432,4.17179691460839,"NicoStan-chunking","NicoStan-chunking","NicoStan-chunking"
"HPC","AD_Stan_WCP","NicoStan_BridgeStan",50000,4,32,8,4,20,"3f8ed78629bdab9b833b52bd1450ea30","NicoStan_BridgeStan_state_allocation_thread_setup_sampling_model_load_divergence_check","iteration_difference","main_scaling","two_run_difference",12500,4,3.8786842105262,3.86947368421045,0.182068498469077,0.662250000000085,4.34699999999998,0.468315789473775,0.19393421052631,0.665500000000065,4.32200000000012,0.479421052631647,0.193473684210523,0,FALSE,FALSE,2.06255512585663,41.2511025171326,0,"2462;2465;2468;2471",617,50000,"N = 50,000",4,"4","32",20,8,3.8786842105262,0.182068498469077,2.06255512585663,"NicoStan-WCP","NicoStan-WCP","NicoStan-WCP"
"HPC","AD_Stan_WCP","NicoStan_BridgeStan",50000,100,16,4,4,20,"3f8ed78629bdab9b833b52bd1450ea30","NicoStan_BridgeStan_state_allocation_thread_setup_sampling_model_load_divergence_check","iteration_difference","main_scaling","two_run_difference",500,4,1.95578947368427,1.96157894736847,0.0340874980807602,0.429499999999905,2.28749999999997,0.331710526315691,0.0977894736842137,0.429499999999848,2.29299999999989,0.33155263157876,0.0980789473684234,0,FALSE,FALSE,2.04520990312157,40.9041980624314,0,"2130;2137;2144;2151",534,50000,"N = 50,000",100,"100","16",20,4,1.95578947368427,0.0340874980807602,2.04520990312157,"NicoStan-chunking_and_WCP","NicoStan-chunking_and_WCP","NicoStan-chunking_and_WCP"
"HPC","AD_Stan","NicoStan_BridgeStan",50000,1,180,180,1,10,"3f8ed78629bdab9b833b52bd1450ea30","NicoStan_BridgeStan_state_allocation_thread_setup_sampling_model_load_divergence_check","iteration_difference","main_scaling","two_run_difference",NA,4,44.5361111111108,44.8383333333327,1.9968375202567,9.38825000000018,49.4707499999999,4.9346388888891,4.45361111111108,8.00750000000042,49.3645,3.46600000000049,4.48383333333327,0,FALSE,FALSE,4.04166406786007,40.4166406786007,6,"141;142;143;144",36,50000,"N = 50,000",1,"1","180",10,180,44.5361111111108,1.9968375202567,4.04166406786007,"NicoStan","NicoStan","NicoStan"
"HPC","AD_Stan","NicoStan_BridgeStan",50000,1,16,16,1,10,"3f8ed78629bdab9b833b52bd1450ea30","NicoStan_BridgeStan_state_allocation_thread_setup_sampling_model_load_divergence_check","iteration_difference","main_scaling","two_run_difference",NA,4,4.10777777777774,3.9627777777777,0.502928870278575,1.20250000000002,4.89949999999999,0.791722222222248,0.410777777777774,1.00250000000007,4.5349999999999,0.611388888888956,0.39627777777777,0,FALSE,FALSE,3.89505004057347,38.9505004057347,0,"125;126;127;128",32,50000,"N = 50,000",1,"1","16",10,16,4.10777777777774,0.502928870278575,3.89505004057347,"NicoStan","NicoStan","NicoStan"
"HPC","AD_Stan","NicoStan_BridgeStan",10000,1,2,2,1,20,"b97502ef4c1796520d0acd01a82ea24d","NicoStan_BridgeStan_state_allocation_thread_setup_sampling_model_load_divergence_check","iteration_difference","main_scaling","two_run_difference",NA,4,1.10236842105283,1.10157894736882,0.00532420733512529,0.137749999999819,1.18500000000001,0.0826315789471778,0.0551184210526415,0.12099999999964,1.16750000000002,0.0659210526311989,0.055078947368441,0,FALSE,FALSE,1.8142754834086,36.285509668172,0,"77;78;79;80",20,10000,"N = 10,000",1,"1","2",20,2,1.10236842105283,0.00532420733512529,1.8142754834086,"NicoStan","NicoStan","NicoStan"
"Laptop","AD_Stan","NicoStan_BridgeStan",2500,1,1,1,1,40,"7184208393ceb4c8ae3e26f0d1660bdb","NicoStan_BridgeStan_state_allocation_thread_setup_sampling_model_load_divergence_check","iteration_difference","main_scaling","two_run_difference",NA,4,1.17871794871657,1.17999999999898,0.0118245631476949,0.0680000000007572,1.21724999999942,0.0385320512828429,0.0294679487179144,0.0625000000007567,1.21749999999884,0.0332051282059103,0.0294999999999746,0,FALSE,FALSE,0.848379377856112,33.9351751142445,0,"4693;4694;4695;4696",1197,2500,"N = 2500",1,"1","1",40,1,1.17871794871657,0.0118245631476949,0.848379377856112,"NicoStan","NicoStan","NicoStan"
"HPC","AD_Stan_tape_chunked","NicoStan_BridgeStan",10000,10,2,2,1,20,"b97502ef4c1796520d0acd01a82ea24d","NicoStan_BridgeStan_state_allocation_thread_setup_sampling_model_load_divergence_check","iteration_difference","main_scaling","two_run_difference",1000,4,1.27947368421053,1.27631578947369,0.00903466188742844,0.137,1.35250000000001,0.0730263157894738,0.0639736842105266,0.137,1.35050000000001,0.0727368421052634,0.0638157894736845,0,FALSE,FALSE,1.56314273961332,31.2628547922664,0,"1105;1106;1107;1108",277,10000,"N = 10,000",10,"10","2",20,2,1.27947368421053,0.00903466188742844,1.56314273961332,"NicoStan-chunking","NicoStan-chunking","NicoStan-chunking"
"HPC","AD_Stan_WCP","NicoStan_BridgeStan",50000,2,16,8,2,20,"3f8ed78629bdab9b833b52bd1450ea30","NicoStan_BridgeStan_state_allocation_thread_setup_sampling_model_load_divergence_check","iteration_difference","main_scaling","two_run_difference",25000,4,5.13473684210531,5.12842105263165,0.165476451921131,0.931249999999977,5.80925000000002,0.674513157894712,0.256736842105265,0.919000000000096,5.76250000000005,0.668447368421156,0.256421052631583,0,FALSE,FALSE,1.55801558015579,31.1603116031158,0,"2461;2464;2467;2470",616,50000,"N = 50,000",2,"2","16",20,8,5.13473684210531,0.165476451921131,1.55801558015579,"NicoStan-WCP","NicoStan-WCP","NicoStan-WCP"
"Laptop","AD_Stan_tape_chunked","NicoStan_BridgeStan",2500,4,1,1,1,40,"7184208393ceb4c8ae3e26f0d1660bdb","NicoStan_BridgeStan_state_allocation_thread_setup_sampling_model_load_divergence_check","iteration_difference","main_scaling","two_run_difference",625,4,1.44743589743635,1.45128205128295,0.0270760813127462,0.0702499999969728,1.48149999999741,0.0340641025610641,0.0361858974359087,0.0694999999962178,1.48349999999482,0.0337820512782243,0.0362820512820737,0,FALSE,FALSE,0.69087688219642,27.6350752878568,0,"5173;5174;5175;5176",1317,2500,"N = 2500",4,"4","1",40,1,1.44743589743635,0.0270760813127462,0.69087688219642,"NicoStan-chunking","NicoStan-chunking","NicoStan-chunking"
"Laptop","AD_Stan_tape_chunked","NicoStan_BridgeStan",10000,50,4,4,1,20,"b352a26c8e9b174599c6b645056fb577","NicoStan_BridgeStan_state_allocation_thread_setup_sampling_model_load_divergence_check","iteration_difference","main_scaling","two_run_difference",200,4,3.0560526315786,3.05105263157824,0.0413115988487598,0.290750000000116,3.19399999999979,0.137947368421186,0.15280263157893,0.289499999999919,3.18549999999959,0.138289473684134,0.152552631578912,0,FALSE,FALSE,1.30887798157252,26.1775596314505,0,"5321;5322;5323;5324",1354,10000,"N = 10,000",50,"50","4",20,4,3.0560526315786,0.0413115988487598,1.30887798157252,"NicoStan-chunking","NicoStan-chunking","NicoStan-chunking"
"Laptop","AD_Stan_WCP","NicoStan_BridgeStan",10000,50,4,2,2,80,"b352a26c8e9b174599c6b645056fb577","NicoStan_BridgeStan_state_allocation_thread_setup_sampling_model_load_divergence_check","iteration_difference","main_scaling","two_run_difference",200,4,6.15518987341884,6.08708860759721,0.188387774372087,0.212249999999329,6.29050000000043,0.135310126581594,0.0769398734177355,0.207499999998618,6.21850000000086,0.131411392403652,0.0760886075949651,0,FALSE,FALSE,0.324929050302248,25.9943240241799,0,"5689;5692;5695;5698",1446,10000,"N = 10,000",50,"50","4",80,2,6.15518987341884,0.188387774372087,0.324929050302248,"NicoStan-chunking_and_WCP","NicoStan-chunking_and_WCP","NicoStan-chunking_and_WCP"
"Laptop","AD_Stan_WCP","NicoStan_BridgeStan",10000,8,16,2,8,80,"b352a26c8e9b174599c6b645056fb577","NicoStan_BridgeStan_state_allocation_thread_setup_sampling_model_load_divergence_check","iteration_difference","main_scaling","two_run_difference",1250,4,6.38430379746901,6.38835443037961,0.0630483105425718,0.202749999998787,6.50724999999943,0.122946202530424,0.0798037974683626,0.202499999997599,6.51649999999904,0.122462025315775,0.0798544303797452,0,FALSE,FALSE,0.313268300420303,25.0614640336242,0,"5913;5914;5915;5916",1502,10000,"N = 10,000",8,"8","16",80,2,6.38430379746901,0.0630483105425718,0.313268300420303,"NicoStan-WCP","NicoStan-WCP","NicoStan-WCP"
"Laptop","AD_Stan","NicoStan_BridgeStan",10000,1,4,4,1,20,"b352a26c8e9b174599c6b645056fb577","NicoStan_BridgeStan_state_allocation_thread_setup_sampling_model_load_divergence_check","iteration_difference","main_scaling","two_run_difference",NA,4,3.22763157894691,3.2284210526311,0.0477092997777797,0.324500000000196,3.39074999999976,0.16311842105285,0.161381578947345,0.301000000000386,3.39099999999959,0.138157894737273,0.161421052631555,0,FALSE,FALSE,1.23929881777433,24.7859763554866,0,"4721;4722;4723;4724",1204,10000,"N = 10,000",1,"1","4",20,4,3.22763157894691,0.0477092997777797,1.23929881777433,"NicoStan","NicoStan","NicoStan"
"Laptop","AD_Stan","NicoStan_BridgeStan",10000,1,8,8,1,20,"b352a26c8e9b174599c6b645056fb577","NicoStan_BridgeStan_state_allocation_thread_setup_sampling_model_load_divergence_check","iteration_difference","main_scaling","two_run_difference",NA,4,6.52868421052587,6.51684210526247,0.0333688637967825,0.533750000000232,6.73599999999981,0.207315789473939,0.326434210526293,0.533500000000458,6.74349999999978,0.205947368421556,0.325842105263124,0,FALSE,FALSE,1.2253617638761,24.5072352775219,0,"4725;4726;4727;4728",1205,10000,"N = 10,000",1,"1","8",20,8,6.52868421052587,0.0333688637967825,1.2253617638761,"NicoStan","NicoStan","NicoStan"
"Laptop","AD_Stan_WCP","NicoStan_BridgeStan",10000,4,8,2,4,80,"b352a26c8e9b174599c6b645056fb577","NicoStan_BridgeStan_state_allocation_thread_setup_sampling_model_load_divergence_check","iteration_difference","main_scaling","two_run_difference",2500,4,6.54708860759496,6.55949367088543,0.033056479936531,0.215750000000185,6.68100000000021,0.133911392405248,0.081838607594937,0.20750000000109,6.68500000000046,0.125506329115022,0.0819936708860679,0,FALSE,FALSE,0.305479293144115,24.4383434515292,0,"5622;5624;5626;5628",1430,10000,"N = 10,000",4,"4","8",80,2,6.54708860759496,0.033056479936531,0.305479293144115,"NicoStan-WCP","NicoStan-WCP","NicoStan-WCP"
"HPC","AD_Stan","NicoStan_BridgeStan",50000,1,8,8,1,10,"3f8ed78629bdab9b833b52bd1450ea30","NicoStan_BridgeStan_state_allocation_thread_setup_sampling_model_load_divergence_check","iteration_difference","main_scaling","two_run_difference",NA,4,3.39666666666674,3.36000000000017,0.107047929728919,0.945250000000051,4.00225000000012,0.605583333333377,0.339666666666674,0.7620000000001,3.78550000000016,0.427833333333436,0.336000000000018,0,FALSE,FALSE,2.35525024533852,23.5525024533852,0,"121;122;123;124",31,50000,"N = 50,000",1,"1","8",10,8,3.39666666666674,0.107047929728919,2.35525024533852,"NicoStan","NicoStan","NicoStan"
"HPC","AD_Stan_tape_chunked","NicoStan_BridgeStan",50000,50,8,8,1,10,"3f8ed78629bdab9b833b52bd1450ea30","NicoStan_BridgeStan_state_allocation_thread_setup_sampling_model_load_divergence_check","iteration_difference","main_scaling","two_run_difference",1000,4,3.42166666666679,3.40555555555574,0.0818132974391007,0.723250000000007,3.80275000000012,0.381083333333328,0.342166666666679,0.723499999999945,3.78650000000016,0.379944444444441,0.340555555555574,0,FALSE,FALSE,2.33804188991711,23.3804188991711,0,"1329;1330;1331;1332",333,50000,"N = 50,000",50,"50","8",10,8,3.42166666666679,0.0818132974391007,2.33804188991711,"NicoStan-chunking","NicoStan-chunking","NicoStan-chunking"
"Laptop","AD_Stan","NicoStan_BridgeStan",10000,1,16,16,1,20,"b352a26c8e9b174599c6b645056fb577","NicoStan_BridgeStan_state_allocation_thread_setup_sampling_model_load_divergence_check","iteration_difference","main_scaling","two_run_difference",NA,4,14.1634210526319,14.1910526315786,0.135968534189707,0.980999999999618,14.4362499999999,0.272828947368025,0.708171052631593,0.967499999999873,14.4829999999996,0.260447368420261,0.709552631578931,0,FALSE,FALSE,1.12967057468272,22.5934114936545,0,"4729;4730;4731;4732",1206,10000,"N = 10,000",1,"1","16",20,16,14.1634210526319,0.135968534189707,1.12967057468272,"NicoStan","NicoStan","NicoStan"
"HPC","AD_Stan_WCP","NicoStan_BridgeStan",50000,50,8,4,2,20,"3f8ed78629bdab9b833b52bd1450ea30","NicoStan_BridgeStan_state_allocation_thread_setup_sampling_model_load_divergence_check","iteration_difference","main_scaling","two_run_difference",1000,4,3.71815789473676,3.70473684210514,0.216742227040338,0.523000000000025,4.05524999999994,0.337092105263187,0.185907894736838,0.524499999999989,4.04999999999995,0.336263157894803,0.185236842105257,0,FALSE,FALSE,1.07580154292592,21.5160308585184,0,"2057;2064;2071;2078",515,50000,"N = 50,000",50,"50","8",20,4,3.71815789473676,0.216742227040338,1.07580154292592,"NicoStan-chunking_and_WCP","NicoStan-chunking_and_WCP","NicoStan-chunking_and_WCP"
"Laptop","AD_Stan_WCP","NicoStan_BridgeStan",10000,2,4,2,2,80,"b352a26c8e9b174599c6b645056fb577","NicoStan_BridgeStan_state_allocation_thread_setup_sampling_model_load_divergence_check","iteration_difference","main_scaling","two_run_difference",5000,4,7.67620253164474,7.72202531645396,0.135174701655915,0.241250000000377,7.82149999999956,0.145297468354818,0.0959525316455593,0.236000000000786,7.86149999999907,0.139474683545111,0.0965253164556745,0,FALSE,FALSE,0.260545496520591,20.8436397216473,0,"5901;5902;5903;5904",1499,10000,"N = 10,000",2,"2","4",80,2,7.67620253164474,0.135174701655915,0.260545496520591,"NicoStan-WCP","NicoStan-WCP","NicoStan-WCP"
"HPC","AD_Stan","NicoStan_BridgeStan",10000,1,1,1,1,20,"b97502ef4c1796520d0acd01a82ea24d","NicoStan_BridgeStan_state_allocation_thread_setup_sampling_model_load_divergence_check","iteration_difference","main_scaling","two_run_difference",NA,4,1.07500000000018,1.07263157894743,0.0103627645094319,0.139249999999926,1.1605000000001,0.0854999999999169,0.053750000000009,0.126499999999851,1.15050000000019,0.0726052631577276,0.0536315789473717,0,FALSE,FALSE,0.930232558139379,18.6046511627876,0,"73;74;75;76",19,10000,"N = 10,000",1,"1","1",20,1,1.07500000000018,0.0103627645094319,0.930232558139379,"NicoStan","NicoStan","NicoStan"
"HPC","AD_Stan_WCP","NicoStan_BridgeStan",50000,2,8,4,2,20,"3f8ed78629bdab9b833b52bd1450ea30","NicoStan_BridgeStan_state_allocation_thread_setup_sampling_model_load_divergence_check","iteration_difference","main_scaling","two_run_difference",25000,4,4.33789473684221,4.31526315789501,0.202833119184864,0.763749999999959,4.88475000000005,0.546855263157849,0.21689473684211,0.739000000000033,4.83250000000021,0.517236842105197,0.215763157894751,0,FALSE,FALSE,0.922106284882289,18.4421256976458,0,"2449;2452;2455;2458",613,50000,"N = 50,000",2,"2","8",20,4,4.33789473684221,0.202833119184864,0.922106284882289,"NicoStan-WCP","NicoStan-WCP","NicoStan-WCP"
"Laptop","AD_Stan","NicoStan_BridgeStan",10000,1,2,2,1,20,"b352a26c8e9b174599c6b645056fb577","NicoStan_BridgeStan_state_allocation_thread_setup_sampling_model_load_divergence_check","iteration_difference","main_scaling","two_run_difference",NA,4,2.5126315789469,2.50947368420958,0.0319163264314635,0.289999999999761,2.67699999999931,0.164368421052416,0.125631578947345,0.273999999999717,2.64949999999862,0.149710526315517,0.125473684210479,0,FALSE,FALSE,0.795978215333203,15.9195643066641,0,"4717;4718;4719;4720",1203,10000,"N = 10,000",1,"1","2",20,2,2.5126315789469,0.0319163264314635,0.795978215333203,"NicoStan","NicoStan","NicoStan"
"HPC","AD_Stan_tape_chunked","NicoStan_BridgeStan",10000,10,1,1,1,20,"b97502ef4c1796520d0acd01a82ea24d","NicoStan_BridgeStan_state_allocation_thread_setup_sampling_model_load_divergence_check","iteration_difference","main_scaling","two_run_difference",1000,4,1.31342105263156,1.30736842105259,0.0232593471515602,0.135500000000022,1.38325,0.0698289473684437,0.065671052631578,0.135500000000036,1.37649999999999,0.0691315789474016,0.0653684210526296,0,FALSE,FALSE,0.761370466840324,15.2274093368065,0,"1101;1102;1103;1104",276,10000,"N = 10,000",10,"10","1",20,1,1.31342105263156,0.0232593471515602,0.761370466840324,"NicoStan-chunking","NicoStan-chunking","NicoStan-chunking"
"Laptop","AD_Stan_tape_chunked","NicoStan_BridgeStan",10000,4,2,2,1,20,"b352a26c8e9b174599c6b645056fb577","NicoStan_BridgeStan_state_allocation_thread_setup_sampling_model_load_divergence_check","iteration_difference","main_scaling","two_run_difference",2500,4,2.93210526315707,2.93368421052468,0.00466811743669891,0.292000000000222,3.07749999999944,0.145394736842368,0.146605263157854,0.286000000000328,3.07399999999954,0.139263157895106,0.146684210526234,0,FALSE,FALSE,0.682103751570825,13.6420750314165,0,"5257;5258;5259;5260",1338,10000,"N = 10,000",4,"4","2",20,2,2.93210526315707,0.00466811743669891,0.682103751570825,"NicoStan-chunking","NicoStan-chunking","NicoStan-chunking"
"HPC","AD_Stan","NicoStan_BridgeStan",50000,1,4,4,1,10,"3f8ed78629bdab9b833b52bd1450ea30","NicoStan_BridgeStan_state_allocation_thread_setup_sampling_model_load_divergence_check","iteration_difference","main_scaling","two_run_difference",NA,4,3.1441666666667,3.21944444444448,0.186596933623941,0.817249999999937,3.64699999999997,0.502833333333267,0.31441666666667,0.682499999999891,3.57999999999993,0.371722222222211,0.321944444444448,0,FALSE,FALSE,1.27219719056452,12.7219719056452,0,"117;118;119;120",30,50000,"N = 50,000",1,"1","4",10,4,3.1441666666667,0.186596933623941,1.27219719056452,"NicoStan","NicoStan","NicoStan"
"HPC","AD_Stan_tape_chunked","NicoStan_BridgeStan",50000,50,4,4,1,10,"3f8ed78629bdab9b833b52bd1450ea30","NicoStan_BridgeStan_state_allocation_thread_setup_sampling_model_load_divergence_check","iteration_difference","main_scaling","two_run_difference",1000,4,3.29527777777786,3.29388888888881,0.0309569593683735,0.676499999999976,3.64225000000005,0.34697222222219,0.329527777777786,0.677499999999895,3.63999999999999,0.347666666666618,0.329388888888881,0,FALSE,FALSE,1.21385821461685,12.1385821461685,0,"1325;1326;1327;1328",332,50000,"N = 50,000",50,"50","4",10,4,3.29527777777786,0.0309569593683735,1.21385821461685,"NicoStan-chunking","NicoStan-chunking","NicoStan-chunking"
"Laptop","AD_Stan_WCP","NicoStan_BridgeStan",50000,500,8,4,2,20,"50597d787bf5578f0fdbdd94f2702741","NicoStan_BridgeStan_state_allocation_thread_setup_sampling_model_load_divergence_check","iteration_difference","main_scaling","two_run_difference",100,4,8.51394736842059,8.49157894736747,0.241595764426788,1.11800000000022,9.20624999999978,0.692302631579193,0.42569736842103,1.11650000000043,9.15849999999955,0.700473684211003,0.424578947368374,0,FALSE,FALSE,0.469817327604884,9.39634655209769,0,"5869;5871;5873;5875",1491,50000,"N = 50,000",500,"500","8",20,4,8.51394736842059,0.241595764426788,0.469817327604884,"NicoStan-chunking_and_WCP","NicoStan-chunking_and_WCP","NicoStan-chunking_and_WCP"
"Laptop","AD_Stan_tape_chunked","NicoStan_BridgeStan",50000,500,8,8,1,10,"50597d787bf5578f0fdbdd94f2702741","NicoStan_BridgeStan_state_allocation_thread_setup_sampling_model_load_divergence_check","iteration_difference","main_scaling","two_run_difference",100,4,8.60805555555443,8.62444444444211,0.167821615562774,1.61775000000074,9.36499999999972,0.756944444445297,0.860805555555443,1.59350000000074,9.33649999999943,0.74638888888972,0.862444444444211,0,FALSE,FALSE,0.929362031688786,9.29362031688786,0,"5465;5466;5467;5468",1390,50000,"N = 50,000",500,"500","8",10,8,8.60805555555443,0.167821615562774,0.929362031688786,"NicoStan-chunking","NicoStan-chunking","NicoStan-chunking"
"Laptop","AD_Stan_WCP","NicoStan_BridgeStan",50000,500,16,8,2,20,"50597d787bf5578f0fdbdd94f2702741","NicoStan_BridgeStan_state_allocation_thread_setup_sampling_model_load_divergence_check","iteration_difference","main_scaling","two_run_difference",100,4,18.7478947368425,18.7610526315789,0.0859878236589714,1.72199999999975,19.5325000000001,0.78460526315763,0.937394736842123,1.71349999999848,19.564,0.772499999998361,0.938052631578946,0,FALSE,FALSE,0.426714578478979,8.53429156957958,0,"5877;5878;5879;5880",1493,50000,"N = 50,000",500,"500","16",20,8,18.7478947368425,0.0859878236589714,0.426714578478979,"NicoStan-chunking_and_WCP","NicoStan-chunking_and_WCP","NicoStan-chunking_and_WCP"
"Laptop","AD_Stan_tape_chunked","NicoStan_BridgeStan",50000,500,16,16,1,10,"50597d787bf5578f0fdbdd94f2702741","NicoStan_BridgeStan_state_allocation_thread_setup_sampling_model_load_divergence_check","iteration_difference","main_scaling","two_run_difference",100,4,18.7722222222216,18.7416666666667,0.154528354502958,3.35300000000018,20.2479999999996,1.47577777777802,1.87722222222216,3.32449999999994,20.2184999999998,1.45033333333327,1.87416666666667,0,FALSE,FALSE,0.852323172536283,8.52323172536283,0,"5469;5470;5471;5472",1391,50000,"N = 50,000",500,"500","16",10,16,18.7722222222216,0.154528354502958,0.852323172536283,"NicoStan-chunking","NicoStan-chunking","NicoStan-chunking"
"Laptop","AD_Stan","NicoStan_BridgeStan",10000,1,1,1,1,20,"b352a26c8e9b174599c6b645056fb577","NicoStan_BridgeStan_state_allocation_thread_setup_sampling_model_load_divergence_check","iteration_difference","main_scaling","two_run_difference",NA,4,2.36052631578968,2.36684210526284,0.0152419695634141,0.269499999999685,2.51199999999988,0.151473684210201,0.118026315789484,0.24799999999999,2.49749999999968,0.129605263157901,0.118342105263142,0,FALSE,FALSE,0.423634336677779,8.47268673355557,0,"4713;4714;4715;4716",1202,10000,"N = 10,000",1,"1","1",20,1,2.36052631578968,0.0152419695634141,0.423634336677779,"NicoStan","NicoStan","NicoStan"
"Laptop","AD_Stan_tape_chunked","NicoStan_BridgeStan",10000,4,1,1,1,20,"b352a26c8e9b174599c6b645056fb577","NicoStan_BridgeStan_state_allocation_thread_setup_sampling_model_load_divergence_check","iteration_difference","main_scaling","two_run_difference",2500,4,2.83605263157927,2.83368421052694,0.0281583046373366,0.27300000000016,2.96725000000047,0.131197368421196,0.141802631578964,0.263000000000204,2.95500000000079,0.121894736842205,0.141684210526347,0,FALSE,FALSE,0.35260276514796,7.0520553029592,0,"5253;5254;5255;5256",1337,10000,"N = 10,000",4,"4","1",20,1,2.83605263157927,0.0281583046373366,0.35260276514796,"NicoStan-chunking","NicoStan-chunking","NicoStan-chunking"
"HPC","AD_Stan","NicoStan_BridgeStan",50000,1,2,2,1,10,"3f8ed78629bdab9b833b52bd1450ea30","NicoStan_BridgeStan_state_allocation_thread_setup_sampling_model_load_divergence_check","iteration_difference","main_scaling","two_run_difference",NA,4,3.06722222222216,3.101111111111,0.14581260875661,0.75174999999998,3.51224999999992,0.445027777777764,0.306722222222216,0.664999999999964,3.53049999999985,0.347722222222316,0.3101111111111,0,FALSE,FALSE,0.652055786995123,6.52055786995123,0,"113;114;115;116",29,50000,"N = 50,000",1,"1","2",10,2,3.06722222222216,0.14581260875661,0.652055786995123,"NicoStan","NicoStan","NicoStan"
"HPC","AD_Stan_tape_chunked","NicoStan_BridgeStan",50000,100,2,2,1,10,"3f8ed78629bdab9b833b52bd1450ea30","NicoStan_BridgeStan_state_allocation_thread_setup_sampling_model_load_divergence_check","iteration_difference","main_scaling","two_run_difference",500,4,3.29333333333327,3.27333333333324,0.0685235233406836,0.660750000000007,3.62474999999995,0.33141666666668,0.329333333333327,0.663000000000011,3.60299999999995,0.333166666666645,0.327333333333324,0,FALSE,FALSE,0.607287449392724,6.07287449392724,0,"1357;1358;1359;1360",340,50000,"N = 50,000",100,"100","2",10,2,3.29333333333327,0.0685235233406836,0.607287449392724,"NicoStan-chunking","NicoStan-chunking","NicoStan-chunking"
"Laptop","AD_Stan_tape_chunked","NicoStan_BridgeStan",50000,250,4,4,1,10,"50597d787bf5578f0fdbdd94f2702741","NicoStan_BridgeStan_state_allocation_thread_setup_sampling_model_load_divergence_check","iteration_difference","main_scaling","two_run_difference",200,4,7.67749999999953,7.62722222222199,0.200662226685221,1.43525000000005,8.34499999999963,0.6675000000001,0.767749999999953,1.42500000000018,8.28949999999998,0.66750000000017,0.762722222222199,0,FALSE,FALSE,0.521002930641517,5.21002930641517,0,"5441;5442;5443;5444",1384,50000,"N = 50,000",250,"250","4",10,4,7.67749999999953,0.200662226685221,0.521002930641517,"NicoStan-chunking","NicoStan-chunking","NicoStan-chunking"
"Laptop","AD_Stan_WCP","NicoStan_BridgeStan",50000,500,4,2,2,20,"50597d787bf5578f0fdbdd94f2702741","NicoStan_BridgeStan_state_allocation_thread_setup_sampling_model_load_divergence_check","iteration_difference","main_scaling","two_run_difference",100,4,7.79868421052601,7.76315789473612,0.172606705525122,1.01774999999998,8.42649999999969,0.627815789473677,0.389934210526301,1.01900000000091,8.39400000000023,0.630842105264109,0.388157894736806,0,FALSE,FALSE,0.256453517799909,5.12907035599817,0,"5857;5860;5863;5866",1488,50000,"N = 50,000",500,"500","4",20,2,7.79868421052601,0.172606705525122,0.256453517799909,"NicoStan-chunking_and_WCP","NicoStan-chunking_and_WCP","NicoStan-chunking_and_WCP"
"Laptop","AD_Stan_WCP","NicoStan_BridgeStan",50000,8,16,2,8,20,"50597d787bf5578f0fdbdd94f2702741","NicoStan_BridgeStan_state_allocation_thread_setup_sampling_model_load_divergence_check","iteration_difference","main_scaling","two_run_difference",6250,4,9.44368421052643,9.44368421052786,0.236447234181628,1.08950000000004,10.0610000000001,0.617315789473722,0.472184210526321,1.08050000000003,10.0690000000002,0.618500000000016,0.472184210526393,0,FALSE,FALSE,0.211781753329987,4.23563506659974,0,"5919;5922;5925;5928",1505,50000,"N = 50,000",8,"8","16",20,2,9.44368421052643,0.236447234181628,0.211781753329987,"NicoStan-WCP","NicoStan-WCP","NicoStan-WCP"
"Laptop","AD_Stan","NicoStan_BridgeStan",50000,1,4,4,1,10,"50597d787bf5578f0fdbdd94f2702741","NicoStan_BridgeStan_state_allocation_thread_setup_sampling_model_load_divergence_check","iteration_difference","main_scaling","two_run_difference",NA,4,9.57833333333363,9.58111111111101,0.0283206216951012,1.78124999999967,10.4017499999999,0.82341666666631,0.957833333333363,1.66449999999952,10.3000000000002,0.70499999999945,0.9581111111111,0,FALSE,FALSE,0.41760918740211,4.1760918740211,0,"4741;4742;4743;4744",1209,50000,"N = 50,000",1,"1","4",10,4,9.57833333333363,0.0283206216951012,0.41760918740211,"NicoStan","NicoStan","NicoStan"
"Laptop","AD_Stan_WCP","NicoStan_BridgeStan",50000,4,8,2,4,20,"50597d787bf5578f0fdbdd94f2702741","NicoStan_BridgeStan_state_allocation_thread_setup_sampling_model_load_divergence_check","iteration_difference","main_scaling","two_run_difference",12500,4,9.93605263157884,9.84000000000067,0.230823928693031,1.15249999999958,10.5917499999995,0.655697368420635,0.496802631578942,1.14599999999882,10.5084999999995,0.643605263156695,0.492000000000034,0,FALSE,FALSE,0.201287178536432,4.02574357072865,0,"5918;5921;5924;5927",1504,50000,"N = 50,000",4,"4","8",20,2,9.93605263157884,0.230823928693031,0.201287178536432,"NicoStan-WCP","NicoStan-WCP","NicoStan-WCP"
"Laptop","AD_Stan","NicoStan_BridgeStan",50000,1,8,8,1,10,"50597d787bf5578f0fdbdd94f2702741","NicoStan_BridgeStan_state_allocation_thread_setup_sampling_model_load_divergence_check","iteration_difference","main_scaling","two_run_difference",NA,4,20.4241666666669,20.4072222222234,0.151954008095013,2.90599999999975,21.28775,0.863583333333055,2.04241666666669,2.83099999999916,21.308,0.790277777776822,2.04072222222234,0,FALSE,FALSE,0.391692847525393,3.91692847525393,0,"4745;4746;4747;4748",1210,50000,"N = 50,000",1,"1","8",10,8,20.4241666666669,0.151954008095013,0.391692847525393,"NicoStan","NicoStan","NicoStan"
"Laptop","AD_Stan","NicoStan_BridgeStan",50000,1,16,16,1,10,"50597d787bf5578f0fdbdd94f2702741","NicoStan_BridgeStan_state_allocation_thread_setup_sampling_model_load_divergence_check","iteration_difference","main_scaling","two_run_difference",NA,4,41.1647222222222,41.1094444444444,0.147885994907778,5.75275000000008,42.801,1.63627777777786,4.11647222222222,5.67549999999974,42.8055,1.55166666666713,4.11094444444444,0,FALSE,FALSE,0.388682326425675,3.88682326425675,0,"4749;4750;4751;4752",1211,50000,"N = 50,000",1,"1","16",10,16,41.1647222222222,0.147885994907778,0.388682326425675,"NicoStan","NicoStan","NicoStan"
"Laptop","AD_Stan_WCP","NicoStan_BridgeStan",50000,2,4,2,2,20,"50597d787bf5578f0fdbdd94f2702741","NicoStan_BridgeStan_state_allocation_thread_setup_sampling_model_load_divergence_check","iteration_difference","main_scaling","two_run_difference",25000,4,10.9510526315785,10.9642105263157,0.26170475988849,1.23300000000029,11.6364999999998,0.685447368421364,0.547552631578924,1.18300000000067,11.5990000000006,0.644526315790005,0.548210526315786,0,FALSE,FALSE,0.182630845388579,3.65261690777158,0,"5917;5920;5923;5926",1503,50000,"N = 50,000",2,"2","4",20,2,10.9510526315785,0.26170475988849,0.182630845388579,"NicoStan-WCP","NicoStan-WCP","NicoStan-WCP"
"HPC","AD_Stan","NicoStan_BridgeStan",50000,1,1,1,1,10,"3f8ed78629bdab9b833b52bd1450ea30","NicoStan_BridgeStan_state_allocation_thread_setup_sampling_model_load_divergence_check","iteration_difference","main_scaling","two_run_difference",NA,4,2.7519444444443,2.74611111111131,0.0213027365465925,0.688000000000024,3.16474999999989,0.412805555555594,0.27519444444443,0.600500000000025,3.0720000000002,0.326722222222296,0.274611111111131,0,FALSE,FALSE,0.363379428686807,3.63379428686807,0,"109;110;111;112",28,50000,"N = 50,000",1,"1","1",10,1,2.7519444444443,0.0213027365465925,0.363379428686807,"NicoStan","NicoStan","NicoStan"
"HPC","AD_Stan_tape_chunked","NicoStan_BridgeStan",50000,50,1,1,1,10,"3f8ed78629bdab9b833b52bd1450ea30","NicoStan_BridgeStan_state_allocation_thread_setup_sampling_model_load_divergence_check","iteration_difference","main_scaling","two_run_difference",1000,4,3.21972222222213,3.2088888888888,0.0438701319507465,0.646500000000003,3.54424999999992,0.32452777777779,0.321972222222213,0.639499999999998,3.53849999999989,0.315111111111087,0.32088888888888,0,FALSE,FALSE,0.310585799327073,3.10585799327073,0,"1317;1318;1319;1320",330,50000,"N = 50,000",50,"50","1",10,1,3.21972222222213,0.0438701319507465,0.310585799327073,"NicoStan-chunking","NicoStan-chunking","NicoStan-chunking"
"Laptop","AD_Stan","NicoStan_BridgeStan",50000,1,2,2,1,10,"50597d787bf5578f0fdbdd94f2702741","NicoStan_BridgeStan_state_allocation_thread_setup_sampling_model_load_divergence_check","iteration_difference","main_scaling","two_run_difference",NA,4,6.52388888888921,6.54166666666667,0.0475446508779371,1.47399999999982,7.34550000000011,0.821611111110898,0.652388888888921,1.3774999999995,7.22650000000016,0.728166666666106,0.654166666666667,0,FALSE,FALSE,0.306565613556998,3.06565613556998,0,"4737;4738;4739;4740",1208,50000,"N = 50,000",1,"1","2",10,2,6.52388888888921,0.0475446508779371,0.306565613556998,"NicoStan","NicoStan","NicoStan"
"Laptop","AD_Stan_tape_chunked","NicoStan_BridgeStan",50000,250,2,2,1,10,"50597d787bf5578f0fdbdd94f2702741","NicoStan_BridgeStan_state_allocation_thread_setup_sampling_model_load_divergence_check","iteration_difference","main_scaling","two_run_difference",200,4,7.2513888888894,7.38111111111215,0.278294889043498,1.43299999999971,7.95925000000017,0.707861111110769,0.72513888888894,1.38049999999964,7.97050000000036,0.640777777777367,0.738111111111215,0,FALSE,FALSE,0.275809231947883,2.75809231947883,0,"5437;5438;5439;5440",1383,50000,"N = 50,000",250,"250","2",10,2,7.2513888888894,0.278294889043498,0.275809231947883,"NicoStan-chunking","NicoStan-chunking","NicoStan-chunking"
"Laptop","AD_Stan","NicoStan_BridgeStan",50000,1,1,1,1,10,"50597d787bf5578f0fdbdd94f2702741","NicoStan_BridgeStan_state_allocation_thread_setup_sampling_model_load_divergence_check","iteration_difference","main_scaling","two_run_difference",NA,4,5.97666666666689,5.9844444444448,0.0227348285233019,1.4252500000005,6.8042500000007,0.827583333333806,0.597666666666689,1.3150000000002,6.70600000000051,0.716611111111902,0.59844444444448,0,FALSE,FALSE,0.167317345231449,1.67317345231449,0,"4733;4734;4735;4736",1207,50000,"N = 50,000",1,"1","1",10,1,5.97666666666689,0.0227348285233019,0.167317345231449,"NicoStan","NicoStan","NicoStan"
"Laptop","AD_Stan_tape_chunked","NicoStan_BridgeStan",50000,10,1,1,1,10,"50597d787bf5578f0fdbdd94f2702741","NicoStan_BridgeStan_state_allocation_thread_setup_sampling_model_load_divergence_check","iteration_difference","main_scaling","two_run_difference",5000,4,7.01638888888908,7.00722222222238,0.0819885317683951,1.36699999999993,7.68175000000011,0.665361111111025,0.701638888888908,1.35449999999969,7.65450000000033,0.65722222222189,0.700722222222238,0,FALSE,FALSE,0.142523456985625,1.42523456985625,0,"5353;5354;5355;5356",1362,50000,"N = 50,000",10,"10","1",10,1,7.01638888888908,0.0819885317683951,0.142523456985625,"NicoStan-chunking","NicoStan-chunking","NicoStan-chunking"
