"device","algorithm","execution_backend","N","num_chunks","n_threads","n_chains","threads_per_chain","n_iter","dataset_md5","timing_scope","timing_estimator","benchmark_role","timing_method","stan_chunk_size","n_repeats","time_mean","time_median","time_sd","time_short_run_mean","time_long_run_mean","fixed_cost_mean","seconds_per_iteration_mean","time_short_run_median","time_long_run_median","fixed_cost_median","seconds_per_iteration_median","n_repeats_two_run_flagged","time_mean_not_positive","time_median_not_positive","chain_rate","total_iter_per_sec","max_divergences","case_ids","configuration_id","N_num","N_label","N_chunks_num","N_chunks","N_threads","N_iter","N_chains","time_avg","time_SD","Efficiency","Algorithm_label","Stan_variant_label","adjusted_scaling","normalisation_seconds","normalisation_configuration_id"
"HPC","MD_BayesMVP","BayesMVP_NicoStan",500,1,1,1,1,400,"5fff1836d43ae39c037ca22d13a50ed5","state_allocation_thread_setup_sampling_divergence_check","iteration_difference","main_scaling","two_run_difference",NA,4,1.10977443609022,1.10426065162907,0.0128122235673755,0.00350000000000161,1.1105,0.000725563909776061,0.00277443609022555,0.0035000000000025,1.105,0.000739348370935158,0.00276065162907267,0,FALSE,FALSE,0.901084010840112,360.433604336045,0,"4709;4718;4727;4736",1205,500,"N = 500",1,"1","1",400,1,1.10977443609022,0.0128122235673755,0.901084010840112,"BayesMVP (1 chunk)","BayesMVP + chunking",0.999096657633248,1.10877192982456,1207
"HPC","MD_BayesMVP","BayesMVP_NicoStan",500,1,2,2,1,400,"5fff1836d43ae39c037ca22d13a50ed5","state_allocation_thread_setup_sampling_divergence_check","iteration_difference","main_scaling","two_run_difference",NA,4,1.12230576441103,1.11478696741855,0.0307308099090001,0.00449999999999529,1.124,0.00169423558896771,0.00280576441102757,0.00399999999999512,1.117,0.00123809523808591,0.00278696741854637,0,FALSE,FALSE,1.78204555605181,712.818222420722,0,"4710;4719;4728;4737",1206,500,"N = 500",1,"1","2",400,2,1.12230576441103,0.0307308099090001,1.78204555605181,"BayesMVP (1 chunk)","BayesMVP + chunking",1.97588209021885,1.10877192982456,1207
"HPC","MD_BayesMVP","BayesMVP_NicoStan",500,1,4,4,1,400,"5fff1836d43ae39c037ca22d13a50ed5","state_allocation_thread_setup_sampling_divergence_check","iteration_difference","main_scaling","two_run_difference",NA,4,1.10877192982456,1.11027568922306,0.0113715619229211,0.00674999999999981,1.11275,0.00397807017543841,0.00277192982456141,0.00700000000000234,1.1135,0.00424185463659384,0.00277568922305765,0,FALSE,FALSE,3.60759493670886,1443.03797468354,0,"4711;4720;4729;4738",1207,500,"N = 500",1,"1","4",400,4,1.10877192982456,0.0113715619229211,3.60759493670886,"BayesMVP (1 chunk)","BayesMVP + chunking",4,1.10877192982456,1207
"HPC","MD_BayesMVP","BayesMVP_NicoStan",500,1,8,8,1,400,"5fff1836d43ae39c037ca22d13a50ed5","state_allocation_thread_setup_sampling_divergence_check","iteration_difference","main_scaling","two_run_difference",NA,4,1.12832080200501,1.12832080200501,0.0130068507642653,0.00650000000000261,1.132,0.0036791979949901,0.00282080200501252,0.00650000000000261,1.1315,0.00366416040100513,0.00282080200501253,0,FALSE,FALSE,7.09018214127058,2836.07285650823,0,"4712;4721;4730;4739",1208,500,"N = 500",1,"1","8",400,8,1.12832080200501,0.0130068507642653,7.09018214127058,"BayesMVP (1 chunk)","BayesMVP + chunking",7.86139493558423,1.10877192982456,1207
"HPC","MD_BayesMVP","BayesMVP_NicoStan",500,1,16,16,1,400,"5fff1836d43ae39c037ca22d13a50ed5","state_allocation_thread_setup_sampling_divergence_check","iteration_difference","main_scaling","two_run_difference",NA,4,1.12807017543859,1.12431077694236,0.0195145683642846,0.0102500000000036,1.1355,0.00742982456140717,0.00282017543859648,0.0100000000000096,1.132,0.00719799498747827,0.00281077694235589,0,FALSE,FALSE,14.1835147744946,5673.40590979785,0,"4713;4722;4731;4740",1209,500,"N = 500",1,"1","16",400,16,1.12807017543859,0.0195145683642846,14.1835147744946,"BayesMVP (1 chunk)","BayesMVP + chunking",15.7262830482116,1.10877192982456,1207
"HPC","MD_BayesMVP","BayesMVP_NicoStan",500,1,32,32,1,400,"5fff1836d43ae39c037ca22d13a50ed5","state_allocation_thread_setup_sampling_divergence_check","iteration_difference","main_scaling","two_run_difference",NA,4,1.2187969924812,1.22907268170426,0.0652239287575764,0.0157499999999935,1.2315,0.0127030075187905,0.00304699248120301,0.0154999999999959,1.24149999999999,0.0124273182957352,0.00307268170426064,0,FALSE,FALSE,26.2553979025293,10502.1591610117,0,"4714;4723;4732;4741",1210,500,"N = 500",1,"1","32",400,32,1.2187969924812,0.0652239287575764,26.2553979025293,"BayesMVP (1 chunk)","BayesMVP + chunking",29.1112482006991,1.10877192982456,1207
"HPC","MD_BayesMVP","BayesMVP_NicoStan",500,1,64,64,1,400,"5fff1836d43ae39c037ca22d13a50ed5","state_allocation_thread_setup_sampling_divergence_check","iteration_difference","main_scaling","two_run_difference",NA,4,1.52756892230576,1.53834586466166,0.189846163782847,0.0305000000000022,1.55425,0.0266810776942378,0.00381892230576441,0.0275000000000034,1.5695,0.0240701754385999,0.00384586466165415,0,FALSE,FALSE,41.8966365873667,16758.6546349467,0,"4715;4724;4733;4742",1211,500,"N = 500",1,"1","64",400,64,1.52756892230576,0.189846163782847,41.8966365873667,"BayesMVP (1 chunk)","BayesMVP + chunking",46.453814602133,1.10877192982456,1207
"HPC","MD_BayesMVP","BayesMVP_NicoStan",500,1,96,96,1,400,"5fff1836d43ae39c037ca22d13a50ed5","state_allocation_thread_setup_sampling_divergence_check","iteration_difference","main_scaling","two_run_difference",NA,4,1.93333333333332,1.94385964912279,0.126994239583273,0.043000000000001,1.97149999999999,0.0381666666666677,0.00483333333333331,0.0365000000000038,1.97449999999999,0.0319223057644148,0.00485964912280699,0,FALSE,FALSE,49.6551724137933,19862.0689655173,0,"4716;4725;4734;4743",1212,500,"N = 500",1,"1","96",400,96,1.93333333333332,0.126994239583273,49.6551724137933,"BayesMVP (1 chunk)","BayesMVP + chunking",55.056261343013,1.10877192982456,1207
"HPC","MD_BayesMVP","BayesMVP_NicoStan",500,1,180,180,1,400,"5fff1836d43ae39c037ca22d13a50ed5","state_allocation_thread_setup_sampling_divergence_check","iteration_difference","main_scaling","two_run_difference",NA,4,2.80852130325814,2.81203007518797,0.12249324825181,0.0760000000000032,2.8775,0.0689786967418578,0.00702130325814536,0.0560000000000045,2.8605,0.049038847117799,0.00703007518796992,0,FALSE,FALSE,64.0906657147957,25636.2662859183,0,"4717;4726;4735;4744",1213,500,"N = 500",1,"1","180",400,180,2.80852130325814,0.12249324825181,64.0906657147957,"BayesMVP (1 chunk)","BayesMVP + chunking",71.0619311083349,1.10877192982456,1207
"HPC","MD_BayesMVP","BayesMVP_NicoStan",500,2,1,1,1,400,"5fff1836d43ae39c037ca22d13a50ed5","state_allocation_thread_setup_sampling_divergence_check","iteration_difference","main_scaling","two_run_difference",NA,4,1.08822055137843,1.09373433583958,0.0133374783916402,0.00400000000000933,1.08949999999999,0.00127944862156325,0.00272055137844608,0.00400000000001022,1.09499999999999,0.00126566416041126,0.00273433583959896,0,FALSE,FALSE,0.918931368033177,367.572547213271,0,"4745;4754;4763;4772",1214,500,"N = 500",2,"2","1",400,1,1.08822055137843,0.0133374783916402,0.918931368033177,"BayesMVP + chunking","BayesMVP + chunking",1,1.08822055137843,1214
"HPC","MD_BayesMVP","BayesMVP_NicoStan",500,2,2,2,1,400,"5fff1836d43ae39c037ca22d13a50ed5","state_allocation_thread_setup_sampling_divergence_check","iteration_difference","main_scaling","two_run_difference",NA,4,1.10451127819548,1.10225563909774,0.0251010566310054,0.00425000000000431,1.106,0.0014887218045156,0.00276127819548871,0.00400000000001022,1.10399999999999,0.00126942355890748,0.00275563909774435,0,FALSE,FALSE,1.81075561606536,724.302246426144,0,"4746;4755;4764;4773",1215,500,"N = 500",2,"2","2",400,2,1.10451127819548,0.0251010566310054,1.81075561606536,"BayesMVP + chunking","BayesMVP + chunking",1.97050147492624,1.08822055137843,1214
"HPC","MD_BayesMVP","BayesMVP_NicoStan",500,2,4,4,1,400,"5fff1836d43ae39c037ca22d13a50ed5","state_allocation_thread_setup_sampling_divergence_check","iteration_difference","main_scaling","two_run_difference",NA,4,1.11127819548872,1.1077694235589,0.0101743273835493,0.00499999999999812,1.1135,0.00222180451127631,0.0027781954887218,0.00500000000000078,1.1105,0.00223057644109821,0.00276942355889724,0,FALSE,FALSE,3.59945872801083,1439.78349120433,0,"4747;4756;4765;4774",1216,500,"N = 500",2,"2","4",400,4,1.11127819548872,0.0101743273835493,3.59945872801083,"BayesMVP + chunking","BayesMVP + chunking",3.91700496165985,1.08822055137843,1214
"HPC","MD_BayesMVP","BayesMVP_NicoStan",500,2,8,8,1,400,"5fff1836d43ae39c037ca22d13a50ed5","state_allocation_thread_setup_sampling_divergence_check","iteration_difference","main_scaling","two_run_difference",NA,4,1.11328320802005,1.11177944862156,0.00973687704884434,0.00599999999999845,1.1165,0.00321679197994832,0.00278320802005013,0.00600000000000023,1.115,0.00321303258145386,0.00277944862155389,0,FALSE,FALSE,7.18595227375056,2874.38090950022,0,"4748;4757;4766;4775",1217,500,"N = 500",2,"2","8",400,8,1.11328320802005,0.00973687704884434,7.18595227375056,"BayesMVP + chunking","BayesMVP + chunking",7.81990094551993,1.08822055137843,1214
"HPC","MD_BayesMVP","BayesMVP_NicoStan",500,2,16,16,1,400,"5fff1836d43ae39c037ca22d13a50ed5","state_allocation_thread_setup_sampling_divergence_check","iteration_difference","main_scaling","two_run_difference",NA,4,1.16315789473684,1.16641604010025,0.0362419071880303,0.0107500000000016,1.171,0.00784210526315949,0.0029078947368421,0.0114999999999998,1.173,0.00863408521303242,0.00291604010025062,0,FALSE,FALSE,13.7556561085973,5502.26244343892,0,"4749;4758;4767;4776",1218,500,"N = 500",2,"2","16",400,16,1.16315789473684,0.0362419071880303,13.7556561085973,"BayesMVP + chunking","BayesMVP + chunking",14.9691876750698,1.08822055137843,1214
"HPC","MD_BayesMVP","BayesMVP_NicoStan",500,2,32,32,1,400,"5fff1836d43ae39c037ca22d13a50ed5","state_allocation_thread_setup_sampling_divergence_check","iteration_difference","main_scaling","two_run_difference",NA,4,1.22832080200501,1.19448621553884,0.0872406081878146,0.0162500000000012,1.2415,0.0131791979949887,0.00307080200501253,0.0164999999999988,1.2065,0.0133195488721793,0.00298621553884709,0,FALSE,FALSE,26.051826157927,10420.7304631708,0,"4750;4759;4768;4777",1219,500,"N = 500",2,"2","32",400,32,1.22832080200501,0.0872406081878146,26.051826157927,"BayesMVP + chunking","BayesMVP + chunking",28.3501326259943,1.08822055137843,1214
"HPC","MD_BayesMVP","BayesMVP_NicoStan",500,2,64,64,1,400,"5fff1836d43ae39c037ca22d13a50ed5","state_allocation_thread_setup_sampling_divergence_check","iteration_difference","main_scaling","two_run_difference",NA,4,1.496992481203,1.46917293233082,0.188491395847625,0.024000000000008,1.51725,0.0202575187970005,0.0037424812030075,0.0245000000000033,1.489,0.0206879699248153,0.00367293233082705,0,FALSE,FALSE,42.7523857358114,17100.9542943245,0,"4751;4760;4769;4778",1220,500,"N = 500",2,"2","64",400,64,1.496992481203,0.188491395847625,42.7523857358114,"BayesMVP + chunking","BayesMVP + chunking",46.524024778168,1.08822055137843,1214
"HPC","MD_BayesMVP","BayesMVP_NicoStan",500,2,96,96,1,400,"5fff1836d43ae39c037ca22d13a50ed5","state_allocation_thread_setup_sampling_divergence_check","iteration_difference","main_scaling","two_run_difference",NA,4,1.8315789473684,1.78195488721803,0.12248914583942,0.0427500000000069,1.86974999999999,0.0381710526315859,0.00457894736842101,0.0375000000000014,1.82049999999999,0.0327844611528837,0.00445488721804508,0,FALSE,FALSE,52.4137931034488,20965.5172413795,0,"4752;4761;4770;4779",1221,500,"N = 500",2,"2","96",400,96,1.8315789473684,0.12248914583942,52.4137931034488,"BayesMVP + chunking","BayesMVP + chunking",57.03776683087,1.08822055137843,1214
"HPC","MD_BayesMVP","BayesMVP_NicoStan",500,2,180,180,1,400,"5fff1836d43ae39c037ca22d13a50ed5","state_allocation_thread_setup_sampling_divergence_check","iteration_difference","main_scaling","two_run_difference",NA,4,2.66741854636591,2.60350877192982,0.167268152901485,0.0437499999999975,2.7045,0.0370814536340827,0.00666854636591478,0.0435000000000016,2.64099999999999,0.0366716791979931,0.00650877192982455,0,FALSE,FALSE,67.4809734097529,26992.3893639012,0,"4753;4762;4771;4780",1222,500,"N = 500",2,"2","180",400,180,2.66741854636591,0.167268152901485,67.4809734097529,"BayesMVP + chunking","BayesMVP + chunking",73.4341820915146,1.08822055137843,1214
"HPC","MD_BayesMVP_WCP","BayesMVP_NicoStan",500,4,8,4,2,2000,"5fff1836d43ae39c037ca22d13a50ed5","state_allocation_thread_setup_sampling_divergence_check","iteration_difference","main_scaling","two_run_difference",NA,4,4.72361180590284,4.67383691845885,0.177690224611554,0.00425000000000342,4.7254999999999,0.001888194097052,0.00236180590295142,0.00449999999995221,4.67599999999957,0.00216308154072278,0.00233691845922942,0,FALSE,FALSE,0.846809637278282,1693.61927455656,0,"5617;5630;5643;5656",1432,500,"N = 500",4,"4","8",2000,4,4.72361180590284,0.177690224611554,0.846809637278282,"BayesMVP + chunking + WCP","BayesMVP + chunking + WCP",3.96356897008189,4.68059029514725,1426
"HPC","MD_BayesMVP_WCP","BayesMVP_NicoStan",500,2,16,8,2,2000,"5fff1836d43ae39c037ca22d13a50ed5","state_allocation_thread_setup_sampling_divergence_check","iteration_difference","main_scaling","two_run_difference",NA,4,4.68059029514725,4.66433216608264,0.0638461064299758,0.00750000000013262,4.68574999999981,0.005159704852559,0.00234029514757362,0.00799999999990497,4.66999999999996,0.0056678339173184,0.00233216608304132,0,FALSE,FALSE,1.70918612729131,3418.37225458261,0,"5590;5597;5604;5611",1426,500,"N = 500",2,"2","16",2000,8,4.68059029514725,0.0638461064299758,1.70918612729131,"BayesMVP + chunking + WCP","BayesMVP + chunking + WCP",8,4.68059029514725,1426
"HPC","MD_BayesMVP_WCP","BayesMVP_NicoStan",500,2,32,16,2,2000,"5fff1836d43ae39c037ca22d13a50ed5","state_allocation_thread_setup_sampling_divergence_check","iteration_difference","main_scaling","two_run_difference",NA,4,4.78964482241127,4.78539269634806,0.219071290296367,0.00950000000010931,4.79675000000017,0.00710517758890367,0.00239482241120564,0.00900000000000745,4.7930000000001,0.00663881940971218,0.00239269634817403,0,FALSE,FALSE,3.34053997597781,6681.07995195563,0,"5591;5598;5605;5612",1427,500,"N = 500",2,"2","32",2000,16,4.78964482241127,0.219071290296367,3.34053997597781,"BayesMVP + chunking + WCP","BayesMVP + chunking + WCP",15.6356989921132,4.68059029514725,1426
"HPC","MD_BayesMVP_WCP","BayesMVP_NicoStan",500,2,64,32,2,2000,"5fff1836d43ae39c037ca22d13a50ed5","state_allocation_thread_setup_sampling_divergence_check","iteration_difference","main_scaling","two_run_difference",NA,4,5.42271135567784,5.2656328164082,0.414070136427427,0.0154999999999992,5.4355,0.0127886443221603,0.00271135567783892,0.0150000000000006,5.278,0.0123671835917965,0.0026328164082041,0,FALSE,FALSE,5.90110701107011,11802.2140221402,0,"5592;5599;5606;5613",1428,500,"N = 500",2,"2","64",2000,32,5.42271135567784,0.414070136427427,5.90110701107011,"BayesMVP + chunking + WCP","BayesMVP + chunking + WCP",27.6206642066401,4.68059029514725,1426
"HPC","MD_BayesMVP_WCP","BayesMVP_NicoStan",500,2,96,48,2,2000,"5fff1836d43ae39c037ca22d13a50ed5","state_allocation_thread_setup_sampling_divergence_check","iteration_difference","main_scaling","two_run_difference",NA,4,6.85017508754378,6.847923961981,0.141261695248549,0.0212499999999962,6.868,0.0178249124562243,0.00342508754377189,0.0209999999999999,6.866,0.0176253126563218,0.0034239619809905,0,FALSE,FALSE,7.00712016650235,14014.2403330047,0,"5593;5600;5607;5614",1429,500,"N = 500",2,"2","96",2000,48,6.85017508754378,0.141261695248549,7.00712016650235,"BayesMVP + chunking + WCP","BayesMVP + chunking + WCP",32.7974586482615,4.68059029514725,1426
"HPC","MD_BayesMVP_WCP","BayesMVP_NicoStan",500,4,128,64,2,2000,"5fff1836d43ae39c037ca22d13a50ed5","state_allocation_thread_setup_sampling_divergence_check","iteration_difference","main_scaling","two_run_difference",NA,4,8.09329664832418,8.09204602301151,0.130680232069448,0.0209999999999866,8.11025,0.0169533516758245,0.00404664832416209,0.0209999999999866,8.10899999999999,0.0169539769884808,0.00404602301150576,0,FALSE,FALSE,7.90777884229068,15815.5576845814,0,"5628;5641;5654;5667",1443,500,"N = 500",4,"4","128",2000,64,8.09329664832418,0.130680232069448,7.90777884229068,"BayesMVP + chunking + WCP","BayesMVP + chunking + WCP",37.0130729053965,4.68059029514725,1426
"HPC","MD_BayesMVP_WCP","BayesMVP_NicoStan",500,2,180,90,2,2000,"5fff1836d43ae39c037ca22d13a50ed5","state_allocation_thread_setup_sampling_divergence_check","iteration_difference","main_scaling","two_run_difference",NA,4,10.1138069034517,10.1650825412706,0.195322958678937,0.0502499999999984,10.159,0.0451930965482725,0.00505690345172586,0.0514999999999972,10.209,0.0464687343671808,0.00508254127063532,0,FALSE,FALSE,8.8987263509336,17797.4527018672,0,"5595;5602;5609;5616",1431,500,"N = 500",2,"2","180",2000,90,10.1138069034517,0.195322958678937,8.8987263509336,"BayesMVP + chunking + WCP","BayesMVP + chunking + WCP",41.6512921973509,4.68059029514725,1426
"HPC","Mplus_standard","mplus",500,1,1,1,1,2000,"5fff1836d43ae39c037ca22d13a50ed5","Mplus_input_write_engine_run_output_validation_BITERATIONS","overhead_subtraction","main_scaling","two_run_difference",NA,3,1.65566666666667,1.654,0.0125830573921169,0.425666666666666,2.08133333333333,0.425666666666666,0.000827833333333334,0.427999999999997,2.082,0.427999999999997,0.000827000000000002,0,FALSE,FALSE,0.603986309643648,1207.9726192873,NA,"4601;4602;4603",1169,500,"N = 500",1,"1","1",2000,1,1.65566666666667,0.0125830573921169,0.603986309643648,"Mplus","Mplus",1,1.65566666666667,1169
"HPC","Mplus_standard","mplus",500,1,2,2,1,2000,"5fff1836d43ae39c037ca22d13a50ed5","Mplus_input_write_engine_run_output_validation_BITERATIONS","overhead_subtraction","main_scaling","two_run_difference",NA,3,3.40366666666667,3.383,0.0722518742548128,0.456000000000001,3.85966666666667,0.456000000000001,0.00170183333333333,0.451000000000001,3.854,0.451000000000001,0.0016915,0,FALSE,FALSE,0.587601606111057,1175.20321222211,NA,"4604;4605;4606",1170,500,"N = 500",1,"1","2",2000,2,3.40366666666667,0.0722518742548128,0.587601606111057,"Mplus","Mplus",0.972872392517874,1.65566666666667,1169
"HPC","Mplus_standard","mplus",500,1,4,4,1,2000,"5fff1836d43ae39c037ca22d13a50ed5","Mplus_input_write_engine_run_output_validation_BITERATIONS","overhead_subtraction","main_scaling","two_run_difference",NA,3,8.45066666666666,8.407,0.112072892946211,0.463666666666668,8.91433333333333,0.463666666666668,0.00422533333333333,0.463000000000001,8.868,0.463000000000001,0.0042035,0,FALSE,FALSE,0.473335437046387,946.670874092774,NA,"4607;4608;4609",1171,500,"N = 500",1,"1","4",2000,4,8.45066666666666,0.112072892946211,0.473335437046387,"Mplus","Mplus",0.783685705269802,1.65566666666667,1169
"HPC","Mplus_standard","mplus",500,1,8,8,1,2000,"5fff1836d43ae39c037ca22d13a50ed5","Mplus_input_write_engine_run_output_validation_BITERATIONS","overhead_subtraction","main_scaling","two_run_difference",NA,3,17.3823333333333,17.601,0.452528820444986,0.462333333333329,17.8446666666667,0.462333333333329,0.00869116666666667,0.459999999999994,18.061,0.459999999999994,0.00880050000000001,0,FALSE,FALSE,0.460237405795156,920.474811590312,NA,"4610;4611;4612",1172,500,"N = 500",1,"1","8",2000,8,17.3823333333333,0.452528820444986,0.460237405795156,"Mplus","Mplus",0.76199973152818,1.65566666666667,1169
"HPC","Mplus_standard","mplus",500,1,16,16,1,2000,"5fff1836d43ae39c037ca22d13a50ed5","Mplus_input_write_engine_run_output_validation_BITERATIONS","overhead_subtraction","main_scaling","two_run_difference",NA,3,21.707,20.991,1.61664498267244,0.465333333333338,22.1723333333333,0.465333333333338,0.0108535,0.465000000000003,21.44,0.465000000000003,0.0104955,0,FALSE,FALSE,0.737089418160041,1474.17883632008,NA,"4613;4614;4615",1173,500,"N = 500",1,"1","16",2000,16,21.707,1.61664498267244,0.737089418160041,"Mplus","Mplus",1.22037438000031,1.65566666666667,1169
"HPC","Mplus_standard","mplus",500,1,32,32,1,2000,"5fff1836d43ae39c037ca22d13a50ed5","Mplus_input_write_engine_run_output_validation_BITERATIONS","overhead_subtraction","main_scaling","two_run_difference",NA,3,23.8086666666667,24.476,2.14531031166434,0.464666666666667,24.2733333333333,0.464666666666667,0.0119043333333333,0.465,24.954,0.465,0.012238,0,FALSE,FALSE,1.34404838574189,2688.09677148377,NA,"4616;4617;4618",1174,500,"N = 500",1,"1","32",2000,32,23.8086666666667,2.14531031166434,1.34404838574189,"Mplus","Mplus",2.22529611065998,1.65566666666667,1169
"HPC","Mplus_standard","mplus",500,1,64,64,1,2000,"5fff1836d43ae39c037ca22d13a50ed5","Mplus_input_write_engine_run_output_validation_BITERATIONS","overhead_subtraction","main_scaling","two_run_difference",NA,3,23.2516666666667,21.467,3.88744972100392,0.513,23.7646666666667,0.513,0.0116258333333333,0.477999999999994,21.939,0.477999999999994,0.0107335,0,FALSE,FALSE,2.75249086087019,5504.98172174038,NA,"4619;4620;4621",1175,500,"N = 500",1,"1","64",2000,64,23.2516666666667,3.88744972100392,2.75249086087019,"Mplus","Mplus",4.55720736864741,1.65566666666667,1169
"HPC","Mplus_standard","mplus",500,1,96,96,1,2000,"5fff1836d43ae39c037ca22d13a50ed5","Mplus_input_write_engine_run_output_validation_BITERATIONS","overhead_subtraction","main_scaling","two_run_difference",NA,3,23.2006666666667,22.326,2.49096574310715,0.504999999999995,23.7056666666667,0.504999999999995,0.0116003333333333,0.498999999999995,22.798,0.498999999999995,0.011163,0,FALSE,FALSE,4.13781213183529,8275.62426367058,NA,"4622;4623;4624",1176,500,"N = 500",1,"1","96",2000,96,23.2006666666667,2.49096574310715,4.13781213183529,"Mplus","Mplus",6.85083761960863,1.65566666666667,1169
"HPC","Mplus_standard","mplus",500,1,180,180,1,2000,"5fff1836d43ae39c037ca22d13a50ed5","Mplus_input_write_engine_run_output_validation_BITERATIONS","overhead_subtraction","main_scaling","two_run_difference",NA,3,27.4456666666667,26.821,1.54575558654444,0.569333333333333,28.015,0.569333333333333,0.0137228333333333,0.558000000000021,27.436,0.558000000000021,0.0134105,0,FALSE,FALSE,6.55841237839611,13116.8247567922,NA,"4625;4626;4627",1177,500,"N = 500",1,"1","180",2000,180,27.4456666666667,1.54575558654444,6.55841237839611,"Mplus","Mplus",10.8585447611645,1.65566666666667,1169
"HPC","Mplus_WCP","mplus",500,1,8,4,2,10000,"5fff1836d43ae39c037ca22d13a50ed5","Mplus_input_write_engine_run_output_validation_BITERATIONS","overhead_subtraction","main_scaling","two_run_difference",NA,3,22.4676666666667,22.71,0.49970624704254,0.452666666666664,22.9203333333333,0.452666666666664,0.00224676666666667,0.447999999999993,23.158,0.447999999999993,0.002271,0,FALSE,FALSE,0.178033618681661,1780.33618681661,NA,"4385;4388;4391",1097,500,"N = 500",1,"1","8",10000,4,22.4676666666667,0.49970624704254,0.178033618681661,"Mplus + WCP","Mplus + WCP",4,22.4676666666667,1097
"HPC","Mplus_WCP","mplus",500,1,16,8,2,10000,"5fff1836d43ae39c037ca22d13a50ed5","Mplus_input_write_engine_run_output_validation_BITERATIONS","overhead_subtraction","main_scaling","two_run_difference",NA,3,31.3193333333333,30.893,1.45318626931765,0.447999999999998,31.7673333333333,0.447999999999998,0.00313193333333333,0.450999999999993,31.357,0.450999999999993,0.0030893,0,FALSE,FALSE,0.255433278698993,2554.33278698993,NA,"4394;4397;4400",1100,500,"N = 500",1,"1","16",10000,8,31.3193333333333,1.45318626931765,0.255433278698993,"Mplus + WCP","Mplus + WCP",5.73898976138275,22.4676666666667,1097
"HPC","Mplus_WCP","mplus",500,1,32,16,2,10000,"5fff1836d43ae39c037ca22d13a50ed5","Mplus_input_write_engine_run_output_validation_BITERATIONS","overhead_subtraction","main_scaling","two_run_difference",NA,3,39.0976666666666,38.653,1.05201584271969,0.442666666666696,39.5403333333333,0.442666666666696,0.00390976666666666,0.446000000000026,39.1059999999999,0.446000000000026,0.0038653,0,FALSE,FALSE,0.409231582447376,4092.31582447376,NA,"4403;4407;4411",1103,500,"N = 500",1,"1","32",10000,16,39.0976666666666,1.05201584271969,0.409231582447376,"Mplus + WCP","Mplus + WCP",9.19447878390017,22.4676666666667,1097
"HPC","Mplus_WCP","mplus",500,1,64,32,2,10000,"5fff1836d43ae39c037ca22d13a50ed5","Mplus_input_write_engine_run_output_validation_BITERATIONS","overhead_subtraction","main_scaling","two_run_difference",NA,3,39.1066666666667,35.73,5.88323323805313,0.62,39.7266666666667,0.62,0.00391066666666667,0.463,36.193,0.463,0.003573,0,FALSE,FALSE,0.818274803954995,8182.74803954995,NA,"4415;4416;4417",1107,500,"N = 500",1,"1","64",10000,32,39.1066666666667,5.88323323805313,0.818274803954995,"Mplus + WCP","Mplus + WCP",18.3847255369928,22.4676666666667,1097
"HPC","Mplus_WCP","mplus",500,1,96,48,2,10000,"5fff1836d43ae39c037ca22d13a50ed5","Mplus_input_write_engine_run_output_validation_BITERATIONS","overhead_subtraction","main_scaling","two_run_difference",NA,3,39.2466666666667,39.8900000000001,1.55802225058994,0.482666666666668,39.7293333333333,0.482666666666668,0.00392466666666667,0.489000000000004,40.3800000000001,0.489000000000004,0.003989,0,FALSE,FALSE,1.2230338032954,12230.338032954,NA,"4418;4419;4420",1108,500,"N = 500",1,"1","96",10000,48,39.2466666666667,1.55802225058994,1.2230338032954,"Mplus + WCP","Mplus + WCP",27.4787158145065,22.4676666666667,1097
"HPC","Mplus_WCP","mplus",500,1,128,64,2,10000,"5fff1836d43ae39c037ca22d13a50ed5","Mplus_input_write_engine_run_output_validation_BITERATIONS","overhead_subtraction","main_scaling","two_run_difference",NA,3,42.1933333333334,42.59,0.921430047987,0.596999999999997,42.7903333333334,0.596999999999997,0.00421933333333334,0.600999999999999,43.191,0.600999999999999,0.004259,0,FALSE,FALSE,1.51682730289145,15168.2730289145,NA,"4421;4422;4423",1109,500,"N = 500",1,"1","128",10000,64,42.1933333333334,0.921430047987,1.51682730289145,"Mplus + WCP","Mplus + WCP",34.0795702322642,22.4676666666667,1097
"HPC","Mplus_WCP","mplus",500,1,180,90,2,10000,"5fff1836d43ae39c037ca22d13a50ed5","Mplus_input_write_engine_run_output_validation_BITERATIONS","overhead_subtraction","main_scaling","two_run_difference",NA,3,53.1,54.8100000000001,5.16198605189899,0.629666666666665,53.7296666666667,0.629666666666665,0.00531,0.585999999999999,55.3960000000001,0.585999999999999,0.00548100000000001,0,FALSE,FALSE,1.69491525423729,16949.1525423729,NA,"4424;4425;4426",1110,500,"N = 500",1,"1","180",10000,90,53.1,5.16198605189899,1.69491525423729,"Mplus + WCP","Mplus + WCP",38.080790960452,22.4676666666667,1097
"HPC","AD_Stan","NicoStan_BridgeStan",500,1,1,1,1,200,"5fff1836d43ae39c037ca22d13a50ed5","NicoStan_BridgeStan_state_allocation_thread_setup_sampling_model_load_divergence_check","iteration_difference","main_scaling","two_run_difference",NA,4,0.488944723616658,0.488442211054151,0.00414382474989455,0.0105000000011715,0.496999999999746,0.00805527638308817,0.00244472361808329,0.0105000000011204,0.497499999999491,0.00803768844333707,0.00244221105527075,0,FALSE,FALSE,2.04522096609027,409.044193218054,0,"1;2;3;4",1,500,"N = 500",1,"1","1",200,1,0.488944723616658,0.00414382474989455,2.04522096609027,"Stan model (NicoStan)","Stan model (NicoStan)",1,0.488944723616658,1
"HPC","AD_Stan","NicoStan_BridgeStan",500,1,2,2,1,200,"5fff1836d43ae39c037ca22d13a50ed5","NicoStan_BridgeStan_state_allocation_thread_setup_sampling_model_load_divergence_check","iteration_difference","main_scaling","two_run_difference",NA,4,0.492964824120237,0.491959798993848,0.00467813736808424,0.0137500000002113,0.504249999999847,0.0112851758796101,0.00246482412060118,0.011000000000422,0.5,0.00855025125670707,0.00245979899496924,0,FALSE,FALSE,4.05708460754634,811.416921509267,0,"5;6;7;8",2,500,"N = 500",1,"1","2",200,2,0.492964824120237,0.00467813736808424,4.05708460754634,"Stan model (NicoStan)","Stan model (NicoStan)",1.98369011212614,0.488944723616658,1
"HPC","AD_Stan","NicoStan_BridgeStan",500,1,4,4,1,200,"5fff1836d43ae39c037ca22d13a50ed5","NicoStan_BridgeStan_state_allocation_thread_setup_sampling_model_load_divergence_check","iteration_difference","main_scaling","two_run_difference",NA,4,0.506030150753608,0.503517587941015,0.0189361243036659,0.0110000000002111,0.514500000000051,0.00846984924644302,0.00253015075376804,0.0110000000000001,0.511000000000509,0.00842964824039932,0.00251758793970507,0,FALSE,FALSE,7.90466732870162,1580.93346574032,0,"9;10;11;12",3,500,"N = 500",1,"1","4",200,4,0.506030150753608,0.0189361243036659,7.90466732870162,"Stan model (NicoStan)","Stan model (NicoStan)",3.86494538231364,0.488944723616658,1
"HPC","AD_Stan","NicoStan_BridgeStan",500,1,8,8,1,200,"5fff1836d43ae39c037ca22d13a50ed5","NicoStan_BridgeStan_state_allocation_thread_setup_sampling_model_load_divergence_check","iteration_difference","main_scaling","two_run_difference",NA,4,0.545477386935639,0.528643216081426,0.0609091384767598,0.0132499999997084,0.556000000000669,0.0105226130650302,0.0027273869346782,0.0124999999995046,0.540500000000931,0.00990452261256537,0.00264321608040713,0,FALSE,FALSE,14.6660525103379,2933.21050206758,0,"13;14;15;16",4,500,"N = 500",1,"1","8",200,8,0.545477386935639,0.0609091384767598,14.6660525103379,"Stan model (NicoStan)","Stan model (NicoStan)",7.17088899121457,0.488944723616658,1
"HPC","AD_Stan","NicoStan_BridgeStan",500,1,16,16,1,200,"5fff1836d43ae39c037ca22d13a50ed5","NicoStan_BridgeStan_state_allocation_thread_setup_sampling_model_load_divergence_check","iteration_difference","main_scaling","two_run_difference",NA,4,0.613065326633334,0.587437185930585,0.115640504486666,0.0182499999998105,0.628249999999978,0.0151846733666438,0.00306532663316667,0.0165000000001161,0.601000000001048,0.0135628140704632,0.00293718592965292,0,FALSE,FALSE,26.0983606557305,5219.67213114611,0,"17;18;19;20",5,500,"N = 500",1,"1","16",200,16,0.613065326633334,0.115640504486666,26.0983606557305,"Stan model (NicoStan)","Stan model (NicoStan)",12.760655737664,0.488944723616658,1
"HPC","AD_Stan","NicoStan_BridgeStan",500,1,32,32,1,200,"5fff1836d43ae39c037ca22d13a50ed5","NicoStan_BridgeStan_state_allocation_thread_setup_sampling_model_load_divergence_check","iteration_difference","main_scaling","two_run_difference",NA,4,0.785678391960274,0.78894472362027,0.160007186104922,0.0239999999992073,0.80574999999968,0.020071608039406,0.00392839195980137,0.0194999999985015,0.81550000000067,0.015746231154188,0.00394472361810135,0,FALSE,FALSE,40.7291333546284,8145.82667092568,11,"21;22;23;24",6,500,"N = 500",1,"1","32",200,32,0.785678391960274,0.160007186104922,40.7291333546284,"Stan model (NicoStan)","Stan model (NicoStan)",19.9142948512248,0.488944723616658,1
"HPC","AD_Stan","NicoStan_BridgeStan",500,1,64,64,1,200,"5fff1836d43ae39c037ca22d13a50ed5","NicoStan_BridgeStan_state_allocation_thread_setup_sampling_model_load_divergence_check","iteration_difference","main_scaling","two_run_difference",NA,4,1.25552763819131,1.24673366834191,0.152090942940117,0.0347500000000727,1.28400000000042,0.0284723618091161,0.00627763819095653,0.0289999999997237,1.28100000000063,0.0226783919595202,0.00623366834170957,0,FALSE,FALSE,50.9745847508363,10194.9169501673,11,"25;26;27;28",7,500,"N = 500",1,"1","64",200,64,1.25552763819131,0.152090942940117,50.9745847508363,"Stan model (NicoStan)","Stan model (NicoStan)",24.9237542524715,0.488944723616658,1
"HPC","AD_Stan","NicoStan_BridgeStan",500,1,96,96,1,200,"5fff1836d43ae39c037ca22d13a50ed5","NicoStan_BridgeStan_state_allocation_thread_setup_sampling_model_load_divergence_check","iteration_difference","main_scaling","two_run_difference",NA,4,2.15778894472353,2.19899497487335,0.306941540193545,0.0422499999999273,2.18924999999984,0.0314610552763096,0.0107889447236177,0.0365000000005384,2.24049999999952,0.0254924623114131,0.0109949748743667,0,FALSE,FALSE,44.4899860270163,8897.99720540325,11,"29;30;31;32",8,500,"N = 500",1,"1","96",200,96,2.15778894472353,0.306941540193545,44.4899860270163,"Stan model (NicoStan)","Stan model (NicoStan)",21.7531439216884,0.488944723616658,1
"HPC","AD_Stan","NicoStan_BridgeStan",500,1,180,180,1,200,"5fff1836d43ae39c037ca22d13a50ed5","NicoStan_BridgeStan_state_allocation_thread_setup_sampling_model_load_divergence_check","iteration_difference","main_scaling","two_run_difference",NA,4,4.5580402010038,4.47939698492474,0.471457400697968,0.0760000000009029,4.61124999999968,0.0532097989958839,0.022790201005019,0.0565000000001472,4.51350000000026,0.0341030150755235,0.0223969849246237,0,FALSE,FALSE,39.4906565239068,7898.13130478136,47,"33;34;35;36",9,500,"N = 500",1,"1","180",200,180,4.5580402010038,0.471457400697968,39.4906565239068,"Stan model (NicoStan)","Stan model (NicoStan)",19.308748139522,0.488944723616658,1
"HPC","AD_Stan_tape_chunked","NicoStan_BridgeStan",500,2,1,1,1,200,"5fff1836d43ae39c037ca22d13a50ed5","NicoStan_BridgeStan_state_allocation_thread_setup_sampling_model_load_divergence_check","iteration_difference","main_scaling","two_run_difference",250,4,0.671859296482412,0.671356783919598,0.00502512562814041,0.0102500000000001,0.67875,0.00689070351758803,0.00335929648241206,0.0100000000000007,0.6775,0.00665829145728711,0.00335678391959799,0,FALSE,FALSE,1.48840688107704,297.681376215408,0,"1081;1082;1083;1084",271,500,"N = 500",2,"2","1",200,1,0.671859296482412,0.00502512562814041,1.48840688107704,"Stan model (NicoStan) + tape chunking","Stan model (NicoStan) + tape chunking",0.999252056843681,0.671356783919599,272
"HPC","AD_Stan_tape_chunked","NicoStan_BridgeStan",500,2,2,2,1,200,"5fff1836d43ae39c037ca22d13a50ed5","NicoStan_BridgeStan_state_allocation_thread_setup_sampling_model_load_divergence_check","iteration_difference","main_scaling","two_run_difference",250,4,0.671356783919599,0.672361809045227,0.00635633700536403,0.0102499999999996,0.67825,0.00689321608040165,0.00335678391959799,0.00999999999999979,0.6795,0.00665326633165808,0.00336180904522613,0,FALSE,FALSE,2.97904191616766,595.808383233532,0,"1085;1086;1087;1088",272,500,"N = 500",2,"2","2",200,2,0.671356783919599,0.00635633700536403,2.97904191616766,"Stan model (NicoStan) + tape chunking","Stan model (NicoStan) + tape chunking",2,0.671356783919599,272
"HPC","AD_Stan_tape_chunked","NicoStan_BridgeStan",500,2,4,4,1,200,"5fff1836d43ae39c037ca22d13a50ed5","NicoStan_BridgeStan_state_allocation_thread_setup_sampling_model_load_divergence_check","iteration_difference","main_scaling","two_run_difference",250,4,0.68643216080402,0.686934673366835,0.00357691063719608,0.0124999999999997,0.6955,0.00906783919597963,0.0034321608040201,0.0109999999999992,0.694,0.00758291457286355,0.00343467336683417,0,FALSE,FALSE,5.82723279648609,1165.44655929722,0,"1089;1090;1091;1092",273,500,"N = 500",2,"2","4",200,4,0.68643216080402,0.00357691063719608,5.82723279648609,"Stan model (NicoStan) + tape chunking","Stan model (NicoStan) + tape chunking",3.91215226939971,0.671356783919599,272
"HPC","AD_Stan_tape_chunked","NicoStan_BridgeStan",500,2,8,8,1,200,"5fff1836d43ae39c037ca22d13a50ed5","NicoStan_BridgeStan_state_allocation_thread_setup_sampling_model_load_divergence_check","iteration_difference","main_scaling","two_run_difference",250,4,0.714070351758793,0.714572864321607,0.0041438247493643,0.0169999999999999,0.727499999999999,0.0134296482412059,0.00357035175879397,0.0164999999999997,0.729,0.0129170854271354,0.00357286432160803,0,FALSE,FALSE,11.2033779028853,2240.67558057706,0,"1093;1094;1095;1096",274,500,"N = 500",2,"2","8",200,8,0.714070351758793,0.0041438247493643,11.2033779028853,"Stan model (NicoStan) + tape chunking","Stan model (NicoStan) + tape chunking",7.52146375791698,0.671356783919599,272
"HPC","AD_Stan_tape_chunked","NicoStan_BridgeStan",500,4,16,16,1,200,"5fff1836d43ae39c037ca22d13a50ed5","NicoStan_BridgeStan_state_allocation_thread_setup_sampling_model_load_divergence_check","iteration_difference","main_scaling","two_run_difference",125,4,0.797989949748742,0.799497487437187,0.00720073208046909,0.0169999999999995,0.810999999999998,0.0130100502512557,0.00398994974874371,0.0160000000000018,0.814499999999995,0.0120301507537707,0.00399748743718593,0,FALSE,FALSE,20.0503778337532,4010.07556675064,0,"1133;1134;1135;1136",284,500,"N = 500",4,"4","16",200,16,0.797989949748742,0.00720073208046909,20.0503778337532,"Stan model (NicoStan) + tape chunking","Stan model (NicoStan) + tape chunking",13.4609571788413,0.671356783919599,272
"HPC","AD_Stan_tape_chunked","NicoStan_BridgeStan",500,2,32,32,1,200,"5fff1836d43ae39c037ca22d13a50ed5","NicoStan_BridgeStan_state_allocation_thread_setup_sampling_model_load_divergence_check","iteration_difference","main_scaling","two_run_difference",250,4,0.968592964824121,0.962814070351759,0.0501934340697727,0.0277500000000002,0.991500000000001,0.0229070351758796,0.00484296482412061,0.0280000000000005,0.985,0.0231934673366839,0.00481407035175879,0,FALSE,FALSE,33.0376134889753,6607.52269779507,0,"1101;1102;1103;1104",276,500,"N = 500",2,"2","32",200,32,0.968592964824121,0.0501934340697727,33.0376134889753,"Stan model (NicoStan) + tape chunking","Stan model (NicoStan) + tape chunking",22.1800259403372,0.671356783919599,272
"HPC","AD_Stan_tape_chunked","NicoStan_BridgeStan",500,2,64,64,1,200,"5fff1836d43ae39c037ca22d13a50ed5","NicoStan_BridgeStan_state_allocation_thread_setup_sampling_model_load_divergence_check","iteration_difference","main_scaling","two_run_difference",250,4,1.26030150753769,1.2643216080402,0.136589779730168,0.0460000000000003,1.3,0.0396984924623118,0.00630150753768844,0.0455000000000005,1.3015,0.0386256281407041,0.00632160804020101,0,FALSE,FALSE,50.7814992025518,10156.2998405104,0,"1105;1106;1107;1108",277,500,"N = 500",2,"2","64",200,64,1.26030150753769,0.136589779730168,50.7814992025518,"Stan model (NicoStan) + tape chunking","Stan model (NicoStan) + tape chunking",34.0925039872408,0.671356783919599,272
"HPC","AD_Stan_tape_chunked","NicoStan_BridgeStan",500,4,96,96,1,200,"5fff1836d43ae39c037ca22d13a50ed5","NicoStan_BridgeStan_state_allocation_thread_setup_sampling_model_load_divergence_check","iteration_difference","main_scaling","two_run_difference",125,4,1.63467336683417,1.6321608040201,0.10010474048061,0.0417500000000022,1.66825,0.0335766331658313,0.00817336683417084,0.0400000000000027,1.6675,0.0318140703517615,0.0081608040201005,0,FALSE,FALSE,58.7273286197358,11745.4657239472,0,"1145;1146;1147;1148",287,500,"N = 500",4,"4","96",200,96,1.63467336683417,0.10010474048061,58.7273286197358,"Stan model (NicoStan) + tape chunking","Stan model (NicoStan) + tape chunking",39.4269904703352,0.671356783919599,272
"HPC","AD_Stan_tape_chunked","NicoStan_BridgeStan",500,4,180,180,1,200,"5fff1836d43ae39c037ca22d13a50ed5","NicoStan_BridgeStan_state_allocation_thread_setup_sampling_model_load_divergence_check","iteration_difference","main_scaling","two_run_difference",125,4,2.8035175879397,2.79095477386935,0.140333324926034,0.0714999999999968,2.861,0.0574824120602983,0.0140175879396985,0.0684999999999967,2.8445,0.0539271356783886,0.0139547738693468,0,FALSE,FALSE,64.2050546692955,12841.0109338591,0,"1149;1150;1151;1152",288,500,"N = 500",4,"4","180",200,180,2.8035175879397,0.140333324926034,64.2050546692955,"Stan model (NicoStan) + tape chunking","Stan model (NicoStan) + tape chunking",43.1044990141602,0.671356783919599,272
"HPC","AD_Stan_WCP","NicoStan_BridgeStan",500,4,8,4,2,800,"5fff1836d43ae39c037ca22d13a50ed5","NicoStan_BridgeStan_state_allocation_thread_setup_sampling_model_load_divergence_check","iteration_difference","main_scaling","two_run_difference",125,4,1.7819774718398,1.78222778473092,0.0012598805899498,0.0147499999999994,1.7945,0.0125225281601996,0.00222747183979975,0.0145,1.7935,0.0122734668335419,0.00222778473091365,0,FALSE,FALSE,2.24469728894508,1795.75783115606,0,"2065;2067;2069;2071",517,500,"N = 500",4,"4","8",800,4,1.7819774718398,0.0012598805899498,2.24469728894508,"Stan model (NicoStan) + tape chunking + WCP","Stan model (NicoStan) + tape chunking + WCP",4,1.7819774718398,517
"HPC","AD_Stan_WCP","NicoStan_BridgeStan",500,4,16,8,2,800,"5fff1836d43ae39c037ca22d13a50ed5","NicoStan_BridgeStan_state_allocation_thread_setup_sampling_model_load_divergence_check","iteration_difference","main_scaling","two_run_difference",125,4,1.95219023779725,1.95193992490613,0.00250312891113769,0.0177500000000004,1.9675,0.0153097622027538,0.00244023779724656,0.017000000000003,1.967,0.0145600750938704,0.00243992490613266,0,FALSE,FALSE,4.09796127708681,3278.36902166945,0,"2073;2075;2077;2079",519,500,"N = 500",4,"4","16",800,8,1.95219023779725,0.00250312891113769,4.09796127708681,"Stan model (NicoStan) + tape chunking + WCP","Stan model (NicoStan) + tape chunking + WCP",7.30247467624055,1.7819774718398,517
"HPC","AD_Stan_WCP","NicoStan_BridgeStan",500,4,32,16,2,800,"5fff1836d43ae39c037ca22d13a50ed5","NicoStan_BridgeStan_state_allocation_thread_setup_sampling_model_load_divergence_check","iteration_difference","main_scaling","two_run_difference",125,4,2.22202753441802,2.21476846057572,0.0989851664736413,0.0200000000000031,2.23925,0.0172224655819806,0.00277753441802252,0.0200000000000031,2.2325,0.0172102628285388,0.00276846057571965,0,FALSE,FALSE,7.20063084375353,5760.50467500282,0,"2081;2083;2085;2087",521,500,"N = 500",4,"4","32",800,16,2.22202753441802,0.0989851664736413,7.20063084375353,"Stan model (NicoStan) + tape chunking + WCP","Stan model (NicoStan) + tape chunking + WCP",12.8313619466036,1.7819774718398,517
"HPC","AD_Stan_WCP","NicoStan_BridgeStan",500,4,64,32,2,800,"5fff1836d43ae39c037ca22d13a50ed5","NicoStan_BridgeStan_state_allocation_thread_setup_sampling_model_load_divergence_check","iteration_difference","main_scaling","two_run_difference",125,4,2.88621553884712,2.90225563909775,0.112905529626458,0.0257500000000022,2.90835776942356,0.0221422305764433,0.00360776942355889,0.0265000000000057,2.92362781954888,0.0227969924812088,0.00362781954887219,0,FALSE,FALSE,11.08718304967,8869.74643973603,0,"2093;2095;2097;2099",524,500,"N = 500",4,"4","64",800,32,2.88621553884712,0.112905529626458,11.08718304967,"Stan model (NicoStan) + tape chunking + WCP","Stan model (NicoStan) + tape chunking + WCP",19.7571104206761,1.7819774718398,517
"HPC","AD_Stan_WCP","NicoStan_BridgeStan",500,4,96,48,2,800,"5fff1836d43ae39c037ca22d13a50ed5","NicoStan_BridgeStan_state_allocation_thread_setup_sampling_model_load_divergence_check","iteration_difference","main_scaling","two_run_difference",125,4,3.66967418546364,3.6922305764411,0.080190057799573,0.0315000000000047,3.69658709273182,0.0269129072681752,0.00458709273182955,0.0320000000000036,3.71661528822055,0.0274862155388507,0.00461528822055137,0,FALSE,FALSE,13.0801803032373,10464.1442425899,0,"2105;2106;2107;2108",527,500,"N = 500",4,"4","96",800,48,3.66967418546364,0.080190057799573,13.0801803032373,"Stan model (NicoStan) + tape chunking + WCP","Stan model (NicoStan) + tape chunking + WCP",23.3085866279716,1.7819774718398,517
"HPC","AD_Stan_WCP","NicoStan_BridgeStan",500,4,128,64,2,800,"5fff1836d43ae39c037ca22d13a50ed5","NicoStan_BridgeStan_state_allocation_thread_setup_sampling_model_load_divergence_check","iteration_difference","main_scaling","two_run_difference",125,4,4.53082706766917,4.4671679197995,0.147077156343857,0.0330000000000013,4.55816353383459,0.0273364661654148,0.00566353383458647,0.0335000000000036,4.49308395989975,0.0279248120300788,0.00558395989974938,0,FALSE,FALSE,14.1254563557916,11300.3650846333,0,"2109;2110;2111;2112",528,500,"N = 500",4,"4","128",800,64,4.53082706766917,0.147077156343857,14.1254563557916,"Stan model (NicoStan) + tape chunking + WCP","Stan model (NicoStan) + tape chunking + WCP",25.1712450054769,1.7819774718398,517
"HPC","AD_Stan_WCP","NicoStan_BridgeStan",500,10,180,90,2,800,"5fff1836d43ae39c037ca22d13a50ed5","NicoStan_BridgeStan_state_allocation_thread_setup_sampling_model_load_divergence_check","iteration_difference","main_scaling","two_run_difference",50,4,6.13383458646618,6.13333333333336,0.0911839933181098,0.0339999999999989,6.16016729323309,0.0263327067669162,0.00766729323308272,0.0335000000000036,6.15866666666669,0.0258245614035124,0.0076666666666667,0,FALSE,FALSE,14.6727139004658,11738.1711203726,0,"2181;2182;2183;2184",546,500,"N = 500",10,"10","180",800,90,6.13383458646618,0.0911839933181098,14.6727139004658,"Stan model (NicoStan) + tape chunking + WCP","Stan model (NicoStan) + tape chunking + WCP",26.1464456213807,1.7819774718398,517
"HPC","MD_BayesMVP","BayesMVP_NicoStan",2500,1,1,1,1,80,"229e14792b0f4550a6f1e0887b422826","state_allocation_thread_setup_sampling_divergence_check","iteration_difference","main_scaling","two_run_difference",NA,4,0.846835443037971,0.84658227848104,0.0040821558218991,0.0129999999999981,0.849249999999994,0.00241455696202349,0.0105854430379746,0.0135000000000076,0.848499999999994,0.00287341772152695,0.010582278481013,0,FALSE,FALSE,1.18086696562033,94.4693572496267,0,"4861;4870;4879;4888",1243,2500,"N = 2500",1,"1","1",80,1,0.846835443037971,0.0040821558218991,1.18086696562033,"BayesMVP (1 chunk)","BayesMVP + chunking",1,0.846835443037971,1243
"HPC","MD_BayesMVP","BayesMVP_NicoStan",2500,1,2,2,1,80,"229e14792b0f4550a6f1e0887b422826","state_allocation_thread_setup_sampling_divergence_check","iteration_difference","main_scaling","two_run_difference",NA,4,0.852151898734174,0.852658227848078,0.00267924183397506,0.0152500000000089,0.856750000000005,0.0045981012658317,0.0106518987341772,0.0150000000000148,0.858000000000004,0.00436075949368577,0.010658227848101,0,FALSE,FALSE,2.34699940582295,187.759952465836,0,"4862;4871;4880;4889",1244,2500,"N = 2500",1,"1","2",80,2,0.852151898734174,0.00267924183397506,2.34699940582295,"BayesMVP (1 chunk)","BayesMVP + chunking",1.98752228163993,0.846835443037971,1243
"HPC","MD_BayesMVP","BayesMVP_NicoStan",2500,1,4,4,1,80,"229e14792b0f4550a6f1e0887b422826","state_allocation_thread_setup_sampling_divergence_check","iteration_difference","main_scaling","two_run_difference",NA,4,0.857215189873431,0.853670886075967,0.0153465895988944,0.020749999999996,0.867250000000009,0.0100348101265782,0.0107151898734179,0.0200000000000102,0.866000000000014,0.00943670886076983,0.0106708860759496,0,FALSE,FALSE,4.66627288836378,373.301831069102,0,"4863;4872;4881;4890",1245,2500,"N = 2500",1,"1","4",80,4,0.857215189873431,0.0153465895988944,4.66627288836378,"BayesMVP (1 chunk)","BayesMVP + chunking",3.95156526875361,0.846835443037971,1243
"HPC","MD_BayesMVP","BayesMVP_NicoStan",2500,1,8,8,1,80,"229e14792b0f4550a6f1e0887b422826","state_allocation_thread_setup_sampling_divergence_check","iteration_difference","main_scaling","two_run_difference",NA,4,0.874177215189878,0.873417721518999,0.0224979599329047,0.0282499999999892,0.891499999999994,0.0173227848101158,0.0109272151898735,0.0279999999999987,0.889499999999998,0.0168354430379734,0.0109177215189875,0,FALSE,FALSE,9.15146249637991,732.116999710393,0,"4864;4873;4882;4891",1246,2500,"N = 2500",1,"1","8",80,8,0.874177215189878,0.0224979599329047,9.15146249637991,"BayesMVP (1 chunk)","BayesMVP + chunking",7.74978279756726,0.846835443037971,1243
"HPC","MD_BayesMVP","BayesMVP_NicoStan",2500,1,16,16,1,80,"229e14792b0f4550a6f1e0887b422826","state_allocation_thread_setup_sampling_divergence_check","iteration_difference","main_scaling","two_run_difference",NA,4,0.875696202531636,0.87594936708861,0.0185139294164806,0.0357500000000108,0.900500000000001,0.0248037974683654,0.0109462025316454,0.0355000000000132,0.900500000000015,0.0245506329114056,0.0109493670886076,0,FALSE,FALSE,18.2711766406478,1461.69413125182,0,"4865;4874;4883;4892",1247,2500,"N = 2500",1,"1","16",80,16,0.875696202531636,0.0185139294164806,18.2711766406478,"BayesMVP (1 chunk)","BayesMVP + chunking",15.472679965308,0.846835443037971,1243
"HPC","MD_BayesMVP","BayesMVP_NicoStan",2500,1,32,32,1,80,"229e14792b0f4550a6f1e0887b422826","state_allocation_thread_setup_sampling_divergence_check","iteration_difference","main_scaling","two_run_difference",NA,4,1.04936708860759,0.882531645569618,0.337400514197515,0.0479999999999947,1.08424999999999,0.0348829113923998,0.0131170886075949,0.0474999999999852,0.922499999999978,0.0344873417721636,0.0110316455696202,0,FALSE,FALSE,30.4945717732209,2439.56574185767,0,"4866;4875;4884;4893",1248,2500,"N = 2500",1,"1","32",80,32,1.04936708860759,0.337400514197515,30.4945717732209,"BayesMVP (1 chunk)","BayesMVP + chunking",25.8238841978287,0.846835443037971,1243
"HPC","MD_BayesMVP","BayesMVP_NicoStan",2500,1,64,64,1,80,"229e14792b0f4550a6f1e0887b422826","state_allocation_thread_setup_sampling_divergence_check","iteration_difference","main_scaling","two_run_difference",NA,4,1.35139240506327,1.30075949367087,0.175308854501702,0.0714999999999968,1.40599999999998,0.0546075949367059,0.0168924050632909,0.0664999999999907,1.36099999999999,0.0489746835442948,0.0162594936708859,0,FALSE,FALSE,47.3585612588992,3788.68490071193,0,"4867;4876;4885;4894",1249,2500,"N = 2500",1,"1","64",80,64,1.35139240506327,0.175308854501702,47.3585612588992,"BayesMVP (1 chunk)","BayesMVP + chunking",40.1049082053207,0.846835443037971,1243
"HPC","MD_BayesMVP","BayesMVP_NicoStan",2500,1,96,96,1,80,"229e14792b0f4550a6f1e0887b422826","state_allocation_thread_setup_sampling_divergence_check","iteration_difference","main_scaling","two_run_difference",NA,4,1.73645569620253,1.74126582278481,0.0732779114011342,0.127250000000004,1.84200000000001,0.105544303797472,0.0217056962025317,0.128000000000007,1.846,0.106354430379754,0.0217658227848102,0,FALSE,FALSE,55.2850269718617,4422.80215774894,0,"4868;4877;4886;4895",1250,2500,"N = 2500",1,"1","96",80,96,1.73645569620253,0.0732779114011342,55.2850269718617,"BayesMVP (1 chunk)","BayesMVP + chunking",46.8173203090827,0.846835443037971,1243
"HPC","MD_BayesMVP","BayesMVP_NicoStan",2500,1,180,180,1,80,"229e14792b0f4550a6f1e0887b422826","state_allocation_thread_setup_sampling_divergence_check","iteration_difference","main_scaling","two_run_difference",NA,4,5.16227848101267,5.15949367088608,0.170358240910788,0.276499999999992,5.37425,0.211971518987333,0.0645284810126584,0.285999999999994,5.404,0.221215189873412,0.0644936708860759,0,FALSE,FALSE,34.8683242607032,2789.46594085625,0,"4869;4878;4887;4896",1251,2500,"N = 2500",1,"1","180",80,180,5.16227848101267,0.170358240910788,34.8683242607032,"BayesMVP (1 chunk)","BayesMVP + chunking",29.5277328233042,0.846835443037971,1243
"HPC","MD_BayesMVP","BayesMVP_NicoStan",2500,8,1,1,1,80,"229e14792b0f4550a6f1e0887b422826","state_allocation_thread_setup_sampling_divergence_check","iteration_difference","main_scaling","two_run_difference",NA,4,0.733164556962026,0.731645569620253,0.00413415990343156,0.0109999999999992,0.734999999999999,0.00183544303797391,0.00916455696202532,0.0109999999999992,0.733499999999999,0.00185443037974607,0.00914556962025317,0,FALSE,FALSE,1.36395027624309,109.116022099447,0,"5045;5046;5047;5048",1289,2500,"N = 2500",8,"8","1",80,1,0.733164556962026,0.00413415990343156,1.36395027624309,"BayesMVP + chunking","BayesMVP + chunking",1,0.733164556962026,1289
"HPC","MD_BayesMVP","BayesMVP_NicoStan",2500,10,2,2,1,80,"229e14792b0f4550a6f1e0887b422826","state_allocation_thread_setup_sampling_divergence_check","iteration_difference","main_scaling","two_run_difference",NA,4,0.771645569620257,0.752911392405075,0.0479063338633476,0.0182499999999948,0.780249999999999,0.00860443037974156,0.00964556962025321,0.0180000000000149,0.762,0.00870886075950872,0.00941139240506344,0,FALSE,FALSE,2.59186351706035,207.349081364828,0,"4970;4979;4988;4997",1271,2500,"N = 2500",10,"10","2",80,2,0.771645569620257,0.0479063338633476,2.59186351706035,"BayesMVP + chunking","BayesMVP + chunking",1.90026246719159,0.733164556962026,1289
"HPC","MD_BayesMVP","BayesMVP_NicoStan",2500,2,4,4,1,80,"229e14792b0f4550a6f1e0887b422826","state_allocation_thread_setup_sampling_divergence_check","iteration_difference","main_scaling","two_run_difference",NA,4,0.814683544303795,0.806582278481007,0.0392592850126229,0.0177499999999995,0.822249999999997,0.00756645569620205,0.0101835443037974,0.0179999999999936,0.814,0.00748101265822139,0.0100822784810126,0,FALSE,FALSE,4.90988191423246,392.790553138597,0,"4899;4908;4917;4926",1254,2500,"N = 2500",2,"2","4",80,4,0.814683544303795,0.0392592850126229,4.90988191423246,"BayesMVP + chunking","BayesMVP + chunking",3.5997513983841,0.733164556962026,1289
"HPC","MD_BayesMVP","BayesMVP_NicoStan",2500,4,8,8,1,80,"229e14792b0f4550a6f1e0887b422826","state_allocation_thread_setup_sampling_divergence_check","iteration_difference","main_scaling","two_run_difference",NA,4,0.784303797468343,0.755949367088598,0.0719605130672634,0.0597500000000117,0.834250000000001,0.0499462025316574,0.00980379746835429,0.0230000000000246,0.768500000000003,0.0136898734177464,0.00944936708860747,0,FALSE,FALSE,10.2001291155586,816.010329244686,0,"4936;4945;4954;4963",1264,2500,"N = 2500",4,"4","8",80,8,0.784303797468343,0.0719605130672634,10.2001291155586,"BayesMVP + chunking","BayesMVP + chunking",7.47837314396396,0.733164556962026,1289
"HPC","MD_BayesMVP","BayesMVP_NicoStan",2500,10,16,16,1,80,"229e14792b0f4550a6f1e0887b422826","state_allocation_thread_setup_sampling_divergence_check","iteration_difference","main_scaling","two_run_difference",NA,4,0.873670886075948,0.760000000000002,0.23386102499086,0.0309999999999988,0.893749999999997,0.0200791139240495,0.0109208860759493,0.0319999999999965,0.780000000000008,0.0200000000000058,0.00950000000000003,0,FALSE,FALSE,18.3135323094756,1465.08258475804,0,"4973;4982;4991;5000",1274,2500,"N = 2500",10,"10","16",80,16,0.873670886075948,0.23386102499086,18.3135323094756,"BayesMVP + chunking","BayesMVP + chunking",13.4268328020864,0.733164556962026,1289
"HPC","MD_BayesMVP","BayesMVP_NicoStan",2500,25,32,32,1,80,"229e14792b0f4550a6f1e0887b422826","state_allocation_thread_setup_sampling_divergence_check","iteration_difference","main_scaling","two_run_difference",NA,4,0.807341772151897,0.788860759493682,0.18246099629374,0.167249999999996,0.964499999999994,0.157158227848097,0.0100917721518987,0.16849999999998,0.950999999999993,0.158639240506309,0.00986075949367102,0,FALSE,FALSE,39.6362496080277,3170.89996864221,0,"5010;5019;5028;5037",1284,2500,"N = 2500",25,"25","32",80,32,0.807341772151897,0.18246099629374,39.6362496080277,"BayesMVP + chunking","BayesMVP + chunking",29.0598933835059,0.733164556962026,1289
"HPC","MD_BayesMVP","BayesMVP_NicoStan",2500,25,64,64,1,80,"229e14792b0f4550a6f1e0887b422826","state_allocation_thread_setup_sampling_divergence_check","iteration_difference","main_scaling","two_run_difference",NA,4,1.10455696202531,1.13012658227847,0.139534786837188,0.0500000000000043,1.14075,0.0361930379746879,0.0138069620253164,0.0504999999999995,1.16549999999999,0.0362278481012821,0.0141265822784808,0,FALSE,FALSE,57.9417831767137,4635.34265413709,0,"5011;5020;5029;5038",1285,2500,"N = 2500",25,"25","64",80,64,1.10455696202531,0.139534786837188,57.9417831767137,"BayesMVP + chunking","BayesMVP + chunking",42.480861792345,0.733164556962026,1289
"HPC","MD_BayesMVP","BayesMVP_NicoStan",2500,4,96,96,1,80,"229e14792b0f4550a6f1e0887b422826","state_allocation_thread_setup_sampling_divergence_check","iteration_difference","main_scaling","two_run_difference",NA,4,1.34632911392404,1.34683544303795,0.123335231547678,0.0647500000000072,1.39424999999999,0.0479208860759567,0.0168291139240504,0.0655000000000072,1.39399999999998,0.0486772151898807,0.0168354430379744,0,FALSE,FALSE,71.305001880407,5704.40015043256,0,"4940;4949;4958;4967",1268,2500,"N = 2500",4,"4","96",80,96,1.34632911392404,0.123335231547678,71.305001880407,"BayesMVP + chunking","BayesMVP + chunking",52.278300112825,0.733164556962026,1289
"HPC","MD_BayesMVP","BayesMVP_NicoStan",2500,10,180,180,1,80,"229e14792b0f4550a6f1e0887b422826","state_allocation_thread_setup_sampling_divergence_check","iteration_difference","main_scaling","two_run_difference",NA,4,1.97417721518985,1.96860759493668,0.195339821020829,0.0755000000000088,2.02499999999999,0.0508227848101356,0.0246772151898732,0.0755000000000194,2.01999999999998,0.0513924050632991,0.0246075949367085,0,FALSE,FALSE,91.1772249294701,7294.17799435761,0,"4977;4986;4995;5004",1278,2500,"N = 2500",10,"10","180",80,180,1.97417721518985,0.195339821020829,91.1772249294701,"BayesMVP + chunking","BayesMVP + chunking",66.8479097204419,0.733164556962026,1289
"HPC","MD_BayesMVP_WCP","BayesMVP_NicoStan",2500,4,8,4,2,400,"229e14792b0f4550a6f1e0887b422826","state_allocation_thread_setup_sampling_divergence_check","iteration_difference","main_scaling","two_run_difference",NA,4,2.43182957393489,2.43759398496254,0.0376207089642977,0.0115000000000336,2.43725000000009,0.00542042606519637,0.00607957393483723,0.0115000000000691,2.4445000000001,0.00546240601503566,0.00609398496240635,0,FALSE,FALSE,1.64485210759555,657.940843038221,0,"5765;5778;5791;5804",1469,2500,"N = 2500",4,"4","8",400,4,2.43182957393489,0.0376207089642977,1.64485210759555,"BayesMVP + chunking + WCP","BayesMVP + chunking + WCP",4,2.43182957393489,1469
"HPC","MD_BayesMVP_WCP","BayesMVP_NicoStan",2500,10,16,8,2,400,"229e14792b0f4550a6f1e0887b422826","state_allocation_thread_setup_sampling_divergence_check","iteration_difference","main_scaling","two_run_difference",NA,4,2.48421052631569,2.47167919799498,0.0374298841155802,0.0175000000000125,2.49549999999991,0.0112894736842233,0.00621052631578923,0.0175000000000125,2.483,0.0113208020050251,0.00617919799498745,0,FALSE,FALSE,3.22033898305097,1288.13559322039,0,"5820;5837;5854;5871",1485,2500,"N = 2500",10,"10","16",400,8,2.48421052631569,0.0374298841155802,3.22033898305097,"BayesMVP + chunking + WCP","BayesMVP + chunking + WCP",7.83131557707877,2.43182957393489,1469
"HPC","MD_BayesMVP_WCP","BayesMVP_NicoStan",2500,4,32,16,2,400,"229e14792b0f4550a6f1e0887b422826","state_allocation_thread_setup_sampling_divergence_check","iteration_difference","main_scaling","two_run_difference",NA,4,2.58746867167926,2.58796992481198,0.122045273635143,0.0272499999999667,2.60825000000003,0.0207813283207685,0.00646867167919815,0.0235000000000696,2.61350000000002,0.0170075187970622,0.00646992481202995,0,FALSE,FALSE,6.18364974815948,2473.45989926379,0,"5769;5782;5795;5808",1473,2500,"N = 2500",4,"4","32",400,16,2.58746867167926,0.122045273635143,6.18364974815948,"BayesMVP + chunking + WCP","BayesMVP + chunking + WCP",15.0375823324293,2.43182957393489,1469
"HPC","MD_BayesMVP_WCP","BayesMVP_NicoStan",2500,4,64,32,2,400,"229e14792b0f4550a6f1e0887b422826","state_allocation_thread_setup_sampling_divergence_check","iteration_difference","main_scaling","two_run_difference",NA,4,2.65012531328323,2.63859649122808,0.0590288084211146,0.0360000000000014,2.67950000000002,0.0293746867167933,0.00662531328320806,0.0360000000000014,2.66950000000003,0.0294699248120314,0.00659649122807019,0,FALSE,FALSE,12.0749006998297,4829.96027993188,0,"5772;5785;5798;5811",1476,2500,"N = 2500",4,"4","64",400,32,2.65012531328323,0.0590288084211146,12.0749006998297,"BayesMVP + chunking + WCP","BayesMVP + chunking + WCP",29.364100624173,2.43182957393489,1469
"HPC","MD_BayesMVP_WCP","BayesMVP_NicoStan",2500,10,96,48,2,400,"229e14792b0f4550a6f1e0887b422826","state_allocation_thread_setup_sampling_divergence_check","iteration_difference","main_scaling","two_run_difference",NA,4,3.86065162907271,3.85914786967422,0.068645452919056,0.0379999999999825,3.88900000000001,0.0283483709273007,0.00965162907268177,0.0380000000000109,3.88600000000002,0.0282531328320911,0.00964786967418555,0,FALSE,FALSE,12.4331342508438,4973.25370033754,0,"5831;5848;5865;5882",1496,2500,"N = 2500",10,"10","96",400,48,3.86065162907271,0.068645452919056,12.4331342508438,"BayesMVP + chunking + WCP","BayesMVP + chunking + WCP",30.2352635679049,2.43182957393489,1469
"HPC","MD_BayesMVP_WCP","BayesMVP_NicoStan",2500,4,128,64,2,400,"229e14792b0f4550a6f1e0887b422826","state_allocation_thread_setup_sampling_divergence_check","iteration_difference","main_scaling","two_run_difference",NA,4,4.79323308270682,4.79197994987472,0.0351056166313906,0.0542499999999677,4.83550000000002,0.0422669172932007,0.0119830827067671,0.05499999999995,4.83350000000002,0.0429837092731897,0.0119799498746868,0,FALSE,FALSE,13.3521568627449,5340.86274509797,0,"5776;5789;5802;5815",1480,2500,"N = 2500",4,"4","128",400,64,4.79323308270682,0.0351056166313906,13.3521568627449,"BayesMVP + chunking + WCP","BayesMVP + chunking + WCP",32.4701699346409,2.43182957393489,1469
"HPC","MD_BayesMVP_WCP","BayesMVP_NicoStan",2500,10,180,90,2,400,"229e14792b0f4550a6f1e0887b422826","state_allocation_thread_setup_sampling_divergence_check","iteration_difference","main_scaling","two_run_difference",NA,4,5.89122807017543,5.87919799498749,0.0646623017459602,0.0695000000000334,5.94600000000003,0.0547719298245948,0.0147280701754386,0.0730000000000359,5.94000000000005,0.0584010025063016,0.0146979949874687,0,FALSE,FALSE,15.276950565813,6110.7802263252,0,"5833;5850;5867;5884",1498,2500,"N = 2500",10,"10","180",400,90,5.89122807017543,0.0646623017459602,15.276950565813,"BayesMVP + chunking + WCP","BayesMVP + chunking + WCP",37.1509401854854,2.43182957393489,1469
"HPC","Mplus_standard","mplus",2500,1,1,1,1,400,"229e14792b0f4550a6f1e0887b422826","Mplus_input_write_engine_run_output_validation_BITERATIONS","overhead_subtraction","main_scaling","two_run_difference",NA,3,1.51100000000002,1.51200000000006,0.00754983443523904,0.419000000000002,1.93000000000003,0.419000000000002,0.00377750000000006,0.416999999999973,1.93200000000002,0.416999999999973,0.00378000000000014,0,FALSE,FALSE,0.661813368630036,264.725347452014,NA,"4628;4629;4630",1178,2500,"N = 2500",1,"1","1",400,1,1.51100000000002,0.00754983443523904,0.661813368630036,"Mplus","Mplus",1,1.51100000000002,1178
"HPC","Mplus_standard","mplus",2500,1,2,2,1,400,"229e14792b0f4550a6f1e0887b422826","Mplus_input_write_engine_run_output_validation_BITERATIONS","overhead_subtraction","main_scaling","two_run_difference",NA,3,3.52366666666668,3.60400000000004,0.234077622453189,0.600000000000004,4.12366666666668,0.600000000000004,0.00880916666666669,0.602000000000032,4.19200000000001,0.602000000000032,0.0090100000000001,0,FALSE,FALSE,0.567590577996404,227.036231198562,NA,"4631;4632;4633",1179,2500,"N = 2500",1,"1","2",400,2,3.52366666666668,0.234077622453189,0.567590577996404,"Mplus","Mplus",0.85762936335258,1.51100000000002,1178
"HPC","Mplus_standard","mplus",2500,1,4,4,1,400,"229e14792b0f4550a6f1e0887b422826","Mplus_input_write_engine_run_output_validation_BITERATIONS","overhead_subtraction","main_scaling","two_run_difference",NA,3,8.06466666666669,8.05200000000008,0.283212523263582,0.60899999999998,8.67366666666667,0.60899999999998,0.0201616666666667,0.609999999999957,8.66200000000003,0.609999999999957,0.0201300000000002,0,FALSE,FALSE,0.495990741506157,198.396296602463,NA,"4634;4635;4636",1180,2500,"N = 2500",1,"1","4",400,4,8.06466666666669,0.283212523263582,0.495990741506157,"Mplus","Mplus",0.749442010415815,1.51100000000002,1178
"HPC","Mplus_standard","mplus",2500,1,8,8,1,400,"229e14792b0f4550a6f1e0887b422826","Mplus_input_write_engine_run_output_validation_BITERATIONS","overhead_subtraction","main_scaling","two_run_difference",NA,3,17.12,17.112,0.339070789069212,0.620000000000005,17.74,0.620000000000005,0.0428,0.617999999999995,17.737,0.617999999999995,0.0427800000000001,0,FALSE,FALSE,0.467289719626168,186.915887850467,NA,"4637;4638;4639",1181,2500,"N = 2500",1,"1","8",400,8,17.12,0.339070789069212,0.467289719626168,"Mplus","Mplus",0.706074766355151,1.51100000000002,1178
"HPC","Mplus_standard","mplus",2500,1,16,16,1,400,"229e14792b0f4550a6f1e0887b422826","Mplus_input_write_engine_run_output_validation_BITERATIONS","overhead_subtraction","main_scaling","two_run_difference",NA,3,20.096,20.1370000000001,0.34533027669176,0.661000000000001,20.757,0.661000000000001,0.05024,0.656999999999982,20.794,0.656999999999982,0.0503425000000001,0,FALSE,FALSE,0.796178343949044,318.471337579618,NA,"4640;4641;4642",1182,2500,"N = 2500",1,"1","16",400,16,20.096,0.34533027669176,0.796178343949044,"Mplus","Mplus",1.20302547770703,1.51100000000002,1178
"HPC","Mplus_standard","mplus",2500,1,32,32,1,400,"229e14792b0f4550a6f1e0887b422826","Mplus_input_write_engine_run_output_validation_BITERATIONS","overhead_subtraction","main_scaling","two_run_difference",NA,3,20.655,20.6129999999999,1.1265873246225,0.680333333333351,21.3353333333333,0.680333333333351,0.0516374999999999,0.66700000000003,21.28,0.66700000000003,0.0515324999999999,0,FALSE,FALSE,1.54926167998064,619.704671992254,NA,"4643;4644;4645",1183,2500,"N = 2500",1,"1","32",400,32,20.655,1.1265873246225,1.54926167998064,"Mplus","Mplus",2.34093439845078,1.51100000000002,1178
"HPC","Mplus_standard","mplus",2500,1,64,64,1,400,"229e14792b0f4550a6f1e0887b422826","Mplus_input_write_engine_run_output_validation_BITERATIONS","overhead_subtraction","main_scaling","two_run_difference",NA,3,19.7809999999999,20.078,0.968286631117098,0.722333333333381,20.5033333333333,0.722333333333381,0.0494524999999998,0.72300000000007,20.802,0.72300000000007,0.0501949999999999,0,FALSE,FALSE,3.2354279358981,1294.17117435924,NA,"4646;4647;4648",1184,2500,"N = 2500",1,"1","64",400,64,19.7809999999999,0.968286631117098,3.2354279358981,"Mplus","Mplus",4.8887316111421,1.51100000000002,1178
"HPC","Mplus_standard","mplus",2500,1,96,96,1,400,"229e14792b0f4550a6f1e0887b422826","Mplus_input_write_engine_run_output_validation_BITERATIONS","overhead_subtraction","main_scaling","two_run_difference",NA,3,19.518,19.1030000000001,1.40233697804765,0.77666666666668,20.2946666666667,0.77666666666668,0.048795,0.774999999999977,19.878,0.774999999999977,0.0477575000000002,0,FALSE,FALSE,4.91853673532124,1967.4146941285,NA,"4649;4650;4651",1185,2500,"N = 2500",1,"1","96",400,96,19.518,1.40233697804765,4.91853673532124,"Mplus","Mplus",7.43190900707052,1.51100000000002,1178
"HPC","Mplus_standard","mplus",2500,1,180,180,1,400,"229e14792b0f4550a6f1e0887b422826","Mplus_input_write_engine_run_output_validation_BITERATIONS","overhead_subtraction","main_scaling","two_run_difference",NA,3,23.1546666666666,22.967,1.21937948700696,0.898666666666713,24.0533333333334,0.898666666666713,0.0578866666666666,0.892000000000053,23.836,0.892000000000053,0.0574175,0,FALSE,FALSE,7.77381089485202,3109.52435794081,NA,"4652;4653;4654",1186,2500,"N = 2500",1,"1","180",400,180,23.1546666666666,1.21937948700696,7.77381089485202,"Mplus","Mplus",11.7462282621216,1.51100000000002,1178
"HPC","Mplus_WCP","mplus",2500,1,8,4,2,2000,"229e14792b0f4550a6f1e0887b422826","Mplus_input_write_engine_run_output_validation_BITERATIONS","overhead_subtraction","main_scaling","two_run_difference",NA,3,21.706,21.3339999999999,0.900593693071333,0.555333333333313,22.2613333333333,0.555333333333313,0.010853,0.556999999999903,21.895,0.556999999999903,0.010667,0,FALSE,FALSE,0.184280844006265,368.561688012531,NA,"4427;4430;4433",1111,2500,"N = 2500",1,"1","8",2000,4,21.706,0.900593693071333,0.184280844006265,"Mplus + WCP","Mplus + WCP",4,21.706,1111
"HPC","Mplus_WCP","mplus",2500,1,16,8,2,2000,"229e14792b0f4550a6f1e0887b422826","Mplus_input_write_engine_run_output_validation_BITERATIONS","overhead_subtraction","main_scaling","two_run_difference",NA,3,28.9283333333333,29.1700000000001,0.971315774263658,0.563666666666677,29.492,0.563666666666677,0.0144641666666667,0.571000000000026,29.744,0.571000000000026,0.014585,0,FALSE,FALSE,0.276545485971078,553.090971942156,NA,"4436;4439;4442",1114,2500,"N = 2500",1,"1","16",2000,8,28.9283333333333,0.971315774263658,0.276545485971078,"Mplus + WCP","Mplus + WCP",6.00269631848822,21.706,1111
"HPC","Mplus_WCP","mplus",2500,1,32,16,2,2000,"229e14792b0f4550a6f1e0887b422826","Mplus_input_write_engine_run_output_validation_BITERATIONS","overhead_subtraction","main_scaling","two_run_difference",NA,3,31.9016666666666,31.586,0.763145027719689,0.500666666666651,32.4023333333333,0.500666666666651,0.0159508333333333,0.509000000000015,32.059,0.509000000000015,0.015793,0,FALSE,FALSE,0.501541194294969,1003.08238858994,NA,"4445;4449;4453",1117,2500,"N = 2500",1,"1","32",2000,16,31.9016666666666,0.763145027719689,0.501541194294969,"Mplus + WCP","Mplus + WCP",10.8864531633666,21.706,1111
"HPC","Mplus_WCP","mplus",2500,1,64,32,2,2000,"229e14792b0f4550a6f1e0887b422826","Mplus_input_write_engine_run_output_validation_BITERATIONS","overhead_subtraction","main_scaling","two_run_difference",NA,3,29.83,30.6600000000002,2.81820865089863,0.562000000000002,30.392,0.562000000000002,0.014915,0.558000000000007,31.1970000000002,0.558000000000007,0.0153300000000001,0,FALSE,FALSE,1.07274555816292,2145.49111632585,NA,"4457;4458;4459",1121,2500,"N = 2500",1,"1","64",2000,32,29.83,2.81820865089863,1.07274555816292,"Mplus + WCP","Mplus + WCP",23.2850150854844,21.706,1111
"HPC","Mplus_WCP","mplus",2500,1,96,48,2,2000,"229e14792b0f4550a6f1e0887b422826","Mplus_input_write_engine_run_output_validation_BITERATIONS","overhead_subtraction","main_scaling","two_run_difference",NA,3,31.3866666666666,31.3099999999999,3.48563241511973,0.541333333333336,31.9279999999999,0.541333333333336,0.0156933333333333,0.539000000000001,31.8589999999999,0.539000000000001,0.0156549999999999,0,FALSE,FALSE,1.52931180968564,3058.62361937129,NA,"4460;4461;4462",1122,2500,"N = 2500",1,"1","96",2000,48,31.3866666666666,3.48563241511973,1.52931180968564,"Mplus + WCP","Mplus + WCP",33.1952421410366,21.706,1111
"HPC","Mplus_WCP","mplus",2500,1,128,64,2,2000,"229e14792b0f4550a6f1e0887b422826","Mplus_input_write_engine_run_output_validation_BITERATIONS","overhead_subtraction","main_scaling","two_run_difference",NA,3,31.08,31.76,2.92979521468636,0.60633333333333,31.6863333333334,0.60633333333333,0.01554,0.620999999999995,32.381,0.620999999999995,0.01588,0,FALSE,FALSE,2.05920205920206,4118.40411840411,NA,"4463;4464;4465",1123,2500,"N = 2500",1,"1","128",2000,64,31.08,2.92979521468636,2.05920205920206,"Mplus + WCP","Mplus + WCP",44.6970398970399,21.706,1111
"HPC","Mplus_WCP","mplus",2500,1,180,90,2,2000,"229e14792b0f4550a6f1e0887b422826","Mplus_input_write_engine_run_output_validation_BITERATIONS","overhead_subtraction","main_scaling","two_run_difference",NA,3,37.4633333333333,37.7299999999997,1.41891977691948,0.631666666666665,38.095,0.631666666666665,0.0187316666666667,0.610000000000014,38.3399999999997,0.610000000000014,0.0188649999999998,0,FALSE,FALSE,2.40234896343091,4804.69792686182,NA,"4466;4467;4468",1124,2500,"N = 2500",1,"1","180",2000,90,37.4633333333333,1.41891977691948,2.40234896343091,"Mplus + WCP","Mplus + WCP",52.1453866002314,21.706,1111
"HPC","AD_Stan","NicoStan_BridgeStan",2500,1,1,1,1,40,"229e14792b0f4550a6f1e0887b422826","NicoStan_BridgeStan_state_allocation_thread_setup_sampling_model_load_divergence_check","iteration_difference","main_scaling","two_run_difference",NA,4,0.524102564101282,0.524102564101745,0.0067515957792263,0.0422500000004868,0.553249999999236,0.0291474358979548,0.013102564102532,0.040500000000975,0.554999999998472,0.027512820513379,0.0131025641025436,0,FALSE,FALSE,1.90802348337062,76.3209393348247,0,"37;38;39;40",10,2500,"N = 2500",1,"1","1",40,1,0.524102564101282,0.0067515957792263,1.90802348337062,"Stan model (NicoStan)","Stan model (NicoStan)",1,0.524102564101282,10
"HPC","AD_Stan","NicoStan_BridgeStan",2500,1,2,2,1,40,"229e14792b0f4550a6f1e0887b422826","NicoStan_BridgeStan_state_allocation_thread_setup_sampling_model_load_divergence_check","iteration_difference","main_scaling","two_run_difference",NA,4,0.531282051281805,0.528717948717456,0.01216440811999,0.0402500000000288,0.558249999999789,0.0269679487179836,0.0132820512820451,0.0410000000006399,0.551499999999578,0.0279615384622015,0.0132179487179364,0,FALSE,FALSE,3.76447876448051,150.57915057922,0,"41;42;43;44",11,2500,"N = 2500",1,"1","2",40,2,0.531282051281805,0.01216440811999,3.76447876448051,"Stan model (NicoStan)","Stan model (NicoStan)",1.97297297296906,0.524102564101282,10
"HPC","AD_Stan","NicoStan_BridgeStan",2500,1,4,4,1,40,"229e14792b0f4550a6f1e0887b422826","NicoStan_BridgeStan_state_allocation_thread_setup_sampling_model_load_divergence_check","iteration_difference","main_scaling","two_run_difference",NA,4,0.58076923076965,0.580512820512823,0.0169437842757391,0.0455000000000867,0.611750000000495,0.0309807692308454,0.0145192307692412,0.0455000000001746,0.611500000000001,0.0309743589745127,0.0145128205128206,0,FALSE,FALSE,6.88741721853808,275.496688741523,0,"45;46;47;48",12,2500,"N = 2500",1,"1","4",40,4,0.58076923076965,0.0169437842757391,6.88741721853808,"Stan model (NicoStan)","Stan model (NicoStan)",3.60971302427112,0.524102564101282,10
"HPC","AD_Stan","NicoStan_BridgeStan",2500,1,8,8,1,40,"229e14792b0f4550a6f1e0887b422826","NicoStan_BridgeStan_state_allocation_thread_setup_sampling_model_load_divergence_check","iteration_difference","main_scaling","two_run_difference",NA,4,0.641025641025977,0.655384615385034,0.0496633417379432,0.0460000000008449,0.671000000001173,0.0299743589751955,0.0160256410256494,0.044000000001688,0.687500000000947,0.0288076923093635,0.0163846153846258,0,FALSE,FALSE,12.4799999999935,499.199999999738,0,"49;50;51;52",13,2500,"N = 2500",1,"1","8",40,8,0.641025641025977,0.0496633417379432,12.4799999999935,"Stan model (NicoStan)","Stan model (NicoStan)",6.54079999998056,0.524102564101282,10
"HPC","AD_Stan","NicoStan_BridgeStan",2500,1,16,16,1,40,"229e14792b0f4550a6f1e0887b422826","NicoStan_BridgeStan_state_allocation_thread_setup_sampling_model_load_divergence_check","iteration_difference","main_scaling","two_run_difference",NA,4,0.782051282049791,0.782051282048297,0.0766262077725689,0.052750000000799,0.815249999999345,0.0331987179495542,0.0195512820512448,0.0525000000016007,0.81499999999869,0.0329487179503933,0.0195512820512074,0,FALSE,FALSE,20.4590163934816,818.360655739265,0,"53;54;55;56",14,2500,"N = 2500",1,"1","16",40,16,0.782051282049791,0.0766262077725689,20.4590163934816,"Stan model (NicoStan)","Stan model (NicoStan)",10.7226229508139,0.524102564101282,10
"HPC","AD_Stan","NicoStan_BridgeStan",2500,1,32,32,1,40,"229e14792b0f4550a6f1e0887b422826","NicoStan_BridgeStan_state_allocation_thread_setup_sampling_model_load_divergence_check","iteration_difference","main_scaling","two_run_difference",NA,4,1.13717948717909,1.14205128205025,0.160879404444427,0.0780000000006096,1.18675000000023,0.0495705128211322,0.0284294871794774,0.0730000000008726,1.18649999999987,0.0444487179496163,0.0285512820512563,0,FALSE,FALSE,28.1397970687809,1125.59188275123,1,"57;58;59;60",15,2500,"N = 2500",1,"1","32",40,32,1.13717948717909,0.160879404444427,28.1397970687809,"Stan model (NicoStan)","Stan model (NicoStan)",14.7481397970378,0.524102564101282,10
"HPC","AD_Stan","NicoStan_BridgeStan",2500,1,64,64,1,40,"229e14792b0f4550a6f1e0887b422826","NicoStan_BridgeStan_state_allocation_thread_setup_sampling_model_load_divergence_check","iteration_difference","main_scaling","two_run_difference",NA,4,2.10487179487316,2.0758974358986,0.191489083898015,0.123749999999069,2.1760000000004,0.0711282051272395,0.052621794871829,0.104499999999476,2.12850000000061,0.0526025641020108,0.051897435897465,0,FALSE,FALSE,30.4056523327857,1216.22609331143,1,"61;62;63;64",16,2500,"N = 2500",1,"1","64",40,64,2.10487179487316,0.191489083898015,30.4056523327857,"Stan model (NicoStan)","Stan model (NicoStan)",15.9356803507851,0.524102564101282,10
"HPC","AD_Stan","NicoStan_BridgeStan",2500,1,96,96,1,40,"229e14792b0f4550a6f1e0887b422826","NicoStan_BridgeStan_state_allocation_thread_setup_sampling_model_load_divergence_check","iteration_difference","main_scaling","two_run_difference",NA,4,3.12205128205211,3.02717948718116,0.263349519720925,0.177999999998901,3.22199999999971,0.0999487179475984,0.0780512820513028,0.140999999997803,3.08949999999993,0.0673076923054536,0.075679487179529,0,FALSE,FALSE,30.7490144546567,1229.96057818627,0,"65;66;67;68",17,2500,"N = 2500",1,"1","96",40,96,3.12205128205211,0.263349519720925,30.7490144546567,"Stan model (NicoStan)","Stan model (NicoStan)",16.115637319273,0.524102564101282,10
"HPC","AD_Stan","NicoStan_BridgeStan",2500,1,180,180,1,40,"229e14792b0f4550a6f1e0887b422826","NicoStan_BridgeStan_state_allocation_thread_setup_sampling_model_load_divergence_check","iteration_difference","main_scaling","two_run_difference",NA,4,6.04410256410285,5.9348717948726,0.400526499870076,0.336750000000306,6.22975000000058,0.185647435897735,0.151102564102571,0.253000000000611,6.03650000000109,0.109615384615982,0.148371794871815,0,FALSE,FALSE,29.7810962158479,1191.24384863392,7,"69;70;71;72",18,2500,"N = 2500",1,"1","180",40,180,6.04410256410285,0.400526499870076,29.7810962158479,"Stan model (NicoStan)","Stan model (NicoStan)",15.6083488884729,0.524102564101282,10
"HPC","AD_Stan_tape_chunked","NicoStan_BridgeStan",2500,2,1,1,1,40,"229e14792b0f4550a6f1e0887b422826","NicoStan_BridgeStan_state_allocation_thread_setup_sampling_model_load_divergence_check","iteration_difference","main_scaling","two_run_difference",1250,4,0.641025641025641,0.641025641025641,0.00264819374099597,0.0432500000000005,0.66825,0.0272243589743594,0.016025641025641,0.0429999999999993,0.667999999999999,0.0269743589743582,0.016025641025641,0,FALSE,FALSE,1.56,62.4,0,"1413;1414;1415;1416",354,2500,"N = 2500",2,"2","1",40,1,0.641025641025641,0.00264819374099597,1.56,"Stan model (NicoStan) + tape chunking","Stan model (NicoStan) + tape chunking",1,0.641025641025641,354
"HPC","AD_Stan_tape_chunked","NicoStan_BridgeStan",2500,4,2,2,1,40,"229e14792b0f4550a6f1e0887b422826","NicoStan_BridgeStan_state_allocation_thread_setup_sampling_model_load_divergence_check","iteration_difference","main_scaling","two_run_difference",625,4,0.64282051282051,0.643589743589749,0.00194150712677919,0.0412500000000016,0.667999999999999,0.0251794871794888,0.0160705128205128,0.0415000000000063,0.668500000000002,0.0254487179487245,0.0160897435897437,0,FALSE,FALSE,3.11128839250101,124.45153570004,0,"1201;1202;1203;1204",301,2500,"N = 2500",4,"4","2",40,2,0.64282051282051,0.00194150712677919,3.11128839250101,"Stan model (NicoStan) + tape chunking","Stan model (NicoStan) + tape chunking",1.9944156362186,0.641025641025641,354
"HPC","AD_Stan_tape_chunked","NicoStan_BridgeStan",2500,4,4,4,1,40,"229e14792b0f4550a6f1e0887b422826","NicoStan_BridgeStan_state_allocation_thread_setup_sampling_model_load_divergence_check","iteration_difference","main_scaling","two_run_difference",625,4,0.656666666666672,0.65692307692308,0.00175161551555063,0.0434999999999981,0.683750000000003,0.0270833333333313,0.0164166666666668,0.0429999999999993,0.684000000000005,0.0265641025641017,0.016423076923077,0,FALSE,FALSE,6.09137055837558,243.654822335023,0,"1205;1206;1207;1208",302,2500,"N = 2500",4,"4","4",40,4,0.656666666666672,0.00175161551555063,6.09137055837558,"Stan model (NicoStan) + tape chunking","Stan model (NicoStan) + tape chunking",3.90472471690743,0.641025641025641,354
"HPC","AD_Stan_tape_chunked","NicoStan_BridgeStan",2500,4,8,8,1,40,"229e14792b0f4550a6f1e0887b422826","NicoStan_BridgeStan_state_allocation_thread_setup_sampling_model_load_divergence_check","iteration_difference","main_scaling","two_run_difference",625,4,0.685897435897439,0.682051282051274,0.0124034734589204,0.0467499999999994,0.715500000000002,0.0296025641025634,0.017147435897436,0.0449999999999946,0.709499999999998,0.028064102564097,0.0170512820512818,0,FALSE,FALSE,11.6635514018691,466.542056074764,0,"1209;1210;1211;1212",303,2500,"N = 2500",4,"4","8",40,8,0.685897435897439,0.0124034734589204,11.6635514018691,"Stan model (NicoStan) + tape chunking","Stan model (NicoStan) + tape chunking",7.47663551401866,0.641025641025641,354
"HPC","AD_Stan_tape_chunked","NicoStan_BridgeStan",2500,10,16,16,1,40,"229e14792b0f4550a6f1e0887b422826","NicoStan_BridgeStan_state_allocation_thread_setup_sampling_model_load_divergence_check","iteration_difference","main_scaling","two_run_difference",250,4,0.758717948717942,0.757948717948722,0.0076005928462844,0.046750000000003,0.786499999999997,0.0277820512820544,0.0189679487179486,0.046999999999997,0.785499999999999,0.0280128205128322,0.0189487179487181,0,FALSE,FALSE,21.0882054748228,843.52821899291,0,"1249;1250;1251;1252",313,2500,"N = 2500",10,"10","16",40,16,0.758717948717942,0.0076005928462844,21.0882054748228,"Stan model (NicoStan) + tape chunking","Stan model (NicoStan) + tape chunking",13.5180804325787,0.641025641025641,354
"HPC","AD_Stan_tape_chunked","NicoStan_BridgeStan",2500,10,32,32,1,40,"229e14792b0f4550a6f1e0887b422826","NicoStan_BridgeStan_state_allocation_thread_setup_sampling_model_load_divergence_check","iteration_difference","main_scaling","two_run_difference",250,4,0.966153846153846,0.971282051282054,0.059933486399721,0.0579999999999998,1,0.0338461538461537,0.0241538461538462,0.0580000000000069,1.004,0.0340000000000071,0.0242820512820514,0,FALSE,FALSE,33.1210191082803,1324.84076433121,0,"1253;1254;1255;1256",314,2500,"N = 2500",10,"10","32",40,32,0.966153846153846,0.059933486399721,33.1210191082803,"Stan model (NicoStan) + tape chunking","Stan model (NicoStan) + tape chunking",21.2314225053079,0.641025641025641,354
"HPC","AD_Stan_tape_chunked","NicoStan_BridgeStan",2500,10,64,64,1,40,"229e14792b0f4550a6f1e0887b422826","NicoStan_BridgeStan_state_allocation_thread_setup_sampling_model_load_divergence_check","iteration_difference","main_scaling","two_run_difference",250,4,1.2353846153846,1.24410256410256,0.112133103964005,0.0807500000000019,1.28524999999999,0.0498653846153868,0.0308846153846151,0.0805000000000007,1.294,0.0498974358974391,0.0311025641025639,0,FALSE,FALSE,51.8057285180578,2072.22914072231,0,"1257;1258;1259;1260",315,2500,"N = 2500",10,"10","64",40,64,1.2353846153846,0.112133103964005,51.8057285180578,"Stan model (NicoStan) + tape chunking","Stan model (NicoStan) + tape chunking",33.2088003320883,0.641025641025641,354
"HPC","AD_Stan_tape_chunked","NicoStan_BridgeStan",2500,10,96,96,1,40,"229e14792b0f4550a6f1e0887b422826","NicoStan_BridgeStan_state_allocation_thread_setup_sampling_model_load_divergence_check","iteration_difference","main_scaling","two_run_difference",250,4,1.56538461538463,1.55384615384617,0.121333448931027,0.108499999999992,1.63475,0.0693653846153766,0.0391346153846157,0.107499999999987,1.62700000000001,0.0692179487179356,0.0388461538461542,0,FALSE,FALSE,61.3267813267809,2453.07125307123,0,"1261;1262;1263;1264",316,2500,"N = 2500",10,"10","96",40,96,1.56538461538463,0.121333448931027,61.3267813267809,"Stan model (NicoStan) + tape chunking","Stan model (NicoStan) + tape chunking",39.312039312039,0.641025641025641,354
"HPC","AD_Stan_tape_chunked","NicoStan_BridgeStan",2500,25,180,180,1,40,"229e14792b0f4550a6f1e0887b422826","NicoStan_BridgeStan_state_allocation_thread_setup_sampling_model_load_divergence_check","iteration_difference","main_scaling","two_run_difference",100,4,2.63205128205127,2.62615384615384,0.154658538860091,0.196000000000012,2.76225,0.13019871794873,0.0658012820512818,0.196500000000015,2.75750000000001,0.12905128205129,0.0656538461538459,0,FALSE,FALSE,68.3877252800782,2735.50901120313,0,"1301;1302;1303;1304",326,2500,"N = 2500",25,"25","180",40,180,2.63205128205127,0.154658538860091,68.3877252800782,"Stan model (NicoStan) + tape chunking","Stan model (NicoStan) + tape chunking",43.8382854359476,0.641025641025641,354
"HPC","AD_Stan_WCP","NicoStan_BridgeStan",2500,4,8,4,2,200,"229e14792b0f4550a6f1e0887b422826","NicoStan_BridgeStan_state_allocation_thread_setup_sampling_model_load_divergence_check","iteration_difference","main_scaling","two_run_difference",625,4,1.94824120603015,1.94371859296483,0.0224205465752182,0.0470000000000006,1.9855,0.0372587939698499,0.00974120603015074,0.0489999999999924,1.978,0.0392185929648165,0.00971859296482414,0,FALSE,FALSE,2.05313386639154,410.626773278308,0,"2185;2187;2189;2191",547,2500,"N = 2500",4,"4","8",200,4,1.94824120603015,0.0224205465752182,2.05313386639154,"Stan model (NicoStan) + tape chunking + WCP","Stan model (NicoStan) + tape chunking + WCP",3.13696156822287,1.52788944723619,567
"HPC","AD_Stan_WCP","NicoStan_BridgeStan",2500,4,16,8,2,200,"229e14792b0f4550a6f1e0887b422826","NicoStan_BridgeStan_state_allocation_thread_setup_sampling_model_load_divergence_check","iteration_difference","main_scaling","two_run_difference",625,4,2.17336683417086,2.17738693467336,0.103520840397099,0.0554999999999986,2.218,0.0446331658291443,0.0108668341708543,0.0574999999999974,2.21849999999999,0.0466105527638165,0.0108869346733668,0,FALSE,FALSE,3.68092485549133,736.184971098265,0,"2193;2195;2197;2199",549,2500,"N = 2500",4,"4","16",200,8,2.17336683417086,0.103520840397099,3.68092485549133,"Stan model (NicoStan) + tape chunking + WCP","Stan model (NicoStan) + tape chunking + WCP",5.62404624277458,1.52788944723619,567
"HPC","AD_Stan_WCP","NicoStan_BridgeStan",2500,10,32,16,2,200,"229e14792b0f4550a6f1e0887b422826","NicoStan_BridgeStan_state_allocation_thread_setup_sampling_model_load_divergence_check","iteration_difference","main_scaling","two_run_difference",250,4,2.43492462311557,2.44120603015074,0.105533620313809,0.058250000000001,2.48099999999999,0.0460753768844232,0.0121746231155779,0.0579999999999927,2.48699999999998,0.045793969849239,0.0122060301507537,0,FALSE,FALSE,6.57104529976268,1314.20905995254,0,"2261;2265;2269;2273",566,2500,"N = 2500",10,"10","32",200,16,2.43492462311557,0.105533620313809,6.57104529976268,"Stan model (NicoStan) + tape chunking + WCP","Stan model (NicoStan) + tape chunking + WCP",10.0398307708183,1.52788944723619,567
"HPC","AD_Stan_WCP","NicoStan_BridgeStan",2500,10,64,16,4,200,"229e14792b0f4550a6f1e0887b422826","NicoStan_BridgeStan_state_allocation_thread_setup_sampling_model_load_divergence_check","iteration_difference","main_scaling","two_run_difference",250,4,1.52788944723619,1.5246231155779,0.0177024270892368,0.0589999999999975,1.57925,0.0513605527638166,0.00763944723618093,0.0589999999999975,1.57650000000001,0.0512914572864297,0.0076231155778895,0,FALSE,FALSE,10.4719618483802,2094.39236967603,0,"2262;2266;2270;2274",567,2500,"N = 2500",10,"10","64",200,16,1.52788944723619,0.0177024270892368,10.4719618483802,"Stan model (NicoStan) + tape chunking + WCP","Stan model (NicoStan) + tape chunking + WCP",16,1.52788944723619,567
"HPC","AD_Stan_WCP","NicoStan_BridgeStan",2500,25,96,48,2,200,"229e14792b0f4550a6f1e0887b422826","NicoStan_BridgeStan_state_allocation_thread_setup_sampling_model_load_divergence_check","iteration_difference","main_scaling","two_run_difference",100,4,4.14292929292922,4.13434343434339,0.0669492023426241,0.0852500000000163,4.20746464646459,0.0645353535353701,0.0207146464646461,0.0860000000000127,4.19967171717169,0.0653282828282958,0.020671717171717,0,FALSE,FALSE,11.5860051200782,2317.20102401564,0,"2361;2362;2363;2364",591,2500,"N = 2500",25,"25","96",200,48,4.14292929292922,0.0669492023426241,11.5860051200782,"Stan model (NicoStan) + tape chunking + WCP","Stan model (NicoStan) + tape chunking + WCP",17.7021349585919,1.52788944723619,567
"HPC","AD_Stan_WCP","NicoStan_BridgeStan",2500,25,128,64,2,200,"229e14792b0f4550a6f1e0887b422826","NicoStan_BridgeStan_state_allocation_thread_setup_sampling_model_load_divergence_check","iteration_difference","main_scaling","two_run_difference",100,4,5.23939393939401,5.17777777777793,0.148577583904583,0.0942499999999882,5.30744696969703,0.0680530303030181,0.02619696969697,0.0935000000000059,5.24688888888901,0.0671313131313021,0.0258888888888896,0,FALSE,FALSE,12.2151532677847,2443.03065355694,0,"2365;2366;2367;2368",592,2500,"N = 2500",25,"25","128",200,64,5.23939393939401,0.148577583904583,12.2151532677847,"Stan model (NicoStan) + tape chunking + WCP","Stan model (NicoStan) + tape chunking + WCP",18.6634037742208,1.52788944723619,567
"HPC","AD_Stan_WCP","NicoStan_BridgeStan",2500,25,180,90,2,200,"229e14792b0f4550a6f1e0887b422826","NicoStan_BridgeStan_state_allocation_thread_setup_sampling_model_load_divergence_check","iteration_difference","main_scaling","two_run_difference",100,4,6.84696969696968,6.74444444444452,0.219768361789268,0.112250000000017,6.92498484848485,0.0780151515151689,0.0342348484848484,0.113499999999988,6.82422222222229,0.0797777777777651,0.0337222222222226,0,FALSE,FALSE,13.1445009957956,2628.90019915911,0,"2369;2370;2371;2372",593,2500,"N = 2500",25,"25","180",200,90,6.84696969696968,0.219768361789268,13.1445009957956,"Stan model (NicoStan) + tape chunking + WCP","Stan model (NicoStan) + tape chunking + WCP",20.0833443606616,1.52788944723619,567
"HPC","MD_BayesMVP","BayesMVP_NicoStan",10000,1,1,1,1,80,"b97502ef4c1796520d0acd01a82ea24d","state_allocation_thread_setup_sampling_divergence_check","iteration_difference","main_scaling","two_run_difference",NA,4,3.3486075949367,3.34987341772151,0.0545419325926113,0.0515000000000114,3.35825,0.00964240506330273,0.0418575949367087,0.0510000000000161,3.36050000000002,0.00928481012659855,0.0418734177215189,0,FALSE,FALSE,0.298631586905573,23.8905269524458,0,"5049;5058;5067;5076",1290,10000,"N = 10,000",1,"1","1",80,1,3.3486075949367,0.0545419325926113,0.298631586905573,"BayesMVP (1 chunk)","BayesMVP + chunking",0.999243970666073,3.34607594936711,1291
"HPC","MD_BayesMVP","BayesMVP_NicoStan",10000,1,2,2,1,80,"b97502ef4c1796520d0acd01a82ea24d","state_allocation_thread_setup_sampling_divergence_check","iteration_difference","main_scaling","two_run_difference",NA,4,3.34607594936711,3.3382278481013,0.0217407289678411,0.0564999999999998,3.36075000000002,0.0146740506329109,0.0418259493670889,0.0560000000000116,3.3545,0.0140759493671001,0.0417278481012663,0,FALSE,FALSE,0.597715063932809,47.8172051146247,0,"5050;5059;5068;5077",1291,10000,"N = 10,000",1,"1","2",80,2,3.34607594936711,0.0217407289678411,0.597715063932809,"BayesMVP (1 chunk)","BayesMVP + chunking",2,3.34607594936711,1291
"HPC","MD_BayesMVP","BayesMVP_NicoStan",10000,1,4,4,1,80,"b97502ef4c1796520d0acd01a82ea24d","state_allocation_thread_setup_sampling_divergence_check","iteration_difference","main_scaling","two_run_difference",NA,4,3.4559493670886,3.46177215189874,0.101256961637644,0.0645000000000095,3.47725000000001,0.021300632911402,0.0431993670886075,0.0645000000000238,3.48500000000001,0.0220696202531624,0.0432721518987343,0,FALSE,FALSE,1.15742436451542,92.5939491612337,0,"5051;5060;5069;5078",1292,10000,"N = 10,000",1,"1","4",80,4,3.4559493670886,0.101256961637644,1.15742436451542,"BayesMVP (1 chunk)","BayesMVP + chunking",3.87282982931657,3.34607594936711,1291
"HPC","MD_BayesMVP","BayesMVP_NicoStan",10000,1,8,8,1,80,"b97502ef4c1796520d0acd01a82ea24d","state_allocation_thread_setup_sampling_divergence_check","iteration_difference","main_scaling","two_run_difference",NA,4,3.47848101265824,3.4374683544304,0.109388964838177,0.0807500000000161,3.51575000000003,0.0372689873417881,0.043481012658228,0.0810000000000031,3.47300000000004,0.0380949367088637,0.04296835443038,0,FALSE,FALSE,2.29985443959242,183.988355167394,0,"5052;5061;5070;5079",1293,10000,"N = 10,000",1,"1","8",80,8,3.47848101265824,0.109388964838177,2.29985443959242,"BayesMVP (1 chunk)","BayesMVP + chunking",7.69548762736539,3.34607594936711,1291
"HPC","MD_BayesMVP","BayesMVP_NicoStan",10000,1,16,16,1,80,"b97502ef4c1796520d0acd01a82ea24d","state_allocation_thread_setup_sampling_divergence_check","iteration_difference","main_scaling","two_run_difference",NA,4,3.70506329113925,3.85518987341775,0.386422891770823,0.263500000000001,3.92225000000001,0.21718670886076,0.0463132911392406,0.103999999999999,3.90900000000001,0.0546962025316448,0.0481898734177219,0,FALSE,FALSE,4.31841475913904,345.473180731124,0,"5053;5062;5071;5080",1294,10000,"N = 10,000",1,"1","16",80,16,3.70506329113925,0.386422891770823,4.31841475913904,"BayesMVP (1 chunk)","BayesMVP + chunking",14.4497437649471,3.34607594936711,1291
"HPC","MD_BayesMVP","BayesMVP_NicoStan",10000,1,32,32,1,80,"b97502ef4c1796520d0acd01a82ea24d","state_allocation_thread_setup_sampling_divergence_check","iteration_difference","main_scaling","two_run_difference",NA,4,5.22759493670885,5.27037974683542,0.355329420335029,0.164749999999984,5.32699999999997,0.0994050632911232,0.0653449367088606,0.134499999999974,5.37799999999997,0.0708227848100917,0.0658797468354428,0,FALSE,FALSE,6.1213618092886,489.708944743088,0,"5054;5063;5072;5081",1295,10000,"N = 10,000",1,"1","32",80,32,5.22759493670885,0.355329420335029,6.1213618092886,"BayesMVP (1 chunk)","BayesMVP + chunking",20.482541527435,3.34607594936711,1291
"HPC","MD_BayesMVP","BayesMVP_NicoStan",10000,1,64,64,1,80,"b97502ef4c1796520d0acd01a82ea24d","state_allocation_thread_setup_sampling_divergence_check","iteration_difference","main_scaling","two_run_difference",NA,4,10.7610126582278,10.7772151898734,0.281018892240925,0.347749999999998,10.97425,0.21323734177215,0.134512658227848,0.291000000000025,11.015,0.156284810126608,0.134715189873417,0,FALSE,FALSE,5.94739566178893,475.791652943115,0,"5055;5064;5073;5082",1296,10000,"N = 10,000",1,"1","64",80,64,10.7610126582278,0.281018892240925,5.94739566178893,"BayesMVP (1 chunk)","BayesMVP + chunking",19.9004375852823,3.34607594936711,1291
"HPC","MD_BayesMVP","BayesMVP_NicoStan",10000,1,96,96,1,80,"b97502ef4c1796520d0acd01a82ea24d","state_allocation_thread_setup_sampling_divergence_check","iteration_difference","main_scaling","two_run_difference",NA,4,18.8141772151899,18.5878481012658,0.52860694828356,0.387500000000003,18.9665,0.15232278481013,0.235177215189873,0.384500000000031,18.7475,0.148936708860772,0.232348101265822,0,FALSE,FALSE,5.10253512029711,408.202809623769,0,"5056;5065;5074;5083",1297,10000,"N = 10,000",1,"1","96",80,96,18.8141772151899,0.52860694828356,5.10253512029711,"BayesMVP (1 chunk)","BayesMVP + chunking",17.0734700468272,3.34607594936711,1291
"HPC","MD_BayesMVP","BayesMVP_NicoStan",10000,1,180,180,1,80,"b97502ef4c1796520d0acd01a82ea24d","state_allocation_thread_setup_sampling_divergence_check","iteration_difference","main_scaling","two_run_difference",NA,4,46.0022784810127,45.9670886075949,0.434347655711983,0.825499999999977,46.25275,0.250471518987318,0.575028481012658,0.815499999999957,46.2485,0.243803797468311,0.574588607594937,0,FALSE,FALSE,3.91284966622457,313.027973297965,0,"5057;5066;5075;5084",1298,10000,"N = 10,000",1,"1","180",80,180,46.0022784810127,0.434347655711983,3.91284966622457,"BayesMVP (1 chunk)","BayesMVP + chunking",13.0926921616432,3.34607594936711,1291
"HPC","MD_BayesMVP","BayesMVP_NicoStan",10000,10,1,1,1,80,"b97502ef4c1796520d0acd01a82ea24d","state_allocation_thread_setup_sampling_divergence_check","iteration_difference","main_scaling","two_run_difference",NA,4,2.65721518987341,2.65417721518985,0.0527814203244494,0.0377500000000026,2.66175,0.00453481012658495,0.0332151898734177,0.0380000000000109,2.65799999999999,0.0050632911392395,0.0331772151898732,0,FALSE,FALSE,0.376333841463415,30.1067073170732,0,"5121;5130;5139;5148",1308,10000,"N = 10,000",10,"10","1",80,1,2.65721518987341,0.0527814203244494,0.376333841463415,"BayesMVP + chunking","BayesMVP + chunking",1,2.65721518987341,1308
"HPC","MD_BayesMVP","BayesMVP_NicoStan",10000,50,2,2,1,80,"b97502ef4c1796520d0acd01a82ea24d","state_allocation_thread_setup_sampling_divergence_check","iteration_difference","main_scaling","two_run_difference",NA,4,2.74582278481013,2.73721518987342,0.0379397870603337,0.0402500000000074,2.75175000000001,0.00592721518988081,0.0343227848101266,0.0400000000000347,2.74300000000002,0.00593037974681537,0.0342151898734178,0,FALSE,FALSE,0.728379125945048,58.2703300756038,0,"5194;5203;5212;5221",1327,10000,"N = 10,000",50,"50","2",80,2,2.74582278481013,0.0379397870603337,0.728379125945048,"BayesMVP + chunking","BayesMVP + chunking",1.9354600774479,2.65721518987341,1308
"HPC","MD_BayesMVP","BayesMVP_NicoStan",10000,50,4,4,1,80,"b97502ef4c1796520d0acd01a82ea24d","state_allocation_thread_setup_sampling_divergence_check","iteration_difference","main_scaling","two_run_difference",NA,4,2.79468354430381,2.7853164556962,0.080110482914809,0.0414999999999921,2.80125000000001,0.00656645569619445,0.0349335443037977,0.0414999999999992,2.79199999999999,0.00668354430379673,0.0348164556962025,0,FALSE,FALSE,1.43128906603858,114.503125283087,0,"5195;5204;5213;5222",1328,10000,"N = 10,000",50,"50","4",80,4,2.79468354430381,0.080110482914809,1.43128906603858,"BayesMVP + chunking","BayesMVP + chunking",3.80324304737745,2.65721518987341,1308
"HPC","MD_BayesMVP","BayesMVP_NicoStan",10000,10,8,8,1,80,"b97502ef4c1796520d0acd01a82ea24d","state_allocation_thread_setup_sampling_divergence_check","iteration_difference","main_scaling","two_run_difference",NA,4,2.76455696202532,2.76000000000001,0.0422494152090533,0.0447500000000076,2.77475000000001,0.0101930379746911,0.0345569620253165,0.0445000000000562,2.77050000000003,0.00988607594936644,0.0345000000000001,0,FALSE,FALSE,2.89377289377289,231.501831501831,0,"5124;5133;5142;5151",1311,10000,"N = 10,000",10,"10","8",80,8,2.76455696202532,0.0422494152090533,2.89377289377289,"BayesMVP + chunking","BayesMVP + chunking",7.68937728937726,2.65721518987341,1308
"HPC","MD_BayesMVP","BayesMVP_NicoStan",10000,10,16,16,1,80,"b97502ef4c1796520d0acd01a82ea24d","state_allocation_thread_setup_sampling_divergence_check","iteration_difference","main_scaling","two_run_difference",NA,4,2.85037974683548,2.88405063291143,0.0858328659923898,0.0572499999999962,2.87200000000003,0.0216202531645528,0.0356297468354434,0.0519999999999925,2.91150000000005,0.0159367088607179,0.0360506329113929,0,FALSE,FALSE,5.61328714805927,449.062971844741,0,"5125;5134;5143;5152",1312,10000,"N = 10,000",10,"10","16",80,16,2.85037974683548,0.0858328659923898,5.61328714805927,"BayesMVP + chunking","BayesMVP + chunking",14.9157118749443,2.65721518987341,1308
"HPC","MD_BayesMVP","BayesMVP_NicoStan",10000,10,32,32,1,80,"b97502ef4c1796520d0acd01a82ea24d","state_allocation_thread_setup_sampling_divergence_check","iteration_difference","main_scaling","two_run_difference",NA,4,2.9612658227848,2.87949367088605,0.240894024626597,0.0695000000000192,2.99375000000001,0.0324841772152093,0.03701582278481,0.0680000000000121,2.9145,0.0299620253164678,0.0359936708860757,0,FALSE,FALSE,10.8061896212705,864.495169701637,0,"5126;5135;5144;5153",1313,10000,"N = 10,000",10,"10","32",80,32,2.9612658227848,0.240894024626597,10.8061896212705,"BayesMVP + chunking","BayesMVP + chunking",28.7143712062923,2.65721518987341,1308
"HPC","MD_BayesMVP","BayesMVP_NicoStan",10000,10,64,64,1,80,"b97502ef4c1796520d0acd01a82ea24d","state_allocation_thread_setup_sampling_divergence_check","iteration_difference","main_scaling","two_run_difference",NA,4,3.43898734177218,3.41012658227849,0.305230935955522,0.105249999999984,3.50125000000001,0.0622626582278316,0.0429873417721523,0.102499999999992,3.47,0.0605759493670805,0.0426265822784811,0,FALSE,FALSE,18.610129564193,1488.81036513544,0,"5127;5136;5145;5154",1314,10000,"N = 10,000",10,"10","64",80,64,3.43898734177218,0.305230935955522,18.610129564193,"BayesMVP + chunking","BayesMVP + chunking",49.4511189634859,2.65721518987341,1308
"HPC","MD_BayesMVP","BayesMVP_NicoStan",10000,25,96,96,1,80,"b97502ef4c1796520d0acd01a82ea24d","state_allocation_thread_setup_sampling_divergence_check","iteration_difference","main_scaling","two_run_difference",NA,4,4.92936708860757,4.93772151898732,0.35275057023721,0.118749999999999,4.98649999999998,0.0571329113924039,0.0616170886075947,0.114000000000019,4.99999999999997,0.0556708860759662,0.0617215189873415,0,FALSE,FALSE,19.4751168404294,1558.00934723435,0,"5164;5173;5182;5191",1324,10000,"N = 10,000",25,"25","96",80,96,4.92936708860757,0.35275057023721,19.4751168404294,"BayesMVP + chunking","BayesMVP + chunking",51.7495762929486,2.65721518987341,1308
"HPC","MD_BayesMVP","BayesMVP_NicoStan",10000,50,180,180,1,80,"b97502ef4c1796520d0acd01a82ea24d","state_allocation_thread_setup_sampling_divergence_check","iteration_difference","main_scaling","two_run_difference",NA,4,7.6774683544304,7.71544303797468,0.310692500104723,0.177500000000009,7.75900000000003,0.0815316455696291,0.09596835443038,0.160500000000013,7.81450000000004,0.0671139240506576,0.0964430379746835,0,FALSE,FALSE,23.4452285167842,1875.61828134274,0,"5201;5210;5219;5228",1334,10000,"N = 10,000",50,"50","180",80,180,7.6774683544304,0.310692500104723,23.4452285167842,"BayesMVP + chunking","BayesMVP + chunking",62.2990173448523,2.65721518987341,1308
"HPC","MD_BayesMVP_WCP","BayesMVP_NicoStan",10000,10,8,4,2,200,"b97502ef4c1796520d0acd01a82ea24d","state_allocation_thread_setup_sampling_divergence_check","iteration_difference","main_scaling","two_run_difference",NA,4,4.05804020100518,4.0874371859301,0.0994632193159779,0.0295000000000059,4.06725000000016,0.00920979899497997,0.0202902010050259,0.0289999999999964,4.09750000000022,0.00903768844220586,0.0204371859296505,0,FALSE,FALSE,0.985697480032159,197.139496006432,0,"6005;6022;6039;6056",1529,10000,"N = 10,000",10,"10","8",200,4,4.05804020100518,0.0994632193159779,0.985697480032159,"BayesMVP + chunking + WCP","BayesMVP + chunking + WCP",3.19311497740062,3.23944723618087,1561
"HPC","MD_BayesMVP_WCP","BayesMVP_NicoStan",10000,10,16,8,2,200,"b97502ef4c1796520d0acd01a82ea24d","state_allocation_thread_setup_sampling_divergence_check","iteration_difference","main_scaling","two_run_difference",NA,4,3.99447236180915,3.96381909547758,0.0877139960749082,0.0515000000000256,4.02600000000013,0.0315276381909799,0.0199723618090458,0.0515000000000327,3.99300000000024,0.0318316582914889,0.0198190954773879,0,FALSE,FALSE,2.00276764372872,400.553528745744,0,"6008;6025;6042;6059",1532,10000,"N = 10,000",10,"10","16",200,8,3.99447236180915,0.0877139960749082,2.00276764372872,"BayesMVP + chunking + WCP","BayesMVP + chunking + WCP",6.48786010818947,3.23944723618087,1561
"HPC","MD_BayesMVP_WCP","BayesMVP_NicoStan",10000,10,32,16,2,200,"b97502ef4c1796520d0acd01a82ea24d","state_allocation_thread_setup_sampling_divergence_check","iteration_difference","main_scaling","two_run_difference",NA,4,4.26633165829144,4.17989949748746,0.283690187626983,0.0615000000001729,4.30650000000016,0.0401683417087157,0.0213316582914572,0.062500000000199,4.22150000000022,0.0407185929650254,0.0208994974874373,0,FALSE,FALSE,3.7502944640754,750.05889281508,0,"6011;6028;6045;6062",1535,10000,"N = 10,000",10,"10","32",200,16,4.26633165829144,0.283690187626983,3.7502944640754,"BayesMVP + chunking + WCP","BayesMVP + chunking + WCP",12.1488810365135,3.23944723618087,1561
"HPC","MD_BayesMVP_WCP","BayesMVP_NicoStan",10000,25,64,32,2,200,"b97502ef4c1796520d0acd01a82ea24d","state_allocation_thread_setup_sampling_divergence_check","iteration_difference","main_scaling","two_run_difference",NA,4,4.83434343434361,4.75454545454556,0.228637131567542,0.0572500000000105,4.8674217171719,0.0330782828282924,0.024171717171718,0.0559999999999263,4.7857727272729,0.0325555555554805,0.0237727272727278,0,FALSE,FALSE,6.6193063100708,1323.86126201416,0,"6090;6113;6136;6159",1563,10000,"N = 10,000",25,"25","64",200,32,4.83434343434361,0.228637131567542,6.6193063100708,"BayesMVP + chunking + WCP","BayesMVP + chunking + WCP",21.4428935315934,3.23944723618087,1561
"HPC","MD_BayesMVP_WCP","BayesMVP_NicoStan",10000,25,96,48,2,200,"b97502ef4c1796520d0acd01a82ea24d","state_allocation_thread_setup_sampling_divergence_check","iteration_difference","main_scaling","two_run_difference",NA,4,6.78838383838385,6.73131313131335,0.15177418934249,0.0760000000000218,6.83044191919196,0.0420580808081026,0.0339419191919193,0.0715000000000146,6.76815656565671,0.0371818181818324,0.0336565656565667,0,FALSE,FALSE,7.07090246261437,1414.18049252287,0,"6093;6116;6139;6162",1566,10000,"N = 10,000",25,"25","96",200,48,6.78838383838385,0.15177418934249,7.07090246261437,"BayesMVP + chunking + WCP","BayesMVP + chunking + WCP",22.9058154398206,3.23944723618087,1561
"HPC","MD_BayesMVP_WCP","BayesMVP_NicoStan",10000,25,128,64,2,200,"b97502ef4c1796520d0acd01a82ea24d","state_allocation_thread_setup_sampling_divergence_check","iteration_difference","main_scaling","two_run_difference",NA,4,8.30757575757579,8.28585858585856,0.0925092983170839,0.0840000000000032,8.35003787878792,0.0424621212121242,0.041537878787879,0.0860000000000127,8.33092929292927,0.0446515151515273,0.0414292929292928,0,FALSE,FALSE,7.70381178187121,1540.76235637424,0,"6094;6117;6140;6163",1567,10000,"N = 10,000",25,"25","128",200,64,8.30757575757579,0.0925092983170839,7.70381178187121,"BayesMVP + chunking + WCP","BayesMVP + chunking + WCP",24.9560917848403,3.23944723618087,1561
"HPC","MD_BayesMVP_WCP","BayesMVP_NicoStan",10000,25,176,16,11,200,"b97502ef4c1796520d0acd01a82ea24d","state_allocation_thread_setup_sampling_divergence_check","iteration_difference","main_scaling","two_run_difference",NA,4,3.23944723618087,3.25979899497463,0.109823619545439,0.0652499999999776,3.28849999999994,0.0490527638190733,0.0161972361809043,0.0655000000000996,3.30899999999986,0.0492010050252264,0.0162989949748731,0,FALSE,FALSE,4.93911424804163,987.822849608325,0,"6088;6111;6134;6157",1561,10000,"N = 10,000",25,"25","176",200,16,3.23944723618087,0.109823619545439,4.93911424804163,"BayesMVP + chunking + WCP","BayesMVP + chunking + WCP",16,3.23944723618087,1561
"HPC","MD_BayesMVP_WCP","BayesMVP_NicoStan",10000,50,180,90,2,200,"b97502ef4c1796520d0acd01a82ea24d","state_allocation_thread_setup_sampling_divergence_check","iteration_difference","main_scaling","two_run_difference",NA,4,10.4873737373738,10.469696969697,0.0710692982367516,0.114250000000027,10.5491868686869,0.0618131313131579,0.0524368686868689,0.113500000000045,10.5308484848485,0.0611919191919628,0.0523484848484849,0,FALSE,FALSE,8.58174813387908,1716.34962677582,0,"6189;6214;6239;6264",1593,10000,"N = 10,000",50,"50","180",200,90,10.4873737373738,0.0710692982367516,8.58174813387908,"BayesMVP + chunking + WCP","BayesMVP + chunking + WCP",27.8001202738949,3.23944723618087,1561
"HPC","Mplus_standard","mplus",10000,1,1,1,1,200,"b97502ef4c1796520d0acd01a82ea24d","Mplus_input_write_engine_run_output_validation_BITERATIONS","overhead_subtraction","main_scaling","two_run_difference",NA,3,3.00333333333341,2.98800000000006,0.0383709959908485,0.454999999999965,3.45833333333337,0.454999999999965,0.015016666666667,0.455999999999904,3.43900000000008,0.455999999999904,0.0149400000000003,0,FALSE,FALSE,0.332963374028849,66.5926748057697,NA,"4655;4656;4657",1187,10000,"N = 10,000",1,"1","1",200,1,3.00333333333341,0.0383709959908485,0.332963374028849,"Mplus","Mplus",1,3.00333333333341,1187
"HPC","Mplus_standard","mplus",10000,1,2,2,1,200,"b97502ef4c1796520d0acd01a82ea24d","Mplus_input_write_engine_run_output_validation_BITERATIONS","overhead_subtraction","main_scaling","two_run_difference",NA,3,7.02399999999996,7.03099999999995,0.232579018830233,1.19400000000004,8.218,1.19400000000004,0.0351199999999998,1.18500000000006,8.20799999999997,1.18500000000006,0.0351549999999997,0,FALSE,FALSE,0.284738041002279,56.9476082004559,NA,"4658;4659;4660",1188,10000,"N = 10,000",1,"1","2",200,2,7.02399999999996,0.232579018830233,0.284738041002279,"Mplus","Mplus",0.8551632498102,3.00333333333341,1187
"HPC","Mplus_standard","mplus",10000,1,4,4,1,200,"b97502ef4c1796520d0acd01a82ea24d","Mplus_input_write_engine_run_output_validation_BITERATIONS","overhead_subtraction","main_scaling","two_run_difference",NA,3,16.1903333333334,16.024,0.551639677084086,1.23199999999997,17.4223333333334,1.23199999999997,0.0809516666666669,1.22499999999991,17.235,1.22499999999991,0.08012,0,FALSE,FALSE,0.247061003479442,49.4122006958883,NA,"4661;4662;4663",1189,10000,"N = 10,000",1,"1","4",200,4,16.1903333333334,0.551639677084086,0.247061003479442,"Mplus","Mplus",0.742006547116608,3.00333333333341,1187
"HPC","Mplus_standard","mplus",10000,1,8,8,1,200,"b97502ef4c1796520d0acd01a82ea24d","Mplus_input_write_engine_run_output_validation_BITERATIONS","overhead_subtraction","main_scaling","two_run_difference",NA,3,34.1613333333334,34.1960000000001,0.101539811568449,1.31566666666667,35.4770000000001,1.31566666666667,0.170806666666667,1.31799999999998,35.5250000000001,1.31799999999998,0.170980000000001,0,FALSE,FALSE,0.234182896842434,46.8365793684867,NA,"4664;4665;4666",1190,10000,"N = 10,000",1,"1","8",200,8,34.1613333333334,0.101539811568449,0.234182896842434,"Mplus","Mplus",0.703329300183459,3.00333333333341,1187
"HPC","Mplus_standard","mplus",10000,1,16,16,1,200,"b97502ef4c1796520d0acd01a82ea24d","Mplus_input_write_engine_run_output_validation_BITERATIONS","overhead_subtraction","main_scaling","two_run_difference",NA,3,39.7950000000001,39.816,1.00966380543229,1.38633333333337,41.1813333333334,1.38633333333337,0.198975,1.38300000000004,41.1990000000001,1.38300000000004,0.19908,0,FALSE,FALSE,0.402060560371905,80.4121120743811,NA,"4667;4668;4669",1191,10000,"N = 10,000",1,"1","16",200,16,39.7950000000001,1.00966380543229,0.402060560371905,"Mplus","Mplus",1.20752188298365,3.00333333333341,1187
"HPC","Mplus_standard","mplus",10000,1,32,32,1,200,"b97502ef4c1796520d0acd01a82ea24d","Mplus_input_write_engine_run_output_validation_BITERATIONS","overhead_subtraction","main_scaling","two_run_difference",NA,3,41.0373333333334,40.8530000000001,1.33408557946389,1.47166666666658,42.509,1.47166666666658,0.205186666666667,1.47399999999993,42.3440000000001,1.47399999999993,0.204265,0,FALSE,FALSE,0.779777763337447,155.955552667489,NA,"4670;4671;4672",1192,10000,"N = 10,000",1,"1","32",200,32,41.0373333333334,1.33408557946389,0.779777763337447,"Mplus","Mplus",2.34193254922352,3.00333333333341,1187
"HPC","Mplus_standard","mplus",10000,1,64,64,1,200,"b97502ef4c1796520d0acd01a82ea24d","Mplus_input_write_engine_run_output_validation_BITERATIONS","overhead_subtraction","main_scaling","two_run_difference",NA,3,43.1900000000001,40.1609999999998,6.65068139366194,1.59299999999992,44.7830000000001,1.59299999999992,0.215950000000001,1.59199999999987,41.7629999999999,1.59199999999987,0.200804999999999,0,FALSE,FALSE,1.4818244964112,296.36489928224,NA,"4673;4674;4675",1193,10000,"N = 10,000",1,"1","64",200,64,43.1900000000001,6.65068139366194,1.4818244964112,"Mplus","Mplus",4.45041290422175,3.00333333333341,1187
"HPC","Mplus_standard","mplus",10000,1,96,96,1,200,"b97502ef4c1796520d0acd01a82ea24d","Mplus_input_write_engine_run_output_validation_BITERATIONS","overhead_subtraction","main_scaling","two_run_difference",NA,3,38.9859999999999,38.1489999999999,2.73143716749984,1.70000000000005,40.6859999999999,1.70000000000005,0.194929999999999,1.69900000000007,39.848,1.69900000000007,0.190744999999999,0,FALSE,FALSE,2.46242240804392,492.484481608784,NA,"4676;4677;4678",1194,10000,"N = 10,000",1,"1","96",200,96,38.9859999999999,2.73143716749984,2.46242240804392,"Mplus","Mplus",7.39547529882542,3.00333333333341,1187
"HPC","Mplus_standard","mplus",10000,1,180,180,1,200,"b97502ef4c1796520d0acd01a82ea24d","Mplus_input_write_engine_run_output_validation_BITERATIONS","overhead_subtraction","main_scaling","two_run_difference",NA,3,44.0289999999998,43.5869999999998,0.836695285035178,2.04733333333343,46.0763333333333,2.04733333333343,0.220144999999999,2.03400000000011,45.6139999999998,2.03400000000011,0.217934999999999,0,FALSE,FALSE,4.08821458584116,817.642917168233,NA,"4679;4680;4681",1195,10000,"N = 10,000",1,"1","180",200,180,44.0289999999998,0.836695285035178,4.08821458584116,"Mplus","Mplus",12.2782711394766,3.00333333333341,1187
"HPC","Mplus_WCP","mplus",10000,1,8,4,2,500,"b97502ef4c1796520d0acd01a82ea24d","Mplus_input_write_engine_run_output_validation_BITERATIONS","overhead_subtraction","main_scaling","two_run_difference",NA,3,19.595,19.1769999999999,0.73964045319321,1.00700000000006,20.602,1.00700000000006,0.0391899999999999,1.01600000000008,20.193,1.01600000000008,0.0383539999999998,0,FALSE,FALSE,0.204133707578464,102.066853789232,NA,"4469;4476;4483",1125,10000,"N = 10,000",1,"1","8",500,4,19.595,0.73964045319321,0.204133707578464,"Mplus + WCP","Mplus + WCP",1.09320404865187,5.35533333333334,1137
"HPC","Mplus_WCP","mplus",10000,1,16,4,4,500,"b97502ef4c1796520d0acd01a82ea24d","Mplus_input_write_engine_run_output_validation_BITERATIONS","overhead_subtraction","main_scaling","two_run_difference",NA,3,14.0973333333333,14.1690000000001,0.447821765140467,0.929333333333337,15.0266666666666,0.929333333333337,0.0281946666666666,0.942000000000007,15.116,0.942000000000007,0.0283380000000002,0,FALSE,FALSE,0.28374160597749,141.870802988745,NA,"4470;4477;4484",1126,10000,"N = 10,000",1,"1","16",500,4,14.0973333333333,0.447821765140467,0.28374160597749,"Mplus + WCP","Mplus + WCP",1.51953088054479,5.35533333333334,1137
"HPC","Mplus_WCP","mplus",10000,1,32,16,2,500,"b97502ef4c1796520d0acd01a82ea24d","Mplus_input_write_engine_run_output_validation_BITERATIONS","overhead_subtraction","main_scaling","two_run_difference",NA,3,29.7570000000001,29.8700000000001,3.67780219696495,0.719999999999876,30.477,0.719999999999876,0.0595140000000003,0.7199999999998,30.6030000000001,0.7199999999998,0.0597400000000002,0,FALSE,FALSE,0.537688611083104,268.844305541552,NA,"4508;4513;4518",1138,10000,"N = 10,000",1,"1","32",500,16,29.7570000000001,3.67780219696495,0.537688611083104,"Mplus + WCP","Mplus + WCP",2.87950174188706,5.35533333333334,1137
"HPC","Mplus_WCP","mplus",10000,1,64,32,2,500,"b97502ef4c1796520d0acd01a82ea24d","Mplus_input_write_engine_run_output_validation_BITERATIONS","overhead_subtraction","main_scaling","two_run_difference",NA,3,28.8833333333334,27.9000000000001,3.485628828968,0.787666666666667,29.671,0.787666666666667,0.0577666666666667,0.786999999999978,28.687,0.786999999999978,0.0558000000000001,0,FALSE,FALSE,1.10790536641662,553.952683208309,NA,"4523;4524;4525",1143,10000,"N = 10,000",1,"1","64",500,32,28.8833333333334,3.485628828968,1.10790536641662,"Mplus + WCP","Mplus + WCP",5.93320253894981,5.35533333333334,1137
"HPC","Mplus_WCP","mplus",10000,1,96,48,2,500,"b97502ef4c1796520d0acd01a82ea24d","Mplus_input_write_engine_run_output_validation_BITERATIONS","overhead_subtraction","main_scaling","two_run_difference",NA,3,28.13,27.86,1.28642916633603,0.826333333333338,28.9563333333334,0.826333333333338,0.05626,0.819999999999993,28.68,0.819999999999993,0.05572,0,FALSE,FALSE,1.70636331318876,853.181656594383,NA,"4526;4527;4528",1144,10000,"N = 10,000",1,"1","96",500,48,28.13,1.28642916633603,1.70636331318876,"Mplus + WCP","Mplus + WCP",9.13814432989692,5.35533333333334,1137
"HPC","Mplus_WCP","mplus",10000,1,128,64,2,500,"b97502ef4c1796520d0acd01a82ea24d","Mplus_input_write_engine_run_output_validation_BITERATIONS","overhead_subtraction","main_scaling","two_run_difference",NA,3,30.0866666666667,28.775,2.63493042286381,0.902333333333331,30.989,0.902333333333331,0.0601733333333333,0.897999999999996,29.668,0.897999999999996,0.05755,0,FALSE,FALSE,2.12718812319965,1063.59406159982,NA,"4529;4530;4531",1145,10000,"N = 10,000",1,"1","128",500,64,30.0866666666667,2.63493042286381,2.12718812319965,"Mplus + WCP","Mplus + WCP",11.3918014624419,5.35533333333334,1137
"HPC","Mplus_WCP","mplus",10000,1,176,8,22,500,"b97502ef4c1796520d0acd01a82ea24d","Mplus_input_write_engine_run_output_validation_BITERATIONS","overhead_subtraction","main_scaling","two_run_difference",NA,3,5.35533333333334,5.7349999999999,0.67325057247163,0.626666666666627,5.98199999999997,0.626666666666627,0.0107106666666667,0.619999999999891,6.37300000000005,0.619999999999891,0.0114699999999998,0,FALSE,FALSE,1.49383791858583,746.918959292915,NA,"4495;4501;4507",1137,10000,"N = 10,000",1,"1","176",500,8,5.35533333333334,0.67325057247163,1.49383791858583,"Mplus + WCP","Mplus + WCP",8,5.35533333333334,1137
"HPC","Mplus_WCP","mplus",10000,1,180,90,2,500,"b97502ef4c1796520d0acd01a82ea24d","Mplus_input_write_engine_run_output_validation_BITERATIONS","overhead_subtraction","main_scaling","two_run_difference",NA,3,33.2483333333334,33.4949999999999,1.14510188775209,0.953666666666663,34.202,0.953666666666663,0.0664966666666667,0.953000000000003,34.4479999999999,0.953000000000003,0.0669899999999998,0,FALSE,FALSE,2.70690260163417,1353.45130081708,NA,"4532;4533;4534",1146,10000,"N = 10,000",1,"1","180",500,90,33.2483333333334,1.14510188775209,2.70690260163417,"Mplus + WCP","Mplus + WCP",14.4963657326182,5.35533333333334,1137
"HPC","AD_Stan","NicoStan_BridgeStan",10000,1,1,1,1,20,"b97502ef4c1796520d0acd01a82ea24d","NicoStan_BridgeStan_state_allocation_thread_setup_sampling_model_load_divergence_check","iteration_difference","main_scaling","two_run_difference",NA,4,1.07500000000018,1.07263157894743,0.0103627645094319,0.139249999999926,1.1605000000001,0.0854999999999169,0.053750000000009,0.126499999999851,1.15050000000019,0.0726052631577276,0.0536315789473717,0,FALSE,FALSE,0.930232558139379,18.6046511627876,0,"73;74;75;76",19,10000,"N = 10,000",1,"1","1",20,1,1.07500000000018,0.0103627645094319,0.930232558139379,"Stan model (NicoStan)","Stan model (NicoStan)",1,1.07500000000018,19
"HPC","AD_Stan","NicoStan_BridgeStan",10000,1,2,2,1,20,"b97502ef4c1796520d0acd01a82ea24d","NicoStan_BridgeStan_state_allocation_thread_setup_sampling_model_load_divergence_check","iteration_difference","main_scaling","two_run_difference",NA,4,1.10236842105283,1.10157894736882,0.00532420733512529,0.137749999999819,1.18500000000001,0.0826315789471778,0.0551184210526415,0.12099999999964,1.16750000000002,0.0659210526311989,0.055078947368441,0,FALSE,FALSE,1.8142754834086,36.285509668172,0,"77;78;79;80",20,10000,"N = 10,000",1,"1","2",20,2,1.10236842105283,0.00532420733512529,1.8142754834086,"Stan model (NicoStan)","Stan model (NicoStan)",1.95034614466457,1.07500000000018,19
"HPC","AD_Stan","NicoStan_BridgeStan",10000,1,4,4,1,20,"b97502ef4c1796520d0acd01a82ea24d","NicoStan_BridgeStan_state_allocation_thread_setup_sampling_model_load_divergence_check","iteration_difference","main_scaling","two_run_difference",NA,4,1.12789473684169,1.12578947368384,0.0102597835205161,0.146750000000281,1.21824999999989,0.090355263158197,0.0563947368420845,0.130500000000204,1.20699999999992,0.0742105263160118,0.0562894736841921,0,FALSE,FALSE,3.54643023798544,70.9286047597088,0,"81;82;83;84",21,10000,"N = 10,000",1,"1","4",20,4,1.12789473684169,0.0102597835205161,3.54643023798544,"Stan model (NicoStan)","Stan model (NicoStan)",3.81241250583498,1.07500000000018,19
"HPC","AD_Stan","NicoStan_BridgeStan",10000,1,8,8,1,20,"b97502ef4c1796520d0acd01a82ea24d","NicoStan_BridgeStan_state_allocation_thread_setup_sampling_model_load_divergence_check","iteration_difference","main_scaling","two_run_difference",NA,4,1.2344736842107,1.23368421052656,0.0415611776373215,0.17200000000007,1.34475000000024,0.110276315789535,0.0617236842105351,0.162500000000076,1.35450000000031,0.0997631578948005,0.061684210526328,0,FALSE,FALSE,6.48049456405791,129.609891281158,0,"85;86;87;88",22,10000,"N = 10,000",1,"1","8",20,8,1.2344736842107,0.0415611776373215,6.48049456405791,"Stan model (NicoStan)","Stan model (NicoStan)",6.96653165636342,1.07500000000018,19
"HPC","AD_Stan","NicoStan_BridgeStan",10000,1,16,16,1,20,"b97502ef4c1796520d0acd01a82ea24d","NicoStan_BridgeStan_state_allocation_thread_setup_sampling_model_load_divergence_check","iteration_difference","main_scaling","two_run_difference",NA,4,1.45157894736855,1.41421052631576,0.138283902436586,0.19574999999988,1.57475,0.123171052631452,0.0725789473684274,0.183499999999881,1.55300000000015,0.109052631578815,0.0707105263157879,0,FALSE,FALSE,11.0224800580121,220.449601160242,0,"89;90;91;92",23,10000,"N = 10,000",1,"1","16",20,16,1.45157894736855,0.138283902436586,11.0224800580121,"Stan model (NicoStan)","Stan model (NicoStan)",11.849166062365,1.07500000000018,19
"HPC","AD_Stan","NicoStan_BridgeStan",10000,1,32,32,1,20,"b97502ef4c1796520d0acd01a82ea24d","NicoStan_BridgeStan_state_allocation_thread_setup_sampling_model_load_divergence_check","iteration_difference","main_scaling","two_run_difference",NA,4,2.54789473684258,2.49368421052675,0.28812701108209,0.287999999999801,2.70850000000026,0.160605263157672,0.127394736842129,0.257999999999626,2.62200000000038,0.141868421052231,0.124684210526337,0,FALSE,FALSE,12.5593885560811,251.187771121622,0,"93;94;95;96",24,10000,"N = 10,000",1,"1","32",20,32,2.54789473684258,0.28812701108209,12.5593885560811,"Stan model (NicoStan)","Stan model (NicoStan)",13.5013426977894,1.07500000000018,19
"HPC","AD_Stan","NicoStan_BridgeStan",10000,1,64,64,1,20,"b97502ef4c1796520d0acd01a82ea24d","NicoStan_BridgeStan_state_allocation_thread_setup_sampling_model_load_divergence_check","iteration_difference","main_scaling","two_run_difference",NA,4,5.07578947368442,5.05631578947399,0.114696596836745,0.507749999999866,5.32975000000007,0.253960526315645,0.253789473684221,0.446499999999979,5.28700000000009,0.191736842105236,0.2528157894737,0,FALSE,FALSE,12.6088759850679,252.177519701358,0,"97;98;99;100",25,10000,"N = 10,000",1,"1","64",20,64,5.07578947368442,0.114696596836745,12.6088759850679,"Stan model (NicoStan)","Stan model (NicoStan)",13.5545416839503,1.07500000000018,19
"HPC","AD_Stan","NicoStan_BridgeStan",10000,1,96,96,1,20,"b97502ef4c1796520d0acd01a82ea24d","NicoStan_BridgeStan_state_allocation_thread_setup_sampling_model_load_divergence_check","iteration_difference","main_scaling","two_run_difference",NA,4,7.35184210526299,7.37052631578936,0.22688769029518,0.791750000000121,7.77599999999996,0.424157894736972,0.36759210526315,0.715500000000247,7.70700000000017,0.357500000000264,0.368526315789468,0,FALSE,FALSE,13.0579518201671,261.159036403342,0,"101;102;103;104",26,10000,"N = 10,000",1,"1","96",20,96,7.35184210526299,0.22688769029518,13.0579518201671,"Stan model (NicoStan)","Stan model (NicoStan)",14.037298206682,1.07500000000018,19
"HPC","AD_Stan","NicoStan_BridgeStan",10000,1,180,180,1,20,"b97502ef4c1796520d0acd01a82ea24d","NicoStan_BridgeStan_state_allocation_thread_setup_sampling_model_load_divergence_check","iteration_difference","main_scaling","two_run_difference",NA,4,14.4500000000002,14.6915789473683,0.674730820784492,1.52124999999991,15.2487500000001,0.798749999999902,0.722500000000008,1.33449999999987,15.2724999999999,0.624078947368271,0.734578947368416,0,FALSE,FALSE,12.4567474048442,249.134948096883,9,"105;106;107;108",27,10000,"N = 10,000",1,"1","180",20,180,14.4500000000002,0.674730820784492,12.4567474048442,"Stan model (NicoStan)","Stan model (NicoStan)",13.3910034602097,1.07500000000018,19
"HPC","AD_Stan_tape_chunked","NicoStan_BridgeStan",10000,10,1,1,1,20,"b97502ef4c1796520d0acd01a82ea24d","NicoStan_BridgeStan_state_allocation_thread_setup_sampling_model_load_divergence_check","iteration_difference","main_scaling","two_run_difference",1000,4,1.31342105263156,1.30736842105259,0.0232593471515602,0.135500000000022,1.38325,0.0698289473684437,0.065671052631578,0.135500000000036,1.37649999999999,0.0691315789474016,0.0653684210526296,0,FALSE,FALSE,0.761370466840324,15.2274093368065,0,"1461;1462;1463;1464",366,10000,"N = 10,000",10,"10","1",20,1,1.31342105263156,0.0232593471515602,0.761370466840324,"Stan model (NicoStan) + tape chunking","Stan model (NicoStan) + tape chunking",0.974153476257282,1.27947368421053,367
"HPC","AD_Stan_tape_chunked","NicoStan_BridgeStan",10000,10,2,2,1,20,"b97502ef4c1796520d0acd01a82ea24d","NicoStan_BridgeStan_state_allocation_thread_setup_sampling_model_load_divergence_check","iteration_difference","main_scaling","two_run_difference",1000,4,1.27947368421053,1.27631578947369,0.00903466188742844,0.137,1.35250000000001,0.0730263157894738,0.0639736842105266,0.137,1.35050000000001,0.0727368421052634,0.0638157894736845,0,FALSE,FALSE,1.56314273961332,31.2628547922664,0,"1465;1466;1467;1468",367,10000,"N = 10,000",10,"10","2",20,2,1.27947368421053,0.00903466188742844,1.56314273961332,"Stan model (NicoStan) + tape chunking","Stan model (NicoStan) + tape chunking",2,1.27947368421053,367
"HPC","AD_Stan_tape_chunked","NicoStan_BridgeStan",10000,10,4,4,1,20,"b97502ef4c1796520d0acd01a82ea24d","NicoStan_BridgeStan_state_allocation_thread_setup_sampling_model_load_divergence_check","iteration_difference","main_scaling","two_run_difference",1000,4,1.29078947368422,1.28947368421055,0.00347793466693589,0.140749999999997,1.367,0.0762105263157861,0.0645394736842109,0.141999999999996,1.36700000000002,0.0775263157894684,0.0644736842105275,0,FALSE,FALSE,3.09887869520895,61.977573904179,0,"1469;1470;1471;1472",368,10000,"N = 10,000",10,"10","4",20,4,1.29078947368422,0.00347793466693589,3.09887869520895,"Stan model (NicoStan) + tape chunking","Stan model (NicoStan) + tape chunking",3.96493374108053,1.27947368421053,367
"HPC","AD_Stan_tape_chunked","NicoStan_BridgeStan",10000,10,8,8,1,20,"b97502ef4c1796520d0acd01a82ea24d","NicoStan_BridgeStan_state_allocation_thread_setup_sampling_model_load_divergence_check","iteration_difference","main_scaling","two_run_difference",1000,4,1.35315789473684,1.3578947368421,0.0205285648790029,0.149249999999995,1.43474999999999,0.0815921052631529,0.0676578947368421,0.148500000000013,1.43849999999998,0.0806052631578795,0.0678947368421048,0,FALSE,FALSE,5.9120964605212,118.241929210424,0,"1473;1474;1475;1476",369,10000,"N = 10,000",10,"10","8",20,8,1.35315789473684,0.0205285648790029,5.9120964605212,"Stan model (NicoStan) + tape chunking","Stan model (NicoStan) + tape chunking",7.56437183975111,1.27947368421053,367
"HPC","AD_Stan_tape_chunked","NicoStan_BridgeStan",10000,10,16,16,1,20,"b97502ef4c1796520d0acd01a82ea24d","NicoStan_BridgeStan_state_allocation_thread_setup_sampling_model_load_divergence_check","iteration_difference","main_scaling","two_run_difference",1000,4,1.54421052631577,1.54526315789473,0.0146614613444199,0.171999999999997,1.63899999999998,0.0947894736842084,0.0772105263157887,0.171999999999997,1.63999999999999,0.0947368421052608,0.0772631578947363,0,FALSE,FALSE,10.3612815269258,207.225630538516,0,"1477;1478;1479;1480",370,10000,"N = 10,000",10,"10","16",20,16,1.54421052631577,0.0146614613444199,10.3612815269258,"Stan model (NicoStan) + tape chunking","Stan model (NicoStan) + tape chunking",13.2569870483983,1.27947368421053,367
"HPC","AD_Stan_tape_chunked","NicoStan_BridgeStan",10000,25,32,32,1,20,"b97502ef4c1796520d0acd01a82ea24d","NicoStan_BridgeStan_state_allocation_thread_setup_sampling_model_load_divergence_check","iteration_difference","main_scaling","two_run_difference",400,4,1.82526315789472,1.83210526315786,0.122071985786091,0.203000000000017,1.937,0.111736842105281,0.0912631578947358,0.203000000000031,1.94399999999999,0.111894736842126,0.0916052631578931,0,FALSE,FALSE,17.5317185697811,350.634371395621,0,"1517;1518;1519;1520",380,10000,"N = 10,000",25,"25","32",20,32,1.82526315789472,0.122071985786091,17.5317185697811,"Stan model (NicoStan) + tape chunking","Stan model (NicoStan) + tape chunking",22.43137254902,1.27947368421053,367
"HPC","AD_Stan_tape_chunked","NicoStan_BridgeStan",10000,50,64,64,1,20,"b97502ef4c1796520d0acd01a82ea24d","NicoStan_BridgeStan_state_allocation_thread_setup_sampling_model_load_divergence_check","iteration_difference","main_scaling","two_run_difference",200,4,2.26736842105257,2.26421052631574,0.170274885032278,0.278750000000031,2.43274999999997,0.165381578947402,0.113368421052628,0.279000000000053,2.42899999999997,0.164921052631589,0.113210526315787,0,FALSE,FALSE,28.2265552460546,564.531104921093,0,"1557;1558;1559;1560",390,10000,"N = 10,000",50,"50","64",20,64,2.26736842105257,0.170274885032278,28.2265552460546,"Stan model (NicoStan) + tape chunking","Stan model (NicoStan) + tape chunking",36.1151346332417,1.27947368421053,367
"HPC","AD_Stan_tape_chunked","NicoStan_BridgeStan",10000,50,96,96,1,20,"b97502ef4c1796520d0acd01a82ea24d","NicoStan_BridgeStan_state_allocation_thread_setup_sampling_model_load_divergence_check","iteration_difference","main_scaling","two_run_difference",200,4,2.87973684210526,2.87789473684214,0.106144990474256,0.449500000000029,3.18525000000002,0.305513157894766,0.143986842105263,0.4495,3.18350000000004,0.305605263157893,0.143894736842107,0,FALSE,FALSE,33.3363794206342,666.727588412685,0,"1561;1562;1563;1564",391,10000,"N = 10,000",50,"50","96",20,96,2.87973684210526,0.106144990474256,33.3363794206342,"Stan model (NicoStan) + tape chunking","Stan model (NicoStan) + tape chunking",42.6530201955591,1.27947368421053,367
"HPC","AD_Stan_tape_chunked","NicoStan_BridgeStan",10000,100,180,180,1,20,"b97502ef4c1796520d0acd01a82ea24d","NicoStan_BridgeStan_state_allocation_thread_setup_sampling_model_load_divergence_check","iteration_difference","main_scaling","two_run_difference",100,4,4.92578947368417,4.92473684210519,0.166578739502682,0.830250000000035,5.50975,0.583960526315827,0.246289473684209,0.835000000000036,5.51499999999999,0.582026315789512,0.246236842105259,0,FALSE,FALSE,36.5423656373547,730.847312747094,0,"1601;1602;1603;1604",401,10000,"N = 10,000",100,"100","180",20,180,4.92578947368417,0.166578739502682,36.5423656373547,"Stan model (NicoStan) + tape chunking","Stan model (NicoStan) + tape chunking",46.7549951917946,1.27947368421053,367
"HPC","AD_Stan_WCP","NicoStan_BridgeStan",10000,10,8,4,2,80,"b97502ef4c1796520d0acd01a82ea24d","NicoStan_BridgeStan_state_allocation_thread_setup_sampling_model_load_divergence_check","iteration_difference","main_scaling","two_run_difference",1000,4,2.92151898734175,2.91898734177212,0.0336369233238536,0.113,2.99799999999998,0.0764810126582277,0.0365189873417719,0.111500000000007,2.99849999999995,0.0750126582278551,0.0364873417721515,0,FALSE,FALSE,1.36915077989602,109.532062391682,0,"2629;2632;2635;2638",658,10000,"N = 10,000",10,"10","8",80,4,2.92151898734175,0.0336369233238536,1.36915077989602,"Stan model (NicoStan) + tape chunking + WCP","Stan model (NicoStan) + tape chunking + WCP",2.15909878682846,1.57696202531647,676
"HPC","AD_Stan_WCP","NicoStan_BridgeStan",10000,25,16,4,4,80,"b97502ef4c1796520d0acd01a82ea24d","NicoStan_BridgeStan_state_allocation_thread_setup_sampling_model_load_divergence_check","iteration_difference","main_scaling","two_run_difference",400,4,1.57696202531647,1.57873417721522,0.013135313185867,0.112499999999997,1.66975000000001,0.0927879746835413,0.0197120253164558,0.114499999999992,1.66550000000001,0.0947531645569545,0.0197341772151902,0,FALSE,FALSE,2.53652271632684,202.921817306147,0,"2698;2703;2708;2713",676,10000,"N = 10,000",25,"25","16",80,4,1.57696202531647,0.013135313185867,2.53652271632684,"Stan model (NicoStan) + tape chunking + WCP","Stan model (NicoStan) + tape chunking + WCP",4,1.57696202531647,676
"HPC","AD_Stan_WCP","NicoStan_BridgeStan",10000,25,32,16,2,80,"b97502ef4c1796520d0acd01a82ea24d","NicoStan_BridgeStan_state_allocation_thread_setup_sampling_model_load_divergence_check","iteration_difference","main_scaling","two_run_difference",400,4,3.64708860759494,3.64506329113925,0.0930195165248642,0.140500000000003,3.742,0.0949113924050662,0.0455886075949367,0.138499999999993,3.74250000000001,0.0927151898734109,0.0455632911392406,0,FALSE,FALSE,4.38706094682771,350.964875746217,0,"2741;2746;2751;2756",686,10000,"N = 10,000",25,"25","32",80,16,3.64708860759494,0.0930195165248642,4.38706094682771,"Stan model (NicoStan) + tape chunking + WCP","Stan model (NicoStan) + tape chunking + WCP",6.9182285158962,1.57696202531647,676
"HPC","AD_Stan_WCP","NicoStan_BridgeStan",10000,50,64,16,4,80,"b97502ef4c1796520d0acd01a82ea24d","NicoStan_BridgeStan_state_allocation_thread_setup_sampling_model_load_divergence_check","iteration_difference","main_scaling","two_run_difference",200,4,2.3701265822785,2.37265822784812,0.0315986149540892,0.136999999999972,2.47749999999999,0.107373417721491,0.0296265822784813,0.137499999999989,2.48149999999998,0.108126582278469,0.0296582278481015,0,FALSE,FALSE,6.75069429609052,540.055543687242,0,"2842;2847;2852;2857",712,10000,"N = 10,000",50,"50","64",80,16,2.3701265822785,0.0315986149540892,6.75069429609052,"Stan model (NicoStan) + tape chunking + WCP","Stan model (NicoStan) + tape chunking + WCP",10.6455885494552,1.57696202531647,676
"HPC","AD_Stan_WCP","NicoStan_BridgeStan",10000,50,96,48,2,80,"b97502ef4c1796520d0acd01a82ea24d","NicoStan_BridgeStan_state_allocation_thread_setup_sampling_model_load_divergence_check","iteration_difference","main_scaling","two_run_difference",200,4,6.14210526315793,6.13052631578955,0.0618221319000363,0.228749999999991,6.29407894736845,0.151973684210517,0.0767763157894742,0.227999999999838,6.28389473684219,0.15099999999996,0.0766315789473693,0,FALSE,FALSE,7.81491002570689,625.192802056551,0,"2877;2878;2879;2880",720,10000,"N = 10,000",50,"50","96",80,48,6.14210526315793,0.0618221319000363,7.81491002570689,"Stan model (NicoStan) + tape chunking + WCP","Stan model (NicoStan) + tape chunking + WCP",12.3238163418047,1.57696202531647,676
"HPC","AD_Stan_WCP","NicoStan_BridgeStan",10000,100,128,64,2,80,"b97502ef4c1796520d0acd01a82ea24d","NicoStan_BridgeStan_state_allocation_thread_setup_sampling_model_load_divergence_check","iteration_difference","main_scaling","two_run_difference",100,4,7.82947368421039,7.75368421052582,0.206973530855103,0.27800000000002,8.00960526315778,0.18013157894739,0.0978684210526299,0.27800000000002,7.93476315789427,0.180631578947411,0.0969210526315728,0,FALSE,FALSE,8.174240387201,653.93923097608,0,"2981;2982;2983;2984",746,10000,"N = 10,000",100,"100","128",80,64,7.82947368421039,0.206973530855103,8.174240387201,"Stan model (NicoStan) + tape chunking + WCP","Stan model (NicoStan) + tape chunking + WCP",12.8904666764241,1.57696202531647,676
"HPC","AD_Stan_WCP","NicoStan_BridgeStan",10000,100,176,16,11,80,"b97502ef4c1796520d0acd01a82ea24d","NicoStan_BridgeStan_state_allocation_thread_setup_sampling_model_load_divergence_check","iteration_difference","main_scaling","two_run_difference",100,4,2.10936708860756,2.10177215189877,0.0266003555170669,0.14425,2.22724999999997,0.117882911392405,0.0263670886075946,0.143000000000029,2.21850000000001,0.116746835443068,0.0262721518987346,0,FALSE,FALSE,7.58521363418158,606.817090734526,0,"2945;2950;2955;2960",740,10000,"N = 10,000",100,"100","176",80,16,2.10936708860756,0.0266003555170669,7.58521363418158,"Stan model (NicoStan) + tape chunking + WCP","Stan model (NicoStan) + tape chunking + WCP",11.9615938550171,1.57696202531647,676
"HPC","AD_Stan_WCP","NicoStan_BridgeStan",10000,100,180,90,2,80,"b97502ef4c1796520d0acd01a82ea24d","NicoStan_BridgeStan_state_allocation_thread_setup_sampling_model_load_divergence_check","iteration_difference","main_scaling","two_run_difference",100,4,10.4505263157891,10.3326315789467,0.402129144142712,0.400250000000028,10.7201447368418,0.269618421052664,0.130631578947364,0.409000000000106,10.5924736842099,0.279394736842152,0.129157894736834,0,FALSE,FALSE,8.61200644641448,688.960515713158,0,"2985;2986;2987;2988",747,10000,"N = 10,000",100,"100","180",80,90,10.4505263157891,0.402129144142712,8.61200644641448,"Stan model (NicoStan) + tape chunking + WCP","Stan model (NicoStan) + tape chunking + WCP",13.5808071277762,1.57696202531647,676
"HPC","MD_BayesMVP","BayesMVP_NicoStan",50000,1,1,1,1,50,"3f8ed78629bdab9b833b52bd1450ea30","state_allocation_thread_setup_sampling_divergence_check","iteration_difference","main_scaling","two_run_difference",NA,4,12.1530612244898,12.1341836734695,0.12513216669597,0.257249999999971,12.16725,0.0141887755101748,0.243061224489796,0.256000000000029,12.1475,0.0142857142856259,0.242683673469389,0,FALSE,FALSE,0.0822837951301428,4.11418975650714,0,"5265;5274;5283;5292",1344,50000,"N = 50,000",1,"1","1",50,1,12.1530612244898,0.12513216669597,0.0822837951301428,"BayesMVP (1 chunk)","BayesMVP + chunking",1,12.1530612244898,1344
"HPC","MD_BayesMVP","BayesMVP_NicoStan",50000,1,2,2,1,50,"3f8ed78629bdab9b833b52bd1450ea30","state_allocation_thread_setup_sampling_divergence_check","iteration_difference","main_scaling","two_run_difference",NA,4,12.2224489795918,12.2239795918368,0.026933105979235,0.275000000000006,12.253,0.0305510204081688,0.244448979591837,0.277000000000044,12.2525,0.0325816326531051,0.244479591836735,0,FALSE,FALSE,0.163633327767574,8.18166638837869,0,"5266;5275;5284;5293",1345,50000,"N = 50,000",1,"1","2",50,2,12.2224489795918,0.026933105979235,0.163633327767574,"BayesMVP (1 chunk)","BayesMVP + chunking",1.98864585072633,12.1530612244898,1344
"HPC","MD_BayesMVP","BayesMVP_NicoStan",50000,1,4,4,1,50,"3f8ed78629bdab9b833b52bd1450ea30","state_allocation_thread_setup_sampling_divergence_check","iteration_difference","main_scaling","two_run_difference",NA,4,12.309693877551,12.3163265306122,0.0452559935950442,0.305500000000023,12.369,0.0593061224490029,0.246193877551021,0.307000000000016,12.376,0.0600510204081783,0.246326530612245,0,FALSE,FALSE,0.32494715464003,16.2473577320015,0,"5267;5276;5285;5294",1346,50000,"N = 50,000",1,"1","4",50,4,12.309693877551,0.0452559935950442,0.32494715464003,"BayesMVP (1 chunk)","BayesMVP + chunking",3.94910266506403,12.1530612244898,1344
"HPC","MD_BayesMVP","BayesMVP_NicoStan",50000,1,8,8,1,50,"3f8ed78629bdab9b833b52bd1450ea30","state_allocation_thread_setup_sampling_divergence_check","iteration_difference","main_scaling","two_run_difference",NA,4,12.9464285714287,12.9770408163267,0.123556499320043,0.376999999999981,13.0645000000001,0.118071428571407,0.258928571428574,0.381000000000029,13.0995000000001,0.120153061224517,0.259540816326535,0,FALSE,FALSE,0.617931034482753,30.8965517241377,0,"5268;5277;5286;5295",1347,50000,"N = 50,000",1,"1","8",50,8,12.9464285714287,0.123556499320043,0.617931034482753,"BayesMVP (1 chunk)","BayesMVP + chunking",7.50975369458121,12.1530612244898,1344
"HPC","MD_BayesMVP","BayesMVP_NicoStan",50000,1,16,16,1,50,"3f8ed78629bdab9b833b52bd1450ea30","state_allocation_thread_setup_sampling_divergence_check","iteration_difference","main_scaling","two_run_difference",NA,4,16.448469387755,16.4255102040816,0.103648893653743,0.530000000000058,16.6495,0.201030612244958,0.3289693877551,0.531000000000006,16.596,0.200887755102048,0.328510204081632,0,FALSE,FALSE,0.97273488631782,48.636744315891,0,"5269;5278;5287;5296",1348,50000,"N = 50,000",1,"1","16",50,16,16.448469387755,0.103648893653743,0.97273488631782,"BayesMVP (1 chunk)","BayesMVP + chunking",11.8217066286176,12.1530612244898,1344
"HPC","MD_BayesMVP","BayesMVP_NicoStan",50000,1,32,32,1,50,"3f8ed78629bdab9b833b52bd1450ea30","state_allocation_thread_setup_sampling_divergence_check","iteration_difference","main_scaling","two_run_difference",NA,4,28.95,29.061224489796,1.08771617395346,1.24825000000001,29.61925,0.669250000000013,0.579,1.07900000000001,29.541,0.482734693877558,0.58122448979592,0,FALSE,FALSE,1.10535405872193,55.2677029360967,0,"5270;5279;5288;5297",1349,50000,"N = 50,000",1,"1","32",50,32,28.95,1.08771617395346,1.10535405872193,"BayesMVP (1 chunk)","BayesMVP + chunking",13.4334355503859,12.1530612244898,1344
"HPC","MD_BayesMVP","BayesMVP_NicoStan",50000,1,64,64,1,50,"3f8ed78629bdab9b833b52bd1450ea30","state_allocation_thread_setup_sampling_divergence_check","iteration_difference","main_scaling","two_run_difference",NA,4,74.208418367347,74.2209183673471,0.821313160016783,2.22975,74.954,0.745581632653057,1.48416836734694,2.26549999999997,74.8615000000001,0.79048979591834,1.48441836734694,0,FALSE,FALSE,0.862435844989807,43.1217922494904,0,"5271;5280;5289;5298",1350,50000,"N = 50,000",1,"1","64",50,64,74.208418367347,0.821313160016783,0.862435844989807,"BayesMVP (1 chunk)","BayesMVP + chunking",10.4812356263557,12.1530612244898,1344
"HPC","MD_BayesMVP","BayesMVP_NicoStan",50000,1,96,96,1,50,"3f8ed78629bdab9b833b52bd1450ea30","state_allocation_thread_setup_sampling_divergence_check","iteration_difference","main_scaling","two_run_difference",NA,4,137.738010204082,134.820408163265,6.5120238950447,3.70224999999996,138.6855,0.947489795918332,2.75476020408163,3.72849999999994,135.657,0.912285714285656,2.69640816326531,0,FALSE,FALSE,0.696975365462011,34.8487682731006,0,"5272;5281;5290;5299",1351,50000,"N = 50,000",1,"1","96",50,96,137.738010204082,6.5120238950447,0.696975365462011,"BayesMVP (1 chunk)","BayesMVP + chunking",8.47038428842097,12.1530612244898,1344
"HPC","MD_BayesMVP","BayesMVP_NicoStan",50000,1,180,180,1,50,"3f8ed78629bdab9b833b52bd1450ea30","state_allocation_thread_setup_sampling_divergence_check","iteration_difference","main_scaling","two_run_difference",NA,4,405.028571428571,419.820918367347,42.4489335835047,8.32024999999999,405.24825,0.219678571428559,8.10057142857143,8.459,420.009,0.188081632652996,8.39641836734694,0,FALSE,FALSE,0.44441309255079,22.2206546275395,0,"5273;5282;5291;5300",1352,50000,"N = 50,000",1,"1","180",50,180,405.028571428571,42.4489335835047,0.44441309255079,"BayesMVP (1 chunk)","BayesMVP + chunking",5.4009795227346,12.1530612244898,1344
"HPC","MD_BayesMVP","BayesMVP_NicoStan",50000,100,1,1,1,50,"3f8ed78629bdab9b833b52bd1450ea30","state_allocation_thread_setup_sampling_divergence_check","iteration_difference","main_scaling","two_run_difference",NA,4,8.06811224489806,8.04591836734716,0.0594958632162604,0.169750000000022,8.07650000000012,0.00838775510206057,0.161362244897961,0.169499999999971,8.05450000000019,0.00858163265302767,0.160918367346943,0,FALSE,FALSE,0.123944730768013,6.19723653840065,0,"5445;5454;5463;5472",1389,50000,"N = 50,000",100,"100","1",50,1,8.06811224489806,0.0594958632162604,0.123944730768013,"BayesMVP + chunking","BayesMVP + chunking",1,8.06811224489806,1389
"HPC","MD_BayesMVP","BayesMVP_NicoStan",50000,100,2,2,1,50,"3f8ed78629bdab9b833b52bd1450ea30","state_allocation_thread_setup_sampling_divergence_check","iteration_difference","main_scaling","two_run_difference",NA,4,8.31709183673517,8.31530612244956,0.217413797962784,0.181999999999789,8.33275000000026,0.0156581632650855,0.166341836734703,0.182000000000016,8.33150000000023,0.0160000000000114,0.166306122448991,0,FALSE,FALSE,0.240468668527422,12.0234334263711,0,"5446;5455;5464;5473",1390,50000,"N = 50,000",100,"100","2",50,2,8.31709183673517,0.217413797962784,0.240468668527422,"BayesMVP + chunking","BayesMVP + chunking",1.94012820906043,8.06811224489806,1389
"HPC","MD_BayesMVP","BayesMVP_NicoStan",50000,100,4,4,1,50,"3f8ed78629bdab9b833b52bd1450ea30","state_allocation_thread_setup_sampling_divergence_check","iteration_difference","main_scaling","two_run_difference",NA,4,8.35255102040833,8.40153061224472,0.228049239515386,0.195249999999874,8.38075000000003,0.028198979591707,0.167051020408167,0.199999999999818,8.43849999999998,0.0316020408161384,0.168030612244894,0,FALSE,FALSE,0.478895608087462,23.9447804043731,0,"5447;5456;5465;5474",1391,50000,"N = 50,000",100,"100","4",50,4,8.35255102040833,0.228049239515386,0.478895608087462,"BayesMVP + chunking","BayesMVP + chunking",3.86378351963836,8.06811224489806,1389
"HPC","MD_BayesMVP","BayesMVP_NicoStan",50000,100,8,8,1,50,"3f8ed78629bdab9b833b52bd1450ea30","state_allocation_thread_setup_sampling_divergence_check","iteration_difference","main_scaling","two_run_difference",NA,4,8.18418367346901,8.19591836734663,0.0439328871130569,0.212750000000142,8.23324999999977,0.0490663265307617,0.16368367346938,0.222499999999854,8.23399999999992,0.0581428571427119,0.163918367346933,0,FALSE,FALSE,0.97749516863043,48.8747584315215,0,"5448;5457;5466;5475",1392,50000,"N = 50,000",100,"100","8",50,8,8.18418367346901,0.0439328871130569,0.97749516863043,"BayesMVP + chunking","BayesMVP + chunking",7.88654073935587,8.06811224489806,1389
"HPC","MD_BayesMVP","BayesMVP_NicoStan",50000,100,16,16,1,50,"3f8ed78629bdab9b833b52bd1450ea30","state_allocation_thread_setup_sampling_divergence_check","iteration_difference","main_scaling","two_run_difference",NA,4,8.28341836734729,8.26275510204113,0.104959532869131,0.242499999999836,8.36025000000018,0.0768316326528905,0.165668367346946,0.254000000000133,8.32950000000028,0.0868469387756398,0.165255102040823,0,FALSE,FALSE,1.93156970835507,96.5784854177533,0,"5449;5458;5467;5476",1393,50000,"N = 50,000",100,"100","16",50,16,8.28341836734729,0.104959532869131,1.93156970835507,"BayesMVP + chunking","BayesMVP + chunking",15.5841212158537,8.06811224489806,1389
"HPC","MD_BayesMVP","BayesMVP_NicoStan",50000,100,32,32,1,50,"3f8ed78629bdab9b833b52bd1450ea30","state_allocation_thread_setup_sampling_divergence_check","iteration_difference","main_scaling","two_run_difference",NA,4,8.67423469387713,8.59183673469372,0.31676223559165,0.310250000000224,8.81099999999981,0.136765306122681,0.173484693877543,0.334500000000162,8.75849999999991,0.164612244898132,0.171836734693874,0,FALSE,FALSE,3.68908625709514,184.454312854757,0,"5450;5459;5468;5477",1394,50000,"N = 50,000",100,"100","32",50,32,8.67423469387713,0.31676223559165,3.68908625709514,"BayesMVP + chunking","BayesMVP + chunking",29.7639620033545,8.06811224489806,1389
"HPC","MD_BayesMVP","BayesMVP_NicoStan",50000,100,64,64,1,50,"3f8ed78629bdab9b833b52bd1450ea30","state_allocation_thread_setup_sampling_divergence_check","iteration_difference","main_scaling","two_run_difference",NA,4,10.1420918367345,9.79540816326511,1.02270706174276,0.532249999999976,10.4714999999998,0.329408163265287,0.20284183673469,0.514999999999873,10.1649999999995,0.305224489795796,0.195908163265302,0,FALSE,FALSE,6.31033528686786,315.516764343393,0,"5451;5460;5469;5478",1395,50000,"N = 50,000",100,"100","64",50,64,10.1420918367345,1.02270706174276,6.31033528686786,"BayesMVP + chunking","BayesMVP + chunking",50.9124933973909,8.06811224489806,1389
"HPC","MD_BayesMVP","BayesMVP_NicoStan",50000,100,96,96,1,50,"3f8ed78629bdab9b833b52bd1450ea30","state_allocation_thread_setup_sampling_divergence_check","iteration_difference","main_scaling","two_run_difference",NA,4,14.7721938775513,15.1561224489799,1.07200968206181,0.762249999999881,15.2390000000001,0.466806122448855,0.295443877551026,0.819999999999936,15.5575000000001,0.532234693877483,0.303122448979598,0,FALSE,FALSE,6.49869618526246,324.934809263123,0,"5452;5461;5470;5479",1396,50000,"N = 50,000",100,"100","96",50,96,14.7721938775513,1.07200968206181,6.49869618526246,"BayesMVP + chunking","BayesMVP + chunking",52.4322102681884,8.06811224489806,1389
"HPC","MD_BayesMVP","BayesMVP_NicoStan",50000,500,180,180,1,50,"3f8ed78629bdab9b833b52bd1450ea30","state_allocation_thread_setup_sampling_divergence_check","iteration_difference","main_scaling","two_run_difference",NA,4,23.1298469387752,23.1290816326524,0.673308254791389,1.37975000000006,24.0469999999998,0.917153061224553,0.462596938775505,1.3715000000002,24.0379999999996,0.908918367347148,0.462581632653048,0,FALSE,FALSE,7.78215266518885,389.107633259443,0,"5525;5534;5543;5552",1415,50000,"N = 50,000",500,"500","180",50,180,23.1298469387752,0.673308254791389,7.78215266518885,"BayesMVP + chunking","BayesMVP + chunking",62.7872812096763,8.06811224489806,1389
"HPC","MD_BayesMVP_WCP","BayesMVP_NicoStan",50000,50,8,4,2,100,"3f8ed78629bdab9b833b52bd1450ea30","state_allocation_thread_setup_sampling_divergence_check","iteration_difference","main_scaling","two_run_difference",NA,4,9.71161616161615,9.72727272727249,0.0558486300881151,0.135999999999996,9.75049999999999,0.0388838383838341,0.0971161616161615,0.135999999999967,9.76849999999979,0.0385454545454193,0.0972727272727249,0,FALSE,FALSE,0.411877892766135,41.1877892766135,0,"6577;6602;6627;6652",1672,50000,"N = 50,000",50,"50","8",100,4,9.71161616161615,0.0558486300881151,0.411877892766135,"BayesMVP + chunking + WCP","BayesMVP + chunking + WCP",2.89833064641933,7.03686868686834,1714
"HPC","MD_BayesMVP_WCP","BayesMVP_NicoStan",50000,50,16,8,2,100,"3f8ed78629bdab9b833b52bd1450ea30","state_allocation_thread_setup_sampling_divergence_check","iteration_difference","main_scaling","two_run_difference",NA,4,9.69924242424228,9.62121212121216,0.354856957366264,0.173250000000138,9.77549999999999,0.0762575757577152,0.0969924242424228,0.175500000000284,9.69250000000005,0.0812272727275338,0.0962121212121216,0,FALSE,FALSE,0.824806685932997,82.4806685932997,0,"6584;6609;6634;6659",1679,50000,"N = 50,000",50,"50","16",100,8,9.69924242424228,0.354856957366264,0.824806685932997,"BayesMVP + chunking + WCP","BayesMVP + chunking + WCP",5.80405634096155,7.03686868686834,1714
"HPC","MD_BayesMVP_WCP","BayesMVP_NicoStan",50000,100,32,16,2,100,"3f8ed78629bdab9b833b52bd1450ea30","state_allocation_thread_setup_sampling_divergence_check","iteration_difference","main_scaling","two_run_difference",NA,4,10.5608585858586,10.6964646464645,0.361202456012696,0.25525000000016,10.7105000000002,0.149641414141574,0.105608585858586,0.258000000000209,10.8475000000001,0.151035353535564,0.106964646464645,0,FALSE,FALSE,1.51502833504698,151.502833504698,0,"6690;6715;6740;6765",1710,50000,"N = 50,000",100,"100","32",100,16,10.5608585858586,0.361202456012696,1.51502833504698,"BayesMVP + chunking + WCP","BayesMVP + chunking + WCP",10.6610554506104,7.03686868686834,1714
"HPC","MD_BayesMVP_WCP","BayesMVP_NicoStan",50000,100,64,32,2,100,"3f8ed78629bdab9b833b52bd1450ea30","state_allocation_thread_setup_sampling_divergence_check","iteration_difference","main_scaling","two_run_difference",NA,4,11.8468750000005,11.91875,0.159621042832337,0.298249999999825,12.0266562500003,0.17978124999982,0.118468750000005,0.297999999999774,12.0980624999999,0.180249999999764,0.1191875,0,FALSE,FALSE,2.70113426536522,270.113426536522,0,"6696;6721;6746;6771",1716,50000,"N = 50,000",100,"100","64",100,32,11.8468750000005,0.159621042832337,2.70113426536522,"BayesMVP + chunking + WCP","BayesMVP + chunking + WCP",19.0075271309756,7.03686868686834,1714
"HPC","MD_BayesMVP_WCP","BayesMVP_NicoStan",50000,100,96,48,2,100,"3f8ed78629bdab9b833b52bd1450ea30","state_allocation_thread_setup_sampling_divergence_check","iteration_difference","main_scaling","two_run_difference",NA,4,17.4395833333335,17.3916666666666,0.182114000722663,0.446749999999952,17.7119375000001,0.272354166666616,0.174395833333335,0.441000000000031,17.6587499999999,0.267083333333365,0.173916666666666,0,FALSE,FALSE,2.75235933580214,275.235933580214,0,"6699;6724;6749;6774",1719,50000,"N = 50,000",100,"100","96",100,48,17.4395833333335,0.182114000722663,2.75235933580214,"BayesMVP + chunking + WCP","BayesMVP + chunking + WCP",19.3679912251158,7.03686868686834,1714
"HPC","MD_BayesMVP_WCP","BayesMVP_NicoStan",50000,100,128,64,2,100,"3f8ed78629bdab9b833b52bd1450ea30","state_allocation_thread_setup_sampling_divergence_check","iteration_difference","main_scaling","two_run_difference",NA,4,22.6041666666674,22.7000000000004,0.587317741626608,0.557999999999879,22.9361250000006,0.331958333333205,0.226041666666674,0.555000000000064,23.0350000000003,0.331479166666725,0.227000000000004,0,FALSE,FALSE,2.83133640552986,283.133640552986,0,"6700;6725;6750;6775",1720,50000,"N = 50,000",100,"100","128",100,64,22.6041666666674,0.587317741626608,2.83133640552986,"BayesMVP + chunking + WCP","BayesMVP + chunking + WCP",19.9237424940634,7.03686868686834,1714
"HPC","MD_BayesMVP_WCP","BayesMVP_NicoStan",50000,100,176,16,11,100,"3f8ed78629bdab9b833b52bd1450ea30","state_allocation_thread_setup_sampling_divergence_check","iteration_difference","main_scaling","two_run_difference",NA,4,7.03686868686834,7.12626262626235,0.290522446949009,0.24550000000022,7.21199999999988,0.175131313131537,0.0703686868686834,0.240500000000225,7.30649999999991,0.16912626262649,0.0712626262626235,0,FALSE,FALSE,2.27373860618686,227.373860618686,0,"6694;6719;6744;6769",1714,50000,"N = 50,000",100,"100","176",100,16,7.03686868686834,0.290522446949009,2.27373860618686,"BayesMVP + chunking + WCP","BayesMVP + chunking + WCP",16,7.03686868686834,1714
"HPC","MD_BayesMVP_WCP","BayesMVP_NicoStan",50000,100,180,90,2,100,"3f8ed78629bdab9b833b52bd1450ea30","state_allocation_thread_setup_sampling_divergence_check","iteration_difference","main_scaling","two_run_difference",NA,4,27.2437500000005,27.1875000000013,1.06606156882053,0.737999999999943,27.7093125000004,0.465562499999938,0.272437500000005,0.736999999999853,27.643125000001,0.468020833333308,0.271875000000013,0,FALSE,FALSE,3.30350997935301,330.350997935301,0,"6701;6726;6751;6776",1721,50000,"N = 50,000",100,"100","180",100,90,27.2437500000005,1.06606156882053,3.30350997935301,"BayesMVP + chunking + WCP","BayesMVP + chunking + WCP",23.2463659304662,7.03686868686834,1714
"HPC","Mplus_standard","mplus",50000,1,1,1,1,100,"3f8ed78629bdab9b833b52bd1450ea30","Mplus_input_write_engine_run_output_validation_BITERATIONS","overhead_subtraction","main_scaling","two_run_difference",NA,3,7.39066666666667,7.393,0.00680685928555312,0.721999999999999,8.11266666666667,0.721999999999999,0.0739066666666667,0.721,8.114,0.721,0.07393,0,FALSE,FALSE,0.135305791087859,13.5305791087859,NA,"4682;4683;4684",1196,50000,"N = 50,000",1,"1","1",100,1,7.39066666666667,0.00680685928555312,0.135305791087859,"Mplus","Mplus",1,7.39066666666667,1196
"HPC","Mplus_standard","mplus",50000,1,2,2,1,100,"3f8ed78629bdab9b833b52bd1450ea30","Mplus_input_write_engine_run_output_validation_BITERATIONS","overhead_subtraction","main_scaling","two_run_difference",NA,3,17.6496666666667,17.83,0.550133014218693,4.33533333333333,21.985,4.33533333333333,0.176496666666667,4.317,22.147,4.317,0.1783,0,FALSE,FALSE,0.113316587659824,11.3316587659824,NA,"4685;4686;4687",1197,50000,"N = 50,000",1,"1","2",100,2,17.6496666666667,0.550133014218693,0.113316587659824,"Mplus","Mplus",0.837485127197869,7.39066666666667,1196
"HPC","Mplus_standard","mplus",50000,1,4,4,1,100,"3f8ed78629bdab9b833b52bd1450ea30","Mplus_input_write_engine_run_output_validation_BITERATIONS","overhead_subtraction","main_scaling","two_run_difference",NA,3,39.5546666666667,39.542,1.00505986554701,4.51133333333332,44.066,4.51133333333332,0.395546666666667,4.511,44.046,4.511,0.39542,0,FALSE,FALSE,0.101125867997034,10.1125867997034,NA,"4688;4689;4690",1198,50000,"N = 50,000",1,"1","4",100,4,39.5546666666667,1.00505986554701,0.101125867997034,"Mplus","Mplus",0.74738758174341,7.39066666666667,1196
"HPC","Mplus_standard","mplus",50000,1,8,8,1,100,"3f8ed78629bdab9b833b52bd1450ea30","Mplus_input_write_engine_run_output_validation_BITERATIONS","overhead_subtraction","main_scaling","two_run_difference",NA,3,85.3413333333333,85.195,0.97080705257704,4.93133333333333,90.2726666666667,4.93133333333333,0.853413333333333,4.88500000000001,90.08,4.88500000000001,0.85195,0,FALSE,FALSE,0.0937412117613974,9.37412117613974,NA,"4691;4692;4693",1199,50000,"N = 50,000",1,"1","8",100,8,85.3413333333333,0.97080705257704,0.0937412117613974,"Mplus","Mplus",0.692810049057901,7.39066666666667,1196
"HPC","Mplus_standard","mplus",50000,1,16,16,1,100,"3f8ed78629bdab9b833b52bd1450ea30","Mplus_input_write_engine_run_output_validation_BITERATIONS","overhead_subtraction","main_scaling","two_run_difference",NA,3,99.2803333333334,100.087,5.191220408857,5.209,104.489333333333,5.209,0.992803333333334,5.20699999999999,105.294,5.20699999999999,1.00087,0,FALSE,FALSE,0.161159813457516,16.1159813457516,NA,"4694;4695;4696",1200,50000,"N = 50,000",1,"1","16",100,16,99.2803333333334,5.191220408857,0.161159813457516,"Mplus","Mplus",1.19107846132668,7.39066666666667,1196
"HPC","Mplus_standard","mplus",50000,1,32,32,1,100,"3f8ed78629bdab9b833b52bd1450ea30","Mplus_input_write_engine_run_output_validation_BITERATIONS","overhead_subtraction","main_scaling","two_run_difference",NA,3,104.194666666667,104.651,1.10835027555975,5.50400000000002,109.698666666667,5.50400000000002,1.04194666666667,5.52499999999998,110.176,5.52499999999998,1.04651,0,FALSE,FALSE,0.307117446830292,30.7117446830292,NA,"4697;4698;4699",1201,50000,"N = 50,000",1,"1","32",100,32,104.194666666667,1.10835027555975,0.307117446830292,"Mplus","Mplus",2.26980267704041,7.39066666666667,1196
"HPC","Mplus_standard","mplus",50000,1,64,64,1,100,"3f8ed78629bdab9b833b52bd1450ea30","Mplus_input_write_engine_run_output_validation_BITERATIONS","overhead_subtraction","main_scaling","two_run_difference",NA,3,98.0403333333334,98.799,2.61295279967573,6.02566666666667,104.066,6.02566666666667,0.980403333333334,6.048,104.775,6.048,0.98799,0,FALSE,FALSE,0.652792558164837,65.2792558164837,NA,"4700;4701;4702",1202,50000,"N = 50,000",1,"1","64",100,64,98.0403333333334,2.61295279967573,0.652792558164837,"Mplus","Mplus",4.82457219987692,7.39066666666667,1196
"HPC","Mplus_standard","mplus",50000,1,96,96,1,100,"3f8ed78629bdab9b833b52bd1450ea30","Mplus_input_write_engine_run_output_validation_BITERATIONS","overhead_subtraction","main_scaling","two_run_difference",NA,3,95.452,95.9929999999999,1.0875904560081,6.612,102.064,6.612,0.95452,6.59999999999991,102.556,6.59999999999991,0.959929999999999,0,FALSE,FALSE,1.0057411054771,100.57411054771,NA,"4703;4704;4705",1203,50000,"N = 50,000",1,"1","96",100,96,95.452,1.0875904560081,1.0057411054771,"Mplus","Mplus",7.43309726354608,7.39066666666667,1196
"HPC","Mplus_standard","mplus",50000,1,180,180,1,100,"3f8ed78629bdab9b833b52bd1450ea30","Mplus_input_write_engine_run_output_validation_BITERATIONS","overhead_subtraction","main_scaling","two_run_difference",NA,3,110.854,111.506,1.53372226951286,8.20700000000003,119.061,8.20700000000003,1.10854,8.22600000000011,119.734,8.22600000000011,1.11506,0,FALSE,FALSE,1.62375737456474,162.375737456474,NA,"4706;4707;4708",1204,50000,"N = 50,000",1,"1","180",100,180,110.854,1.53372226951286,1.62375737456474,"Mplus","Mplus",12.0006495029498,7.39066666666667,1196
"HPC","Mplus_WCP","mplus",50000,1,8,4,2,100,"3f8ed78629bdab9b833b52bd1450ea30","Mplus_input_write_engine_run_output_validation_BITERATIONS","overhead_subtraction","main_scaling","two_run_difference",NA,3,19.5836666666669,19.6750000000002,0.253648050127397,3.39233333333323,22.9760000000001,3.39233333333323,0.195836666666669,3.45499999999993,23.1300000000001,3.45499999999993,0.196750000000002,0,FALSE,FALSE,0.204251842521827,20.4251842521827,NA,"4535;4542;4549",1147,50000,"N = 50,000",1,"1","8",100,4,19.5836666666669,0.253648050127397,0.204251842521827,"Mplus + WCP","Mplus + WCP",0.584636857245007,2.86233333333348,1153
"HPC","Mplus_WCP","mplus",50000,1,16,4,4,100,"3f8ed78629bdab9b833b52bd1450ea30","Mplus_input_write_engine_run_output_validation_BITERATIONS","overhead_subtraction","main_scaling","two_run_difference",NA,3,13.6946666666665,13.3999999999996,1.25325589299776,2.98233333333337,16.6769999999998,2.98233333333337,0.136946666666665,2.93899999999985,16.5589999999997,2.93899999999985,0.133999999999996,0,FALSE,FALSE,0.292084509784835,29.2084509784835,NA,"4536;4543;4550",1148,50000,"N = 50,000",1,"1","16",100,4,13.6946666666665,1.25325589299776,0.292084509784835,"Mplus + WCP","Mplus + WCP",0.836043228507504,2.86233333333348,1153
"HPC","Mplus_WCP","mplus",50000,1,32,16,2,100,"3f8ed78629bdab9b833b52bd1450ea30","Mplus_input_write_engine_run_output_validation_BITERATIONS","overhead_subtraction","main_scaling","two_run_difference",NA,3,30.2076666666664,30.3399999999997,0.617232803189502,1.92233333333358,32.13,1.92233333333358,0.302076666666664,1.90700000000015,32.2469999999998,1.90700000000015,0.303399999999997,0,FALSE,FALSE,0.529666861613503,52.9666861613503,NA,"4574;4579;4584",1160,50000,"N = 50,000",1,"1","32",100,16,30.2076666666664,0.617232803189502,0.529666861613503,"Mplus + WCP","Mplus + WCP",1.51608311355846,2.86233333333348,1153
"HPC","Mplus_WCP","mplus",50000,1,64,32,2,100,"3f8ed78629bdab9b833b52bd1450ea30","Mplus_input_write_engine_run_output_validation_BITERATIONS","overhead_subtraction","main_scaling","two_run_difference",NA,3,32.2883333333333,30.089,4.91874225115866,2.13366666666666,34.422,2.13366666666666,0.322883333333333,2.13799999999998,32.259,2.13799999999998,0.30089,0,FALSE,FALSE,0.991070045940226,99.1070045940226,NA,"4589;4590;4591",1165,50000,"N = 50,000",1,"1","64",100,32,32.2883333333333,4.91874225115866,0.991070045940226,"Mplus + WCP","Mplus + WCP",2.83677282816305,2.86233333333348,1153
"HPC","Mplus_WCP","mplus",50000,1,96,48,2,100,"3f8ed78629bdab9b833b52bd1450ea30","Mplus_input_write_engine_run_output_validation_BITERATIONS","overhead_subtraction","main_scaling","two_run_difference",NA,3,29.8303333333333,29.865,0.965466899139107,2.30233333333333,32.1326666666667,2.30233333333333,0.298303333333333,2.30399999999997,32.169,2.30399999999997,0.29865,0,FALSE,FALSE,1.60910035646043,160.910035646043,NA,"4592;4593;4594",1166,50000,"N = 50,000",1,"1","96",100,48,29.8303333333333,0.965466899139107,1.60910035646043,"Mplus + WCP","Mplus + WCP",4.60578158697547,2.86233333333348,1153
"HPC","Mplus_WCP","mplus",50000,1,128,64,2,100,"3f8ed78629bdab9b833b52bd1450ea30","Mplus_input_write_engine_run_output_validation_BITERATIONS","overhead_subtraction","main_scaling","two_run_difference",NA,3,31.215,31.2039999999999,0.509589050117843,2.52433333333336,33.7393333333334,2.52433333333336,0.31215,2.54100000000005,33.745,2.54100000000005,0.312039999999999,0,FALSE,FALSE,2.05029633189172,205.029633189172,NA,"4595;4596;4597",1167,50000,"N = 50,000",1,"1","128",100,64,31.215,0.509589050117843,2.05029633189172,"Mplus + WCP","Mplus + WCP",5.86863153398503,2.86233333333348,1153
"HPC","Mplus_WCP","mplus",50000,1,176,4,44,100,"3f8ed78629bdab9b833b52bd1450ea30","Mplus_input_write_engine_run_output_validation_BITERATIONS","overhead_subtraction","main_scaling","two_run_difference",NA,3,2.86233333333348,2.83600000000024,0.124604708311188,1.06100000000015,3.92333333333363,1.06100000000015,0.0286233333333348,1.10800000000017,3.94700000000012,1.10800000000017,0.0283600000000024,0,FALSE,FALSE,1.397461278677,139.7461278677,NA,"4541;4548;4555",1153,50000,"N = 50,000",1,"1","176",100,4,2.86233333333348,0.124604708311188,1.397461278677,"Mplus + WCP","Mplus + WCP",4,2.86233333333348,1153
"HPC","Mplus_WCP","mplus",50000,1,180,90,2,100,"3f8ed78629bdab9b833b52bd1450ea30","Mplus_input_write_engine_run_output_validation_BITERATIONS","overhead_subtraction","main_scaling","two_run_difference",NA,3,34.36,34.58,0.81070586528039,2.80033333333336,37.1603333333334,2.80033333333336,0.3436,2.798,37.378,2.798,0.3458,0,FALSE,FALSE,2.61932479627474,261.932479627474,NA,"4598;4599;4600",1168,50000,"N = 50,000",1,"1","180",100,90,34.36,0.81070586528039,2.61932479627474,"Mplus + WCP","Mplus + WCP",7.49738067520411,2.86233333333348,1153
"HPC","AD_Stan","NicoStan_BridgeStan",50000,1,1,1,1,10,"3f8ed78629bdab9b833b52bd1450ea30","NicoStan_BridgeStan_state_allocation_thread_setup_sampling_model_load_divergence_check","iteration_difference","main_scaling","two_run_difference",NA,4,2.7519444444443,2.74611111111131,0.0213027365465925,0.688000000000024,3.16474999999989,0.412805555555594,0.27519444444443,0.600500000000025,3.0720000000002,0.326722222222296,0.274611111111131,0,FALSE,FALSE,0.363379428686807,3.63379428686807,0,"109;110;111;112",28,50000,"N = 50,000",1,"1","1",10,1,2.7519444444443,0.0213027365465925,0.363379428686807,"Stan model (NicoStan)","Stan model (NicoStan)",1,2.7519444444443,28
"HPC","AD_Stan","NicoStan_BridgeStan",50000,1,2,2,1,10,"3f8ed78629bdab9b833b52bd1450ea30","NicoStan_BridgeStan_state_allocation_thread_setup_sampling_model_load_divergence_check","iteration_difference","main_scaling","two_run_difference",NA,4,3.06722222222216,3.101111111111,0.14581260875661,0.75174999999998,3.51224999999992,0.445027777777764,0.306722222222216,0.664999999999964,3.53049999999985,0.347722222222316,0.3101111111111,0,FALSE,FALSE,0.652055786995123,6.52055786995123,0,"113;114;115;116",29,50000,"N = 50,000",1,"1","2",10,2,3.06722222222216,0.14581260875661,0.652055786995123,"Stan model (NicoStan)","Stan model (NicoStan)",1.79442130048898,2.7519444444443,28
"HPC","AD_Stan","NicoStan_BridgeStan",50000,1,4,4,1,10,"3f8ed78629bdab9b833b52bd1450ea30","NicoStan_BridgeStan_state_allocation_thread_setup_sampling_model_load_divergence_check","iteration_difference","main_scaling","two_run_difference",NA,4,3.1441666666667,3.21944444444448,0.186596933623941,0.817249999999937,3.64699999999997,0.502833333333267,0.31441666666667,0.682499999999891,3.57999999999993,0.371722222222211,0.321944444444448,0,FALSE,FALSE,1.27219719056452,12.7219719056452,0,"117;118;119;120",30,50000,"N = 50,000",1,"1","4",10,4,3.1441666666667,0.186596933623941,1.27219719056452,"Stan model (NicoStan)","Stan model (NicoStan)",3.50101599081168,2.7519444444443,28
"HPC","AD_Stan","NicoStan_BridgeStan",50000,1,8,8,1,10,"3f8ed78629bdab9b833b52bd1450ea30","NicoStan_BridgeStan_state_allocation_thread_setup_sampling_model_load_divergence_check","iteration_difference","main_scaling","two_run_difference",NA,4,3.39666666666674,3.36000000000017,0.107047929728919,0.945250000000051,4.00225000000012,0.605583333333377,0.339666666666674,0.7620000000001,3.78550000000016,0.427833333333436,0.336000000000018,0,FALSE,FALSE,2.35525024533852,23.5525024533852,0,"121;122;123;124",31,50000,"N = 50,000",1,"1","8",10,8,3.39666666666674,0.107047929728919,2.35525024533852,"Stan model (NicoStan)","Stan model (NicoStan)",6.4815178279354,2.7519444444443,28
"HPC","AD_Stan","NicoStan_BridgeStan",50000,1,16,16,1,10,"3f8ed78629bdab9b833b52bd1450ea30","NicoStan_BridgeStan_state_allocation_thread_setup_sampling_model_load_divergence_check","iteration_difference","main_scaling","two_run_difference",NA,4,4.10777777777774,3.9627777777777,0.502928870278575,1.20250000000002,4.89949999999999,0.791722222222248,0.410777777777774,1.00250000000007,4.5349999999999,0.611388888888956,0.39627777777777,0,FALSE,FALSE,3.89505004057347,38.9505004057347,0,"125;126;127;128",32,50000,"N = 50,000",1,"1","16",10,16,4.10777777777774,0.502928870278575,3.89505004057347,"Stan model (NicoStan)","Stan model (NicoStan)",10.7189613199887,2.7519444444443,28
"HPC","AD_Stan","NicoStan_BridgeStan",50000,1,32,32,1,10,"3f8ed78629bdab9b833b52bd1450ea30","NicoStan_BridgeStan_state_allocation_thread_setup_sampling_model_load_divergence_check","iteration_difference","main_scaling","two_run_difference",NA,4,7.28055555555567,7.25277777777786,0.718930675984984,1.8249999999999,8.3775,1.09694444444433,0.728055555555567,1.53349999999998,8.01999999999988,0.816111111111068,0.725277777777786,0,FALSE,FALSE,4.39526898130478,43.9526898130478,0,"129;130;131;132",33,50000,"N = 50,000",1,"1","32",10,32,7.28055555555567,0.718930675984984,4.39526898130478,"Stan model (NicoStan)","Stan model (NicoStan)",12.09553605494,2.7519444444443,28
"HPC","AD_Stan","NicoStan_BridgeStan",50000,1,64,64,1,10,"3f8ed78629bdab9b833b52bd1450ea30","NicoStan_BridgeStan_state_allocation_thread_setup_sampling_model_load_divergence_check","iteration_difference","main_scaling","two_run_difference",NA,4,14.7391666666668,14.7744444444444,0.484228948842225,3.32024999999989,16.5855,1.84633333333321,1.47391666666668,2.72449999999984,16.1304999999998,1.26533333333325,1.47744444444444,0,FALSE,FALSE,4.34217221688241,43.4217221688241,0,"133;134;135;136",34,50000,"N = 50,000",1,"1","64",10,64,14.7391666666668,0.484228948842225,4.34217221688241,"Stan model (NicoStan)","Stan model (NicoStan)",11.9494167090699,2.7519444444443,28
"HPC","AD_Stan","NicoStan_BridgeStan",50000,1,96,96,1,10,"3f8ed78629bdab9b833b52bd1450ea30","NicoStan_BridgeStan_state_allocation_thread_setup_sampling_model_load_divergence_check","iteration_difference","main_scaling","two_run_difference",NA,4,22.7955555555553,22.8311111111111,0.511044279044612,5.00775000000004,25.5237499999998,2.72819444444451,2.27955555555553,4.21799999999983,24.8295000000001,1.97527777777765,2.28311111111111,0,FALSE,FALSE,4.21134724117767,42.1134724117767,0,"137;138;139;140",35,50000,"N = 50,000",1,"1","96",10,96,22.7955555555553,0.511044279044612,4.21134724117767,"Stan model (NicoStan)","Stan model (NicoStan)",11.5893936439847,2.7519444444443,28
"HPC","AD_Stan","NicoStan_BridgeStan",50000,1,180,180,1,10,"3f8ed78629bdab9b833b52bd1450ea30","NicoStan_BridgeStan_state_allocation_thread_setup_sampling_model_load_divergence_check","iteration_difference","main_scaling","two_run_difference",NA,4,44.5361111111108,44.8383333333327,1.9968375202567,9.38825000000018,49.4707499999999,4.9346388888891,4.45361111111108,8.00750000000042,49.3645,3.46600000000049,4.48383333333327,0,FALSE,FALSE,4.04166406786007,40.4166406786007,6,"141;142;143;144",36,50000,"N = 50,000",1,"1","180",10,180,44.5361111111108,1.9968375202567,4.04166406786007,"Stan model (NicoStan)","Stan model (NicoStan)",11.1224349778576,2.7519444444443,28
"HPC","AD_Stan_tape_chunked","NicoStan_BridgeStan",50000,50,1,1,1,10,"3f8ed78629bdab9b833b52bd1450ea30","NicoStan_BridgeStan_state_allocation_thread_setup_sampling_model_load_divergence_check","iteration_difference","main_scaling","two_run_difference",1000,4,3.21972222222213,3.2088888888888,0.0438701319507465,0.646500000000003,3.54424999999992,0.32452777777779,0.321972222222213,0.639499999999998,3.53849999999989,0.315111111111087,0.32088888888888,0,FALSE,FALSE,0.310585799327073,3.10585799327073,0,"1785;1786;1787;1788",447,50000,"N = 50,000",50,"50","1",10,1,3.21972222222213,0.0438701319507465,0.310585799327073,"Stan model (NicoStan) + tape chunking","Stan model (NicoStan) + tape chunking",1,3.21972222222213,447
"HPC","AD_Stan_tape_chunked","NicoStan_BridgeStan",50000,100,2,2,1,10,"3f8ed78629bdab9b833b52bd1450ea30","NicoStan_BridgeStan_state_allocation_thread_setup_sampling_model_load_divergence_check","iteration_difference","main_scaling","two_run_difference",500,4,3.29333333333327,3.27333333333324,0.0685235233406836,0.660750000000007,3.62474999999995,0.33141666666668,0.329333333333327,0.663000000000011,3.60299999999995,0.333166666666645,0.327333333333324,0,FALSE,FALSE,0.607287449392724,6.07287449392724,0,"1825;1826;1827;1828",457,50000,"N = 50,000",100,"100","2",10,2,3.29333333333327,0.0685235233406836,0.607287449392724,"Stan model (NicoStan) + tape chunking","Stan model (NicoStan) + tape chunking",1.95529689608635,3.21972222222213,447
"HPC","AD_Stan_tape_chunked","NicoStan_BridgeStan",50000,50,4,4,1,10,"3f8ed78629bdab9b833b52bd1450ea30","NicoStan_BridgeStan_state_allocation_thread_setup_sampling_model_load_divergence_check","iteration_difference","main_scaling","two_run_difference",1000,4,3.29527777777786,3.29388888888881,0.0309569593683735,0.676499999999976,3.64225000000005,0.34697222222219,0.329527777777786,0.677499999999895,3.63999999999999,0.347666666666618,0.329388888888881,0,FALSE,FALSE,1.21385821461685,12.1385821461685,0,"1793;1794;1795;1796",449,50000,"N = 50,000",50,"50","4",10,4,3.29527777777786,0.0309569593683735,1.21385821461685,"Stan model (NicoStan) + tape chunking","Stan model (NicoStan) + tape chunking",3.90828626822874,3.21972222222213,447
"HPC","AD_Stan_tape_chunked","NicoStan_BridgeStan",50000,50,8,8,1,10,"3f8ed78629bdab9b833b52bd1450ea30","NicoStan_BridgeStan_state_allocation_thread_setup_sampling_model_load_divergence_check","iteration_difference","main_scaling","two_run_difference",1000,4,3.42166666666679,3.40555555555574,0.0818132974391007,0.723250000000007,3.80275000000012,0.381083333333328,0.342166666666679,0.723499999999945,3.78650000000016,0.379944444444441,0.340555555555574,0,FALSE,FALSE,2.33804188991711,23.3804188991711,0,"1797;1798;1799;1800",450,50000,"N = 50,000",50,"50","8",10,8,3.42166666666679,0.0818132974391007,2.33804188991711,"Stan model (NicoStan) + tape chunking","Stan model (NicoStan) + tape chunking",7.52784542945235,3.21972222222213,447
"HPC","AD_Stan_tape_chunked","NicoStan_BridgeStan",50000,50,16,16,1,10,"3f8ed78629bdab9b833b52bd1450ea30","NicoStan_BridgeStan_state_allocation_thread_setup_sampling_model_load_divergence_check","iteration_difference","main_scaling","two_run_difference",1000,4,3.83527777777791,3.86833333333344,0.148036184543432,0.888749999999959,4.34050000000008,0.505222222222168,0.383527777777791,0.886499999999955,4.37250000000006,0.504166666666619,0.386833333333344,0,FALSE,FALSE,4.17179691460839,41.7179691460839,0,"1801;1802;1803;1804",451,50000,"N = 50,000",50,"50","16",10,16,3.83527777777791,0.148036184543432,4.17179691460839,"Stan model (NicoStan) + tape chunking","Stan model (NicoStan) + tape chunking",13.4320272325623,3.21972222222213,447
"HPC","AD_Stan_tape_chunked","NicoStan_BridgeStan",50000,100,32,32,1,10,"3f8ed78629bdab9b833b52bd1450ea30","NicoStan_BridgeStan_state_allocation_thread_setup_sampling_model_load_divergence_check","iteration_difference","main_scaling","two_run_difference",500,4,4.22972222222218,4.22555555555555,0.205557307299959,1.14825000000002,4.95499999999998,0.7252777777778,0.422972222222218,1.13250000000005,4.96699999999998,0.727055555555618,0.422555555555555,0,FALSE,FALSE,7.56550863597564,75.6550863597564,0,"1841;1842;1843;1844",461,50000,"N = 50,000",100,"100","32",10,32,4.22972222222218,0.205557307299959,7.56550863597564,"Stan model (NicoStan) + tape chunking","Stan model (NicoStan) + tape chunking",24.3588362776642,3.21972222222213,447
"HPC","AD_Stan_tape_chunked","NicoStan_BridgeStan",50000,250,64,64,1,10,"3f8ed78629bdab9b833b52bd1450ea30","NicoStan_BridgeStan_state_allocation_thread_setup_sampling_model_load_divergence_check","iteration_difference","main_scaling","two_run_difference",200,4,5.12944444444448,5.1155555555556,0.367416181197574,1.77624999999995,6.39274999999998,1.2633055555555,0.512944444444448,1.7684999999999,6.37249999999995,1.25694444444434,0.51155555555556,0,FALSE,FALSE,12.4769847286905,124.769847286905,0,"1881;1882;1883;1884",471,50000,"N = 50,000",250,"250","64",10,64,5.12944444444448,0.367416181197574,12.4769847286905,"Stan model (NicoStan) + tape chunking","Stan model (NicoStan) + tape chunking",40.1724249972909,3.21972222222213,447
"HPC","AD_Stan_tape_chunked","NicoStan_BridgeStan",50000,1000,96,96,1,10,"3f8ed78629bdab9b833b52bd1450ea30","NicoStan_BridgeStan_state_allocation_thread_setup_sampling_model_load_divergence_check","iteration_difference","main_scaling","two_run_difference",50,4,6.87888888888886,6.89333333333328,0.0476958815763787,2.30450000000002,8.49549999999999,1.61661111111113,0.687888888888886,2.31700000000001,8.495,1.62766666666665,0.689333333333328,0,FALSE,FALSE,13.9557422064287,139.557422064287,0,"1957;1958;1959;1960",490,50000,"N = 50,000",1000,"1000","96",10,96,6.87888888888886,0.0476958815763787,13.9557422064287,"Stan model (NicoStan) + tape chunking","Stan model (NicoStan) + tape chunking",44.9336133096419,3.21972222222213,447
"HPC","AD_Stan_tape_chunked","NicoStan_BridgeStan",50000,1000,180,180,1,10,"3f8ed78629bdab9b833b52bd1450ea30","NicoStan_BridgeStan_state_allocation_thread_setup_sampling_model_load_divergence_check","iteration_difference","main_scaling","two_run_difference",50,4,11.5069444444445,11.4305555555556,0.384036794147634,3.84824999999998,14.2045,2.69755555555553,1.15069444444445,3.87,14.114,2.71166666666667,1.14305555555556,0,FALSE,FALSE,15.6427278213638,156.427278213638,0,"1961;1962;1963;1964",491,50000,"N = 50,000",1000,"1000","180",10,180,11.5069444444445,0.384036794147634,15.6427278213638,"Stan model (NicoStan) + tape chunking","Stan model (NicoStan) + tape chunking",50.3652383826175,3.21972222222213,447
"HPC","AD_Stan_WCP","NicoStan_BridgeStan",50000,50,8,4,2,20,"3f8ed78629bdab9b833b52bd1450ea30","NicoStan_BridgeStan_state_allocation_thread_setup_sampling_model_load_divergence_check","iteration_difference","main_scaling","two_run_difference",1000,4,3.71815789473676,3.70473684210514,0.216742227040338,0.523000000000025,4.05524999999994,0.337092105263187,0.185907894736838,0.524499999999989,4.04999999999995,0.336263157894803,0.185236842105257,0,FALSE,FALSE,1.07580154292592,21.5160308585184,0,"3449;3456;3463;3470",863,50000,"N = 50,000",50,"50","8",20,4,3.71815789473676,0.216742227040338,1.07580154292592,"Stan model (NicoStan) + tape chunking + WCP","Stan model (NicoStan) + tape chunking + WCP",2.10404133342782,1.95578947368427,889
"HPC","AD_Stan_WCP","NicoStan_BridgeStan",50000,100,16,4,4,20,"3f8ed78629bdab9b833b52bd1450ea30","NicoStan_BridgeStan_state_allocation_thread_setup_sampling_model_load_divergence_check","iteration_difference","main_scaling","two_run_difference",500,4,1.95578947368427,1.96157894736847,0.0340874980807602,0.429499999999905,2.28749999999997,0.331710526315691,0.0977894736842137,0.429499999999848,2.29299999999989,0.33155263157876,0.0980789473684234,0,FALSE,FALSE,2.04520990312157,40.9041980624314,0,"3550;3557;3564;3571",889,50000,"N = 50,000",100,"100","16",20,4,1.95578947368427,0.0340874980807602,2.04520990312157,"Stan model (NicoStan) + tape chunking + WCP","Stan model (NicoStan) + tape chunking + WCP",4,1.95578947368427,889
"HPC","AD_Stan_WCP","NicoStan_BridgeStan",50000,250,32,16,2,20,"3f8ed78629bdab9b833b52bd1450ea30","NicoStan_BridgeStan_state_allocation_thread_setup_sampling_model_load_divergence_check","iteration_difference","main_scaling","two_run_difference",200,4,4.46105263157901,4.4684210526317,0.103665061906062,0.661499999999933,4.89949999999999,0.438447368420982,0.22305263157895,0.658999999999878,4.89499999999998,0.435578947368293,0.223421052631585,0,FALSE,FALSE,3.58659745162808,71.7319490325616,0,"3701;3706;3711;3716",926,50000,"N = 50,000",250,"250","32",20,16,4.46105263157901,0.103665061906062,3.58659745162808,"Stan model (NicoStan) + tape chunking + WCP","Stan model (NicoStan) + tape chunking + WCP",7.01462954223704,1.95578947368427,889
"HPC","AD_Stan_WCP","NicoStan_BridgeStan",50000,250,64,32,2,20,"3f8ed78629bdab9b833b52bd1450ea30","NicoStan_BridgeStan_state_allocation_thread_setup_sampling_model_load_divergence_check","iteration_difference","main_scaling","two_run_difference",200,4,4.71875000000011,4.71000000000004,0.142792098287383,1.053,5.53581250000011,0.817062499999992,0.235937500000006,1.05299999999988,5.53700000000003,0.819124999999815,0.235500000000002,0,FALSE,FALSE,6.78145695364222,135.629139072844,0,"3725;3727;3729;3731",932,50000,"N = 50,000",250,"250","64",20,32,4.71875000000011,0.142792098287383,6.78145695364222,"Stan model (NicoStan) + tape chunking + WCP","Stan model (NicoStan) + tape chunking + WCP",13.2631021261765,1.95578947368427,889
"HPC","AD_Stan_WCP","NicoStan_BridgeStan",50000,500,96,24,4,20,"3f8ed78629bdab9b833b52bd1450ea30","NicoStan_BridgeStan_state_allocation_thread_setup_sampling_model_load_divergence_check","iteration_difference","main_scaling","two_run_difference",100,4,3.16750000000013,3.18750000000023,0.391503512116368,0.770499999999856,3.77962499999998,0.61212499999985,0.158375000000007,0.809999999999945,3.84312500000004,0.635999999999967,0.159375000000011,0,FALSE,FALSE,7.57695343330671,151.539068666134,0,"3821;3822;3823;3824",956,50000,"N = 50,000",500,"500","96",20,24,3.16750000000013,0.391503512116368,7.57695343330671,"Stan model (NicoStan) + tape chunking + WCP","Stan model (NicoStan) + tape chunking + WCP",14.8189257674572,1.95578947368427,889
"HPC","AD_Stan_WCP","NicoStan_BridgeStan",50000,1000,128,64,2,20,"3f8ed78629bdab9b833b52bd1450ea30","NicoStan_BridgeStan_state_allocation_thread_setup_sampling_model_load_divergence_check","iteration_difference","main_scaling","two_run_difference",50,4,8.51249999999936,7.91999999999916,1.54981988200879,1.8420000000001,9.92887499999949,1.41637500000013,0.425624999999968,1.8755000000001,9.39949999999931,1.47950000000014,0.395999999999958,0,FALSE,FALSE,7.51835535976561,150.367107195312,0,"3941;3942;3943;3944",986,50000,"N = 50,000",1000,"1000","128",20,64,8.51249999999936,1.54981988200879,7.51835535976561,"Stan model (NicoStan) + tape chunking + WCP","Stan model (NicoStan) + tape chunking + WCP",14.7043202720473,1.95578947368427,889
"HPC","AD_Stan_WCP","NicoStan_BridgeStan",50000,500,176,16,11,20,"3f8ed78629bdab9b833b52bd1450ea30","NicoStan_BridgeStan_state_allocation_thread_setup_sampling_model_load_divergence_check","iteration_difference","main_scaling","two_run_difference",100,4,2.4876315789473,2.48157894736838,0.0479409840337483,0.59925000000004,2.96249999999998,0.474868421052675,0.124381578947365,0.601999999999975,2.96550000000002,0.477921052631557,0.124078947368419,0,FALSE,FALSE,6.43182058605751,128.63641172115,0,"3805;3810;3815;3820",955,50000,"N = 50,000",500,"500","176",20,16,2.4876315789473,0.0479409840337483,6.43182058605751,"Stan model (NicoStan) + tape chunking + WCP","Stan model (NicoStan) + tape chunking + WCP",12.5792869988371,1.95578947368427,889
"HPC","AD_Stan_WCP","NicoStan_BridgeStan",50000,1000,180,90,2,20,"3f8ed78629bdab9b833b52bd1450ea30","NicoStan_BridgeStan_state_allocation_thread_setup_sampling_model_load_divergence_check","iteration_difference","main_scaling","two_run_difference",50,4,11.3449999999995,10.6624999999997,1.80638220392692,2.52250000000004,13.3002499999995,1.95525000000006,0.567249999999973,2.57999999999993,12.6286250000005,2.04775000000001,0.533124999999984,0,FALSE,FALSE,7.93301013662444,158.660202732489,0,"3945;3946;3947;3948",987,50000,"N = 50,000",1000,"1000","180",20,90,11.3449999999995,1.80638220392692,7.93301013662444,"Stan model (NicoStan) + tape chunking + WCP","Stan model (NicoStan) + tape chunking + WCP",15.5152977198407,1.95578947368427,889
"Laptop","MD_BayesMVP","BayesMVP_NicoStan",500,1,1,1,1,400,"257aba3ac8b8727679d269bf8597bb85","state_allocation_thread_setup_sampling_divergence_check","iteration_difference","main_scaling","two_run_difference",NA,4,1.95087719298246,1.95238095238095,0.0120021954860908,0.00624999999999831,1.95225,0.00137280701754217,0.00487719298245615,0.00649999999999906,1.954,0.00160526315789468,0.00488095238095239,0,FALSE,FALSE,0.512589928057553,205.035971223021,0,"9053;9058;9063;9068",2291,500,"N = 500",1,"1","1",400,1,1.95087719298246,0.0120021954860908,0.512589928057553,"BayesMVP (1 chunk)","BayesMVP + chunking",1,1.95087719298246,2291
"Laptop","MD_BayesMVP","BayesMVP_NicoStan",500,1,2,2,1,400,"257aba3ac8b8727679d269bf8597bb85","state_allocation_thread_setup_sampling_divergence_check","iteration_difference","main_scaling","two_run_difference",NA,4,1.99498746867168,1.99699248120301,0.013400125417385,0.0059999999999989,1.996,0.00101253132831969,0.00498746867167921,0.00600000000000023,1.998,0.0010075187969927,0.00499248120300753,0,FALSE,FALSE,1.00251256281407,401.005025125628,0,"9054;9059;9064;9069",2292,500,"N = 500",1,"1","2",400,2,1.99498746867168,0.013400125417385,1.00251256281407,"BayesMVP (1 chunk)","BayesMVP + chunking",1.95577889447236,1.95087719298246,2291
"Laptop","MD_BayesMVP","BayesMVP_NicoStan",500,1,4,4,1,400,"257aba3ac8b8727679d269bf8597bb85","state_allocation_thread_setup_sampling_divergence_check","iteration_difference","main_scaling","two_run_difference",NA,4,2.06190476190478,2.08220551378447,0.0924242454666479,0.0089999999999919,2.06575000000001,0.00384523809522996,0.00515476190476194,0.00949999999999562,2.0855,0.00439598997493292,0.00520551378446118,0,FALSE,FALSE,1.93995381062354,775.981524249417,0,"9055;9060;9065;9070",2293,500,"N = 500",1,"1","4",400,4,2.06190476190478,0.0924242454666479,1.93995381062354,"BayesMVP (1 chunk)","BayesMVP + chunking",3.78461164458488,1.95087719298246,2291
"Laptop","MD_BayesMVP","BayesMVP_NicoStan",500,1,8,8,1,400,"257aba3ac8b8727679d269bf8597bb85","state_allocation_thread_setup_sampling_divergence_check","iteration_difference","main_scaling","two_run_difference",NA,4,2.23182957393484,2.2606516290727,0.142352065558685,0.0104999999999977,2.23675000000001,0.00492042606516062,0.00557957393483711,0.0109999999999957,2.26600000000001,0.00513408521302821,0.00565162907268175,0,FALSE,FALSE,3.58450308815271,1433.80123526108,0,"9056;9061;9066;9071",2294,500,"N = 500",1,"1","8",400,8,2.23182957393484,0.142352065558685,3.58450308815271,"BayesMVP (1 chunk)","BayesMVP + chunking",6.99292532285232,1.95087719298246,2291
"Laptop","MD_BayesMVP","BayesMVP_NicoStan",500,1,16,16,1,400,"257aba3ac8b8727679d269bf8597bb85","state_allocation_thread_setup_sampling_divergence_check","iteration_difference","main_scaling","two_run_difference",NA,4,3.77017543859649,3.75689223057644,0.0835009087654002,0.0172500000000015,3.778,0.00782456140351031,0.00942543859649123,0.0160000000000071,3.767,0.00673809523810238,0.0093922305764411,0,FALSE,FALSE,4.24383434155421,1697.53373662168,0,"9057;9062;9067;9072",2295,500,"N = 500",1,"1","16",400,16,3.77017543859649,0.0835009087654002,4.24383434155421,"BayesMVP (1 chunk)","BayesMVP + chunking",8.27919962773384,1.95087719298246,2291
"Laptop","MD_BayesMVP","BayesMVP_NicoStan",500,2,1,1,1,400,"257aba3ac8b8727679d269bf8597bb85","state_allocation_thread_setup_sampling_divergence_check","iteration_difference","main_scaling","two_run_difference",NA,4,2.08671679197996,2.08822055137845,0.023130175412766,0.00624999999999787,2.08775000000001,0.00103320802004798,0.00521679197994989,0.00600000000000023,2.09,0.000768170426065367,0.00522055137844612,0,FALSE,FALSE,0.479221715109295,191.688686043718,0,"9073;9078;9083;9088",2296,500,"N = 500",2,"2","1",400,1,2.08671679197996,0.023130175412766,0.479221715109295,"BayesMVP + chunking","BayesMVP + chunking",1,2.08671679197996,2296
"Laptop","MD_BayesMVP","BayesMVP_NicoStan",500,2,2,2,1,400,"257aba3ac8b8727679d269bf8597bb85","state_allocation_thread_setup_sampling_divergence_check","iteration_difference","main_scaling","two_run_difference",NA,4,2.09874686716792,2.10125313283206,0.012071774013817,0.00850000000000239,2.102,0.0032531328320826,0.0052468671679198,0.00849999999999262,2.10449999999999,0.00325939849623319,0.00525313283208016,0,FALSE,FALSE,0.952949605923096,381.179842369238,0,"9074;9079;9084;9089",2297,500,"N = 500",2,"2","2",400,2,2.09874686716792,0.012071774013817,0.952949605923096,"BayesMVP + chunking","BayesMVP + chunking",1.98853594459041,2.08671679197996,2296
"Laptop","MD_BayesMVP","BayesMVP_NicoStan",500,2,4,4,1,400,"257aba3ac8b8727679d269bf8597bb85","state_allocation_thread_setup_sampling_divergence_check","iteration_difference","main_scaling","two_run_difference",NA,4,2.13308270676693,2.13233082706768,0.0543907770374676,0.00824999999999942,2.13600000000001,0.00291729323308211,0.00533270676691732,0.00849999999999618,2.13550000000001,0.00316917293232698,0.0053308270676692,0,FALSE,FALSE,1.87522030313711,750.088121254843,0,"9075;9080;9085;9090",2298,500,"N = 500",2,"2","4",400,4,2.13308270676693,0.0543907770374676,1.87522030313711,"BayesMVP + chunking","BayesMVP + chunking",3.91305369521795,2.08671679197996,2296
"Laptop","MD_BayesMVP","BayesMVP_NicoStan",500,2,8,8,1,400,"257aba3ac8b8727679d269bf8597bb85","state_allocation_thread_setup_sampling_divergence_check","iteration_difference","main_scaling","two_run_difference",NA,4,2.31328320802004,2.35739348370926,0.107987190368625,0.0102500000000125,2.31775,0.00446679197996243,0.0057832080200501,0.0100000000000193,2.3615,0.00410651629073729,0.00589348370927316,0,FALSE,FALSE,3.45828819068257,1383.31527627303,0,"9076;9081;9086;9091",2299,500,"N = 500",2,"2","8",400,8,2.31328320802004,0.107987190368625,3.45828819068257,"BayesMVP + chunking","BayesMVP + chunking",7.21646803900331,2.08671679197996,2296
"Laptop","MD_BayesMVP","BayesMVP_NicoStan",500,2,16,16,1,400,"257aba3ac8b8727679d269bf8597bb85","state_allocation_thread_setup_sampling_divergence_check","iteration_difference","main_scaling","two_run_difference",NA,4,3.79924812030076,3.7934837092732,0.0878833648878024,0.0164999999999997,3.80625000000001,0.00700187969924783,0.00949812030075191,0.0160000000000036,3.80000000000001,0.00669047619047976,0.00948370927318299,0,FALSE,FALSE,4.21135958836334,1684.54383534533,0,"9077;9082;9087;9092",2300,500,"N = 500",2,"2","16",400,16,3.79924812030076,0.0878833648878024,4.21135958836334,"BayesMVP + chunking","BayesMVP + chunking",8.78791477010357,2.08671679197996,2296
"Laptop","MD_BayesMVP_WCP","BayesMVP_NicoStan",500,2,4,2,2,2000,"257aba3ac8b8727679d269bf8597bb85","state_allocation_thread_setup_sampling_divergence_check","iteration_difference","main_scaling","two_run_difference",NA,4,7.72236118059007,7.7208604302147,0.193848483375029,0.005250000000105,7.72374999999988,0.00138881940980997,0.00386118059029503,0.00500000000005407,7.72249999999975,0.00121710855427614,0.00386043021510735,0,FALSE,FALSE,0.25898814536504,517.976290730079,0,"9541;9544;9547;9550",2413,500,"N = 500",2,"2","4",2000,2,7.72236118059007,0.193848483375029,0.25898814536504,"BayesMVP + chunking + WCP","BayesMVP + chunking + WCP",2,7.72236118059007,2413
"Laptop","MD_BayesMVP_WCP","BayesMVP_NicoStan",500,2,8,4,2,2000,"257aba3ac8b8727679d269bf8597bb85","state_allocation_thread_setup_sampling_divergence_check","iteration_difference","main_scaling","two_run_difference",NA,4,8.20035017508731,8.15407703851907,0.345927573300143,0.00850000000030882,8.20475000000008,0.00439982491276516,0.00410017508754365,0.00800000000035972,8.15750000000007,0.00380815407739838,0.00407703851925953,0,FALSE,FALSE,0.48778404758275,975.5680951655,0,"9542;9545;9548;9551",2414,500,"N = 500",2,"2","8",2000,4,8.20035017508731,0.345927573300143,0.48778404758275,"BayesMVP + chunking + WCP","BayesMVP + chunking + WCP",3.76684459356413,7.72236118059007,2413
"Laptop","MD_BayesMVP_WCP","BayesMVP_NicoStan",500,2,16,8,2,2000,"257aba3ac8b8727679d269bf8597bb85","state_allocation_thread_setup_sampling_divergence_check","iteration_difference","main_scaling","two_run_difference",NA,4,13.7943971985995,13.7813906953477,0.362118899416952,0.0212499999999869,13.8087500000001,0.0143528014006872,0.00689719859929973,0.0210000000001163,13.7955000000001,0.0141093046524424,0.00689069534767383,0,FALSE,FALSE,0.579945602901172,1159.89120580234,0,"9543;9546;9549;9552",2415,500,"N = 500",2,"2","16",2000,8,13.7943971985995,0.362118899416952,0.579945602901172,"BayesMVP + chunking + WCP","BayesMVP + chunking + WCP",4.47854941069791,7.72236118059007,2413
"Laptop","Mplus_standard","mplus",500,1,1,1,1,2000,"257aba3ac8b8727679d269bf8597bb85","Mplus_input_write_engine_run_output_validation_BITERATIONS","overhead_subtraction","main_scaling","two_run_difference",NA,3,2.752,2.765,0.0297153159162069,0.426666666666667,3.17866666666667,0.426666666666667,0.001376,0.426,3.195,0.426,0.0013825,0,FALSE,FALSE,0.363372093023256,726.744186046512,NA,"10093;10094;10095",2557,500,"N = 500",1,"1","1",2000,1,2.752,0.0297153159162069,0.363372093023256,"Mplus","Mplus",1,2.752,2557
"Laptop","Mplus_standard","mplus",500,1,2,2,1,2000,"257aba3ac8b8727679d269bf8597bb85","Mplus_input_write_engine_run_output_validation_BITERATIONS","overhead_subtraction","main_scaling","two_run_difference",NA,3,3.34066666666666,3.36799999999999,0.0526244556583097,0.485000000000003,3.82566666666666,0.485000000000003,0.00167033333333333,0.484000000000002,3.848,0.484000000000002,0.001684,0,FALSE,FALSE,0.598682897625225,1197.36579525045,NA,"10096;10097;10098",2558,500,"N = 500",1,"1","2",2000,2,3.34066666666666,0.0526244556583097,0.598682897625225,"Mplus","Mplus",1.64757533426462,2.752,2557
"Laptop","Mplus_standard","mplus",500,1,4,4,1,2000,"257aba3ac8b8727679d269bf8597bb85","Mplus_input_write_engine_run_output_validation_BITERATIONS","overhead_subtraction","main_scaling","two_run_difference",NA,3,4.95666666666667,4.892,0.132424821439691,0.486333333333332,5.443,0.486333333333332,0.00247833333333333,0.486999999999995,5.379,0.486999999999995,0.002446,0,FALSE,FALSE,0.806993947545394,1613.98789509079,NA,"10099;10100;10101",2559,500,"N = 500",1,"1","4",2000,4,4.95666666666667,0.132424821439691,0.806993947545394,"Mplus","Mplus",2.22084734364492,2.752,2557
"Laptop","Mplus_standard","mplus",500,1,8,8,1,2000,"257aba3ac8b8727679d269bf8597bb85","Mplus_input_write_engine_run_output_validation_BITERATIONS","overhead_subtraction","main_scaling","two_run_difference",NA,3,9.153,9.12200000000001,0.0554346462061307,0.492333333333332,9.64533333333334,0.492333333333332,0.0045765,0.489000000000004,9.629,0.489000000000004,0.00456100000000001,0,FALSE,FALSE,0.874030372555446,1748.06074511089,NA,"10102;10103;10104",2560,500,"N = 500",1,"1","8",2000,8,9.153,0.0554346462061307,0.874030372555446,"Mplus","Mplus",2.40533158527259,2.752,2557
"Laptop","Mplus_standard","mplus",500,1,16,16,1,2000,"257aba3ac8b8727679d269bf8597bb85","Mplus_input_write_engine_run_output_validation_BITERATIONS","overhead_subtraction","main_scaling","two_run_difference",NA,3,13.6256666666667,13.605,0.0447362641861602,0.516333333333336,14.142,0.516333333333336,0.00681283333333333,0.510999999999996,14.133,0.510999999999996,0.0068025,0,FALSE,FALSE,1.17425447072926,2348.50894145852,NA,"10105;10106;10107",2561,500,"N = 500",1,"1","16",2000,16,13.6256666666667,0.0447362641861602,1.17425447072926,"Mplus","Mplus",3.23154830344693,2.752,2557
"Laptop","Mplus_WCP","mplus",500,1,4,2,2,10000,"257aba3ac8b8727679d269bf8597bb85","Mplus_input_write_engine_run_output_validation_BITERATIONS","overhead_subtraction","main_scaling","two_run_difference",NA,3,7.34766666666666,7.371,0.126622799421484,0.441666666666671,7.78933333333333,0.441666666666671,0.000734766666666666,0.440000000000005,7.811,0.440000000000005,0.0007371,0,FALSE,FALSE,0.272195254729393,2721.95254729393,NA,"10021;10024;10027",2533,500,"N = 500",1,"1","4",10000,2,7.34766666666666,0.126622799421484,0.272195254729393,"Mplus + WCP","Mplus + WCP",2,7.34766666666666,2533
"Laptop","Mplus_WCP","mplus",500,1,8,4,2,10000,"257aba3ac8b8727679d269bf8597bb85","Mplus_input_write_engine_run_output_validation_BITERATIONS","overhead_subtraction","main_scaling","two_run_difference",NA,3,13.1983333333333,13.206,0.0253837218180044,0.438333333333333,13.6366666666667,0.438333333333333,0.00131983333333333,0.438999999999993,13.647,0.438999999999993,0.0013206,0,FALSE,FALSE,0.303068569263796,3030.68569263796,NA,"10030;10032;10034",2536,500,"N = 500",1,"1","8",10000,4,13.1983333333333,0.0253837218180044,0.303068569263796,"Mplus + WCP","Mplus + WCP",2.22684682409395,7.34766666666666,2533
"Laptop","Mplus_WCP","mplus",500,1,16,8,2,10000,"257aba3ac8b8727679d269bf8597bb85","Mplus_input_write_engine_run_output_validation_BITERATIONS","overhead_subtraction","main_scaling","two_run_difference",NA,3,32.9286666666667,33.159,0.840513136918939,0.445333333333338,33.374,0.445333333333338,0.00329286666666667,0.441000000000003,33.6,0.441000000000003,0.0033159,0,FALSE,FALSE,0.242949405786245,2429.49405786245,NA,"10036;10037;10038",2538,500,"N = 500",1,"1","16",10000,8,32.9286666666667,0.840513136918939,0.242949405786245,"Mplus + WCP","Mplus + WCP",1.78511125058207,7.34766666666666,2533
"Laptop","AD_Stan","NicoStan_BridgeStan",500,1,1,1,1,200,"257aba3ac8b8727679d269bf8597bb85","NicoStan_BridgeStan_state_allocation_thread_setup_sampling_model_load_divergence_check","iteration_difference","main_scaling","two_run_difference",NA,4,1.19899497487423,1.20100502512534,0.00701120587447401,0.0154999999987484,1.2084999999986,0.00950502512437728,0.00599497487437113,0.0144999999974971,1.20949999999721,0.00849497487187039,0.00600502512562668,0,FALSE,FALSE,0.83403185247286,166.806370494572,0,"7261;7262;7263;7264",1843,500,"N = 500",1,"1","1",200,1,1.19899497487423,0.00701120587447401,0.83403185247286,"Stan model (NicoStan)","Stan model (NicoStan)",1,1.19899497487423,1843
"Laptop","AD_Stan","NicoStan_BridgeStan",500,1,2,2,1,200,"257aba3ac8b8727679d269bf8597bb85","NicoStan_BridgeStan_state_allocation_thread_setup_sampling_model_load_divergence_check","iteration_difference","main_scaling","two_run_difference",NA,4,1.27185929648314,1.27587939698159,0.0151422303269973,0.0165000000006694,1.2820000000014,0.0101407035182537,0.00635929648241572,0.0155000000013388,1.28700000000175,0.0091608040163509,0.00637939698490795,0,FALSE,FALSE,1.57250098775097,314.500197550195,0,"7265;7266;7267;7268",1844,500,"N = 500",1,"1","2",200,2,1.27185929648314,0.0151422303269973,1.57250098775097,"Stan model (NicoStan)","Stan model (NicoStan)",1.88542078229817,1.19899497487423,1843
"Laptop","AD_Stan","NicoStan_BridgeStan",500,1,4,4,1,200,"257aba3ac8b8727679d269bf8597bb85","NicoStan_BridgeStan_state_allocation_thread_setup_sampling_model_load_divergence_check","iteration_difference","main_scaling","two_run_difference",NA,4,1.41281407035275,1.40854271356837,0.0135678391971684,0.0200000000018332,1.42575000000282,0.0129359296500695,0.00706407035176377,0.0200000000001159,1.422,0.0129145728644302,0.00704271356784183,0,FALSE,FALSE,2.83122888137805,566.245776275611,0,"7269;7270;7271;7272",1845,500,"N = 500",1,"1","4",200,4,1.41281407035275,0.0135678391971684,2.83122888137805,"Stan model (NicoStan)","Stan model (NicoStan)",3.39462920149106,1.19899497487423,1843
"Laptop","AD_Stan","NicoStan_BridgeStan",500,1,8,8,1,200,"257aba3ac8b8727679d269bf8597bb85","NicoStan_BridgeStan_state_allocation_thread_setup_sampling_model_load_divergence_check","iteration_difference","main_scaling","two_run_difference",NA,4,2.47261306532046,2.4587939698465,0.086094056470001,0.0267500000034055,2.48699999999726,0.0143869346768032,0.0123630653266023,0.0250000000043658,2.47099999999971,0.0125150753812981,0.0122939698492325,0,FALSE,FALSE,3.23544355249258,647.088710498516,0,"7273;7274;7275;7276",1846,500,"N = 500",1,"1","8",200,8,2.47261306532046,0.086094056470001,3.23544355249258,"Stan model (NicoStan)","Stan model (NicoStan)",3.87928056092781,1.19899497487423,1843
"Laptop","AD_Stan","NicoStan_BridgeStan",500,1,16,16,1,200,"257aba3ac8b8727679d269bf8597bb85","NicoStan_BridgeStan_state_allocation_thread_setup_sampling_model_load_divergence_check","iteration_difference","main_scaling","two_run_difference",NA,4,5.49195979899901,5.51407035176277,0.147740972413821,0.0459999999972061,5.51050000000122,0.018540201002211,0.0274597989949951,0.0439999999944121,5.53500000000116,0.0171507537632159,0.0275703517588139,0,FALSE,FALSE,2.91334980327355,582.66996065471,0,"7277;7278;7279;7280",1847,500,"N = 500",1,"1","16",200,16,5.49195979899901,0.147740972413821,2.91334980327355,"Stan model (NicoStan)","Stan model (NicoStan)",3.4930917741758,1.19899497487423,1843
"Laptop","AD_Stan_tape_chunked","NicoStan_BridgeStan",500,2,1,1,1,200,"257aba3ac8b8727679d269bf8597bb85","NicoStan_BridgeStan_state_allocation_thread_setup_sampling_model_load_divergence_check","iteration_difference","main_scaling","two_run_difference",250,4,1.49472361808993,1.4849246231116,0.0213415060142255,0.0179999999997094,1.50524999999918,0.0105263819092597,0.00747361809044963,0.0174999999997096,1.49599999999575,0.00997738693436838,0.007424623115558,0,FALSE,FALSE,0.669020003362146,133.804000672429,0,"7861;7862;7863;7864",1993,500,"N = 500",2,"2","1",200,1,1.49472361808993,0.0213415060142255,0.669020003362146,"Stan model (NicoStan) + tape chunking","Stan model (NicoStan) + tape chunking",1,1.49472361808993,1993
"Laptop","AD_Stan_tape_chunked","NicoStan_BridgeStan",500,2,2,2,1,200,"257aba3ac8b8727679d269bf8597bb85","NicoStan_BridgeStan_state_allocation_thread_setup_sampling_model_load_divergence_check","iteration_difference","main_scaling","two_run_difference",250,4,1.52035175879821,1.54020100503361,0.0441782569954553,0.0164999999970314,1.52925000000125,0.00889824120304039,0.00760175879399105,0.0154999999943541,1.5480000000025,0.00801758793400935,0.00770100502516804,0,FALSE,FALSE,1.31548504379074,263.097008758149,0,"7865;7866;7867;7868",1994,500,"N = 500",2,"2","2",200,2,1.52035175879821,0.0441782569954553,1.31548504379074,"Stan model (NicoStan) + tape chunking","Stan model (NicoStan) + tape chunking",1.96628656419809,1.49472361808993,1993
"Laptop","AD_Stan_tape_chunked","NicoStan_BridgeStan",500,4,4,4,1,200,"257aba3ac8b8727679d269bf8597bb85","NicoStan_BridgeStan_state_allocation_thread_setup_sampling_model_load_divergence_check","iteration_difference","main_scaling","two_run_difference",125,4,1.57738693467114,1.58442211054832,0.0414260579804064,0.0187500000025906,1.58825000000038,0.0108630653292349,0.00788693467335572,0.017500000003551,1.59300000000076,0.00973618090809819,0.00792211055274159,0,FALSE,FALSE,2.53583943931546,507.167887863091,0,"7889;7890;7891;7892",2000,500,"N = 500",4,"4","4",200,4,1.57738693467114,0.0414260579804064,2.53583943931546,"Stan model (NicoStan) + tape chunking","Stan model (NicoStan) + tape chunking",3.79037910162873,1.49472361808993,1993
"Laptop","AD_Stan_tape_chunked","NicoStan_BridgeStan",500,4,8,8,1,200,"257aba3ac8b8727679d269bf8597bb85","NicoStan_BridgeStan_state_allocation_thread_setup_sampling_model_load_divergence_check","iteration_difference","main_scaling","two_run_difference",125,4,1.86005025125628,1.86482412059915,0.0297276284340499,0.0247499999988063,1.87549999999881,0.0154497487425249,0.00930025125628141,0.0239999999976135,1.88099999999668,0.0147236180875224,0.00932412060299577,0,FALSE,FALSE,4.30095907064703,860.191814129407,0,"7893;7894;7895;7896",2001,500,"N = 500",4,"4","8",200,8,1.86005025125628,0.0297276284340499,4.30095907064703,"Stan model (NicoStan) + tape chunking","Stan model (NicoStan) + tape chunking",6.42874510333422,1.49472361808993,1993
"Laptop","AD_Stan_tape_chunked","NicoStan_BridgeStan",500,10,16,16,1,200,"257aba3ac8b8727679d269bf8597bb85","NicoStan_BridgeStan_state_allocation_thread_setup_sampling_model_load_divergence_check","iteration_difference","main_scaling","two_run_difference",50,4,2.9444723618072,2.94472361809051,0.0337881316088841,0.0352499999981077,2.96499999999627,0.0205276381890717,0.014722361809036,0.0354999999963894,2.96599999999645,0.0206407035139771,0.0147236180904525,0,FALSE,FALSE,5.43391074324088,1086.78214864818,0,"7917;7918;7919;7920",2007,500,"N = 500",10,"10","16",200,16,2.9444723618072,0.0337881316088841,5.43391074324088,"Stan model (NicoStan) + tape chunking","Stan model (NicoStan) + tape chunking",8.12219472651472,1.49472361808993,1993
"Laptop","AD_Stan_WCP","NicoStan_BridgeStan",500,4,4,2,2,800,"257aba3ac8b8727679d269bf8597bb85","NicoStan_BridgeStan_state_allocation_thread_setup_sampling_model_load_divergence_check","iteration_difference","main_scaling","two_run_difference",125,4,3.38723404255289,3.38072590738363,0.0841567674298459,0.0132500000000615,3.39624999999976,0.00901595744687038,0.00423404255319111,0.0130000000004138,3.39049999999952,0.00870025031330554,0.00422590738422953,0,FALSE,FALSE,0.590452261306586,472.361809045268,0,"8405;8407;8409;8411",2129,500,"N = 500",4,"4","4",800,2,3.38723404255289,0.0841567674298459,0.590452261306586,"Stan model (NicoStan) + tape chunking + WCP","Stan model (NicoStan) + tape chunking + WCP",2,3.38723404255289,2129
"Laptop","AD_Stan_WCP","NicoStan_BridgeStan",500,10,8,4,2,800,"257aba3ac8b8727679d269bf8597bb85","NicoStan_BridgeStan_state_allocation_thread_setup_sampling_model_load_divergence_check","iteration_difference","main_scaling","two_run_difference",50,4,3.78498122653331,3.7566958698367,0.077584075794259,0.0145000000000621,3.79475000000021,0.00976877346689549,0.00473122653316664,0.0140000000005145,3.76599999999992,0.00932853566919086,0.00469586983729588,0,FALSE,FALSE,1.05680841214201,845.446729713611,0,"8437;8439;8441;8443",2137,500,"N = 500",10,"10","8",800,4,3.78498122653331,0.077584075794259,1.05680841214201,"Stan model (NicoStan) + tape chunking + WCP","Stan model (NicoStan) + tape chunking + WCP",3.57965743006369,3.38723404255289,2129
"Laptop","AD_Stan_WCP","NicoStan_BridgeStan",500,10,16,8,2,800,"257aba3ac8b8727679d269bf8597bb85","NicoStan_BridgeStan_state_allocation_thread_setup_sampling_model_load_divergence_check","iteration_difference","main_scaling","two_run_difference",50,4,6.07008760951193,5.99899874843563,0.184879413637869,0.0190000000001689,6.08150000000021,0.011412390488279,0.00758760951188992,0.0195000000001215,6.01100000000042,0.0118097622028749,0.00749874843554454,0,FALSE,FALSE,1.31793814432989,1054.35051546391,0,"8445;8446;8447;8448",2139,500,"N = 500",10,"10","16",800,8,6.07008760951193,0.184879413637869,1.31793814432989,"Stan model (NicoStan) + tape chunking + WCP","Stan model (NicoStan) + tape chunking + WCP",4.46416494845318,3.38723404255289,2129
"Laptop","MD_BayesMVP","BayesMVP_NicoStan",2500,1,1,1,1,80,"7184208393ceb4c8ae3e26f0d1660bdb","state_allocation_thread_setup_sampling_divergence_check","iteration_difference","main_scaling","two_run_difference",NA,4,1.55569620253163,1.55291139240503,0.034134995019092,0.0230000000000139,1.55925,0.00355379746836852,0.0194462025316454,0.0230000000000246,1.55549999999999,0.00318987341774647,0.0194113924050629,0,FALSE,FALSE,0.642799023596426,51.4239218877141,0,"9137;9142;9147;9152",2312,2500,"N = 2500",1,"1","1",80,1,1.55569620253163,0.034134995019092,0.642799023596426,"BayesMVP (1 chunk)","BayesMVP + chunking",1,1.55569620253163,2312
"Laptop","MD_BayesMVP","BayesMVP_NicoStan",2500,1,2,2,1,80,"7184208393ceb4c8ae3e26f0d1660bdb","state_allocation_thread_setup_sampling_divergence_check","iteration_difference","main_scaling","two_run_difference",NA,4,1.58658227848102,1.57518987341775,0.072753579797779,0.0234999999999985,1.59025000000001,0.00366772151898574,0.0198322784810128,0.0234999999999985,1.57800000000002,0.00329746835442886,0.0196898734177218,0,FALSE,FALSE,1.2605712462103,100.845699696824,0,"9138;9143;9148;9153",2313,2500,"N = 2500",1,"1","2",80,2,1.58658227848102,0.072753579797779,1.2605712462103,"BayesMVP (1 chunk)","BayesMVP + chunking",1.96106590074993,1.55569620253163,2312
"Laptop","MD_BayesMVP","BayesMVP_NicoStan",2500,1,4,4,1,80,"7184208393ceb4c8ae3e26f0d1660bdb","state_allocation_thread_setup_sampling_divergence_check","iteration_difference","main_scaling","two_run_difference",NA,4,1.82354430379746,1.82227848101264,0.0653478484072788,0.0332499999999989,1.83399999999999,0.0104556962025306,0.0227943037974683,0.0294999999999987,1.83749999999998,0.00738607594936602,0.022778481012658,0,FALSE,FALSE,2.19353047341386,175.482437873109,0,"9139;9144;9149;9154",2314,2500,"N = 2500",1,"1","4",80,4,1.82354430379746,0.0653478484072788,2.19353047341386,"BayesMVP (1 chunk)","BayesMVP + chunking",3.41246702762736,1.55569620253163,2312
"Laptop","MD_BayesMVP","BayesMVP_NicoStan",2500,1,8,8,1,80,"7184208393ceb4c8ae3e26f0d1660bdb","state_allocation_thread_setup_sampling_divergence_check","iteration_difference","main_scaling","two_run_difference",NA,4,2.95797468354432,2.93873417721521,0.124399062895712,0.063499999999987,2.9845,0.026525316455683,0.036974683544304,0.0569999999999951,2.972,0.0197848101265773,0.0367341772151902,0,FALSE,FALSE,2.70455323519341,216.364258815473,0,"9140;9145;9150;9155",2315,2500,"N = 2500",1,"1","8",80,8,2.95797468354432,0.124399062895712,2.70455323519341,"BayesMVP (1 chunk)","BayesMVP + chunking",4.20746319753503,1.55569620253163,2312
"Laptop","MD_BayesMVP","BayesMVP_NicoStan",2500,1,16,16,1,80,"7184208393ceb4c8ae3e26f0d1660bdb","state_allocation_thread_setup_sampling_divergence_check","iteration_difference","main_scaling","two_run_difference",NA,4,7.25189873417721,7.24556962025314,0.0464601223474766,0.108000000000001,7.26925,0.0173512658227854,0.0906487341772151,0.108000000000004,7.26499999999999,0.0178164556962068,0.0905696202531642,0,FALSE,FALSE,2.20631872927213,176.50549834177,0,"9141;9146;9151;9156",2316,2500,"N = 2500",1,"1","16",80,16,7.25189873417721,0.0464601223474766,2.20631872927213,"BayesMVP (1 chunk)","BayesMVP + chunking",3.43236166870306,1.55569620253163,2312
"Laptop","MD_BayesMVP","BayesMVP_NicoStan",2500,4,1,1,1,80,"7184208393ceb4c8ae3e26f0d1660bdb","state_allocation_thread_setup_sampling_divergence_check","iteration_difference","main_scaling","two_run_difference",NA,4,1.44379746835443,1.44455696202531,0.0126852033243042,0.0202500000000008,1.446,0.00220253164557038,0.0180474683544304,0.0200000000000031,1.44649999999999,0.00196835443038276,0.0180569620253163,0,FALSE,FALSE,0.692617920392775,55.409433631422,0,"9177;9182;9187;9192",2322,2500,"N = 2500",4,"4","1",80,1,1.44379746835443,0.0126852033243042,0.692617920392775,"BayesMVP + chunking","BayesMVP + chunking",0.992109416096786,1.43240506329113,2323
"Laptop","MD_BayesMVP","BayesMVP_NicoStan",2500,4,2,2,1,80,"7184208393ceb4c8ae3e26f0d1660bdb","state_allocation_thread_setup_sampling_divergence_check","iteration_difference","main_scaling","two_run_difference",NA,4,1.43240506329113,1.43443037974685,0.0152123602892443,0.0237500000000068,1.43825,0.00584493670886767,0.0179050632911392,0.0205000000000126,1.4385,0.0025569620253292,0.0179303797468356,0,FALSE,FALSE,1.39625309296572,111.700247437258,0,"9178;9183;9188;9193",2323,2500,"N = 2500",4,"4","2",80,2,1.43240506329113,0.0152123602892443,1.39625309296572,"BayesMVP + chunking","BayesMVP + chunking",2,1.43240506329113,2323
"Laptop","MD_BayesMVP","BayesMVP_NicoStan",2500,4,4,4,1,80,"7184208393ceb4c8ae3e26f0d1660bdb","state_allocation_thread_setup_sampling_divergence_check","iteration_difference","main_scaling","two_run_difference",NA,4,1.46253164556961,1.46987341772149,0.0312819617035823,0.0269999999999975,1.47124999999998,0.00871835443037739,0.0182816455696201,0.0264999999999986,1.47649999999997,0.00795569620253042,0.0183734177215186,0,FALSE,FALSE,2.73498355547865,218.798684438292,0,"9179;9184;9189;9194",2324,2500,"N = 2500",4,"4","4",80,4,1.46253164556961,0.0312819617035823,2.73498355547865,"BayesMVP + chunking","BayesMVP + chunking",3.9176042928856,1.43240506329113,2323
"Laptop","MD_BayesMVP","BayesMVP_NicoStan",2500,4,8,8,1,80,"7184208393ceb4c8ae3e26f0d1660bdb","state_allocation_thread_setup_sampling_divergence_check","iteration_difference","main_scaling","two_run_difference",NA,4,1.64556962025316,1.61012658227847,0.08133270116373,0.0425000000000004,1.6675,0.0219303797468359,0.0205696202531645,0.0380000000000038,1.6375,0.0179746835443076,0.0201265822784809,0,FALSE,FALSE,4.86153846153847,388.923076923078,0,"9180;9185;9190;9195",2325,2500,"N = 2500",4,"4","8",80,8,1.64556962025316,0.08133270116373,4.86153846153847,"BayesMVP + chunking","BayesMVP + chunking",6.96369230769229,1.43240506329113,2323
"Laptop","MD_BayesMVP","BayesMVP_NicoStan",2500,10,16,16,1,80,"7184208393ceb4c8ae3e26f0d1660bdb","state_allocation_thread_setup_sampling_divergence_check","iteration_difference","main_scaling","two_run_difference",NA,4,2.77974683544302,2.78227848101266,0.0491182737644837,0.0527499999999996,2.79774999999999,0.0180031645569618,0.0347468354430378,0.0494999999999948,2.806,0.0144810126582229,0.0347784810126583,0,FALSE,FALSE,5.75591985428054,460.473588342443,0,"9201;9206;9211;9216",2331,2500,"N = 2500",10,"10","16",80,16,2.77974683544302,0.0491182737644837,5.75591985428054,"BayesMVP + chunking","BayesMVP + chunking",8.2448087431694,1.43240506329113,2323
"Laptop","MD_BayesMVP_WCP","BayesMVP_NicoStan",2500,4,4,2,2,400,"7184208393ceb4c8ae3e26f0d1660bdb","state_allocation_thread_setup_sampling_divergence_check","iteration_difference","main_scaling","two_run_difference",NA,4,4.27218045112788,4.2721804511277,0.0540021257744676,0.0195000000001144,4.28100000000017,0.00881954887229474,0.0106804511278197,0.0190000000002328,4.2830000000001,0.00843107769446817,0.0106804511278193,0,FALSE,FALSE,0.468145019359374,187.25800774375,0,"9609;9614;9619;9624",2430,2500,"N = 2500",4,"4","4",400,2,4.27218045112788,0.0540021257744676,0.468145019359374,"BayesMVP + chunking + WCP","BayesMVP + chunking + WCP",2,4.27218045112788,2430
"Laptop","MD_BayesMVP_WCP","BayesMVP_NicoStan",2500,10,8,4,2,400,"7184208393ceb4c8ae3e26f0d1660bdb","state_allocation_thread_setup_sampling_divergence_check","iteration_difference","main_scaling","two_run_difference",NA,4,4.65538847117765,4.6461152882205,0.15275067269937,0.0275000000002947,4.67125,0.0158615288223506,0.0116384711779441,0.0275000000006003,4.66600000000017,0.0155802005018549,0.0116152882205512,0,FALSE,FALSE,0.859219380888345,343.687752355338,0,"9632;9638;9644;9650",2438,2500,"N = 2500",10,"10","8",400,4,4.65538847117765,0.15275067269937,0.859219380888345,"BayesMVP + chunking + WCP","BayesMVP + chunking + WCP",3.67074024226138,4.27218045112788,2430
"Laptop","MD_BayesMVP_WCP","BayesMVP_NicoStan",2500,10,16,8,2,400,"7184208393ceb4c8ae3e26f0d1660bdb","state_allocation_thread_setup_sampling_divergence_check","iteration_difference","main_scaling","two_run_difference",NA,4,8.1706766917293,8.18646616541366,0.12734953800029,0.0562500000002046,8.20650000000018,0.0358233082708814,0.0204266917293233,0.0570000000003006,8.22150000000023,0.0366127819551882,0.0204661654135341,0,FALSE,FALSE,0.979111070212573,391.644428085029,0,"9634;9640;9646;9652",2440,2500,"N = 2500",10,"10","16",400,8,8.1706766917293,0.12734953800029,0.979111070212573,"BayesMVP + chunking + WCP","BayesMVP + chunking + WCP",4.18293917364505,4.27218045112788,2430
"Laptop","Mplus_standard","mplus",2500,1,1,1,1,400,"7184208393ceb4c8ae3e26f0d1660bdb","Mplus_input_write_engine_run_output_validation_BITERATIONS","overhead_subtraction","main_scaling","two_run_difference",NA,3,2.52333333333335,2.52600000000001,0.00929157324319033,0.443333333333328,2.96666666666668,0.443333333333328,0.00630833333333337,0.442999999999984,2.965,0.442999999999984,0.00631500000000003,0,FALSE,FALSE,0.396301188903564,158.520475561426,NA,"10108;10109;10110",2562,2500,"N = 2500",1,"1","1",400,1,2.52333333333335,0.00929157324319033,0.396301188903564,"Mplus","Mplus",1,2.52333333333335,2562
"Laptop","Mplus_standard","mplus",2500,1,2,2,1,400,"7184208393ceb4c8ae3e26f0d1660bdb","Mplus_input_write_engine_run_output_validation_BITERATIONS","overhead_subtraction","main_scaling","two_run_difference",NA,3,3.10833333333333,3.10099999999997,0.0513939036592261,0.735000000000004,3.84333333333333,0.735000000000004,0.00777083333333332,0.735000000000014,3.83599999999998,0.735000000000014,0.00775249999999993,0,FALSE,FALSE,0.643431635388741,257.372654155496,NA,"10111;10112;10113",2563,2500,"N = 2500",1,"1","2",400,2,3.10833333333333,0.0513939036592261,0.643431635388741,"Mplus","Mplus",1.6235924932976,2.52333333333335,2562
"Laptop","Mplus_standard","mplus",2500,1,4,4,1,400,"7184208393ceb4c8ae3e26f0d1660bdb","Mplus_input_write_engine_run_output_validation_BITERATIONS","overhead_subtraction","main_scaling","two_run_difference",NA,3,4.54433333333333,4.59,0.0969346859144513,0.74866666666667,5.293,0.74866666666667,0.0113608333333333,0.739000000000004,5.328,0.739000000000004,0.011475,0,FALSE,FALSE,0.88021712022299,352.086848089196,NA,"10114;10115;10116",2564,2500,"N = 2500",1,"1","4",400,4,4.54433333333333,0.0969346859144513,0.88021712022299,"Mplus","Mplus",2.22108120002936,2.52333333333335,2562
"Laptop","Mplus_standard","mplus",2500,1,8,8,1,400,"7184208393ceb4c8ae3e26f0d1660bdb","Mplus_input_write_engine_run_output_validation_BITERATIONS","overhead_subtraction","main_scaling","two_run_difference",NA,3,8.51433333333333,8.518,0.0090737717258618,0.766000000000001,9.28033333333334,0.766000000000001,0.0212858333333333,0.768000000000001,9.28100000000001,0.768000000000001,0.021295,0,FALSE,FALSE,0.939592060447089,375.836824178836,NA,"10117;10118;10119",2565,2500,"N = 2500",1,"1","8",400,8,8.51433333333333,0.0090737717258618,0.939592060447089,"Mplus","Mplus",2.3709039658615,2.52333333333335,2562
"Laptop","Mplus_standard","mplus",2500,1,16,16,1,400,"7184208393ceb4c8ae3e26f0d1660bdb","Mplus_input_write_engine_run_output_validation_BITERATIONS","overhead_subtraction","main_scaling","two_run_difference",NA,3,12.0313333333334,12.036,0.0372200662725757,0.837666666666659,12.869,0.837666666666659,0.0300783333333334,0.840000000000003,12.885,0.840000000000003,0.0300900000000001,0,FALSE,FALSE,1.32986091871225,531.9443674849,NA,"10120;10121;10122",2566,2500,"N = 2500",1,"1","16",400,16,12.0313333333334,0.0372200662725757,1.32986091871225,"Mplus","Mplus",3.35568238488393,2.52333333333335,2562
"Laptop","Mplus_WCP","mplus",2500,1,4,2,2,2000,"7184208393ceb4c8ae3e26f0d1660bdb","Mplus_input_write_engine_run_output_validation_BITERATIONS","overhead_subtraction","main_scaling","two_run_difference",NA,3,6.27633333333332,6.33599999999996,0.147825347397965,0.530333333333355,6.80666666666667,0.530333333333355,0.00313816666666666,0.526999999999987,6.875,0.526999999999987,0.00316799999999998,0,FALSE,FALSE,0.318657390195975,637.31478039195,NA,"10039;10042;10045",2539,2500,"N = 2500",1,"1","4",2000,2,6.27633333333332,0.147825347397965,0.318657390195975,"Mplus + WCP","Mplus + WCP",2,6.27633333333332,2539
"Laptop","Mplus_WCP","mplus",2500,1,8,4,2,2000,"7184208393ceb4c8ae3e26f0d1660bdb","Mplus_input_write_engine_run_output_validation_BITERATIONS","overhead_subtraction","main_scaling","two_run_difference",NA,3,11.2336666666667,11.266,0.0612726148726235,0.532333333333308,11.766,0.532333333333308,0.00561683333333335,0.532999999999959,11.794,0.532999999999959,0.00563300000000001,0,FALSE,FALSE,0.35607252010326,712.14504020652,NA,"10048;10050;10052",2542,2500,"N = 2500",1,"1","8",2000,4,11.2336666666667,0.0612726148726235,0.35607252010326,"Mplus + WCP","Mplus + WCP",2.23482982700809,6.27633333333332,2539
"Laptop","Mplus_WCP","mplus",2500,1,16,8,2,2000,"7184208393ceb4c8ae3e26f0d1660bdb","Mplus_input_write_engine_run_output_validation_BITERATIONS","overhead_subtraction","main_scaling","two_run_difference",NA,3,23.6416666666667,23.449,0.382330136574861,0.549666666666667,24.1913333333334,0.549666666666667,0.0118208333333333,0.548000000000002,23.994,0.548000000000002,0.0117245,0,FALSE,FALSE,0.338385618611209,676.771237222417,NA,"10054;10055;10056",2544,2500,"N = 2500",1,"1","16",2000,8,23.6416666666667,0.382330136574861,0.338385618611209,"Mplus + WCP","Mplus + WCP",2.12382093761014,6.27633333333332,2539
"Laptop","AD_Stan","NicoStan_BridgeStan",2500,1,1,1,1,40,"7184208393ceb4c8ae3e26f0d1660bdb","NicoStan_BridgeStan_state_allocation_thread_setup_sampling_model_load_divergence_check","iteration_difference","main_scaling","two_run_difference",NA,4,1.17871794871657,1.17999999999898,0.0118245631476949,0.0680000000007572,1.21724999999942,0.0385320512828429,0.0294679487179144,0.0625000000007567,1.21749999999884,0.0332051282059103,0.0294999999999746,0,FALSE,FALSE,0.848379377856112,33.9351751142445,0,"7281;7282;7283;7284",1848,2500,"N = 2500",1,"1","1",40,1,1.17871794871657,0.0118245631476949,0.848379377856112,"Stan model (NicoStan)","Stan model (NicoStan)",1,1.17871794871657,1848
"Laptop","AD_Stan","NicoStan_BridgeStan",2500,1,2,2,1,40,"7184208393ceb4c8ae3e26f0d1660bdb","NicoStan_BridgeStan_state_allocation_thread_setup_sampling_model_load_divergence_check","iteration_difference","main_scaling","two_run_difference",NA,4,1.24051282051223,1.23897435897412,0.010740702954631,0.0800000000002612,1.28949999999968,0.0489871794874556,0.0310128205128056,0.0740000000005239,1.29149999999936,0.042782051282605,0.0309743589743531,0,FALSE,FALSE,1.61223646134844,64.4894584539375,0,"7285;7286;7287;7288",1849,2500,"N = 2500",1,"1","2",40,2,1.24051282051223,0.010740702954631,1.61223646134844,"Stan model (NicoStan)","Stan model (NicoStan)",1.9003720545667,1.17871794871657,1848
"Laptop","AD_Stan","NicoStan_BridgeStan",2500,1,4,4,1,40,"7184208393ceb4c8ae3e26f0d1660bdb","NicoStan_BridgeStan_state_allocation_thread_setup_sampling_model_load_divergence_check","iteration_difference","main_scaling","two_run_difference",NA,4,1.48666666666974,1.48974358974998,0.0135161691642213,0.0857499999979918,1.53525000000099,0.0485833333312483,0.0371666666667436,0.0784999999959837,1.53650000000198,0.0411153846112146,0.0372435897437494,0,FALSE,FALSE,2.69058295963569,107.623318385428,0,"7289;7290;7291;7292",1850,2500,"N = 2500",1,"1","4",40,4,1.48666666666974,0.0135161691642213,2.69058295963569,"Stan model (NicoStan)","Stan model (NicoStan)",3.17143842703355,1.17871794871657,1848
"Laptop","AD_Stan","NicoStan_BridgeStan",2500,1,8,8,1,40,"7184208393ceb4c8ae3e26f0d1660bdb","NicoStan_BridgeStan_state_allocation_thread_setup_sampling_model_load_divergence_check","iteration_difference","main_scaling","two_run_difference",NA,4,2.80692307692496,2.78820512820913,0.0738194396108165,0.127999999996913,2.86474999999875,0.0578269230737888,0.070173076923124,0.12149999999383,2.84,0.050525641019377,0.0697051282052283,0,FALSE,FALSE,2.85009591668759,114.003836667504,0,"7293;7294;7295;7296",1851,2500,"N = 2500",1,"1","8",40,8,2.80692307692496,0.0738194396108165,2.85009591668759,"Stan model (NicoStan)","Stan model (NicoStan)",3.35945921256348,1.17871794871657,1848
"Laptop","AD_Stan","NicoStan_BridgeStan",2500,1,16,16,1,40,"7184208393ceb4c8ae3e26f0d1660bdb","NicoStan_BridgeStan_state_allocation_thread_setup_sampling_model_load_divergence_check","iteration_difference","main_scaling","two_run_difference",NA,4,5.89948717948783,5.85846153846154,0.101370836334182,0.231499999997148,5.98349999999779,0.0840128205099518,0.147487179487196,0.221999999994296,5.953,0.0734871794814423,0.146461538461538,0,FALSE,FALSE,2.71210013908176,108.48400556327,0,"7297;7298;7299;7300",1852,2500,"N = 2500",1,"1","16",40,16,5.89948717948783,0.101370836334182,2.71210013908176,"Stan model (NicoStan)","Stan model (NicoStan)",3.19680111265239,1.17871794871657,1848
"Laptop","AD_Stan_tape_chunked","NicoStan_BridgeStan",2500,4,1,1,1,40,"7184208393ceb4c8ae3e26f0d1660bdb","NicoStan_BridgeStan_state_allocation_thread_setup_sampling_model_load_divergence_check","iteration_difference","main_scaling","two_run_difference",625,4,1.44743589743635,1.45128205128295,0.0270760813127462,0.0702499999969728,1.48149999999741,0.0340641025610641,0.0361858974359087,0.0694999999962178,1.48349999999482,0.0337820512782243,0.0362820512820737,0,FALSE,FALSE,0.69087688219642,27.6350752878568,0,"7925;7926;7927;7928",2009,2500,"N = 2500",4,"4","1",40,1,1.44743589743635,0.0270760813127462,0.69087688219642,"Stan model (NicoStan) + tape chunking","Stan model (NicoStan) + tape chunking",1,1.44743589743635,2009
"Laptop","AD_Stan_tape_chunked","NicoStan_BridgeStan",2500,10,2,2,1,40,"7184208393ceb4c8ae3e26f0d1660bdb","NicoStan_BridgeStan_state_allocation_thread_setup_sampling_model_load_divergence_check","iteration_difference","main_scaling","two_run_difference",250,4,1.52923076922984,1.53282051282403,0.0276859758477462,0.0759999999993042,1.5669999999984,0.0377692307685582,0.038230769230746,0.0744999999966254,1.56900000000006,0.0361794871760245,0.0383205128206009,0,FALSE,FALSE,1.30784708249576,52.3138832998306,0,"7949;7950;7951;7952",2015,2500,"N = 2500",10,"10","2",40,2,1.52923076922984,0.0276859758477462,1.30784708249576,"Stan model (NicoStan) + tape chunking","Stan model (NicoStan) + tape chunking",1.89302481556176,1.44743589743635,2009
"Laptop","AD_Stan_tape_chunked","NicoStan_BridgeStan",2500,10,4,4,1,40,"7184208393ceb4c8ae3e26f0d1660bdb","NicoStan_BridgeStan_state_allocation_thread_setup_sampling_model_load_divergence_check","iteration_difference","main_scaling","two_run_difference",250,4,1.57000000000206,1.58410256409928,0.0344710507858983,0.0829999999981972,1.6137500000002,0.0437499999981458,0.0392500000000514,0.0804999999963911,1.62700000000041,0.040846153842442,0.0396025641024821,0,FALSE,FALSE,2.54777070063361,101.910828025344,0,"7953;7954;7955;7956",2016,2500,"N = 2500",10,"10","4",40,4,1.57000000000206,0.0344710507858983,2.54777070063361,"Stan model (NicoStan) + tape chunking","Stan model (NicoStan) + tape chunking",3.68773477053363,1.44743589743635,2009
"Laptop","AD_Stan_tape_chunked","NicoStan_BridgeStan",2500,25,8,8,1,40,"7184208393ceb4c8ae3e26f0d1660bdb","NicoStan_BridgeStan_state_allocation_thread_setup_sampling_model_load_divergence_check","iteration_difference","main_scaling","two_run_difference",100,4,1.70025641025588,1.70717948717841,0.0283662839674768,0.100500000001539,1.75825000000102,0.0579935897451416,0.042506410256397,0.101500000001394,1.76000000000204,0.0595384615398317,0.0426794871794603,0,FALSE,FALSE,4.70517267380633,188.206906952253,0,"7977;7978;7979;7980",2022,2500,"N = 2500",25,"25","8",40,8,1.70025641025588,0.0283662839674768,4.70517267380633,"Stan model (NicoStan) + tape chunking","Stan model (NicoStan) + tape chunking",6.81043583170384,1.44743589743635,2009
"Laptop","AD_Stan_tape_chunked","NicoStan_BridgeStan",2500,50,16,16,1,40,"7184208393ceb4c8ae3e26f0d1660bdb","NicoStan_BridgeStan_state_allocation_thread_setup_sampling_model_load_divergence_check","iteration_difference","main_scaling","two_run_difference",50,4,2.807692307693,2.80717948717782,0.0494758855213217,0.15325000000017,2.89075000000084,0.0830576923078455,0.0701923076923249,0.153500000000349,2.89300000000122,0.0825897435900585,0.0701794871794455,0,FALSE,FALSE,5.6986301369849,227.945205479396,0,"8001;8002;8003;8004",2028,2500,"N = 2500",50,"50","16",40,16,2.807692307693,0.0494758855213217,5.6986301369849,"Stan model (NicoStan) + tape chunking","Stan model (NicoStan) + tape chunking",8.24840182648455,1.44743589743635,2009
"Laptop","AD_Stan_WCP","NicoStan_BridgeStan",2500,10,4,2,2,200,"7184208393ceb4c8ae3e26f0d1660bdb","NicoStan_BridgeStan_state_allocation_thread_setup_sampling_model_load_divergence_check","iteration_difference","main_scaling","two_run_difference",250,4,3.92738693467379,3.90753768844304,0.102306670762105,0.0564999999998435,3.96425000000026,0.0368630653264745,0.0196369346733689,0.0564999999996871,3.94450000000052,0.0369623115574719,0.0195376884422152,0,FALSE,FALSE,0.509244450131095,101.848890026219,0,"8469;8472;8475;8478",2145,2500,"N = 2500",10,"10","4",200,2,3.92738693467379,0.102306670762105,0.509244450131095,"Stan model (NicoStan) + tape chunking + WCP","Stan model (NicoStan) + tape chunking + WCP",2,3.92738693467379,2145
"Laptop","AD_Stan_WCP","NicoStan_BridgeStan",2500,25,8,4,2,200,"7184208393ceb4c8ae3e26f0d1660bdb","NicoStan_BridgeStan_state_allocation_thread_setup_sampling_model_load_divergence_check","iteration_difference","main_scaling","two_run_difference",100,4,4.24145728643265,4.24472361809142,0.171806147315542,0.0674999999997468,4.28775000000023,0.0462927135675835,0.0212072864321632,0.0674999999993418,4.28800000000047,0.0462386934666794,0.0212236180904571,0,FALSE,FALSE,0.943072092885385,188.614418577077,0,"8505;8507;8509;8511",2154,2500,"N = 2500",25,"25","8",200,4,4.24145728643265,0.171806147315542,0.943072092885385,"Stan model (NicoStan) + tape chunking + WCP","Stan model (NicoStan) + tape chunking + WCP",3.70380901605352,3.92738693467379,2145
"Laptop","AD_Stan_WCP","NicoStan_BridgeStan",2500,50,16,8,2,200,"7184208393ceb4c8ae3e26f0d1660bdb","NicoStan_BridgeStan_state_allocation_thread_setup_sampling_model_load_divergence_check","iteration_difference","main_scaling","two_run_difference",50,4,7.07839195979875,7.10452261306483,0.235636422887977,0.0879999999999157,7.13099999999967,0.0526080402009219,0.0353919597989938,0.087999999999667,7.15749999999935,0.0522386934673281,0.0355226130653241,0,FALSE,FALSE,1.13020019877897,226.040039755794,0,"8537;8538;8539;8540",2162,2500,"N = 2500",50,"50","16",200,8,7.07839195979875,0.235636422887977,1.13020019877897,"Stan model (NicoStan) + tape chunking + WCP","Stan model (NicoStan) + tape chunking + WCP",4.43873349425024,3.92738693467379,2145
"Laptop","MD_BayesMVP","BayesMVP_NicoStan",10000,1,1,1,1,80,"b352a26c8e9b174599c6b645056fb577","state_allocation_thread_setup_sampling_divergence_check","iteration_difference","main_scaling","two_run_difference",NA,4,6.37215189873417,6.3746835443038,0.0426640494843928,0.0949999999999989,6.3875,0.0153481012658217,0.0796518987341772,0.0924999999999869,6.39250000000001,0.0128797468354301,0.0796835443037975,0,FALSE,FALSE,0.156932856575288,12.5546285260231,0,"9241;9246;9251;9256",2338,10000,"N = 10,000",1,"1","1",80,1,6.37215189873417,0.0426640494843928,0.156932856575288,"BayesMVP (1 chunk)","BayesMVP + chunking",1,6.37215189873417,2338
"Laptop","MD_BayesMVP","BayesMVP_NicoStan",10000,1,2,2,1,80,"b352a26c8e9b174599c6b645056fb577","state_allocation_thread_setup_sampling_divergence_check","iteration_difference","main_scaling","two_run_difference",NA,4,7.15164556962027,7.14379746835445,0.0498256319724486,0.109749999999984,7.172,0.0203544303797307,0.0893955696202533,0.108499999999964,7.16699999999999,0.0186962025316089,0.0892974683544306,0,FALSE,FALSE,0.279655917023611,22.3724733618889,0,"9242;9247;9252;9257",2339,10000,"N = 10,000",1,"1","2",80,2,7.15164556962027,0.0498256319724486,0.279655917023611,"BayesMVP (1 chunk)","BayesMVP + chunking",1.78200998265425,6.37215189873417,2338
"Laptop","MD_BayesMVP","BayesMVP_NicoStan",10000,1,4,4,1,80,"b352a26c8e9b174599c6b645056fb577","state_allocation_thread_setup_sampling_divergence_check","iteration_difference","main_scaling","two_run_difference",NA,4,9.9372151898734,9.90531645569621,0.0935197777637372,0.16350000000002,9.9765,0.0392848101266029,0.124215189873417,0.158500000000032,9.94800000000001,0.0335000000000324,0.123816455696203,0,FALSE,FALSE,0.402527259757465,32.2021807805972,0,"9243;9248;9253;9258",2340,10000,"N = 10,000",1,"1","4",80,4,9.9372151898734,0.0935197777637372,0.402527259757465,"BayesMVP (1 chunk)","BayesMVP + chunking",2.5649648425558,6.37215189873417,2338
"Laptop","MD_BayesMVP","BayesMVP_NicoStan",10000,1,8,8,1,80,"b352a26c8e9b174599c6b645056fb577","state_allocation_thread_setup_sampling_divergence_check","iteration_difference","main_scaling","two_run_difference",NA,4,22.4870886075949,22.4450632911392,0.0908499863703981,0.344000000000008,22.55,0.0629113924050717,0.281088607594937,0.343000000000018,22.507,0.0624430379747015,0.280563291139241,0,FALSE,FALSE,0.355759704584347,28.4607763667477,0,"9244;9249;9254;9259",2341,10000,"N = 10,000",1,"1","8",80,8,22.4870886075949,0.0908499863703981,0.355759704584347,"BayesMVP (1 chunk)","BayesMVP + chunking",2.26695487706025,6.37215189873417,2338
"Laptop","MD_BayesMVP","BayesMVP_NicoStan",10000,1,16,16,1,80,"b352a26c8e9b174599c6b645056fb577","state_allocation_thread_setup_sampling_divergence_check","iteration_difference","main_scaling","two_run_difference",NA,4,63.7324050632912,63.8298734177216,0.515068792207506,0.786249999999995,63.722,-0.010405063291144,0.796655063291139,0.783500000000004,63.821,-0.0119367088607558,0.797873417721519,0,FALSE,FALSE,0.251049681619747,20.0839745295798,0,"9245;9250;9255;9260",2342,10000,"N = 10,000",1,"1","16",80,16,63.7324050632912,0.515068792207506,0.251049681619747,"BayesMVP (1 chunk)","BayesMVP + chunking",1.59972670540988,6.37215189873417,2338
"Laptop","MD_BayesMVP","BayesMVP_NicoStan",10000,10,1,1,1,80,"b352a26c8e9b174599c6b645056fb577","state_allocation_thread_setup_sampling_divergence_check","iteration_difference","main_scaling","two_run_difference",NA,4,5.13772151898734,5.08151898734174,0.125780413787914,0.073750000000004,5.14725,0.00952848101266226,0.0642215189873417,0.0740000000000123,5.0925,0.00889873417722746,0.0635189873417718,0,FALSE,FALSE,0.194638809500345,15.5711047600276,0,"9281;9286;9291;9296",2348,10000,"N = 10,000",10,"10","1",80,1,5.13772151898734,0.125780413787914,0.194638809500345,"BayesMVP + chunking","BayesMVP + chunking",1,5.13772151898734,2348
"Laptop","MD_BayesMVP","BayesMVP_NicoStan",10000,10,2,2,1,80,"b352a26c8e9b174599c6b645056fb577","state_allocation_thread_setup_sampling_divergence_check","iteration_difference","main_scaling","two_run_difference",NA,4,5.19721518987343,5.19594936708861,0.0236678397823292,0.0787499999999852,5.211,0.0137848101265673,0.0649651898734179,0.074499999999972,5.214,0.00970253164554129,0.0649493670886076,0,FALSE,FALSE,0.384821472063909,30.7857177651127,0,"9282;9287;9292;9297",2349,10000,"N = 10,000",10,"10","2",80,2,5.19721518987343,0.0236678397823292,0.384821472063909,"BayesMVP + chunking","BayesMVP + chunking",1.97710555799113,5.13772151898734,2348
"Laptop","MD_BayesMVP","BayesMVP_NicoStan",10000,10,4,4,1,80,"b352a26c8e9b174599c6b645056fb577","state_allocation_thread_setup_sampling_divergence_check","iteration_difference","main_scaling","two_run_difference",NA,4,5.37670886075954,5.37164556962033,0.106851839484143,0.0880000000000081,5.39750000000005,0.0207911392405139,0.0672088607594942,0.0860000000000412,5.39600000000004,0.0198924050633323,0.0671455696202541,0,FALSE,FALSE,0.743949524437323,59.5159619549859,0,"9283;9288;9293;9298",2350,10000,"N = 10,000",10,"10","4",80,4,5.37670886075954,0.106851839484143,0.743949524437323,"BayesMVP + chunking","BayesMVP + chunking",3.82220548074203,5.13772151898734,2348
"Laptop","MD_BayesMVP","BayesMVP_NicoStan",10000,50,8,8,1,80,"b352a26c8e9b174599c6b645056fb577","state_allocation_thread_setup_sampling_divergence_check","iteration_difference","main_scaling","two_run_difference",NA,4,5.71139240506333,5.70835443037978,0.0860183475669554,0.133999999999972,5.77400000000002,0.0626075949366802,0.0713924050632917,0.134499999999974,5.7705,0.0630696202531381,0.0713544303797472,0,FALSE,FALSE,1.40070921985815,112.056737588652,0,"9324;9329;9334;9339",2361,10000,"N = 10,000",50,"50","8",80,8,5.71139240506333,0.0860183475669554,1.40070921985815,"BayesMVP + chunking","BayesMVP + chunking",7.19645390070916,5.13772151898734,2348
"Laptop","MD_BayesMVP","BayesMVP_NicoStan",10000,50,16,16,1,80,"b352a26c8e9b174599c6b645056fb577","state_allocation_thread_setup_sampling_divergence_check","iteration_difference","main_scaling","two_run_difference",NA,4,10.3458227848101,10.3645569620253,0.121646908759454,0.19850000000001,10.415,0.0691772151898835,0.129322784810126,0.196499999999986,10.443,0.0661708860759352,0.129556962025316,0,FALSE,FALSE,1.54651788773063,123.721431018451,0,"9325;9330;9335;9340",2362,10000,"N = 10,000",50,"50","16",80,16,10.3458227848101,0.121646908759454,1.54651788773063,"BayesMVP + chunking","BayesMVP + chunking",7.94557823129252,5.13772151898734,2348
"Laptop","MD_BayesMVP_WCP","BayesMVP_NicoStan",10000,10,4,2,2,200,"b352a26c8e9b174599c6b645056fb577","state_allocation_thread_setup_sampling_divergence_check","iteration_difference","main_scaling","two_run_difference",NA,4,7.27386934673372,7.28492462311541,0.110846267921517,0.0567499999999512,7.29425000000001,0.0203806532662826,0.0363693467336686,0.0519999999998504,7.30999999999989,0.0156859296480902,0.0364246231155771,0,FALSE,FALSE,0.274956822107079,54.9913644214158,0,"9697;9703;9709;9715",2452,10000,"N = 10,000",10,"10","4",200,2,7.27386934673372,0.110846267921517,0.274956822107079,"BayesMVP + chunking + WCP","BayesMVP + chunking + WCP",2,7.27386934673372,2452
"Laptop","MD_BayesMVP_WCP","BayesMVP_NicoStan",10000,50,8,4,2,200,"b352a26c8e9b174599c6b645056fb577","state_allocation_thread_setup_sampling_divergence_check","iteration_difference","main_scaling","two_run_difference",NA,4,7.99095477386931,7.99145728643194,0.225333416908532,0.0912499999999454,8.04224999999991,0.0512952261305989,0.0399547738693466,0.0889999999999418,8.02749999999963,0.0480954773868771,0.0399572864321597,0,FALSE,FALSE,0.500565966545091,100.113193309018,0,"9748;9754;9760;9766",2467,10000,"N = 10,000",50,"50","8",200,4,7.99095477386931,0.225333416908532,0.500565966545091,"BayesMVP + chunking + WCP","BayesMVP + chunking + WCP",3.64105144007047,7.27386934673372,2452
"Laptop","MD_BayesMVP_WCP","BayesMVP_NicoStan",10000,50,16,8,2,200,"b352a26c8e9b174599c6b645056fb577","state_allocation_thread_setup_sampling_divergence_check","iteration_difference","main_scaling","two_run_difference",NA,4,14.6258793969848,14.5914572864322,0.216360497827487,0.138000000000119,14.69075,0.0648706030151948,0.0731293969849241,0.135000000000332,14.6594999999999,0.0616984924626447,0.0729572864321609,0,FALSE,FALSE,0.546975657521778,109.395131504356,0,"9750;9756;9762;9768",2469,10000,"N = 10,000",50,"50","16",200,8,14.6258793969848,0.216360497827487,0.546975657521778,"BayesMVP + chunking + WCP","BayesMVP + chunking + WCP",3.97862946865719,7.27386934673372,2452
"Laptop","Mplus_standard","mplus",10000,1,1,1,1,200,"b352a26c8e9b174599c6b645056fb577","Mplus_input_write_engine_run_output_validation_BITERATIONS","overhead_subtraction","main_scaling","two_run_difference",NA,3,4.91633333333334,4.91899999999998,0.00737111479582992,0.537999999999992,5.45433333333333,0.537999999999992,0.0245816666666667,0.533999999999992,5.45600000000002,0.533999999999992,0.0245949999999999,0,FALSE,FALSE,0.203403620584446,40.6807241168892,NA,"10123;10124;10125",2567,10000,"N = 10,000",1,"1","1",200,1,4.91633333333334,0.00737111479582992,0.203403620584446,"Mplus","Mplus",1,4.91633333333334,2567
"Laptop","Mplus_standard","mplus",10000,1,2,2,1,200,"b352a26c8e9b174599c6b645056fb577","Mplus_input_write_engine_run_output_validation_BITERATIONS","overhead_subtraction","main_scaling","two_run_difference",NA,3,6.00666666666664,5.98299999999995,0.133087690390006,1.70000000000003,7.70666666666667,1.70000000000003,0.0300333333333332,1.69200000000001,7.65899999999999,1.69200000000001,0.0299149999999997,0,FALSE,FALSE,0.332963374028858,66.5926748057716,NA,"10126;10127;10128",2568,10000,"N = 10,000",1,"1","2",200,2,6.00666666666664,0.133087690390006,0.332963374028858,"Mplus","Mplus",1.63695893451721,4.91633333333334,2567
"Laptop","Mplus_standard","mplus",10000,1,4,4,1,200,"b352a26c8e9b174599c6b645056fb577","Mplus_input_write_engine_run_output_validation_BITERATIONS","overhead_subtraction","main_scaling","two_run_difference",NA,3,8.74266666666663,8.68999999999994,0.100897637897702,1.71066666666669,10.4533333333333,1.71066666666669,0.0437133333333332,1.71600000000001,10.414,1.71600000000001,0.0434499999999997,0,FALSE,FALSE,0.457526307762698,91.5052615525397,NA,"10129;10130;10131",2569,10000,"N = 10,000",1,"1","4",200,4,8.74266666666663,0.100897637897702,0.457526307762698,"Mplus","Mplus",2.24935183773068,4.91633333333334,2567
"Laptop","Mplus_standard","mplus",10000,1,8,8,1,200,"b352a26c8e9b174599c6b645056fb577","Mplus_input_write_engine_run_output_validation_BITERATIONS","overhead_subtraction","main_scaling","two_run_difference",NA,3,16.7096666666667,16.684,0.053351038727792,1.76933333333333,18.479,1.76933333333333,0.0835483333333334,1.76600000000002,18.45,1.76600000000002,0.0834200000000001,0,FALSE,FALSE,0.478764786849927,95.7529573699854,NA,"10132;10133;10134",2570,10000,"N = 10,000",1,"1","8",200,8,16.7096666666667,0.053351038727792,0.478764786849927,"Mplus","Mplus",2.35376728041653,4.91633333333334,2567
"Laptop","Mplus_standard","mplus",10000,1,16,16,1,200,"b352a26c8e9b174599c6b645056fb577","Mplus_input_write_engine_run_output_validation_BITERATIONS","overhead_subtraction","main_scaling","two_run_difference",NA,3,23.1636666666667,23.1920000000001,0.0822455672564157,1.89966666666667,25.0633333333334,1.89966666666667,0.115818333333333,1.89499999999998,25.087,1.89499999999998,0.11596,0,FALSE,FALSE,0.690736929962153,138.147385992431,NA,"10135;10136;10137",2571,10000,"N = 10,000",1,"1","16",200,16,23.1636666666667,0.0822455672564157,0.690736929962153,"Mplus","Mplus",3.39589299333727,4.91633333333334,2567
"Laptop","Mplus_WCP","mplus",10000,1,4,2,2,500,"b352a26c8e9b174599c6b645056fb577","Mplus_input_write_engine_run_output_validation_BITERATIONS","overhead_subtraction","main_scaling","two_run_difference",NA,3,5.91100000000006,5.928,0.0622655603042106,0.891666666666652,6.80266666666671,0.891666666666652,0.0118220000000001,0.88900000000001,6.81700000000001,0.88900000000001,0.011856,0,FALSE,FALSE,0.338352224665874,169.176112332937,NA,"10057;10060;10063",2545,10000,"N = 10,000",1,"1","4",500,2,5.91100000000006,0.0622655603042106,0.338352224665874,"Mplus + WCP","Mplus + WCP",1.91281791011108,5.65333333333335,2546
"Laptop","Mplus_WCP","mplus",10000,1,8,2,4,500,"b352a26c8e9b174599c6b645056fb577","Mplus_input_write_engine_run_output_validation_BITERATIONS","overhead_subtraction","main_scaling","two_run_difference",NA,3,5.65333333333335,5.65300000000002,0.00750555349951486,0.790666666666652,6.444,0.790666666666652,0.0113066666666667,0.793000000000006,6.44600000000003,0.793000000000006,0.011306,0,FALSE,FALSE,0.35377358490566,176.88679245283,NA,"10058;10061;10064",2546,10000,"N = 10,000",1,"1","8",500,2,5.65333333333335,0.00750555349951486,0.35377358490566,"Mplus + WCP","Mplus + WCP",2,5.65333333333335,2546
"Laptop","Mplus_WCP","mplus",10000,1,16,8,2,500,"b352a26c8e9b174599c6b645056fb577","Mplus_input_write_engine_run_output_validation_BITERATIONS","overhead_subtraction","main_scaling","two_run_difference",NA,3,19.94,19.999,0.141077992613927,0.933333333333356,20.8733333333334,0.933333333333356,0.03988,0.92999999999995,20.9250000000001,0.92999999999995,0.039998,0,FALSE,FALSE,0.401203610832497,200.601805416249,NA,"10072;10073;10074",2550,10000,"N = 10,000",1,"1","16",500,8,19.94,0.141077992613927,0.401203610832497,"Mplus + WCP","Mplus + WCP",2.26813774657306,5.65333333333335,2546
"Laptop","AD_Stan","NicoStan_BridgeStan",10000,1,1,1,1,20,"b352a26c8e9b174599c6b645056fb577","NicoStan_BridgeStan_state_allocation_thread_setup_sampling_model_load_divergence_check","iteration_difference","main_scaling","two_run_difference",NA,4,2.36052631578968,2.36684210526284,0.0152419695634141,0.269499999999685,2.51199999999988,0.151473684210201,0.118026315789484,0.24799999999999,2.49749999999968,0.129605263157901,0.118342105263142,0,FALSE,FALSE,0.423634336677779,8.47268673355557,0,"7301;7302;7303;7304",1853,10000,"N = 10,000",1,"1","1",20,1,2.36052631578968,0.0152419695634141,0.423634336677779,"Stan model (NicoStan)","Stan model (NicoStan)",1,2.36052631578968,1853
"Laptop","AD_Stan","NicoStan_BridgeStan",10000,1,2,2,1,20,"b352a26c8e9b174599c6b645056fb577","NicoStan_BridgeStan_state_allocation_thread_setup_sampling_model_load_divergence_check","iteration_difference","main_scaling","two_run_difference",NA,4,2.5126315789469,2.50947368420958,0.0319163264314635,0.289999999999761,2.67699999999931,0.164368421052416,0.125631578947345,0.273999999999717,2.64949999999862,0.149710526315517,0.125473684210479,0,FALSE,FALSE,0.795978215333203,15.9195643066641,0,"7305;7306;7307;7308",1854,10000,"N = 10,000",1,"1","2",20,2,2.5126315789469,0.0319163264314635,0.795978215333203,"Stan model (NicoStan)","Stan model (NicoStan)",1.87892752408933,2.36052631578968,1853
"Laptop","AD_Stan","NicoStan_BridgeStan",10000,1,4,4,1,20,"b352a26c8e9b174599c6b645056fb577","NicoStan_BridgeStan_state_allocation_thread_setup_sampling_model_load_divergence_check","iteration_difference","main_scaling","two_run_difference",NA,4,3.22763157894691,3.2284210526311,0.0477092997777797,0.324500000000196,3.39074999999976,0.16311842105285,0.161381578947345,0.301000000000386,3.39099999999959,0.138157894737273,0.161421052631555,0,FALSE,FALSE,1.23929881777433,24.7859763554866,0,"7309;7310;7311;7312",1855,10000,"N = 10,000",1,"1","4",20,4,3.22763157894691,0.0477092997777797,1.23929881777433,"Stan model (NicoStan)","Stan model (NicoStan)",2.92539747248334,2.36052631578968,1853
"Laptop","AD_Stan","NicoStan_BridgeStan",10000,1,8,8,1,20,"b352a26c8e9b174599c6b645056fb577","NicoStan_BridgeStan_state_allocation_thread_setup_sampling_model_load_divergence_check","iteration_difference","main_scaling","two_run_difference",NA,4,6.52868421052587,6.51684210526247,0.0333688637967825,0.533750000000232,6.73599999999981,0.207315789473939,0.326434210526293,0.533500000000458,6.74349999999978,0.205947368421556,0.325842105263124,0,FALSE,FALSE,1.2253617638761,24.5072352775219,0,"7313;7314;7315;7316",1856,10000,"N = 10,000",1,"1","8",20,8,6.52868421052587,0.0333688637967825,1.2253617638761,"Stan model (NicoStan)","Stan model (NicoStan)",2.89249868999198,2.36052631578968,1853
"Laptop","AD_Stan","NicoStan_BridgeStan",10000,1,16,16,1,20,"b352a26c8e9b174599c6b645056fb577","NicoStan_BridgeStan_state_allocation_thread_setup_sampling_model_load_divergence_check","iteration_difference","main_scaling","two_run_difference",NA,4,14.1634210526319,14.1910526315786,0.135968534189707,0.980999999999618,14.4362499999999,0.272828947368025,0.708171052631593,0.967499999999873,14.4829999999996,0.260447368420261,0.709552631578931,0,FALSE,FALSE,1.12967057468272,22.5934114936545,0,"7317;7318;7319;7320",1857,10000,"N = 10,000",1,"1","16",20,16,14.1634210526319,0.135968534189707,1.12967057468272,"Stan model (NicoStan)","Stan model (NicoStan)",2.66661711971181,2.36052631578968,1853
"Laptop","AD_Stan_tape_chunked","NicoStan_BridgeStan",10000,4,1,1,1,20,"b352a26c8e9b174599c6b645056fb577","NicoStan_BridgeStan_state_allocation_thread_setup_sampling_model_load_divergence_check","iteration_difference","main_scaling","two_run_difference",2500,4,2.83605263157927,2.83368421052694,0.0281583046373366,0.27300000000016,2.96725000000047,0.131197368421196,0.141802631578964,0.263000000000204,2.95500000000079,0.121894736842205,0.141684210526347,0,FALSE,FALSE,0.35260276514796,7.0520553029592,0,"8053;8054;8055;8056",2041,10000,"N = 10,000",4,"4","1",20,1,2.83605263157927,0.0281583046373366,0.35260276514796,"Stan model (NicoStan) + tape chunking","Stan model (NicoStan) + tape chunking",1,2.83605263157927,2041
"Laptop","AD_Stan_tape_chunked","NicoStan_BridgeStan",10000,4,2,2,1,20,"b352a26c8e9b174599c6b645056fb577","NicoStan_BridgeStan_state_allocation_thread_setup_sampling_model_load_divergence_check","iteration_difference","main_scaling","two_run_difference",2500,4,2.93210526315707,2.93368421052468,0.00466811743669891,0.292000000000222,3.07749999999944,0.145394736842368,0.146605263157854,0.286000000000328,3.07399999999954,0.139263157895106,0.146684210526234,0,FALSE,FALSE,0.682103751570825,13.6420750314165,0,"8057;8058;8059;8060",2042,10000,"N = 10,000",4,"4","2",20,2,2.93210526315707,0.00466811743669891,0.682103751570825,"Stan model (NicoStan) + tape chunking","Stan model (NicoStan) + tape chunking",1.93448213965253,2.83605263157927,2041
"Laptop","AD_Stan_tape_chunked","NicoStan_BridgeStan",10000,50,4,4,1,20,"b352a26c8e9b174599c6b645056fb577","NicoStan_BridgeStan_state_allocation_thread_setup_sampling_model_load_divergence_check","iteration_difference","main_scaling","two_run_difference",200,4,3.0560526315786,3.05105263157824,0.0413115988487598,0.290750000000116,3.19399999999979,0.137947368421186,0.15280263157893,0.289499999999919,3.18549999999959,0.138289473684134,0.152552631578912,0,FALSE,FALSE,1.30887798157252,26.1775596314505,0,"8121;8122;8123;8124",2058,10000,"N = 10,000",50,"50","4",20,4,3.0560526315786,0.0413115988487598,1.30887798157252,"Stan model (NicoStan) + tape chunking","Stan model (NicoStan) + tape chunking",3.71204684405492,2.83605263157927,2041
"Laptop","AD_Stan_tape_chunked","NicoStan_BridgeStan",10000,100,8,8,1,20,"b352a26c8e9b174599c6b645056fb577","NicoStan_BridgeStan_state_allocation_thread_setup_sampling_model_load_divergence_check","iteration_difference","main_scaling","two_run_difference",100,4,3.32000000000042,3.33526315789584,0.0500931726531448,0.338500000000025,3.49250000000042,0.172500000000004,0.166000000000021,0.339500000000044,3.51950000000062,0.172000000000002,0.166763157894792,0,FALSE,FALSE,2.40963855421657,48.1927710843313,0,"8145;8146;8147;8148",2064,10000,"N = 10,000",100,"100","8",20,8,3.32000000000042,0.0500931726531448,2.40963855421657,"Stan model (NicoStan) + tape chunking","Stan model (NicoStan) + tape chunking",6.83386176284077,2.83605263157927,2041
"Laptop","AD_Stan_tape_chunked","NicoStan_BridgeStan",10000,250,16,16,1,20,"b352a26c8e9b174599c6b645056fb577","NicoStan_BridgeStan_state_allocation_thread_setup_sampling_model_load_divergence_check","iteration_difference","main_scaling","two_run_difference",40,4,5.37947368421051,5.38894736842104,0.0819634402655703,0.547000000000011,5.6575,0.278026315789486,0.268973684210526,0.547000000000011,5.66550000000001,0.276552631578969,0.269447368421052,0,FALSE,FALSE,2.97426866255749,59.4853732511497,0,"8169;8170;8171;8172",2070,10000,"N = 10,000",250,"250","16",20,16,5.37947368421051,0.0819634402655703,2.97426866255749,"Stan model (NicoStan) + tape chunking","Stan model (NicoStan) + tape chunking",8.43518246746993,2.83605263157927,2041
"Laptop","AD_Stan_WCP","NicoStan_BridgeStan",10000,50,4,2,2,80,"b352a26c8e9b174599c6b645056fb577","NicoStan_BridgeStan_state_allocation_thread_setup_sampling_model_load_divergence_check","iteration_difference","main_scaling","two_run_difference",200,4,6.15518987341884,6.08708860759721,0.188387774372087,0.212249999999329,6.29050000000043,0.135310126581594,0.0769398734177355,0.207499999998618,6.21850000000086,0.131411392403652,0.0760886075949651,0,FALSE,FALSE,0.324929050302248,25.9943240241799,0,"8657;8660;8663;8666",2192,10000,"N = 10,000",50,"50","4",80,2,6.15518987341884,0.188387774372087,0.324929050302248,"Stan model (NicoStan) + tape chunking + WCP","Stan model (NicoStan) + tape chunking + WCP",2,6.15518987341884,2192
"Laptop","AD_Stan_WCP","NicoStan_BridgeStan",10000,100,8,4,2,80,"b352a26c8e9b174599c6b645056fb577","NicoStan_BridgeStan_state_allocation_thread_setup_sampling_model_load_divergence_check","iteration_difference","main_scaling","two_run_difference",100,4,6.65848101265766,6.63999999999887,0.176946631952346,0.230500000000063,6.80574999999951,0.147268987341842,0.0832310126582208,0.230499999999381,6.78999999999905,0.145803797467729,0.0829999999999858,0,FALSE,FALSE,0.600737614539422,48.0590091631538,0,"8693;8695;8697;8699",2201,10000,"N = 10,000",100,"100","8",80,4,6.65848101265766,0.176946631952346,0.600737614539422,"Stan model (NicoStan) + tape chunking + WCP","Stan model (NicoStan) + tape chunking + WCP",3.69765408159484,6.15518987341884,2192
"Laptop","AD_Stan_WCP","NicoStan_BridgeStan",10000,250,16,8,2,80,"b352a26c8e9b174599c6b645056fb577","NicoStan_BridgeStan_state_allocation_thread_setup_sampling_model_load_divergence_check","iteration_difference","main_scaling","two_run_difference",40,4,10.766582278481,10.7498734177215,0.0540485083427146,0.292750000000012,10.92475,0.158167721519,0.134582278481012,0.291500000000013,10.9075,0.157126582278495,0.134373417721519,0,FALSE,FALSE,0.74303987960873,59.4431903686984,0,"8725;8726;8727;8728",2209,10000,"N = 10,000",250,"250","16",80,8,10.766582278481,0.0540485083427146,0.74303987960873,"Stan model (NicoStan) + tape chunking + WCP","Stan model (NicoStan) + tape chunking + WCP",4.57355154251401,6.15518987341884,2192
"Laptop","MD_BayesMVP","BayesMVP_NicoStan",50000,1,1,1,1,50,"50597d787bf5578f0fdbdd94f2702741","state_allocation_thread_setup_sampling_divergence_check","iteration_difference","main_scaling","two_run_difference",NA,4,23.681887755102,23.6285714285713,0.190625017780537,0.534000000000049,23.74225,0.0603622448980092,0.473637755102039,0.537500000000023,23.6985,0.0661122448979816,0.472571428571426,0,FALSE,FALSE,0.0422263634698869,2.11131817349434,0,"9361;9366;9371;9376",2368,50000,"N = 50,000",1,"1","1",50,1,23.681887755102,0.190625017780537,0.0422263634698869,"BayesMVP (1 chunk)","BayesMVP + chunking",1,23.681887755102,2368
"Laptop","MD_BayesMVP","BayesMVP_NicoStan",50000,1,2,2,1,50,"50597d787bf5578f0fdbdd94f2702741","state_allocation_thread_setup_sampling_divergence_check","iteration_difference","main_scaling","two_run_difference",NA,4,30.7168367346938,30.7484693877551,0.214020730233218,0.742250000000041,30.84475,0.127913265306164,0.614336734693877,0.743499999999983,30.8410000000001,0.132755102040799,0.614969387755103,0,FALSE,FALSE,0.0651108711901006,3.25554355950503,0,"9362;9367;9372;9377",2369,50000,"N = 50,000",1,"1","2",50,2,30.7168367346938,0.214020730233218,0.0651108711901006,"BayesMVP (1 chunk)","BayesMVP + chunking",1.54194834316086,23.681887755102,2368
"Laptop","MD_BayesMVP","BayesMVP_NicoStan",50000,1,4,4,1,50,"50597d787bf5578f0fdbdd94f2702741","state_allocation_thread_setup_sampling_divergence_check","iteration_difference","main_scaling","two_run_difference",NA,4,64.1176020408163,64.0658163265306,0.39875759347432,1.42750000000004,64.26275,0.145147959183712,1.28235204081633,1.42800000000005,64.2195,0.146071428571451,1.28131632653061,0,FALSE,FALSE,0.0623853649026622,3.11926824513311,0,"9363;9368;9373;9378",2370,50000,"N = 50,000",1,"1","4",50,4,64.1176020408163,0.39875759347432,0.0623853649026622,"BayesMVP (1 chunk)","BayesMVP + chunking",1.47740320918592,23.681887755102,2368
"Laptop","MD_BayesMVP","BayesMVP_NicoStan",50000,1,8,8,1,50,"50597d787bf5578f0fdbdd94f2702741","state_allocation_thread_setup_sampling_divergence_check","iteration_difference","main_scaling","two_run_difference",NA,4,161.507397959184,161.360204081633,0.549397569304151,3.548,161.82525,0.317852040816328,3.23014795918367,3.47550000000007,161.781,0.248295918367415,3.22720408163265,0,FALSE,FALSE,0.0495333347022393,2.47666673511196,0,"9364;9369;9374;9379",2371,50000,"N = 50,000",1,"1","8",50,8,161.507397959184,0.549397569304151,0.0495333347022393,"BayesMVP (1 chunk)","BayesMVP + chunking",1.17304287255433,23.681887755102,2368
"Laptop","MD_BayesMVP","BayesMVP_NicoStan",50000,1,16,16,1,50,"50597d787bf5578f0fdbdd94f2702741","state_allocation_thread_setup_sampling_divergence_check","iteration_difference","main_scaling","two_run_difference",NA,4,378.158163265306,378.39693877551,1.04534064017674,8.10249999999994,378.6975,0.539336734693811,7.56316326530612,8.089,378.945,0.530612244897958,7.56793877551021,0,FALSE,FALSE,0.0423103387795302,2.11551693897651,0,"9365;9370;9375;9380",2372,50000,"N = 50,000",1,"1","16",50,16,378.158163265306,1.04534064017674,0.0423103387795302,"BayesMVP (1 chunk)","BayesMVP + chunking",1.00198869385717,23.681887755102,2368
"Laptop","MD_BayesMVP","BayesMVP_NicoStan",50000,50,1,1,1,50,"50597d787bf5578f0fdbdd94f2702741","state_allocation_thread_setup_sampling_divergence_check","iteration_difference","main_scaling","two_run_difference",NA,4,15.8854591836736,15.8025510204086,0.191911577164745,0.33725000000004,15.9050000000002,0.0195408163265674,0.317709183673473,0.331000000000131,15.8160000000003,0.015071428571455,0.316051020408172,0,FALSE,FALSE,0.0629506511859447,3.14753255929723,0,"9441;9446;9451;9456",2388,50000,"N = 50,000",50,"50","1",50,1,15.8854591836736,0.191911577164745,0.0629506511859447,"BayesMVP + chunking","BayesMVP + chunking",1,15.8854591836736,2388
"Laptop","MD_BayesMVP","BayesMVP_NicoStan",50000,50,2,2,1,50,"50597d787bf5578f0fdbdd94f2702741","state_allocation_thread_setup_sampling_divergence_check","iteration_difference","main_scaling","two_run_difference",NA,4,16.0369897959188,16.0897959183678,0.132302978658246,0.372249999999781,16.0885000000002,0.0515102040814053,0.320739795918376,0.365999999999985,16.1485000000002,0.0443163265304111,0.321795918367357,0,FALSE,FALSE,0.124711683766799,6.23558418833994,0,"9442;9447;9452;9457",2389,50000,"N = 50,000",50,"50","2",50,2,16.0369897959188,0.132302978658246,0.124711683766799,"BayesMVP + chunking","BayesMVP + chunking",1.98110236220469,15.8854591836736,2388
"Laptop","MD_BayesMVP","BayesMVP_NicoStan",50000,50,4,4,1,50,"50597d787bf5578f0fdbdd94f2702741","state_allocation_thread_setup_sampling_divergence_check","iteration_difference","main_scaling","two_run_difference",NA,4,16.5579081632652,16.385714285714,0.388465492297777,0.421999999999912,16.6487499999998,0.0908418367346072,0.331158163265305,0.42450000000008,16.4839999999997,0.0977142857143648,0.327714285714281,0,FALSE,FALSE,0.241576409324111,12.0788204662056,0,"9443;9448;9453;9458",2390,50000,"N = 50,000",50,"50","4",50,4,16.5579081632652,0.388465492297777,0.241576409324111,"BayesMVP + chunking","BayesMVP + chunking",3.8375521900566,15.8854591836736,2388
"Laptop","MD_BayesMVP","BayesMVP_NicoStan",50000,100,8,8,1,50,"50597d787bf5578f0fdbdd94f2702741","state_allocation_thread_setup_sampling_divergence_check","iteration_difference","main_scaling","two_run_difference",NA,4,17.2979591836735,17.3377551020408,0.182881892154115,0.520749999999907,17.4727499999999,0.174790816326438,0.345959183673469,0.509999999999991,17.4854999999998,0.166877551020402,0.346755102040816,0,FALSE,FALSE,0.462482302973101,23.124115148655,0,"9464;9469;9474;9479",2396,50000,"N = 50,000",100,"100","8",50,8,17.2979591836735,0.182881892154115,0.462482302973101,"BayesMVP + chunking","BayesMVP + chunking",7.34674374705057,15.8854591836736,2388
"Laptop","MD_BayesMVP","BayesMVP_NicoStan",50000,250,16,16,1,50,"50597d787bf5578f0fdbdd94f2702741","state_allocation_thread_setup_sampling_divergence_check","iteration_difference","main_scaling","two_run_difference",NA,4,31.8191326530609,31.8198979591833,0.401239208282416,0.929500000000075,32.1122499999998,0.293117346938857,0.636382653061219,0.910499999999956,32.0939999999996,0.27410204081629,0.636397959183666,0,FALSE,FALSE,0.50284211623414,25.142105811707,0,"9485;9490;9495;9500",2402,50000,"N = 50,000",250,"250","16",50,16,31.8191326530609,0.401239208282416,0.50284211623414,"BayesMVP + chunking","BayesMVP + chunking",7.98787791326951,15.8854591836736,2388
"Laptop","MD_BayesMVP_WCP","BayesMVP_NicoStan",50000,50,4,2,2,100,"50597d787bf5578f0fdbdd94f2702741","state_allocation_thread_setup_sampling_divergence_check","iteration_difference","main_scaling","two_run_difference",NA,4,17.8075757575758,17.806565656565,0.0794177533020253,0.246249999999861,17.8757499999999,0.0681742424241037,0.178075757575758,0.240499999999997,17.8684999999994,0.0626969696969719,0.17806565656565,0,FALSE,FALSE,0.11231175019144,11.231175019144,0,"9861;9867;9873;9879",2493,50000,"N = 50,000",50,"50","4",100,2,17.8075757575758,0.0794177533020253,0.11231175019144,"BayesMVP + chunking + WCP","BayesMVP + chunking + WCP",2,17.8075757575758,2493
"Laptop","MD_BayesMVP_WCP","BayesMVP_NicoStan",50000,100,8,4,2,100,"50597d787bf5578f0fdbdd94f2702741","state_allocation_thread_setup_sampling_divergence_check","iteration_difference","main_scaling","two_run_difference",NA,4,19.2469696969699,19.19898989899,0.341006969363658,0.346000000000117,19.4005000000003,0.153530303030418,0.192469696969699,0.348000000000184,19.3290000000002,0.156595959596143,0.1919898989899,0,FALSE,FALSE,0.207824923246475,20.7824923246475,0,"9888;9894;9900;9906",2502,50000,"N = 50,000",100,"100","8",100,4,19.2469696969699,0.341006969363658,0.207824923246475,"BayesMVP + chunking + WCP","BayesMVP + chunking + WCP",3.70085806502397,17.8075757575758,2493
"Laptop","MD_BayesMVP_WCP","BayesMVP_NicoStan",50000,250,16,8,2,100,"50597d787bf5578f0fdbdd94f2702741","state_allocation_thread_setup_sampling_divergence_check","iteration_difference","main_scaling","two_run_difference",NA,4,35.7383838383836,35.7707070707066,0.217971278889008,0.561000000000263,35.942,0.203616161616427,0.357383838383836,0.555000000000291,35.9799999999998,0.197939393939686,0.357707070707066,0,FALSE,FALSE,0.223848958480542,22.3848958480542,0,"9914;9920;9926;9932",2510,50000,"N = 50,000",250,"250","16",100,8,35.7383838383836,0.217971278889008,0.223848958480542,"BayesMVP + chunking + WCP","BayesMVP + chunking + WCP",3.98620728639668,17.8075757575758,2493
"Laptop","Mplus_standard","mplus",50000,1,1,1,1,100,"50597d787bf5578f0fdbdd94f2702741","Mplus_input_write_engine_run_output_validation_BITERATIONS","overhead_subtraction","main_scaling","two_run_difference",NA,3,12.4596666666667,12.4160000000001,0.121533260193739,0.991666666666636,13.4513333333333,0.991666666666636,0.124596666666667,0.987999999999943,13.422,0.987999999999943,0.124160000000001,0,FALSE,FALSE,0.0802589689397787,8.02589689397787,NA,"10138;10139;10140",2572,50000,"N = 50,000",1,"1","1",100,1,12.4596666666667,0.121533260193739,0.0802589689397787,"Mplus","Mplus",1,12.4596666666667,2572
"Laptop","Mplus_standard","mplus",50000,1,2,2,1,100,"50597d787bf5578f0fdbdd94f2702741","Mplus_input_write_engine_run_output_validation_BITERATIONS","overhead_subtraction","main_scaling","two_run_difference",NA,3,14.6846666666667,14.668,0.0921375782910336,6.68333333333332,21.3680000000001,6.68333333333332,0.146846666666667,6.67499999999995,21.398,6.67499999999995,0.14668,0,FALSE,FALSE,0.136196486130657,13.6196486130657,NA,"10141;10142;10143",2573,50000,"N = 50,000",1,"1","2",100,2,14.6846666666667,0.0921375782910336,0.136196486130657,"Mplus","Mplus",1.69696281835928,12.4596666666667,2572
"Laptop","Mplus_standard","mplus",50000,1,4,4,1,100,"50597d787bf5578f0fdbdd94f2702741","Mplus_input_write_engine_run_output_validation_BITERATIONS","overhead_subtraction","main_scaling","two_run_difference",NA,3,21.656,21.697,0.23915058017908,6.86733333333332,28.5233333333333,6.86733333333332,0.21656,6.87099999999998,28.568,6.87099999999998,0.21697,0,FALSE,FALSE,0.18470631695604,18.470631695604,NA,"10144;10145;10146",2574,50000,"N = 50,000",1,"1","4",100,4,21.656,0.23915058017908,0.18470631695604,"Mplus","Mplus",2.30137914049995,12.4596666666667,2572
"Laptop","Mplus_standard","mplus",50000,1,8,8,1,100,"50597d787bf5578f0fdbdd94f2702741","Mplus_input_write_engine_run_output_validation_BITERATIONS","overhead_subtraction","main_scaling","two_run_difference",NA,3,41.4786666666666,41.519,0.259858294717205,7.09900000000005,48.5776666666667,7.09900000000005,0.414786666666666,7.12200000000007,48.6410000000001,7.12200000000007,0.41519,0,FALSE,FALSE,0.192870230479926,19.2870230479926,NA,"10147;10148;10149",2575,50000,"N = 50,000",1,"1","8",100,8,41.4786666666666,0.259858294717205,0.192870230479926,"Mplus","Mplus",2.40309878170306,12.4596666666667,2572
"Laptop","Mplus_standard","mplus",50000,1,16,16,1,100,"50597d787bf5578f0fdbdd94f2702741","Mplus_input_write_engine_run_output_validation_BITERATIONS","overhead_subtraction","main_scaling","two_run_difference",NA,3,56.9140000000001,56.9210000000003,0.129641814242064,7.516,64.4300000000001,7.516,0.569140000000001,7.52199999999993,64.4430000000002,7.52199999999993,0.569210000000003,0,FALSE,FALSE,0.281125909266612,28.1125909266612,NA,"10150;10151;10152",2576,50000,"N = 50,000",1,"1","16",100,16,56.9140000000001,0.129641814242064,0.281125909266612,"Mplus","Mplus",3.50273512082558,12.4596666666667,2572
"Laptop","Mplus_WCP","mplus",50000,1,4,2,2,100,"50597d787bf5578f0fdbdd94f2702741","Mplus_input_write_engine_run_output_validation_BITERATIONS","overhead_subtraction","main_scaling","two_run_difference",NA,3,5.7946666666666,5.81200000000001,0.090257040353289,2.74100000000006,8.53566666666666,2.74100000000006,0.057946666666666,2.70800000000008,8.51599999999996,2.70800000000008,0.0581200000000001,0,FALSE,FALSE,0.345144960883575,34.5144960883575,NA,"10075;10078;10081",2551,50000,"N = 50,000",1,"1","4",100,2,5.7946666666666,0.090257040353289,0.345144960883575,"Mplus + WCP","Mplus + WCP",2,5.7946666666666,2551
"Laptop","Mplus_WCP","mplus",50000,1,8,4,2,100,"50597d787bf5578f0fdbdd94f2702741","Mplus_input_write_engine_run_output_validation_BITERATIONS","overhead_subtraction","main_scaling","two_run_difference",NA,3,10.7040000000001,10.706,0.0260576284415418,2.78066666666662,13.4846666666667,2.78066666666662,0.107040000000001,2.76699999999994,13.496,2.76699999999994,0.10706,0,FALSE,FALSE,0.37369207772795,37.369207772795,NA,"10084;10086;10088",2554,50000,"N = 50,000",1,"1","8",100,4,10.7040000000001,0.0260576284415418,0.37369207772795,"Mplus + WCP","Mplus + WCP",2.16542102640753,5.7946666666666,2551
"Laptop","Mplus_WCP","mplus",50000,1,16,8,2,100,"50597d787bf5578f0fdbdd94f2702741","Mplus_input_write_engine_run_output_validation_BITERATIONS","overhead_subtraction","main_scaling","two_run_difference",NA,3,17.637,17.6539999999999,0.0956399498116942,2.86133333333335,20.4983333333333,2.86133333333335,0.17637,2.85799999999995,20.5359999999999,2.85799999999995,0.176539999999999,0,FALSE,FALSE,0.453591880705336,45.3591880705336,NA,"10090;10091;10092",2556,50000,"N = 50,000",1,"1","16",100,8,17.637,0.0956399498116942,0.453591880705336,"Mplus + WCP","Mplus + WCP",2.62841375139382,5.7946666666666,2551
"Laptop","AD_Stan","NicoStan_BridgeStan",50000,1,1,1,1,10,"50597d787bf5578f0fdbdd94f2702741","NicoStan_BridgeStan_state_allocation_thread_setup_sampling_model_load_divergence_check","iteration_difference","main_scaling","two_run_difference",NA,4,5.97666666666689,5.9844444444448,0.0227348285233019,1.4252500000005,6.8042500000007,0.827583333333806,0.597666666666689,1.3150000000002,6.70600000000051,0.716611111111902,0.59844444444448,0,FALSE,FALSE,0.167317345231449,1.67317345231449,0,"7321;7322;7323;7324",1858,50000,"N = 50,000",1,"1","1",10,1,5.97666666666689,0.0227348285233019,0.167317345231449,"Stan model (NicoStan)","Stan model (NicoStan)",1,5.97666666666689,1858
"Laptop","AD_Stan","NicoStan_BridgeStan",50000,1,2,2,1,10,"50597d787bf5578f0fdbdd94f2702741","NicoStan_BridgeStan_state_allocation_thread_setup_sampling_model_load_divergence_check","iteration_difference","main_scaling","two_run_difference",NA,4,6.52388888888921,6.54166666666667,0.0475446508779371,1.47399999999982,7.34550000000011,0.821611111110898,0.652388888888921,1.3774999999995,7.22650000000016,0.728166666666106,0.654166666666667,0,FALSE,FALSE,0.306565613556998,3.06565613556998,0,"7325;7326;7327;7328",1859,50000,"N = 50,000",1,"1","2",10,2,6.52388888888921,0.0475446508779371,0.306565613556998,"Stan model (NicoStan)","Stan model (NicoStan)",1.83224048369239,5.97666666666689,1858
"Laptop","AD_Stan","NicoStan_BridgeStan",50000,1,4,4,1,10,"50597d787bf5578f0fdbdd94f2702741","NicoStan_BridgeStan_state_allocation_thread_setup_sampling_model_load_divergence_check","iteration_difference","main_scaling","two_run_difference",NA,4,9.57833333333363,9.58111111111101,0.0283206216951012,1.78124999999967,10.4017499999999,0.82341666666631,0.957833333333363,1.66449999999952,10.3000000000002,0.70499999999945,0.9581111111111,0,FALSE,FALSE,0.41760918740211,4.1760918740211,0,"7329;7330;7331;7332",1860,50000,"N = 50,000",1,"1","4",10,4,9.57833333333363,0.0283206216951012,0.41760918740211,"Stan model (NicoStan)","Stan model (NicoStan)",2.49591091004004,5.97666666666689,1858
"Laptop","AD_Stan","NicoStan_BridgeStan",50000,1,8,8,1,10,"50597d787bf5578f0fdbdd94f2702741","NicoStan_BridgeStan_state_allocation_thread_setup_sampling_model_load_divergence_check","iteration_difference","main_scaling","two_run_difference",NA,4,20.4241666666669,20.4072222222234,0.151954008095013,2.90599999999975,21.28775,0.863583333333055,2.04241666666669,2.83099999999916,21.308,0.790277777776822,2.04072222222234,0,FALSE,FALSE,0.391692847525393,3.91692847525393,0,"7333;7334;7335;7336",1861,50000,"N = 50,000",1,"1","8",10,8,20.4241666666669,0.151954008095013,0.391692847525393,"Stan model (NicoStan)","Stan model (NicoStan)",2.34101758537686,5.97666666666689,1858
"Laptop","AD_Stan","NicoStan_BridgeStan",50000,1,16,16,1,10,"50597d787bf5578f0fdbdd94f2702741","NicoStan_BridgeStan_state_allocation_thread_setup_sampling_model_load_divergence_check","iteration_difference","main_scaling","two_run_difference",NA,4,41.1647222222222,41.1094444444444,0.147885994907778,5.75275000000008,42.801,1.63627777777786,4.11647222222222,5.67549999999974,42.8055,1.55166666666713,4.11094444444444,0,FALSE,FALSE,0.388682326425675,3.88682326425675,0,"7337;7338;7339;7340",1862,50000,"N = 50,000",1,"1","16",10,16,41.1647222222222,0.147885994907778,0.388682326425675,"Stan model (NicoStan)","Stan model (NicoStan)",2.32302470427087,5.97666666666689,1858
"Laptop","AD_Stan_tape_chunked","NicoStan_BridgeStan",50000,10,1,1,1,10,"50597d787bf5578f0fdbdd94f2702741","NicoStan_BridgeStan_state_allocation_thread_setup_sampling_model_load_divergence_check","iteration_difference","main_scaling","two_run_difference",5000,4,7.01638888888908,7.00722222222238,0.0819885317683951,1.36699999999993,7.68175000000011,0.665361111111025,0.701638888888908,1.35449999999969,7.65450000000033,0.65722222222189,0.700722222222238,0,FALSE,FALSE,0.142523456985625,1.42523456985625,0,"8213;8214;8215;8216",2081,50000,"N = 50,000",10,"10","1",10,1,7.01638888888908,0.0819885317683951,0.142523456985625,"Stan model (NicoStan) + tape chunking","Stan model (NicoStan) + tape chunking",1,7.01638888888908,2081
"Laptop","AD_Stan_tape_chunked","NicoStan_BridgeStan",50000,250,2,2,1,10,"50597d787bf5578f0fdbdd94f2702741","NicoStan_BridgeStan_state_allocation_thread_setup_sampling_model_load_divergence_check","iteration_difference","main_scaling","two_run_difference",200,4,7.2513888888894,7.38111111111215,0.278294889043498,1.43299999999971,7.95925000000017,0.707861111110769,0.72513888888894,1.38049999999964,7.97050000000036,0.640777777777367,0.738111111111215,0,FALSE,FALSE,0.275809231947883,2.75809231947883,0,"8297;8298;8299;8300",2102,50000,"N = 50,000",250,"250","2",10,2,7.2513888888894,0.278294889043498,0.275809231947883,"Stan model (NicoStan) + tape chunking","Stan model (NicoStan) + tape chunking",1.93518483049216,7.01638888888908,2081
"Laptop","AD_Stan_tape_chunked","NicoStan_BridgeStan",50000,250,4,4,1,10,"50597d787bf5578f0fdbdd94f2702741","NicoStan_BridgeStan_state_allocation_thread_setup_sampling_model_load_divergence_check","iteration_difference","main_scaling","two_run_difference",200,4,7.67749999999953,7.62722222222199,0.200662226685221,1.43525000000005,8.34499999999963,0.6675000000001,0.767749999999953,1.42500000000018,8.28949999999998,0.66750000000017,0.762722222222199,0,FALSE,FALSE,0.521002930641517,5.21002930641517,0,"8301;8302;8303;8304",2103,50000,"N = 50,000",250,"250","4",10,4,7.67749999999953,0.200662226685221,0.521002930641517,"Stan model (NicoStan) + tape chunking","Stan model (NicoStan) + tape chunking",3.65555917363179,7.01638888888908,2081
"Laptop","AD_Stan_tape_chunked","NicoStan_BridgeStan",50000,1000,8,8,1,10,"50597d787bf5578f0fdbdd94f2702741","NicoStan_BridgeStan_state_allocation_thread_setup_sampling_model_load_divergence_check","iteration_difference","main_scaling","two_run_difference",50,4,8.32250000000004,8.28055555555554,0.136657256526434,1.58474999999999,9.07500000000002,0.752499999999982,0.832250000000003,1.58499999999998,9.03699999999998,0.756444444444437,0.828055555555554,0,FALSE,FALSE,0.961249624511861,9.61249624511861,0,"8345;8346;8347;8348",2114,50000,"N = 50,000",1000,"1000","8",10,8,8.32250000000004,0.136657256526434,0.961249624511861,"Stan model (NicoStan) + tape chunking","Stan model (NicoStan) + tape chunking",6.74450118487383,7.01638888888908,2081
"Laptop","AD_Stan_tape_chunked","NicoStan_BridgeStan",50000,1000,16,16,1,10,"50597d787bf5578f0fdbdd94f2702741","NicoStan_BridgeStan_state_allocation_thread_setup_sampling_model_load_divergence_check","iteration_difference","main_scaling","two_run_difference",50,4,13.1680555555556,13.1294444444445,0.130454649736402,2.75199999999995,14.60325,1.43519444444439,1.31680555555556,2.74799999999993,14.5515,1.43961111111104,1.31294444444445,0,FALSE,FALSE,1.21506170235207,12.1506170235207,0,"8349;8350;8351;8352",2115,50000,"N = 50,000",1000,"1000","16",10,16,13.1680555555556,0.130454649736402,1.21506170235207,"Stan model (NicoStan) + tape chunking","Stan model (NicoStan) + tape chunking",8.5253454276977,7.01638888888908,2081
"Laptop","AD_Stan_WCP","NicoStan_BridgeStan",50000,500,4,2,2,20,"50597d787bf5578f0fdbdd94f2702741","NicoStan_BridgeStan_state_allocation_thread_setup_sampling_model_load_divergence_check","iteration_difference","main_scaling","two_run_difference",100,4,7.79868421052601,7.76315789473612,0.172606705525122,1.01774999999998,8.42649999999969,0.627815789473677,0.389934210526301,1.01900000000091,8.39400000000023,0.630842105264109,0.388157894736806,0,FALSE,FALSE,0.256453517799909,5.12907035599817,0,"8897;8900;8903;8906",2252,50000,"N = 50,000",500,"500","4",20,2,7.79868421052601,0.172606705525122,0.256453517799909,"Stan model (NicoStan) + tape chunking + WCP","Stan model (NicoStan) + tape chunking + WCP",0.85257297114903,3.3244736842106,2260
"Laptop","AD_Stan_WCP","NicoStan_BridgeStan",50000,1000,8,2,4,20,"50597d787bf5578f0fdbdd94f2702741","NicoStan_BridgeStan_state_allocation_thread_setup_sampling_model_load_divergence_check","iteration_difference","main_scaling","two_run_difference",50,4,4.05394736842099,4.03157894736834,0.0651123044313777,0.885500000000064,4.73675,0.682802631579015,0.202697368421049,0.880000000000052,4.72149999999999,0.677289473684243,0.201578947368417,0,FALSE,FALSE,0.493346316131134,9.86692632262269,0,"8922;8925;8928;8931",2259,50000,"N = 50,000",1000,"1000","8",20,2,4.05394736842099,0.0651123044313777,0.493346316131134,"Stan model (NicoStan) + tape chunking + WCP","Stan model (NicoStan) + tape chunking + WCP",1.6401168451802,3.3244736842106,2260
"Laptop","AD_Stan_WCP","NicoStan_BridgeStan",50000,1000,16,2,8,20,"50597d787bf5578f0fdbdd94f2702741","NicoStan_BridgeStan_state_allocation_thread_setup_sampling_model_load_divergence_check","iteration_difference","main_scaling","two_run_difference",50,4,3.3244736842106,3.32263157894736,0.039501744412519,0.83624999999995,3.99450000000002,0.67002631578942,0.16622368421053,0.837499999999977,3.99399999999997,0.671368421052609,0.166131578947368,0,FALSE,FALSE,0.601598986780641,12.0319797356128,0,"8923;8926;8929;8932",2260,50000,"N = 50,000",1000,"1000","16",20,2,3.3244736842106,0.039501744412519,0.601598986780641,"Stan model (NicoStan) + tape chunking + WCP","Stan model (NicoStan) + tape chunking + WCP",2,3.3244736842106,2260
