"device","algorithm","execution_backend","N","num_chunks","n_threads","n_chains","threads_per_chain","n_iter","dataset_md5","timing_scope","timing_estimator","benchmark_role","timing_method","stan_chunk_size","n_repeats","time_mean","time_median","time_sd","time_short_run_mean","time_long_run_mean","fixed_cost_mean","seconds_per_iteration_mean","time_short_run_median","time_long_run_median","fixed_cost_median","seconds_per_iteration_median","n_repeats_two_run_flagged","time_mean_not_positive","time_median_not_positive","chain_rate","total_iter_per_sec","max_divergences","case_ids","configuration_id","selected_best_chunks","relative_chunk_throughput"
"HPC","AD_Stan_WCP","NicoStan_BridgeStan",500,2,8,4,2,800,"5fff1836d43ae39c037ca22d13a50ed5","NicoStan_BridgeStan_state_allocation_thread_setup_sampling_model_load_divergence_check","iteration_difference","main_scaling","two_run_difference",250,4,2.02152690863579,2.0485607008761,0.124536805696697,0.0190000000000001,2.038,0.0164730913642054,0.00252690863579474,0.0194999999999999,2.0655,0.0169392991239056,0.00256070087609512,0,FALSE,FALSE,1.97870232788509,1582.96186230807,0,"2037;2038;2039;2040",510,FALSE,0.881500742942051
"HPC","AD_Stan_WCP","NicoStan_BridgeStan",500,2,16,8,2,800,"5fff1836d43ae39c037ca22d13a50ed5","NicoStan_BridgeStan_state_allocation_thread_setup_sampling_model_load_divergence_check","iteration_difference","main_scaling","two_run_difference",250,4,2.03654568210263,2.00650813516896,0.150071989887193,0.0217500000000004,2.05575,0.0192043178973721,0.00254568210262828,0.0210000000000008,2.0245,0.0186020025031297,0.0025081351689612,0,FALSE,FALSE,3.92822025565389,3142.57620452311,0,"2041;2042;2043;2044",511,FALSE,0.958579154375614
"HPC","AD_Stan_WCP","NicoStan_BridgeStan",500,2,32,16,2,800,"5fff1836d43ae39c037ca22d13a50ed5","NicoStan_BridgeStan_state_allocation_thread_setup_sampling_model_load_divergence_check","iteration_difference","main_scaling","two_run_difference",250,4,2.33917396745932,2.35544430538173,0.122063407326234,0.0244999999999997,2.36075,0.0215760325406756,0.00292396745932415,0.0244999999999997,2.3765,0.0214543178973715,0.00294430538172716,0,FALSE,FALSE,6.84002140181915,5472.01712145532,0,"2045;2046;2047;2048",512,FALSE,0.949919743178169
"HPC","AD_Stan_WCP","NicoStan_BridgeStan",500,2,64,32,2,800,"5fff1836d43ae39c037ca22d13a50ed5","NicoStan_BridgeStan_state_allocation_thread_setup_sampling_model_load_divergence_check","iteration_difference","main_scaling","two_run_difference",250,4,3.48270676691729,3.50977443609023,0.142501719697665,0.0427500000000003,3.52110338345865,0.0383966165413537,0.00435338345864662,0.0415000000000001,3.54688721804511,0.0371127819548873,0.00438721804511278,0,FALSE,FALSE,9.18825561312608,7350.60449050086,0,"2049;2050;2051;2052",513,FALSE,0.828727691421991
"HPC","AD_Stan_WCP","NicoStan_BridgeStan",500,2,96,48,2,800,"5fff1836d43ae39c037ca22d13a50ed5","NicoStan_BridgeStan_state_allocation_thread_setup_sampling_model_load_divergence_check","iteration_difference","main_scaling","two_run_difference",250,4,4.40200501253133,4.36290726817043,0.153803325063845,0.0490000000000004,4.44550250626567,0.0434974937343362,0.00550250626566416,0.0480000000000018,4.40495363408521,0.0426403508771948,0.00545363408521303,0,FALSE,FALSE,10.9041220678661,8723.29765429287,0,"2053;2054;2055;2056",514,FALSE,0.833636984741513
"HPC","AD_Stan_WCP","NicoStan_BridgeStan",500,2,128,64,2,800,"5fff1836d43ae39c037ca22d13a50ed5","NicoStan_BridgeStan_state_allocation_thread_setup_sampling_model_load_divergence_check","iteration_difference","main_scaling","two_run_difference",250,4,5.88471177944862,5.88270676691729,0.0596357826464915,0.0599999999999996,5.93735588972431,0.0526441102756888,0.00735588972431078,0.0599999999999969,5.93535338345865,0.052641604010022,0.00735338345864662,0,FALSE,FALSE,10.8756388415673,8700.51107325383,0,"2057;2058;2059;2060",515,FALSE,0.769931856899489
"HPC","AD_Stan_WCP","NicoStan_BridgeStan",500,2,180,90,2,800,"5fff1836d43ae39c037ca22d13a50ed5","NicoStan_BridgeStan_state_allocation_thread_setup_sampling_model_load_divergence_check","iteration_difference","main_scaling","two_run_difference",250,4,9.37694235588972,9.41954887218046,0.129115905521846,0.082749999999999,9.44797117794486,0.0710288220551368,0.0117211779448622,0.0860000000000021,9.48327568922306,0.0741616541353404,0.0117744360902256,0,FALSE,FALSE,9.59801143956808,7678.40915165446,0,"2061;2062;2063;2064",516,FALSE,0.654140161436896
"HPC","AD_Stan_WCP","NicoStan_BridgeStan",500,4,8,4,2,800,"5fff1836d43ae39c037ca22d13a50ed5","NicoStan_BridgeStan_state_allocation_thread_setup_sampling_model_load_divergence_check","iteration_difference","main_scaling","two_run_difference",125,4,1.7819774718398,1.78222778473092,0.0012598805899498,0.0147499999999994,1.7945,0.0125225281601996,0.00222747183979975,0.0145,1.7935,0.0122734668335419,0.00222778473091365,0,FALSE,FALSE,2.24469728894508,1795.75783115606,0,"2065;2067;2069;2071",517,TRUE,1
"HPC","AD_Stan_WCP","NicoStan_BridgeStan",500,4,16,4,4,800,"5fff1836d43ae39c037ca22d13a50ed5","NicoStan_BridgeStan_state_allocation_thread_setup_sampling_model_load_divergence_check","iteration_difference","main_scaling","two_run_difference",125,4,1.23454317897372,1.24255319148936,0.0224333982502206,0.0114999999999998,1.2445,0.0099568210262827,0.00154317897371715,0.011000000000001,1.254,0.00943742177722254,0.0015531914893617,0,FALSE,FALSE,3.24006488240065,2592.05190592052,0,"2066;2068;2070;2072",518,FALSE,0.948702351987023
"HPC","AD_Stan_WCP","NicoStan_BridgeStan",500,4,16,8,2,800,"5fff1836d43ae39c037ca22d13a50ed5","NicoStan_BridgeStan_state_allocation_thread_setup_sampling_model_load_divergence_check","iteration_difference","main_scaling","two_run_difference",125,4,1.95219023779725,1.95193992490613,0.00250312891113769,0.0177500000000004,1.9675,0.0153097622027538,0.00244023779724656,0.017000000000003,1.967,0.0145600750938704,0.00243992490613266,0,FALSE,FALSE,4.09796127708681,3278.36902166945,0,"2073;2075;2077;2079",519,TRUE,1
"HPC","AD_Stan_WCP","NicoStan_BridgeStan",500,4,32,8,4,800,"5fff1836d43ae39c037ca22d13a50ed5","NicoStan_BridgeStan_state_allocation_thread_setup_sampling_model_load_divergence_check","iteration_difference","main_scaling","two_run_difference",125,4,1.3712140175219,1.37371714643304,0.0546301791868014,0.0140000000000011,1.3835,0.0122859824780987,0.00171401752190238,0.0139999999999993,1.386,0.012282853566958,0.0017171464330413,0,FALSE,FALSE,5.83424607520993,4667.39686016794,0,"2074;2076;2078;2080",520,FALSE,0.919678714859438
"HPC","AD_Stan_WCP","NicoStan_BridgeStan",500,4,32,16,2,800,"5fff1836d43ae39c037ca22d13a50ed5","NicoStan_BridgeStan_state_allocation_thread_setup_sampling_model_load_divergence_check","iteration_difference","main_scaling","two_run_difference",125,4,2.22202753441802,2.21476846057572,0.0989851664736413,0.0200000000000031,2.23925,0.0172224655819806,0.00277753441802252,0.0200000000000031,2.2325,0.0172102628285388,0.00276846057571965,0,FALSE,FALSE,7.20063084375353,5760.50467500282,0,"2081;2083;2085;2087",521,TRUE,1
"HPC","AD_Stan_WCP","NicoStan_BridgeStan",500,4,64,16,4,800,"5fff1836d43ae39c037ca22d13a50ed5","NicoStan_BridgeStan_state_allocation_thread_setup_sampling_model_load_divergence_check","iteration_difference","main_scaling","two_run_difference",125,4,1.61226533166458,1.59399249061327,0.0606969621419446,0.0212499999999984,1.6315,0.0192346683354177,0.00201533166458073,0.0214999999999996,1.6115,0.0195256570713388,0.00199249061326659,0,FALSE,FALSE,9.92392485638873,7939.13988511099,0,"2082;2084;2086;2088",522,FALSE,0.971277751901878
"HPC","AD_Stan_WCP","NicoStan_BridgeStan",500,4,96,24,4,800,"5fff1836d43ae39c037ca22d13a50ed5","NicoStan_BridgeStan_state_allocation_thread_setup_sampling_model_load_divergence_check","iteration_difference","main_scaling","two_run_difference",125,4,2.15137844611529,2.13533834586466,0.0678156772943863,0.0389999999999997,2.18768922305764,0.0363107769423556,0.00268922305764411,0.0284999999999975,2.173656641604,0.0258308270676667,0.00266917293233083,0,FALSE,FALSE,11.1556383970177,8924.51071761418,0,"2089;2090;2091;2092",523,FALSE,0.925209692451074
"HPC","AD_Stan_WCP","NicoStan_BridgeStan",500,4,64,32,2,800,"5fff1836d43ae39c037ca22d13a50ed5","NicoStan_BridgeStan_state_allocation_thread_setup_sampling_model_load_divergence_check","iteration_difference","main_scaling","two_run_difference",125,4,2.88621553884712,2.90225563909775,0.112905529626458,0.0257500000000022,2.90835776942356,0.0221422305764433,0.00360776942355889,0.0265000000000057,2.92362781954888,0.0227969924812088,0.00362781954887219,0,FALSE,FALSE,11.08718304967,8869.74643973603,0,"2093;2095;2097;2099",524,TRUE,1
"HPC","AD_Stan_WCP","NicoStan_BridgeStan",500,4,128,32,4,800,"5fff1836d43ae39c037ca22d13a50ed5","NicoStan_BridgeStan_state_allocation_thread_setup_sampling_model_load_divergence_check","iteration_difference","main_scaling","two_run_difference",125,4,2.71528822055136,2.71679197994985,0.0171210539113658,0.0285000000000046,2.74039411027567,0.0251058897243154,0.0033941102756892,0.0285000000000082,2.74189598997493,0.02510776942356,0.00339598997493732,0,FALSE,FALSE,11.7851209156361,9428.09673250884,0,"2094;2096;2098;2100",525,FALSE,0.942403544397278
"HPC","AD_Stan_WCP","NicoStan_BridgeStan",500,4,180,45,4,800,"5fff1836d43ae39c037ca22d13a50ed5","NicoStan_BridgeStan_state_allocation_thread_setup_sampling_model_load_divergence_check","iteration_difference","main_scaling","two_run_difference",125,4,3.66115288220552,3.62606516290729,0.104530208703638,0.0305,3.68707644110277,0.0259235588972431,0.0045764411027569,0.0315000000000012,3.65103258145365,0.0268734335839611,0.00453258145363411,0,FALSE,FALSE,12.2912102957283,9832.96823658267,0,"2101;2102;2103;2104",526,FALSE,0.89498904709748
"HPC","AD_Stan_WCP","NicoStan_BridgeStan",500,4,96,48,2,800,"5fff1836d43ae39c037ca22d13a50ed5","NicoStan_BridgeStan_state_allocation_thread_setup_sampling_model_load_divergence_check","iteration_difference","main_scaling","two_run_difference",125,4,3.66967418546364,3.6922305764411,0.080190057799573,0.0315000000000047,3.69658709273182,0.0269129072681752,0.00458709273182955,0.0320000000000036,3.71661528822055,0.0274862155388507,0.00461528822055137,0,FALSE,FALSE,13.0801803032373,10464.1442425899,0,"2105;2106;2107;2108",527,TRUE,1
"HPC","AD_Stan_WCP","NicoStan_BridgeStan",500,4,128,64,2,800,"5fff1836d43ae39c037ca22d13a50ed5","NicoStan_BridgeStan_state_allocation_thread_setup_sampling_model_load_divergence_check","iteration_difference","main_scaling","two_run_difference",125,4,4.53082706766917,4.4671679197995,0.147077156343857,0.0330000000000013,4.55816353383459,0.0273364661654148,0.00566353383458647,0.0335000000000036,4.49308395989975,0.0279248120300788,0.00558395989974938,0,FALSE,FALSE,14.1254563557916,11300.3650846333,0,"2109;2110;2111;2112",528,TRUE,1
"HPC","AD_Stan_WCP","NicoStan_BridgeStan",500,4,180,90,2,800,"5fff1836d43ae39c037ca22d13a50ed5","NicoStan_BridgeStan_state_allocation_thread_setup_sampling_model_load_divergence_check","iteration_difference","main_scaling","two_run_difference",125,4,6.17744360902256,6.19147869674184,0.104350581355776,0.0424999999999969,6.21222180451128,0.0347781954887187,0.0077218045112782,0.0419999999999945,6.22673934837091,0.0342957393483654,0.0077393483709273,0,FALSE,FALSE,14.5691333982473,11655.3067185978,0,"2113;2114;2115;2116",529,FALSE,0.992940603700098
"HPC","AD_Stan_WCP","NicoStan_BridgeStan",500,10,8,4,2,800,"5fff1836d43ae39c037ca22d13a50ed5","NicoStan_BridgeStan_state_allocation_thread_setup_sampling_model_load_divergence_check","iteration_difference","main_scaling","two_run_difference",50,4,2.0342928660826,2.03904881101376,0.0119697380662017,0.0105000000000022,2.04225,0.00795713391739893,0.00254286608260325,0.0100000000000016,2.04649999999999,0.00745118898623436,0.00254881101376721,0,FALSE,FALSE,1.96628522209918,1573.02817767934,0,"2117;2120;2123;2126",530,FALSE,0.875968992248064
"HPC","AD_Stan_WCP","NicoStan_BridgeStan",500,10,16,4,4,800,"5fff1836d43ae39c037ca22d13a50ed5","NicoStan_BridgeStan_state_allocation_thread_setup_sampling_model_load_divergence_check","iteration_difference","main_scaling","two_run_difference",50,4,1.1712140175219,1.17396745932416,0.019179042758346,0.0105000000000004,1.18025,0.00903598247809802,0.00146401752190238,0.0114999999999981,1.184,0.0100325406758429,0.0014674593241552,0,FALSE,FALSE,3.41525967086984,2732.20773669587,0,"2118;2121;2124;2127",531,TRUE,1
"HPC","AD_Stan_WCP","NicoStan_BridgeStan",500,10,32,4,8,800,"5fff1836d43ae39c037ca22d13a50ed5","NicoStan_BridgeStan_state_allocation_thread_setup_sampling_model_load_divergence_check","iteration_difference","main_scaling","two_run_difference",50,4,0.874092615769713,0.87459324155194,0.00970749408243779,0.00900000000000034,0.882000000000001,0.0079073842302882,0.00109261576971214,0.00850000000000151,0.882000000000001,0.00740675844806158,0.00109324155193992,0,FALSE,FALSE,4.57617411225658,3660.93928980526,0,"2119;2122;2125;2128",532,TRUE,1
"HPC","AD_Stan_WCP","NicoStan_BridgeStan",500,10,16,8,2,800,"5fff1836d43ae39c037ca22d13a50ed5","NicoStan_BridgeStan_state_allocation_thread_setup_sampling_model_load_divergence_check","iteration_difference","main_scaling","two_run_difference",50,4,2.26082603254067,2.26433041301627,0.0527220196113867,0.0125000000000028,2.2705,0.009673967459327,0.00282603254067584,0.012000000000004,2.2735,0.00916958698373367,0.00283041301627034,0,FALSE,FALSE,3.53852967227635,2830.82373782108,0,"2129;2132;2135;2138",533,FALSE,0.863485385296723
"HPC","AD_Stan_WCP","NicoStan_BridgeStan",500,10,32,8,4,800,"5fff1836d43ae39c037ca22d13a50ed5","NicoStan_BridgeStan_state_allocation_thread_setup_sampling_model_load_divergence_check","iteration_difference","main_scaling","two_run_difference",50,4,1.26107634543179,1.26057571964957,0.00580956034560649,0.0129999999999999,1.2725,0.0114236545682102,0.00157634543178974,0.0124999999999993,1.2715,0.0109242803504373,0.00157571964956196,0,FALSE,FALSE,6.34378721714966,5075.02977371973,0,"2130;2133;2136;2139",534,TRUE,1
"HPC","AD_Stan_WCP","NicoStan_BridgeStan",500,10,64,8,8,800,"5fff1836d43ae39c037ca22d13a50ed5","NicoStan_BridgeStan_state_allocation_thread_setup_sampling_model_load_divergence_check","iteration_difference","main_scaling","two_run_difference",50,4,1.01551939924906,1.01426783479349,0.0321168770186504,0.0147499999999994,1.029,0.013480600750938,0.00126939924906133,0.0144999999999982,1.028,0.0132290362953674,0.00126783479349186,0,FALSE,FALSE,7.87774217402021,6302.19373921617,0,"2131;2134;2137;2140",535,FALSE,0.982252896228715
"HPC","AD_Stan_WCP","NicoStan_BridgeStan",500,10,32,16,2,800,"5fff1836d43ae39c037ca22d13a50ed5","NicoStan_BridgeStan_state_allocation_thread_setup_sampling_model_load_divergence_check","iteration_difference","main_scaling","two_run_difference",50,4,2.4883604505632,2.49261576971214,0.101142515972607,0.0172499999999971,2.50249999999999,0.0141395494367931,0.003110450563204,0.0169999999999959,2.507,0.0138948685857281,0.00311576971214017,0,FALSE,FALSE,6.42993662609396,5143.94930087517,0,"2141;2145;2149;2153",536,FALSE,0.89296851423398
"HPC","AD_Stan_WCP","NicoStan_BridgeStan",500,10,64,16,4,800,"5fff1836d43ae39c037ca22d13a50ed5","NicoStan_BridgeStan_state_allocation_thread_setup_sampling_model_load_divergence_check","iteration_difference","main_scaling","two_run_difference",50,4,1.56595744680851,1.56996245306633,0.0276026007551226,0.0167499999999983,1.58075,0.0147925531914876,0.00195744680851064,0.0165000000000006,1.5845,0.0145375469336677,0.00196245306633291,0,FALSE,FALSE,10.2173913043478,8173.91304347824,0,"2142;2146;2150;2154",537,TRUE,1
"HPC","AD_Stan_WCP","NicoStan_BridgeStan",500,10,96,16,6,800,"5fff1836d43ae39c037ca22d13a50ed5","NicoStan_BridgeStan_state_allocation_thread_setup_sampling_model_load_divergence_check","iteration_difference","main_scaling","two_run_difference",50,4,1.4613266583229,1.45682102628285,0.0156293626686274,0.0202500000000008,1.47975,0.0184233416770971,0.00182665832290363,0.0204999999999984,1.475,0.0186614518147669,0.00182102628285356,0,FALSE,FALSE,10.948955121617,8759.1640972936,0,"2143;2147;2151;2155",538,FALSE,0.99760191846528
"HPC","AD_Stan_WCP","NicoStan_BridgeStan",500,10,128,16,8,800,"5fff1836d43ae39c037ca22d13a50ed5","NicoStan_BridgeStan_state_allocation_thread_setup_sampling_model_load_divergence_check","iteration_difference","main_scaling","two_run_difference",50,4,1.52115143929912,1.52190237797246,0.0468658110502587,0.0182500000000019,1.5375,0.016348560700878,0.0019014392991239,0.0180000000000007,1.5385,0.0161458072590745,0.00190237797246558,0,FALSE,FALSE,10.5183478690143,8414.67829521148,0,"2144;2148;2152;2156",539,FALSE,0.983050847457506
"HPC","AD_Stan_WCP","NicoStan_BridgeStan",500,10,96,24,4,800,"5fff1836d43ae39c037ca22d13a50ed5","NicoStan_BridgeStan_state_allocation_thread_setup_sampling_model_load_divergence_check","iteration_difference","main_scaling","two_run_difference",50,4,1.99047619047619,1.98897243107767,0.0236316620995542,0.0217500000000008,2.0097380952381,0.0192619047619056,0.00248809523809524,0.0215000000000032,2.00748621553884,0.0190350877192943,0.00248621553884709,0,FALSE,FALSE,12.0574162679426,9645.93301435406,0,"2157;2158;2159;2160",540,TRUE,1
"HPC","AD_Stan_WCP","NicoStan_BridgeStan",500,10,64,32,2,800,"5fff1836d43ae39c037ca22d13a50ed5","NicoStan_BridgeStan_state_allocation_thread_setup_sampling_model_load_divergence_check","iteration_difference","main_scaling","two_run_difference",50,4,3.03809523809523,3.05764411027567,0.0753482001969549,0.0210000000000008,3.05529761904761,0.0172023809523818,0.00379761904761903,0.0210000000000008,3.07482205513783,0.0171779448621562,0.00382205513784459,0,FALSE,FALSE,10.5329153605016,8426.33228840128,0,"2161;2163;2165;2167",541,FALSE,0.950008249463788
"HPC","AD_Stan_WCP","NicoStan_BridgeStan",500,10,128,32,4,800,"5fff1836d43ae39c037ca22d13a50ed5","NicoStan_BridgeStan_state_allocation_thread_setup_sampling_model_load_divergence_check","iteration_difference","main_scaling","two_run_difference",50,4,2.55889724310778,2.55639097744359,0.0250626566416116,0.0229999999999961,2.57869862155389,0.0198013784461114,0.00319862155388472,0.0234999999999985,2.57669548872179,0.020304511278194,0.00319548872180449,0,FALSE,FALSE,12.5053868756121,10004.3095004897,0,"2162;2164;2166;2168",542,TRUE,1
"HPC","AD_Stan_WCP","NicoStan_BridgeStan",500,10,180,45,4,800,"5fff1836d43ae39c037ca22d13a50ed5","NicoStan_BridgeStan_state_allocation_thread_setup_sampling_model_load_divergence_check","iteration_difference","main_scaling","two_run_difference",50,4,3.27669172932331,3.24812030075189,0.0842005802297302,0.0262499999999974,3.29884586466165,0.0221541353383433,0.00409586466165414,0.0264999999999986,3.27006015037595,0.0223634085213019,0.00406015037593986,0,FALSE,FALSE,13.7333639284075,10986.691142726,0,"2169;2170;2171;2172",543,TRUE,1
"HPC","AD_Stan_WCP","NicoStan_BridgeStan",500,10,96,48,2,800,"5fff1836d43ae39c037ca22d13a50ed5","NicoStan_BridgeStan_state_allocation_thread_setup_sampling_model_load_divergence_check","iteration_difference","main_scaling","two_run_difference",50,4,3.81553884711779,3.79248120300751,0.064348096384467,0.0249999999999915,3.83576942355889,0.0202305764410942,0.00476942355889724,0.0254999999999797,3.81174060150373,0.0206917293233021,0.00474060150375938,0,FALSE,FALSE,12.5801366263794,10064.1093011035,0,"2173;2174;2175;2176",544,FALSE,0.961770888071463
"HPC","AD_Stan_WCP","NicoStan_BridgeStan",500,10,128,64,2,800,"5fff1836d43ae39c037ca22d13a50ed5","NicoStan_BridgeStan_state_allocation_thread_setup_sampling_model_load_divergence_check","iteration_difference","main_scaling","two_run_difference",50,4,4.82255639097743,4.7518796992481,0.192539499665338,0.0267499999999998,4.84327819548871,0.020721804511278,0.00602819548872179,0.0279999999999916,4.77143984962405,0.0218796992481261,0.00593984962406013,0,FALSE,FALSE,13.2709697536639,10616.7758029311,0,"2177;2178;2179;2180",545,FALSE,0.939507327720613
"HPC","AD_Stan_WCP","NicoStan_BridgeStan",500,10,180,90,2,800,"5fff1836d43ae39c037ca22d13a50ed5","NicoStan_BridgeStan_state_allocation_thread_setup_sampling_model_load_divergence_check","iteration_difference","main_scaling","two_run_difference",50,4,6.13383458646618,6.13333333333336,0.0911839933181098,0.0339999999999989,6.16016729323309,0.0263327067669162,0.00766729323308272,0.0335000000000036,6.15866666666669,0.0258245614035124,0.0076666666666667,0,FALSE,FALSE,14.6727139004658,11738.1711203726,0,"2181;2182;2183;2184",546,TRUE,1
"HPC","AD_Stan_WCP","NicoStan_BridgeStan",2500,4,8,4,2,200,"229e14792b0f4550a6f1e0887b422826","NicoStan_BridgeStan_state_allocation_thread_setup_sampling_model_load_divergence_check","iteration_difference","main_scaling","two_run_difference",625,4,1.94824120603015,1.94371859296483,0.0224205465752182,0.0470000000000006,1.9855,0.0372587939698499,0.00974120603015074,0.0489999999999924,1.978,0.0392185929648165,0.00971859296482414,0,FALSE,FALSE,2.05313386639154,410.626773278308,0,"2185;2187;2189;2191",547,TRUE,1
"HPC","AD_Stan_WCP","NicoStan_BridgeStan",2500,4,16,4,4,200,"229e14792b0f4550a6f1e0887b422826","NicoStan_BridgeStan_state_allocation_thread_setup_sampling_model_load_divergence_check","iteration_difference","main_scaling","two_run_difference",625,4,1.42010050251257,1.40301507537689,0.0515477638403202,0.0564999999999998,1.46950000000001,0.0493994974874369,0.00710050251256285,0.0575000000000045,1.45350000000001,0.0504849246231201,0.00701507537688443,0,FALSE,FALSE,2.81670205237083,563.340410474165,0,"2186;2188;2190;2192",548,FALSE,0.771939136588814
"HPC","AD_Stan_WCP","NicoStan_BridgeStan",2500,4,16,8,2,200,"229e14792b0f4550a6f1e0887b422826","NicoStan_BridgeStan_state_allocation_thread_setup_sampling_model_load_divergence_check","iteration_difference","main_scaling","two_run_difference",625,4,2.17336683417086,2.17738693467336,0.103520840397099,0.0554999999999986,2.218,0.0446331658291443,0.0108668341708543,0.0574999999999974,2.21849999999999,0.0466105527638165,0.0108869346733668,0,FALSE,FALSE,3.68092485549133,736.184971098265,0,"2193;2195;2197;2199",549,TRUE,1
"HPC","AD_Stan_WCP","NicoStan_BridgeStan",2500,4,32,8,4,200,"229e14792b0f4550a6f1e0887b422826","NicoStan_BridgeStan_state_allocation_thread_setup_sampling_model_load_divergence_check","iteration_difference","main_scaling","two_run_difference",625,4,1.75175879396985,1.76683417085426,0.0534020583611622,0.0679999999999978,1.811,0.0592412060301486,0.00875879396984926,0.0674999999999955,1.82299999999999,0.0589145728643171,0.0088341708542713,0,FALSE,FALSE,4.56683878370625,913.36775674125,0,"2194;2196;2198;2200",550,FALSE,0.732644865174981
"HPC","AD_Stan_WCP","NicoStan_BridgeStan",2500,4,32,16,2,200,"229e14792b0f4550a6f1e0887b422826","NicoStan_BridgeStan_state_allocation_thread_setup_sampling_model_load_divergence_check","iteration_difference","main_scaling","two_run_difference",625,4,2.68065326633166,2.67788944723618,0.0744956866747857,0.06325,2.7305,0.0498467336683417,0.0134032663316583,0.0634999999999977,2.7315,0.0504120603015052,0.0133894472361809,0,FALSE,FALSE,5.96869434811135,1193.73886962227,0,"2201;2203;2205;2207",551,FALSE,0.908332552254192
"HPC","AD_Stan_WCP","NicoStan_BridgeStan",2500,4,64,16,4,200,"229e14792b0f4550a6f1e0887b422826","NicoStan_BridgeStan_state_allocation_thread_setup_sampling_model_load_divergence_check","iteration_difference","main_scaling","two_run_difference",625,4,2.42261306532663,2.39899497487437,0.229627897892698,0.0807500000000054,2.49125,0.0686369346733723,0.0121130653266331,0.0775000000000006,2.475,0.0663417085427142,0.0119949748743719,0,FALSE,FALSE,6.60443891308858,1320.88778261772,0,"2202;2204;2206;2208",552,FALSE,0.630678282514004
"HPC","AD_Stan_WCP","NicoStan_BridgeStan",2500,4,96,24,4,200,"229e14792b0f4550a6f1e0887b422826","NicoStan_BridgeStan_state_allocation_thread_setup_sampling_model_load_divergence_check","iteration_difference","main_scaling","two_run_difference",625,4,4.08181818181821,4.12727272727274,0.122212482568165,0.0912499999999952,4.15265909090911,0.0708409090909041,0.020409090909091,0.0899999999999892,4.19913636363638,0.0698181818181708,0.0206363636363637,0,FALSE,FALSE,5.8797327394209,1175.94654788418,0,"2209;2210;2211;2212",553,FALSE,0.512373174956693
"HPC","AD_Stan_WCP","NicoStan_BridgeStan",2500,4,64,32,2,200,"229e14792b0f4550a6f1e0887b422826","NicoStan_BridgeStan_state_allocation_thread_setup_sampling_model_load_divergence_check","iteration_difference","main_scaling","two_run_difference",625,4,4.69747474747477,4.66969696969699,0.109319812224337,0.0844999999999914,4.75848737373739,0.0610126262626175,0.0234873737373738,0.082499999999996,4.7283484848485,0.0588484848484808,0.0233484848484849,0,FALSE,FALSE,6.81217073432961,1362.43414686592,0,"2213;2215;2217;2219",554,FALSE,0.678744221051501
"HPC","AD_Stan_WCP","NicoStan_BridgeStan",2500,4,128,32,4,200,"229e14792b0f4550a6f1e0887b422826","NicoStan_BridgeStan_state_allocation_thread_setup_sampling_model_load_divergence_check","iteration_difference","main_scaling","two_run_difference",625,4,5.53939393939391,5.57575757575753,0.107000803049362,0.096500000000006,5.60819696969694,0.0688030303030365,0.0276969696969695,0.0985000000000014,5.64237878787875,0.07098484848485,0.0278787878787876,0,FALSE,FALSE,5.77680525164117,1155.36105032823,0,"2214;2216;2218;2220",555,FALSE,0.506199854121084
"HPC","AD_Stan_WCP","NicoStan_BridgeStan",2500,4,180,45,4,200,"229e14792b0f4550a6f1e0887b422826","NicoStan_BridgeStan_state_allocation_thread_setup_sampling_model_load_divergence_check","iteration_difference","main_scaling","two_run_difference",625,4,8.11616161616161,8.12828282828285,0.119248973390392,0.127499999999991,8.2030808080808,0.0869191919191826,0.0405808080808081,0.125999999999991,8.21114141414142,0.0851818181818088,0.0406414141414143,0,FALSE,FALSE,5.54449284380834,1108.89856876167,0,"2221;2222;2223;2224",556,FALSE,0.44331051649036
"HPC","AD_Stan_WCP","NicoStan_BridgeStan",2500,4,96,48,2,200,"229e14792b0f4550a6f1e0887b422826","NicoStan_BridgeStan_state_allocation_thread_setup_sampling_model_load_divergence_check","iteration_difference","main_scaling","two_run_difference",625,4,7.14696969696969,7.13333333333332,0.113256003915388,0.101500000000001,7.21273484848484,0.065765151515153,0.0357348484848484,0.101500000000001,7.19916666666665,0.0656969696969712,0.0356666666666666,0,FALSE,FALSE,6.71613313546747,1343.22662709349,0,"2225;2226;2227;2228",557,FALSE,0.579676347961266
"HPC","AD_Stan_WCP","NicoStan_BridgeStan",2500,4,128,64,2,200,"229e14792b0f4550a6f1e0887b422826","NicoStan_BridgeStan_state_allocation_thread_setup_sampling_model_load_divergence_check","iteration_difference","main_scaling","two_run_difference",625,4,9.95252525252526,9.94444444444447,0.108822465576003,0.117000000000004,10.0197626262626,0.0672373737373781,0.0497626262626263,0.117500000000007,10.0112222222223,0.0674343434343502,0.0497222222222224,0,FALSE,FALSE,6.43052877296254,1286.10575459251,0,"2229;2230;2231;2232",558,FALSE,0.52643864812748
"HPC","AD_Stan_WCP","NicoStan_BridgeStan",2500,4,180,90,2,200,"229e14792b0f4550a6f1e0887b422826","NicoStan_BridgeStan_state_allocation_thread_setup_sampling_model_load_divergence_check","iteration_difference","main_scaling","two_run_difference",625,4,15.738888888889,15.6565656565657,0.185582982600654,0.16249999999998,15.8226944444445,0.0838055555555353,0.0786944444444448,0.163999999999987,15.7422828282829,0.0852929292929042,0.0782828282828286,0,FALSE,FALSE,5.71831980232966,1143.66396046593,0,"2233;2234;2235;2236",559,FALSE,0.435035137823698
"HPC","AD_Stan_WCP","NicoStan_BridgeStan",2500,10,8,4,2,200,"229e14792b0f4550a6f1e0887b422826","NicoStan_BridgeStan_state_allocation_thread_setup_sampling_model_load_divergence_check","iteration_difference","main_scaling","two_run_difference",250,4,1.96231155778894,1.96683417085426,0.024910300093837,0.0415000000000063,1.994,0.0316884422110616,0.00981155778894469,0.0400000000000063,1.997,0.0301658291457349,0.00983417085427132,0,FALSE,FALSE,2.03841229193343,407.682458386685,0,"2237;2240;2243;2246",560,FALSE,0.992829705505764
"HPC","AD_Stan_WCP","NicoStan_BridgeStan",2500,10,16,4,4,200,"229e14792b0f4550a6f1e0887b422826","NicoStan_BridgeStan_state_allocation_thread_setup_sampling_model_load_divergence_check","iteration_difference","main_scaling","two_run_difference",250,4,1.09623115577889,1.0934673366834,0.0131392061433983,0.043250000000004,1.134,0.0377688442211095,0.00548115577889447,0.0474999999999994,1.137,0.0420552763819089,0.00546733668341702,0,FALSE,FALSE,3.64886545954618,729.773091909237,0,"2238;2241;2244;2247",561,TRUE,1
"HPC","AD_Stan_WCP","NicoStan_BridgeStan",2500,10,32,4,8,200,"229e14792b0f4550a6f1e0887b422826","NicoStan_BridgeStan_state_allocation_thread_setup_sampling_model_load_divergence_check","iteration_difference","main_scaling","two_run_difference",250,4,0.787688442211057,0.786432160804019,0.00958293784950924,0.0382499999999979,0.821999999999999,0.0343115577889426,0.00393844221105528,0.0380000000000038,0.822500000000005,0.0340804020100541,0.00393216080402009,0,FALSE,FALSE,5.07814992025517,1015.62998405103,0,"2239;2242;2245;2248",562,TRUE,1
"HPC","AD_Stan_WCP","NicoStan_BridgeStan",2500,10,16,8,2,200,"229e14792b0f4550a6f1e0887b422826","NicoStan_BridgeStan_state_allocation_thread_setup_sampling_model_load_divergence_check","iteration_difference","main_scaling","two_run_difference",250,4,2.18668341708543,2.18241206030152,0.056605759555443,0.0487500000000054,2.22450000000001,0.0378165829145783,0.0109334170854271,0.0489999999999924,2.22000000000001,0.0380376884422034,0.0109120603015076,0,FALSE,FALSE,3.65850856026657,731.701712053315,0,"2249;2252;2255;2258",563,FALSE,0.993910145926692
"HPC","AD_Stan_WCP","NicoStan_BridgeStan",2500,10,32,8,4,200,"229e14792b0f4550a6f1e0887b422826","NicoStan_BridgeStan_state_allocation_thread_setup_sampling_model_load_divergence_check","iteration_difference","main_scaling","two_run_difference",250,4,1.28341708542713,1.28844221105527,0.0121714587099239,0.0495000000000019,1.3265,0.0430829145728662,0.00641708542713565,0.0480000000000018,1.32799999999999,0.0415577889447254,0.00644221105527636,0,FALSE,FALSE,6.23335943617857,1246.67188723571,0,"2250;2253;2256;2259",564,TRUE,1
"HPC","AD_Stan_WCP","NicoStan_BridgeStan",2500,10,64,8,8,200,"229e14792b0f4550a6f1e0887b422826","NicoStan_BridgeStan_state_allocation_thread_setup_sampling_model_load_divergence_check","iteration_difference","main_scaling","two_run_difference",250,4,0.89045226130655,0.881407035175903,0.0223076339223907,0.0547499999999914,0.940750000000008,0.0502977386934587,0.00445226130653275,0.0524999999999949,0.934000000000012,0.0481055276381858,0.00440703517587952,0,FALSE,FALSE,8.98419864559802,1796.8397291196,0,"2251;2254;2257;2260",565,FALSE,0.941591422121875
"HPC","AD_Stan_WCP","NicoStan_BridgeStan",2500,10,32,16,2,200,"229e14792b0f4550a6f1e0887b422826","NicoStan_BridgeStan_state_allocation_thread_setup_sampling_model_load_divergence_check","iteration_difference","main_scaling","two_run_difference",250,4,2.43492462311557,2.44120603015074,0.105533620313809,0.058250000000001,2.48099999999999,0.0460753768844232,0.0121746231155779,0.0579999999999927,2.48699999999998,0.045793969849239,0.0122060301507537,0,FALSE,FALSE,6.57104529976268,1314.20905995254,0,"2261;2265;2269;2273",566,TRUE,1
"HPC","AD_Stan_WCP","NicoStan_BridgeStan",2500,10,64,16,4,200,"229e14792b0f4550a6f1e0887b422826","NicoStan_BridgeStan_state_allocation_thread_setup_sampling_model_load_divergence_check","iteration_difference","main_scaling","two_run_difference",250,4,1.52788944723619,1.5246231155779,0.0177024270892368,0.0589999999999975,1.57925,0.0513605527638166,0.00763944723618093,0.0589999999999975,1.57650000000001,0.0512914572864297,0.0076231155778895,0,FALSE,FALSE,10.4719618483802,2094.39236967603,0,"2262;2266;2270;2274",567,TRUE,1
"HPC","AD_Stan_WCP","NicoStan_BridgeStan",2500,10,96,16,6,200,"229e14792b0f4550a6f1e0887b422826","NicoStan_BridgeStan_state_allocation_thread_setup_sampling_model_load_divergence_check","iteration_difference","main_scaling","two_run_difference",250,4,1.49849246231156,1.48542713567839,0.041511309403145,0.0655000000000001,1.5565,0.0580075376884423,0.00749246231155779,0.0660000000000025,1.5445,0.0583592964824146,0.00742713567839193,0,FALSE,FALSE,10.6773977196512,2135.47954393025,0,"2263;2267;2271;2275",568,FALSE,0.953722334004022
"HPC","AD_Stan_WCP","NicoStan_BridgeStan",2500,10,128,16,8,200,"229e14792b0f4550a6f1e0887b422826","NicoStan_BridgeStan_state_allocation_thread_setup_sampling_model_load_divergence_check","iteration_difference","main_scaling","two_run_difference",250,4,1.53668341708543,1.51708542713568,0.0711465040468423,0.068249999999999,1.59725,0.0605665829145719,0.00768341708542715,0.0679999999999978,1.5775,0.0604145728643194,0.00758542713567841,0,FALSE,FALSE,10.4120340091563,2082.40680183126,0,"2264;2268;2272;2276",569,FALSE,0.921680837148456
"HPC","AD_Stan_WCP","NicoStan_BridgeStan",2500,10,96,24,4,200,"229e14792b0f4550a6f1e0887b422826","NicoStan_BridgeStan_state_allocation_thread_setup_sampling_model_load_divergence_check","iteration_difference","main_scaling","two_run_difference",250,4,2.12323232323236,2.11717171717178,0.0660413485249767,0.0719999999999885,2.18461616161618,0.0613838383838267,0.0106161616161618,0.0745000000000005,2.18158585858591,0.0639797979797986,0.0105858585858589,0,FALSE,FALSE,11.3035204567077,2260.70409134154,0,"2277;2278;2279;2280",570,FALSE,0.985014272121779
"HPC","AD_Stan_WCP","NicoStan_BridgeStan",2500,10,64,32,2,200,"229e14792b0f4550a6f1e0887b422826","NicoStan_BridgeStan_state_allocation_thread_setup_sampling_model_load_divergence_check","iteration_difference","main_scaling","two_run_difference",250,4,3.18838383838386,3.16666666666666,0.105068309809425,0.0734999999999957,3.24594191919194,0.0575580808080764,0.0159419191919193,0.0749999999999886,3.22233333333334,0.0592424242424126,0.0158333333333333,0,FALSE,FALSE,10.0364327578013,2007.28655156026,0,"2281;2283;2285;2287",571,TRUE,1
"HPC","AD_Stan_WCP","NicoStan_BridgeStan",2500,10,128,32,4,200,"229e14792b0f4550a6f1e0887b422826","NicoStan_BridgeStan_state_allocation_thread_setup_sampling_model_load_divergence_check","iteration_difference","main_scaling","two_run_difference",250,4,2.91010101010104,2.91010101010104,0.040622306079096,0.0717499999999944,2.96730050505053,0.0571994949494892,0.0145505050505052,0.0739999999999839,2.96955050505052,0.0594494949494787,0.0145505050505052,0,FALSE,FALSE,10.9961818812911,2199.23637625822,0,"2282;2284;2286;2288",572,FALSE,0.963554321416169
"HPC","AD_Stan_WCP","NicoStan_BridgeStan",2500,10,180,45,4,200,"229e14792b0f4550a6f1e0887b422826","NicoStan_BridgeStan_state_allocation_thread_setup_sampling_model_load_divergence_check","iteration_difference","main_scaling","two_run_difference",250,4,4.32373737373736,4.3232323232323,0.0972411324474738,0.0872499999999974,4.38936868686867,0.0656313131313106,0.0216186868686868,0.0874999999999773,4.38811616161614,0.0656565656565714,0.0216161616161615,0,FALSE,FALSE,10.4076626562318,2081.53253124635,0,"2289;2290;2291;2292",573,FALSE,0.832145777362469
"HPC","AD_Stan_WCP","NicoStan_BridgeStan",2500,10,96,48,2,200,"229e14792b0f4550a6f1e0887b422826","NicoStan_BridgeStan_state_allocation_thread_setup_sampling_model_load_divergence_check","iteration_difference","main_scaling","two_run_difference",250,4,4.21515151515155,4.18383838383844,0.0867433125484531,0.0859999999999843,4.28007575757577,0.0649242424242266,0.0210757575757577,0.0874999999999773,4.25041919191922,0.0665808080807851,0.0209191919191922,0,FALSE,FALSE,11.3874910136592,2277.49820273183,0,"2293;2294;2295;2296",574,FALSE,0.982866043613683
"HPC","AD_Stan_WCP","NicoStan_BridgeStan",2500,10,128,64,2,200,"229e14792b0f4550a6f1e0887b422826","NicoStan_BridgeStan_state_allocation_thread_setup_sampling_model_load_divergence_check","iteration_difference","main_scaling","two_run_difference",250,4,5.41363636363633,5.41616161616152,0.107018283335446,0.0942500000000166,5.48081818181817,0.0671818181818349,0.0270681818181817,0.0940000000000225,5.48708080808076,0.0673686868687095,0.0270808080808076,0,FALSE,FALSE,11.8219983207389,2364.39966414779,0,"2297;2298;2299;2300",575,FALSE,0.96781416176884
"HPC","AD_Stan_WCP","NicoStan_BridgeStan",2500,10,180,90,2,200,"229e14792b0f4550a6f1e0887b422826","NicoStan_BridgeStan_state_allocation_thread_setup_sampling_model_load_divergence_check","iteration_difference","main_scaling","two_run_difference",250,4,8.26313131313131,8.21414141414142,0.133122729295147,0.113500000000002,8.33531565656565,0.0721843434343454,0.0413156565656565,0.114000000000004,8.2875707070707,0.0729696969697012,0.0410707070707071,0,FALSE,FALSE,10.891754782715,2178.350956543,0,"2301;2302;2303;2304",576,FALSE,0.828616832711935
"HPC","AD_Stan_WCP","NicoStan_BridgeStan",2500,25,8,4,2,200,"229e14792b0f4550a6f1e0887b422826","NicoStan_BridgeStan_state_allocation_thread_setup_sampling_model_load_divergence_check","iteration_difference","main_scaling","two_run_difference",100,4,2.04045226130653,2.04271356783921,0.015161673717752,0.0430000000000064,2.07325000000001,0.0327977386934737,0.0102022613065327,0.0390000000000157,2.075,0.0287386934673524,0.010213567839196,0,FALSE,FALSE,1.96034971062677,392.069942125354,0,"2305;2308;2311;2314",577,FALSE,0.954808521118087
"HPC","AD_Stan_WCP","NicoStan_BridgeStan",2500,25,16,4,4,200,"229e14792b0f4550a6f1e0887b422826","NicoStan_BridgeStan_state_allocation_thread_setup_sampling_model_load_divergence_check","iteration_difference","main_scaling","two_run_difference",100,4,1.15829145728643,1.14070351758793,0.0437811216522828,0.0450000000000017,1.1975,0.0392085427135696,0.00579145728643214,0.0465000000000089,1.18249999999999,0.0408391959799084,0.00570351758793965,0,FALSE,FALSE,3.4533622559653,690.672451193061,0,"2306;2309;2312;2315",578,FALSE,0.946420824295014
"HPC","AD_Stan_WCP","NicoStan_BridgeStan",2500,25,32,4,8,200,"229e14792b0f4550a6f1e0887b422826","NicoStan_BridgeStan_state_allocation_thread_setup_sampling_model_load_divergence_check","iteration_difference","main_scaling","two_run_difference",100,4,0.799497487437183,0.787437185929652,0.0444072524929425,0.0365000000000038,0.832000000000001,0.0325025125628178,0.00399748743718591,0.035499999999999,0.821000000000012,0.0314422110552754,0.00393718592964826,0,FALSE,FALSE,5.0031426775613,1000.62853551226,0,"2307;2310;2313;2316",579,FALSE,0.985229415461979
"HPC","AD_Stan_WCP","NicoStan_BridgeStan",2500,25,16,8,2,200,"229e14792b0f4550a6f1e0887b422826","NicoStan_BridgeStan_state_allocation_thread_setup_sampling_model_load_divergence_check","iteration_difference","main_scaling","two_run_difference",100,4,2.28793969849248,2.28944723618091,0.0482237545206863,0.0462499999999935,2.32275000000001,0.0348103015075311,0.0114396984924624,0.0464999999999947,2.322,0.0350527638190901,0.0114472361809046,0,FALSE,FALSE,3.49659565121896,699.319130243791,0,"2317;2320;2323;2326",580,FALSE,0.949923127608166
"HPC","AD_Stan_WCP","NicoStan_BridgeStan",2500,25,32,8,4,200,"229e14792b0f4550a6f1e0887b422826","NicoStan_BridgeStan_state_allocation_thread_setup_sampling_model_load_divergence_check","iteration_difference","main_scaling","two_run_difference",100,4,1.3429648241206,1.34572864321606,0.00771429074685396,0.0460000000000065,1.38225,0.0392851758794035,0.00671482412060298,0.0474999999999994,1.383,0.0407989949748738,0.00672864321608032,0,FALSE,FALSE,5.9569691300281,1191.39382600562,0,"2318;2321;2324;2327",581,FALSE,0.955659494855006
"HPC","AD_Stan_WCP","NicoStan_BridgeStan",2500,25,64,8,8,200,"229e14792b0f4550a6f1e0887b422826","NicoStan_BridgeStan_state_allocation_thread_setup_sampling_model_load_divergence_check","iteration_difference","main_scaling","two_run_difference",100,4,0.838442211055274,0.824623115577885,0.0403963011708699,0.046999999999997,0.881249999999994,0.0428077889447207,0.00419221105527637,0.0444999999999993,0.864499999999992,0.0402060301507531,0.00412311557788943,0,FALSE,FALSE,9.54150434522029,1908.30086904406,0,"2319;2322;2325;2328",582,TRUE,1
"HPC","AD_Stan_WCP","NicoStan_BridgeStan",2500,25,32,16,2,200,"229e14792b0f4550a6f1e0887b422826","NicoStan_BridgeStan_state_allocation_thread_setup_sampling_model_load_divergence_check","iteration_difference","main_scaling","two_run_difference",100,4,2.54648241206031,2.53768844221106,0.100634335658346,0.0529999999999902,2.58675,0.0402675879396886,0.0127324120603016,0.0529999999999831,2.578,0.0402236180904352,0.0126884422110553,0,FALSE,FALSE,6.28317710902809,1256.63542180562,0,"2329;2333;2337;2341",583,FALSE,0.956191415885538
"HPC","AD_Stan_WCP","NicoStan_BridgeStan",2500,25,64,16,4,200,"229e14792b0f4550a6f1e0887b422826","NicoStan_BridgeStan_state_allocation_thread_setup_sampling_model_load_divergence_check","iteration_difference","main_scaling","two_run_difference",100,4,1.58216080402011,1.58291457286434,0.013666740471777,0.0534999999999926,1.62775000000001,0.045589195979892,0.00791080402010057,0.0529999999999973,1.6345,0.0450527638190927,0.00791457286432169,0,FALSE,FALSE,10.1127521041765,2022.5504208353,0,"2330;2334;2338;2342",584,FALSE,0.965697951405426
"HPC","AD_Stan_WCP","NicoStan_BridgeStan",2500,25,96,16,6,200,"229e14792b0f4550a6f1e0887b422826","NicoStan_BridgeStan_state_allocation_thread_setup_sampling_model_load_divergence_check","iteration_difference","main_scaling","two_run_difference",100,4,1.42914572864321,1.4321608040201,0.0266915702338871,0.0692500000000038,1.49125,0.0621042713567877,0.00714572864321607,0.0674999999999955,1.491,0.0604648241205984,0.00716080402010049,0,FALSE,FALSE,11.1954992967651,2239.09985935303,0,"2331;2335;2339;2343",585,TRUE,1
"HPC","AD_Stan_WCP","NicoStan_BridgeStan",2500,25,128,16,8,200,"229e14792b0f4550a6f1e0887b422826","NicoStan_BridgeStan_state_allocation_thread_setup_sampling_model_load_divergence_check","iteration_difference","main_scaling","two_run_difference",100,4,1.41633165829145,1.41758793969849,0.00552763819095169,0.065250000000006,1.4745,0.0581683417085488,0.00708165829145725,0.0655000000000001,1.476,0.0584271356784064,0.00708793969849246,0,FALSE,FALSE,11.2967890722016,2259.35781444032,0,"2332;2336;2340;2344",586,TRUE,1
"HPC","AD_Stan_WCP","NicoStan_BridgeStan",2500,25,96,24,4,200,"229e14792b0f4550a6f1e0887b422826","NicoStan_BridgeStan_state_allocation_thread_setup_sampling_model_load_divergence_check","iteration_difference","main_scaling","two_run_difference",100,4,2.09141414141415,2.09090909090908,0.0225186836461139,0.0730000000000075,2.15395707070709,0.0625429292929367,0.0104570707070708,0.0725000000000193,2.15445454545455,0.0621212121212317,0.0104545454545454,0,FALSE,FALSE,11.4754890123158,2295.09780246316,0,"2345;2346;2347;2348",587,TRUE,1
"HPC","AD_Stan_WCP","NicoStan_BridgeStan",2500,25,64,32,2,200,"229e14792b0f4550a6f1e0887b422826","NicoStan_BridgeStan_state_allocation_thread_setup_sampling_model_load_divergence_check","iteration_difference","main_scaling","two_run_difference",100,4,3.31464646464652,3.2949494949495,0.0479310402623023,0.0644999999999953,3.36257323232328,0.0479267676767628,0.0165732323232326,0.0635000000000048,3.34547474747476,0.0470454545454594,0.0164747474747475,0,FALSE,FALSE,9.65412159073579,1930.82431814716,0,"2349;2351;2353;2355",588,FALSE,0.961907664177959
"HPC","AD_Stan_WCP","NicoStan_BridgeStan",2500,25,128,32,4,200,"229e14792b0f4550a6f1e0887b422826","NicoStan_BridgeStan_state_allocation_thread_setup_sampling_model_load_divergence_check","iteration_difference","main_scaling","two_run_difference",100,4,2.80404040404041,2.78888888888891,0.0524993461105249,0.0744999999999862,2.8645202020202,0.0604797979797842,0.0140202020202021,0.0745000000000005,2.85044444444445,0.0603585858585865,0.0139444444444446,0,FALSE,FALSE,11.4121037463977,2282.42074927953,0,"2350;2352;2354;2356",589,TRUE,1
"HPC","AD_Stan_WCP","NicoStan_BridgeStan",2500,25,180,45,4,200,"229e14792b0f4550a6f1e0887b422826","NicoStan_BridgeStan_state_allocation_thread_setup_sampling_model_load_divergence_check","iteration_difference","main_scaling","two_run_difference",100,4,3.59797979797984,3.56464646464646,0.0687066717343682,0.0844999999999771,3.66448989898992,0.066510101010078,0.0179898989898992,0.0844999999999914,3.63082323232323,0.0666818181818094,0.0178232323232323,0,FALSE,FALSE,12.5070185289162,2501.40370578324,0,"2357;2358;2359;2360",590,TRUE,1
"HPC","AD_Stan_WCP","NicoStan_BridgeStan",2500,25,96,48,2,200,"229e14792b0f4550a6f1e0887b422826","NicoStan_BridgeStan_state_allocation_thread_setup_sampling_model_load_divergence_check","iteration_difference","main_scaling","two_run_difference",100,4,4.14292929292922,4.13434343434339,0.0669492023426241,0.0852500000000163,4.20746464646459,0.0645353535353701,0.0207146464646461,0.0860000000000127,4.19967171717169,0.0653282828282958,0.020671717171717,0,FALSE,FALSE,11.5860051200782,2317.20102401564,0,"2361;2362;2363;2364",591,TRUE,1
"HPC","AD_Stan_WCP","NicoStan_BridgeStan",2500,25,128,64,2,200,"229e14792b0f4550a6f1e0887b422826","NicoStan_BridgeStan_state_allocation_thread_setup_sampling_model_load_divergence_check","iteration_difference","main_scaling","two_run_difference",100,4,5.23939393939401,5.17777777777793,0.148577583904583,0.0942499999999882,5.30744696969703,0.0680530303030181,0.02619696969697,0.0935000000000059,5.24688888888901,0.0671313131313021,0.0258888888888896,0,FALSE,FALSE,12.2151532677847,2443.03065355694,0,"2365;2366;2367;2368",592,TRUE,1
"HPC","AD_Stan_WCP","NicoStan_BridgeStan",2500,25,180,90,2,200,"229e14792b0f4550a6f1e0887b422826","NicoStan_BridgeStan_state_allocation_thread_setup_sampling_model_load_divergence_check","iteration_difference","main_scaling","two_run_difference",100,4,6.84696969696968,6.74444444444452,0.219768361789268,0.112250000000017,6.92498484848485,0.0780151515151689,0.0342348484848484,0.113499999999988,6.82422222222229,0.0797777777777651,0.0337222222222226,0,FALSE,FALSE,13.1445009957956,2628.90019915911,0,"2369;2370;2371;2372",593,TRUE,1
"HPC","AD_Stan_WCP","NicoStan_BridgeStan",2500,50,8,4,2,200,"229e14792b0f4550a6f1e0887b422826","NicoStan_BridgeStan_state_allocation_thread_setup_sampling_model_load_divergence_check","iteration_difference","main_scaling","two_run_difference",50,4,2.2105527638191,2.21155778894473,0.00951683263741373,0.0429999999999922,2.2425,0.0319472361808966,0.0110527638190955,0.0434999999999945,2.24149999999999,0.0324773869346679,0.0110577889447236,0,FALSE,FALSE,1.80950215958172,361.900431916343,0,"2373;2376;2379;2382",594,FALSE,0.881336667424411
"HPC","AD_Stan_WCP","NicoStan_BridgeStan",2500,50,16,4,4,200,"229e14792b0f4550a6f1e0887b422826","NicoStan_BridgeStan_state_allocation_thread_setup_sampling_model_load_divergence_check","iteration_difference","main_scaling","two_run_difference",50,4,1.2570351758794,1.23316582914573,0.0539937998380164,0.045499999999997,1.29625,0.0392148241206,0.006285175879397,0.0454999999999899,1.2745,0.03936432160803,0.00616582914572866,0,FALSE,FALSE,3.18209074555266,636.418149110532,0,"2374;2377;2380;2383",595,FALSE,0.872076753947629
"HPC","AD_Stan_WCP","NicoStan_BridgeStan",2500,50,32,4,8,200,"229e14792b0f4550a6f1e0887b422826","NicoStan_BridgeStan_state_allocation_thread_setup_sampling_model_load_divergence_check","iteration_difference","main_scaling","two_run_difference",50,4,0.792964824120605,0.771859296482413,0.0428915397608872,0.0407499999999956,0.829749999999997,0.0367851758793926,0.00396482412060302,0.0455000000000041,0.813999999999993,0.041640703517592,0.00385929648241206,0,FALSE,FALSE,5.04435994930291,1008.87198986058,0,"2375;2378;2381;2384",596,FALSE,0.993346007604562
"HPC","AD_Stan_WCP","NicoStan_BridgeStan",2500,50,16,8,2,200,"229e14792b0f4550a6f1e0887b422826","NicoStan_BridgeStan_state_allocation_thread_setup_sampling_model_load_divergence_check","iteration_difference","main_scaling","two_run_difference",50,4,2.45703517587938,2.45527638190953,0.0556217322021738,0.0460000000000065,2.49074999999999,0.0337148241206096,0.0122851758793969,0.0460000000000065,2.48899999999999,0.0337236180904588,0.0122763819095477,0,FALSE,FALSE,3.25595664178343,651.191328356687,0,"2385;2388;2391;2394",597,FALSE,0.884548522343804
"HPC","AD_Stan_WCP","NicoStan_BridgeStan",2500,50,32,8,4,200,"229e14792b0f4550a6f1e0887b422826","NicoStan_BridgeStan_state_allocation_thread_setup_sampling_model_load_divergence_check","iteration_difference","main_scaling","two_run_difference",50,4,1.43894472361808,1.44120603015074,0.00982580192701795,0.0487500000000125,1.4805,0.0415552763819221,0.00719472361809039,0.049500000000009,1.482,0.0422788944723708,0.00720603015075368,0,FALSE,FALSE,5.55962982364245,1111.92596472849,0,"2386;2389;2392;2395",598,FALSE,0.891915488039117
"HPC","AD_Stan_WCP","NicoStan_BridgeStan",2500,50,64,8,8,200,"229e14792b0f4550a6f1e0887b422826","NicoStan_BridgeStan_state_allocation_thread_setup_sampling_model_load_divergence_check","iteration_difference","main_scaling","two_run_difference",50,4,0.880904522613065,0.867839195979901,0.0342741565929403,0.0467499999999959,0.923249999999996,0.0423454773869305,0.00440452261306533,0.0444999999999993,0.906499999999994,0.0401884422110547,0.00433919597989951,0,FALSE,FALSE,9.08157444381061,1816.31488876212,0,"2387;2390;2393;2396",599,FALSE,0.951796919566454
"HPC","AD_Stan_WCP","NicoStan_BridgeStan",2500,50,32,16,2,200,"229e14792b0f4550a6f1e0887b422826","NicoStan_BridgeStan_state_allocation_thread_setup_sampling_model_load_divergence_check","iteration_difference","main_scaling","two_run_difference",50,4,2.69798994974873,2.69547738693468,0.103984894389306,0.0555000000000092,2.73999999999999,0.0420100502512656,0.0134899497487436,0.0564999999999998,2.73949999999999,0.0430226130653264,0.0134773869346734,0,FALSE,FALSE,5.93034084559511,1186.06816911902,0,"2397;2401;2405;2409",600,FALSE,0.902495809275473
"HPC","AD_Stan_WCP","NicoStan_BridgeStan",2500,50,64,16,4,200,"229e14792b0f4550a6f1e0887b422826","NicoStan_BridgeStan_state_allocation_thread_setup_sampling_model_load_divergence_check","iteration_difference","main_scaling","two_run_difference",50,4,1.68844221105528,1.68793969849247,0.0140464022065281,0.0552500000000009,1.73525,0.0468077889447245,0.00844221105527638,0.0519999999999925,1.73399999999999,0.0435050251256206,0.00843969849246233,0,FALSE,FALSE,9.47619047619048,1895.2380952381,0,"2398;2402;2406;2410",601,FALSE,0.904910714285717
"HPC","AD_Stan_WCP","NicoStan_BridgeStan",2500,50,96,16,6,200,"229e14792b0f4550a6f1e0887b422826","NicoStan_BridgeStan_state_allocation_thread_setup_sampling_model_load_divergence_check","iteration_difference","main_scaling","two_run_difference",50,4,1.5140703517588,1.50653266331659,0.0230133929589245,0.0620000000000047,1.56850000000001,0.0544296482412107,0.00757035175879402,0.0625,1.56000000000002,0.0548844221105527,0.00753266331658296,0,FALSE,FALSE,10.5675406571523,2113.50813143045,0,"2399;2403;2407;2411",602,FALSE,0.943909724527041
"HPC","AD_Stan_WCP","NicoStan_BridgeStan",2500,50,128,16,8,200,"229e14792b0f4550a6f1e0887b422826","NicoStan_BridgeStan_state_allocation_thread_setup_sampling_model_load_divergence_check","iteration_difference","main_scaling","two_run_difference",50,4,1.4502512562814,1.45125628140704,0.0140942606150708,0.0642500000000013,1.50724999999999,0.0569987437185943,0.00725125628140699,0.0644999999999953,1.50749999999999,0.0572110552763772,0.00725628140703519,0,FALSE,FALSE,11.0325710325711,2206.51420651422,0,"2400;2404;2408;2412",603,FALSE,0.976611226611228
"HPC","AD_Stan_WCP","NicoStan_BridgeStan",2500,50,96,24,4,200,"229e14792b0f4550a6f1e0887b422826","NicoStan_BridgeStan_state_allocation_thread_setup_sampling_model_load_divergence_check","iteration_difference","main_scaling","two_run_difference",50,4,2.16868686868686,2.17070707070707,0.00968854853199514,0.0717499999999944,2.22959343434342,0.0609065656565601,0.0108434343434343,0.0714999999999861,2.23036363636368,0.0606212121211983,0.0108535353535354,0,FALSE,FALSE,11.0666045645087,2213.32091290173,0,"2413;2414;2415;2416",604,FALSE,0.964368886818826
"HPC","AD_Stan_WCP","NicoStan_BridgeStan",2500,50,64,32,2,200,"229e14792b0f4550a6f1e0887b422826","NicoStan_BridgeStan_state_allocation_thread_setup_sampling_model_load_divergence_check","iteration_difference","main_scaling","two_run_difference",50,4,3.39696969696967,3.39292929292927,0.0596216345994903,0.0690000000000026,3.44898484848482,0.0520151515151543,0.0169848484848483,0.0700000000000216,3.44396464646461,0.0529949494949713,0.0169646464646464,0,FALSE,FALSE,9.4201605709189,1884.03211418378,0,"2417;2419;2421;2423",605,FALSE,0.938596491228085
"HPC","AD_Stan_WCP","NicoStan_BridgeStan",2500,50,128,32,4,200,"229e14792b0f4550a6f1e0887b422826","NicoStan_BridgeStan_state_allocation_thread_setup_sampling_model_load_divergence_check","iteration_difference","main_scaling","two_run_difference",50,4,2.89292929292933,2.8949494949496,0.0157351130579588,0.075499999999991,2.95396464646467,0.0610353535353444,0.0144646464646466,0.0749999999999886,2.95697474747483,0.0605505050504934,0.014474747474748,0,FALSE,FALSE,11.0614525139664,2212.29050279327,0,"2418;2420;2422;2424",606,FALSE,0.969273743016752
"HPC","AD_Stan_WCP","NicoStan_BridgeStan",2500,50,180,45,4,200,"229e14792b0f4550a6f1e0887b422826","NicoStan_BridgeStan_state_allocation_thread_setup_sampling_model_load_divergence_check","iteration_difference","main_scaling","two_run_difference",50,4,3.75656565656565,3.74141414141415,0.101111060656514,0.0837500000000091,3.82153282828283,0.0649671717171808,0.0187828282828283,0.083500000000015,3.80670707070708,0.0646414141414292,0.0187070707070707,0,FALSE,FALSE,11.9790266200592,2395.80532401183,0,"2425;2426;2427;2428",607,FALSE,0.957784350631902
"HPC","AD_Stan_WCP","NicoStan_BridgeStan",2500,50,96,48,2,200,"229e14792b0f4550a6f1e0887b422826","NicoStan_BridgeStan_state_allocation_thread_setup_sampling_model_load_divergence_check","iteration_difference","main_scaling","two_run_difference",50,4,4.21565656565658,4.21717171717173,0.00580258853182921,0.0847499999999997,4.2793282828283,0.0636717171717167,0.0210782828282829,0.0854999999999961,4.28008585858587,0.0644141414141375,0.0210858585858586,0,FALSE,FALSE,11.3861267521265,2277.22535042529,0,"2429;2430;2431;2432",608,FALSE,0.982748292799787
"HPC","AD_Stan_WCP","NicoStan_BridgeStan",2500,50,128,64,2,200,"229e14792b0f4550a6f1e0887b422826","NicoStan_BridgeStan_state_allocation_thread_setup_sampling_model_load_divergence_check","iteration_difference","main_scaling","two_run_difference",50,4,5.4479797979797,5.4383838383838,0.109915514206344,0.093250000000026,5.51398989898983,0.0660101010101275,0.0272398989898985,0.0950000000000273,5.50219191919189,0.0682121212121659,0.027191919191919,0,FALSE,FALSE,11.7474738110691,2349.49476221382,0,"2433;2434;2435;2436",609,FALSE,0.961713173264144
"HPC","AD_Stan_WCP","NicoStan_BridgeStan",2500,50,180,90,2,200,"229e14792b0f4550a6f1e0887b422826","NicoStan_BridgeStan_state_allocation_thread_setup_sampling_model_load_divergence_check","iteration_difference","main_scaling","two_run_difference",50,4,7.08282828282828,7.07979797979799,0.0982103573547119,0.112749999999977,7.16016414141412,0.0773358585858356,0.0354141414141414,0.112499999999955,7.157398989899,0.0770707070706617,0.03539898989899,0,FALSE,FALSE,12.7067883628066,2541.35767256132,0,"2437;2438;2439;2440",610,FALSE,0.966699942954931
"HPC","AD_Stan_WCP","NicoStan_BridgeStan",2500,100,8,4,2,200,"229e14792b0f4550a6f1e0887b422826","NicoStan_BridgeStan_state_allocation_thread_setup_sampling_model_load_divergence_check","iteration_difference","main_scaling","two_run_difference",25,4,2.59070351758794,2.55276381909547,0.103721887810755,0.0477500000000006,2.6255,0.0347964824120609,0.0129535175879397,0.0435000000000008,2.5755,0.0302688442211063,0.0127638190954774,0,FALSE,FALSE,1.54398215498012,308.796430996024,0,"2441;2444;2447;2450",611,FALSE,0.752012413926874
"HPC","AD_Stan_WCP","NicoStan_BridgeStan",2500,100,16,4,4,200,"229e14792b0f4550a6f1e0887b422826","NicoStan_BridgeStan_state_allocation_thread_setup_sampling_model_load_divergence_check","iteration_difference","main_scaling","two_run_difference",25,4,1.43869346733668,1.44773869346733,0.0212486175998655,0.0505,1.482,0.0433065326633166,0.00719346733668341,0.049500000000001,1.4885,0.0422537688442203,0.00723869346733668,0,FALSE,FALSE,2.78030038421237,556.060076842473,0,"2442;2445;2448;2451",612,FALSE,0.761962975899407
"HPC","AD_Stan_WCP","NicoStan_BridgeStan",2500,100,32,4,8,200,"229e14792b0f4550a6f1e0887b422826","NicoStan_BridgeStan_state_allocation_thread_setup_sampling_model_load_divergence_check","iteration_difference","main_scaling","two_run_difference",25,4,0.905778894472362,0.897487437185932,0.0318279995710494,0.0497499999999995,0.951,0.0452211055276377,0.00452889447236181,0.0499999999999989,0.941500000000001,0.0455477386934663,0.00448743718592966,0,FALSE,FALSE,4.41608876560333,883.217753120665,0,"2443;2446;2449;2452",613,FALSE,0.869625520110958
"HPC","AD_Stan_WCP","NicoStan_BridgeStan",2500,100,16,8,2,200,"229e14792b0f4550a6f1e0887b422826","NicoStan_BridgeStan_state_allocation_thread_setup_sampling_model_load_divergence_check","iteration_difference","main_scaling","two_run_difference",25,4,2.78894472361809,2.78341708542714,0.0379344289550486,0.0517499999999984,2.82675,0.037805276381908,0.0139447236180905,0.0519999999999996,2.821,0.0379346733668338,0.0139170854271357,0,FALSE,FALSE,2.86846846846847,573.693693693694,0,"2453;2456;2459;2462",614,FALSE,0.77927927927928
"HPC","AD_Stan_WCP","NicoStan_BridgeStan",2500,100,32,8,4,200,"229e14792b0f4550a6f1e0887b422826","NicoStan_BridgeStan_state_allocation_thread_setup_sampling_model_load_divergence_check","iteration_difference","main_scaling","two_run_difference",25,4,1.67211055276382,1.66532663316583,0.0215924527939642,0.0532500000000002,1.717,0.0448894472361811,0.0083605527638191,0.0534999999999997,1.7105,0.0451733668341705,0.00832663316582915,0,FALSE,FALSE,4.78437265214125,956.874530428249,0,"2454;2457;2460;2463",615,FALSE,0.767543200601048
"HPC","AD_Stan_WCP","NicoStan_BridgeStan",2500,100,64,8,8,200,"229e14792b0f4550a6f1e0887b422826","NicoStan_BridgeStan_state_allocation_thread_setup_sampling_model_load_divergence_check","iteration_difference","main_scaling","two_run_difference",25,4,1.07060301507538,1.0713567839196,0.0320808784908595,0.0574999999999992,1.12275,0.0521469849246223,0.00535301507537689,0.057500000000001,1.129,0.0522688442211065,0.005356783919598,0,FALSE,FALSE,7.47242431354142,1494.48486270828,0,"2455;2458;2461;2464",616,FALSE,0.783149495423606
"HPC","AD_Stan_WCP","NicoStan_BridgeStan",2500,100,32,16,2,200,"229e14792b0f4550a6f1e0887b422826","NicoStan_BridgeStan_state_allocation_thread_setup_sampling_model_load_divergence_check","iteration_difference","main_scaling","two_run_difference",25,4,3.03517587939698,3.00753768844221,0.099495795461313,0.0619999999999994,3.082,0.0468241206030145,0.0151758793969849,0.0614999999999988,3.053,0.0459748743718581,0.0150376884422111,0,FALSE,FALSE,5.27152317880795,1054.30463576159,0,"2465;2469;2473;2477",617,FALSE,0.802235099337746
"HPC","AD_Stan_WCP","NicoStan_BridgeStan",2500,100,64,16,4,200,"229e14792b0f4550a6f1e0887b422826","NicoStan_BridgeStan_state_allocation_thread_setup_sampling_model_load_divergence_check","iteration_difference","main_scaling","two_run_difference",25,4,2.0145728643216,2.0180904522613,0.0285858545795512,0.0647499999999983,2.06924999999999,0.0546771356783903,0.010072864321608,0.0649999999999942,2.07249999999999,0.0549447236180846,0.0100904522613065,0,FALSE,FALSE,7.94213020703419,1588.42604140684,0,"2466;2470;2474;2478",618,FALSE,0.758418558243955
"HPC","AD_Stan_WCP","NicoStan_BridgeStan",2500,100,96,16,6,200,"229e14792b0f4550a6f1e0887b422826","NicoStan_BridgeStan_state_allocation_thread_setup_sampling_model_load_divergence_check","iteration_difference","main_scaling","two_run_difference",25,4,1.79547738693468,1.79949748743719,0.0112664467141036,0.0630000000000006,1.8495,0.0540226130653272,0.00897738693467338,0.0630000000000024,1.85100000000001,0.0539924623115602,0.00899748743718594,0,FALSE,FALSE,8.91127903722361,1782.25580744472,0,"2467;2471;2475;2479",619,FALSE,0.795969773299745
"HPC","AD_Stan_WCP","NicoStan_BridgeStan",2500,100,128,16,8,200,"229e14792b0f4550a6f1e0887b422826","NicoStan_BridgeStan_state_allocation_thread_setup_sampling_model_load_divergence_check","iteration_difference","main_scaling","two_run_difference",25,4,1.65628140703518,1.65577889447236,0.00357691063719874,0.0650000000000013,1.713,0.0567185929648254,0.00828140703517589,0.0645000000000024,1.71200000000001,0.0562211055276406,0.00827889447236181,0,FALSE,FALSE,9.66019417475726,1932.03883495145,0,"2468;2472;2476;2480",620,FALSE,0.85512742718446
"HPC","AD_Stan_WCP","NicoStan_BridgeStan",2500,100,96,24,4,200,"229e14792b0f4550a6f1e0887b422826","NicoStan_BridgeStan_state_allocation_thread_setup_sampling_model_load_divergence_check","iteration_difference","main_scaling","two_run_difference",25,4,2.43181818181821,2.43434343434352,0.0267183969218405,0.0717500000000086,2.49140909090913,0.0595909090909176,0.012159090909091,0.0715000000000146,2.49317171717177,0.0593787878788025,0.0121717171717176,0,FALSE,FALSE,9.86915887850456,1973.83177570091,0,"2481;2482;2483;2484",621,FALSE,0.860020768431978
"HPC","AD_Stan_WCP","NicoStan_BridgeStan",2500,100,64,32,2,200,"229e14792b0f4550a6f1e0887b422826","NicoStan_BridgeStan_state_allocation_thread_setup_sampling_model_load_divergence_check","iteration_difference","main_scaling","two_run_difference",25,4,3.70454545454553,3.69090909090897,0.167505287350394,0.0685000000000002,3.7545227272728,0.0499772727272726,0.0185227272727277,0.069500000000005,3.74245454545448,0.0512222222222271,0.0184545454545449,0,FALSE,FALSE,8.63803680981577,1727.60736196315,0,"2485;2487;2489;2491",622,FALSE,0.860668029993172
"HPC","AD_Stan_WCP","NicoStan_BridgeStan",2500,100,128,32,4,200,"229e14792b0f4550a6f1e0887b422826","NicoStan_BridgeStan_state_allocation_thread_setup_sampling_model_load_divergence_check","iteration_difference","main_scaling","two_run_difference",25,4,3.16818181818172,3.17272727272712,0.0236961458720306,0.0745000000000289,3.22684090909084,0.0586590909091203,0.0158409090909086,0.0740000000000123,3.23036363636351,0.0580858585858711,0.0158636363636356,0,FALSE,FALSE,10.1004304160692,2020.08608321384,0,"2486;2488;2490;2492",623,FALSE,0.885062968276774
"HPC","AD_Stan_WCP","NicoStan_BridgeStan",2500,100,180,45,4,200,"229e14792b0f4550a6f1e0887b422826","NicoStan_BridgeStan_state_allocation_thread_setup_sampling_model_load_divergence_check","iteration_difference","main_scaling","two_run_difference",25,4,4.1333333333332,4.03737373737369,0.212028198301805,0.0857500000000186,4.19841666666656,0.0650833333333526,0.020666666666666,0.0859999999999559,4.10318686868678,0.0658131313130874,0.0201868686868685,0,FALSE,FALSE,10.8870967741939,2177.41935483878,0,"2493;2494;2495;2496",624,FALSE,0.870478983382246
"HPC","AD_Stan_WCP","NicoStan_BridgeStan",2500,100,96,48,2,200,"229e14792b0f4550a6f1e0887b422826","NicoStan_BridgeStan_state_allocation_thread_setup_sampling_model_load_divergence_check","iteration_difference","main_scaling","two_run_difference",25,4,4.70454545454537,4.71818181818175,0.0523533836659754,0.0832499999999925,4.76427272727263,0.0597272727272657,0.0235227272727268,0.08299999999997,4.77759090909081,0.059676767676738,0.0235909090909088,0,FALSE,FALSE,10.2028985507248,2040.57971014497,0,"2497;2498;2499;2500",625,FALSE,0.880622651637146
"HPC","AD_Stan_WCP","NicoStan_BridgeStan",2500,100,128,64,2,200,"229e14792b0f4550a6f1e0887b422826","NicoStan_BridgeStan_state_allocation_thread_setup_sampling_model_load_divergence_check","iteration_difference","main_scaling","two_run_difference",25,4,5.86868686868687,5.85252525252523,0.0649194572659654,0.0962499999999977,5.93559343434343,0.0669065656565634,0.0293434343434344,0.0960000000000036,5.91926262626261,0.0667373737373775,0.0292626262626262,0,FALSE,FALSE,10.9053356282272,2181.06712564544,0,"2501;2502;2503;2504",626,FALSE,0.892771084337361
"HPC","AD_Stan_WCP","NicoStan_BridgeStan",2500,100,180,90,2,200,"229e14792b0f4550a6f1e0887b422826","NicoStan_BridgeStan_state_allocation_thread_setup_sampling_model_load_divergence_check","iteration_difference","main_scaling","two_run_difference",25,4,7.81868686868675,7.78989898989886,0.144340807161622,0.109500000000054,7.88909343434337,0.0704065656566201,0.0390934343434338,0.109500000000025,7.85994949494941,0.0706363636363894,0.0389494949494943,0,FALSE,FALSE,11.5108843097993,2302.17686195986,0,"2505;2506;2507;2508",627,FALSE,0.875718622827993
"HPC","AD_Stan_WCP","NicoStan_BridgeStan",2500,250,8,4,2,200,"229e14792b0f4550a6f1e0887b422826","NicoStan_BridgeStan_state_allocation_thread_setup_sampling_model_load_divergence_check","iteration_difference","main_scaling","two_run_difference",10,4,3.22010050251257,3.22412060301507,0.0334035438110826,0.0452499999999958,3.24925,0.029149497487433,0.0161005025125628,0.046999999999997,3.251,0.0309371859296452,0.0161206030150754,0,FALSE,FALSE,1.24219725343321,248.439450686641,0,"2509;2512;2515;2518",628,FALSE,0.605024968789012
"HPC","AD_Stan_WCP","NicoStan_BridgeStan",2500,250,16,4,4,200,"229e14792b0f4550a6f1e0887b422826","NicoStan_BridgeStan_state_allocation_thread_setup_sampling_model_load_divergence_check","iteration_difference","main_scaling","two_run_difference",10,4,1.79572864321607,1.79246231155779,0.0214359553314473,0.0465000000000053,1.83325,0.0375213567839249,0.00897864321608037,0.0490000000000066,1.834,0.0401080402010116,0.00896231155778893,0,FALSE,FALSE,2.22750804533371,445.501609066743,0,"2510;2513;2516;2519",629,FALSE,0.610465929760741
"HPC","AD_Stan_WCP","NicoStan_BridgeStan",2500,250,32,4,8,200,"229e14792b0f4550a6f1e0887b422826","NicoStan_BridgeStan_state_allocation_thread_setup_sampling_model_load_divergence_check","iteration_difference","main_scaling","two_run_difference",10,4,1.12462311557789,1.0859296482412,0.0847922014773703,0.0487500000000054,1.16775,0.043126884422116,0.00562311557788943,0.0490000000000066,1.1295,0.0435703517588006,0.005429648241206,0,FALSE,FALSE,3.5567470956211,711.349419124221,0,"2511;2514;2517;2520",630,FALSE,0.700402144772121
"HPC","AD_Stan_WCP","NicoStan_BridgeStan",2500,250,16,8,2,200,"229e14792b0f4550a6f1e0887b422826","NicoStan_BridgeStan_state_allocation_thread_setup_sampling_model_load_divergence_check","iteration_difference","main_scaling","two_run_difference",10,4,3.46206030150754,3.44924623115578,0.0506275691909724,0.0515000000000008,3.49625,0.0341896984924631,0.0173103015075377,0.0519999999999996,3.483,0.0345050251256278,0.0172462311557789,0,FALSE,FALSE,2.3107627549169,462.152550983381,0,"2521;2524;2527;2530",631,FALSE,0.627766891646709
"HPC","AD_Stan_WCP","NicoStan_BridgeStan",2500,250,32,8,4,200,"229e14792b0f4550a6f1e0887b422826","NicoStan_BridgeStan_state_allocation_thread_setup_sampling_model_load_divergence_check","iteration_difference","main_scaling","two_run_difference",10,4,2.04321608040201,2.03768844221104,0.0163503307764357,0.0527499999999961,2.08575,0.042533919597986,0.0102160804020101,0.0529999999999973,2.08,0.0428140703517561,0.0101884422110552,0,FALSE,FALSE,3.91539596655189,783.079193310378,0,"2522;2525;2528;2531",632,FALSE,0.628135759960646
"HPC","AD_Stan_WCP","NicoStan_BridgeStan",2500,250,64,8,8,200,"229e14792b0f4550a6f1e0887b422826","NicoStan_BridgeStan_state_allocation_thread_setup_sampling_model_load_divergence_check","iteration_difference","main_scaling","two_run_difference",10,4,1.30100502512562,1.29999999999998,0.0135957278979428,0.0585000000000022,1.35299999999999,0.0519949748743741,0.0065050251256281,0.0585000000000093,1.351,0.0519547738693562,0.0064999999999999,0,FALSE,FALSE,6.14909231363465,1229.81846272693,0,"2523;2526;2529;2532",633,FALSE,0.644457319428352
"HPC","AD_Stan_WCP","NicoStan_BridgeStan",2500,250,32,16,2,200,"229e14792b0f4550a6f1e0887b422826","NicoStan_BridgeStan_state_allocation_thread_setup_sampling_model_load_divergence_check","iteration_difference","main_scaling","two_run_difference",10,4,3.69773869346732,3.66633165829145,0.0831376117954596,0.059500000000007,3.73874999999999,0.0410113065326704,0.0184886934673366,0.0600000000000165,3.70699999999999,0.0413542713568006,0.0183316582914573,0,FALSE,FALSE,4.32696881157847,865.393762315694,0,"2533;2537;2541;2545",634,FALSE,0.658490181422846
"HPC","AD_Stan_WCP","NicoStan_BridgeStan",2500,250,64,16,4,200,"229e14792b0f4550a6f1e0887b422826","NicoStan_BridgeStan_state_allocation_thread_setup_sampling_model_load_divergence_check","iteration_difference","main_scaling","two_run_difference",10,4,2.44170854271356,2.44723618090451,0.0171640716347741,0.0645000000000024,2.494,0.0522914572864346,0.0122085427135678,0.0635000000000048,2.496,0.0513492462311606,0.0122361809045226,0,FALSE,FALSE,6.55278863963779,1310.55772792756,0,"2534;2538;2542;2546",635,FALSE,0.625746038279484
"HPC","AD_Stan_WCP","NicoStan_BridgeStan",2500,250,96,16,6,200,"229e14792b0f4550a6f1e0887b422826","NicoStan_BridgeStan_state_allocation_thread_setup_sampling_model_load_divergence_check","iteration_difference","main_scaling","two_run_difference",10,4,2.11130653266331,2.10603015075377,0.0295914056487108,0.0677499999999966,2.16849999999999,0.0571934673366801,0.0105565326633166,0.0679999999999978,2.163,0.0574170854271335,0.0105301507537689,0,FALSE,FALSE,7.57824586457219,1515.64917291444,0,"2535;2539;2543;2547",636,FALSE,0.676901106747589
"HPC","AD_Stan_WCP","NicoStan_BridgeStan",2500,250,128,16,8,200,"229e14792b0f4550a6f1e0887b422826","NicoStan_BridgeStan_state_allocation_thread_setup_sampling_model_load_divergence_check","iteration_difference","main_scaling","two_run_difference",10,4,1.95778894472362,1.95778894472363,0.00410299789410544,0.0682500000000061,2.01625000000001,0.058461055276388,0.00978894472361809,0.0680000000000121,2.01650000000001,0.058211055276394,0.00978894472361813,0,FALSE,FALSE,8.17248459958932,1634.49691991786,0,"2536;2540;2544;2548",637,FALSE,0.723434291581105
"HPC","AD_Stan_WCP","NicoStan_BridgeStan",2500,250,96,24,4,200,"229e14792b0f4550a6f1e0887b422826","NicoStan_BridgeStan_state_allocation_thread_setup_sampling_model_load_divergence_check","iteration_difference","main_scaling","two_run_difference",10,4,2.86161616161619,2.85959595959598,0.0425203336965453,0.0702499999999873,2.91755808080809,0.0559419191919063,0.0143080808080809,0.069500000000005,2.914797979798,0.0552020202020251,0.0142979797979799,0,FALSE,FALSE,8.38686904341679,1677.37380868336,0,"2549;2550;2551;2552",638,FALSE,0.730850688316269
"HPC","AD_Stan_WCP","NicoStan_BridgeStan",2500,250,64,32,2,200,"229e14792b0f4550a6f1e0887b422826","NicoStan_BridgeStan_state_allocation_thread_setup_sampling_model_load_divergence_check","iteration_difference","main_scaling","two_run_difference",10,4,4.36313131313132,4.38989898989899,0.137050272774669,0.0667500000000132,4.40806565656568,0.0449343434343566,0.0218156565656566,0.0665000000000191,4.43444949494952,0.0445505050505241,0.021949494949495,0,FALSE,FALSE,7.33418219701353,1466.83643940271,0,"2553;2555;2557;2559",639,FALSE,0.730755874522518
"HPC","AD_Stan_WCP","NicoStan_BridgeStan",2500,250,128,32,4,200,"229e14792b0f4550a6f1e0887b422826","NicoStan_BridgeStan_state_allocation_thread_setup_sampling_model_load_divergence_check","iteration_difference","main_scaling","two_run_difference",10,4,3.68181818181828,3.69494949494951,0.0319208966854512,0.0734999999999957,3.73690909090918,0.0550909090909043,0.0184090909090914,0.0735000000000241,3.7494747474748,0.0550101010101248,0.0184747474747476,0,FALSE,FALSE,8.69135802469113,1738.27160493823,0,"2554;2556;2558;2560",640,FALSE,0.761591220850463
"HPC","AD_Stan_WCP","NicoStan_BridgeStan",2500,250,180,45,4,200,"229e14792b0f4550a6f1e0887b422826","NicoStan_BridgeStan_state_allocation_thread_setup_sampling_model_load_divergence_check","iteration_difference","main_scaling","two_run_difference",10,4,4.78838383838389,4.69696969696967,0.186897804629233,0.0854999999999961,4.84994191919197,0.0615580808080767,0.0239419191919195,0.0855000000000246,4.75898484848485,0.0615353535353327,0.0234848484848484,0,FALSE,FALSE,9.39774285412921,1879.54857082584,0,"2561;2562;2563;2564",641,FALSE,0.751397531905917
"HPC","AD_Stan_WCP","NicoStan_BridgeStan",2500,250,96,48,2,200,"229e14792b0f4550a6f1e0887b422826","NicoStan_BridgeStan_state_allocation_thread_setup_sampling_model_load_divergence_check","iteration_difference","main_scaling","two_run_difference",10,4,5.48232323232324,5.4808080808079,0.0236961458720319,0.0845000000000198,5.53941161616165,0.0570883838384036,0.0274116161616162,0.083500000000015,5.54190404040392,0.0559898989899134,0.0274040404040395,0,FALSE,FALSE,8.75541225241823,1751.08245048365,0,"2565;2566;2567;2568",642,FALSE,0.755688622754477
"HPC","AD_Stan_WCP","NicoStan_BridgeStan",2500,250,128,64,2,200,"229e14792b0f4550a6f1e0887b422826","NicoStan_BridgeStan_state_allocation_thread_setup_sampling_model_load_divergence_check","iteration_difference","main_scaling","two_run_difference",10,4,6.90808080808069,6.89090909090898,0.0673367002525881,0.094250000000045,6.96779040404033,0.0597095959596416,0.0345404040404035,0.0945000000000391,6.95095454545447,0.0600454545454942,0.0344545454545449,0,FALSE,FALSE,9.2645123556077,1852.90247112154,0,"2569;2570;2571;2572",643,FALSE,0.758444216990811
"HPC","AD_Stan_WCP","NicoStan_BridgeStan",2500,250,180,90,2,200,"229e14792b0f4550a6f1e0887b422826","NicoStan_BridgeStan_state_allocation_thread_setup_sampling_model_load_divergence_check","iteration_difference","main_scaling","two_run_difference",10,4,9.03686868686864,9.01111111111093,0.185714883693771,0.113749999999982,9.10543434343428,0.0685656565656386,0.0451843434343432,0.114999999999952,9.08255555555541,0.0690606060605583,0.0450555555555547,0,FALSE,FALSE,9.95920192253959,1991.84038450792,0,"2573;2574;2575;2576",644,FALSE,0.757670597440341
"HPC","AD_Stan_WCP","NicoStan_BridgeStan",10000,4,8,4,2,80,"b97502ef4c1796520d0acd01a82ea24d","NicoStan_BridgeStan_state_allocation_thread_setup_sampling_model_load_divergence_check","iteration_difference","main_scaling","two_run_difference",2500,4,3.31822784810129,3.31493670886077,0.031249162783204,0.134499999999989,3.41125000000002,0.0930221518987223,0.0414778481012662,0.133999999999986,3.4075,0.0925632911392265,0.0414367088607597,0,FALSE,FALSE,1.20546272983901,96.4370183871206,0,"2577;2579;2581;2583",645,FALSE,0.880445563439369
"HPC","AD_Stan_WCP","NicoStan_BridgeStan",10000,4,16,4,4,80,"b97502ef4c1796520d0acd01a82ea24d","NicoStan_BridgeStan_state_allocation_thread_setup_sampling_model_load_divergence_check","iteration_difference","main_scaling","two_run_difference",2500,4,2.23518987341771,2.22886075949366,0.0345233294860677,0.13375000000002,2.34100000000001,0.105810126582299,0.0279398734177214,0.134000000000015,2.33500000000001,0.106139240506344,0.0278607594936708,0,FALSE,FALSE,1.78955714123911,143.164571299129,0,"2578;2580;2582;2584",646,FALSE,0.705515913466992
"HPC","AD_Stan_WCP","NicoStan_BridgeStan",10000,4,16,8,2,80,"b97502ef4c1796520d0acd01a82ea24d","NicoStan_BridgeStan_state_allocation_thread_setup_sampling_model_load_divergence_check","iteration_difference","main_scaling","two_run_difference",2500,4,3.81822784810122,3.82177215189868,0.025153908553669,0.149750000000026,3.92024999999998,0.102022151898761,0.0477278481012653,0.151000000000039,3.92649999999998,0.103468354430419,0.0477721518987335,0,FALSE,FALSE,2.09521283649386,167.617026919509,0,"2585;2587;2589;2591",647,FALSE,0.838151438801224
"HPC","AD_Stan_WCP","NicoStan_BridgeStan",10000,4,32,8,4,80,"b97502ef4c1796520d0acd01a82ea24d","NicoStan_BridgeStan_state_allocation_thread_setup_sampling_model_load_divergence_check","iteration_difference","main_scaling","two_run_difference",2500,4,2.96734177215191,2.95493670886077,0.0778161575572189,0.148999999999987,3.07925,0.111908227848088,0.0370917721518989,0.150999999999982,3.06899999999999,0.114063291139222,0.0369367088607596,0,FALSE,FALSE,2.69601569831924,215.681255865539,0,"2586;2588;2590;2592",648,FALSE,0.618547905468809
"HPC","AD_Stan_WCP","NicoStan_BridgeStan",10000,4,32,16,2,80,"b97502ef4c1796520d0acd01a82ea24d","NicoStan_BridgeStan_state_allocation_thread_setup_sampling_model_load_divergence_check","iteration_difference","main_scaling","two_run_difference",2500,4,5.17873417721518,5.18025316455696,0.128073578168913,0.173749999999998,5.28774999999999,0.109015822784809,0.0647341772151897,0.173500000000018,5.28899999999999,0.109284810126589,0.064753164556962,0,FALSE,FALSE,3.08955807587017,247.164646069613,0,"2593;2595;2597;2599",649,FALSE,0.704243253813064
"HPC","AD_Stan_WCP","NicoStan_BridgeStan",10000,4,64,16,4,80,"b97502ef4c1796520d0acd01a82ea24d","NicoStan_BridgeStan_state_allocation_thread_setup_sampling_model_load_divergence_check","iteration_difference","main_scaling","two_run_difference",2500,4,5.20683544303795,5.28506329113923,0.208884949372753,0.184000000000012,5.32574999999999,0.118914556962037,0.0650854430379743,0.183000000000021,5.404,0.118892405063313,0.0660632911392404,0,FALSE,FALSE,3.07288374580641,245.830699664512,0,"2594;2596;2598;2600",650,FALSE,0.455195215636706
"HPC","AD_Stan_WCP","NicoStan_BridgeStan",10000,4,96,24,4,80,"b97502ef4c1796520d0acd01a82ea24d","NicoStan_BridgeStan_state_allocation_thread_setup_sampling_model_load_divergence_check","iteration_difference","main_scaling","two_run_difference",2500,4,7.91333333333291,7.91111111111099,0.0838183416878595,0.220000000000027,8.03441666666627,0.121083333333366,0.0989166666666613,0.22100000000006,8.03472222222213,0.122666666666734,0.0988888888888874,0,FALSE,FALSE,3.03285593934304,242.628475147444,0,"2601;2602;2603;2604",651,FALSE,0.403582671928352
"HPC","AD_Stan_WCP","NicoStan_BridgeStan",10000,4,64,32,2,80,"b97502ef4c1796520d0acd01a82ea24d","NicoStan_BridgeStan_state_allocation_thread_setup_sampling_model_load_divergence_check","iteration_difference","main_scaling","two_run_difference",2500,4,10.2505263157895,10.1305263157893,0.522484299312961,0.264749999999992,10.3871447368422,0.136618421052623,0.128131578947369,0.263500000000022,10.2673947368419,0.136868421052656,0.126631578947366,0,FALSE,FALSE,3.12179092216059,249.743273772847,0,"2605;2607;2609;2611",652,FALSE,0.479872663791354
"HPC","AD_Stan_WCP","NicoStan_BridgeStan",10000,4,128,32,4,80,"b97502ef4c1796520d0acd01a82ea24d","NicoStan_BridgeStan_state_allocation_thread_setup_sampling_model_load_divergence_check","iteration_difference","main_scaling","two_run_difference",2500,4,10.0888888888891,10.1155555555559,0.186313599078953,0.266249999999957,10.2290277777779,0.140138888888844,0.126111111111113,0.26849999999996,10.2526111111114,0.14322222222217,0.126444444444448,0,FALSE,FALSE,3.17180616740083,253.744493392066,0,"2606;2608;2610;2612",653,FALSE,0.421620681660108
"HPC","AD_Stan_WCP","NicoStan_BridgeStan",10000,4,180,45,4,80,"b97502ef4c1796520d0acd01a82ea24d","NicoStan_BridgeStan_state_allocation_thread_setup_sampling_model_load_divergence_check","iteration_difference","main_scaling","two_run_difference",2500,4,14.5111111111108,14.5066666666667,0.207640081130675,0.353000000000009,14.6827222222219,0.171611111111124,0.181388888888885,0.352499999999964,14.6738333333334,0.173333333333296,0.181333333333334,0,FALSE,FALSE,3.10107197549777,248.085758039822,0,"2613;2614;2615;2616",654,FALSE,0.381413718062395
"HPC","AD_Stan_WCP","NicoStan_BridgeStan",10000,4,96,48,2,80,"b97502ef4c1796520d0acd01a82ea24d","NicoStan_BridgeStan_state_allocation_thread_setup_sampling_model_load_divergence_check","iteration_difference","main_scaling","two_run_difference",2500,4,14.8610526315789,14.6694736842104,0.426096109741381,0.356999999999999,15.0322894736841,0.171236842105263,0.185763157894736,0.355999999999995,14.8406052631578,0.171342105263184,0.183368421052631,0,FALSE,FALSE,3.22991925201871,258.393540161497,0,"2617;2618;2619;2620",655,FALSE,0.413302167445818
"HPC","AD_Stan_WCP","NicoStan_BridgeStan",10000,4,128,64,2,80,"b97502ef4c1796520d0acd01a82ea24d","NicoStan_BridgeStan_state_allocation_thread_setup_sampling_model_load_divergence_check","iteration_difference","main_scaling","two_run_difference",2500,4,19.5115789473684,19.4168421052631,0.228948376686761,0.464749999999981,19.7324342105262,0.220855263157876,0.243894736842105,0.463999999999999,19.6341315789473,0.221657894736842,0.242710526315788,0,FALSE,FALSE,3.2801035822184,262.408286577472,0,"2621;2622;2623;2624",656,FALSE,0.401273198100987
"HPC","AD_Stan_WCP","NicoStan_BridgeStan",10000,4,180,90,2,80,"b97502ef4c1796520d0acd01a82ea24d","NicoStan_BridgeStan_state_allocation_thread_setup_sampling_model_load_divergence_check","iteration_difference","main_scaling","two_run_difference",2500,4,27.9884210526316,27.9031578947369,0.280842946946354,0.680749999999989,28.3193157894737,0.330894736842094,0.349855263157896,0.681499999999971,28.2358684210526,0.33165789473682,0.348789473684211,0,FALSE,FALSE,3.21561548008574,257.249238406859,0,"2625;2626;2627;2628",657,FALSE,0.373387491067721
"HPC","AD_Stan_WCP","NicoStan_BridgeStan",10000,10,8,4,2,80,"b97502ef4c1796520d0acd01a82ea24d","NicoStan_BridgeStan_state_allocation_thread_setup_sampling_model_load_divergence_check","iteration_difference","main_scaling","two_run_difference",1000,4,2.92151898734175,2.91898734177212,0.0336369233238536,0.113,2.99799999999998,0.0764810126582277,0.0365189873417719,0.111500000000007,2.99849999999995,0.0750126582278551,0.0364873417721515,0,FALSE,FALSE,1.36915077989602,109.532062391682,0,"2629;2632;2635;2638",658,TRUE,1
"HPC","AD_Stan_WCP","NicoStan_BridgeStan",10000,10,16,4,4,80,"b97502ef4c1796520d0acd01a82ea24d","NicoStan_BridgeStan_state_allocation_thread_setup_sampling_model_load_divergence_check","iteration_difference","main_scaling","two_run_difference",1000,4,1.60683544303798,1.60658227848104,0.0117623933056366,0.10575,1.69250000000001,0.0856645569620257,0.0200854430379748,0.102000000000004,1.69350000000003,0.0818101265822824,0.020082278481013,0,FALSE,FALSE,2.48936505435637,199.14920434851,0,"2630;2633;2636;2639",659,FALSE,0.981408539467466
"HPC","AD_Stan_WCP","NicoStan_BridgeStan",10000,10,32,4,8,80,"b97502ef4c1796520d0acd01a82ea24d","NicoStan_BridgeStan_state_allocation_thread_setup_sampling_model_load_divergence_check","iteration_difference","main_scaling","two_run_difference",1000,4,1.15999999999998,1.16,0.0590967999845597,0.108249999999998,1.25374999999998,0.0937499999999984,0.0144999999999998,0.10899999999998,1.25299999999999,0.0944999999999805,0.0145,0,FALSE,FALSE,3.44827586206901,275.862068965521,0,"2631;2634;2637;2640",660,FALSE,0.929506765604543
"HPC","AD_Stan_WCP","NicoStan_BridgeStan",10000,10,16,8,2,80,"b97502ef4c1796520d0acd01a82ea24d","NicoStan_BridgeStan_state_allocation_thread_setup_sampling_model_load_divergence_check","iteration_difference","main_scaling","two_run_difference",1000,4,3.20025316455694,3.20202531645564,0.0717506051196805,0.122500000000016,3.28274999999999,0.0824968354430548,0.0400031645569617,0.120000000000005,3.28199999999998,0.0799556962025362,0.0400253164556956,0,FALSE,FALSE,2.49980223083619,199.984178466895,0,"2641;2644;2647;2650",661,TRUE,1
"HPC","AD_Stan_WCP","NicoStan_BridgeStan",10000,10,32,8,4,80,"b97502ef4c1796520d0acd01a82ea24d","NicoStan_BridgeStan_state_allocation_thread_setup_sampling_model_load_divergence_check","iteration_difference","main_scaling","two_run_difference",1000,4,1.94784810126584,1.93974683544305,0.0204296111411043,0.116499999999988,2.04000000000001,0.0921518987341648,0.024348101265823,0.117999999999995,2.0335,0.0937531645569569,0.0242468354430381,0,FALSE,FALSE,4.10709643878343,328.567715102674,0,"2642;2645;2648;2651",662,FALSE,0.94229269560695
"HPC","AD_Stan_WCP","NicoStan_BridgeStan",10000,10,64,8,8,80,"b97502ef4c1796520d0acd01a82ea24d","NicoStan_BridgeStan_state_allocation_thread_setup_sampling_model_load_divergence_check","iteration_difference","main_scaling","two_run_difference",1000,4,1.81316455696203,1.81721518987342,0.0746464901284041,0.121499999999983,1.91199999999999,0.0988354430379579,0.0226645569620254,0.120499999999993,1.91499999999999,0.097784810126575,0.0227151898734177,0,FALSE,FALSE,4.41217537000836,352.974029600669,0,"2643;2646;2649;2652",663,FALSE,0.731220329516902
"HPC","AD_Stan_WCP","NicoStan_BridgeStan",10000,10,32,16,2,80,"b97502ef4c1796520d0acd01a82ea24d","NicoStan_BridgeStan_state_allocation_thread_setup_sampling_model_load_divergence_check","iteration_difference","main_scaling","two_run_difference",1000,4,3.82835443037975,3.85772151898736,0.0839570420926581,0.147499999999994,3.928,0.0996455696202469,0.0478544303797469,0.148499999999984,3.95550000000003,0.100006329113908,0.0482215189873419,0,FALSE,FALSE,4.17934135696336,334.347308557069,0,"2653;2657;2661;2665",664,FALSE,0.952651765639465
"HPC","AD_Stan_WCP","NicoStan_BridgeStan",10000,10,64,16,4,80,"b97502ef4c1796520d0acd01a82ea24d","NicoStan_BridgeStan_state_allocation_thread_setup_sampling_model_load_divergence_check","iteration_difference","main_scaling","two_run_difference",1000,4,3.2164556962025,3.20708860759491,0.0506016781304573,0.142000000000024,3.31824999999999,0.101794303797493,0.0402056962025312,0.143500000000017,3.3075,0.103177215189891,0.0400886075949364,0,FALSE,FALSE,4.97441951987412,397.953561589929,0,"2654;2658;2662;2666",665,FALSE,0.736875245966169
"HPC","AD_Stan_WCP","NicoStan_BridgeStan",10000,10,96,16,6,80,"b97502ef4c1796520d0acd01a82ea24d","NicoStan_BridgeStan_state_allocation_thread_setup_sampling_model_load_divergence_check","iteration_difference","main_scaling","two_run_difference",1000,4,3.77164556962027,3.75696202531646,0.161840612020587,0.15124999999999,3.87575000000001,0.104104430379737,0.0471455696202534,0.150499999999994,3.8665,0.104683544303791,0.0469620253164558,0,FALSE,FALSE,4.2421801584105,339.37441267284,0,"2655;2659;2663;2667",666,FALSE,0.577862800375896
"HPC","AD_Stan_WCP","NicoStan_BridgeStan",10000,10,128,16,8,80,"b97502ef4c1796520d0acd01a82ea24d","NicoStan_BridgeStan_state_allocation_thread_setup_sampling_model_load_divergence_check","iteration_difference","main_scaling","two_run_difference",1000,4,4.22430379746835,4.18177215189874,0.142796779580319,0.165499999999994,4.33699999999999,0.11269620253164,0.0528037974683544,0.164000000000016,4.291,0.112455696202548,0.0522721518987343,0,FALSE,FALSE,3.78760637660315,303.008510128252,0,"2656;2660;2664;2668",667,FALSE,0.501737983938629
"HPC","AD_Stan_WCP","NicoStan_BridgeStan",10000,10,96,24,4,80,"b97502ef4c1796520d0acd01a82ea24d","NicoStan_BridgeStan_state_allocation_thread_setup_sampling_model_load_divergence_check","iteration_difference","main_scaling","two_run_difference",1000,4,5.78421052631603,5.806315789474,0.103215164912,0.179249999999939,5.89115789473702,0.106947368420989,0.0723026315789504,0.176499999999919,5.91673684210551,0.103473684210467,0.072578947368425,0,FALSE,FALSE,4.14922656960856,331.938125568685,0,"2669;2670;2671;2672",668,FALSE,0.552138307552275
"HPC","AD_Stan_WCP","NicoStan_BridgeStan",10000,10,64,32,2,80,"b97502ef4c1796520d0acd01a82ea24d","NicoStan_BridgeStan_state_allocation_thread_setup_sampling_model_load_divergence_check","iteration_difference","main_scaling","two_run_difference",1000,4,6.7673684210526,6.80000000000004,0.167625313165977,0.200500000000005,6.88327631578945,0.115907894736848,0.0845921052631576,0.200000000000045,6.92050000000001,0.114131578947416,0.0850000000000005,0,FALSE,FALSE,4.72857365064553,378.285892051643,0,"2673;2675;2677;2679",669,FALSE,0.72686265360091
"HPC","AD_Stan_WCP","NicoStan_BridgeStan",10000,10,128,32,4,80,"b97502ef4c1796520d0acd01a82ea24d","NicoStan_BridgeStan_state_allocation_thread_setup_sampling_model_load_divergence_check","iteration_difference","main_scaling","two_run_difference",1000,4,8.12842105263156,8.09263157894748,0.11300642657332,0.215749999999986,8.24256578947365,0.114144736842091,0.101605263157894,0.21550000000002,8.2089736842106,0.114526315789437,0.101157894736843,0,FALSE,FALSE,3.93680393680395,314.944314944316,0,"2674;2676;2678;2680",670,FALSE,0.523310023310046
"HPC","AD_Stan_WCP","NicoStan_BridgeStan",10000,10,180,45,4,80,"b97502ef4c1796520d0acd01a82ea24d","NicoStan_BridgeStan_state_allocation_thread_setup_sampling_model_load_divergence_check","iteration_difference","main_scaling","two_run_difference",1000,4,12.9042105263159,12.8357894736846,0.184923931854175,0.304249999999968,13.0471578947369,0.142947368421019,0.161302631578949,0.302999999999997,12.9808421052635,0.1422631578947,0.160447368421058,0,FALSE,FALSE,3.48723386899417,278.978709519534,0,"2681;2682;2683;2684",671,FALSE,0.428909372705766
"HPC","AD_Stan_WCP","NicoStan_BridgeStan",10000,10,96,48,2,80,"b97502ef4c1796520d0acd01a82ea24d","NicoStan_BridgeStan_state_allocation_thread_setup_sampling_model_load_divergence_check","iteration_difference","main_scaling","two_run_difference",1000,4,10.6515789473683,10.6842105263156,0.208732710454228,0.284500000000008,10.8029342105262,0.151355263157904,0.133144736842104,0.284500000000037,10.8321578947368,0.150105263157947,0.133552631578946,0,FALSE,FALSE,4.50637414764309,360.509931811447,0,"2685;2686;2687;2688",672,FALSE,0.57663800770828
"HPC","AD_Stan_WCP","NicoStan_BridgeStan",10000,10,128,64,2,80,"b97502ef4c1796520d0acd01a82ea24d","NicoStan_BridgeStan_state_allocation_thread_setup_sampling_model_load_divergence_check","iteration_difference","main_scaling","two_run_difference",1000,4,15.854736842105,15.6378947368419,0.560917333345401,0.369250000000022,16.0258026315787,0.171065789473709,0.198184210526313,0.368999999999971,15.8089210526314,0.171026315789507,0.195473684210523,0,FALSE,FALSE,4.03664851945299,322.931881556239,0,"2689;2690;2691;2692",673,FALSE,0.493825521179125
"HPC","AD_Stan_WCP","NicoStan_BridgeStan",10000,10,180,90,2,80,"b97502ef4c1796520d0acd01a82ea24d","NicoStan_BridgeStan_state_allocation_thread_setup_sampling_model_load_divergence_check","iteration_difference","main_scaling","two_run_difference",1000,4,25.078947368421,24.8778947368421,0.420720921969166,0.591250000000002,25.3567105263157,0.27776315789474,0.313486842105262,0.591499999999996,25.1569210526316,0.279026315789448,0.310973684210527,0,FALSE,FALSE,3.58866736621197,287.093389296958,0,"2693;2694;2695;2696",674,FALSE,0.416705141657909
"HPC","AD_Stan_WCP","NicoStan_BridgeStan",10000,25,8,4,2,80,"b97502ef4c1796520d0acd01a82ea24d","NicoStan_BridgeStan_state_allocation_thread_setup_sampling_model_load_divergence_check","iteration_difference","main_scaling","two_run_difference",400,4,2.9392405063291,2.92405063291138,0.0559228224256016,0.113499999999988,3.01599999999998,0.0767594936708739,0.0367405063291138,0.114000000000004,3.00099999999998,0.077069620253169,0.0365506329113923,0,FALSE,FALSE,1.36089577950044,108.871662360035,0,"2697;2702;2707;2712",675,FALSE,0.993970714900943
"HPC","AD_Stan_WCP","NicoStan_BridgeStan",10000,25,16,4,4,80,"b97502ef4c1796520d0acd01a82ea24d","NicoStan_BridgeStan_state_allocation_thread_setup_sampling_model_load_divergence_check","iteration_difference","main_scaling","two_run_difference",400,4,1.57696202531647,1.57873417721522,0.013135313185867,0.112499999999997,1.66975000000001,0.0927879746835413,0.0197120253164558,0.114499999999992,1.66550000000001,0.0947531645569545,0.0197341772151902,0,FALSE,FALSE,2.53652271632684,202.921817306147,0,"2698;2703;2708;2713",676,TRUE,1
"HPC","AD_Stan_WCP","NicoStan_BridgeStan",10000,25,32,4,8,80,"b97502ef4c1796520d0acd01a82ea24d","NicoStan_BridgeStan_state_allocation_thread_setup_sampling_model_load_divergence_check","iteration_difference","main_scaling","two_run_difference",400,4,1.12607594936707,1.14177215189873,0.0623312870019118,0.108500000000006,1.22049999999999,0.0944240506329181,0.0140759493670884,0.108499999999992,1.23599999999999,0.0942278481012581,0.0142721518987341,0,FALSE,FALSE,3.55215827338136,284.172661870509,0,"2699;2704;2709;2714",677,FALSE,0.957508992805763
"HPC","AD_Stan_WCP","NicoStan_BridgeStan",10000,25,64,4,16,80,"b97502ef4c1796520d0acd01a82ea24d","NicoStan_BridgeStan_state_allocation_thread_setup_sampling_model_load_divergence_check","iteration_difference","main_scaling","two_run_difference",400,4,1.1592405063291,1.15088607594935,0.114692578886135,0.103000000000023,1.24775000000001,0.0885094936709091,0.0144905063291138,0.106000000000023,1.24250000000001,0.0916139240506561,0.0143860759493669,0,FALSE,FALSE,3.45053505132129,276.042804105703,0,"2700;2705;2710;2715",678,FALSE,0.837519108975751
"HPC","AD_Stan_WCP","NicoStan_BridgeStan",10000,25,96,4,24,80,"b97502ef4c1796520d0acd01a82ea24d","NicoStan_BridgeStan_state_allocation_thread_setup_sampling_model_load_divergence_check","iteration_difference","main_scaling","two_run_difference",400,4,1.28177215189873,1.27594936708863,0.0345629119620788,0.112250000000017,1.37800000000001,0.0962278481012831,0.0160221518987341,0.110000000000014,1.36650000000003,0.093797468354444,0.0159493670886078,0,FALSE,FALSE,3.12067943906775,249.65435512542,0,"2701;2706;2711;2716",679,FALSE,0.802488643097
"HPC","AD_Stan_WCP","NicoStan_BridgeStan",10000,25,16,8,2,80,"b97502ef4c1796520d0acd01a82ea24d","NicoStan_BridgeStan_state_allocation_thread_setup_sampling_model_load_divergence_check","iteration_difference","main_scaling","two_run_difference",400,4,3.20354430379747,3.21265822784811,0.0537408985275329,0.122500000000002,3.286,0.0824556962025339,0.0400443037974683,0.12299999999999,3.29300000000001,0.0824177215189776,0.0401582278481014,0,FALSE,FALSE,2.49723407618145,199.778726094516,0,"2717;2723;2729;2735",680,FALSE,0.998972656867387
"HPC","AD_Stan_WCP","NicoStan_BridgeStan",10000,25,32,8,4,80,"b97502ef4c1796520d0acd01a82ea24d","NicoStan_BridgeStan_state_allocation_thread_setup_sampling_model_load_divergence_check","iteration_difference","main_scaling","two_run_difference",400,4,1.83544303797467,1.84050632911392,0.0192582640683254,0.121000000000009,1.9335,0.098056962025326,0.0229430379746834,0.115999999999985,1.93349999999998,0.0929936708860614,0.023006329113924,0,FALSE,FALSE,4.35862068965521,348.689655172417,0,"2718;2724;2730;2736",681,TRUE,1
"HPC","AD_Stan_WCP","NicoStan_BridgeStan",10000,25,64,8,8,80,"b97502ef4c1796520d0acd01a82ea24d","NicoStan_BridgeStan_state_allocation_thread_setup_sampling_model_load_divergence_check","iteration_difference","main_scaling","two_run_difference",400,4,1.35544303797469,1.35493670886078,0.0219772500396771,0.13124999999998,1.46974999999999,0.114306962025296,0.0169430379746837,0.126499999999965,1.45650000000001,0.109772151898698,0.0169367088607598,0,FALSE,FALSE,5.90212924915946,472.170339932757,0,"2719;2725;2731;2737",682,FALSE,0.978147179678752
"HPC","AD_Stan_WCP","NicoStan_BridgeStan",10000,25,96,8,12,80,"b97502ef4c1796520d0acd01a82ea24d","NicoStan_BridgeStan_state_allocation_thread_setup_sampling_model_load_divergence_check","iteration_difference","main_scaling","two_run_difference",400,4,1.53240506329112,1.53518987341771,0.0509047554774014,0.13000000000001,1.64324999999999,0.110844936708871,0.0191550632911391,0.130500000000012,1.6455,0.111303797468355,0.0191898734177214,0,FALSE,FALSE,5.22055179249964,417.644143399971,0,"2720;2726;2732;2738",683,FALSE,0.833471006112711
"HPC","AD_Stan_WCP","NicoStan_BridgeStan",10000,25,128,8,16,80,"b97502ef4c1796520d0acd01a82ea24d","NicoStan_BridgeStan_state_allocation_thread_setup_sampling_model_load_divergence_check","iteration_difference","main_scaling","two_run_difference",400,4,1.8098734177215,1.75797468354429,0.161609963400324,0.129000000000005,1.91624999999999,0.106376582278486,0.0226234177215188,0.129500000000007,1.86449999999999,0.106525316455699,0.0219746835443037,0,FALSE,FALSE,4.42019862917894,353.615890334315,0,"2721;2727;2733;2739",684,FALSE,0.738844593649457
"HPC","AD_Stan_WCP","NicoStan_BridgeStan",10000,25,176,8,22,80,"b97502ef4c1796520d0acd01a82ea24d","NicoStan_BridgeStan_state_allocation_thread_setup_sampling_model_load_divergence_check","iteration_difference","main_scaling","two_run_difference",400,4,2.14177215189871,2.13215189873416,0.0661310535380876,0.129000000000005,2.24399999999999,0.102227848101271,0.0267721518987339,0.129000000000019,2.2345,0.102348101265842,0.0266518987341769,0,FALSE,FALSE,3.73522458628845,298.817966903076,0,"2722;2728;2734;2740",685,FALSE,0.659574468085104
"HPC","AD_Stan_WCP","NicoStan_BridgeStan",10000,25,32,16,2,80,"b97502ef4c1796520d0acd01a82ea24d","NicoStan_BridgeStan_state_allocation_thread_setup_sampling_model_load_divergence_check","iteration_difference","main_scaling","two_run_difference",400,4,3.64708860759494,3.64506329113925,0.0930195165248642,0.140500000000003,3.742,0.0949113924050662,0.0455886075949367,0.138499999999993,3.74250000000001,0.0927151898734109,0.0455632911392406,0,FALSE,FALSE,4.38706094682771,350.964875746217,0,"2741;2746;2751;2756",686,TRUE,1
"HPC","AD_Stan_WCP","NicoStan_BridgeStan",10000,25,64,16,4,80,"b97502ef4c1796520d0acd01a82ea24d","NicoStan_BridgeStan_state_allocation_thread_setup_sampling_model_load_divergence_check","iteration_difference","main_scaling","two_run_difference",400,4,2.48481012658229,2.49468354430378,0.0393104046030653,0.143749999999997,2.59750000000001,0.112689873417718,0.0310601265822787,0.146999999999991,2.602,0.115784810126574,0.0311835443037972,0,FALSE,FALSE,6.43912379011713,515.12990320937,0,"2742;2747;2752;2757",687,FALSE,0.953846153846157
"HPC","AD_Stan_WCP","NicoStan_BridgeStan",10000,25,96,16,6,80,"b97502ef4c1796520d0acd01a82ea24d","NicoStan_BridgeStan_state_allocation_thread_setup_sampling_model_load_divergence_check","iteration_difference","main_scaling","two_run_difference",400,4,2.54405063291139,2.54582278481008,0.0157830725276139,0.144000000000005,2.65625,0.112199367088613,0.0318006329113923,0.145499999999998,2.654,0.113556962025315,0.031822784810126,0,FALSE,FALSE,6.28918300328392,503.134640262714,0,"2743;2748;2753;2758",688,FALSE,0.856702159418865
"HPC","AD_Stan_WCP","NicoStan_BridgeStan",10000,25,128,16,8,80,"b97502ef4c1796520d0acd01a82ea24d","NicoStan_BridgeStan_state_allocation_thread_setup_sampling_model_load_divergence_check","iteration_difference","main_scaling","two_run_difference",400,4,3.00632911392406,3.01721518987342,0.0655515345762955,0.147750000000002,3.11650000000002,0.110170886075951,0.0375791139240508,0.148000000000025,3.13300000000001,0.110151898734202,0.0377151898734177,0,FALSE,FALSE,5.32210526315787,425.76842105263,0,"2744;2749;2754;2759",689,FALSE,0.705010526315783
"HPC","AD_Stan_WCP","NicoStan_BridgeStan",10000,25,176,16,11,80,"b97502ef4c1796520d0acd01a82ea24d","NicoStan_BridgeStan_state_allocation_thread_setup_sampling_model_load_divergence_check","iteration_difference","main_scaling","two_run_difference",400,4,4.01594936708859,3.99848101265819,0.0430538565881194,0.148750000000007,4.11449999999999,0.0985506329113994,0.0501993670886074,0.148000000000025,4.09649999999999,0.0980189873417971,0.0499810126582274,0,FALSE,FALSE,3.98411397591882,318.729118073506,0,"2745;2750;2755;2760",690,FALSE,0.525247431129037
"HPC","AD_Stan_WCP","NicoStan_BridgeStan",10000,25,96,24,4,80,"b97502ef4c1796520d0acd01a82ea24d","NicoStan_BridgeStan_state_allocation_thread_setup_sampling_model_load_divergence_check","iteration_difference","main_scaling","two_run_difference",400,4,4.17052631578946,4.18315789473701,0.166178046447239,0.164500000000004,4.2828947368421,0.112368421052636,0.0521315789473683,0.165500000000009,4.29686842105279,0.113710526315784,0.0522894736842126,0,FALSE,FALSE,5.75466935890966,460.373548712773,0,"2761;2762;2763;2764",691,FALSE,0.765774861181193
"HPC","AD_Stan_WCP","NicoStan_BridgeStan",10000,25,64,32,2,80,"b97502ef4c1796520d0acd01a82ea24d","NicoStan_BridgeStan_state_allocation_thread_setup_sampling_model_load_divergence_check","iteration_difference","main_scaling","two_run_difference",400,4,5.37263157894729,5.38105263157903,0.0769501763473703,0.183750000000003,5.48922368421046,0.116592105263162,0.0671578947368412,0.183500000000038,5.49778947368426,0.116447368421093,0.0672631578947379,0,FALSE,FALSE,5.95611285266466,476.489028213173,0,"2765;2767;2769;2771",692,FALSE,0.915556426332346
"HPC","AD_Stan_WCP","NicoStan_BridgeStan",10000,25,128,32,4,80,"b97502ef4c1796520d0acd01a82ea24d","NicoStan_BridgeStan_state_allocation_thread_setup_sampling_model_load_divergence_check","iteration_difference","main_scaling","two_run_difference",400,4,5.85263157894719,5.86947368421031,0.0704555811818671,0.197000000000003,5.97647368421035,0.123842105263163,0.0731578947368399,0.197000000000003,5.99660526315771,0.123605263157913,0.0733684210526289,0,FALSE,FALSE,5.46762589928074,437.410071942459,0,"2766;2768;2770;2772",693,FALSE,0.726798561151131
"HPC","AD_Stan_WCP","NicoStan_BridgeStan",10000,25,180,45,4,80,"b97502ef4c1796520d0acd01a82ea24d","NicoStan_BridgeStan_state_allocation_thread_setup_sampling_model_load_divergence_check","iteration_difference","main_scaling","two_run_difference",400,4,10.0768421052634,10.0084210526319,0.210396451174369,0.268499999999989,10.2193815789476,0.142539473684197,0.125960526315792,0.26849999999996,10.1518157894739,0.142657894736837,0.125105263157898,0,FALSE,FALSE,4.46568473832645,357.254779066116,0,"2773;2774;2775;2776",694,FALSE,0.549253107698728
"HPC","AD_Stan_WCP","NicoStan_BridgeStan",10000,25,96,48,2,80,"b97502ef4c1796520d0acd01a82ea24d","NicoStan_BridgeStan_state_allocation_thread_setup_sampling_model_load_divergence_check","iteration_difference","main_scaling","two_run_difference",400,4,7.7884210526317,7.78526315789517,0.240169223196922,0.24724999999998,7.93831578947378,0.149894736842084,0.0973552631578962,0.245000000000005,7.93294736842143,0.149289473684214,0.0973157894736896,0,FALSE,FALSE,6.16299499932414,493.039599945931,0,"2777;2778;2779;2780",695,FALSE,0.7886200837951
"HPC","AD_Stan_WCP","NicoStan_BridgeStan",10000,25,128,64,2,80,"b97502ef4c1796520d0acd01a82ea24d","NicoStan_BridgeStan_state_allocation_thread_setup_sampling_model_load_divergence_check","iteration_difference","main_scaling","two_run_difference",400,4,10.9473684210524,10.8315789473681,0.289047852658354,0.309000000000054,11.1195263157893,0.1721578947369,0.136842105263155,0.309000000000083,11.0041842105261,0.172605263157948,0.135394736842102,0,FALSE,FALSE,5.84615384615399,467.692307692319,0,"2781;2782;2783;2784",696,FALSE,0.715192307692313
"HPC","AD_Stan_WCP","NicoStan_BridgeStan",10000,25,180,90,2,80,"b97502ef4c1796520d0acd01a82ea24d","NicoStan_BridgeStan_state_allocation_thread_setup_sampling_model_load_divergence_check","iteration_difference","main_scaling","two_run_difference",400,4,19.0505263157894,18.9810526315786,0.300288565433487,0.512,19.3243947368421,0.273868421052633,0.238131578947368,0.509999999999991,19.2517894736839,0.274210526315803,0.237263157894733,0,FALSE,FALSE,4.72427892584817,377.942314067854,0,"2785;2786;2787;2788",697,FALSE,0.548568902641158
"HPC","AD_Stan_WCP","NicoStan_BridgeStan",10000,50,8,4,2,80,"b97502ef4c1796520d0acd01a82ea24d","NicoStan_BridgeStan_state_allocation_thread_setup_sampling_model_load_divergence_check","iteration_difference","main_scaling","two_run_difference",200,4,3.05189873417719,3.04658227848095,0.0446900582144011,0.116000000000014,3.12974999999999,0.077851265822799,0.0381487341772149,0.115499999999997,3.12699999999995,0.0772848101265795,0.0380822784810119,0,FALSE,FALSE,1.31065947739528,104.852758191623,0,"2789;2796;2803;2810",698,FALSE,0.957279137287433
"HPC","AD_Stan_WCP","NicoStan_BridgeStan",10000,50,16,4,4,80,"b97502ef4c1796520d0acd01a82ea24d","NicoStan_BridgeStan_state_allocation_thread_setup_sampling_model_load_divergence_check","iteration_difference","main_scaling","two_run_difference",200,4,1.64227848101269,1.63949367088616,0.0142343634195298,0.111499999999992,1.73325000000003,0.0909715189873337,0.0205284810126587,0.111999999999995,1.72850000000005,0.0913481012658174,0.020493670886077,0,FALSE,FALSE,2.43564051179276,194.851240943421,0,"2790;2797;2804;2811",699,FALSE,0.960228148604888
"HPC","AD_Stan_WCP","NicoStan_BridgeStan",10000,50,32,4,8,80,"b97502ef4c1796520d0acd01a82ea24d","NicoStan_BridgeStan_state_allocation_thread_setup_sampling_model_load_divergence_check","iteration_difference","main_scaling","two_run_difference",200,4,1.07822784810126,1.09367088607593,0.05861985090245,0.104500000000044,1.16925000000003,0.0910221518987785,0.0134778481012657,0.105500000000063,1.18100000000001,0.0914746835443677,0.0136708860759492,0,FALSE,FALSE,3.70979103075843,296.783282460674,0,"2791;2798;2805;2812",700,TRUE,1
"HPC","AD_Stan_WCP","NicoStan_BridgeStan",10000,50,64,4,16,80,"b97502ef4c1796520d0acd01a82ea24d","NicoStan_BridgeStan_state_allocation_thread_setup_sampling_model_load_divergence_check","iteration_difference","main_scaling","two_run_difference",200,4,1.01974683544301,1.02075949367092,0.0420222661695996,0.0990000000000038,1.10599999999998,0.0862531645569661,0.0127468354430377,0.0984999999999729,1.10549999999995,0.0857405063290864,0.0127594936708866,0,FALSE,FALSE,3.92254220456811,313.803376365449,0,"2792;2799;2806;2813",701,FALSE,0.95208540218471
"HPC","AD_Stan_WCP","NicoStan_BridgeStan",10000,50,96,4,24,80,"b97502ef4c1796520d0acd01a82ea24d","NicoStan_BridgeStan_state_allocation_thread_setup_sampling_model_load_divergence_check","iteration_difference","main_scaling","two_run_difference",200,4,1.05696202531644,1.06784810126584,0.0306750764658801,0.106500000000025,1.15025000000001,0.0932879746835698,0.0132120253164556,0.111999999999995,1.1515,0.099044303797463,0.013348101265823,0,FALSE,FALSE,3.78443113772459,302.754491017967,0,"2793;2800;2807;2814",702,FALSE,0.973173652694646
"HPC","AD_Stan_WCP","NicoStan_BridgeStan",10000,50,128,4,32,80,"b97502ef4c1796520d0acd01a82ea24d","NicoStan_BridgeStan_state_allocation_thread_setup_sampling_model_load_divergence_check","iteration_difference","main_scaling","two_run_difference",200,4,1.08734177215189,1.09367088607599,0.0705834407764349,0.0939999999999941,1.16774999999998,0.0804082278480955,0.0135917721518986,0.0930000000000177,1.17649999999998,0.0790696202531829,0.0136708860759499,0,FALSE,FALSE,3.67869615832367,294.295692665893,0,"2794;2801;2808;2815",703,FALSE,0.991152502910358
"HPC","AD_Stan_WCP","NicoStan_BridgeStan",10000,50,176,4,44,80,"b97502ef4c1796520d0acd01a82ea24d","NicoStan_BridgeStan_state_allocation_thread_setup_sampling_model_load_divergence_check","iteration_difference","main_scaling","two_run_difference",200,4,1.12911392405064,1.13063291139244,0.0689550111986547,0.10250000000002,1.21750000000003,0.0883860759493874,0.014113924050633,0.107000000000028,1.21000000000004,0.0927215189873697,0.0141329113924054,0,FALSE,FALSE,3.54260089686096,283.408071748877,0,"2795;2802;2809;2816",704,FALSE,0.964349775784934
"HPC","AD_Stan_WCP","NicoStan_BridgeStan",10000,50,16,8,2,80,"b97502ef4c1796520d0acd01a82ea24d","NicoStan_BridgeStan_state_allocation_thread_setup_sampling_model_load_divergence_check","iteration_difference","main_scaling","two_run_difference",200,4,3.30025316455689,3.29164556962018,0.0573263547981293,0.119750000000039,3.37874999999997,0.0784968354430778,0.0412531645569611,0.120000000000005,3.37099999999998,0.0792658227848152,0.0411455696202523,0,FALSE,FALSE,2.42405645903657,193.924516722925,0,"2817;2823;2829;2835",705,FALSE,0.969699294262057
"HPC","AD_Stan_WCP","NicoStan_BridgeStan",10000,50,32,8,4,80,"b97502ef4c1796520d0acd01a82ea24d","NicoStan_BridgeStan_state_allocation_thread_setup_sampling_model_load_divergence_check","iteration_difference","main_scaling","two_run_difference",200,4,1.88025316455697,1.87696202531651,0.0178942754906093,0.128499999999974,1.98524999999998,0.104996835443012,0.0235031645569621,0.129999999999939,1.98349999999999,0.106537974683482,0.0234620253164564,0,FALSE,FALSE,4.25474619631075,340.37969570486,0,"2818;2824;2830;2836",706,FALSE,0.976168035545971
"HPC","AD_Stan_WCP","NicoStan_BridgeStan",10000,50,64,8,8,80,"b97502ef4c1796520d0acd01a82ea24d","NicoStan_BridgeStan_state_allocation_thread_setup_sampling_model_load_divergence_check","iteration_difference","main_scaling","two_run_difference",200,4,1.36531645569621,1.35240506329111,0.036384130411391,0.124500000000012,1.47275000000002,0.107433544303809,0.0170664556962026,0.126000000000033,1.4615,0.109094936708894,0.0169050632911388,0,FALSE,FALSE,5.85944743185608,468.755794548486,0,"2819;2825;2831;2837",707,FALSE,0.971073613944011
"HPC","AD_Stan_WCP","NicoStan_BridgeStan",10000,50,96,8,12,80,"b97502ef4c1796520d0acd01a82ea24d","NicoStan_BridgeStan_state_allocation_thread_setup_sampling_model_load_divergence_check","iteration_difference","main_scaling","two_run_difference",200,4,1.27721518987346,1.26582278481018,0.0346024491589134,0.127749999999992,1.38900000000004,0.111784810126574,0.0159651898734183,0.127999999999986,1.37850000000003,0.112253164556948,0.0158227848101273,0,FALSE,FALSE,6.26362735381543,501.090188305234,0,"2820;2826;2832;2838",708,TRUE,1
"HPC","AD_Stan_WCP","NicoStan_BridgeStan",10000,50,128,8,16,80,"b97502ef4c1796520d0acd01a82ea24d","NicoStan_BridgeStan_state_allocation_thread_setup_sampling_model_load_divergence_check","iteration_difference","main_scaling","two_run_difference",200,4,1.3372151898734,1.30835443037972,0.0804558927009236,0.120249999999999,1.44074999999998,0.103534810126581,0.0167151898734175,0.121500000000026,1.40949999999998,0.104291139240533,0.0163544303797465,0,FALSE,FALSE,5.98258235516858,478.606588413487,0,"2821;2827;2833;2839",709,TRUE,1
"HPC","AD_Stan_WCP","NicoStan_BridgeStan",10000,50,176,8,22,80,"b97502ef4c1796520d0acd01a82ea24d","NicoStan_BridgeStan_state_allocation_thread_setup_sampling_model_load_divergence_check","iteration_difference","main_scaling","two_run_difference",200,4,1.48531645569619,1.48658227848097,0.0416248521692931,0.125750000000011,1.5925,0.107183544303808,0.0185664556962024,0.125500000000045,1.59299999999996,0.106563291139286,0.0185822784810122,0,FALSE,FALSE,5.38605761036308,430.884608829047,0,"2822;2828;2834;2840",710,FALSE,0.951082324867899
"HPC","AD_Stan_WCP","NicoStan_BridgeStan",10000,50,32,16,2,80,"b97502ef4c1796520d0acd01a82ea24d","NicoStan_BridgeStan_state_allocation_thread_setup_sampling_model_load_divergence_check","iteration_difference","main_scaling","two_run_difference",200,4,3.73113924050634,3.74177215189873,0.102275138851701,0.137499999999989,3.822,0.0908607594936593,0.0466392405063293,0.138000000000034,3.82850000000002,0.0915126582278816,0.0467721518987341,0,FALSE,FALSE,4.28823449586102,343.058759668882,0,"2841;2846;2851;2856",711,FALSE,0.977473198534397
"HPC","AD_Stan_WCP","NicoStan_BridgeStan",10000,50,64,16,4,80,"b97502ef4c1796520d0acd01a82ea24d","NicoStan_BridgeStan_state_allocation_thread_setup_sampling_model_load_divergence_check","iteration_difference","main_scaling","two_run_difference",200,4,2.3701265822785,2.37265822784812,0.0315986149540892,0.136999999999972,2.47749999999999,0.107373417721491,0.0296265822784813,0.137499999999989,2.48149999999998,0.108126582278469,0.0296582278481015,0,FALSE,FALSE,6.75069429609052,540.055543687242,0,"2842;2847;2852;2857",712,TRUE,1
"HPC","AD_Stan_WCP","NicoStan_BridgeStan",10000,50,96,16,6,80,"b97502ef4c1796520d0acd01a82ea24d","NicoStan_BridgeStan_state_allocation_thread_setup_sampling_model_load_divergence_check","iteration_difference","main_scaling","two_run_difference",200,4,2.17949367088611,2.18177215189872,0.0383687013039706,0.143749999999983,2.29600000000002,0.116506329113907,0.0272436708860764,0.14749999999998,2.29199999999997,0.120132911392384,0.027272151898734,0,FALSE,FALSE,7.34115460564513,587.29236845161,0,"2843;2848;2853;2858",713,TRUE,1
"HPC","AD_Stan_WCP","NicoStan_BridgeStan",10000,50,128,16,8,80,"b97502ef4c1796520d0acd01a82ea24d","NicoStan_BridgeStan_state_allocation_thread_setup_sampling_model_load_divergence_check","iteration_difference","main_scaling","two_run_difference",200,4,2.16911392405066,2.1513924050633,0.0779812589698681,0.149000000000029,2.29100000000005,0.121886075949396,0.0271139240506332,0.145500000000027,2.27500000000003,0.118607594936736,0.0268924050632913,0,FALSE,FALSE,7.376283846872,590.10270774976,0,"2844;2849;2854;2859",714,FALSE,0.97712418300652
"HPC","AD_Stan_WCP","NicoStan_BridgeStan",10000,50,176,16,11,80,"b97502ef4c1796520d0acd01a82ea24d","NicoStan_BridgeStan_state_allocation_thread_setup_sampling_model_load_divergence_check","iteration_difference","main_scaling","two_run_difference",200,4,2.50607594936703,2.50430379746825,0.0113180885935932,0.142000000000024,2.61674999999997,0.110674050632936,0.0313259493670879,0.141999999999996,2.61449999999996,0.110721518987338,0.0313037974683532,0,FALSE,FALSE,6.38448328113966,510.758662491172,0,"2845;2850;2855;2860",715,FALSE,0.841701181937577
"HPC","AD_Stan_WCP","NicoStan_BridgeStan",10000,50,96,24,4,80,"b97502ef4c1796520d0acd01a82ea24d","NicoStan_BridgeStan_state_allocation_thread_setup_sampling_model_load_divergence_check","iteration_difference","main_scaling","two_run_difference",200,4,3.19578947368403,3.20421052631565,0.0767194406658025,0.16799999999995,3.32384210526293,0.128052631578899,0.0399473684210504,0.161500000000046,3.32515789473665,0.12118421052625,0.0400526315789456,0,FALSE,FALSE,7.50988142292532,600.790513834026,0,"2861;2862;2863;2864",716,FALSE,0.999341238471689
"HPC","AD_Stan_WCP","NicoStan_BridgeStan",10000,50,64,32,2,80,"b97502ef4c1796520d0acd01a82ea24d","NicoStan_BridgeStan_state_allocation_thread_setup_sampling_model_load_divergence_check","iteration_difference","main_scaling","two_run_difference",200,4,4.91894736842129,4.89894736842105,0.0838148599470143,0.186249999999916,5.04371052631594,0.12476315789465,0.0614868421052662,0.184499999999957,5.02571052631566,0.122763157894688,0.0612368421052631,0,FALSE,FALSE,6.50545687994832,520.436550395866,0,"2865;2867;2869;2871",717,TRUE,1
"HPC","AD_Stan_WCP","NicoStan_BridgeStan",10000,50,128,32,4,80,"b97502ef4c1796520d0acd01a82ea24d","NicoStan_BridgeStan_state_allocation_thread_setup_sampling_model_load_divergence_check","iteration_difference","main_scaling","two_run_difference",200,4,4.42736842105277,4.40842105263169,0.121328442464971,0.191000000000031,4.56302631578964,0.135657894736871,0.0553421052631596,0.191000000000031,4.54381578947383,0.135394736842147,0.0551052631578961,0,FALSE,FALSE,7.22776985259131,578.221588207305,0,"2866;2868;2870;2872",718,FALSE,0.96077032810272
"HPC","AD_Stan_WCP","NicoStan_BridgeStan",10000,50,180,45,4,80,"b97502ef4c1796520d0acd01a82ea24d","NicoStan_BridgeStan_state_allocation_thread_setup_sampling_model_load_divergence_check","iteration_difference","main_scaling","two_run_difference",200,4,6.59894736842106,6.56421052631566,0.200737329689786,0.237750000000062,6.75421052631586,0.155263157894799,0.0824868421052632,0.23700000000008,6.71615789473675,0.153263157894816,0.0820526315789457,0,FALSE,FALSE,6.81926942096027,545.541553676822,0,"2873;2874;2875;2876",719,FALSE,0.838730260009576
"HPC","AD_Stan_WCP","NicoStan_BridgeStan",10000,50,96,48,2,80,"b97502ef4c1796520d0acd01a82ea24d","NicoStan_BridgeStan_state_allocation_thread_setup_sampling_model_load_divergence_check","iteration_difference","main_scaling","two_run_difference",200,4,6.14210526315793,6.13052631578955,0.0618221319000363,0.228749999999991,6.29407894736845,0.151973684210517,0.0767763157894742,0.227999999999838,6.28389473684219,0.15099999999996,0.0766315789473693,0,FALSE,FALSE,7.81491002570689,625.192802056551,0,"2877;2878;2879;2880",720,TRUE,1
"HPC","AD_Stan_WCP","NicoStan_BridgeStan",10000,50,128,64,2,80,"b97502ef4c1796520d0acd01a82ea24d","NicoStan_BridgeStan_state_allocation_thread_setup_sampling_model_load_divergence_check","iteration_difference","main_scaling","two_run_difference",200,4,8.23157894736859,8.09894736842101,0.490003486146326,0.281000000000006,8.40968421052649,0.178105263157898,0.102894736842107,0.280999999999949,8.27871052631581,0.178973684210507,0.101236842105263,0,FALSE,FALSE,7.77493606138091,621.994884910473,0,"2881;2882;2883;2884",721,FALSE,0.951150895140629
"HPC","AD_Stan_WCP","NicoStan_BridgeStan",10000,50,180,90,2,80,"b97502ef4c1796520d0acd01a82ea24d","NicoStan_BridgeStan_state_allocation_thread_setup_sampling_model_load_divergence_check","iteration_difference","main_scaling","two_run_difference",200,4,12.5147368421052,12.3010526315786,0.446069114222506,0.424999999999955,12.7833026315788,0.26856578947364,0.156434210526314,0.425499999999943,12.5747894736839,0.271789473684156,0.153763157894733,0,FALSE,FALSE,7.19152157456479,575.321725965183,0,"2885;2886;2887;2888",722,FALSE,0.835057616283938
"HPC","AD_Stan_WCP","NicoStan_BridgeStan",10000,100,8,4,2,80,"b97502ef4c1796520d0acd01a82ea24d","NicoStan_BridgeStan_state_allocation_thread_setup_sampling_model_load_divergence_check","iteration_difference","main_scaling","two_run_difference",100,4,3.21544303797466,3.22278481012659,0.0428947729288678,0.117000000000047,3.29225000000002,0.0768069620253638,0.0401930379746833,0.117000000000075,3.30150000000003,0.0766898734177975,0.0402848101265823,0,FALSE,FALSE,1.24399653570586,99.5197228564687,0,"2889;2896;2903;2910",723,FALSE,0.908589874813006
"HPC","AD_Stan_WCP","NicoStan_BridgeStan",10000,100,16,4,4,80,"b97502ef4c1796520d0acd01a82ea24d","NicoStan_BridgeStan_state_allocation_thread_setup_sampling_model_load_divergence_check","iteration_difference","main_scaling","two_run_difference",100,4,1.73721518987344,1.73620253164561,0.0107329033556215,0.113999999999976,1.8295,0.0922848101265579,0.021715189873418,0.113999999999976,1.82850000000002,0.0922974683544057,0.0217025316455702,0,FALSE,FALSE,2.30253570387639,184.202856310112,0,"2890;2897;2904;2911",724,FALSE,0.907752841737098
"HPC","AD_Stan_WCP","NicoStan_BridgeStan",10000,100,32,4,8,80,"b97502ef4c1796520d0acd01a82ea24d","NicoStan_BridgeStan_state_allocation_thread_setup_sampling_model_load_divergence_check","iteration_difference","main_scaling","two_run_difference",100,4,1.10556962025315,1.09670886075946,0.0533250541028881,0.111500000000007,1.20325,0.0976803797468422,0.0138196202531644,0.112500000000011,1.19549999999998,0.0987911392405181,0.0137088607594933,0,FALSE,FALSE,3.6180444240898,289.443553927184,0,"2891;2898;2905;2912",725,FALSE,0.975269063430271
"HPC","AD_Stan_WCP","NicoStan_BridgeStan",10000,100,64,4,16,80,"b97502ef4c1796520d0acd01a82ea24d","NicoStan_BridgeStan_state_allocation_thread_setup_sampling_model_load_divergence_check","iteration_difference","main_scaling","two_run_difference",100,4,0.970886075949348,0.959999999999979,0.0536573504148031,0.108250000000027,1.06700000000001,0.0961139240506598,0.0121360759493668,0.107000000000028,1.05349999999999,0.0950253164557243,0.0119999999999997,0,FALSE,FALSE,4.11994784876149,329.595827900919,0,"2892;2899;2906;2913",726,TRUE,1
"HPC","AD_Stan_WCP","NicoStan_BridgeStan",10000,100,96,4,24,80,"b97502ef4c1796520d0acd01a82ea24d","NicoStan_BridgeStan_state_allocation_thread_setup_sampling_model_load_divergence_check","iteration_difference","main_scaling","two_run_difference",100,4,1.02860759493673,1.03493670886081,0.0794850703509301,0.104749999999967,1.12049999999999,0.0918924050632581,0.0128575949367092,0.10549999999995,1.1275,0.0923354430379693,0.0129367088607601,0,FALSE,FALSE,3.888752153581,311.10017228648,0,"2893;2900;2907;2914",727,TRUE,1
"HPC","AD_Stan_WCP","NicoStan_BridgeStan",10000,100,128,4,32,80,"b97502ef4c1796520d0acd01a82ea24d","NicoStan_BridgeStan_state_allocation_thread_setup_sampling_model_load_divergence_check","iteration_difference","main_scaling","two_run_difference",100,4,1.07772151898733,1.08354430379746,0.0660761110300676,0.110750000000024,1.17500000000001,0.0972784810126827,0.0134715189873416,0.109500000000025,1.17650000000003,0.0967215189873672,0.0135443037974683,0,FALSE,FALSE,3.71153394409213,296.92271552737,0,"2894;2901;2908;2915",728,TRUE,1
"HPC","AD_Stan_WCP","NicoStan_BridgeStan",10000,100,176,4,44,80,"b97502ef4c1796520d0acd01a82ea24d","NicoStan_BridgeStan_state_allocation_thread_setup_sampling_model_load_divergence_check","iteration_difference","main_scaling","two_run_difference",100,4,1.13696202531648,1.15037974683553,0.048278598279759,0.10899999999998,1.23175000000001,0.0947879746835244,0.014212025316456,0.108499999999992,1.24550000000005,0.0944556962025243,0.0143797468354441,0,FALSE,FALSE,3.51814740592288,281.45179247383,0,"2895;2902;2909;2916",729,FALSE,0.957693164106156
"HPC","AD_Stan_WCP","NicoStan_BridgeStan",10000,100,16,8,2,80,"b97502ef4c1796520d0acd01a82ea24d","NicoStan_BridgeStan_state_allocation_thread_setup_sampling_model_load_divergence_check","iteration_difference","main_scaling","two_run_difference",100,4,3.45670886075946,3.4551898734177,0.0599296352518823,0.124750000000034,3.53825000000001,0.081541139240541,0.0432088607594933,0.124000000000024,3.5385,0.0813797468354664,0.0431898734177212,0,FALSE,FALSE,2.31434012011134,185.147209608907,0,"2917;2923;2929;2935",730,FALSE,0.925809286655926
"HPC","AD_Stan_WCP","NicoStan_BridgeStan",10000,100,32,8,4,80,"b97502ef4c1796520d0acd01a82ea24d","NicoStan_BridgeStan_state_allocation_thread_setup_sampling_model_load_divergence_check","iteration_difference","main_scaling","two_run_difference",100,4,1.96987341772148,1.9701265822784,0.0157613999152619,0.127500000000026,2.07274999999998,0.102876582278508,0.0246234177215185,0.129500000000007,2.07099999999997,0.104746835443046,0.0246265822784801,0,FALSE,FALSE,4.06117465621394,324.893972497115,0,"2918;2924;2930;2936",731,FALSE,0.931756843593381
"HPC","AD_Stan_WCP","NicoStan_BridgeStan",10000,100,64,8,8,80,"b97502ef4c1796520d0acd01a82ea24d","NicoStan_BridgeStan_state_allocation_thread_setup_sampling_model_load_divergence_check","iteration_difference","main_scaling","two_run_difference",100,4,1.32582278481015,1.3225316455696,0.0335593469971233,0.124249999999961,1.43349999999998,0.107677215189834,0.0165727848101268,0.124499999999955,1.42899999999997,0.108094936708816,0.01653164556962,0,FALSE,FALSE,6.03398892495694,482.719113996556,0,"2919;2925;2931;2937",732,TRUE,1
"HPC","AD_Stan_WCP","NicoStan_BridgeStan",10000,100,96,8,12,80,"b97502ef4c1796520d0acd01a82ea24d","NicoStan_BridgeStan_state_allocation_thread_setup_sampling_model_load_divergence_check","iteration_difference","main_scaling","two_run_difference",100,4,1.29012658227851,1.29974683544304,0.0428439408633877,0.120000000000005,1.39400000000003,0.103873417721523,0.0161265822784814,0.119999999999948,1.40350000000007,0.103962025316448,0.016246835443038,0,FALSE,FALSE,6.20094191522749,496.075353218199,0,"2920;2926;2932;2938",733,FALSE,0.98999215070645
"HPC","AD_Stan_WCP","NicoStan_BridgeStan",10000,100,128,8,16,80,"b97502ef4c1796520d0acd01a82ea24d","NicoStan_BridgeStan_state_allocation_thread_setup_sampling_model_load_divergence_check","iteration_difference","main_scaling","two_run_difference",100,4,1.366835443038,1.36000000000002,0.0331494151667854,0.126249999999999,1.47600000000003,0.109164556962024,0.017085443037975,0.126500000000021,1.46950000000004,0.109500000000021,0.0170000000000002,0,FALSE,FALSE,5.85293572883855,468.234858307084,0,"2921;2927;2933;2939",734,FALSE,0.978329320244455
"HPC","AD_Stan_WCP","NicoStan_BridgeStan",10000,100,176,8,22,80,"b97502ef4c1796520d0acd01a82ea24d","NicoStan_BridgeStan_state_allocation_thread_setup_sampling_model_load_divergence_check","iteration_difference","main_scaling","two_run_difference",100,4,1.41265822784808,1.41265822784814,0.00584658500445989,0.121999999999986,1.51699999999997,0.104341772151885,0.017658227848101,0.122500000000002,1.51349999999996,0.104892405063294,0.0176582278481018,0,FALSE,FALSE,5.66308243727606,453.046594982085,0,"2922;2928;2934;2940",735,TRUE,1
"HPC","AD_Stan_WCP","NicoStan_BridgeStan",10000,100,32,16,2,80,"b97502ef4c1796520d0acd01a82ea24d","NicoStan_BridgeStan_state_allocation_thread_setup_sampling_model_load_divergence_check","iteration_difference","main_scaling","two_run_difference",100,4,3.91291139240504,3.90784810126575,0.104763233766891,0.138000000000005,4.00199999999998,0.0890886075949422,0.048911392405063,0.139499999999998,3.99849999999998,0.0904746835443021,0.0488481012658218,0,FALSE,FALSE,4.0890269151139,327.122153209112,0,"2941;2946;2951;2956",736,FALSE,0.93206521739131
"HPC","AD_Stan_WCP","NicoStan_BridgeStan",10000,100,64,16,4,80,"b97502ef4c1796520d0acd01a82ea24d","NicoStan_BridgeStan_state_allocation_thread_setup_sampling_model_load_divergence_check","iteration_difference","main_scaling","two_run_difference",100,4,2.42582278481013,2.42683544303798,0.0506362868073252,0.137250000000023,2.53275000000002,0.106927215189896,0.0303227848101266,0.13900000000001,2.53050000000007,0.109208860759504,0.0303354430379747,0,FALSE,FALSE,6.5957002713421,527.656021707368,0,"2942;2947;2952;2957",737,FALSE,0.97704028386559
"HPC","AD_Stan_WCP","NicoStan_BridgeStan",10000,100,96,16,6,80,"b97502ef4c1796520d0acd01a82ea24d","NicoStan_BridgeStan_state_allocation_thread_setup_sampling_model_load_divergence_check","iteration_difference","main_scaling","two_run_difference",100,4,2.21037974683547,2.20000000000007,0.0645584512114287,0.134999999999991,2.31775000000002,0.107370253164548,0.0276297468354434,0.135499999999979,2.31050000000005,0.108284810126561,0.0275000000000009,0,FALSE,FALSE,7.23857519184506,579.086015347605,0,"2943;2948;2953;2958",738,FALSE,0.986026801053722
"HPC","AD_Stan_WCP","NicoStan_BridgeStan",10000,100,128,16,8,80,"b97502ef4c1796520d0acd01a82ea24d","NicoStan_BridgeStan_state_allocation_thread_setup_sampling_model_load_divergence_check","iteration_difference","main_scaling","two_run_difference",100,4,2.11949367088607,2.11696202531648,0.0293845430451802,0.150999999999982,2.24399999999997,0.124506329113906,0.0264936708860758,0.148500000000013,2.2475,0.122069620253178,0.026462025316456,0,FALSE,FALSE,7.54897276636411,603.917821309129,0,"2944;2949;2954;2959",739,TRUE,1
"HPC","AD_Stan_WCP","NicoStan_BridgeStan",10000,100,176,16,11,80,"b97502ef4c1796520d0acd01a82ea24d","NicoStan_BridgeStan_state_allocation_thread_setup_sampling_model_load_divergence_check","iteration_difference","main_scaling","two_run_difference",100,4,2.10936708860756,2.10177215189877,0.0266003555170669,0.14425,2.22724999999997,0.117882911392405,0.0263670886075946,0.143000000000029,2.21850000000001,0.116746835443068,0.0262721518987346,0,FALSE,FALSE,7.58521363418158,606.817090734526,0,"2945;2950;2955;2960",740,TRUE,1
"HPC","AD_Stan_WCP","NicoStan_BridgeStan",10000,100,96,24,4,80,"b97502ef4c1796520d0acd01a82ea24d","NicoStan_BridgeStan_state_allocation_thread_setup_sampling_model_load_divergence_check","iteration_difference","main_scaling","two_run_difference",100,4,3.19368421052619,3.19999999999948,0.0421753802140373,0.164750000000083,3.31851315789469,0.124828947368506,0.0399210526315773,0.162500000000023,3.32749999999962,0.122736842105287,0.0399999999999935,0,FALSE,FALSE,7.51483190507611,601.186552406089,0,"2961;2962;2963;2964",741,TRUE,1
"HPC","AD_Stan_WCP","NicoStan_BridgeStan",10000,100,64,32,2,80,"b97502ef4c1796520d0acd01a82ea24d","NicoStan_BridgeStan_state_allocation_thread_setup_sampling_model_load_divergence_check","iteration_difference","main_scaling","two_run_difference",100,4,4.96315789473747,4.94947368421124,0.0288403124047071,0.182749999999942,5.0838684210532,0.120710526315723,0.0620394736842184,0.182999999999993,5.07360526315852,0.121131578947358,0.0618684210526405,0,FALSE,FALSE,6.44750795333958,515.800636267167,0,"2965;2967;2969;2971",742,FALSE,0.991092258748597
"HPC","AD_Stan_WCP","NicoStan_BridgeStan",10000,100,128,32,4,80,"b97502ef4c1796520d0acd01a82ea24d","NicoStan_BridgeStan_state_allocation_thread_setup_sampling_model_load_divergence_check","iteration_difference","main_scaling","two_run_difference",100,4,4.25368421052649,4.25052631578996,0.0693885709359878,0.194749999999999,4.39526315789491,0.141578947368418,0.0531710526315811,0.194000000000074,4.39289473684251,0.140789473684286,0.0531315789473745,0,FALSE,FALSE,7.52289037366957,601.831229893566,0,"2966;2968;2970;2972",743,TRUE,1
"HPC","AD_Stan_WCP","NicoStan_BridgeStan",10000,100,180,45,4,80,"b97502ef4c1796520d0acd01a82ea24d","NicoStan_BridgeStan_state_allocation_thread_setup_sampling_model_load_divergence_check","iteration_difference","main_scaling","two_run_difference",100,4,5.5347368421053,5.38315789473688,0.324593075742605,0.238000000000056,5.70355263157904,0.16881578947374,0.0691842105263163,0.236500000000092,5.5498684210527,0.169368421052725,0.067289473684211,0,FALSE,FALSE,8.13046785850127,650.437428680102,0,"2973;2974;2975;2976",744,TRUE,1
"HPC","AD_Stan_WCP","NicoStan_BridgeStan",10000,100,96,48,2,80,"b97502ef4c1796520d0acd01a82ea24d","NicoStan_BridgeStan_state_allocation_thread_setup_sampling_model_load_divergence_check","iteration_difference","main_scaling","two_run_difference",100,4,6.29157894736828,6.27368421052635,0.104918734766197,0.228250000000003,6.44118421052617,0.149605263157899,0.0786447368421034,0.22849999999994,6.42376315789471,0.149710526315714,0.0784210526315794,0,FALSE,FALSE,7.62924544085679,610.339635268543,0,"2977;2978;2979;2980",745,FALSE,0.976242262004378
"HPC","AD_Stan_WCP","NicoStan_BridgeStan",10000,100,128,64,2,80,"b97502ef4c1796520d0acd01a82ea24d","NicoStan_BridgeStan_state_allocation_thread_setup_sampling_model_load_divergence_check","iteration_difference","main_scaling","two_run_difference",100,4,7.82947368421039,7.75368421052582,0.206973530855103,0.27800000000002,8.00960526315778,0.18013157894739,0.0978684210526299,0.27800000000002,7.93476315789427,0.180631578947411,0.0969210526315728,0,FALSE,FALSE,8.174240387201,653.93923097608,0,"2981;2982;2983;2984",746,TRUE,1
"HPC","AD_Stan_WCP","NicoStan_BridgeStan",10000,100,180,90,2,80,"b97502ef4c1796520d0acd01a82ea24d","NicoStan_BridgeStan_state_allocation_thread_setup_sampling_model_load_divergence_check","iteration_difference","main_scaling","two_run_difference",100,4,10.4505263157891,10.3326315789467,0.402129144142712,0.400250000000028,10.7201447368418,0.269618421052664,0.130631578947364,0.409000000000106,10.5924736842099,0.279394736842152,0.129157894736834,0,FALSE,FALSE,8.61200644641448,688.960515713158,0,"2985;2986;2987;2988",747,TRUE,1
"HPC","AD_Stan_WCP","NicoStan_BridgeStan",10000,250,8,4,2,80,"b97502ef4c1796520d0acd01a82ea24d","NicoStan_BridgeStan_state_allocation_thread_setup_sampling_model_load_divergence_check","iteration_difference","main_scaling","two_run_difference",40,4,3.47139240506328,3.46886075949366,0.0719628881192452,0.126500000000014,3.5545,0.0831075949367233,0.043392405063291,0.124000000000024,3.54950000000001,0.0806392405063529,0.0433607594936707,0,FALSE,FALSE,1.15227537922987,92.18203033839,0,"2989;2996;3003;3010",748,FALSE,0.841598599766623
"HPC","AD_Stan_WCP","NicoStan_BridgeStan",10000,250,16,4,4,80,"b97502ef4c1796520d0acd01a82ea24d","NicoStan_BridgeStan_state_allocation_thread_setup_sampling_model_load_divergence_check","iteration_difference","main_scaling","two_run_difference",40,4,1.89392405063292,1.88962025316457,0.03320093344352,0.127249999999997,1.9975,0.103575949367085,0.0236740506329115,0.121000000000009,1.986,0.0976012658227943,0.0236202531645571,0,FALSE,FALSE,2.11201711001202,168.961368800962,0,"2990;2997;3004;3011",749,FALSE,0.832642694826898
"HPC","AD_Stan_WCP","NicoStan_BridgeStan",10000,250,32,4,8,80,"b97502ef4c1796520d0acd01a82ea24d","NicoStan_BridgeStan_state_allocation_thread_setup_sampling_model_load_divergence_check","iteration_difference","main_scaling","two_run_difference",40,4,1.22151898734177,1.23240506329114,0.0350344136138142,0.111499999999992,1.31774999999999,0.0962310126582203,0.0152689873417721,0.111499999999992,1.32849999999999,0.0963670886075874,0.0154050632911392,0,FALSE,FALSE,3.27461139896374,261.968911917099,0,"2991;2998;3005;3012",750,FALSE,0.882694300518128
"HPC","AD_Stan_WCP","NicoStan_BridgeStan",10000,250,64,4,16,80,"b97502ef4c1796520d0acd01a82ea24d","NicoStan_BridgeStan_state_allocation_thread_setup_sampling_model_load_divergence_check","iteration_difference","main_scaling","two_run_difference",40,4,1.0767088607595,1.08354430379748,0.0388556051502747,0.112749999999998,1.176,0.0992911392405046,0.0134588607594937,0.117999999999995,1.17500000000001,0.104721518987337,0.0135443037974684,0,FALSE,FALSE,3.7150246884552,297.201975076416,0,"2992;2999;3006;3013",751,FALSE,0.901716435457303
"HPC","AD_Stan_WCP","NicoStan_BridgeStan",10000,250,96,4,24,80,"b97502ef4c1796520d0acd01a82ea24d","NicoStan_BridgeStan_state_allocation_thread_setup_sampling_model_load_divergence_check","iteration_difference","main_scaling","two_run_difference",40,4,1.04987341772153,1.03493670886075,0.0506219397395746,0.108499999999992,1.14525,0.0953765822784731,0.0131234177215191,0.113499999999988,1.13,0.100189873417709,0.0129367088607594,0,FALSE,FALSE,3.8099831203279,304.798649626232,0,"2993;3000;3007;3014",752,FALSE,0.97974439353751
"HPC","AD_Stan_WCP","NicoStan_BridgeStan",10000,250,128,4,32,80,"b97502ef4c1796520d0acd01a82ea24d","NicoStan_BridgeStan_state_allocation_thread_setup_sampling_model_load_divergence_check","iteration_difference","main_scaling","two_run_difference",40,4,1.07873417721518,1.08455696202529,0.0501538518502684,0.118500000000004,1.18375,0.105015822784815,0.0134841772151898,0.118000000000009,1.18999999999998,0.105037974683554,0.0135569620253161,0,FALSE,FALSE,3.708049753579,296.64398028632,0,"2994;3001;3008;3015",753,FALSE,0.999061253226938
"HPC","AD_Stan_WCP","NicoStan_BridgeStan",10000,250,176,4,44,80,"b97502ef4c1796520d0acd01a82ea24d","NicoStan_BridgeStan_state_allocation_thread_setup_sampling_model_load_divergence_check","iteration_difference","main_scaling","two_run_difference",40,4,1.18582278481013,1.18835443037974,0.0570873445648791,0.116749999999989,1.28774999999999,0.101927215189862,0.0148227848101266,0.117999999999981,1.29049999999999,0.103145569620234,0.0148544303797467,0,FALSE,FALSE,3.3731853116994,269.854824935952,0,"2995;3002;3009;3016",754,FALSE,0.918232280102657
"HPC","AD_Stan_WCP","NicoStan_BridgeStan",10000,250,16,8,2,80,"b97502ef4c1796520d0acd01a82ea24d","NicoStan_BridgeStan_state_allocation_thread_setup_sampling_model_load_divergence_check","iteration_difference","main_scaling","two_run_difference",40,4,3.75367088607595,3.75088607594937,0.0418786521149401,0.128249999999994,3.83499999999999,0.0813291139240448,0.0469208860759494,0.127499999999998,3.83150000000001,0.0808987341772129,0.0468860759493672,0,FALSE,FALSE,2.13124704930195,170.499763944156,0,"3017;3023;3029;3035",755,FALSE,0.85256626424765
"HPC","AD_Stan_WCP","NicoStan_BridgeStan",10000,250,32,8,4,80,"b97502ef4c1796520d0acd01a82ea24d","NicoStan_BridgeStan_state_allocation_thread_setup_sampling_model_load_divergence_check","iteration_difference","main_scaling","two_run_difference",40,4,2.19037974683543,2.18886075949366,0.0194437411968207,0.126750000000001,2.28974999999998,0.0993702531645584,0.0273797468354428,0.127499999999998,2.28749999999999,0.10001898734177,0.0273607594936708,0,FALSE,FALSE,3.65233472029592,292.186777623673,0,"3018;3024;3030;3036",756,FALSE,0.837956541840037
"HPC","AD_Stan_WCP","NicoStan_BridgeStan",10000,250,64,8,8,80,"b97502ef4c1796520d0acd01a82ea24d","NicoStan_BridgeStan_state_allocation_thread_setup_sampling_model_load_divergence_check","iteration_difference","main_scaling","two_run_difference",40,4,1.53670886075951,1.53924050632912,0.0414283254249971,0.129499999999993,1.64700000000001,0.110291139240499,0.0192088607594938,0.127499999999998,1.6515,0.108696202531643,0.0192405063291141,0,FALSE,FALSE,5.20593080724872,416.474464579898,0,"3019;3025;3031;3037",757,FALSE,0.862767710049429
"HPC","AD_Stan_WCP","NicoStan_BridgeStan",10000,250,96,8,12,80,"b97502ef4c1796520d0acd01a82ea24d","NicoStan_BridgeStan_state_allocation_thread_setup_sampling_model_load_divergence_check","iteration_difference","main_scaling","two_run_difference",40,4,1.45898734177215,1.45620253164556,0.0541077673108547,0.127750000000006,1.5685,0.109512658227854,0.0182373417721518,0.126000000000005,1.5625,0.10793037974684,0.0182025316455695,0,FALSE,FALSE,5.48325524900228,438.660419920182,0,"3020;3026;3032;3038",758,FALSE,0.87541211174739
"HPC","AD_Stan_WCP","NicoStan_BridgeStan",10000,250,128,8,16,80,"b97502ef4c1796520d0acd01a82ea24d","NicoStan_BridgeStan_state_allocation_thread_setup_sampling_model_load_divergence_check","iteration_difference","main_scaling","two_run_difference",40,4,1.47139240506329,1.46784810126582,0.0191603928388898,0.129750000000001,1.58275,0.11135759493671,0.0183924050632912,0.130999999999972,1.58250000000001,0.112765822784781,0.0183481012658228,0,FALSE,FALSE,5.43702684101857,434.962147281486,0,"3021;3027;3033;3039",759,FALSE,0.908809359944927
"HPC","AD_Stan_WCP","NicoStan_BridgeStan",10000,250,176,8,22,80,"b97502ef4c1796520d0acd01a82ea24d","NicoStan_BridgeStan_state_allocation_thread_setup_sampling_model_load_divergence_check","iteration_difference","main_scaling","two_run_difference",40,4,1.55848101265821,1.55240506329115,0.0289745333115814,0.123250000000013,1.66225,0.103768987341785,0.0194810126582277,0.127500000000026,1.66,0.108310126582305,0.0194050632911394,0,FALSE,FALSE,5.13320337881746,410.656270305397,0,"3022;3028;3034;3040",760,FALSE,0.906432748538007
"HPC","AD_Stan_WCP","NicoStan_BridgeStan",10000,250,32,16,2,80,"b97502ef4c1796520d0acd01a82ea24d","NicoStan_BridgeStan_state_allocation_thread_setup_sampling_model_load_divergence_check","iteration_difference","main_scaling","two_run_difference",40,4,4.14506329113925,4.10227848101268,0.092536407434277,0.146250000000009,4.23950000000002,0.0944367088607684,0.0518132911392407,0.147500000000008,4.19600000000003,0.0961518987341899,0.0512784810126584,0,FALSE,FALSE,3.86001343675562,308.80107494045,0,"3041;3046;3051;3056",761,FALSE,0.879863189397176
"HPC","AD_Stan_WCP","NicoStan_BridgeStan",10000,250,64,16,4,80,"b97502ef4c1796520d0acd01a82ea24d","NicoStan_BridgeStan_state_allocation_thread_setup_sampling_model_load_divergence_check","iteration_difference","main_scaling","two_run_difference",40,4,2.7278481012658,2.73164556962022,0.0253687224180494,0.136750000000006,2.83049999999999,0.102651898734184,0.0340981012658225,0.137500000000017,2.83499999999998,0.103354430379764,0.0341455696202527,0,FALSE,FALSE,5.86542923433879,469.234338747103,0,"3042;3047;3052;3057",762,FALSE,0.868863109048738
"HPC","AD_Stan_WCP","NicoStan_BridgeStan",10000,250,96,16,6,80,"b97502ef4c1796520d0acd01a82ea24d","NicoStan_BridgeStan_state_allocation_thread_setup_sampling_model_load_divergence_check","iteration_difference","main_scaling","two_run_difference",40,4,2.4273417721519,2.40962025316454,0.0417284005631283,0.152999999999992,2.55,0.122658227848093,0.0303417721518988,0.154499999999985,2.53300000000002,0.123936708860744,0.0301202531645567,0,FALSE,FALSE,6.59157279933248,527.325823946599,0,"3043;3048;3053;3058",763,FALSE,0.897893199833138
"HPC","AD_Stan_WCP","NicoStan_BridgeStan",10000,250,128,16,8,80,"b97502ef4c1796520d0acd01a82ea24d","NicoStan_BridgeStan_state_allocation_thread_setup_sampling_model_load_divergence_check","iteration_difference","main_scaling","two_run_difference",40,4,2.29139240506327,2.29417721518985,0.0124403184549002,0.155250000000009,2.41799999999999,0.126607594936719,0.0286424050632909,0.149000000000029,2.42099999999999,0.120316455696204,0.0286772151898731,0,FALSE,FALSE,6.98265385040332,558.612308032266,0,"3044;3049;3054;3059",764,FALSE,0.924980665119879
"HPC","AD_Stan_WCP","NicoStan_BridgeStan",10000,250,176,16,11,80,"b97502ef4c1796520d0acd01a82ea24d","NicoStan_BridgeStan_state_allocation_thread_setup_sampling_model_load_divergence_check","iteration_difference","main_scaling","two_run_difference",40,4,2.22860759493669,2.22683544303796,0.0131353131858761,0.150250000000014,2.351,0.122392405063305,0.0278575949367087,0.151500000000027,2.35149999999999,0.123664556962053,0.0278354430379745,0,FALSE,FALSE,7.17937066909013,574.349653527211,0,"3045;3050;3055;3060",765,FALSE,0.946495512893325
"HPC","AD_Stan_WCP","NicoStan_BridgeStan",10000,250,96,24,4,80,"b97502ef4c1796520d0acd01a82ea24d","NicoStan_BridgeStan_state_allocation_thread_setup_sampling_model_load_divergence_check","iteration_difference","main_scaling","two_run_difference",40,4,3.33157894736886,3.32842105263233,0.0383404586097612,0.17049999999989,3.46043421052664,0.12885526315778,0.0416447368421108,0.168999999999869,3.4558157894743,0.127394736841965,0.0416052631579042,0,FALSE,FALSE,7.20379146919336,576.303317535469,0,"3061;3062;3063;3064",766,FALSE,0.958609794628587
"HPC","AD_Stan_WCP","NicoStan_BridgeStan",10000,250,64,32,2,80,"b97502ef4c1796520d0acd01a82ea24d","NicoStan_BridgeStan_state_allocation_thread_setup_sampling_model_load_divergence_check","iteration_difference","main_scaling","two_run_difference",40,4,5.20210526315766,5.20210526315742,0.0121547425092438,0.181750000000022,5.31882894736821,0.116723684210551,0.0650263157894708,0.182000000000016,5.31907894736797,0.116842105263177,0.0650263157894678,0,FALSE,FALSE,6.15135572642682,492.108458114146,0,"3065;3067;3069;3071",767,FALSE,0.945568595710327
"HPC","AD_Stan_WCP","NicoStan_BridgeStan",10000,250,128,32,4,80,"b97502ef4c1796520d0acd01a82ea24d","NicoStan_BridgeStan_state_allocation_thread_setup_sampling_model_load_divergence_check","iteration_difference","main_scaling","two_run_difference",40,4,4.53789473684202,4.53263157894693,0.144283500553058,0.189000000000021,4.67017105263152,0.132276315789496,0.0567236842105253,0.18850000000009,4.66447368421019,0.131842105263253,0.0566578947368366,0,FALSE,FALSE,7.05172813732325,564.13825098586,0,"3066;3068;3070;3072",768,FALSE,0.937369519833041
"HPC","AD_Stan_WCP","NicoStan_BridgeStan",10000,250,180,45,4,80,"b97502ef4c1796520d0acd01a82ea24d","NicoStan_BridgeStan_state_allocation_thread_setup_sampling_model_load_divergence_check","iteration_difference","main_scaling","two_run_difference",40,4,5.70526315789481,5.64631578947372,0.163651770915389,0.244500000000016,5.87844736842114,0.173184210526331,0.0713157894736852,0.246499999999969,5.81823684210536,0.17444736842102,0.0705789473684215,0,FALSE,FALSE,7.88745387453864,630.996309963091,0,"3073;3074;3075;3076",769,FALSE,0.970110701107005
"HPC","AD_Stan_WCP","NicoStan_BridgeStan",10000,250,96,48,2,80,"b97502ef4c1796520d0acd01a82ea24d","NicoStan_BridgeStan_state_allocation_thread_setup_sampling_model_load_divergence_check","iteration_difference","main_scaling","two_run_difference",40,4,6.5810526315789,6.57894736842105,0.0655004176257527,0.231250000000045,6.73003947368421,0.148986842105309,0.0822631578947362,0.230999999999995,6.7317105263158,0.14892105263157,0.0822368421052632,0,FALSE,FALSE,7.29366602687146,583.493282149716,0,"3077;3078;3079;3080",770,FALSE,0.93330134357007
"HPC","AD_Stan_WCP","NicoStan_BridgeStan",10000,250,128,64,2,80,"b97502ef4c1796520d0acd01a82ea24d","NicoStan_BridgeStan_state_allocation_thread_setup_sampling_model_load_divergence_check","iteration_difference","main_scaling","two_run_difference",40,4,8.23578947368428,8.06315789473717,0.414774243570946,0.279500000000041,8.41234210526327,0.176552631578988,0.102947368421054,0.279999999999973,8.23986842105299,0.176710526315817,0.100789473684215,0,FALSE,FALSE,7.7709611451942,621.676891615536,0,"3081;3082;3083;3084",771,FALSE,0.950664621676867
"HPC","AD_Stan_WCP","NicoStan_BridgeStan",10000,250,180,90,2,80,"b97502ef4c1796520d0acd01a82ea24d","NicoStan_BridgeStan_state_allocation_thread_setup_sampling_model_load_divergence_check","iteration_difference","main_scaling","two_run_difference",40,4,10.8494736842105,10.6589473684208,0.408448181411009,0.417249999999967,11.1311052631579,0.281631578947335,0.135618421052632,0.415499999999952,10.9402105263155,0.281368421052596,0.13323684210526,0,FALSE,FALSE,8.29533326865236,663.626661492189,0,"3085;3086;3087;3088",772,FALSE,0.963228873581026
"HPC","AD_Stan_WCP","NicoStan_BridgeStan",10000,500,8,4,2,80,"b97502ef4c1796520d0acd01a82ea24d","NicoStan_BridgeStan_state_allocation_thread_setup_sampling_model_load_divergence_check","iteration_difference","main_scaling","two_run_difference",20,4,3.97189873417722,3.97772151898737,0.0890040557855206,0.129000000000005,4.05125000000001,0.0793512658227896,0.0496487341772153,0.129500000000007,4.05750000000003,0.0797784810126652,0.0497215189873421,0,FALSE,FALSE,1.00707502071515,80.5660016572119,0,"3089;3096;3103;3110",773,FALSE,0.735547198674223
"HPC","AD_Stan_WCP","NicoStan_BridgeStan",10000,500,16,4,4,80,"b97502ef4c1796520d0acd01a82ea24d","NicoStan_BridgeStan_state_allocation_thread_setup_sampling_model_load_divergence_check","iteration_difference","main_scaling","two_run_difference",20,4,2.18962025316453,2.1691139240506,0.0489745292285914,0.117750000000015,2.27999999999999,0.0903797468354585,0.0273702531645566,0.117500000000007,2.25749999999999,0.0904936708860828,0.0271139240506325,0,FALSE,FALSE,1.82680078621808,146.144062897447,0,"3090;3097;3104;3111",774,FALSE,0.720198866921046
"HPC","AD_Stan_WCP","NicoStan_BridgeStan",10000,500,32,4,8,80,"b97502ef4c1796520d0acd01a82ea24d","NicoStan_BridgeStan_state_allocation_thread_setup_sampling_model_load_divergence_check","iteration_difference","main_scaling","two_run_difference",20,4,1.37012658227849,1.37924050632911,0.0377636895080324,0.111749999999986,1.46475,0.0946234177215053,0.0171265822784811,0.111499999999978,1.47399999999999,0.0944873417721298,0.0172405063291139,0,FALSE,FALSE,2.91943828529193,233.555062823354,0,"3091;3098;3105;3112",775,FALSE,0.786954915003683
"HPC","AD_Stan_WCP","NicoStan_BridgeStan",10000,500,64,4,16,80,"b97502ef4c1796520d0acd01a82ea24d","NicoStan_BridgeStan_state_allocation_thread_setup_sampling_model_load_divergence_check","iteration_difference","main_scaling","two_run_difference",20,4,1.13113924050632,1.11341772151899,0.0428758425363501,0.120249999999999,1.23724999999999,0.10611075949367,0.014139240506329,0.119999999999976,1.21949999999998,0.106082278480989,0.0139177215189874,0,FALSE,FALSE,3.53625783348257,282.900626678606,0,"3092;3099;3106;3113",776,FALSE,0.858325872873759
"HPC","AD_Stan_WCP","NicoStan_BridgeStan",10000,500,96,4,24,80,"b97502ef4c1796520d0acd01a82ea24d","NicoStan_BridgeStan_state_allocation_thread_setup_sampling_model_load_divergence_check","iteration_difference","main_scaling","two_run_difference",20,4,1.11063291139241,1.09822784810126,0.0470886075949565,0.10499999999999,1.20174999999999,0.0911170886075847,0.0138829113924051,0.108000000000004,1.19449999999998,0.0942721518987384,0.0137278481012657,0,FALSE,FALSE,3.60155003419193,288.124002735354,0,"3093;3100;3107;3114",777,FALSE,0.926145429678619
"HPC","AD_Stan_WCP","NicoStan_BridgeStan",10000,500,128,4,32,80,"b97502ef4c1796520d0acd01a82ea24d","NicoStan_BridgeStan_state_allocation_thread_setup_sampling_model_load_divergence_check","iteration_difference","main_scaling","two_run_difference",20,4,1.12759493670886,1.13772151898732,0.0504469157645175,0.112749999999991,1.22624999999999,0.0986550632911305,0.0140949367088608,0.111999999999995,1.23650000000001,0.0977658227848048,0.0142215189873415,0,FALSE,FALSE,3.54737314773237,283.78985181859,0,"3094;3101;3108;3115",778,FALSE,0.955770094297248
"HPC","AD_Stan_WCP","NicoStan_BridgeStan",10000,500,176,4,44,80,"b97502ef4c1796520d0acd01a82ea24d","NicoStan_BridgeStan_state_allocation_thread_setup_sampling_model_load_divergence_check","iteration_difference","main_scaling","two_run_difference",20,4,1.2420253164557,1.24354430379748,0.0507980429604587,0.10799999999999,1.33449999999999,0.0924746835442937,0.0155253164556962,0.110500000000002,1.33349999999999,0.0949936708860779,0.0155443037974685,0,FALSE,FALSE,3.22054626987362,257.64370158989,0,"3095;3102;3109;3116",779,FALSE,0.876681614349946
"HPC","AD_Stan_WCP","NicoStan_BridgeStan",10000,500,16,8,2,80,"b97502ef4c1796520d0acd01a82ea24d","NicoStan_BridgeStan_state_allocation_thread_setup_sampling_model_load_divergence_check","iteration_difference","main_scaling","two_run_difference",20,4,4.26430379746834,4.24303797468351,0.0517414514940019,0.134,4.34499999999998,0.0806962025316461,0.0533037974683542,0.135000000000019,4.32549999999998,0.0820253164557159,0.0530379746835439,0,FALSE,FALSE,1.87603894561863,150.08311564949,0,"3117;3123;3129;3135",780,FALSE,0.750474946568508
"HPC","AD_Stan_WCP","NicoStan_BridgeStan",10000,500,32,8,4,80,"b97502ef4c1796520d0acd01a82ea24d","NicoStan_BridgeStan_state_allocation_thread_setup_sampling_model_load_divergence_check","iteration_difference","main_scaling","two_run_difference",20,4,2.47367088607594,2.47949367088604,0.0402045722148915,0.128249999999994,2.57099999999998,0.097329113924045,0.0309208860759492,0.127500000000026,2.57449999999997,0.0963734177215455,0.0309936708860755,0,FALSE,FALSE,3.23405997339066,258.724797871253,0,"3118;3124;3130;3136",781,FALSE,0.741991607819054
"HPC","AD_Stan_WCP","NicoStan_BridgeStan",10000,500,64,8,8,80,"b97502ef4c1796520d0acd01a82ea24d","NicoStan_BridgeStan_state_allocation_thread_setup_sampling_model_load_divergence_check","iteration_difference","main_scaling","two_run_difference",20,4,1.70329113924055,1.70531645569626,0.00554655754436153,0.128749999999982,1.81075000000003,0.107458860759475,0.0212911392405069,0.126999999999981,1.81100000000004,0.105753164556943,0.0213164556962032,0,FALSE,FALSE,4.69678953626622,375.743162901298,0,"3119;3125;3131;3137",782,FALSE,0.778388822829955
"HPC","AD_Stan_WCP","NicoStan_BridgeStan",10000,500,96,8,12,80,"b97502ef4c1796520d0acd01a82ea24d","NicoStan_BridgeStan_state_allocation_thread_setup_sampling_model_load_divergence_check","iteration_difference","main_scaling","two_run_difference",20,4,1.56962025316454,1.57012658227845,0.0136615063931561,0.131250000000009,1.68124999999999,0.111629746835452,0.0196202531645567,0.12700000000001,1.68849999999998,0.107234177215199,0.0196265822784806,0,FALSE,FALSE,5.09677419354844,407.741935483875,0,"3120;3126;3132;3138",783,FALSE,0.813709677419394
"HPC","AD_Stan_WCP","NicoStan_BridgeStan",10000,500,128,8,16,80,"b97502ef4c1796520d0acd01a82ea24d","NicoStan_BridgeStan_state_allocation_thread_setup_sampling_model_load_divergence_check","iteration_difference","main_scaling","two_run_difference",20,4,1.56253164556963,1.56253164556963,0.00413415990343717,0.12700000000001,1.67000000000002,0.107468354430389,0.0195316455696203,0.127499999999998,1.66950000000003,0.107968354430377,0.0195316455696203,0,FALSE,FALSE,5.11989630589758,409.591704471806,0,"3121;3127;3133;3139",784,FALSE,0.855800388852868
"HPC","AD_Stan_WCP","NicoStan_BridgeStan",10000,500,176,8,22,80,"b97502ef4c1796520d0acd01a82ea24d","NicoStan_BridgeStan_state_allocation_thread_setup_sampling_model_load_divergence_check","iteration_difference","main_scaling","two_run_difference",20,4,1.65012658227849,1.65164556962025,0.0165676167990468,0.122,1.75150000000001,0.101373417721519,0.0206265822784811,0.119499999999988,1.7475,0.0989556962025193,0.0206455696202532,0,FALSE,FALSE,4.84811291807301,387.849033445841,0,"3122;3128;3134;3140",785,FALSE,0.856090825406551
"HPC","AD_Stan_WCP","NicoStan_BridgeStan",10000,500,32,16,2,80,"b97502ef4c1796520d0acd01a82ea24d","NicoStan_BridgeStan_state_allocation_thread_setup_sampling_model_load_divergence_check","iteration_difference","main_scaling","two_run_difference",20,4,4.64303797468355,4.61873417721523,0.0790349310279641,0.150999999999982,4.73599999999999,0.0929620253164376,0.0580379746835444,0.152500000000032,4.709,0.0948481012658313,0.0577341772151903,0,FALSE,FALSE,3.44601962922573,275.681570338058,0,"3141;3146;3151;3156",786,FALSE,0.785496183206106
"HPC","AD_Stan_WCP","NicoStan_BridgeStan",10000,500,64,16,4,80,"b97502ef4c1796520d0acd01a82ea24d","NicoStan_BridgeStan_state_allocation_thread_setup_sampling_model_load_divergence_check","iteration_difference","main_scaling","two_run_difference",20,4,3.04075949367091,3.05063291139239,0.0440351105101822,0.144249999999971,3.14699999999999,0.106240506329085,0.0380094936708863,0.144499999999994,3.15599999999995,0.106677215189867,0.0381329113924049,0,FALSE,FALSE,5.26184331029886,420.947464823909,0,"3142;3147;3152;3157",787,FALSE,0.779452168845227
"HPC","AD_Stan_WCP","NicoStan_BridgeStan",10000,500,96,16,6,80,"b97502ef4c1796520d0acd01a82ea24d","NicoStan_BridgeStan_state_allocation_thread_setup_sampling_model_load_divergence_check","iteration_difference","main_scaling","two_run_difference",20,4,2.68683544303796,2.68455696202533,0.0303389317950099,0.155500000000046,2.80875000000003,0.121914556962072,0.0335854430379745,0.156000000000063,2.80500000000006,0.122632911392468,0.0335569620253166,0,FALSE,FALSE,5.95496089701313,476.39687176105,0,"3143;3148;3153;3158",788,FALSE,0.811174974088401
"HPC","AD_Stan_WCP","NicoStan_BridgeStan",10000,500,128,16,8,80,"b97502ef4c1796520d0acd01a82ea24d","NicoStan_BridgeStan_state_allocation_thread_setup_sampling_model_load_divergence_check","iteration_difference","main_scaling","two_run_difference",20,4,2.54126582278487,2.54126582278481,0.00944544714235481,0.161249999999967,2.67075000000003,0.129484177215156,0.0317658227848109,0.161000000000001,2.67100000000005,0.129234177215191,0.0317658227848102,0,FALSE,FALSE,6.29607491532163,503.68599322573,0,"3144;3149;3154;3159",789,FALSE,0.834030683403044
"HPC","AD_Stan_WCP","NicoStan_BridgeStan",10000,500,176,16,11,80,"b97502ef4c1796520d0acd01a82ea24d","NicoStan_BridgeStan_state_allocation_thread_setup_sampling_model_load_divergence_check","iteration_difference","main_scaling","two_run_difference",20,4,2.43898734177213,2.43544303797466,0.0204128724155491,0.150499999999994,2.55899999999997,0.120012658227842,0.0304873417721516,0.146500000000003,2.56499999999994,0.116069620253168,0.0304430379746832,0,FALSE,FALSE,6.56009964708332,524.807971766665,0,"3145;3150;3155;3160",790,FALSE,0.864853643346478
"HPC","AD_Stan_WCP","NicoStan_BridgeStan",10000,500,96,24,4,80,"b97502ef4c1796520d0acd01a82ea24d","NicoStan_BridgeStan_state_allocation_thread_setup_sampling_model_load_divergence_check","iteration_difference","main_scaling","two_run_difference",20,4,3.62947368421062,3.6357894736844,0.0578340990258846,0.166750000000036,3.75085526315803,0.121381578947403,0.0453684210526328,0.16700000000003,3.75784210526336,0.122052631578963,0.045447368421055,0,FALSE,FALSE,6.61252900232001,529.002320185601,0,"3161;3162;3163;3164",791,FALSE,0.879930394431496
"HPC","AD_Stan_WCP","NicoStan_BridgeStan",10000,500,64,32,2,80,"b97502ef4c1796520d0acd01a82ea24d","NicoStan_BridgeStan_state_allocation_thread_setup_sampling_model_load_divergence_check","iteration_difference","main_scaling","two_run_difference",20,4,5.72526315789506,5.69473684210607,0.0901337879100879,0.187749999999937,5.84144736842131,0.116184210526249,0.0715657894736882,0.1875,5.81155263157962,0.116131578947381,0.0711842105263258,0,FALSE,FALSE,5.58926273211956,447.141018569565,0,"3165;3167;3169;3171",792,FALSE,0.85916528773671
"HPC","AD_Stan_WCP","NicoStan_BridgeStan",10000,500,128,32,4,80,"b97502ef4c1796520d0acd01a82ea24d","NicoStan_BridgeStan_state_allocation_thread_setup_sampling_model_load_divergence_check","iteration_difference","main_scaling","two_run_difference",20,4,4.78421052631539,4.78736842105239,0.0470594209945884,0.193500000000029,4.91790789473647,0.133697368421086,0.0598026315789423,0.194499999999948,4.91902631578926,0.134394736842057,0.0598421052631549,0,FALSE,FALSE,6.68866886688725,535.09350935098,0,"3166;3168;3170;3172",793,FALSE,0.889108910891201
"HPC","AD_Stan_WCP","NicoStan_BridgeStan",10000,500,180,45,4,80,"b97502ef4c1796520d0acd01a82ea24d","NicoStan_BridgeStan_state_allocation_thread_setup_sampling_model_load_divergence_check","iteration_difference","main_scaling","two_run_difference",20,4,6.20842105263172,6.1536842105268,0.168859079515872,0.249749999999949,6.38056578947378,0.172144736842053,0.0776052631578966,0.249000000000024,6.32726315789509,0.170710526315816,0.076921052631585,0,FALSE,FALSE,7.24821973550339,579.857578840271,0,"3173;3174;3175;3176",794,FALSE,0.891488640217008
"HPC","AD_Stan_WCP","NicoStan_BridgeStan",10000,500,96,48,2,80,"b97502ef4c1796520d0acd01a82ea24d","NicoStan_BridgeStan_state_allocation_thread_setup_sampling_model_load_divergence_check","iteration_difference","main_scaling","two_run_difference",20,4,7.31157894736857,7.31578947368402,0.0517398135895616,0.240749999999991,7.46093421052645,0.149355263157884,0.0913947368421071,0.240499999999997,7.46534210526295,0.149157894736833,0.0914473684210502,0,FALSE,FALSE,6.56492945580177,525.194356464141,0,"3177;3178;3179;3180",795,FALSE,0.840051828390429
"HPC","AD_Stan_WCP","NicoStan_BridgeStan",10000,500,128,64,2,80,"b97502ef4c1796520d0acd01a82ea24d","NicoStan_BridgeStan_state_allocation_thread_setup_sampling_model_load_divergence_check","iteration_difference","main_scaling","two_run_difference",20,4,8.99578947368426,8.98736842105264,0.205655944474758,0.290500000000009,9.17384210526322,0.178052631578955,0.112447368421053,0.29099999999994,9.16452631578946,0.177157894736817,0.112342105263158,0,FALSE,FALSE,7.11443950386141,569.155160308913,0,"3181;3182;3183;3184",796,FALSE,0.870348701146716
"HPC","AD_Stan_WCP","NicoStan_BridgeStan",10000,500,180,90,2,80,"b97502ef4c1796520d0acd01a82ea24d","NicoStan_BridgeStan_state_allocation_thread_setup_sampling_model_load_divergence_check","iteration_difference","main_scaling","two_run_difference",20,4,11.8452631578949,11.7389473684211,0.343794480039967,0.4255,12.1226973684212,0.277434210526313,0.148065789473686,0.425499999999943,12.0217105263159,0.275342105263097,0.146736842105264,0,FALSE,FALSE,7.59797387363359,607.837909890687,0,"3185;3186;3187;3188",797,FALSE,0.882253621256511
"HPC","AD_Stan_WCP","NicoStan_BridgeStan",10000,1000,8,4,2,80,"b97502ef4c1796520d0acd01a82ea24d","NicoStan_BridgeStan_state_allocation_thread_setup_sampling_model_load_divergence_check","iteration_difference","main_scaling","two_run_difference",10,4,5.02936708860765,5.02379746835444,0.0365914023633137,0.134999999999991,5.10150000000004,0.0721329113923953,0.0628670886075956,0.134999999999991,5.096,0.0722025316455604,0.0627974683544305,0,FALSE,FALSE,0.795328702305438,63.626296184435,0,"3189;3196;3203;3210",798,FALSE,0.580891976240802
"HPC","AD_Stan_WCP","NicoStan_BridgeStan",10000,1000,16,4,4,80,"b97502ef4c1796520d0acd01a82ea24d","NicoStan_BridgeStan_state_allocation_thread_setup_sampling_model_load_divergence_check","iteration_difference","main_scaling","two_run_difference",10,4,2.70050632911393,2.68708860759495,0.0627105863157608,0.125499999999988,2.79225,0.091743670886064,0.0337563291139241,0.125499999999988,2.77449999999999,0.0912278481012535,0.0335886075949368,0,FALSE,FALSE,1.48120371238398,118.496296990719,0,"3190;3197;3204;3211",799,FALSE,0.583950501546829
"HPC","AD_Stan_WCP","NicoStan_BridgeStan",10000,1000,32,4,8,80,"b97502ef4c1796520d0acd01a82ea24d","NicoStan_BridgeStan_state_allocation_thread_setup_sampling_model_load_divergence_check","iteration_difference","main_scaling","two_run_difference",10,4,1.5835443037975,1.57924050632913,0.0436295897204709,0.114749999999987,1.67850000000001,0.0949556962025179,0.0197943037974687,0.116499999999974,1.67350000000005,0.0966518987341503,0.0197405063291141,0,FALSE,FALSE,2.52597921662665,202.078337330132,0,"3191;3198;3205;3212",800,FALSE,0.680895283772963
"HPC","AD_Stan_WCP","NicoStan_BridgeStan",10000,1000,64,4,16,80,"b97502ef4c1796520d0acd01a82ea24d","NicoStan_BridgeStan_state_allocation_thread_setup_sampling_model_load_divergence_check","iteration_difference","main_scaling","two_run_difference",10,4,1.24860759493668,1.25113924050633,0.0425557496494876,0.114000000000004,1.34699999999998,0.0983924050632958,0.0156075949367086,0.115000000000009,1.35199999999998,0.0998164556962116,0.0156392405063291,0,FALSE,FALSE,3.20356853203575,256.28548256286,0,"3192;3199;3206;3213",801,FALSE,0.77757502027575
"HPC","AD_Stan_WCP","NicoStan_BridgeStan",10000,1000,96,4,24,80,"b97502ef4c1796520d0acd01a82ea24d","NicoStan_BridgeStan_state_allocation_thread_setup_sampling_model_load_divergence_check","iteration_difference","main_scaling","two_run_difference",10,4,1.17797468354428,1.18734177215191,0.0719124013871424,0.113500000000016,1.27674999999999,0.0987753164557126,0.0147246835443035,0.114500000000021,1.286,0.10015822784811,0.0148417721518989,0,FALSE,FALSE,3.39565871480772,271.652697184618,0,"3193;3200;3207;3214",802,FALSE,0.873200085966083
"HPC","AD_Stan_WCP","NicoStan_BridgeStan",10000,1000,128,4,32,80,"b97502ef4c1796520d0acd01a82ea24d","NicoStan_BridgeStan_state_allocation_thread_setup_sampling_model_load_divergence_check","iteration_difference","main_scaling","two_run_difference",10,4,1.18227848101265,1.17873417721512,0.0579991841067869,0.109749999999991,1.27724999999998,0.094971518987333,0.0147784810126581,0.113499999999988,1.26699999999994,0.0985696202531521,0.014734177215189,0,FALSE,FALSE,3.38329764453964,270.663811563172,0,"3194;3201;3208;3215",803,FALSE,0.911563169164879
"HPC","AD_Stan_WCP","NicoStan_BridgeStan",10000,1000,176,4,44,80,"b97502ef4c1796520d0acd01a82ea24d","NicoStan_BridgeStan_state_allocation_thread_setup_sampling_model_load_divergence_check","iteration_difference","main_scaling","two_run_difference",10,4,1.32379746835444,1.31797468354428,0.0695737474132201,0.107249999999993,1.4145,0.0907025316455629,0.0165474683544305,0.11099999999999,1.40499999999997,0.0943797468354325,0.0164746835443035,0,FALSE,FALSE,3.02161025052589,241.728820042071,0,"3195;3202;3209;3216",804,FALSE,0.822528208070531
"HPC","AD_Stan_WCP","NicoStan_BridgeStan",10000,1000,16,8,2,80,"b97502ef4c1796520d0acd01a82ea24d","NicoStan_BridgeStan_state_allocation_thread_setup_sampling_model_load_divergence_check","iteration_difference","main_scaling","two_run_difference",10,4,5.27518987341772,5.26987341772153,0.0669395685505687,0.143250000000023,5.35250000000002,0.0773101265823017,0.0659398734177215,0.143500000000017,5.34750000000003,0.0776265822784982,0.0658734177215191,0,FALSE,FALSE,1.51653309017613,121.32264721409,0,"3217;3223;3229;3235",805,FALSE,0.606661227623934
"HPC","AD_Stan_WCP","NicoStan_BridgeStan",10000,1000,32,8,4,80,"b97502ef4c1796520d0acd01a82ea24d","NicoStan_BridgeStan_state_allocation_thread_setup_sampling_model_load_divergence_check","iteration_difference","main_scaling","two_run_difference",10,4,2.95670886075952,2.95240506329121,0.0121905152942689,0.132500000000022,3.05225000000004,0.0955411392405277,0.036958860759494,0.134500000000003,3.04600000000005,0.0974873417722117,0.0369050632911401,0,FALSE,FALSE,2.70571110540284,216.456888432227,0,"3218;3224;3230;3236",806,FALSE,0.620772326397799
"HPC","AD_Stan_WCP","NicoStan_BridgeStan",10000,1000,64,8,8,80,"b97502ef4c1796520d0acd01a82ea24d","NicoStan_BridgeStan_state_allocation_thread_setup_sampling_model_load_divergence_check","iteration_difference","main_scaling","two_run_difference",10,4,1.95999999999996,1.96202531645564,0.0273542712484183,0.129000000000019,2.06449999999998,0.10450000000002,0.0244999999999995,0.129000000000019,2.06299999999993,0.104670886075969,0.0245253164556955,0,FALSE,FALSE,4.0816326530613,326.530612244904,0,"3219;3225;3231;3237",807,FALSE,0.676440196331721
"HPC","AD_Stan_WCP","NicoStan_BridgeStan",10000,1000,96,8,12,80,"b97502ef4c1796520d0acd01a82ea24d","NicoStan_BridgeStan_state_allocation_thread_setup_sampling_model_load_divergence_check","iteration_difference","main_scaling","two_run_difference",10,4,1.78379746835439,1.78430379746824,0.0274913862491247,0.131000000000029,1.89249999999998,0.108702531645599,0.0222974683544298,0.131500000000074,1.89150000000001,0.109196202531721,0.022303797468353,0,FALSE,FALSE,4.48481407891013,358.785126312811,0,"3220;3226;3232;3238",808,FALSE,0.716009083167799
"HPC","AD_Stan_WCP","NicoStan_BridgeStan",10000,1000,128,8,16,80,"b97502ef4c1796520d0acd01a82ea24d","NicoStan_BridgeStan_state_allocation_thread_setup_sampling_model_load_divergence_check","iteration_difference","main_scaling","two_run_difference",10,4,1.70658227848101,1.70734177215188,0.0178177016150328,0.130250000000046,1.81550000000004,0.108917721519034,0.0213322784810126,0.132000000000062,1.81400000000002,0.11071518987348,0.0213417721518985,0,FALSE,FALSE,4.68773179053554,375.018543242843,0,"3221;3227;3233;3239",809,FALSE,0.783563269544568
"HPC","AD_Stan_WCP","NicoStan_BridgeStan",10000,1000,176,8,22,80,"b97502ef4c1796520d0acd01a82ea24d","NicoStan_BridgeStan_state_allocation_thread_setup_sampling_model_load_divergence_check","iteration_difference","main_scaling","two_run_difference",10,4,1.80101265822786,1.81113924050639,0.0325576575970405,0.127250000000004,1.90575000000001,0.104737341772155,0.0225126582278482,0.127500000000055,1.91550000000001,0.105113924050688,0.0226392405063298,0,FALSE,FALSE,4.44194545965699,355.35563677256,0,"3222;3228;3234;3240",810,FALSE,0.784368850154611
"HPC","AD_Stan_WCP","NicoStan_BridgeStan",10000,1000,32,16,2,80,"b97502ef4c1796520d0acd01a82ea24d","NicoStan_BridgeStan_state_allocation_thread_setup_sampling_model_load_divergence_check","iteration_difference","main_scaling","two_run_difference",10,4,5.69518987341763,5.65468354430369,0.0951252136978313,0.165000000000077,5.78899999999999,0.0938101265823569,0.0711898734177204,0.165500000000065,5.75099999999998,0.093639240506395,0.0706835443037961,0,FALSE,FALSE,2.80938833570417,224.751066856334,0,"3241;3246;3251;3256",811,FALSE,0.640380512091049
"HPC","AD_Stan_WCP","NicoStan_BridgeStan",10000,1000,64,16,4,80,"b97502ef4c1796520d0acd01a82ea24d","NicoStan_BridgeStan_state_allocation_thread_setup_sampling_model_load_divergence_check","iteration_difference","main_scaling","two_run_difference",10,4,3.52936708860763,3.52151898734179,0.0354321864039056,0.153749999999974,3.63900000000001,0.109632911392378,0.0441170886075954,0.153999999999996,3.63400000000001,0.110227848101262,0.0440189873417724,0,FALSE,FALSE,4.53339071802592,362.671257442074,0,"3242;3247;3252;3257",812,FALSE,0.671544365540491
"HPC","AD_Stan_WCP","NicoStan_BridgeStan",10000,1000,96,16,6,80,"b97502ef4c1796520d0acd01a82ea24d","NicoStan_BridgeStan_state_allocation_thread_setup_sampling_model_load_divergence_check","iteration_difference","main_scaling","two_run_difference",10,4,3.1964556962025,3.19037974683535,0.0392418674052543,0.149250000000023,3.30574999999999,0.109294303797492,0.0399556962025312,0.150000000000034,3.30449999999996,0.109822784810162,0.0398797468354419,0,FALSE,FALSE,5.00554411531765,400.443529225412,0,"3243;3248;3253;3258",813,FALSE,0.681846982417254
"HPC","AD_Stan_WCP","NicoStan_BridgeStan",10000,1000,128,16,8,80,"b97502ef4c1796520d0acd01a82ea24d","NicoStan_BridgeStan_state_allocation_thread_setup_sampling_model_load_divergence_check","iteration_difference","main_scaling","two_run_difference",10,4,2.95240506329115,2.95443037974685,0.0114120786527636,0.153749999999974,3.06924999999998,0.116844936708835,0.0369050632911394,0.154999999999973,3.06999999999999,0.11812025316453,0.0369303797468357,0,FALSE,FALSE,5.41931058137539,433.544846510031,0,"3244;3249;3254;3259",814,FALSE,0.717887154861939
"HPC","AD_Stan_WCP","NicoStan_BridgeStan",10000,1000,176,16,11,80,"b97502ef4c1796520d0acd01a82ea24d","NicoStan_BridgeStan_state_allocation_thread_setup_sampling_model_load_divergence_check","iteration_difference","main_scaling","two_run_difference",10,4,2.81189873417724,2.81265822784808,0.0126852033243017,0.14500000000001,2.92175000000003,0.109851265822795,0.0351487341772155,0.14749999999998,2.92000000000002,0.112335443037953,0.035158227848101,0,FALSE,FALSE,5.69010533897538,455.20842711803,0,"3245;3250;3255;3260",815,FALSE,0.750157558296553
"HPC","AD_Stan_WCP","NicoStan_BridgeStan",10000,1000,96,24,4,80,"b97502ef4c1796520d0acd01a82ea24d","NicoStan_BridgeStan_state_allocation_thread_setup_sampling_model_load_divergence_check","iteration_difference","main_scaling","two_run_difference",10,4,4.45263157894739,4.45684210526308,0.0288659141069674,0.169500000000028,4.56647368421057,0.113842105263185,0.0556578947368423,0.166500000000042,4.56713157894734,0.11055263157899,0.0557105263157885,0,FALSE,FALSE,5.39007092198579,431.205673758863,0,"3261;3262;3263;3264",816,FALSE,0.717257683215098
"HPC","AD_Stan_WCP","NicoStan_BridgeStan",10000,1000,64,32,2,80,"b97502ef4c1796520d0acd01a82ea24d","NicoStan_BridgeStan_state_allocation_thread_setup_sampling_model_load_divergence_check","iteration_difference","main_scaling","two_run_difference",10,4,6.9136842105263,6.93052631578978,0.146986975007225,0.204000000000008,7.03126315789473,0.117578947368429,0.0864210526315787,0.206000000000017,7.04339473684235,0.118657894736848,0.0866315789473722,0,FALSE,FALSE,4.62850182704021,370.280146163217,0,"3265;3267;3269;3271",817,FALSE,0.711479902557893
"HPC","AD_Stan_WCP","NicoStan_BridgeStan",10000,1000,128,32,4,80,"b97502ef4c1796520d0acd01a82ea24d","NicoStan_BridgeStan_state_allocation_thread_setup_sampling_model_load_divergence_check","iteration_difference","main_scaling","two_run_difference",10,4,5.56526315789453,5.55157894736782,0.0584818712986395,0.194499999999948,5.6901973684208,0.124934210526266,0.0695657894736817,0.194999999999936,5.67618421052569,0.125263157894671,0.0693947368420978,0,FALSE,FALSE,5.74995271420486,459.996217136389,0,"3266;3268;3270;3272",818,FALSE,0.764327595990224
"HPC","AD_Stan_WCP","NicoStan_BridgeStan",10000,1000,180,45,4,80,"b97502ef4c1796520d0acd01a82ea24d","NicoStan_BridgeStan_state_allocation_thread_setup_sampling_model_load_divergence_check","iteration_difference","main_scaling","two_run_difference",10,4,7.23157894736879,7.18105263157955,0.221696639160902,0.248499999999922,7.3896842105266,0.158105263157812,0.0903947368421098,0.248499999999922,7.33028947368472,0.15989473684207,0.0897631578947444,0,FALSE,FALSE,6.22270742358047,497.816593886438,0,"3273;3274;3275;3276",819,FALSE,0.765356622998511
"HPC","AD_Stan_WCP","NicoStan_BridgeStan",10000,1000,96,48,2,80,"b97502ef4c1796520d0acd01a82ea24d","NicoStan_BridgeStan_state_allocation_thread_setup_sampling_model_load_divergence_check","iteration_difference","main_scaling","two_run_difference",10,4,8.5389473684209,8.50736842105203,0.096199239232414,0.257249999999942,8.68946052631558,0.150513157894681,0.106736842105261,0.257999999999925,8.65652631578886,0.151868421052529,0.10634210526315,0,FALSE,FALSE,5.62130177514803,449.704142011842,0,"3277;3278;3279;3280",820,FALSE,0.719304733727828
"HPC","AD_Stan_WCP","NicoStan_BridgeStan",10000,1000,128,64,2,80,"b97502ef4c1796520d0acd01a82ea24d","NicoStan_BridgeStan_state_allocation_thread_setup_sampling_model_load_divergence_check","iteration_difference","main_scaling","two_run_difference",10,4,10.638947368421,10.4568421052634,0.432782233554864,0.313250000000039,10.8192105263158,0.180263157894776,0.132986842105263,0.312000000000126,10.6376315789476,0.180342105263207,0.130710526315792,0,FALSE,FALSE,6.01563272979125,481.2506183833,0,"3281;3282;3283;3284",821,FALSE,0.73592559612149
"HPC","AD_Stan_WCP","NicoStan_BridgeStan",10000,1000,180,90,2,80,"b97502ef4c1796520d0acd01a82ea24d","NicoStan_BridgeStan_state_allocation_thread_setup_sampling_model_load_divergence_check","iteration_difference","main_scaling","two_run_difference",10,4,13.814736842105,13.6231578947364,0.401702747006991,0.446250000000077,14.0883026315788,0.273565789473764,0.172684210526313,0.44600000000014,13.9003684210523,0.275815789473828,0.170289473684205,0,FALSE,FALSE,6.51478207863466,521.182566290773,0,"3285;3286;3287;3288",822,FALSE,0.756476683937809
"HPC","AD_Stan_WCP","NicoStan_BridgeStan",50000,10,8,4,2,20,"3f8ed78629bdab9b833b52bd1450ea30","NicoStan_BridgeStan_state_allocation_thread_setup_sampling_model_load_divergence_check","iteration_difference","main_scaling","two_run_difference",5000,4,4.00473684210519,3.98263157894725,0.189088302030836,0.588500000000039,4.39299999999997,0.388263157894779,0.20023684210526,0.568500000000029,4.40649999999994,0.375631578947398,0.199131578947363,0,FALSE,FALSE,0.998817190169554,19.9763438033911,0,"3289;3292;3295;3298",823,FALSE,0.928440005256928
"HPC","AD_Stan_WCP","NicoStan_BridgeStan",50000,10,16,4,4,20,"3f8ed78629bdab9b833b52bd1450ea30","NicoStan_BridgeStan_state_allocation_thread_setup_sampling_model_load_divergence_check","iteration_difference","main_scaling","two_run_difference",5000,4,2.23447368421049,2.27947368421048,0.0999071591189055,0.465250000000026,2.58799999999999,0.353526315789501,0.111723684210525,0.466000000000008,2.63149999999996,0.353184210526293,0.113973684210524,0,FALSE,FALSE,1.79013072665178,35.8026145330355,0,"3290;3293;3296;3299",824,FALSE,0.875279707926081
"HPC","AD_Stan_WCP","NicoStan_BridgeStan",50000,10,32,4,8,20,"3f8ed78629bdab9b833b52bd1450ea30","NicoStan_BridgeStan_state_allocation_thread_setup_sampling_model_load_divergence_check","iteration_difference","main_scaling","two_run_difference",5000,4,1.72131578947373,1.71578947368427,0.0714000602641532,0.441499999999991,2.07675000000003,0.355434210526304,0.0860657894736864,0.434500000000014,2.06200000000001,0.35036842105261,0.0857894736842133,0,FALSE,FALSE,2.32380369974004,46.4760739948008,0,"3291;3294;3297;3300",825,FALSE,0.681852927686817
"HPC","AD_Stan_WCP","NicoStan_BridgeStan",50000,10,16,8,2,20,"3f8ed78629bdab9b833b52bd1450ea30","NicoStan_BridgeStan_state_allocation_thread_setup_sampling_model_load_divergence_check","iteration_difference","main_scaling","two_run_difference",5000,4,4.51289473684214,4.51736842105268,0.080567584884248,0.606499999999983,4.89375000000001,0.380855263157876,0.225644736842107,0.606999999999971,4.89850000000001,0.380578947368415,0.225868421052634,0,FALSE,FALSE,1.77269811650824,35.4539623301648,0,"3301;3304;3307;3310",826,FALSE,0.874336696017263
"HPC","AD_Stan_WCP","NicoStan_BridgeStan",50000,10,32,8,4,20,"3f8ed78629bdab9b833b52bd1450ea30","NicoStan_BridgeStan_state_allocation_thread_setup_sampling_model_load_divergence_check","iteration_difference","main_scaling","two_run_difference",5000,4,3.22026315789473,3.22105263157895,0.0311476393744099,0.543750000000045,3.60300000000004,0.382736842105309,0.161013157894736,0.545000000000073,3.60600000000005,0.384421052631652,0.161052631578948,0,FALSE,FALSE,2.48426902018469,49.6853804036938,0,"3302;3305;3308;3311",827,FALSE,0.706464002615039
"HPC","AD_Stan_WCP","NicoStan_BridgeStan",50000,10,64,8,8,20,"3f8ed78629bdab9b833b52bd1450ea30","NicoStan_BridgeStan_state_allocation_thread_setup_sampling_model_load_divergence_check","iteration_difference","main_scaling","two_run_difference",5000,4,3.16526315789477,3.16421052631588,0.0433755742695239,0.542499999999961,3.54949999999999,0.384236842105223,0.158263157894739,0.538499999999942,3.55200000000002,0.380289473684148,0.158210526315794,0,FALSE,FALSE,2.52743598270699,50.5487196541398,0,"3303;3306;3309;3312",828,FALSE,0.472231459926856
"HPC","AD_Stan_WCP","NicoStan_BridgeStan",50000,10,32,16,2,20,"3f8ed78629bdab9b833b52bd1450ea30","NicoStan_BridgeStan_state_allocation_thread_setup_sampling_model_load_divergence_check","iteration_difference","main_scaling","two_run_difference",5000,4,6.2289473684211,6.19210526315795,0.118040323642141,0.802749999999975,6.72025000000002,0.49130263157892,0.311447368421055,0.802999999999997,6.7045,0.4933947368421,0.309605263157897,0,FALSE,FALSE,2.56865230249259,51.3730460498517,0,"3313;3317;3321;3325",829,FALSE,0.716180819602877
"HPC","AD_Stan_WCP","NicoStan_BridgeStan",50000,10,64,16,4,20,"3f8ed78629bdab9b833b52bd1450ea30","NicoStan_BridgeStan_state_allocation_thread_setup_sampling_model_load_divergence_check","iteration_difference","main_scaling","two_run_difference",5000,4,5.98368421052627,5.97631578947363,0.071633106445715,0.777000000000015,6.46149999999997,0.477815789473702,0.299184210526313,0.773500000000013,6.45099999999996,0.474684210526331,0.298815789473682,0,FALSE,FALSE,2.6739379013106,53.478758026212,0,"3314;3318;3322;3326",830,FALSE,0.470797783446224
"HPC","AD_Stan_WCP","NicoStan_BridgeStan",50000,10,96,16,6,20,"3f8ed78629bdab9b833b52bd1450ea30","NicoStan_BridgeStan_state_allocation_thread_setup_sampling_model_load_divergence_check","iteration_difference","main_scaling","two_run_difference",5000,4,6.13552631578952,6.12263157894739,0.0663317997938996,0.788249999999977,6.61700000000002,0.481473684210501,0.306776315789476,0.78899999999993,6.60400000000004,0.481368421052653,0.306131578947369,0,FALSE,FALSE,2.6077632425477,52.1552648509539,0,"3315;3319;3323;3327",831,FALSE,0.420759167917654
"HPC","AD_Stan_WCP","NicoStan_BridgeStan",50000,10,128,16,8,20,"3f8ed78629bdab9b833b52bd1450ea30","NicoStan_BridgeStan_state_allocation_thread_setup_sampling_model_load_divergence_check","iteration_difference","main_scaling","two_run_difference",5000,4,6.28842105263154,6.29736842105259,0.0275701070604945,0.803000000000026,6.77699999999999,0.488578947368449,0.314421052631577,0.801500000000033,6.7715,0.486631578947403,0.314868421052629,0,FALSE,FALSE,2.54435888851692,50.8871777703385,0,"3316;3320;3324;3328",832,FALSE,0.404502845664556
"HPC","AD_Stan_WCP","NicoStan_BridgeStan",50000,10,96,24,4,20,"3f8ed78629bdab9b833b52bd1450ea30","NicoStan_BridgeStan_state_allocation_thread_setup_sampling_model_load_divergence_check","iteration_difference","main_scaling","two_run_difference",5000,4,8.79999999999995,8.79250000000013,0.502510364735733,1.17100000000005,9.53100000000001,0.731000000000051,0.439999999999998,1.22350000000006,9.47137500000017,0.783125000000069,0.439625000000007,0,FALSE,FALSE,2.72727272727274,54.5454545454548,0,"3329;3330;3331;3332",833,FALSE,0.359943181818199
"HPC","AD_Stan_WCP","NicoStan_BridgeStan",50000,10,64,32,2,20,"3f8ed78629bdab9b833b52bd1450ea30","NicoStan_BridgeStan_state_allocation_thread_setup_sampling_model_load_divergence_check","iteration_difference","main_scaling","two_run_difference",5000,4,12.0049999999998,11.8850000000003,0.485146026126813,1.50224999999995,12.9069999999997,0.901999999999958,0.600249999999988,1.48849999999993,12.7482500000002,0.905999999999949,0.594250000000017,0,FALSE,FALSE,2.66555601832575,53.311120366515,0,"3333;3335;3337;3339",834,FALSE,0.393065389421092
"HPC","AD_Stan_WCP","NicoStan_BridgeStan",50000,10,128,32,4,20,"3f8ed78629bdab9b833b52bd1450ea30","NicoStan_BridgeStan_state_allocation_thread_setup_sampling_model_load_divergence_check","iteration_difference","main_scaling","two_run_difference",5000,4,11.8700000000007,11.8400000000003,0.133479087000643,1.55499999999989,12.8315000000005,0.961499999999859,0.593500000000034,1.56149999999991,12.7656250000009,0.964874999999893,0.592000000000013,0,FALSE,FALSE,2.69587194608241,53.9174389216481,0,"3334;3336;3338;3340",835,FALSE,0.392270429654559
"HPC","AD_Stan_WCP","NicoStan_BridgeStan",50000,10,180,45,4,20,"3f8ed78629bdab9b833b52bd1450ea30","NicoStan_BridgeStan_state_allocation_thread_setup_sampling_model_load_divergence_check","iteration_difference","main_scaling","two_run_difference",5000,4,17.5887500000007,17.122500000001,1.06201361416305,1.98574999999994,18.6950625000006,1.1063124999999,0.879437500000037,1.91949999999997,18.1783750000008,1.07087499999994,0.856125000000048,0,FALSE,FALSE,2.55845355696102,51.1690711392203,0,"3341;3342;3343;3344",836,FALSE,0.35875204320931
"HPC","AD_Stan_WCP","NicoStan_BridgeStan",50000,10,96,48,2,20,"3f8ed78629bdab9b833b52bd1450ea30","NicoStan_BridgeStan_state_allocation_thread_setup_sampling_model_load_divergence_check","iteration_difference","main_scaling","two_run_difference",5000,4,18.0150000000003,17.835,0.491138133997482,2.02025000000003,19.1345000000003,1.11950000000002,0.900750000000016,2.00750000000005,18.9762500000001,1.09775000000002,0.891750000000002,0,FALSE,FALSE,2.66444629475432,53.2889258950865,0,"3345;3346;3347;3348",837,FALSE,0.372606161532074
"HPC","AD_Stan_WCP","NicoStan_BridgeStan",50000,10,128,64,2,20,"3f8ed78629bdab9b833b52bd1450ea30","NicoStan_BridgeStan_state_allocation_thread_setup_sampling_model_load_divergence_check","iteration_difference","main_scaling","two_run_difference",5000,4,24.3099999999998,24.1775000000001,1.4504079885787,2.72750000000002,25.8219999999999,1.51200000000003,1.21549999999999,2.75699999999995,25.7256250000001,1.54812499999994,1.20887500000001,0,FALSE,FALSE,2.63266145619089,52.6532291238177,0,"3349;3350;3351;3352",838,FALSE,0.350164541340988
"HPC","AD_Stan_WCP","NicoStan_BridgeStan",50000,10,180,90,2,20,"3f8ed78629bdab9b833b52bd1450ea30","NicoStan_BridgeStan_state_allocation_thread_setup_sampling_model_load_divergence_check","iteration_difference","main_scaling","two_run_difference",5000,4,35.5799999999999,36.2124999999997,1.42690223911784,3.82974999999999,37.6307499999999,2.05074999999999,1.779,3.91549999999995,38.1367500000001,2.17787499999994,1.81062499999999,0,FALSE,FALSE,2.52951096121417,50.5902192242834,0,"3353;3354;3355;3356",839,FALSE,0.318858909499704
"HPC","AD_Stan_WCP","NicoStan_BridgeStan",50000,25,8,4,2,20,"3f8ed78629bdab9b833b52bd1450ea30","NicoStan_BridgeStan_state_allocation_thread_setup_sampling_model_load_divergence_check","iteration_difference","main_scaling","two_run_difference",2000,4,3.7863157894736,3.79315789473678,0.184917939924742,0.527250000000066,4.12424999999999,0.337934210526386,0.18931578947368,0.526500000000055,4.13150000000002,0.338342105263238,0.189657894736839,0,FALSE,FALSE,1.05643591882126,21.1287183764252,0,"3357;3362;3367;3372",840,FALSE,0.981998887962189
"HPC","AD_Stan_WCP","NicoStan_BridgeStan",50000,25,16,4,4,20,"3f8ed78629bdab9b833b52bd1450ea30","NicoStan_BridgeStan_state_allocation_thread_setup_sampling_model_load_divergence_check","iteration_difference","main_scaling","two_run_difference",2000,4,2.06710526315787,2.06157894736838,0.0557489094502375,0.44825000000003,2.41200000000001,0.344894736842137,0.103355263157893,0.447499999999991,2.39949999999999,0.346342105263147,0.103078947368419,0,FALSE,FALSE,1.93507320178233,38.7014640356466,0,"3358;3363;3368;3373",841,FALSE,0.946148949713601
"HPC","AD_Stan_WCP","NicoStan_BridgeStan",50000,25,32,4,8,20,"3f8ed78629bdab9b833b52bd1450ea30","NicoStan_BridgeStan_state_allocation_thread_setup_sampling_model_load_divergence_check","iteration_difference","main_scaling","two_run_difference",2000,4,1.4518421052632,1.46947368421054,0.143300689877282,0.411999999999978,1.79125000000002,0.339407894736818,0.0725921052631601,0.410500000000013,1.80650000000003,0.337947368421052,0.0734736842105271,0,FALSE,FALSE,2.75512053652339,55.1024107304678,0,"3359;3364;3369;3374",842,FALSE,0.808410367953498
"HPC","AD_Stan_WCP","NicoStan_BridgeStan",50000,25,64,4,16,20,"3f8ed78629bdab9b833b52bd1450ea30","NicoStan_BridgeStan_state_allocation_thread_setup_sampling_model_load_divergence_check","iteration_difference","main_scaling","two_run_difference",2000,4,1.54684210526314,1.52210526315786,0.0790221867696344,0.433250000000044,1.90275000000003,0.355907894736887,0.077342105263157,0.434000000000026,1.8775,0.355394736842135,0.0761052631578931,0,FALSE,FALSE,2.58591357604631,51.7182715209261,0,"3360;3365;3370;3375",843,FALSE,0.618917999319529
"HPC","AD_Stan_WCP","NicoStan_BridgeStan",50000,25,96,4,24,20,"3f8ed78629bdab9b833b52bd1450ea30","NicoStan_BridgeStan_state_allocation_thread_setup_sampling_model_load_divergence_check","iteration_difference","main_scaling","two_run_difference",2000,4,1.68789473684216,1.7031578947369,0.0833309325600982,0.438499999999948,2.042,0.35410526315784,0.0843947368421081,0.442999999999927,2.06999999999999,0.356447368420974,0.0851578947368448,0,FALSE,FALSE,2.3698160274399,47.3963205487979,0,"3361;3366;3371;3376",844,FALSE,0.541471780480175
"HPC","AD_Stan_WCP","NicoStan_BridgeStan",50000,25,16,8,2,20,"3f8ed78629bdab9b833b52bd1450ea30","NicoStan_BridgeStan_state_allocation_thread_setup_sampling_model_load_divergence_check","iteration_difference","main_scaling","two_run_difference",2000,4,4.20473684210525,4.21105263157887,0.0896674887631511,0.570750000000004,4.56524999999999,0.360513157894741,0.210236842105263,0.57099999999997,4.57049999999998,0.359499999999966,0.210552631578944,0,FALSE,FALSE,1.90261609713356,38.0523219426713,0,"3377;3383;3389;3395",845,FALSE,0.938415321066478
"HPC","AD_Stan_WCP","NicoStan_BridgeStan",50000,25,32,8,4,20,"3f8ed78629bdab9b833b52bd1450ea30","NicoStan_BridgeStan_state_allocation_thread_setup_sampling_model_load_divergence_check","iteration_difference","main_scaling","two_run_difference",2000,4,2.90263157894739,2.92736842105264,0.0576838263529148,0.505499999999984,3.26300000000001,0.360368421052614,0.14513157894737,0.504999999999995,3.28449999999998,0.361105263157888,0.146368421052632,0,FALSE,FALSE,2.75611967361739,55.1223934723477,0,"3378;3384;3390;3396",846,FALSE,0.783771532184963
"HPC","AD_Stan_WCP","NicoStan_BridgeStan",50000,25,64,8,8,20,"3f8ed78629bdab9b833b52bd1450ea30","NicoStan_BridgeStan_state_allocation_thread_setup_sampling_model_load_divergence_check","iteration_difference","main_scaling","two_run_difference",2000,4,2.82421052631569,2.81842105263147,0.0186526791017979,0.519500000000079,3.20249999999999,0.378289473684294,0.141210526315785,0.523000000000081,3.20149999999995,0.381131578947454,0.140921052631573,0,FALSE,FALSE,2.83265001863595,56.6530003727191,0,"3379;3385;3391;3397",847,FALSE,0.529258292955692
"HPC","AD_Stan_WCP","NicoStan_BridgeStan",50000,25,96,8,12,20,"3f8ed78629bdab9b833b52bd1450ea30","NicoStan_BridgeStan_state_allocation_thread_setup_sampling_model_load_divergence_check","iteration_difference","main_scaling","two_run_difference",2000,4,3.08631578947364,3.08263157894735,0.0256836353113493,0.51524999999998,3.44724999999994,0.360934210526298,0.154315789473682,0.512499999999989,3.44099999999997,0.358368421052621,0.154131578947368,0,FALSE,FALSE,2.59208731241477,51.8417462482954,0,"3380;3386;3392;3398",848,FALSE,0.470071623465231
"HPC","AD_Stan_WCP","NicoStan_BridgeStan",50000,25,128,8,16,20,"3f8ed78629bdab9b833b52bd1450ea30","NicoStan_BridgeStan_state_allocation_thread_setup_sampling_model_load_divergence_check","iteration_difference","main_scaling","two_run_difference",2000,4,3.17552631578951,3.17473684210528,0.0289983601917473,0.514499999999998,3.53125000000003,0.355723684210523,0.158776315789475,0.511000000000024,3.52700000000004,0.35226315789476,0.158736842105264,0,FALSE,FALSE,2.51926742355181,50.3853484710362,0,"3381;3387;3393;3399",849,FALSE,0.46357835418911
"HPC","AD_Stan_WCP","NicoStan_BridgeStan",50000,25,176,8,22,20,"3f8ed78629bdab9b833b52bd1450ea30","NicoStan_BridgeStan_state_allocation_thread_setup_sampling_model_load_divergence_check","iteration_difference","main_scaling","two_run_difference",2000,4,3.21131578947371,3.20789473684206,0.0476240664812186,0.521500000000003,3.57225000000003,0.360934210526318,0.160565789473685,0.519999999999982,3.56599999999997,0.361236842105239,0.160394736842103,0,FALSE,FALSE,2.49119069081372,49.8238138162743,0,"3382;3388;3394;3400",850,FALSE,0.471523395886265
"HPC","AD_Stan_WCP","NicoStan_BridgeStan",50000,25,32,16,2,20,"3f8ed78629bdab9b833b52bd1450ea30","NicoStan_BridgeStan_state_allocation_thread_setup_sampling_model_load_divergence_check","iteration_difference","main_scaling","two_run_difference",2000,4,5.56921052631579,5.55526315789465,0.164105623262269,0.77600000000001,6.06675000000001,0.497539473684221,0.27846052631579,0.762499999999932,6.03199999999993,0.490947368420979,0.277763157894733,0,FALSE,FALSE,2.87293861928838,57.4587723857676,0,"3401;3406;3411;3416",851,FALSE,0.801020649246336
"HPC","AD_Stan_WCP","NicoStan_BridgeStan",50000,25,64,16,4,20,"3f8ed78629bdab9b833b52bd1450ea30","NicoStan_BridgeStan_state_allocation_thread_setup_sampling_model_load_divergence_check","iteration_difference","main_scaling","two_run_difference",2000,4,5.45394736842097,5.45578947368408,0.0284843350055808,0.742000000000019,5.92324999999994,0.46930263157897,0.272697368421048,0.737499999999955,5.91899999999987,0.465815789473637,0.272789473684204,0,FALSE,FALSE,2.93365500603141,58.6731001206282,0,"3402;3407;3412;3417",852,FALSE,0.516525934861294
"HPC","AD_Stan_WCP","NicoStan_BridgeStan",50000,25,96,16,6,20,"3f8ed78629bdab9b833b52bd1450ea30","NicoStan_BridgeStan_state_allocation_thread_setup_sampling_model_load_divergence_check","iteration_difference","main_scaling","two_run_difference",2000,4,5.7536842105262,5.77157894736837,0.0469100630635004,0.779500000000041,6.24549999999994,0.491815789473731,0.28768421052631,0.763000000000034,6.24599999999998,0.474421052631615,0.288578947368418,0,FALSE,FALSE,2.78082693011348,55.6165386022696,0,"3403;3408;3413;3418",853,FALSE,0.448682766191016
"HPC","AD_Stan_WCP","NicoStan_BridgeStan",50000,25,128,16,8,20,"3f8ed78629bdab9b833b52bd1450ea30","NicoStan_BridgeStan_state_allocation_thread_setup_sampling_model_load_divergence_check","iteration_difference","main_scaling","two_run_difference",2000,4,5.96552631578944,5.96631578947369,0.0406809535475461,0.769750000000045,6.43700000000001,0.471473684210573,0.298276315789472,0.769000000000119,6.43849999999998,0.47076315789486,0.298315789473685,0,FALSE,FALSE,2.68207684503067,53.6415369006135,0,"3404;3409;3414;3419",854,FALSE,0.42639728263268
"HPC","AD_Stan_WCP","NicoStan_BridgeStan",50000,25,176,16,11,20,"3f8ed78629bdab9b833b52bd1450ea30","NicoStan_BridgeStan_state_allocation_thread_setup_sampling_model_load_divergence_check","iteration_difference","main_scaling","two_run_difference",2000,4,6.16236842105273,6.16105263157914,0.0408259599123577,0.781499999999994,6.63575000000009,0.473381578947358,0.308118421052636,0.783000000000015,6.63300000000015,0.474815789473699,0.308052631578957,0,FALSE,FALSE,2.59640432164663,51.9280864329325,0,"3405;3410;3415;3420",855,FALSE,0.403681086390212
"HPC","AD_Stan_WCP","NicoStan_BridgeStan",50000,25,96,24,4,20,"3f8ed78629bdab9b833b52bd1450ea30","NicoStan_BridgeStan_state_allocation_thread_setup_sampling_model_load_divergence_check","iteration_difference","main_scaling","two_run_difference",2000,4,8.15375000000017,8.14000000000021,0.255550875561618,1.02024999999998,8.76631250000014,0.612562499999967,0.407687500000009,1.05399999999997,8.71950000000018,0.642749999999921,0.407000000000011,0,FALSE,FALSE,2.94343093668551,58.8686187337102,0,"3421;3422;3423;3424",856,FALSE,0.388471562164656
"HPC","AD_Stan_WCP","NicoStan_BridgeStan",50000,25,64,32,2,20,"3f8ed78629bdab9b833b52bd1450ea30","NicoStan_BridgeStan_state_allocation_thread_setup_sampling_model_load_divergence_check","iteration_difference","main_scaling","two_run_difference",2000,4,10.0362500000003,10.0675000000012,0.215421099245456,1.33350000000002,10.8679375000003,0.831687500000001,0.501812500000014,1.3309999999999,10.8951250000011,0.827624999999841,0.503375000000062,0,FALSE,FALSE,3.18844189811923,63.7688379623846,0,"3425;3427;3429;3431",857,FALSE,0.470170631460952
"HPC","AD_Stan_WCP","NicoStan_BridgeStan",50000,25,128,32,4,20,"3f8ed78629bdab9b833b52bd1450ea30","NicoStan_BridgeStan_state_allocation_thread_setup_sampling_model_load_divergence_check","iteration_difference","main_scaling","two_run_difference",2000,4,11.3237499999997,11.0424999999998,0.601447905751901,1.37000000000006,12.1275624999998,0.803812500000078,0.566187499999984,1.32850000000008,11.8108749999998,0.777875000000108,0.55212499999999,0,FALSE,FALSE,2.82591897560445,56.518379512089,0,"3426;3428;3430;3432",858,FALSE,0.411193288442435
"HPC","AD_Stan_WCP","NicoStan_BridgeStan",50000,25,180,45,4,20,"3f8ed78629bdab9b833b52bd1450ea30","NicoStan_BridgeStan_state_allocation_thread_setup_sampling_model_load_divergence_check","iteration_difference","main_scaling","two_run_difference",2000,4,16.9874999999999,17.0824999999991,0.687125655660555,1.89124999999996,18.0293749999999,1.04187499999996,0.849374999999995,1.86799999999994,18.1458749999991,1.02037499999986,0.854124999999954,0,FALSE,FALSE,2.64900662251657,52.9801324503314,0,"3433;3434;3435;3436",859,FALSE,0.37144959529054
"HPC","AD_Stan_WCP","NicoStan_BridgeStan",50000,25,96,48,2,20,"3f8ed78629bdab9b833b52bd1450ea30","NicoStan_BridgeStan_state_allocation_thread_setup_sampling_model_load_divergence_check","iteration_difference","main_scaling","two_run_difference",2000,4,16.7487500000001,16.7250000000001,0.859897038409478,2.00099999999998,17.9123125000001,1.16356249999997,0.837437500000007,2,17.8947500000001,1.16974999999996,0.836250000000007,0,FALSE,FALSE,2.86588551384429,57.3177102768858,0,"3437;3438;3439;3440",860,FALSE,0.400776177326689
"HPC","AD_Stan_WCP","NicoStan_BridgeStan",50000,25,128,64,2,20,"3f8ed78629bdab9b833b52bd1450ea30","NicoStan_BridgeStan_state_allocation_thread_setup_sampling_model_load_divergence_check","iteration_difference","main_scaling","two_run_difference",2000,4,22.6737499999996,22.4399999999997,0.991096825071682,2.59250000000003,24.1325624999996,1.45881250000005,1.13368749999998,2.65500000000009,23.8479999999997,1.50800000000001,1.12199999999999,0,FALSE,FALSE,2.82264733447273,56.4529466894547,0,"3441;3442;3443;3444",861,FALSE,0.375434147417146
"HPC","AD_Stan_WCP","NicoStan_BridgeStan",50000,25,180,90,2,20,"3f8ed78629bdab9b833b52bd1450ea30","NicoStan_BridgeStan_state_allocation_thread_setup_sampling_model_load_divergence_check","iteration_difference","main_scaling","two_run_difference",2000,4,33.2537500000001,33.3525000000003,1.92316308460877,3.64274999999998,35.2338125000001,1.98006249999997,1.6626875,3.64300000000003,35.3581249999997,2.04949999999997,1.66762500000002,0,FALSE,FALSE,2.70646167725444,54.1292335450888,0,"3445;3446;3447;3448",862,FALSE,0.341164530316113
"HPC","AD_Stan_WCP","NicoStan_BridgeStan",50000,50,8,4,2,20,"3f8ed78629bdab9b833b52bd1450ea30","NicoStan_BridgeStan_state_allocation_thread_setup_sampling_model_load_divergence_check","iteration_difference","main_scaling","two_run_difference",1000,4,3.71815789473676,3.70473684210514,0.216742227040338,0.523000000000025,4.05524999999994,0.337092105263187,0.185907894736838,0.524499999999989,4.04999999999995,0.336263157894803,0.185236842105257,0,FALSE,FALSE,1.07580154292592,21.5160308585184,0,"3449;3456;3463;3470",863,TRUE,1
"HPC","AD_Stan_WCP","NicoStan_BridgeStan",50000,50,16,4,4,20,"3f8ed78629bdab9b833b52bd1450ea30","NicoStan_BridgeStan_state_allocation_thread_setup_sampling_model_load_divergence_check","iteration_difference","main_scaling","two_run_difference",1000,4,2.01210526315788,2.00315789473686,0.14759256137614,0.4495,2.36099999999999,0.348894736842106,0.100605263157894,0.446500000000015,2.34950000000003,0.347473684210531,0.100157894736843,0,FALSE,FALSE,1.98796756473974,39.7593512947949,0,"3450;3457;3464;3471",864,FALSE,0.972011509285938
"HPC","AD_Stan_WCP","NicoStan_BridgeStan",50000,50,32,4,8,20,"3f8ed78629bdab9b833b52bd1450ea30","NicoStan_BridgeStan_state_allocation_thread_setup_sampling_model_load_divergence_check","iteration_difference","main_scaling","two_run_difference",1000,4,1.32315789473703,1.32315789473715,0.0613543662999833,0.40849999999989,1.66550000000007,0.342342105263039,0.0661578947368513,0.409499999999866,1.66650000000016,0.343342105263009,0.0661578947368573,0,FALSE,FALSE,3.02307080349998,60.4614160699995,0,"3451;3458;3465;3472",865,FALSE,0.887032617342673
"HPC","AD_Stan_WCP","NicoStan_BridgeStan",50000,50,64,4,16,20,"3f8ed78629bdab9b833b52bd1450ea30","NicoStan_BridgeStan_state_allocation_thread_setup_sampling_model_load_divergence_check","iteration_difference","main_scaling","two_run_difference",1000,4,1.34736842105272,1.34631578947368,0.0365855730462911,0.420999999999935,1.70100000000002,0.353631578947299,0.0673684210526361,0.421999999999912,1.70249999999999,0.353105263157802,0.067315789473684,0,FALSE,FALSE,2.9687499999998,59.374999999996,0,"3452;3459;3466;3473",866,FALSE,0.710546874999981
"HPC","AD_Stan_WCP","NicoStan_BridgeStan",50000,50,96,4,24,20,"3f8ed78629bdab9b833b52bd1450ea30","NicoStan_BridgeStan_state_allocation_thread_setup_sampling_model_load_divergence_check","iteration_difference","main_scaling","two_run_difference",1000,4,1.52500000000014,1.51105263157924,0.0728543494425408,0.422749999999951,1.87150000000008,0.346499999999944,0.076250000000007,0.422999999999888,1.85600000000011,0.344947368420872,0.0755526315789618,0,FALSE,FALSE,2.62295081967189,52.4590163934378,0,"3453;3460;3467;3474",867,FALSE,0.599309749784235
"HPC","AD_Stan_WCP","NicoStan_BridgeStan",50000,50,128,4,32,20,"3f8ed78629bdab9b833b52bd1450ea30","NicoStan_BridgeStan_state_allocation_thread_setup_sampling_model_load_divergence_check","iteration_difference","main_scaling","two_run_difference",1000,4,1.64815789473682,1.64368421052634,0.0903440637868214,0.414500000000089,1.98025000000007,0.332092105263248,0.0824078947368411,0.415000000000077,1.97200000000009,0.331684210526329,0.082184210526317,0,FALSE,FALSE,2.4269519399649,48.5390387992981,0,"3454;3461;3468;3475",868,FALSE,0.563627654478724
"HPC","AD_Stan_WCP","NicoStan_BridgeStan",50000,50,176,4,44,20,"3f8ed78629bdab9b833b52bd1450ea30","NicoStan_BridgeStan_state_allocation_thread_setup_sampling_model_load_divergence_check","iteration_difference","main_scaling","two_run_difference",1000,4,1.70631578947372,1.68526315789474,0.113752416186983,0.4255,2.04650000000004,0.340184210526313,0.0853157894736862,0.423000000000002,2.03399999999999,0.339078947368421,0.0842631578947368,0,FALSE,FALSE,2.34423195558292,46.8846391116584,0,"3455;3462;3469;3476",869,FALSE,0.602868599629825
"HPC","AD_Stan_WCP","NicoStan_BridgeStan",50000,50,16,8,2,20,"3f8ed78629bdab9b833b52bd1450ea30","NicoStan_BridgeStan_state_allocation_thread_setup_sampling_model_load_divergence_check","iteration_difference","main_scaling","two_run_difference",1000,4,3.94578947368425,3.94842105263155,0.115740021337555,0.59499999999997,4.34350000000001,0.397710526315758,0.197289473684212,0.591499999999996,4.34299999999996,0.394078947368419,0.197421052631578,0,FALSE,FALSE,2.02747765772974,40.5495531545948,0,"3477;3483;3489;3495",870,TRUE,1
"HPC","AD_Stan_WCP","NicoStan_BridgeStan",50000,50,32,8,4,20,"3f8ed78629bdab9b833b52bd1450ea30","NicoStan_BridgeStan_state_allocation_thread_setup_sampling_model_load_divergence_check","iteration_difference","main_scaling","two_run_difference",1000,4,2.48921052631563,2.48842105263137,0.029615885034107,0.510250000000099,2.87499999999994,0.385789473684317,0.124460526315781,0.510000000000105,2.87249999999995,0.386631578947482,0.124421052631569,0,FALSE,FALSE,3.21387038799049,64.2774077598097,0,"3478;3484;3490;3496",871,FALSE,0.913944391584817
"HPC","AD_Stan_WCP","NicoStan_BridgeStan",50000,50,64,8,8,20,"3f8ed78629bdab9b833b52bd1450ea30","NicoStan_BridgeStan_state_allocation_thread_setup_sampling_model_load_divergence_check","iteration_difference","main_scaling","two_run_difference",1000,4,2.24526315789484,2.24157894736855,0.0189668515814317,0.491499999999974,2.62450000000007,0.379236842105232,0.112263157894742,0.488999999999919,2.62200000000007,0.376921052631492,0.112078947368427,0,FALSE,FALSE,3.56305672761353,71.2611345522706,0,"3479;3485;3491;3497",872,FALSE,0.665729020159404
"HPC","AD_Stan_WCP","NicoStan_BridgeStan",50000,50,96,8,12,20,"3f8ed78629bdab9b833b52bd1450ea30","NicoStan_BridgeStan_state_allocation_thread_setup_sampling_model_load_divergence_check","iteration_difference","main_scaling","two_run_difference",1000,4,2.64657894736849,2.64263157894747,0.0358449003212257,0.505999999999972,3.02025000000003,0.373671052631548,0.132328947368424,0.503999999999905,3.0145,0.371868421052532,0.132131578947373,0,FALSE,FALSE,3.02277020980404,60.4554041960809,0,"3480;3486;3492;3498",873,FALSE,0.548175400218754
"HPC","AD_Stan_WCP","NicoStan_BridgeStan",50000,50,128,8,16,20,"3f8ed78629bdab9b833b52bd1450ea30","NicoStan_BridgeStan_state_allocation_thread_setup_sampling_model_load_divergence_check","iteration_difference","main_scaling","two_run_difference",1000,4,2.89499999999993,2.87842105263161,0.0566231977102704,0.516500000000008,3.26674999999994,0.371750000000011,0.144749999999997,0.51400000000001,3.24850000000004,0.37007894736843,0.14392105263158,0,FALSE,FALSE,2.7633851468049,55.267702936098,0,"3481;3487;3493;3499",874,FALSE,0.508499227342985
"HPC","AD_Stan_WCP","NicoStan_BridgeStan",50000,50,176,8,22,20,"3f8ed78629bdab9b833b52bd1450ea30","NicoStan_BridgeStan_state_allocation_thread_setup_sampling_model_load_divergence_check","iteration_difference","main_scaling","two_run_difference",1000,4,3.10921052631586,3.1221052631579,0.0310050185077966,0.531499999999994,3.48525000000006,0.376039473684201,0.155460526315793,0.529499999999985,3.48700000000008,0.374947368421036,0.156105263157895,0,FALSE,FALSE,2.5730004231908,51.460008463816,0,"3482;3488;3494;3500",875,FALSE,0.487008040626322
"HPC","AD_Stan_WCP","NicoStan_BridgeStan",50000,50,32,16,2,20,"3f8ed78629bdab9b833b52bd1450ea30","NicoStan_BridgeStan_state_allocation_thread_setup_sampling_model_load_divergence_check","iteration_difference","main_scaling","two_run_difference",1000,4,4.80657894736845,4.8236842105263,0.0584842395767552,0.782749999999965,5.34899999999999,0.542421052631542,0.240328947368422,0.782499999999914,5.38049999999998,0.543289473684252,0.241184210526315,0,FALSE,FALSE,3.32877087325484,66.5754174650968,0,"3501;3506;3511;3516",876,FALSE,0.928113879003566
"HPC","AD_Stan_WCP","NicoStan_BridgeStan",50000,50,64,16,4,20,"3f8ed78629bdab9b833b52bd1450ea30","NicoStan_BridgeStan_state_allocation_thread_setup_sampling_model_load_divergence_check","iteration_difference","main_scaling","two_run_difference",1000,4,4.30710526315806,4.30052631578962,0.0367404612906572,0.706499999999949,4.79825000000011,0.491144736842045,0.215355263157903,0.708999999999946,4.7890000000001,0.493184210526256,0.215026315789481,0,FALSE,FALSE,3.71479195943042,74.2958391886083,0,"3502;3507;3512;3517",877,FALSE,0.654059998778013
"HPC","AD_Stan_WCP","NicoStan_BridgeStan",50000,50,96,16,6,20,"3f8ed78629bdab9b833b52bd1450ea30","NicoStan_BridgeStan_state_allocation_thread_setup_sampling_model_load_divergence_check","iteration_difference","main_scaling","two_run_difference",1000,4,4.88789473684206,4.88526315789458,0.0353794886610483,0.743249999999989,5.38674999999995,0.498855263157886,0.244394736842103,0.746499999999969,5.37949999999989,0.501052631578917,0.244263157894729,0,FALSE,FALSE,3.27339291482721,65.4678582965441,0,"3503;3508;3513;3518",878,FALSE,0.528157639711438
"HPC","AD_Stan_WCP","NicoStan_BridgeStan",50000,50,128,16,8,20,"3f8ed78629bdab9b833b52bd1450ea30","NicoStan_BridgeStan_state_allocation_thread_setup_sampling_model_load_divergence_check","iteration_difference","main_scaling","two_run_difference",1000,4,5.368947368421,5.37263157894717,0.0270221003221441,0.777500000000032,5.87799999999999,0.509052631578982,0.26844736842105,0.759500000000003,5.87900000000002,0.490052631578949,0.268631578947359,0,FALSE,FALSE,2.98009999019707,59.6019998039413,0,"3504;3509;3514;3519",879,FALSE,0.473777080678377
"HPC","AD_Stan_WCP","NicoStan_BridgeStan",50000,50,176,16,11,20,"3f8ed78629bdab9b833b52bd1450ea30","NicoStan_BridgeStan_state_allocation_thread_setup_sampling_model_load_divergence_check","iteration_difference","main_scaling","two_run_difference",1000,4,5.9239473684211,5.93157894736841,0.0654009580858119,0.802250000000015,6.43000000000006,0.50605263157896,0.296197368421055,0.790000000000077,6.43500000000006,0.493421052631657,0.296578947368421,0,FALSE,FALSE,2.70090178135132,54.0180356270263,0,"3505;3510;3515;3520",880,FALSE,0.419928035182785
"HPC","AD_Stan_WCP","NicoStan_BridgeStan",50000,50,96,24,4,20,"3f8ed78629bdab9b833b52bd1450ea30","NicoStan_BridgeStan_state_allocation_thread_setup_sampling_model_load_divergence_check","iteration_difference","main_scaling","two_run_difference",1000,4,6.08374999999967,6.08499999999935,0.116931247605594,0.83525000000003,6.61481249999972,0.531062500000047,0.304187499999983,0.832499999999982,6.59374999999949,0.532749999999993,0.304249999999968,0,FALSE,FALSE,3.9449352784058,78.8987055681161,0,"3521;3522;3523;3524",881,FALSE,0.520649270597954
"HPC","AD_Stan_WCP","NicoStan_BridgeStan",50000,50,64,32,2,20,"3f8ed78629bdab9b833b52bd1450ea30","NicoStan_BridgeStan_state_allocation_thread_setup_sampling_model_load_divergence_check","iteration_difference","main_scaling","two_run_difference",1000,4,8.62250000000017,8.50750000000005,0.85775384969452,1.20574999999997,9.39712500000013,0.774624999999958,0.431125000000009,1.23249999999996,9.31462500000001,0.807124999999957,0.425375000000003,0,FALSE,FALSE,3.71122064366476,74.2244128732951,0,"3525;3527;3529;3531",882,FALSE,0.547260075384172
"HPC","AD_Stan_WCP","NicoStan_BridgeStan",50000,50,128,32,4,20,"3f8ed78629bdab9b833b52bd1450ea30","NicoStan_BridgeStan_state_allocation_thread_setup_sampling_model_load_divergence_check","iteration_difference","main_scaling","two_run_difference",1000,4,9.92624999999975,10.1824999999997,0.571115502037185,1.26524999999998,10.6951874999997,0.768937499999993,0.496312499999988,1.27499999999986,10.9528749999997,0.767499999999984,0.509124999999983,0,FALSE,FALSE,3.22377534315585,64.4755068631171,0,"3526;3528;3530;3532",883,FALSE,0.469084498174034
"HPC","AD_Stan_WCP","NicoStan_BridgeStan",50000,50,180,45,4,20,"3f8ed78629bdab9b833b52bd1450ea30","NicoStan_BridgeStan_state_allocation_thread_setup_sampling_model_load_divergence_check","iteration_difference","main_scaling","two_run_difference",1000,4,15.9224999999998,15.5325000000005,0.886289080003196,1.82875000000001,16.9551249999998,1.03262500000002,0.796124999999989,1.76900000000001,16.5248750000005,0.999000000000024,0.776625000000024,0,FALSE,FALSE,2.8261893546868,56.523787093736,0,"3533;3534;3535;3536",884,FALSE,0.396294551734847
"HPC","AD_Stan_WCP","NicoStan_BridgeStan",50000,50,96,48,2,20,"3f8ed78629bdab9b833b52bd1450ea30","NicoStan_BridgeStan_state_allocation_thread_setup_sampling_model_load_divergence_check","iteration_difference","main_scaling","two_run_difference",1000,4,13.8412499999993,13.877500000001,1.04913754261928,1.87300000000005,15.0221874999993,1.18093750000008,0.692062499999963,1.8900000000001,15.0346250000008,1.19362500000017,0.693875000000048,0,FALSE,FALSE,3.46789487943665,69.357897588733,0,"3537;3538;3539;3540",885,FALSE,0.484963424546251
"HPC","AD_Stan_WCP","NicoStan_BridgeStan",50000,50,128,64,2,20,"3f8ed78629bdab9b833b52bd1450ea30","NicoStan_BridgeStan_state_allocation_thread_setup_sampling_model_load_divergence_check","iteration_difference","main_scaling","two_run_difference",1000,4,20.5812500000002,20.4900000000009,1.2241212834786,2.33124999999995,21.8834375000001,1.30218749999995,1.02906250000001,2.51999999999998,21.9980000000007,1.50799999999975,1.02450000000005,0,FALSE,FALSE,3.10962648041297,62.1925296082594,0,"3541;3542;3543;3544",886,FALSE,0.413604615851772
"HPC","AD_Stan_WCP","NicoStan_BridgeStan",50000,50,180,90,2,20,"3f8ed78629bdab9b833b52bd1450ea30","NicoStan_BridgeStan_state_allocation_thread_setup_sampling_model_load_divergence_check","iteration_difference","main_scaling","two_run_difference",1000,4,31.4050000000003,31.5425000000005,1.14094259276988,3.55749999999989,33.3922500000002,1.98724999999988,1.57025000000002,3.69100000000003,33.6923750000003,2.07487500000008,1.57712500000002,0,FALSE,FALSE,2.86578570291352,57.3157140582704,0,"3545;3546;3547;3548",887,FALSE,0.361248208883915
"HPC","AD_Stan_WCP","NicoStan_BridgeStan",50000,100,8,4,2,20,"3f8ed78629bdab9b833b52bd1450ea30","NicoStan_BridgeStan_state_allocation_thread_setup_sampling_model_load_divergence_check","iteration_difference","main_scaling","two_run_difference",500,4,3.77605263157899,3.77315789473677,0.13759408767823,0.509999999999991,4.09725000000003,0.321197368421041,0.188802631578949,0.510499999999979,4.09249999999997,0.321605263157847,0.188657894736839,0,FALSE,FALSE,1.05930726879921,21.1861453759842,0,"3549;3556;3563;3570",888,FALSE,0.984667921109452
"HPC","AD_Stan_WCP","NicoStan_BridgeStan",50000,100,16,4,4,20,"3f8ed78629bdab9b833b52bd1450ea30","NicoStan_BridgeStan_state_allocation_thread_setup_sampling_model_load_divergence_check","iteration_difference","main_scaling","two_run_difference",500,4,1.95578947368427,1.96157894736847,0.0340874980807602,0.429499999999905,2.28749999999997,0.331710526315691,0.0977894736842137,0.429499999999848,2.29299999999989,0.33155263157876,0.0980789473684234,0,FALSE,FALSE,2.04520990312157,40.9041980624314,0,"3550;3557;3564;3571",889,TRUE,1
"HPC","AD_Stan_WCP","NicoStan_BridgeStan",50000,100,32,4,8,20,"3f8ed78629bdab9b833b52bd1450ea30","NicoStan_BridgeStan_state_allocation_thread_setup_sampling_model_load_divergence_check","iteration_difference","main_scaling","two_run_difference",500,4,1.26552631578935,1.26526315789462,0.19989355431422,0.408000000000072,1.61024999999995,0.344723684210605,0.0632763157894673,0.408000000000129,1.61299999999994,0.347736842105327,0.0632631578947308,0,FALSE,FALSE,3.16074027864453,63.2148055728906,0,"3551;3558;3565;3572",890,FALSE,0.927427739654821
"HPC","AD_Stan_WCP","NicoStan_BridgeStan",50000,100,64,4,16,20,"3f8ed78629bdab9b833b52bd1450ea30","NicoStan_BridgeStan_state_allocation_thread_setup_sampling_model_load_divergence_check","iteration_difference","main_scaling","two_run_difference",500,4,1.06842105263168,1.07105263157899,0.0550664837828529,0.405749999999955,1.42075000000006,0.352328947368371,0.0534210526315842,0.404499999999985,1.42049999999995,0.35339473684209,0.0535526315789495,0,FALSE,FALSE,3.74384236453165,74.876847290633,0,"3552;3559;3566;3573",891,FALSE,0.896059113300441
"HPC","AD_Stan_WCP","NicoStan_BridgeStan",50000,100,96,4,24,20,"3f8ed78629bdab9b833b52bd1450ea30","NicoStan_BridgeStan_state_allocation_thread_setup_sampling_model_load_divergence_check","iteration_difference","main_scaling","two_run_difference",500,4,1.17789473684213,1.20473684210538,0.0910105368673274,0.399499999999989,1.51850000000002,0.340605263157882,0.0588947368421067,0.398500000000013,1.54000000000008,0.340578947368349,0.0602368421052688,0,FALSE,FALSE,3.39588918677382,67.9177837354764,0,"3553;3560;3567;3574",892,FALSE,0.775915996425351
"HPC","AD_Stan_WCP","NicoStan_BridgeStan",50000,100,128,4,32,20,"3f8ed78629bdab9b833b52bd1450ea30","NicoStan_BridgeStan_state_allocation_thread_setup_sampling_model_load_divergence_check","iteration_difference","main_scaling","two_run_difference",500,4,1.3731578947368,1.36842105263153,0.056962186352552,0.412000000000035,1.7165,0.343342105263194,0.0686578947368401,0.408000000000015,1.70299999999997,0.338078947368438,0.0684210526315766,0,FALSE,FALSE,2.91299348409361,58.2598696818722,0,"3554;3561;3568;3575",893,FALSE,0.676504407819146
"HPC","AD_Stan_WCP","NicoStan_BridgeStan",50000,100,176,4,44,20,"3f8ed78629bdab9b833b52bd1450ea30","NicoStan_BridgeStan_state_allocation_thread_setup_sampling_model_load_divergence_check","iteration_difference","main_scaling","two_run_difference",500,4,1.54473684210523,1.55473684210524,0.0995149826087281,0.40850000000006,1.87600000000003,0.331263157894799,0.0772368421052617,0.406000000000063,1.89100000000008,0.332868421052694,0.0777368421052619,0,FALSE,FALSE,2.58943781942083,51.7887563884166,0,"3555;3562;3569;3576",894,FALSE,0.665928449744455
"HPC","AD_Stan_WCP","NicoStan_BridgeStan",50000,100,16,8,2,20,"3f8ed78629bdab9b833b52bd1450ea30","NicoStan_BridgeStan_state_allocation_thread_setup_sampling_model_load_divergence_check","iteration_difference","main_scaling","two_run_difference",500,4,3.95842105263174,3.96473684210533,0.107638120163181,0.584499999999878,4.34500000000003,0.386578947368291,0.197921052631587,0.586499999999887,4.35299999999995,0.387631578947249,0.198236842105267,0,FALSE,FALSE,2.02100784470142,40.4201568940284,0,"3577;3583;3589;3595",895,FALSE,0.99680893498202
"HPC","AD_Stan_WCP","NicoStan_BridgeStan",50000,100,32,8,4,20,"3f8ed78629bdab9b833b52bd1450ea30","NicoStan_BridgeStan_state_allocation_thread_setup_sampling_model_load_divergence_check","iteration_difference","main_scaling","two_run_difference",500,4,2.33736842105259,2.31842105263156,0.0684804061050907,0.504500000000007,2.72499999999997,0.387631578947378,0.116868421052629,0.503500000000031,2.70249999999987,0.389078947368483,0.115921052631578,0,FALSE,FALSE,3.42265255573075,68.4530511146151,0,"3578;3584;3590;3596",896,FALSE,0.973316820535957
"HPC","AD_Stan_WCP","NicoStan_BridgeStan",50000,100,64,8,8,20,"3f8ed78629bdab9b833b52bd1450ea30","NicoStan_BridgeStan_state_allocation_thread_setup_sampling_model_load_divergence_check","iteration_difference","main_scaling","two_run_difference",500,4,1.83210526315801,1.80263157894746,0.0889063540859062,0.481249999999932,2.22175000000004,0.389644736842031,0.0916052631579006,0.478999999999928,2.18550000000005,0.389473684210459,0.0901315789473732,0,FALSE,FALSE,4.36656133295002,87.3312266590005,0,"3579;3585;3591;3597",897,FALSE,0.815857512209125
"HPC","AD_Stan_WCP","NicoStan_BridgeStan",50000,100,96,8,12,20,"3f8ed78629bdab9b833b52bd1450ea30","NicoStan_BridgeStan_state_allocation_thread_setup_sampling_model_load_divergence_check","iteration_difference","main_scaling","two_run_difference",500,4,1.91578947368414,1.91105263157899,0.0314265327732725,0.474750000000029,2.29474999999996,0.378960526315821,0.0957894736842072,0.473499999999945,2.29049999999995,0.376447368420994,0.0955526315789496,0,FALSE,FALSE,4.17582417582432,83.5164835164864,0,"3580;3586;3592;3598",898,FALSE,0.757280219780266
"HPC","AD_Stan_WCP","NicoStan_BridgeStan",50000,100,128,8,16,20,"3f8ed78629bdab9b833b52bd1450ea30","NicoStan_BridgeStan_state_allocation_thread_setup_sampling_model_load_divergence_check","iteration_difference","main_scaling","two_run_difference",500,4,2.33894736842103,2.33947368421037,0.0463875042873354,0.498749999999973,2.72074999999995,0.381802631578921,0.116947368421052,0.495499999999993,2.72499999999991,0.38042105263157,0.116973684210519,0,FALSE,FALSE,3.42034203420345,68.406840684069,0,"3581;3587;3593;3599",899,FALSE,0.629387938793891
"HPC","AD_Stan_WCP","NicoStan_BridgeStan",50000,100,176,8,22,20,"3f8ed78629bdab9b833b52bd1450ea30","NicoStan_BridgeStan_state_allocation_thread_setup_sampling_model_load_divergence_check","iteration_difference","main_scaling","two_run_difference",500,4,2.72552631578953,2.73473684210534,0.01986798535607,0.516749999999945,3.10599999999999,0.380473684210469,0.136276315789476,0.51299999999992,3.10950000000003,0.376263157894653,0.136736842105267,0,FALSE,FALSE,2.93521289948821,58.7042579897643,0,"3582;3588;3594;3600",900,FALSE,0.55556628367288
"HPC","AD_Stan_WCP","NicoStan_BridgeStan",50000,100,32,16,2,20,"3f8ed78629bdab9b833b52bd1450ea30","NicoStan_BridgeStan_state_allocation_thread_setup_sampling_model_load_divergence_check","iteration_difference","main_scaling","two_run_difference",500,4,4.50736842105249,4.49421052631566,0.134739583305317,0.771750000000111,5.05374999999998,0.546381578947486,0.225368421052625,0.769000000000119,5.04599999999994,0.542368421052761,0.224710526315783,0,FALSE,FALSE,3.54974311069605,70.9948622139209,0,"3601;3606;3611;3616",901,FALSE,0.989724427837502
"HPC","AD_Stan_WCP","NicoStan_BridgeStan",50000,100,64,16,4,20,"3f8ed78629bdab9b833b52bd1450ea30","NicoStan_BridgeStan_state_allocation_thread_setup_sampling_model_load_divergence_check","iteration_difference","main_scaling","two_run_difference",500,4,3.20894736842104,3.20052631578954,0.0633243420745555,0.665500000000009,3.714,0.505052631578957,0.160447368421052,0.664999999999964,3.70500000000004,0.505078947368385,0.160026315789477,0,FALSE,FALSE,4.98605871740202,99.7211743480403,0,"3602;3607;3612;3617",902,FALSE,0.877890765950483
"HPC","AD_Stan_WCP","NicoStan_BridgeStan",50000,100,96,16,6,20,"3f8ed78629bdab9b833b52bd1450ea30","NicoStan_BridgeStan_state_allocation_thread_setup_sampling_model_load_divergence_check","iteration_difference","main_scaling","two_run_difference",500,4,3.45605263157896,3.48684210526328,0.0954452074593226,0.698500000000024,3.98175000000003,0.525697368421076,0.172802631578948,0.671500000000037,3.97600000000011,0.49657894736846,0.174342105263164,0,FALSE,FALSE,4.62955912586613,92.5911825173225,0,"3603;3608;3613;3618",903,FALSE,0.746973273433347
"HPC","AD_Stan_WCP","NicoStan_BridgeStan",50000,100,128,16,8,20,"3f8ed78629bdab9b833b52bd1450ea30","NicoStan_BridgeStan_state_allocation_thread_setup_sampling_model_load_divergence_check","iteration_difference","main_scaling","two_run_difference",500,4,4.04552631578943,4.04842105263146,0.0278814930492015,0.718500000000006,4.56174999999996,0.516223684210535,0.202276315789471,0.691000000000031,4.53699999999992,0.488578947368458,0.202421052631573,0,FALSE,FALSE,3.95498601444095,79.099720288819,0,"3604;3609;3614;3619",904,FALSE,0.628764717361626
"HPC","AD_Stan_WCP","NicoStan_BridgeStan",50000,100,176,16,11,20,"3f8ed78629bdab9b833b52bd1450ea30","NicoStan_BridgeStan_state_allocation_thread_setup_sampling_model_load_divergence_check","iteration_difference","main_scaling","two_run_difference",500,4,4.9428947368422,4.93631578947375,0.0540194212878745,0.774499999999989,5.47025000000008,0.527355263157879,0.24714473684211,0.754000000000019,5.46900000000005,0.505710526315804,0.246815789473688,0,FALSE,FALSE,3.23696960017031,64.7393920034061,0,"3605;3610;3615;3620",905,FALSE,0.503274237342255
"HPC","AD_Stan_WCP","NicoStan_BridgeStan",50000,100,96,24,4,20,"3f8ed78629bdab9b833b52bd1450ea30","NicoStan_BridgeStan_state_allocation_thread_setup_sampling_model_load_divergence_check","iteration_difference","main_scaling","two_run_difference",500,4,4.57250000000045,4.45749999999975,0.47491227260159,0.841250000000059,5.18512500000048,0.612625000000037,0.228625000000022,0.8599999999999,5.11562499999985,0.614499999999794,0.222874999999988,0,FALSE,FALSE,5.24876981957303,104.975396391461,0,"3621;3622;3623;3624",906,FALSE,0.692728266812427
"HPC","AD_Stan_WCP","NicoStan_BridgeStan",50000,100,64,32,2,20,"3f8ed78629bdab9b833b52bd1450ea30","NicoStan_BridgeStan_state_allocation_thread_setup_sampling_model_load_divergence_check","iteration_difference","main_scaling","two_run_difference",500,4,6.36750000000006,6.56500000000051,0.64439247874895,1.13774999999998,7.18687500000004,0.81937499999998,0.318375000000003,1.14449999999988,7.39037499999984,0.820874999999887,0.328250000000025,0,FALSE,FALSE,5.02552021986646,100.510404397329,0,"3625;3627;3629;3631",907,FALSE,0.741067923046732
"HPC","AD_Stan_WCP","NicoStan_BridgeStan",50000,100,128,32,4,20,"3f8ed78629bdab9b833b52bd1450ea30","NicoStan_BridgeStan_state_allocation_thread_setup_sampling_model_load_divergence_check","iteration_difference","main_scaling","two_run_difference",500,4,7.27374999999995,7.01250000000073,0.667662277402564,1.20550000000003,8.11556249999998,0.841812500000032,0.363687499999997,1.19350000000009,7.82587499999994,0.851750000000095,0.350625000000036,0,FALSE,FALSE,4.39938133699951,87.9876267399903,0,"3626;3628;3630;3632",908,FALSE,0.640144354700109
"HPC","AD_Stan_WCP","NicoStan_BridgeStan",50000,100,180,45,4,20,"3f8ed78629bdab9b833b52bd1450ea30","NicoStan_BridgeStan_state_allocation_thread_setup_sampling_model_load_divergence_check","iteration_difference","main_scaling","two_run_difference",500,4,12.2850000000011,12.0150000000001,0.76106285329521,1.83949999999982,13.5102500000009,1.22524999999976,0.614250000000055,1.84099999999967,13.2011250000011,1.23687499999971,0.600750000000005,0,FALSE,FALSE,3.66300366300333,73.2600732600667,0,"3633;3634;3635;3636",909,FALSE,0.513634513634306
"HPC","AD_Stan_WCP","NicoStan_BridgeStan",50000,100,96,48,2,20,"3f8ed78629bdab9b833b52bd1450ea30","NicoStan_BridgeStan_state_allocation_thread_setup_sampling_model_load_divergence_check","iteration_difference","main_scaling","two_run_difference",500,4,9.95375000000024,9.55250000000092,0.94764071074743,1.54575,11.0018125000002,1.04806249999999,0.497687500000012,1.50250000000005,10.5573750000009,1.02687500000008,0.477625000000046,0,FALSE,FALSE,4.82230315207825,96.4460630415649,0,"3637;3638;3639;3640",910,FALSE,0.674368956423486
"HPC","AD_Stan_WCP","NicoStan_BridgeStan",50000,100,128,64,2,20,"3f8ed78629bdab9b833b52bd1450ea30","NicoStan_BridgeStan_state_allocation_thread_setup_sampling_model_load_divergence_check","iteration_difference","main_scaling","two_run_difference",500,4,14.1600000000011,14.2925000000014,1.03912623551481,2.25374999999985,15.7057500000009,1.5457499999998,0.708000000000055,2.26049999999987,15.8248750000012,1.54262499999987,0.714625000000069,0,FALSE,FALSE,4.51977401129908,90.3954802259816,0,"3641;3642;3643;3644",911,FALSE,0.601165254237196
"HPC","AD_Stan_WCP","NicoStan_BridgeStan",50000,100,180,90,2,20,"3f8ed78629bdab9b833b52bd1450ea30","NicoStan_BridgeStan_state_allocation_thread_setup_sampling_model_load_divergence_check","iteration_difference","main_scaling","two_run_difference",500,4,23.6937499999993,23.7024999999994,0.355841139648326,3.06299999999999,25.5720624999994,1.87831250000002,1.18468749999997,3.01899999999978,25.567624999999,1.83474999999981,1.18512499999997,0,FALSE,FALSE,3.79847006067011,75.9694012134023,0,"3645;3646;3647;3648",912,FALSE,0.478818253758893
"HPC","AD_Stan_WCP","NicoStan_BridgeStan",50000,250,8,4,2,20,"3f8ed78629bdab9b833b52bd1450ea30","NicoStan_BridgeStan_state_allocation_thread_setup_sampling_model_load_divergence_check","iteration_difference","main_scaling","two_run_difference",200,4,3.86342105263165,3.90052631578962,0.30650970530482,0.516999999999939,4.18725000000001,0.323828947368357,0.193171052631582,0.515999999999963,4.22350000000006,0.322973684210434,0.195026315789481,0,FALSE,FALSE,1.03535181527142,20.7070363054284,0,"3649;3656;3663;3670",913,FALSE,0.962400381445366
"HPC","AD_Stan_WCP","NicoStan_BridgeStan",50000,250,16,4,4,20,"3f8ed78629bdab9b833b52bd1450ea30","NicoStan_BridgeStan_state_allocation_thread_setup_sampling_model_load_divergence_check","iteration_difference","main_scaling","two_run_difference",200,4,1.9657894736841,1.96526315789458,0.076572466115022,0.437500000000057,2.30499999999995,0.339210526315852,0.0982894736842049,0.438499999999976,2.30349999999999,0.340184210526295,0.0982631578947289,0,FALSE,FALSE,2.03480589022769,40.6961178045539,0,"3650;3657;3664;3671",914,FALSE,0.994912985274521
"HPC","AD_Stan_WCP","NicoStan_BridgeStan",50000,250,32,4,8,20,"3f8ed78629bdab9b833b52bd1450ea30","NicoStan_BridgeStan_state_allocation_thread_setup_sampling_model_load_divergence_check","iteration_difference","main_scaling","two_run_difference",200,4,1.17368421052621,1.17263157894716,0.130067103925327,0.407500000000027,1.52249999999992,0.348815789473717,0.0586842105263103,0.408000000000129,1.51499999999987,0.345894736842249,0.0586315789473582,0,FALSE,FALSE,3.40807174887924,68.1614349775849,0,"3651;3658;3665;3672",915,TRUE,1
"HPC","AD_Stan_WCP","NicoStan_BridgeStan",50000,250,64,4,16,20,"3f8ed78629bdab9b833b52bd1450ea30","NicoStan_BridgeStan_state_allocation_thread_setup_sampling_model_load_divergence_check","iteration_difference","main_scaling","two_run_difference",200,4,0.95736842105267,0.952631578947459,0.0809933709085124,0.417249999999967,1.32675,0.369381578947334,0.0478684210526335,0.414499999999975,1.31700000000001,0.364368421052548,0.047631578947373,0,FALSE,FALSE,4.1781198460691,83.562396921382,0,"3652;3659;3666;3673",916,TRUE,1
"HPC","AD_Stan_WCP","NicoStan_BridgeStan",50000,250,96,4,24,20,"3f8ed78629bdab9b833b52bd1450ea30","NicoStan_BridgeStan_state_allocation_thread_setup_sampling_model_load_divergence_check","iteration_difference","main_scaling","two_run_difference",200,4,0.913947368421041,0.926315789473679,0.103134171994941,0.412000000000035,1.28025000000002,0.366302631578982,0.0456973684210521,0.415000000000077,1.28899999999999,0.369921052631657,0.046315789473684,0,FALSE,FALSE,4.37661963720132,87.5323927440264,0,"3653;3660;3667;3674",917,TRUE,1
"HPC","AD_Stan_WCP","NicoStan_BridgeStan",50000,250,128,4,32,20,"3f8ed78629bdab9b833b52bd1450ea30","NicoStan_BridgeStan_state_allocation_thread_setup_sampling_model_load_divergence_check","iteration_difference","main_scaling","two_run_difference",200,4,0.928947368421105,0.959473684210575,0.0838346876158016,0.413249999999948,1.29575,0.366802631578893,0.0464473684210553,0.414999999999964,1.32050000000004,0.366210526315752,0.0479736842105288,0,FALSE,FALSE,4.30594900849834,86.1189801699668,0,"3654;3661;3668;3675",918,TRUE,1
"HPC","AD_Stan_WCP","NicoStan_BridgeStan",50000,250,176,4,44,20,"3f8ed78629bdab9b833b52bd1450ea30","NicoStan_BridgeStan_state_allocation_thread_setup_sampling_model_load_divergence_check","iteration_difference","main_scaling","two_run_difference",200,4,1.1407894736844,1.14842105263171,0.114533458884653,0.411749999999927,1.49550000000011,0.354710526315707,0.05703947368422,0.409999999999968,1.50100000000009,0.352578947368383,0.0574210526315854,0,FALSE,FALSE,3.50634371395559,70.1268742791118,0,"3655;3662;3669;3676",919,FALSE,0.901730103806051
"HPC","AD_Stan_WCP","NicoStan_BridgeStan",50000,250,16,8,2,20,"3f8ed78629bdab9b833b52bd1450ea30","NicoStan_BridgeStan_state_allocation_thread_setup_sampling_model_load_divergence_check","iteration_difference","main_scaling","two_run_difference",200,4,4.036052631579,4.0284210526317,0.111055957379374,0.552999999999997,4.38725000000005,0.351197368421047,0.20180263157895,0.548999999999978,4.37350000000004,0.351263157894712,0.201421052631585,0,FALSE,FALSE,1.98213470691788,39.6426941383577,0,"3677;3683;3689;3695",920,FALSE,0.977635782747599
"HPC","AD_Stan_WCP","NicoStan_BridgeStan",50000,250,32,8,4,20,"3f8ed78629bdab9b833b52bd1450ea30","NicoStan_BridgeStan_state_allocation_thread_setup_sampling_model_load_divergence_check","iteration_difference","main_scaling","two_run_difference",200,4,2.27500000000006,2.28947368421048,0.0289473684210064,0.478499999999997,2.63975000000005,0.364749999999994,0.113750000000003,0.476999999999975,2.64999999999998,0.3639736842105,0.114473684210524,0,FALSE,FALSE,3.51648351648343,70.3296703296686,0,"3678;3684;3690;3696",921,TRUE,1
"HPC","AD_Stan_WCP","NicoStan_BridgeStan",50000,250,64,8,8,20,"3f8ed78629bdab9b833b52bd1450ea30","NicoStan_BridgeStan_state_allocation_thread_setup_sampling_model_load_divergence_check","iteration_difference","main_scaling","two_run_difference",200,4,1.49473684210534,1.49210526315803,0.0351122721112631,0.458249999999964,1.87825000000004,0.383513157894697,0.074736842105267,0.460500000000025,1.87850000000003,0.385552631578973,0.0746052631579017,0,FALSE,FALSE,5.35211267605606,107.042253521121,0,"3679;3685;3691;3697",922,TRUE,1
"HPC","AD_Stan_WCP","NicoStan_BridgeStan",50000,250,96,8,12,20,"3f8ed78629bdab9b833b52bd1450ea30","NicoStan_BridgeStan_state_allocation_thread_setup_sampling_model_load_divergence_check","iteration_difference","main_scaling","two_run_difference",200,4,1.45078947368425,1.44894736842102,0.0280136492257901,0.461250000000007,1.83950000000004,0.388710526315794,0.0725394736842125,0.458999999999946,1.84700000000009,0.385263157894674,0.0724473684210508,0,FALSE,FALSE,5.5142390712859,110.284781425718,0,"3680;3686;3692;3698",923,TRUE,1
"HPC","AD_Stan_WCP","NicoStan_BridgeStan",50000,250,128,8,16,20,"3f8ed78629bdab9b833b52bd1450ea30","NicoStan_BridgeStan_state_allocation_thread_setup_sampling_model_load_divergence_check","iteration_difference","main_scaling","two_run_difference",200,4,1.48184210526306,1.47315789473683,0.0734702407075841,0.462750000000085,1.87049999999999,0.388657894736932,0.074092105263153,0.462000000000103,1.86300000000006,0.387473684210638,0.0736578947368415,0,FALSE,FALSE,5.39868584620884,107.973716924177,0,"3681;3687;3693;3699",924,FALSE,0.993429231042518
"HPC","AD_Stan_WCP","NicoStan_BridgeStan",50000,250,176,8,22,20,"3f8ed78629bdab9b833b52bd1450ea30","NicoStan_BridgeStan_state_allocation_thread_setup_sampling_model_load_divergence_check","iteration_difference","main_scaling","two_run_difference",200,4,1.95842105263158,1.94736842105254,0.0737217949257799,0.47075000000001,2.33125000000001,0.372828947368431,0.097921052631579,0.461999999999989,2.33399999999995,0.36257894736841,0.0973684210526268,0,FALSE,FALSE,4.0849234076861,81.698468153722,0,"3682;3688;3694;3700",925,FALSE,0.773179252889025
"HPC","AD_Stan_WCP","NicoStan_BridgeStan",50000,250,32,16,2,20,"3f8ed78629bdab9b833b52bd1450ea30","NicoStan_BridgeStan_state_allocation_thread_setup_sampling_model_load_divergence_check","iteration_difference","main_scaling","two_run_difference",200,4,4.46105263157901,4.4684210526317,0.103665061906062,0.661499999999933,4.89949999999999,0.438447368420982,0.22305263157895,0.658999999999878,4.89499999999998,0.435578947368293,0.223421052631585,0,FALSE,FALSE,3.58659745162808,71.7319490325616,0,"3701;3706;3711;3716",926,TRUE,1
"HPC","AD_Stan_WCP","NicoStan_BridgeStan",50000,250,64,16,4,20,"3f8ed78629bdab9b833b52bd1450ea30","NicoStan_BridgeStan_state_allocation_thread_setup_sampling_model_load_divergence_check","iteration_difference","main_scaling","two_run_difference",200,4,2.81710526315794,2.82789473684213,0.0353154887952917,0.598749999999995,3.27500000000003,0.457894736842099,0.140855263157897,0.601499999999987,3.25900000000001,0.461947368421037,0.141394736842107,0,FALSE,FALSE,5.67958897711342,113.591779542268,0,"3702;3707;3712;3717",927,TRUE,1
"HPC","AD_Stan_WCP","NicoStan_BridgeStan",50000,250,96,16,6,20,"3f8ed78629bdab9b833b52bd1450ea30","NicoStan_BridgeStan_state_allocation_thread_setup_sampling_model_load_divergence_check","iteration_difference","main_scaling","two_run_difference",200,4,2.58157894736847,2.59105263157895,0.0708659014802771,0.59174999999999,3.04425000000003,0.462671052631567,0.129078947368423,0.593999999999937,3.04750000000001,0.46421052631572,0.129552631578947,0,FALSE,FALSE,6.19775739041783,123.955147808357,0,"3703;3708;3713;3718",928,TRUE,1
"HPC","AD_Stan_WCP","NicoStan_BridgeStan",50000,250,128,16,8,20,"3f8ed78629bdab9b833b52bd1450ea30","NicoStan_BridgeStan_state_allocation_thread_setup_sampling_model_load_divergence_check","iteration_difference","main_scaling","two_run_difference",200,4,2.67815789473682,2.66789473684196,0.0425882387449723,0.596000000000004,3.14024999999998,0.462092105263163,0.133907894736841,0.592500000000086,3.15349999999989,0.459105263157988,0.133394736842098,0,FALSE,FALSE,5.97425567456034,119.485113491207,0,"3704;3709;3714;3719",929,FALSE,0.949788739314165
"HPC","AD_Stan_WCP","NicoStan_BridgeStan",50000,250,176,16,11,20,"3f8ed78629bdab9b833b52bd1450ea30","NicoStan_BridgeStan_state_allocation_thread_setup_sampling_model_load_divergence_check","iteration_difference","main_scaling","two_run_difference",200,4,3.42578947368416,3.43526315789476,0.0699320340140011,0.625250000000051,3.87975,0.453960526315843,0.171289473684208,0.626500000000078,3.87199999999996,0.452921052631651,0.171763157894738,0,FALSE,FALSE,4.67045629128906,93.4091258257811,0,"3705;3710;3715;3720",930,FALSE,0.726148409893985
"HPC","AD_Stan_WCP","NicoStan_BridgeStan",50000,250,96,24,4,20,"3f8ed78629bdab9b833b52bd1450ea30","NicoStan_BridgeStan_state_allocation_thread_setup_sampling_model_load_divergence_check","iteration_difference","main_scaling","two_run_difference",200,4,3.56999999999971,3.54750000000081,0.503802209865496,0.807999999999993,4.19949999999972,0.629500000000007,0.178499999999985,0.824499999999944,4.20612500000055,0.658624999999745,0.17737500000004,0,FALSE,FALSE,6.7226890756308,134.453781512616,0,"3721;3722;3723;3724",931,FALSE,0.887254901960894
"HPC","AD_Stan_WCP","NicoStan_BridgeStan",50000,250,64,32,2,20,"3f8ed78629bdab9b833b52bd1450ea30","NicoStan_BridgeStan_state_allocation_thread_setup_sampling_model_load_divergence_check","iteration_difference","main_scaling","two_run_difference",200,4,4.71875000000011,4.71000000000004,0.142792098287383,1.053,5.53581250000011,0.817062499999992,0.235937500000006,1.05299999999988,5.53700000000003,0.819124999999815,0.235500000000002,0,FALSE,FALSE,6.78145695364222,135.629139072844,0,"3725;3727;3729;3731",932,TRUE,1
"HPC","AD_Stan_WCP","NicoStan_BridgeStan",50000,250,128,32,4,20,"3f8ed78629bdab9b833b52bd1450ea30","NicoStan_BridgeStan_state_allocation_thread_setup_sampling_model_load_divergence_check","iteration_difference","main_scaling","two_run_difference",200,4,4.68625000000088,4.68000000000075,0.174134765818109,1.04049999999995,5.49243750000079,0.806187499999908,0.234312500000044,1.02299999999991,5.46900000000062,0.788999999999874,0.234000000000037,0,FALSE,FALSE,6.82848759669117,136.569751933823,0,"3726;3728;3730;3732",933,FALSE,0.993598292877889
"HPC","AD_Stan_WCP","NicoStan_BridgeStan",50000,250,180,45,4,20,"3f8ed78629bdab9b833b52bd1450ea30","NicoStan_BridgeStan_state_allocation_thread_setup_sampling_model_load_divergence_check","iteration_difference","main_scaling","two_run_difference",200,4,8.92749999999864,9.0849999999989,0.620611257819703,1.49200000000008,9.97312499999879,1.04562500000014,0.446374999999932,1.47450000000003,10.103249999999,1.03625000000011,0.454249999999945,0,FALSE,FALSE,5.04060487258548,100.81209745171,0,"3733;3734;3735;3736",934,FALSE,0.706804816577874
"HPC","AD_Stan_WCP","NicoStan_BridgeStan",50000,250,96,48,2,20,"3f8ed78629bdab9b833b52bd1450ea30","NicoStan_BridgeStan_state_allocation_thread_setup_sampling_model_load_divergence_check","iteration_difference","main_scaling","two_run_difference",200,4,6.91750000000013,6.78999999999974,0.816511890095295,1.54349999999988,8.11512500000001,1.19762499999987,0.345875000000007,1.53949999999986,7.96649999999977,1.17549999999989,0.339499999999987,0,FALSE,FALSE,6.9389230213226,138.778460426452,0,"3737;3738;3739;3740",935,FALSE,0.970365016263145
"HPC","AD_Stan_WCP","NicoStan_BridgeStan",50000,250,128,64,2,20,"3f8ed78629bdab9b833b52bd1450ea30","NicoStan_BridgeStan_state_allocation_thread_setup_sampling_model_load_divergence_check","iteration_difference","main_scaling","two_run_difference",200,4,8.77999999999929,8.93499999999904,0.545191097994222,1.91725000000008,10.2582499999994,1.47825000000012,0.438999999999965,1.98750000000018,10.4634999999986,1.5412500000001,0.446749999999952,0,FALSE,FALSE,7.2892938496589,145.785876993178,0,"3741;3742;3743;3744",936,FALSE,0.969533029612762
"HPC","AD_Stan_WCP","NicoStan_BridgeStan",50000,250,180,90,2,20,"3f8ed78629bdab9b833b52bd1450ea30","NicoStan_BridgeStan_state_allocation_thread_setup_sampling_model_load_divergence_check","iteration_difference","main_scaling","two_run_difference",200,4,17.2650000000004,17.8925000000004,1.69406316293106,2.78800000000001,19.1897500000004,1.92474999999999,0.863250000000022,2.8605,19.7821250000005,2.02387499999998,0.894625000000019,0,FALSE,FALSE,5.21285838401377,104.257167680275,0,"3745;3746;3747;3748",937,FALSE,0.65710975962926
"HPC","AD_Stan_WCP","NicoStan_BridgeStan",50000,500,8,4,2,20,"3f8ed78629bdab9b833b52bd1450ea30","NicoStan_BridgeStan_state_allocation_thread_setup_sampling_model_load_divergence_check","iteration_difference","main_scaling","two_run_difference",100,4,4.01473684210529,4.02368421052631,0.204009667904063,0.524249999999995,4.33825000000002,0.323513157894731,0.200736842105264,0.524999999999977,4.346,0.324710526315764,0.201184210526315,0,FALSE,FALSE,0.996329313057152,19.926586261143,0,"3749;3756;3763;3770",938,FALSE,0.926127425275275
"HPC","AD_Stan_WCP","NicoStan_BridgeStan",50000,500,16,4,4,20,"3f8ed78629bdab9b833b52bd1450ea30","NicoStan_BridgeStan_state_allocation_thread_setup_sampling_model_load_divergence_check","iteration_difference","main_scaling","two_run_difference",100,4,2.06631578947377,2.02631578947376,0.106813149649939,0.440499999999986,2.40350000000007,0.337184210526298,0.103315789473688,0.440999999999917,2.36500000000012,0.336236842105181,0.101315789473688,0,FALSE,FALSE,1.93581253183894,38.7162506367789,0,"3750;3757;3764;3771",939,FALSE,0.946510443199178
"HPC","AD_Stan_WCP","NicoStan_BridgeStan",50000,500,32,4,8,20,"3f8ed78629bdab9b833b52bd1450ea30","NicoStan_BridgeStan_state_allocation_thread_setup_sampling_model_load_divergence_check","iteration_difference","main_scaling","two_run_difference",100,4,1.22026315789466,1.2168421052631,0.104390682482203,0.418999999999983,1.57824999999991,0.35798684210525,0.0610131578947331,0.414999999999964,1.57899999999995,0.35584210526312,0.0608421052631552,0,FALSE,FALSE,3.27798145352619,65.5596290705237,0,"3751;3758;3765;3772",940,FALSE,0.961828768600357
"HPC","AD_Stan_WCP","NicoStan_BridgeStan",50000,500,64,4,16,20,"3f8ed78629bdab9b833b52bd1450ea30","NicoStan_BridgeStan_state_allocation_thread_setup_sampling_model_load_divergence_check","iteration_difference","main_scaling","two_run_difference",100,4,1.02052631578951,1.0205263157894,0.115003713457121,0.419499999999971,1.38900000000001,0.368473684210495,0.0510263157894757,0.424499999999966,1.39400000000001,0.370368421052681,0.0510263157894698,0,FALSE,FALSE,3.91954615781315,78.390923156263,0,"3752;3759;3766;3773",941,FALSE,0.938112429087158
"HPC","AD_Stan_WCP","NicoStan_BridgeStan",50000,500,96,4,24,20,"3f8ed78629bdab9b833b52bd1450ea30","NicoStan_BridgeStan_state_allocation_thread_setup_sampling_model_load_divergence_check","iteration_difference","main_scaling","two_run_difference",100,4,1.02105263157892,1.01315789473682,0.122017512328579,0.423749999999984,1.39374999999995,0.372697368421038,0.0510526315789458,0.418499999999995,1.39149999999995,0.36855263157889,0.0506578947368409,0,FALSE,FALSE,3.917525773196,78.3505154639199,0,"3753;3760;3767;3774",942,FALSE,0.895103092783521
"HPC","AD_Stan_WCP","NicoStan_BridgeStan",50000,500,128,4,32,20,"3f8ed78629bdab9b833b52bd1450ea30","NicoStan_BridgeStan_state_allocation_thread_setup_sampling_model_load_divergence_check","iteration_difference","main_scaling","two_run_difference",100,4,1.03078947368419,1.01947368421047,0.089270667509267,0.415749999999946,1.39499999999992,0.364210526315736,0.0515394736842094,0.414999999999964,1.38949999999988,0.365289473684093,0.0509736842105236,0,FALSE,FALSE,3.88052080673994,77.6104161347987,0,"3754;3761;3768;3775",943,FALSE,0.901199897881102
"HPC","AD_Stan_WCP","NicoStan_BridgeStan",50000,500,176,4,44,20,"3f8ed78629bdab9b833b52bd1450ea30","NicoStan_BridgeStan_state_allocation_thread_setup_sampling_model_load_divergence_check","iteration_difference","main_scaling","two_run_difference",100,4,1.02868421052628,1.01263157894724,0.137376486958097,0.409999999999968,1.38724999999994,0.358565789473654,0.0514342105263142,0.40949999999998,1.37349999999992,0.360868421052685,0.0506315789473619,0,FALSE,FALSE,3.88846252238436,77.7692504476873,0,"3755;3762;3769;3776",944,TRUE,1
"HPC","AD_Stan_WCP","NicoStan_BridgeStan",50000,500,16,8,2,20,"3f8ed78629bdab9b833b52bd1450ea30","NicoStan_BridgeStan_state_allocation_thread_setup_sampling_model_load_divergence_check","iteration_difference","main_scaling","two_run_difference",100,4,4.21289473684199,4.20999999999977,0.0884727292600111,0.566500000000019,4.56874999999991,0.35585526315792,0.210644736842099,0.567499999999995,4.56699999999989,0.354710526315719,0.210499999999989,0,FALSE,FALSE,1.89893185083396,37.9786370166792,0,"3777;3783;3789;3795",945,FALSE,0.936598163533047
"HPC","AD_Stan_WCP","NicoStan_BridgeStan",50000,500,32,8,4,20,"3f8ed78629bdab9b833b52bd1450ea30","NicoStan_BridgeStan_state_allocation_thread_setup_sampling_model_load_divergence_check","iteration_difference","main_scaling","two_run_difference",100,4,2.37157894736829,2.37157894736823,0.0337936817623312,0.479750000000024,2.7327499999999,0.36117105263161,0.118578947368414,0.47950000000003,2.73149999999987,0.361815789473721,0.118578947368411,0,FALSE,FALSE,3.37328007101661,67.4656014203323,0,"3778;3784;3790;3796",946,FALSE,0.959276520195373
"HPC","AD_Stan_WCP","NicoStan_BridgeStan",50000,500,64,8,8,20,"3f8ed78629bdab9b833b52bd1450ea30","NicoStan_BridgeStan_state_allocation_thread_setup_sampling_model_load_divergence_check","iteration_difference","main_scaling","two_run_difference",100,4,1.55684210526314,1.58210526315794,0.0753054720947964,0.462500000000034,1.94150000000002,0.384657894736877,0.0778421052631571,0.463000000000079,1.95950000000005,0.386657894736925,0.079105263157897,0,FALSE,FALSE,5.13860716700479,102.772143340096,0,"3779;3785;3791;3797",947,FALSE,0.960108181203575
"HPC","AD_Stan_WCP","NicoStan_BridgeStan",50000,500,96,8,12,20,"3f8ed78629bdab9b833b52bd1450ea30","NicoStan_BridgeStan_state_allocation_thread_setup_sampling_model_load_divergence_check","iteration_difference","main_scaling","two_run_difference",100,4,1.46157894736838,1.45999999999994,0.0386713787047078,0.470249999999965,1.85874999999993,0.397171052631545,0.0730789473684192,0.474999999999909,1.85099999999989,0.403342105263146,0.072999999999997,0,FALSE,FALSE,5.47353258912509,109.470651782502,0,"3780;3786;3792;3798",948,FALSE,0.992617933021298
"HPC","AD_Stan_WCP","NicoStan_BridgeStan",50000,500,128,8,16,20,"3f8ed78629bdab9b833b52bd1450ea30","NicoStan_BridgeStan_state_allocation_thread_setup_sampling_model_load_divergence_check","iteration_difference","main_scaling","two_run_difference",100,4,1.47210526315791,1.47473684210521,0.0613934828906887,0.473750000000052,1.87225000000007,0.400144736842157,0.0736052631578954,0.475999999999999,1.87150000000008,0.403026315789463,0.0737368421052607,0,FALSE,FALSE,5.43439399356448,108.68787987129,0,"3781;3787;3793;3799",949,TRUE,1
"HPC","AD_Stan_WCP","NicoStan_BridgeStan",50000,500,176,8,22,20,"3f8ed78629bdab9b833b52bd1450ea30","NicoStan_BridgeStan_state_allocation_thread_setup_sampling_model_load_divergence_check","iteration_difference","main_scaling","two_run_difference",100,4,1.51421052631582,1.51210526315804,0.0366712831811291,0.46225000000004,1.90075000000007,0.386539473684249,0.0757105263157912,0.462999999999965,1.8995000000001,0.387394736842063,0.075605263157902,0,FALSE,FALSE,5.28328119568983,105.665623913797,0,"3782;3788;3794;3800",950,TRUE,1
"HPC","AD_Stan_WCP","NicoStan_BridgeStan",50000,500,32,16,2,20,"3f8ed78629bdab9b833b52bd1450ea30","NicoStan_BridgeStan_state_allocation_thread_setup_sampling_model_load_divergence_check","iteration_difference","main_scaling","two_run_difference",100,4,4.65315789473691,4.64368421052636,0.111996900102111,0.675749999999994,5.09625000000005,0.443092105263148,0.232657894736845,0.677500000000009,5.08900000000006,0.445315789473691,0.232184210526318,0,FALSE,FALSE,3.43852505372691,68.7705010745381,0,"3801;3806;3811;3816",951,FALSE,0.958715077479923
"HPC","AD_Stan_WCP","NicoStan_BridgeStan",50000,500,64,16,4,20,"3f8ed78629bdab9b833b52bd1450ea30","NicoStan_BridgeStan_state_allocation_thread_setup_sampling_model_load_divergence_check","iteration_difference","main_scaling","two_run_difference",100,4,2.90763157894724,2.87999999999987,0.107104508812409,0.601500000000044,3.36374999999992,0.456118421052682,0.145381578947362,0.596000000000004,3.34249999999986,0.450000000000057,0.143999999999993,0,FALSE,FALSE,5.50276043080846,110.055208616169,0,"3802;3807;3812;3817",952,FALSE,0.968865960720483
"HPC","AD_Stan_WCP","NicoStan_BridgeStan",50000,500,96,16,6,20,"3f8ed78629bdab9b833b52bd1450ea30","NicoStan_BridgeStan_state_allocation_thread_setup_sampling_model_load_divergence_check","iteration_difference","main_scaling","two_run_difference",100,4,2.60131578947362,2.59368421052613,0.044388738558558,0.58525000000003,3.05649999999997,0.455184210526349,0.130065789473681,0.583499999999958,3.06700000000001,0.452736842105214,0.129684210526307,0,FALSE,FALSE,6.15073343449686,123.014668689937,0,"3803;3808;3813;3818",953,FALSE,0.992412746585777
"HPC","AD_Stan_WCP","NicoStan_BridgeStan",50000,500,128,16,8,20,"3f8ed78629bdab9b833b52bd1450ea30","NicoStan_BridgeStan_state_allocation_thread_setup_sampling_model_load_divergence_check","iteration_difference","main_scaling","two_run_difference",100,4,2.54368421052636,2.56052631578948,0.0554508092254881,0.58824999999996,3.00475,0.461065789473642,0.127184210526318,0.58949999999993,2.99000000000001,0.463157894736768,0.128026315789474,0,FALSE,FALSE,6.29008897165311,125.801779433062,0,"3804;3809;3814;3819",954,TRUE,1
"HPC","AD_Stan_WCP","NicoStan_BridgeStan",50000,500,176,16,11,20,"3f8ed78629bdab9b833b52bd1450ea30","NicoStan_BridgeStan_state_allocation_thread_setup_sampling_model_load_divergence_check","iteration_difference","main_scaling","two_run_difference",100,4,2.4876315789473,2.48157894736838,0.0479409840337483,0.59925000000004,2.96249999999998,0.474868421052675,0.124381578947365,0.601999999999975,2.96550000000002,0.477921052631557,0.124078947368419,0,FALSE,FALSE,6.43182058605751,128.63641172115,0,"3805;3810;3815;3820",955,TRUE,1
"HPC","AD_Stan_WCP","NicoStan_BridgeStan",50000,500,96,24,4,20,"3f8ed78629bdab9b833b52bd1450ea30","NicoStan_BridgeStan_state_allocation_thread_setup_sampling_model_load_divergence_check","iteration_difference","main_scaling","two_run_difference",100,4,3.16750000000013,3.18750000000023,0.391503512116368,0.770499999999856,3.77962499999998,0.61212499999985,0.158375000000007,0.809999999999945,3.84312500000004,0.635999999999967,0.159375000000011,0,FALSE,FALSE,7.57695343330671,151.539068666134,0,"3821;3822;3823;3824",956,TRUE,1
"HPC","AD_Stan_WCP","NicoStan_BridgeStan",50000,500,64,32,2,20,"3f8ed78629bdab9b833b52bd1450ea30","NicoStan_BridgeStan_state_allocation_thread_setup_sampling_model_load_divergence_check","iteration_difference","main_scaling","two_run_difference",100,4,4.90124999999921,5.04999999999882,0.404111680107391,1.02375000000006,5.67993749999931,0.778687500000103,0.24506249999996,1.02600000000007,5.81199999999887,0.771625000000085,0.252499999999941,0,FALSE,FALSE,6.52894669727216,130.578933945443,0,"3825;3827;3829;3831",957,FALSE,0.962764600867304
"HPC","AD_Stan_WCP","NicoStan_BridgeStan",50000,500,128,32,4,20,"3f8ed78629bdab9b833b52bd1450ea30","NicoStan_BridgeStan_state_allocation_thread_setup_sampling_model_load_divergence_check","iteration_difference","main_scaling","two_run_difference",100,4,4.80124999999987,4.5699999999988,0.590682867535459,1.00900000000013,5.5701875,0.768937500000135,0.240062499999993,0.998000000000047,5.33499999999913,0.771000000000129,0.22849999999994,0,FALSE,FALSE,6.6649310075503,133.298620151006,0,"3826;3828;3830;3832",958,FALSE,0.969799531372041
"HPC","AD_Stan_WCP","NicoStan_BridgeStan",50000,500,180,45,4,20,"3f8ed78629bdab9b833b52bd1450ea30","NicoStan_BridgeStan_state_allocation_thread_setup_sampling_model_load_divergence_check","iteration_difference","main_scaling","two_run_difference",100,4,6.31500000000017,6.2600000000009,1.0765066960627,1.43799999999999,7.43725000000015,1.12224999999998,0.315750000000008,1.44250000000011,7.38050000000072,1.12400000000014,0.313000000000045,0,FALSE,FALSE,7.12589073634185,142.517814726837,0,"3833;3834;3835;3836",959,FALSE,0.999208234362287
"HPC","AD_Stan_WCP","NicoStan_BridgeStan",50000,500,96,48,2,20,"3f8ed78629bdab9b833b52bd1450ea30","NicoStan_BridgeStan_state_allocation_thread_setup_sampling_model_load_divergence_check","iteration_difference","main_scaling","two_run_difference",100,4,6.71250000000043,6.64000000000215,0.610266335298722,1.53300000000002,7.90987500000043,1.19737499999999,0.335625000000022,1.53949999999986,7.8475000000019,1.1982499999998,0.332000000000107,0,FALSE,FALSE,7.15083798882636,143.016759776527,0,"3837;3838;3839;3840",960,TRUE,1
"HPC","AD_Stan_WCP","NicoStan_BridgeStan",50000,500,128,64,2,20,"3f8ed78629bdab9b833b52bd1450ea30","NicoStan_BridgeStan_state_allocation_thread_setup_sampling_model_load_divergence_check","iteration_difference","main_scaling","two_run_difference",100,4,8.63000000000056,8.31000000000017,1.13888834688388,1.72424999999998,9.92275000000052,1.29274999999996,0.431500000000028,1.62249999999995,9.51700000000011,1.22800000000001,0.415500000000009,0,FALSE,FALSE,7.4159907300111,148.319814600222,0,"3841;3842;3843;3844",961,FALSE,0.986384704518981
"HPC","AD_Stan_WCP","NicoStan_BridgeStan",50000,500,180,90,2,20,"3f8ed78629bdab9b833b52bd1450ea30","NicoStan_BridgeStan_state_allocation_thread_setup_sampling_model_load_divergence_check","iteration_difference","main_scaling","two_run_difference",100,4,11.9325000000003,10.4349999999988,3.13733034069882,2.19224999999994,13.5281250000003,1.59562499999993,0.596625000000017,2.20249999999987,12.082249999999,1.64725000000016,0.52174999999994,0,FALSE,FALSE,7.54242614707709,150.848522941542,0,"3845;3846;3847;3848",962,FALSE,0.950764718206506
"HPC","AD_Stan_WCP","NicoStan_BridgeStan",50000,1000,8,4,2,20,"3f8ed78629bdab9b833b52bd1450ea30","NicoStan_BridgeStan_state_allocation_thread_setup_sampling_model_load_divergence_check","iteration_difference","main_scaling","two_run_difference",50,4,4.10815789473687,4.10684210526322,0.0485610105450941,0.562749999999994,4.46550000000002,0.357342105263151,0.205407894736843,0.561500000000024,4.46750000000003,0.356973684210552,0.205342105263161,0,FALSE,FALSE,0.973672410479783,19.4734482095957,0,"3849;3856;3863;3870",963,FALSE,0.905066939978194
"HPC","AD_Stan_WCP","NicoStan_BridgeStan",50000,1000,16,4,4,20,"3f8ed78629bdab9b833b52bd1450ea30","NicoStan_BridgeStan_state_allocation_thread_setup_sampling_model_load_divergence_check","iteration_difference","main_scaling","two_run_difference",50,4,2.15736842105257,2.1415789473684,0.0588125023611397,0.480000000000047,2.52949999999998,0.372131578947418,0.107868421052628,0.479000000000042,2.51249999999999,0.372605263157939,0.10707894736842,0,FALSE,FALSE,1.8541107587217,37.0822151744339,0,"3850;3857;3864;3871",964,FALSE,0.906562576238164
"HPC","AD_Stan_WCP","NicoStan_BridgeStan",50000,1000,32,4,8,20,"3f8ed78629bdab9b833b52bd1450ea30","NicoStan_BridgeStan_state_allocation_thread_setup_sampling_model_load_divergence_check","iteration_difference","main_scaling","two_run_difference",50,4,1.39026315789474,1.39947368421052,0.0902131465975214,0.450249999999983,1.77099999999999,0.380736842105246,0.0695131578947371,0.456999999999994,1.78699999999998,0.387526315789456,0.0699736842105261,0,FALSE,FALSE,2.87715313268975,57.543062653795,0,"3851;3858;3865;3872",965,FALSE,0.844217300775993
"HPC","AD_Stan_WCP","NicoStan_BridgeStan",50000,1000,64,4,16,20,"3f8ed78629bdab9b833b52bd1450ea30","NicoStan_BridgeStan_state_allocation_thread_setup_sampling_model_load_divergence_check","iteration_difference","main_scaling","two_run_difference",50,4,1.13605263157901,1.14421052631578,0.0694278157991922,0.443249999999978,1.52250000000004,0.386447368421027,0.0568026315789505,0.43849999999992,1.52000000000004,0.38210526315787,0.0572105263157889,0,FALSE,FALSE,3.52096363215177,70.4192726430353,0,"3852;3859;3866;3873",966,FALSE,0.842714848274253
"HPC","AD_Stan_WCP","NicoStan_BridgeStan",50000,1000,96,4,24,20,"3f8ed78629bdab9b833b52bd1450ea30","NicoStan_BridgeStan_state_allocation_thread_setup_sampling_model_load_divergence_check","iteration_difference","main_scaling","two_run_difference",50,4,1.09078947368424,1.09210526315792,0.0766393624348333,0.445999999999998,1.48225000000002,0.391460526315786,0.0545394736842118,0.447499999999991,1.47050000000002,0.390078947368412,0.0546052631578959,0,FALSE,FALSE,3.66706875753912,73.3413751507824,0,"3853;3860;3867;3874",967,FALSE,0.837876960192974
"HPC","AD_Stan_WCP","NicoStan_BridgeStan",50000,1000,128,4,32,20,"3f8ed78629bdab9b833b52bd1450ea30","NicoStan_BridgeStan_state_allocation_thread_setup_sampling_model_load_divergence_check","iteration_difference","main_scaling","two_run_difference",50,4,1.05815789473686,1.05368421052635,0.0907153269562478,0.46074999999999,1.46600000000001,0.407842105263147,0.052907894736843,0.461000000000013,1.46200000000005,0.408315789473695,0.0526842105263175,0,FALSE,FALSE,3.78015419049981,75.6030838099962,0,"3854;3861;3868;3875",968,FALSE,0.877891071872702
"HPC","AD_Stan_WCP","NicoStan_BridgeStan",50000,1000,176,4,44,20,"3f8ed78629bdab9b833b52bd1450ea30","NicoStan_BridgeStan_state_allocation_thread_setup_sampling_model_load_divergence_check","iteration_difference","main_scaling","two_run_difference",50,4,1.12473684210523,1.1173684210526,0.0746329893712507,0.455250000000007,1.52374999999998,0.399013157894745,0.0562368421052617,0.456000000000017,1.51749999999998,0.400131578947387,0.0558684210526298,0,FALSE,FALSE,3.55638745905484,71.1277491810969,0,"3855;3862;3869;3876",969,FALSE,0.914599906410852
"HPC","AD_Stan_WCP","NicoStan_BridgeStan",50000,1000,16,8,2,20,"3f8ed78629bdab9b833b52bd1450ea30","NicoStan_BridgeStan_state_allocation_thread_setup_sampling_model_load_divergence_check","iteration_difference","main_scaling","two_run_difference",50,4,4.48184210526317,4.47947368421051,0.0626197836453238,0.59174999999999,4.84950000000001,0.367657894736832,0.224092105263159,0.592499999999973,4.846,0.368657894736813,0.223973684210525,0,FALSE,FALSE,1.78498032998649,35.6996065997298,0,"3877;3883;3889;3895",970,FALSE,0.880394574599265
"HPC","AD_Stan_WCP","NicoStan_BridgeStan",50000,1000,32,8,4,20,"3f8ed78629bdab9b833b52bd1450ea30","NicoStan_BridgeStan_state_allocation_thread_setup_sampling_model_load_divergence_check","iteration_difference","main_scaling","two_run_difference",50,4,2.51657894736845,2.51421052631581,0.0295034311039668,0.49799999999999,2.88875000000002,0.372171052631568,0.125828947368422,0.49799999999999,2.88650000000001,0.3722894736842,0.125710526315791,0,FALSE,FALSE,3.17891874934641,63.5783749869281,0,"3878;3884;3890;3896",971,FALSE,0.904005019345406
"HPC","AD_Stan_WCP","NicoStan_BridgeStan",50000,1000,64,8,8,20,"3f8ed78629bdab9b833b52bd1450ea30","NicoStan_BridgeStan_state_allocation_thread_setup_sampling_model_load_divergence_check","iteration_difference","main_scaling","two_run_difference",50,4,1.71157894736843,1.7031578947369,0.0301795182880371,0.48599999999999,2.11199999999999,0.400421052631569,0.0855789473684213,0.48599999999999,2.10650000000004,0.401026315789463,0.0851578947368448,0,FALSE,FALSE,4.67404674046739,93.4809348093478,0,"3879;3885;3891;3897",972,FALSE,0.873308733087373
"HPC","AD_Stan_WCP","NicoStan_BridgeStan",50000,1000,96,8,12,20,"3f8ed78629bdab9b833b52bd1450ea30","NicoStan_BridgeStan_state_allocation_thread_setup_sampling_model_load_divergence_check","iteration_difference","main_scaling","two_run_difference",50,4,1.61736842105262,1.62105263157891,0.0120785364757501,0.476749999999981,2.01324999999997,0.39588157894735,0.080868421052631,0.476499999999987,2.01649999999995,0.395447368421042,0.0810526315789455,0,FALSE,FALSE,4.9463065408396,98.9261308167921,0,"3880;3886;3892;3898",973,FALSE,0.897006182883206
"HPC","AD_Stan_WCP","NicoStan_BridgeStan",50000,1000,128,8,16,20,"3f8ed78629bdab9b833b52bd1450ea30","NicoStan_BridgeStan_state_allocation_thread_setup_sampling_model_load_divergence_check","iteration_difference","main_scaling","two_run_difference",50,4,1.61473684210525,1.61368421052627,0.0359336620757263,0.490500000000026,2.02450000000002,0.409763157894763,0.0807368421052627,0.491999999999962,2.02200000000005,0.41121052631575,0.0806842105263136,0,FALSE,FALSE,4.9543676662321,99.087353324642,0,"3881;3887;3893;3899",974,FALSE,0.911668839634954
"HPC","AD_Stan_WCP","NicoStan_BridgeStan",50000,1000,176,8,22,20,"3f8ed78629bdab9b833b52bd1450ea30","NicoStan_BridgeStan_state_allocation_thread_setup_sampling_model_load_divergence_check","iteration_difference","main_scaling","two_run_difference",50,4,1.60447368421052,1.59210526315788,0.0388227023282134,0.515000000000015,2.03925000000001,0.434776315789489,0.0802236842105261,0.515499999999975,2.04599999999999,0.436368421052605,0.0796052631578941,0,FALSE,FALSE,4.98605871740202,99.7211743480403,0,"3882;3888;3894;3900",975,FALSE,0.943742824339864
"HPC","AD_Stan_WCP","NicoStan_BridgeStan",50000,1000,32,16,2,20,"3f8ed78629bdab9b833b52bd1450ea30","NicoStan_BridgeStan_state_allocation_thread_setup_sampling_model_load_divergence_check","iteration_difference","main_scaling","two_run_difference",50,4,4.83973684210528,4.80578947368426,0.0884894263628434,0.70675,5.30450000000002,0.464763157894735,0.241986842105264,0.706500000000005,5.27500000000009,0.466342105263164,0.240289473684213,0,FALSE,FALSE,3.3059648741232,66.119297482464,0,"3901;3906;3911;3916",976,FALSE,0.921755206350941
"HPC","AD_Stan_WCP","NicoStan_BridgeStan",50000,1000,64,16,4,20,"3f8ed78629bdab9b833b52bd1450ea30","NicoStan_BridgeStan_state_allocation_thread_setup_sampling_model_load_divergence_check","iteration_difference","main_scaling","two_run_difference",50,4,3.10842105263155,3.10684210526317,0.0462599344226491,0.62375000000003,3.57675,0.468328947368452,0.155421052631578,0.623000000000047,3.57450000000006,0.468315789473686,0.155342105263158,0,FALSE,FALSE,5.14730782255338,102.946156451068,0,"3902;3907;3912;3917",977,FALSE,0.906281747375571
"HPC","AD_Stan_WCP","NicoStan_BridgeStan",50000,1000,96,16,6,20,"3f8ed78629bdab9b833b52bd1450ea30","NicoStan_BridgeStan_state_allocation_thread_setup_sampling_model_load_divergence_check","iteration_difference","main_scaling","two_run_difference",50,4,2.82026315789482,2.84631578947375,0.0803656234075528,0.627999999999986,3.30725000000007,0.486986842105245,0.141013157894741,0.615999999999872,3.31400000000008,0.472552631578807,0.142315789473688,0,FALSE,FALSE,5.67322944853953,113.464588970791,0,"3903;3908;3913;3918",978,FALSE,0.915368106746279
"HPC","AD_Stan_WCP","NicoStan_BridgeStan",50000,1000,128,16,8,20,"3f8ed78629bdab9b833b52bd1450ea30","NicoStan_BridgeStan_state_allocation_thread_setup_sampling_model_load_divergence_check","iteration_difference","main_scaling","two_run_difference",50,4,2.65184210526316,2.65263157894735,0.0219522692160351,0.612750000000005,3.13200000000001,0.480157894736848,0.132592105263158,0.611999999999966,3.13350000000003,0.479447368421018,0.132631578947367,0,FALSE,FALSE,6.03354172868909,120.670834573782,0,"3904;3909;3914;3919",979,FALSE,0.959214051801148
"HPC","AD_Stan_WCP","NicoStan_BridgeStan",50000,1000,176,16,11,20,"3f8ed78629bdab9b833b52bd1450ea30","NicoStan_BridgeStan_state_allocation_thread_setup_sampling_model_load_divergence_check","iteration_difference","main_scaling","two_run_difference",50,4,2.51999999999995,2.526842105263,0.0180078981336967,0.641750000000002,3.03574999999995,0.515750000000004,0.125999999999997,0.637500000000045,3.04049999999995,0.510921052631632,0.12634210526315,0,FALSE,FALSE,6.34920634920649,126.98412698413,0,"3905;3910;3915;3920",980,FALSE,0.987155388471173
"HPC","AD_Stan_WCP","NicoStan_BridgeStan",50000,1000,96,24,4,20,"3f8ed78629bdab9b833b52bd1450ea30","NicoStan_BridgeStan_state_allocation_thread_setup_sampling_model_load_divergence_check","iteration_difference","main_scaling","two_run_difference",50,4,3.40125000000057,3.11500000000024,0.861107571677353,0.753750000000082,3.98493750000063,0.583687500000053,0.170062500000029,0.742500000000064,3.72425000000032,0.558125000000018,0.155750000000012,0,FALSE,FALSE,7.05622932745195,141.124586549039,0,"3921;3922;3923;3924",981,FALSE,0.931275266446041
"HPC","AD_Stan_WCP","NicoStan_BridgeStan",50000,1000,64,32,2,20,"3f8ed78629bdab9b833b52bd1450ea30","NicoStan_BridgeStan_state_allocation_thread_setup_sampling_model_load_divergence_check","iteration_difference","main_scaling","two_run_difference",50,4,5.8262499999995,5.76250000000073,0.218951098039287,1.06975,6.60468749999953,0.778437500000024,0.291312499999975,1.03750000000014,6.58524999999918,0.743000000000222,0.288125000000036,0,FALSE,FALSE,5.49238360866813,109.847672173363,0,"3925;3927;3929;3931",982,FALSE,0.809912036043856
"HPC","AD_Stan_WCP","NicoStan_BridgeStan",50000,1000,128,32,4,20,"3f8ed78629bdab9b833b52bd1450ea30","NicoStan_BridgeStan_state_allocation_thread_setup_sampling_model_load_divergence_check","iteration_difference","main_scaling","two_run_difference",50,4,4.65624999999989,4.71000000000004,0.21390710600744,1.02125000000001,5.4446874999999,0.788437500000015,0.232812499999994,0.998499999999922,5.47299999999996,0.76299999999992,0.235500000000002,0,FALSE,FALSE,6.87248322147668,137.449664429534,0,"3926;3928;3930;3932",983,TRUE,1
"HPC","AD_Stan_WCP","NicoStan_BridgeStan",50000,1000,180,45,4,20,"3f8ed78629bdab9b833b52bd1450ea30","NicoStan_BridgeStan_state_allocation_thread_setup_sampling_model_load_divergence_check","iteration_difference","main_scaling","two_run_difference",50,4,6.30999999999801,6.07749999999783,0.767322183527835,1.36275000000023,7.35724999999834,1.04725000000033,0.315499999999901,1.31800000000021,7.06812499999813,1.02725000000032,0.303874999999891,0,FALSE,FALSE,7.13153724247451,142.63074484949,0,"3933;3934;3935;3936",984,TRUE,1
"HPC","AD_Stan_WCP","NicoStan_BridgeStan",50000,1000,96,48,2,20,"3f8ed78629bdab9b833b52bd1450ea30","NicoStan_BridgeStan_state_allocation_thread_setup_sampling_model_load_divergence_check","iteration_difference","main_scaling","two_run_difference",50,4,7.07625000000007,7.04999999999927,0.84704756851912,1.49299999999982,8.21543749999989,1.13918749999982,0.353812500000004,1.52699999999982,8.1299999999992,1.13737499999979,0.352499999999964,0,FALSE,FALSE,6.7832538420773,135.665076841546,0,"3937;3938;3939;3940",985,FALSE,0.948595654478059
"HPC","AD_Stan_WCP","NicoStan_BridgeStan",50000,1000,128,64,2,20,"3f8ed78629bdab9b833b52bd1450ea30","NicoStan_BridgeStan_state_allocation_thread_setup_sampling_model_load_divergence_check","iteration_difference","main_scaling","two_run_difference",50,4,8.51249999999936,7.91999999999916,1.54981988200879,1.8420000000001,9.92887499999949,1.41637500000013,0.425624999999968,1.8755000000001,9.39949999999931,1.47950000000014,0.395999999999958,0,FALSE,FALSE,7.51835535976561,150.367107195312,0,"3941;3942;3943;3944",986,TRUE,1
"HPC","AD_Stan_WCP","NicoStan_BridgeStan",50000,1000,180,90,2,20,"3f8ed78629bdab9b833b52bd1450ea30","NicoStan_BridgeStan_state_allocation_thread_setup_sampling_model_load_divergence_check","iteration_difference","main_scaling","two_run_difference",50,4,11.3449999999995,10.6624999999997,1.80638220392692,2.52250000000004,13.3002499999995,1.95525000000006,0.567249999999973,2.57999999999993,12.6286250000005,2.04775000000001,0.533124999999984,0,FALSE,FALSE,7.93301013662444,158.660202732489,0,"3945;3946;3947;3948",987,TRUE,1
"HPC","AD_Stan_WCP","NicoStan_BridgeStan",50000,2000,8,4,2,20,"3f8ed78629bdab9b833b52bd1450ea30","NicoStan_BridgeStan_state_allocation_thread_setup_sampling_model_load_divergence_check","iteration_difference","main_scaling","two_run_difference",25,4,4.64052631578948,4.65631578947367,0.085734025779558,0.585750000000019,4.99425000000002,0.353723684210545,0.232026315789474,0.580000000000041,5.00350000000003,0.349500000000082,0.232815789473684,0,FALSE,FALSE,0.861971192015424,17.2394238403085,0,"3949;3956;3963;3970",988,FALSE,0.801236248156951
"HPC","AD_Stan_WCP","NicoStan_BridgeStan",50000,2000,16,4,4,20,"3f8ed78629bdab9b833b52bd1450ea30","NicoStan_BridgeStan_state_allocation_thread_setup_sampling_model_load_divergence_check","iteration_difference","main_scaling","two_run_difference",25,4,2.40157894736847,2.38578947368416,0.0551033612834491,0.479499999999973,2.76100000000002,0.359421052631549,0.120078947368424,0.479000000000042,2.74649999999997,0.359499999999948,0.119289473684208,0,FALSE,FALSE,1.66557089634009,33.3114179268018,0,"3950;3957;3964;3971",989,FALSE,0.814376506684207
"HPC","AD_Stan_WCP","NicoStan_BridgeStan",50000,2000,32,4,8,20,"3f8ed78629bdab9b833b52bd1450ea30","NicoStan_BridgeStan_state_allocation_thread_setup_sampling_model_load_divergence_check","iteration_difference","main_scaling","two_run_difference",25,4,1.38526315789489,1.39157894736854,0.0634612597307227,0.443249999999921,1.75925000000007,0.373986842105176,0.0692631578947445,0.439999999999941,1.76100000000008,0.369421052631537,0.0695789473684272,0,FALSE,FALSE,2.88753799392066,57.7507598784131,0,"3951;3958;3965;3972",990,FALSE,0.847264437689797
"HPC","AD_Stan_WCP","NicoStan_BridgeStan",50000,2000,64,4,16,20,"3f8ed78629bdab9b833b52bd1450ea30","NicoStan_BridgeStan_state_allocation_thread_setup_sampling_model_load_divergence_check","iteration_difference","main_scaling","two_run_difference",25,4,1.09184210526331,1.07736842105276,0.0695819199408217,0.434999999999889,1.47225000000003,0.380407894736723,0.0545921052631654,0.433499999999867,1.46450000000004,0.379973684210391,0.0538684210526382,0,FALSE,FALSE,3.66353338153722,73.2706676307444,0,"3952;3959;3966;3973",991,FALSE,0.876837792239009
"HPC","AD_Stan_WCP","NicoStan_BridgeStan",50000,2000,96,4,24,20,"3f8ed78629bdab9b833b52bd1450ea30","NicoStan_BridgeStan_state_allocation_thread_setup_sampling_model_load_divergence_check","iteration_difference","main_scaling","two_run_difference",25,4,1.07973684210522,1.08052631578953,0.0708391855712001,0.444999999999993,1.47074999999995,0.391013157894732,0.053986842105261,0.439499999999953,1.46699999999998,0.388078947368507,0.0540263157894766,0,FALSE,FALSE,3.70460638557168,74.0921277114336,0,"3953;3960;3967;3974",992,FALSE,0.846453814282255
"HPC","AD_Stan_WCP","NicoStan_BridgeStan",50000,2000,128,4,32,20,"3f8ed78629bdab9b833b52bd1450ea30","NicoStan_BridgeStan_state_allocation_thread_setup_sampling_model_load_divergence_check","iteration_difference","main_scaling","two_run_difference",25,4,1.11763157894727,1.10578947368403,0.0913927326374743,0.438250000000039,1.49999999999994,0.382368421052676,0.0558815789473634,0.43850000000009,1.48899999999992,0.383210526315888,0.0552894736842015,0,FALSE,FALSE,3.5789969390161,71.579938780322,0,"3954;3961;3968;3975",993,FALSE,0.831174947021549
"HPC","AD_Stan_WCP","NicoStan_BridgeStan",50000,2000,176,4,44,20,"3f8ed78629bdab9b833b52bd1450ea30","NicoStan_BridgeStan_state_allocation_thread_setup_sampling_model_load_divergence_check","iteration_difference","main_scaling","two_run_difference",25,4,1.14026315789458,1.1436842105262,0.0434128115519043,0.424750000000074,1.50799999999992,0.367736842105345,0.057013157894729,0.429500000000075,1.50549999999998,0.372736842105335,0.0571842105263099,0,FALSE,FALSE,3.50796215093517,70.1592430187034,0,"3955;3962;3969;3976",994,FALSE,0.902146318947708
"HPC","AD_Stan_WCP","NicoStan_BridgeStan",50000,2000,16,8,2,20,"3f8ed78629bdab9b833b52bd1450ea30","NicoStan_BridgeStan_state_allocation_thread_setup_sampling_model_load_divergence_check","iteration_difference","main_scaling","two_run_difference",25,4,4.97000000000011,4.94789473684214,0.0634990784499568,0.615749999999935,5.33725000000004,0.367249999999929,0.248500000000006,0.615000000000009,5.31700000000001,0.367394736842022,0.247394736842107,0,FALSE,FALSE,1.60965794768608,32.1931589537216,0,"3977;3983;3989;3995",995,FALSE,0.793921423276491
"HPC","AD_Stan_WCP","NicoStan_BridgeStan",50000,2000,32,8,4,20,"3f8ed78629bdab9b833b52bd1450ea30","NicoStan_BridgeStan_state_allocation_thread_setup_sampling_model_load_divergence_check","iteration_difference","main_scaling","two_run_difference",25,4,2.76421052631582,2.75263157894738,0.0321813880359281,0.511000000000024,3.13700000000006,0.372789473684233,0.138210526315791,0.510999999999967,3.12600000000009,0.372210526315754,0.137631578947369,0,FALSE,FALSE,2.89413556740286,57.8827113480571,0,"3978;3984;3990;3996",996,FALSE,0.823019801980208
"HPC","AD_Stan_WCP","NicoStan_BridgeStan",50000,2000,64,8,8,20,"3f8ed78629bdab9b833b52bd1450ea30","NicoStan_BridgeStan_state_allocation_thread_setup_sampling_model_load_divergence_check","iteration_difference","main_scaling","two_run_difference",25,4,1.87394736842114,1.86842105263167,0.0357830231544703,0.468250000000012,2.24850000000009,0.374552631578955,0.0936973684210569,0.466999999999985,2.24000000000001,0.373947368421036,0.0934210526315837,0,FALSE,FALSE,4.26906333380124,85.3812666760248,0,"3979;3985;3991;3997",997,FALSE,0.79764078078922
"HPC","AD_Stan_WCP","NicoStan_BridgeStan",50000,2000,96,8,12,20,"3f8ed78629bdab9b833b52bd1450ea30","NicoStan_BridgeStan_state_allocation_thread_setup_sampling_model_load_divergence_check","iteration_difference","main_scaling","two_run_difference",25,4,1.73921052631583,1.72421052631594,0.0413473451960151,0.474999999999966,2.12725,0.388039473684174,0.0869605263157915,0.476499999999874,2.11450000000002,0.390289473684076,0.0862105263157972,0,FALSE,FALSE,4.59978816765007,91.9957633530014,0,"3980;3986;3992;3998",998,FALSE,0.83416553185051
"HPC","AD_Stan_WCP","NicoStan_BridgeStan",50000,2000,128,8,16,20,"3f8ed78629bdab9b833b52bd1450ea30","NicoStan_BridgeStan_state_allocation_thread_setup_sampling_model_load_divergence_check","iteration_difference","main_scaling","two_run_difference",25,4,1.70684210526319,1.71052631578959,0.0166989530306237,0.470999999999947,2.09249999999997,0.385657894736788,0.0853421052631593,0.474499999999921,2.08699999999999,0.388973684210441,0.0855263157894797,0,FALSE,FALSE,4.68701819303107,93.7403638606214,0,"3981;3987;3993;3999",999,FALSE,0.862473018809738
"HPC","AD_Stan_WCP","NicoStan_BridgeStan",50000,2000,176,8,22,20,"3f8ed78629bdab9b833b52bd1450ea30","NicoStan_BridgeStan_state_allocation_thread_setup_sampling_model_load_divergence_check","iteration_difference","main_scaling","two_run_difference",25,4,1.74526315789475,1.74578947368421,0.0274896102257258,0.489749999999958,2.14774999999997,0.402486842105221,0.0872631578947377,0.487999999999943,2.14599999999996,0.401421052631523,0.0872894736842107,0,FALSE,FALSE,4.58383594692396,91.6767189384792,0,"3982;3988;3994;4000",1000,FALSE,0.867611580217141
"HPC","AD_Stan_WCP","NicoStan_BridgeStan",50000,2000,32,16,2,20,"3f8ed78629bdab9b833b52bd1450ea30","NicoStan_BridgeStan_state_allocation_thread_setup_sampling_model_load_divergence_check","iteration_difference","main_scaling","two_run_difference",25,4,5.4115789473685,5.36368421052645,0.118160727508692,0.739749999999901,5.88074999999998,0.469171052631476,0.270578947368425,0.737999999999943,5.83699999999999,0.470999999999938,0.268184210526323,0,FALSE,FALSE,2.95662322505345,59.132464501069,0,"4001;4006;4011;4016",1001,FALSE,0.824353238669518
"HPC","AD_Stan_WCP","NicoStan_BridgeStan",50000,2000,64,16,4,20,"3f8ed78629bdab9b833b52bd1450ea30","NicoStan_BridgeStan_state_allocation_thread_setup_sampling_model_load_divergence_check","iteration_difference","main_scaling","two_run_difference",25,4,3.39263157894744,3.38105263157894,0.0517897589494626,0.640749999999969,3.86375000000004,0.471118421052596,0.169631578947372,0.640999999999963,3.85500000000002,0.473026315789435,0.169052631578947,0,FALSE,FALSE,4.71610300961827,94.3220601923653,0,"4002;4007;4012;4017",1002,FALSE,0.830359913124412
"HPC","AD_Stan_WCP","NicoStan_BridgeStan",50000,2000,96,16,6,20,"3f8ed78629bdab9b833b52bd1450ea30","NicoStan_BridgeStan_state_allocation_thread_setup_sampling_model_load_divergence_check","iteration_difference","main_scaling","two_run_difference",25,4,3.05105263157896,3.05052631578962,0.030392933036929,0.629249999999956,3.52774999999997,0.476697368421008,0.152552631578948,0.625,3.53150000000005,0.472421052631585,0.152526315789481,0,FALSE,FALSE,5.24409177160598,104.88183543212,0,"4003;4008;4013;4018",1003,FALSE,0.846127307227888
"HPC","AD_Stan_WCP","NicoStan_BridgeStan",50000,2000,128,16,8,20,"3f8ed78629bdab9b833b52bd1450ea30","NicoStan_BridgeStan_state_allocation_thread_setup_sampling_model_load_divergence_check","iteration_difference","main_scaling","two_run_difference",25,4,2.84605263157896,2.84631578947375,0.0102192041259249,0.620749999999987,3.3245,0.478447368421039,0.142302631578948,0.621000000000095,3.32550000000003,0.479078947368521,0.142315789473688,0,FALSE,FALSE,5.62182154415161,112.436430883032,0,"4004;4009;4014;4019",1004,FALSE,0.893758668515961
"HPC","AD_Stan_WCP","NicoStan_BridgeStan",50000,2000,176,16,11,20,"3f8ed78629bdab9b833b52bd1450ea30","NicoStan_BridgeStan_state_allocation_thread_setup_sampling_model_load_divergence_check","iteration_difference","main_scaling","two_run_difference",25,4,2.76052631578954,2.75578947368427,0.036164189038356,0.64024999999998,3.26275000000004,0.502223684210504,0.138026315789477,0.637499999999932,3.25650000000007,0.498999999999928,0.137789473684213,0,FALSE,FALSE,5.79599618684448,115.91992373689,0,"4005;4010;4015;4020",1005,FALSE,0.90114394661578
"HPC","AD_Stan_WCP","NicoStan_BridgeStan",50000,2000,96,24,4,20,"3f8ed78629bdab9b833b52bd1450ea30","NicoStan_BridgeStan_state_allocation_thread_setup_sampling_model_load_divergence_check","iteration_difference","main_scaling","two_run_difference",25,4,4.20750000000112,4.26250000000095,0.357363027372849,0.743999999999915,4.74112500000098,0.533624999999859,0.210375000000056,0.730499999999893,4.80687500000084,0.522874999999829,0.213125000000048,0,FALSE,FALSE,5.70409982174536,114.081996434907,0,"4021;4022;4023;4024",1006,FALSE,0.752822341057466
"HPC","AD_Stan_WCP","NicoStan_BridgeStan",50000,2000,64,32,2,20,"3f8ed78629bdab9b833b52bd1450ea30","NicoStan_BridgeStan_state_allocation_thread_setup_sampling_model_load_divergence_check","iteration_difference","main_scaling","two_run_difference",25,4,5.69499999999891,5.71499999999901,0.0511533641774591,0.954250000000116,6.36449999999908,0.66950000000017,0.284749999999946,0.957000000000107,6.38262499999871,0.671250000000157,0.28574999999995,0,FALSE,FALSE,5.61896400351293,112.379280070259,0,"4025;4027;4029;4031",1007,FALSE,0.828577699736789
"HPC","AD_Stan_WCP","NicoStan_BridgeStan",50000,2000,128,32,4,20,"3f8ed78629bdab9b833b52bd1450ea30","NicoStan_BridgeStan_state_allocation_thread_setup_sampling_model_load_divergence_check","iteration_difference","main_scaling","two_run_difference",25,4,4.7424999999987,4.82249999999794,0.309905899696514,0.917500000000132,5.4228749999989,0.680375000000197,0.237124999999935,0.894500000000107,5.4743749999983,0.651875000000359,0.241124999999897,0,FALSE,FALSE,6.74749604639089,134.949920927818,0,"4026;4028;4030;4032",1008,FALSE,0.981813389562712
"HPC","AD_Stan_WCP","NicoStan_BridgeStan",50000,2000,180,45,4,20,"3f8ed78629bdab9b833b52bd1450ea30","NicoStan_BridgeStan_state_allocation_thread_setup_sampling_model_load_divergence_check","iteration_difference","main_scaling","two_run_difference",25,4,7.32499999999959,7.50249999999937,1.51235467621475,1.255,8.21374999999961,0.888750000000016,0.36624999999998,1.28700000000003,8.35037499999936,0.889250000000061,0.375124999999969,0,FALSE,FALSE,6.14334470989795,122.866894197959,0,"4033;4034;4035;4036",1009,FALSE,0.861433447098753
"HPC","AD_Stan_WCP","NicoStan_BridgeStan",50000,2000,96,48,2,20,"3f8ed78629bdab9b833b52bd1450ea30","NicoStan_BridgeStan_state_allocation_thread_setup_sampling_model_load_divergence_check","iteration_difference","main_scaling","two_run_difference",25,4,7.62499999999932,7.40499999999997,0.574064456310872,1.4285000000001,8.67224999999945,1.04725000000013,0.381249999999966,1.42650000000003,8.48175000000009,1.06162500000005,0.370249999999999,0,FALSE,FALSE,6.29508196721368,125.901639344274,0,"4037;4038;4039;4040",1010,FALSE,0.880327868852594
"HPC","AD_Stan_WCP","NicoStan_BridgeStan",50000,2000,128,64,2,20,"3f8ed78629bdab9b833b52bd1450ea30","NicoStan_BridgeStan_state_allocation_thread_setup_sampling_model_load_divergence_check","iteration_difference","main_scaling","two_run_difference",25,4,9.85124999999925,9.39750000000004,1.20711346470301,1.59900000000005,10.9576874999993,1.10643750000008,0.492562499999963,1.55899999999997,10.486625,1.08912499999997,0.469875000000002,0,FALSE,FALSE,6.49663748255347,129.932749651069,0,"4041;4042;4043;4044",1011,FALSE,0.864103540159879
"HPC","AD_Stan_WCP","NicoStan_BridgeStan",50000,2000,180,90,2,20,"3f8ed78629bdab9b833b52bd1450ea30","NicoStan_BridgeStan_state_allocation_thread_setup_sampling_model_load_divergence_check","iteration_difference","main_scaling","two_run_difference",25,4,12.6612499999993,12.7299999999991,0.694818621415251,1.8995000000001,13.9276874999995,1.26643750000014,0.633062499999966,1.86450000000013,13.8874999999992,1.25300000000004,0.636499999999955,0,FALSE,FALSE,7.10830289268476,142.166057853695,0,"4045;4046;4047;4048",1012,FALSE,0.896041070194497
"HPC","AD_Stan_WCP","NicoStan_BridgeStan",50000,5000,8,4,2,20,"3f8ed78629bdab9b833b52bd1450ea30","NicoStan_BridgeStan_state_allocation_thread_setup_sampling_model_load_divergence_check","iteration_difference","main_scaling","two_run_difference",10,4,7.75868421052624,7.76421052631576,0.0834676664277237,0.740000000000009,8.11074999999994,0.352065789473697,0.387934210526312,0.739000000000033,8.11699999999996,0.351342105263197,0.388210526315788,0,FALSE,FALSE,0.51555133466744,10.3110266933488,0,"4049;4056;4063;4070",1013,FALSE,0.479225316283954
"HPC","AD_Stan_WCP","NicoStan_BridgeStan",50000,5000,16,4,4,20,"3f8ed78629bdab9b833b52bd1450ea30","NicoStan_BridgeStan_state_allocation_thread_setup_sampling_model_load_divergence_check","iteration_difference","main_scaling","two_run_difference",10,4,3.94078947368425,3.9247368421052,0.0641004232896354,0.555999999999983,4.29975000000002,0.358960526315771,0.197039473684212,0.55600000000004,4.28449999999998,0.35976315789478,0.19623684210526,0,FALSE,FALSE,1.01502504173622,20.3005008347244,0,"4050;4057;4064;4071",1014,FALSE,0.496293823038409
"HPC","AD_Stan_WCP","NicoStan_BridgeStan",50000,5000,32,4,8,20,"3f8ed78629bdab9b833b52bd1450ea30","NicoStan_BridgeStan_state_allocation_thread_setup_sampling_model_load_divergence_check","iteration_difference","main_scaling","two_run_difference",10,4,2.15026315789463,2.15894736842086,0.0803150536858806,0.468000000000075,2.51074999999997,0.360486842105343,0.107513157894732,0.467500000000086,2.51999999999987,0.359921052631678,0.107947368421043,0,FALSE,FALSE,1.86023742503987,37.2047485007973,0,"4051;4058;4065;4072",1015,FALSE,0.545832823399805
"HPC","AD_Stan_WCP","NicoStan_BridgeStan",50000,5000,64,4,16,20,"3f8ed78629bdab9b833b52bd1450ea30","NicoStan_BridgeStan_state_allocation_thread_setup_sampling_model_load_divergence_check","iteration_difference","main_scaling","two_run_difference",10,4,1.38236842105261,1.38157894736842,0.0955689576663434,0.43950000000001,1.75274999999999,0.370381578947379,0.0691184210526306,0.442499999999995,1.74850000000004,0.369499999999998,0.069078947368421,0,FALSE,FALSE,2.89358461831338,57.8716923662677,0,"4052;4059;4066;4073",1016,FALSE,0.692556634304245
"HPC","AD_Stan_WCP","NicoStan_BridgeStan",50000,5000,96,4,24,20,"3f8ed78629bdab9b833b52bd1450ea30","NicoStan_BridgeStan_state_allocation_thread_setup_sampling_model_load_divergence_check","iteration_difference","main_scaling","two_run_difference",10,4,1.33447368421056,1.33947368421068,0.0406082561914389,0.442249999999945,1.70999999999998,0.375526315789416,0.0667236842105282,0.442499999999882,1.71249999999998,0.377447368420929,0.0669736842105342,0,FALSE,FALSE,2.99743640307623,59.9487280615247,0,"4053;4060;4067;4074",1017,FALSE,0.684874778150239
"HPC","AD_Stan_WCP","NicoStan_BridgeStan",50000,5000,128,4,32,20,"3f8ed78629bdab9b833b52bd1450ea30","NicoStan_BridgeStan_state_allocation_thread_setup_sampling_model_load_divergence_check","iteration_difference","main_scaling","two_run_difference",10,4,1.34921052631578,1.31631578947367,0.100823479215929,0.448750000000018,1.73050000000001,0.381289473684229,0.0674605263157889,0.449500000000057,1.702,0.38394736842111,0.0658157894736836,0,FALSE,FALSE,2.9646967037254,59.2939340745081,0,"4054;4061;4068;4075",1018,FALSE,0.68851180027311
"HPC","AD_Stan_WCP","NicoStan_BridgeStan",50000,5000,176,4,44,20,"3f8ed78629bdab9b833b52bd1450ea30","NicoStan_BridgeStan_state_allocation_thread_setup_sampling_model_load_divergence_check","iteration_difference","main_scaling","two_run_difference",10,4,1.38105263157884,1.37736842105249,0.0554408171886158,0.442250000000001,1.7542499999999,0.373197368421059,0.069052631578942,0.44399999999996,1.75049999999987,0.374631578947281,0.0688684210526246,0,FALSE,FALSE,2.89634146341486,57.9268292682972,0,"4055;4062;4069;4076",1019,FALSE,0.744855182926864
"HPC","AD_Stan_WCP","NicoStan_BridgeStan",50000,5000,16,8,2,20,"3f8ed78629bdab9b833b52bd1450ea30","NicoStan_BridgeStan_state_allocation_thread_setup_sampling_model_load_divergence_check","iteration_difference","main_scaling","two_run_difference",10,4,8.12973684210527,8.14631578947384,0.0428045009327824,0.769750000000045,8.49300000000005,0.363263157894781,0.406486842105264,0.768000000000143,8.51050000000009,0.362631578947398,0.407315789473692,0,FALSE,FALSE,0.984041692292752,19.680833845855,0,"4077;4083;4089;4095",1020,FALSE,0.485352668889397
"HPC","AD_Stan_WCP","NicoStan_BridgeStan",50000,5000,32,8,4,20,"3f8ed78629bdab9b833b52bd1450ea30","NicoStan_BridgeStan_state_allocation_thread_setup_sampling_model_load_divergence_check","iteration_difference","main_scaling","two_run_difference",10,4,4.35868421052622,4.36631578947359,0.0566297201806981,0.59375,4.73449999999991,0.375815789473689,0.217934210526311,0.593500000000063,4.73799999999994,0.37460526315797,0.21831578947368,0,FALSE,FALSE,1.83541628931961,36.7083257863921,0,"4078;4084;4090;4096",1021,FALSE,0.521946507275276
"HPC","AD_Stan_WCP","NicoStan_BridgeStan",50000,5000,64,8,8,20,"3f8ed78629bdab9b833b52bd1450ea30","NicoStan_BridgeStan_state_allocation_thread_setup_sampling_model_load_divergence_check","iteration_difference","main_scaling","two_run_difference",10,4,2.64421052631585,2.65631578947382,0.056431263804757,0.505999999999972,3.01800000000003,0.373789473684179,0.132210526315792,0.505999999999858,3.03000000000009,0.373684210526269,0.132815789473691,0,FALSE,FALSE,3.0254777070063,60.509554140126,0,"4079;4085;4091;4097",1022,FALSE,0.565286624203838
"HPC","AD_Stan_WCP","NicoStan_BridgeStan",50000,5000,96,8,12,20,"3f8ed78629bdab9b833b52bd1450ea30","NicoStan_BridgeStan_state_allocation_thread_setup_sampling_model_load_divergence_check","iteration_difference","main_scaling","two_run_difference",10,4,2.33736842105265,2.34052631578953,0.0561524109852709,0.50200000000001,2.72250000000003,0.385131578947377,0.116868421052632,0.5,2.72750000000008,0.383289473684212,0.117026315789477,0,FALSE,FALSE,3.42265255573067,68.4530511146134,0,"4080;4086;4092;4098",1023,FALSE,0.620693537491568
"HPC","AD_Stan_WCP","NicoStan_BridgeStan",50000,5000,128,8,16,20,"3f8ed78629bdab9b833b52bd1450ea30","NicoStan_BridgeStan_state_allocation_thread_setup_sampling_model_load_divergence_check","iteration_difference","main_scaling","two_run_difference",10,4,2.20868421052644,2.20315789473692,0.0232275666454613,0.490749999999935,2.58900000000006,0.380315789473612,0.110434210526322,0.490000000000009,2.58500000000004,0.380105263157906,0.110157894736846,0,FALSE,FALSE,3.6220660073869,72.441320147738,0,"4081;4087;4093;4099",1024,FALSE,0.666507804122451
"HPC","AD_Stan_WCP","NicoStan_BridgeStan",50000,5000,176,8,22,20,"3f8ed78629bdab9b833b52bd1450ea30","NicoStan_BridgeStan_state_allocation_thread_setup_sampling_model_load_divergence_check","iteration_difference","main_scaling","two_run_difference",10,4,2.20842105263171,2.20263157894758,0.0320779291177944,0.489499999999907,2.58750000000003,0.379078947368322,0.110421052631586,0.490999999999985,2.58750000000009,0.381526315789463,0.110131578947379,0,FALSE,FALSE,3.62249761677767,72.4499523355533,0,"4082;4088;4094;4100",1025,FALSE,0.685653002859841
"HPC","AD_Stan_WCP","NicoStan_BridgeStan",50000,5000,32,16,2,20,"3f8ed78629bdab9b833b52bd1450ea30","NicoStan_BridgeStan_state_allocation_thread_setup_sampling_model_load_divergence_check","iteration_difference","main_scaling","two_run_difference",10,4,8.63815789473691,8.60736842105266,0.0871943944252762,0.903750000000002,9.11000000000007,0.471842105263157,0.431907894736846,0.903500000000008,9.08050000000003,0.473131578947375,0.430368421052633,0,FALSE,FALSE,1.85224676313784,37.0449352627567,0,"4101;4106;4111;4116",1026,FALSE,0.516435643564359
"HPC","AD_Stan_WCP","NicoStan_BridgeStan",50000,5000,64,16,4,20,"3f8ed78629bdab9b833b52bd1450ea30","NicoStan_BridgeStan_state_allocation_thread_setup_sampling_model_load_divergence_check","iteration_difference","main_scaling","two_run_difference",10,4,5.17421052631574,5.17052631578939,0.0574078409551636,0.720750000000066,5.63625000000002,0.462039473684279,0.258710526315787,0.721000000000117,5.63099999999997,0.460789473684336,0.258526315789469,0,FALSE,FALSE,3.09225918014447,61.8451836028894,0,"4102;4107;4112;4117",1027,FALSE,0.54445122571459
"HPC","AD_Stan_WCP","NicoStan_BridgeStan",50000,5000,96,16,6,20,"3f8ed78629bdab9b833b52bd1450ea30","NicoStan_BridgeStan_state_allocation_thread_setup_sampling_model_load_divergence_check","iteration_difference","main_scaling","two_run_difference",10,4,4.57736842105269,4.57000000000012,0.0712919944767366,0.697999999999979,5.04650000000004,0.469131578947344,0.228868421052635,0.697000000000003,5.03600000000006,0.470789473684213,0.228500000000006,0,FALSE,FALSE,3.49545820397834,69.9091640795667,0,"4103;4108;4113;4118",1028,FALSE,0.563987581924804
"HPC","AD_Stan_WCP","NicoStan_BridgeStan",50000,5000,128,16,8,20,"3f8ed78629bdab9b833b52bd1450ea30","NicoStan_BridgeStan_state_allocation_thread_setup_sampling_model_load_divergence_check","iteration_difference","main_scaling","two_run_difference",10,4,4.21236842105259,4.2115789473684,0.0541696319949441,0.689000000000021,4.69074999999998,0.478381578947392,0.210618421052629,0.684000000000083,4.69100000000003,0.47310526315798,0.21057894736842,0,FALSE,FALSE,3.79833822702572,75.9667645405143,0,"4104;4109;4114;4119",1029,FALSE,0.60386081089525
"HPC","AD_Stan_WCP","NicoStan_BridgeStan",50000,5000,176,16,11,20,"3f8ed78629bdab9b833b52bd1450ea30","NicoStan_BridgeStan_state_allocation_thread_setup_sampling_model_load_divergence_check","iteration_difference","main_scaling","two_run_difference",10,4,3.96578947368425,3.96578947368425,0.0665215410235137,0.679499999999962,4.447,0.481210526315749,0.198289473684213,0.681499999999915,4.45150000000001,0.480342105263066,0.198289473684213,0,FALSE,FALSE,4.03450564034501,80.6901128069002,0,"4105;4110;4115;4120",1030,FALSE,0.627272727272704
"HPC","AD_Stan_WCP","NicoStan_BridgeStan",50000,5000,96,24,4,20,"3f8ed78629bdab9b833b52bd1450ea30","NicoStan_BridgeStan_state_allocation_thread_setup_sampling_model_load_divergence_check","iteration_difference","main_scaling","two_run_difference",10,4,5.70624999999893,5.76749999999834,0.412439389487337,0.847000000000094,6.26793749999908,0.561687500000147,0.285312499999947,0.841499999999996,6.3927499999989,0.555625000000077,0.288374999999917,0,FALSE,FALSE,4.20591456736114,84.1182913472228,0,"4121;4122;4123;4124",1031,FALSE,0.55509309967154
"HPC","AD_Stan_WCP","NicoStan_BridgeStan",50000,5000,64,32,2,20,"3f8ed78629bdab9b833b52bd1450ea30","NicoStan_BridgeStan_state_allocation_thread_setup_sampling_model_load_divergence_check","iteration_difference","main_scaling","two_run_difference",10,4,8.9787500000017,8.92500000000155,0.177029893896912,1.31674999999984,9.84656250000145,0.867812499999758,0.448937500000085,1.33799999999974,9.82425000000137,0.893749999999613,0.446250000000077,0,FALSE,FALSE,3.56397048586874,71.2794097173748,0,"4125;4127;4129;4131",1032,FALSE,0.525546429068548
"HPC","AD_Stan_WCP","NicoStan_BridgeStan",50000,5000,128,32,4,20,"3f8ed78629bdab9b833b52bd1450ea30","NicoStan_BridgeStan_state_allocation_thread_setup_sampling_model_load_divergence_check","iteration_difference","main_scaling","two_run_difference",10,4,7.31000000000051,7.35000000000014,0.17776388834667,1.19349999999997,8.13800000000046,0.827999999999946,0.365500000000026,1.19550000000004,8.17800000000017,0.828000000000031,0.367500000000007,0,FALSE,FALSE,4.37756497947986,87.5512995895971,0,"4126;4128;4130;4132",1033,FALSE,0.636969904240706
"HPC","AD_Stan_WCP","NicoStan_BridgeStan",50000,5000,180,45,4,20,"3f8ed78629bdab9b833b52bd1450ea30","NicoStan_BridgeStan_state_allocation_thread_setup_sampling_model_load_divergence_check","iteration_difference","main_scaling","two_run_difference",10,4,9.99250000000018,9.35999999999922,1.36340566230339,1.51049999999998,11.0033750000001,1.01087499999997,0.499625000000009,1.4525000000001,10.3444999999994,0.984874999999874,0.467999999999961,0,FALSE,FALSE,4.50337753314978,90.0675506629956,0,"4133;4134;4135;4136",1034,FALSE,0.631473605203693
"HPC","AD_Stan_WCP","NicoStan_BridgeStan",50000,5000,96,48,2,20,"3f8ed78629bdab9b833b52bd1450ea30","NicoStan_BridgeStan_state_allocation_thread_setup_sampling_model_load_divergence_check","iteration_difference","main_scaling","two_run_difference",10,4,11.9450000000001,12.0175000000006,0.719108244054579,1.74950000000001,13.0972500000001,1.15225000000001,0.597250000000003,1.75,13.1666250000006,1.14912499999997,0.60087500000003,0,FALSE,FALSE,4.0184177480117,80.3683549602341,0,"4137;4138;4139;4140",1035,FALSE,0.561950606948548
"HPC","AD_Stan_WCP","NicoStan_BridgeStan",50000,5000,128,64,2,20,"3f8ed78629bdab9b833b52bd1450ea30","NicoStan_BridgeStan_state_allocation_thread_setup_sampling_model_load_divergence_check","iteration_difference","main_scaling","two_run_difference",10,4,14.4037500000002,14.1500000000008,1.039570223697,2.10649999999998,15.7900625000001,1.38631249999997,0.720187500000009,2.173,15.6195000000006,1.41637500000002,0.707500000000039,0,FALSE,FALSE,4.44328733836669,88.8657467673338,0,"4141;4142;4143;4144",1036,FALSE,0.590991929185057
"HPC","AD_Stan_WCP","NicoStan_BridgeStan",50000,5000,180,90,2,20,"3f8ed78629bdab9b833b52bd1450ea30","NicoStan_BridgeStan_state_allocation_thread_setup_sampling_model_load_divergence_check","iteration_difference","main_scaling","two_run_difference",10,4,18.2662500000009,17.8625000000011,1.21988643597204,2.64899999999989,20.0019375000008,1.73568749999984,0.913312500000046,2.55249999999978,19.5218750000008,1.65937499999973,0.893125000000055,0,FALSE,FALSE,4.92711968794884,98.5423937589767,0,"4145;4146;4147;4148",1037,FALSE,0.621090809553077
"HPC","AD_Stan_WCP","NicoStan_BridgeStan",500,8,32,4,8,800,"5fff1836d43ae39c037ca22d13a50ed5","NicoStan_BridgeStan_state_allocation_thread_setup_sampling_model_load_divergence_check","iteration_difference","main_scaling","two_run_difference",63,4,0.944180225281756,0.955193992490792,0.0435899135795872,0.0127499999999259,0.95575000000008,0.0115697747183237,0.0011802252816022,0.0109999999999673,0.970500000000129,0.00985168961198211,0.00119399249061349,0,FALSE,FALSE,4.23647932131426,3389.18345705141,0,"4149;4150;4151;4152",1038,FALSE,0.92576882290547
"HPC","AD_Stan_WCP","NicoStan_BridgeStan",500,8,64,8,8,800,"5fff1836d43ae39c037ca22d13a50ed5","NicoStan_BridgeStan_state_allocation_thread_setup_sampling_model_load_divergence_check","iteration_difference","main_scaling","two_run_difference",63,4,0.997496871088836,1.00325406758432,0.0746917337288237,0.0147500000000491,1.01100000000002,0.0135031289111881,0.00124687108886104,0.0145000000001119,1.01649999999995,0.0132459324156315,0.0012540675844804,0,FALSE,FALSE,8.02007528230886,6416.06022584709,0,"4153;4154;4155;4156",1039,TRUE,1
"HPC","AD_Stan_WCP","NicoStan_BridgeStan",500,6,96,16,6,800,"5fff1836d43ae39c037ca22d13a50ed5","NicoStan_BridgeStan_state_allocation_thread_setup_sampling_model_load_divergence_check","iteration_difference","main_scaling","two_run_difference",84,4,1.45782227784738,1.47784730913642,0.107232126041479,0.0249999999999773,1.48100000000005,0.023177722152668,0.00182227784730923,0.0254999999999654,1.50149999999996,0.0236526908635449,0.00184730913642052,0,FALSE,FALSE,10.9752747252742,8780.21978021933,0,"4157;4159;4161;4163",1040,TRUE,1
"HPC","AD_Stan_WCP","NicoStan_BridgeStan",500,8,128,16,8,800,"5fff1836d43ae39c037ca22d13a50ed5","NicoStan_BridgeStan_state_allocation_thread_setup_sampling_model_load_divergence_check","iteration_difference","main_scaling","two_run_difference",63,4,1.49536921151421,1.49586983729642,0.0856855309857919,0.0285000000001219,1.52199999999993,0.0266307884857291,0.00186921151439276,0.0280000000001337,1.52299999999991,0.0262040050063917,0.00186983729662053,0,FALSE,FALSE,10.6996986943435,8559.75895547479,0,"4158;4160;4162;4164",1041,TRUE,1
"HPC","AD_Stan_WCP","NicoStan_BridgeStan",2500,2,8,4,2,200,"229e14792b0f4550a6f1e0887b422826","NicoStan_BridgeStan_state_allocation_thread_setup_sampling_model_load_divergence_check","iteration_difference","main_scaling","two_run_difference",1250,4,1.99170854271343,1.98643216080389,0.0416439127116669,0.0540000000000305,2.03574999999989,0.0440414572864633,0.00995854271356715,0.0544999999999618,2.01949999999988,0.0444045226130276,0.00993216080401946,0,FALSE,FALSE,2.00832597451761,401.665194903522,0,"4165;4166;4167;4168",1042,FALSE,0.978175854673966
"HPC","AD_Stan_WCP","NicoStan_BridgeStan",2500,2,16,8,2,200,"229e14792b0f4550a6f1e0887b422826","NicoStan_BridgeStan_state_allocation_thread_setup_sampling_model_load_divergence_check","iteration_difference","main_scaling","two_run_difference",1250,4,2.31256281407028,2.34170854271349,0.0860143381575302,0.0682500000000914,2.36925000000002,0.05668718592974,0.0115628140703514,0.0675000000001091,2.399,0.0560829145729738,0.0117085427135675,0,FALSE,FALSE,3.4593654932639,691.873098652781,0,"4169;4170;4171;4172",1043,FALSE,0.939808778791859
"HPC","AD_Stan_WCP","NicoStan_BridgeStan",2500,2,32,16,2,200,"229e14792b0f4550a6f1e0887b422826","NicoStan_BridgeStan_state_allocation_thread_setup_sampling_model_load_divergence_check","iteration_difference","main_scaling","two_run_difference",1250,4,3.06231155778903,3.04522613065335,0.0804522456128437,0.0794999999999391,3.12650000000002,0.0641884422109939,0.0153115577889451,0.0799999999999272,3.1160000000001,0.064442211055203,0.0152261306532668,0,FALSE,FALSE,5.2248112897931,1044.96225795862,0,"4173;4174;4175;4176",1044,FALSE,0.79512635379059
"HPC","AD_Stan_WCP","NicoStan_BridgeStan",2500,2,64,32,2,200,"229e14792b0f4550a6f1e0887b422826","NicoStan_BridgeStan_state_allocation_thread_setup_sampling_model_load_divergence_check","iteration_difference","main_scaling","two_run_difference",1250,4,6.7080808080808,6.53737373737374,0.593344717065954,0.120000000000002,6.7945404040404,0.0864595959595979,0.033540404040404,0.124000000000002,6.61968686868687,0.0901060606060624,0.0326868686868687,0,FALSE,FALSE,4.77036590874869,954.073181749737,0,"4177;4178;4179;4180",1045,FALSE,0.475304923957239
"HPC","AD_Stan_WCP","NicoStan_BridgeStan",2500,2,96,48,2,200,"229e14792b0f4550a6f1e0887b422826","NicoStan_BridgeStan_state_allocation_thread_setup_sampling_model_load_divergence_check","iteration_difference","main_scaling","two_run_difference",1250,4,9.41161616161616,9.41515151515151,0.203431936029403,0.144000000000001,9.50855808080808,0.0969419191919202,0.0470580808080808,0.137000000000004,9.50507575757576,0.0899242424242464,0.0470757575757576,0,FALSE,FALSE,5.10008049369466,1020.01609873893,0,"4181;4182;4183;4184",1046,FALSE,0.440193184867178
"HPC","AD_Stan_WCP","NicoStan_BridgeStan",2500,2,128,64,2,200,"229e14792b0f4550a6f1e0887b422826","NicoStan_BridgeStan_state_allocation_thread_setup_sampling_model_load_divergence_check","iteration_difference","main_scaling","two_run_difference",1250,4,11.9707070707071,11.9222222222222,0.205230386674246,0.163749999999999,12.0746035353535,0.103896464646463,0.0598535353535353,0.163999999999998,12.0121111111111,0.104873737373735,0.0596111111111111,0,FALSE,FALSE,5.34638427136951,1069.2768542739,0,"4185;4186;4187;4188",1047,FALSE,0.437684583579451
"HPC","AD_Stan_WCP","NicoStan_BridgeStan",2500,2,180,90,2,200,"229e14792b0f4550a6f1e0887b422826","NicoStan_BridgeStan_state_allocation_thread_setup_sampling_model_load_divergence_check","iteration_difference","main_scaling","two_run_difference",1250,4,17.0545454545455,17.0979797979798,0.148627934448208,0.219499999999996,17.1887727272727,0.134227272727269,0.0852727272727273,0.219499999999996,17.2139898989899,0.133696969696966,0.0854898989898989,0,FALSE,FALSE,5.2771855010661,1055.43710021322,0,"4189;4190;4191;4192",1048,FALSE,0.401474769012081
"HPC","AD_Stan_WCP","NicoStan_BridgeStan",2500,8,32,4,8,200,"229e14792b0f4550a6f1e0887b422826","NicoStan_BridgeStan_state_allocation_thread_setup_sampling_model_load_divergence_check","iteration_difference","main_scaling","two_run_difference",313,4,0.998241206029968,1.00854271356764,0.030795725750408,0.0460000000000491,1.03924999999987,0.0410087939698993,0.00499120603014984,0.0450000000000728,1.05049999999983,0.0400603015076113,0.00504271356783821,0,FALSE,FALSE,4.00704757110569,801.409514221138,0,"4193;4194;4195;4196",1049,FALSE,0.78907626478746
"HPC","AD_Stan_WCP","NicoStan_BridgeStan",2500,8,64,8,8,200,"229e14792b0f4550a6f1e0887b422826","NicoStan_BridgeStan_state_allocation_thread_setup_sampling_model_load_divergence_check","iteration_difference","main_scaling","two_run_difference",313,4,1.17562814070348,1.16080402010048,0.118494621802898,0.0564999999999714,1.22624999999994,0.0506218592964539,0.00587814070351741,0.0554999999999382,1.20949999999993,0.0499095477386318,0.00580402010050238,0,FALSE,FALSE,6.80487283607629,1360.97456721526,0,"4197;4198;4199;4200",1050,FALSE,0.713186578328722
"HPC","AD_Stan_WCP","NicoStan_BridgeStan",2500,6,96,16,6,200,"229e14792b0f4550a6f1e0887b422826","NicoStan_BridgeStan_state_allocation_thread_setup_sampling_model_load_divergence_check","iteration_difference","main_scaling","two_run_difference",417,4,1.95603015075368,1.94522613065309,0.0528467084429396,0.0690000000000737,2.01524999999998,0.0592198492463053,0.00978015075376838,0.0690000000000737,2.00449999999989,0.0591658291458023,0.00972613065326543,0,FALSE,FALSE,8.17983301220335,1635.96660244067,0,"4201;4203;4205;4207",1051,FALSE,0.730635838150322
"HPC","AD_Stan_WCP","NicoStan_BridgeStan",2500,8,128,16,8,200,"229e14792b0f4550a6f1e0887b422826","NicoStan_BridgeStan_state_allocation_thread_setup_sampling_model_load_divergence_check","iteration_difference","main_scaling","two_run_difference",313,4,2.26331658291447,2.28090452261306,0.19645606372692,0.0675000000000523,2.31949999999995,0.05618341708548,0.0113165829145723,0.0680000000000973,2.33750000000009,0.056595477387032,0.0114045226130653,0,FALSE,FALSE,7.06927175843727,1413.85435168745,0,"4202;4204;4206;4208",1052,FALSE,0.625777087033774
"HPC","AD_Stan_WCP","NicoStan_BridgeStan",10000,2,8,4,2,80,"b97502ef4c1796520d0acd01a82ea24d","NicoStan_BridgeStan_state_allocation_thread_setup_sampling_model_load_divergence_check","iteration_difference","main_scaling","two_run_difference",5000,4,3.40151898734187,3.39848101265834,0.0166807076465291,0.163499999999942,3.52250000000004,0.120981012658169,0.0425189873417733,0.161999999999921,3.52649999999983,0.119518987341692,0.0424810126582292,0,FALSE,FALSE,1.17594522179217,94.0756177433734,0,"4209;4210;4211;4212",1053,FALSE,0.858886573384905
"HPC","AD_Stan_WCP","NicoStan_BridgeStan",10000,2,16,8,2,80,"b97502ef4c1796520d0acd01a82ea24d","NicoStan_BridgeStan_state_allocation_thread_setup_sampling_model_load_divergence_check","iteration_difference","main_scaling","two_run_difference",5000,4,3.97063291139257,3.94531645569639,0.132819176367961,0.193249999999921,4.11425000000008,0.143617088607514,0.0496329113924071,0.192499999999882,4.07200000000012,0.143993670885956,0.0493164556962049,0,FALSE,FALSE,2.01479214486092,161.183371588874,0,"4213;4214;4215;4216",1054,FALSE,0.805980617189453
"HPC","AD_Stan_WCP","NicoStan_BridgeStan",10000,2,32,16,2,80,"b97502ef4c1796520d0acd01a82ea24d","NicoStan_BridgeStan_state_allocation_thread_setup_sampling_model_load_divergence_check","iteration_difference","main_scaling","two_run_difference",5000,4,5.56911392405053,5.5898734177215,0.173968081688959,0.216749999999934,5.71624999999983,0.147136075949302,0.0696139240506316,0.212999999999965,5.74399999999991,0.141721518987309,0.0698734177215188,0,FALSE,FALSE,2.87298845349583,229.839076279666,0,"4217;4218;4219;4220",1055,FALSE,0.654877716156026
"HPC","AD_Stan_WCP","NicoStan_BridgeStan",10000,2,64,32,2,80,"b97502ef4c1796520d0acd01a82ea24d","NicoStan_BridgeStan_state_allocation_thread_setup_sampling_model_load_divergence_check","iteration_difference","main_scaling","two_run_difference",5000,4,11.3066666666667,11.3066666666667,0.26288679126304,0.310249999999996,11.4755833333334,0.168916666666662,0.141333333333334,0.308499999999995,11.4828333333334,0.169388888888883,0.141333333333334,0,FALSE,FALSE,2.83018867924527,226.415094339622,0,"4221;4222;4223;4224",1056,FALSE,0.435048411122164
"HPC","AD_Stan_WCP","NicoStan_BridgeStan",10000,2,96,48,2,80,"b97502ef4c1796520d0acd01a82ea24d","NicoStan_BridgeStan_state_allocation_thread_setup_sampling_model_load_divergence_check","iteration_difference","main_scaling","two_run_difference",5000,4,16.4666666666666,16.6577777777777,0.600444279957369,0.435750000000002,16.6965833333333,0.22991666666667,0.205833333333332,0.4375,16.8740555555555,0.226777777777777,0.208222222222222,0,FALSE,FALSE,2.91497975708503,233.198380566803,0,"4225;4226;4227;4228",1057,FALSE,0.373002343916475
"HPC","AD_Stan_WCP","NicoStan_BridgeStan",10000,2,128,64,2,80,"b97502ef4c1796520d0acd01a82ea24d","NicoStan_BridgeStan_state_allocation_thread_setup_sampling_model_load_divergence_check","iteration_difference","main_scaling","two_run_difference",5000,4,21.5888888888888,21.5777777777777,0.629392547957099,0.559750000000008,21.8787777777777,0.289888888888898,0.26986111111111,0.548500000000004,21.8565555555555,0.284222222222237,0.269722222222222,0,FALSE,FALSE,2.96448790530109,237.159032424087,0,"4229;4230;4231;4232",1058,FALSE,0.362662188151795
"HPC","AD_Stan_WCP","NicoStan_BridgeStan",10000,2,180,90,2,80,"b97502ef4c1796520d0acd01a82ea24d","NicoStan_BridgeStan_state_allocation_thread_setup_sampling_model_load_divergence_check","iteration_difference","main_scaling","two_run_difference",5000,4,30.308888888889,29.9511111111113,1.16308373989505,0.856749999999991,30.7867777777779,0.477888888888878,0.378861111111113,0.856499999999997,30.4332222222224,0.482111111111106,0.374388888888891,0,FALSE,FALSE,2.96942591099053,237.554072879242,0,"4233;4234;4235;4236",1059,FALSE,0.344800706951028
"HPC","AD_Stan_WCP","NicoStan_BridgeStan",10000,8,32,4,8,80,"b97502ef4c1796520d0acd01a82ea24d","NicoStan_BridgeStan_state_allocation_thread_setup_sampling_model_load_divergence_check","iteration_difference","main_scaling","two_run_difference",1250,4,1.61772151898766,1.61518987341821,0.0302387727716363,0.108749999999873,1.70625000000018,0.088528481012527,0.0202215189873457,0.109499999999798,1.70500000000015,0.0893101265820705,0.0201898734177276,0,FALSE,FALSE,2.47261345852847,197.809076682278,0,"4237;4238;4239;4240",1060,FALSE,0.666510172143839
"HPC","AD_Stan_WCP","NicoStan_BridgeStan",10000,8,64,8,8,80,"b97502ef4c1796520d0acd01a82ea24d","NicoStan_BridgeStan_state_allocation_thread_setup_sampling_model_load_divergence_check","iteration_difference","main_scaling","two_run_difference",1250,4,2.5174683544306,2.49569620253192,0.0596065004250512,0.137749999999869,2.62375000000009,0.106281645569487,0.0314683544303825,0.137499999999818,2.60699999999997,0.105727848101078,0.031196202531649,0,FALSE,FALSE,3.17779565567148,254.223652453719,0,"4241;4242;4243;4244",1061,FALSE,0.526649235719994
"HPC","AD_Stan_WCP","NicoStan_BridgeStan",10000,6,96,16,6,80,"b97502ef4c1796520d0acd01a82ea24d","NicoStan_BridgeStan_state_allocation_thread_setup_sampling_model_load_divergence_check","iteration_difference","main_scaling","two_run_difference",1667,4,4.79721518987355,4.84607594936727,0.206612680811004,0.166499999999928,4.90375000000006,0.106534810126509,0.0599651898734194,0.166999999999916,4.9525000000001,0.106645569620192,0.0605759493670909,0,FALSE,FALSE,3.33526835189183,266.821468151346,0,"4245;4247;4249;4251",1062,FALSE,0.454324766478438
"HPC","AD_Stan_WCP","NicoStan_BridgeStan",10000,8,128,16,8,80,"b97502ef4c1796520d0acd01a82ea24d","NicoStan_BridgeStan_state_allocation_thread_setup_sampling_model_load_divergence_check","iteration_difference","main_scaling","two_run_difference",1250,4,4.88075949367077,4.80556962025316,0.176480453983479,0.165000000000077,4.98474999999996,0.103990506329193,0.0610094936708846,0.164999999999964,4.91049999999996,0.103272151898746,0.0600696202531645,0,FALSE,FALSE,3.27817832875157,262.254266300125,0,"4246;4248;4250;4252",1063,FALSE,0.434254888739051
"HPC","AD_Stan_WCP","NicoStan_BridgeStan",10000,16,64,4,16,80,"b97502ef4c1796520d0acd01a82ea24d","NicoStan_BridgeStan_state_allocation_thread_setup_sampling_model_load_divergence_check","iteration_difference","main_scaling","two_run_difference",625,4,1.60481012658226,1.60202531645557,0.0105684200538215,0.122000000000071,1.70675000000006,0.101939873417793,0.0200601265822783,0.119999999999891,1.70699999999988,0.0999873417720411,0.0200253164556947,0,FALSE,FALSE,2.49250670452755,199.400536362204,0,"4253;4255;4257;4259",1064,FALSE,0.604985013409048
"HPC","AD_Stan_WCP","NicoStan_BridgeStan",10000,24,96,4,24,80,"b97502ef4c1796520d0acd01a82ea24d","NicoStan_BridgeStan_state_allocation_thread_setup_sampling_model_load_divergence_check","iteration_difference","main_scaling","two_run_difference",417,4,1.24886075949355,1.25164556962036,0.0215512292587513,0.10975000000019,1.34300000000007,0.0941392405065207,0.0156107594936694,0.109500000000253,1.34500000000025,0.0936835443040516,0.0156455696202545,0,FALSE,FALSE,3.2029191161568,256.233529292544,0,"4254;4256;4258;4260",1065,FALSE,0.823636732211734
"HPC","AD_Stan_WCP","NicoStan_BridgeStan",10000,12,96,8,12,80,"b97502ef4c1796520d0acd01a82ea24d","NicoStan_BridgeStan_state_allocation_thread_setup_sampling_model_load_divergence_check","iteration_difference","main_scaling","two_run_difference",834,4,2.35746835443047,2.37164556962035,0.204989307902319,0.140250000000037,2.46825000000013,0.110781645569656,0.0294683544303809,0.136499999999842,2.47350000000006,0.104886075949207,0.0296455696202544,0,FALSE,FALSE,3.39347079037788,271.47766323023,0,"4261;4264;4267;4270",1066,FALSE,0.541774054982817
"HPC","AD_Stan_WCP","NicoStan_BridgeStan",10000,16,128,8,16,80,"b97502ef4c1796520d0acd01a82ea24d","NicoStan_BridgeStan_state_allocation_thread_setup_sampling_model_load_divergence_check","iteration_difference","main_scaling","two_run_difference",625,4,2.39518987341767,2.40658227848086,0.0701852029962268,0.138249999999971,2.50349999999992,0.10831012658225,0.0299398734177208,0.137500000000045,2.51599999999985,0.107917721518803,0.0300822784810108,0,FALSE,FALSE,3.34002748123885,267.202198499108,0,"4262;4265;4268;4271",1067,FALSE,0.558291935313397
"HPC","AD_Stan_WCP","NicoStan_BridgeStan",10000,22,176,8,22,80,"b97502ef4c1796520d0acd01a82ea24d","NicoStan_BridgeStan_state_allocation_thread_setup_sampling_model_load_divergence_check","iteration_difference","main_scaling","two_run_difference",455,4,2.28329113924057,2.21316455696207,0.184137496260802,0.129000000000133,2.38375000000019,0.100458860759626,0.0285411392405071,0.129000000000133,2.31500000000028,0.0998354430380287,0.0276645569620259,0,FALSE,FALSE,3.50371438075166,280.297150460133,0,"4263;4266;4269;4272",1068,FALSE,0.61869386849981
"HPC","AD_Stan_WCP","NicoStan_BridgeStan",10000,11,176,16,11,80,"b97502ef4c1796520d0acd01a82ea24d","NicoStan_BridgeStan_state_allocation_thread_setup_sampling_model_load_divergence_check","iteration_difference","main_scaling","two_run_difference",910,4,4.81569620253174,4.80607594936718,0.0859487767422568,0.155999999999949,4.91150000000005,0.0958037974683023,0.0601962025316468,0.153499999999894,4.9045000000001,0.0931835443036907,0.0600759493670898,0,FALSE,FALSE,3.32246872042891,265.797497634313,0,"4273;4274;4275;4276",1069,FALSE,0.438019135737552
"HPC","AD_Stan_WCP","NicoStan_BridgeStan",10000,32,128,4,32,80,"b97502ef4c1796520d0acd01a82ea24d","NicoStan_BridgeStan_state_allocation_thread_setup_sampling_model_load_divergence_check","iteration_difference","main_scaling","two_run_difference",313,4,1.39493670886058,1.39341772151873,0.022560546581131,0.111750000000029,1.48924999999986,0.0943132911392718,0.0174367088607573,0.11200000000008,1.48849999999993,0.0947784810127411,0.0174177215189842,0,FALSE,FALSE,2.86751361161561,229.401088929248,0,"4277;4279;4281;4283",1070,FALSE,0.772595281306803
"HPC","AD_Stan_WCP","NicoStan_BridgeStan",10000,44,176,4,44,80,"b97502ef4c1796520d0acd01a82ea24d","NicoStan_BridgeStan_state_allocation_thread_setup_sampling_model_load_divergence_check","iteration_difference","main_scaling","two_run_difference",228,4,1.08886075949388,1.09316455696208,0.0164822894497496,0.101499999999874,1.17675000000008,0.0878892405062,0.0136107594936735,0.107499999999845,1.17900000000009,0.0940126582276886,0.013664556962026,0,FALSE,FALSE,3.67356428737431,293.885142989945,0,"4278;4280;4282;4284",1071,TRUE,1
"HPC","AD_Stan_WCP","NicoStan_BridgeStan",50000,2,8,4,2,20,"3f8ed78629bdab9b833b52bd1450ea30","NicoStan_BridgeStan_state_allocation_thread_setup_sampling_model_load_divergence_check","iteration_difference","main_scaling","two_run_difference",25000,4,4.33789473684221,4.31526315789501,0.202833119184864,0.763749999999959,4.88475000000005,0.546855263157849,0.21689473684211,0.739000000000033,4.83250000000021,0.517236842105197,0.215763157894751,0,FALSE,FALSE,0.922106284882289,18.4421256976458,0,"4285;4288;4291;4294",1072,FALSE,0.857134190730366
"HPC","AD_Stan_WCP","NicoStan_BridgeStan",50000,4,16,4,4,20,"3f8ed78629bdab9b833b52bd1450ea30","NicoStan_BridgeStan_state_allocation_thread_setup_sampling_model_load_divergence_check","iteration_difference","main_scaling","two_run_difference",12500,4,2.67815789473664,2.69631578947347,0.188320810343623,0.587000000000103,3.13124999999991,0.453092105263271,0.133907894736832,0.586000000000013,3.14699999999993,0.455500000000077,0.134815789473673,0,FALSE,FALSE,1.49356391864018,29.8712783728037,0,"4286;4289;4292;4295",1073,FALSE,0.730274147587777
"HPC","AD_Stan_WCP","NicoStan_BridgeStan",50000,8,32,4,8,20,"3f8ed78629bdab9b833b52bd1450ea30","NicoStan_BridgeStan_state_allocation_thread_setup_sampling_model_load_divergence_check","iteration_difference","main_scaling","two_run_difference",6250,4,2.08578947368407,2.07210526315784,0.0647774797570516,0.512750000000096,2.49424999999997,0.408460526315893,0.104289473684204,0.505000000000109,2.45650000000001,0.403184210526433,0.103605263157892,0,FALSE,FALSE,1.91773908655072,38.3547817310144,0,"4287;4290;4293;4296",1074,FALSE,0.562705021448382
"HPC","AD_Stan_WCP","NicoStan_BridgeStan",50000,2,16,8,2,20,"3f8ed78629bdab9b833b52bd1450ea30","NicoStan_BridgeStan_state_allocation_thread_setup_sampling_model_load_divergence_check","iteration_difference","main_scaling","two_run_difference",25000,4,5.13473684210531,5.12842105263165,0.165476451921131,0.931249999999977,5.80925000000002,0.674513157894712,0.256736842105265,0.919000000000096,5.76250000000005,0.668447368421156,0.256421052631583,0,FALSE,FALSE,1.55801558015579,31.1603116031158,0,"4297;4300;4303;4306",1075,FALSE,0.768450184501846
"HPC","AD_Stan_WCP","NicoStan_BridgeStan",50000,4,32,8,4,20,"3f8ed78629bdab9b833b52bd1450ea30","NicoStan_BridgeStan_state_allocation_thread_setup_sampling_model_load_divergence_check","iteration_difference","main_scaling","two_run_difference",12500,4,3.8786842105262,3.86947368421045,0.182068498469077,0.662250000000085,4.34699999999998,0.468315789473775,0.19393421052631,0.665500000000065,4.32200000000012,0.479421052631647,0.193473684210523,0,FALSE,FALSE,2.06255512585663,41.2511025171326,0,"4298;4301;4304;4307",1076,FALSE,0.586539113915494
"HPC","AD_Stan_WCP","NicoStan_BridgeStan",50000,8,64,8,8,20,"3f8ed78629bdab9b833b52bd1450ea30","NicoStan_BridgeStan_state_allocation_thread_setup_sampling_model_load_divergence_check","iteration_difference","main_scaling","two_run_difference",6250,4,3.47684210526316,3.50263157894747,0.0629411485514991,0.583750000000009,3.88675000000001,0.409907894736851,0.173842105263158,0.586000000000013,3.91200000000003,0.41236842105249,0.175131578947374,0,FALSE,FALSE,2.30093854072056,46.0187708144112,0,"4299;4302;4305;4308",1077,FALSE,0.42991220102939
"HPC","AD_Stan_WCP","NicoStan_BridgeStan",50000,2,32,16,2,20,"3f8ed78629bdab9b833b52bd1450ea30","NicoStan_BridgeStan_state_allocation_thread_setup_sampling_model_load_divergence_check","iteration_difference","main_scaling","two_run_difference",25000,4,8.00421052631571,8.09263157894724,0.295587744158652,1.22500000000002,8.82899999999995,0.824789473684237,0.400210526315786,1.17900000000009,8.9085,0.783210526315878,0.404631578947362,0,FALSE,FALSE,1.99894792214626,39.9789584429252,0,"4309;4313;4317;4321",1078,FALSE,0.557338243029997
"HPC","AD_Stan_WCP","NicoStan_BridgeStan",50000,4,64,16,4,20,"3f8ed78629bdab9b833b52bd1450ea30","NicoStan_BridgeStan_state_allocation_thread_setup_sampling_model_load_divergence_check","iteration_difference","main_scaling","two_run_difference",12500,4,7.33368421052606,7.30578947368414,0.283480544017806,0.886000000000195,7.85299999999995,0.519315789473892,0.366684210526303,0.887000000000171,7.86800000000017,0.510131578947745,0.365289473684207,0,FALSE,FALSE,2.18171379359847,43.6342758719694,0,"4310;4314;4318;4322",1079,FALSE,0.384132338165657
"HPC","AD_Stan_WCP","NicoStan_BridgeStan",50000,6,96,16,6,20,"3f8ed78629bdab9b833b52bd1450ea30","NicoStan_BridgeStan_state_allocation_thread_setup_sampling_model_load_divergence_check","iteration_difference","main_scaling","two_run_difference",8334,4,6.85631578947371,6.89105263157887,0.201791606024748,0.872000000000071,7.38550000000009,0.529184210526386,0.342815789473685,0.838999999999942,7.34800000000018,0.503078947368342,0.344552631578943,0,FALSE,FALSE,2.3336148000307,46.672296000614,0,"4311;4315;4319;4323",1080,FALSE,0.37652567743917
"HPC","AD_Stan_WCP","NicoStan_BridgeStan",50000,8,128,16,8,20,"3f8ed78629bdab9b833b52bd1450ea30","NicoStan_BridgeStan_state_allocation_thread_setup_sampling_model_load_divergence_check","iteration_difference","main_scaling","two_run_difference",6250,4,6.8621052631579,6.87210526315778,0.145970816345026,0.80174999999997,7.32074999999998,0.458644736842075,0.343105263157895,0.804999999999836,7.34749999999985,0.457026315789299,0.343605263157889,0,FALSE,FALSE,2.33164595796901,46.6329191593802,0,"4312;4316;4320;4324",1081,FALSE,0.370685687988961
"HPC","AD_Stan_WCP","NicoStan_BridgeStan",50000,4,96,24,4,20,"3f8ed78629bdab9b833b52bd1450ea30","NicoStan_BridgeStan_state_allocation_thread_setup_sampling_model_load_divergence_check","iteration_difference","main_scaling","two_run_difference",12500,4,11.7974999999999,12.1149999999999,1.42682339481804,1.27875000000001,12.4863749999999,0.688875000000014,0.589874999999996,1.29400000000001,12.7247499999999,0.688250000000018,0.605749999999993,0,FALSE,FALSE,2.03432930705659,40.6865861411319,0,"4325;4326;4327;4328",1082,FALSE,0.268489086670918
"HPC","AD_Stan_WCP","NicoStan_BridgeStan",50000,2,64,32,2,20,"3f8ed78629bdab9b833b52bd1450ea30","NicoStan_BridgeStan_state_allocation_thread_setup_sampling_model_load_divergence_check","iteration_difference","main_scaling","two_run_difference",25000,4,16.1349999999998,15.8949999999999,1.74746483035671,1.68475,17.0129999999998,0.878000000000011,0.80674999999999,1.679,16.7792499999999,0.884250000000009,0.794749999999993,0,FALSE,FALSE,1.98326619150917,39.6653238301833,0,"4329;4331;4333;4335",1083,FALSE,0.292454291912003
"HPC","AD_Stan_WCP","NicoStan_BridgeStan",50000,4,128,32,4,20,"3f8ed78629bdab9b833b52bd1450ea30","NicoStan_BridgeStan_state_allocation_thread_setup_sampling_model_load_divergence_check","iteration_difference","main_scaling","two_run_difference",12500,4,15.0350000000002,15.1900000000001,0.500699510684843,1.40874999999999,15.6920000000001,0.656999999999982,0.751750000000008,1.41849999999999,15.7835,0.655749999999983,0.759500000000003,0,FALSE,FALSE,2.1283671433322,42.567342866644,0,"4330;4332;4334;4336",1084,FALSE,0.309694047223135
"HPC","AD_Stan_WCP","NicoStan_BridgeStan",50000,4,180,45,4,20,"3f8ed78629bdab9b833b52bd1450ea30","NicoStan_BridgeStan_state_allocation_thread_setup_sampling_model_load_divergence_check","iteration_difference","main_scaling","two_run_difference",12500,4,21.5575000000001,20.8650000000003,1.61834019909277,2.00975,22.4893750000001,0.931874999999991,1.07787500000001,2.03749999999999,21.8827500000003,1.00524999999999,1.04325000000001,0,FALSE,FALSE,2.08744056592832,41.7488113185664,0,"4337;4338;4339;4340",1085,FALSE,0.29270555491119
"HPC","AD_Stan_WCP","NicoStan_BridgeStan",50000,2,96,48,2,20,"3f8ed78629bdab9b833b52bd1450ea30","NicoStan_BridgeStan_state_allocation_thread_setup_sampling_model_load_divergence_check","iteration_difference","main_scaling","two_run_difference",25000,4,23.605,23.6799999999997,2.12322867350646,2.38225000000001,24.807,1.20200000000001,1.18025,2.34300000000002,24.8264999999997,1.14850000000001,1.18399999999998,0,FALSE,FALSE,2.03346748570218,40.6693497140436,0,"4341;4342;4343;4344",1086,FALSE,0.284367718703683
"HPC","AD_Stan_WCP","NicoStan_BridgeStan",50000,2,128,64,2,20,"3f8ed78629bdab9b833b52bd1450ea30","NicoStan_BridgeStan_state_allocation_thread_setup_sampling_model_load_divergence_check","iteration_difference","main_scaling","two_run_difference",25000,4,28.31,28.8749999999999,4.40769781178335,3.3265,30.221,1.91099999999999,1.4155,3.29900000000001,30.7302499999999,1.85525000000001,1.44374999999999,0,FALSE,FALSE,2.26068527022253,45.2137054044507,0,"4345;4346;4347;4348",1087,FALSE,0.300688802543248
"HPC","AD_Stan_WCP","NicoStan_BridgeStan",50000,2,180,90,2,20,"3f8ed78629bdab9b833b52bd1450ea30","NicoStan_BridgeStan_state_allocation_thread_setup_sampling_model_load_divergence_check","iteration_difference","main_scaling","two_run_difference",25000,4,41.7825000000001,41.0900000000004,2.96531476687857,4.56349999999998,44.256875,2.47437499999997,2.089125,4.65099999999995,43.6865000000003,2.59649999999993,2.05450000000002,0,FALSE,FALSE,2.15401184706516,43.0802369413031,0,"4349;4350;4351;4352",1088,FALSE,0.271525160055034
"HPC","AD_Stan_WCP","NicoStan_BridgeStan",50000,16,64,4,16,20,"3f8ed78629bdab9b833b52bd1450ea30","NicoStan_BridgeStan_state_allocation_thread_setup_sampling_model_load_divergence_check","iteration_difference","main_scaling","two_run_difference",3125,4,2.05710526315778,2.04894736842083,0.278501961513811,0.465750000000071,2.41999999999996,0.362894736842182,0.102855263157889,0.46550000000002,2.41199999999981,0.362736842105386,0.102447368421041,0,FALSE,FALSE,1.9444799795319,38.889599590638,0,"4353;4355;4357;4359",1089,FALSE,0.465395931943246
"HPC","AD_Stan_WCP","NicoStan_BridgeStan",50000,24,96,4,24,20,"3f8ed78629bdab9b833b52bd1450ea30","NicoStan_BridgeStan_state_allocation_thread_setup_sampling_model_load_divergence_check","iteration_difference","main_scaling","two_run_difference",2084,4,1.7199999999999,1.70947368421055,0.122642496314104,0.435249999999996,2.0692499999999,0.349250000000002,0.0859999999999948,0.433500000000095,2.05449999999996,0.348605263157903,0.0854736842105276,0,FALSE,FALSE,2.32558139534898,46.5116279069796,0,"4354;4356;4358;4360",1090,FALSE,0.531364749082033
"HPC","AD_Stan_WCP","NicoStan_BridgeStan",50000,12,96,8,12,20,"3f8ed78629bdab9b833b52bd1450ea30","NicoStan_BridgeStan_state_allocation_thread_setup_sampling_model_load_divergence_check","iteration_difference","main_scaling","two_run_difference",4167,4,3.35289473684198,3.36999999999989,0.153646654868176,0.603749999999877,3.78899999999976,0.436105263157778,0.167644736842099,0.556999999999789,3.76999999999975,0.387894736841896,0.168499999999995,0,FALSE,FALSE,2.38599795934394,47.7199591868788,0,"4361;4364;4367;4370",1091,FALSE,0.432697590456036
"HPC","AD_Stan_WCP","NicoStan_BridgeStan",50000,16,128,8,16,20,"3f8ed78629bdab9b833b52bd1450ea30","NicoStan_BridgeStan_state_allocation_thread_setup_sampling_model_load_divergence_check","iteration_difference","main_scaling","two_run_difference",3125,4,3.27447368421058,3.24157894736824,0.0989151683331141,0.532249999999976,3.64300000000003,0.368526315789447,0.163723684210529,0.530500000000075,3.6099999999999,0.368421052631663,0.162078947368412,0,FALSE,FALSE,2.44314072169087,48.8628144338174,0,"4362;4365;4368;4371",1092,FALSE,0.449570039379567
"HPC","AD_Stan_WCP","NicoStan_BridgeStan",50000,22,176,8,22,20,"3f8ed78629bdab9b833b52bd1450ea30","NicoStan_BridgeStan_state_allocation_thread_setup_sampling_model_load_divergence_check","iteration_difference","main_scaling","two_run_difference",2273,4,3.24500000000015,3.12578947368437,0.273143020924957,0.556500000000028,3.63925000000017,0.394250000000021,0.162250000000008,0.536000000000058,3.55450000000019,0.367894736842369,0.156289473684219,0,FALSE,FALSE,2.46533127889048,49.3066255778097,0,"4363;4366;4369;4372",1093,FALSE,0.466628821668953
"HPC","AD_Stan_WCP","NicoStan_BridgeStan",50000,11,176,16,11,20,"3f8ed78629bdab9b833b52bd1450ea30","NicoStan_BridgeStan_state_allocation_thread_setup_sampling_model_load_divergence_check","iteration_difference","main_scaling","two_run_difference",4546,4,6.57552631578926,6.60157894736824,0.104210083288465,0.859250000000088,7.10599999999988,0.530473684210625,0.328776315789463,0.84050000000002,7.14149999999995,0.513026315789507,0.330078947368412,0,FALSE,FALSE,2.43326529795502,48.6653059591004,0,"4373;4374;4375;4376",1094,FALSE,0.378316724696845
"HPC","AD_Stan_WCP","NicoStan_BridgeStan",50000,32,128,4,32,20,"3f8ed78629bdab9b833b52bd1450ea30","NicoStan_BridgeStan_state_allocation_thread_setup_sampling_model_load_divergence_check","iteration_difference","main_scaling","two_run_difference",1563,4,1.82263157894723,1.7484210526314,0.179940484672037,0.438499999999976,2.16999999999985,0.347368421052615,0.0911315789473615,0.435999999999922,2.10199999999986,0.347868421052609,0.08742105263157,0,FALSE,FALSE,2.19462893445006,43.8925786890013,0,"4377;4379;4381;4383",1095,FALSE,0.50967369332955
"HPC","AD_Stan_WCP","NicoStan_BridgeStan",50000,44,176,4,44,20,"3f8ed78629bdab9b833b52bd1450ea30","NicoStan_BridgeStan_state_allocation_thread_setup_sampling_model_load_divergence_check","iteration_difference","main_scaling","two_run_difference",1137,4,1.65578947368407,1.65263157894706,0.185111580735173,0.443000000000097,2.01599999999996,0.360210526315894,0.0827894736842034,0.428000000000111,1.99449999999979,0.352710526315808,0.0826315789473531,0,FALSE,FALSE,2.4157660521299,48.3153210425979,0,"4378;4380;4382;4384",1096,FALSE,0.621265098537859
"HPC","MD_BayesMVP_WCP","BayesMVP_NicoStan",500,2,8,4,2,2000,"5fff1836d43ae39c037ca22d13a50ed5","state_allocation_thread_setup_sampling_divergence_check","iteration_difference","main_scaling","two_run_difference",NA,4,4.82716358179092,4.63481740870472,0.476958785232038,0.0044999999999531,4.82924999999997,0.00208641820905764,0.00241358179089546,0.00500000000000078,4.63650000000022,0.00247773886948984,0.00231740870435236,0,FALSE,FALSE,0.828643971190214,1657.28794238043,0,"5589;5596;5603;5610",1425,FALSE,0.978548111301078
"HPC","MD_BayesMVP_WCP","BayesMVP_NicoStan",500,2,16,8,2,2000,"5fff1836d43ae39c037ca22d13a50ed5","state_allocation_thread_setup_sampling_divergence_check","iteration_difference","main_scaling","two_run_difference",NA,4,4.68059029514725,4.66433216608264,0.0638461064299758,0.00750000000013262,4.68574999999981,0.005159704852559,0.00234029514757362,0.00799999999990497,4.66999999999996,0.0056678339173184,0.00233216608304132,0,FALSE,FALSE,1.70918612729131,3418.37225458261,0,"5590;5597;5604;5611",1426,TRUE,1
"HPC","MD_BayesMVP_WCP","BayesMVP_NicoStan",500,2,32,16,2,2000,"5fff1836d43ae39c037ca22d13a50ed5","state_allocation_thread_setup_sampling_divergence_check","iteration_difference","main_scaling","two_run_difference",NA,4,4.78964482241127,4.78539269634806,0.219071290296367,0.00950000000010931,4.79675000000017,0.00710517758890367,0.00239482241120564,0.00900000000000745,4.7930000000001,0.00663881940971218,0.00239269634817403,0,FALSE,FALSE,3.34053997597781,6681.07995195563,0,"5591;5598;5605;5612",1427,TRUE,1
"HPC","MD_BayesMVP_WCP","BayesMVP_NicoStan",500,2,64,32,2,2000,"5fff1836d43ae39c037ca22d13a50ed5","state_allocation_thread_setup_sampling_divergence_check","iteration_difference","main_scaling","two_run_difference",NA,4,5.42271135567784,5.2656328164082,0.414070136427427,0.0154999999999992,5.4355,0.0127886443221603,0.00271135567783892,0.0150000000000006,5.278,0.0123671835917965,0.0026328164082041,0,FALSE,FALSE,5.90110701107011,11802.2140221402,0,"5592;5599;5606;5613",1428,TRUE,1
"HPC","MD_BayesMVP_WCP","BayesMVP_NicoStan",500,2,96,48,2,2000,"5fff1836d43ae39c037ca22d13a50ed5","state_allocation_thread_setup_sampling_divergence_check","iteration_difference","main_scaling","two_run_difference",NA,4,6.85017508754378,6.847923961981,0.141261695248549,0.0212499999999962,6.868,0.0178249124562243,0.00342508754377189,0.0209999999999999,6.866,0.0176253126563218,0.0034239619809905,0,FALSE,FALSE,7.00712016650235,14014.2403330047,0,"5593;5600;5607;5614",1429,TRUE,1
"HPC","MD_BayesMVP_WCP","BayesMVP_NicoStan",500,2,128,64,2,2000,"5fff1836d43ae39c037ca22d13a50ed5","state_allocation_thread_setup_sampling_divergence_check","iteration_difference","main_scaling","two_run_difference",NA,4,8.11180590295148,8.12706353176588,0.0980911283653981,0.0257499999999986,8.1335,0.0216940970485229,0.00405590295147574,0.0259999999999962,8.1495,0.021925962981487,0.00406353176588294,0,FALSE,FALSE,7.88973512996824,15779.4702599365,0,"5594;5601;5608;5615",1430,FALSE,0.997718232555273
"HPC","MD_BayesMVP_WCP","BayesMVP_NicoStan",500,2,180,90,2,2000,"5fff1836d43ae39c037ca22d13a50ed5","state_allocation_thread_setup_sampling_divergence_check","iteration_difference","main_scaling","two_run_difference",NA,4,10.1138069034517,10.1650825412706,0.195322958678937,0.0502499999999984,10.159,0.0451930965482725,0.00505690345172586,0.0514999999999972,10.209,0.0464687343671808,0.00508254127063532,0,FALSE,FALSE,8.8987263509336,17797.4527018672,0,"5595;5602;5609;5616",1431,TRUE,1
"HPC","MD_BayesMVP_WCP","BayesMVP_NicoStan",500,4,8,4,2,2000,"5fff1836d43ae39c037ca22d13a50ed5","state_allocation_thread_setup_sampling_divergence_check","iteration_difference","main_scaling","two_run_difference",NA,4,4.72361180590284,4.67383691845885,0.177690224611554,0.00425000000000342,4.7254999999999,0.001888194097052,0.00236180590295142,0.00449999999995221,4.67599999999957,0.00216308154072278,0.00233691845922942,0,FALSE,FALSE,0.846809637278282,1693.61927455656,0,"5617;5630;5643;5656",1432,TRUE,1
"HPC","MD_BayesMVP_WCP","BayesMVP_NicoStan",500,4,16,4,4,2000,"5fff1836d43ae39c037ca22d13a50ed5","state_allocation_thread_setup_sampling_divergence_check","iteration_difference","main_scaling","two_run_difference",NA,4,4.07503751875897,4.11405702851425,0.200935391617397,0.00450000000023199,4.07749999999983,0.0024624812408525,0.00203751875937949,0.00450000000000195,4.1165,0.00244297148574482,0.00205702851425713,0,FALSE,FALSE,0.981586054505376,1963.17210901075,0,"5618;5631;5644;5657",1433,TRUE,1
"HPC","MD_BayesMVP_WCP","BayesMVP_NicoStan",500,4,16,8,2,2000,"5fff1836d43ae39c037ca22d13a50ed5","state_allocation_thread_setup_sampling_divergence_check","iteration_difference","main_scaling","two_run_difference",NA,4,4.74712356178052,4.6493246623309,0.237062089725287,0.00725000000031173,4.75199999999994,0.00487643821942147,0.00237356178089026,0.0070000000002608,4.6545000000001,0.00468259129590886,0.00232466233116545,0,FALSE,FALSE,1.68523104483916,3370.46208967833,0,"5619;5632;5645;5658",1434,FALSE,0.985984509194381
"HPC","MD_BayesMVP_WCP","BayesMVP_NicoStan",500,4,32,8,4,2000,"5fff1836d43ae39c037ca22d13a50ed5","state_allocation_thread_setup_sampling_divergence_check","iteration_difference","main_scaling","two_run_difference",NA,4,4.07328664332206,4.10255127563816,0.179714233710152,0.00749999999980311,4.07875000000021,0.00546335667814208,0.00203664332166103,0.0069999999996071,4.10900000000014,0.0050160080036087,0.00205127563781908,0,FALSE,FALSE,1.96401596561233,3928.03193122467,0,"5620;5633;5646;5659",1435,TRUE,1
"HPC","MD_BayesMVP_WCP","BayesMVP_NicoStan",500,4,32,16,2,2000,"5fff1836d43ae39c037ca22d13a50ed5","state_allocation_thread_setup_sampling_divergence_check","iteration_difference","main_scaling","two_run_difference",NA,4,4.93346673336678,4.88644322161117,0.211368553707308,0.00999999999993406,4.94100000000003,0.00753326663325067,0.00246673336668339,0.00950000000000983,4.89450000000022,0.00700975487744864,0.00244322161080558,0,FALSE,FALSE,3.24315554654222,6486.31109308444,0,"5621;5634;5647;5660",1436,FALSE,0.970847698235646
"HPC","MD_BayesMVP_WCP","BayesMVP_NicoStan",500,4,64,16,4,2000,"5fff1836d43ae39c037ca22d13a50ed5","state_allocation_thread_setup_sampling_divergence_check","iteration_difference","main_scaling","two_run_difference",NA,4,4.30165082541262,4.30265132566273,0.229337267868911,0.00950000000005957,4.30899999999997,0.00734917458735326,0.00215082541270631,0.00950000000000983,4.3094999999999,0.00731515757879928,0.00215132566283136,0,FALSE,FALSE,3.71950226770562,7439.00453541124,0,"5622;5635;5648;5661",1437,TRUE,1
"HPC","MD_BayesMVP_WCP","BayesMVP_NicoStan",500,4,96,24,4,2000,"5fff1836d43ae39c037ca22d13a50ed5","state_allocation_thread_setup_sampling_divergence_check","iteration_difference","main_scaling","two_run_difference",NA,4,5.58304152076039,5.46973486743371,0.318143741312449,0.0132499999999851,5.59349999999999,0.0104584792396049,0.00279152076038019,0.012999999999991,5.47999999999999,0.0102651325662742,0.00273486743371686,0,FALSE,FALSE,4.298732135657,8597.464271314,0,"5623;5636;5649;5662",1438,TRUE,1
"HPC","MD_BayesMVP_WCP","BayesMVP_NicoStan",500,4,64,32,2,2000,"5fff1836d43ae39c037ca22d13a50ed5","state_allocation_thread_setup_sampling_divergence_check","iteration_difference","main_scaling","two_run_difference",NA,4,5.46598299149576,5.41870935467734,0.197710216117476,0.0149999999999935,5.47825,0.0122670085042456,0.00273299149574788,0.0154999999999887,5.43049999999999,0.0127433716858317,0.00270935467733867,0,FALSE,FALSE,5.8543907015055,11708.781403011,0,"5624;5637;5650;5663",1439,FALSE,0.992083466800895
"HPC","MD_BayesMVP_WCP","BayesMVP_NicoStan",500,4,128,32,4,2000,"5fff1836d43ae39c037ca22d13a50ed5","state_allocation_thread_setup_sampling_divergence_check","iteration_difference","main_scaling","two_run_difference",NA,4,6.19884942471238,6.19759879939973,0.132147803650217,0.0147499999999994,6.21050000000002,0.0116505752876432,0.00309942471235619,0.0145000000000124,6.20950000000003,0.0113999499749857,0.00309879939969987,0,FALSE,FALSE,5.16224831537745,10324.4966307549,0,"5625;5638;5651;5664",1440,TRUE,1
"HPC","MD_BayesMVP_WCP","BayesMVP_NicoStan",500,4,180,45,4,2000,"5fff1836d43ae39c037ca22d13a50ed5","state_allocation_thread_setup_sampling_divergence_check","iteration_difference","main_scaling","two_run_difference",NA,4,7.92146073036517,7.92496248124058,0.0468529043480404,0.0310000000000059,7.9485,0.0270392696348233,0.00396073036518259,0.0310000000000201,7.95199999999998,0.0270375187593998,0.00396248124062029,0,FALSE,FALSE,5.6807704452163,11361.5408904326,0,"5626;5639;5652;5665",1441,TRUE,1
"HPC","MD_BayesMVP_WCP","BayesMVP_NicoStan",500,4,96,48,2,2000,"5fff1836d43ae39c037ca22d13a50ed5","state_allocation_thread_setup_sampling_divergence_check","iteration_difference","main_scaling","two_run_difference",NA,4,6.89644822411205,6.9104552276138,0.0695905283132697,0.0182500000000019,6.91125,0.0148017758879459,0.00344822411205602,0.0185000000000031,6.926,0.0150245122561311,0.0034552276138069,0,FALSE,FALSE,6.96010445379371,13920.2089075874,0,"5627;5640;5653;5666",1442,FALSE,0.99329029450167
"HPC","MD_BayesMVP_WCP","BayesMVP_NicoStan",500,4,128,64,2,2000,"5fff1836d43ae39c037ca22d13a50ed5","state_allocation_thread_setup_sampling_divergence_check","iteration_difference","main_scaling","two_run_difference",NA,4,8.09329664832418,8.09204602301151,0.130680232069448,0.0209999999999866,8.11025,0.0169533516758245,0.00404664832416209,0.0209999999999866,8.10899999999999,0.0169539769884808,0.00404602301150576,0,FALSE,FALSE,7.90777884229068,15815.5576845814,0,"5628;5641;5654;5667",1443,TRUE,1
"HPC","MD_BayesMVP_WCP","BayesMVP_NicoStan",500,4,180,90,2,2000,"5fff1836d43ae39c037ca22d13a50ed5","state_allocation_thread_setup_sampling_divergence_check","iteration_difference","main_scaling","two_run_difference",NA,4,10.7951475737869,10.8434217108554,0.111946917387708,0.0492500000000078,10.839,0.0438524262131143,0.00539757378689345,0.0444999999999993,10.8875,0.039129814907453,0.00542171085542771,0,FALSE,FALSE,8.33707917236266,16674.1583447253,0,"5629;5642;5655;5668",1444,FALSE,0.936884543200723
"HPC","MD_BayesMVP_WCP","BayesMVP_NicoStan",500,10,8,4,2,2000,"5fff1836d43ae39c037ca22d13a50ed5","state_allocation_thread_setup_sampling_divergence_check","iteration_difference","main_scaling","two_run_difference",NA,4,5.42746373186576,5.33566783391669,0.196273865978821,0.00424999999995102,5.42899999999978,0.00153626813401814,0.00271373186593288,0.0039999999999516,5.33699999999968,0.00133216608299325,0.00266783391695834,0,FALSE,FALSE,0.736992488133117,1473.98497626623,0,"5669;5686;5703;5720",1445,FALSE,0.870316604451826
"HPC","MD_BayesMVP_WCP","BayesMVP_NicoStan",500,10,16,4,4,2000,"5fff1836d43ae39c037ca22d13a50ed5","state_allocation_thread_setup_sampling_divergence_check","iteration_difference","main_scaling","two_run_difference",NA,4,4.5257628814407,4.50925462731365,0.0365741803676031,0.00475000000005465,4.52825000000004,0.0024871185593343,0.00226288144072035,0.00499999999995282,4.51150000000015,0.00272886443232527,0.00225462731365683,0,FALSE,FALSE,0.883828893555879,1767.65778711176,0,"5670;5687;5704;5721",1446,FALSE,0.900408975350859
"HPC","MD_BayesMVP_WCP","BayesMVP_NicoStan",500,10,32,4,8,2000,"5fff1836d43ae39c037ca22d13a50ed5","state_allocation_thread_setup_sampling_divergence_check","iteration_difference","main_scaling","two_run_difference",NA,4,4.27563781890931,4.27263631815894,0.0859984140065456,0.00475000000005465,4.27824999999991,0.0026121810906,0.00213781890945466,0.00499999999995282,4.27500000000002,0.00286068034012298,0.00213631815907947,0,FALSE,FALSE,0.935532935532966,1871.06587106593,0,"5671;5688;5705;5722",1447,FALSE,0.928278928278915
"HPC","MD_BayesMVP_WCP","BayesMVP_NicoStan",500,10,16,8,2,2000,"5fff1836d43ae39c037ca22d13a50ed5","state_allocation_thread_setup_sampling_divergence_check","iteration_difference","main_scaling","two_run_difference",NA,4,5.50225112556295,5.49024512256151,0.10987448620122,0.00899999999990442,5.50850000000008,0.00624887443712294,0.00275112556278148,0.0079999999999032,5.49750000000014,0.00526713356668647,0.00274512256128076,0,FALSE,FALSE,1.45395035912351,2907.90071824702,0,"5672;5689;5706;5723",1448,FALSE,0.85066824256742
"HPC","MD_BayesMVP_WCP","BayesMVP_NicoStan",500,10,32,8,4,2000,"5fff1836d43ae39c037ca22d13a50ed5","state_allocation_thread_setup_sampling_divergence_check","iteration_difference","main_scaling","two_run_difference",NA,4,4.71885942971495,4.65982991495748,0.157504925636502,0.00749999999985462,4.72399999999995,0.00514057028499715,0.00235942971485748,0.00749999999990791,4.665,0.00517008504252155,0.00232991495747874,0,FALSE,FALSE,1.69532492314213,3390.64984628425,0,"5673;5690;5707;5724",1449,FALSE,0.863193045690728
"HPC","MD_BayesMVP_WCP","BayesMVP_NicoStan",500,10,64,8,8,2000,"5fff1836d43ae39c037ca22d13a50ed5","state_allocation_thread_setup_sampling_divergence_check","iteration_difference","main_scaling","two_run_difference",NA,4,4.32316158079039,4.32616308154055,0.0965608011771177,0.00799999999995649,4.32899999999995,0.00583841920956129,0.0021615807903952,0.00750000000000028,4.33299999999989,0.00536043021491589,0.00216308154077027,0,FALSE,FALSE,1.85049757000694,3700.99514001389,0,"5674;5691;5708;5725",1450,FALSE,0.94729229345056
"HPC","MD_BayesMVP_WCP","BayesMVP_NicoStan",500,10,32,16,2,2000,"5fff1836d43ae39c037ca22d13a50ed5","state_allocation_thread_setup_sampling_divergence_check","iteration_difference","main_scaling","two_run_difference",NA,4,5.71685842921448,5.67983991995971,0.0875537763169166,0.0110000000001094,5.72499999999999,0.00814157078550212,0.00285842921460724,0.0110000000001094,5.68799999999984,0.00816008004012951,0.00283991995997985,0,FALSE,FALSE,2.79873993699691,5597.47987399382,0,"5675;5692;5709;5726",1451,FALSE,0.837810640532056
"HPC","MD_BayesMVP_WCP","BayesMVP_NicoStan",500,10,64,16,4,2000,"5fff1836d43ae39c037ca22d13a50ed5","state_allocation_thread_setup_sampling_divergence_check","iteration_difference","main_scaling","two_run_difference",NA,4,4.96848424212114,4.93246623311666,0.154299932546078,0.00999999999993406,4.97600000000002,0.00751575787887349,0.00248424212106057,0.00950000000000983,4.93900000000011,0.00698849424712629,0.00246623311655833,0,FALSE,FALSE,3.2202980265807,6440.59605316139,0,"5676;5693;5710;5727",1452,FALSE,0.865787354007218
"HPC","MD_BayesMVP_WCP","BayesMVP_NicoStan",500,10,96,16,6,2000,"5fff1836d43ae39c037ca22d13a50ed5","state_allocation_thread_setup_sampling_divergence_check","iteration_difference","main_scaling","two_run_difference",NA,4,5.52451225612814,5.42871435717881,0.258333704638304,0.0125000000000846,5.53425000000016,0.00973774387202049,0.00276225612806407,0.0124999999999531,5.43950000000018,0.00979964982486545,0.0027143571785894,0,FALSE,FALSE,2.89618327522974,5792.36655045947,0,"5677;5694;5711;5728",1453,FALSE,0.90709467107352
"HPC","MD_BayesMVP_WCP","BayesMVP_NicoStan",500,10,128,16,8,2000,"5fff1836d43ae39c037ca22d13a50ed5","state_allocation_thread_setup_sampling_divergence_check","iteration_difference","main_scaling","two_run_difference",NA,4,6.03551775887948,6.11005502751351,0.374030565447403,0.0144999999999591,6.047,0.0114822411205194,0.00301775887943974,0.0134999999999579,6.12249999999971,0.0105195097548352,0.00305502751375675,0,FALSE,FALSE,2.65097389142145,5301.9477828429,0,"5678;5695;5712;5729",1454,FALSE,0.927807708247001
"HPC","MD_BayesMVP_WCP","BayesMVP_NicoStan",500,10,96,24,4,2000,"5fff1836d43ae39c037ca22d13a50ed5","state_allocation_thread_setup_sampling_divergence_check","iteration_difference","main_scaling","two_run_difference",NA,4,6.24162081040523,6.2126063031516,0.140722414160468,0.0124999999999744,6.251,0.0093791895947718,0.00312081040520262,0.0124999999999602,6.221,0.00942896448220133,0.0031063031515758,0,FALSE,FALSE,3.84515508535704,7690.31017071408,0,"5679;5696;5713;5730",1455,FALSE,0.894485853971304
"HPC","MD_BayesMVP_WCP","BayesMVP_NicoStan",500,10,64,32,2,2000,"5fff1836d43ae39c037ca22d13a50ed5","state_allocation_thread_setup_sampling_divergence_check","iteration_difference","main_scaling","two_run_difference",NA,4,5.93371685842913,5.90995497748864,0.147345247160781,0.0152500000000515,5.94599999999997,0.0122831415708369,0.00296685842921457,0.0150000000000716,5.92199999999997,0.0120932966483674,0.00295497748874432,0,FALSE,FALSE,5.39290983433806,10785.8196686761,0,"5680;5697;5714;5731",1456,FALSE,0.913881043712865
"HPC","MD_BayesMVP_WCP","BayesMVP_NicoStan",500,10,128,32,4,2000,"5fff1836d43ae39c037ca22d13a50ed5","state_allocation_thread_setup_sampling_divergence_check","iteration_difference","main_scaling","two_run_difference",NA,4,6.98449224612304,6.96748374187093,0.169442330973856,0.0157500000000255,6.99675000000001,0.0122577538769639,0.00349224612306152,0.0155000000000598,6.97999999999999,0.0119992496248722,0.00348374187093547,0,FALSE,FALSE,4.5815785704054,9163.1571408108,0,"5681;5698;5715;5732",1457,FALSE,0.887516115169753
"HPC","MD_BayesMVP_WCP","BayesMVP_NicoStan",500,10,180,45,4,2000,"5fff1836d43ae39c037ca22d13a50ed5","state_allocation_thread_setup_sampling_divergence_check","iteration_difference","main_scaling","two_run_difference",NA,4,8.82341170585293,8.82441220610307,0.255799564227,0.0335000000000036,8.85250000000001,0.0290882941470772,0.00441170585292646,0.0319999999999823,8.84850000000003,0.0275077538769207,0.00441220610305154,0,FALSE,FALSE,5.10006803492459,10200.1360698492,0,"5682;5699;5716;5733",1458,FALSE,0.897777525796574
"HPC","MD_BayesMVP_WCP","BayesMVP_NicoStan",500,10,96,48,2,2000,"5fff1836d43ae39c037ca22d13a50ed5","state_allocation_thread_setup_sampling_divergence_check","iteration_difference","main_scaling","two_run_difference",NA,4,7.8151575787894,7.82491245622808,0.04897599461353,0.0189999999999912,7.83024999999999,0.0150924212105965,0.0039075787893947,0.018999999999977,7.83999999999997,0.0150972986493017,0.00391245622811404,0,FALSE,FALSE,6.14191070571291,12283.8214114258,0,"5683;5700;5717;5734",1459,FALSE,0.876524243879021
"HPC","MD_BayesMVP_WCP","BayesMVP_NicoStan",500,10,128,64,2,2000,"5fff1836d43ae39c037ca22d13a50ed5","state_allocation_thread_setup_sampling_divergence_check","iteration_difference","main_scaling","two_run_difference",NA,4,9.27313656828412,9.30115057528762,0.300981007572795,0.022500000000008,9.29099999999998,0.0178634317158659,0.00463656828414206,0.022500000000008,9.31949999999998,0.0179184592296228,0.00465057528764381,0,FALSE,FALSE,6.90165614716515,13803.3122943303,0,"5684;5701;5718;5735",1460,FALSE,0.872767977558401
"HPC","MD_BayesMVP_WCP","BayesMVP_NicoStan",500,10,180,90,2,2000,"5fff1836d43ae39c037ca22d13a50ed5","state_allocation_thread_setup_sampling_divergence_check","iteration_difference","main_scaling","two_run_difference",NA,4,11.9257128564283,11.9099549774888,0.320436531262193,0.043249999999972,11.963,0.0372871435717579,0.00596285642821413,0.0449999999999591,11.949,0.0390450225112147,0.0059549774887444,0,FALSE,FALSE,7.54671868118036,15093.4373623607,0,"5685;5702;5719;5736",1461,FALSE,0.848067283290334
"HPC","MD_BayesMVP_WCP","BayesMVP_NicoStan",2500,2,8,4,2,400,"229e14792b0f4550a6f1e0887b422826","state_allocation_thread_setup_sampling_divergence_check","iteration_difference","main_scaling","two_run_difference",NA,4,2.55714285714317,2.52431077694246,0.12565733888167,0.0119999999998086,2.56275000000013,0.00560714285695067,0.00639285714285794,0.0119999999998583,2.52949999999986,0.00548245614020788,0.00631077694235614,0,FALSE,FALSE,1.56424581005567,625.698324022269,0,"5737;5744;5751;5758",1462,FALSE,0.950994805449281
"HPC","MD_BayesMVP_WCP","BayesMVP_NicoStan",2500,2,16,8,2,400,"229e14792b0f4550a6f1e0887b422826","state_allocation_thread_setup_sampling_divergence_check","iteration_difference","main_scaling","two_run_difference",NA,4,2.57042606516312,2.56240601503778,0.046721524602564,0.02674999999984,2.59075000000006,0.0203239348369321,0.00642606516290781,0.0234999999997143,2.5869999999999,0.0171666666663805,0.00640601503759444,0,FALSE,FALSE,3.11232449297946,1244.92979719178,0,"5738;5745;5752;5759",1463,FALSE,0.966458658346214
"HPC","MD_BayesMVP_WCP","BayesMVP_NicoStan",2500,2,32,16,2,400,"229e14792b0f4550a6f1e0887b422826","state_allocation_thread_setup_sampling_divergence_check","iteration_difference","main_scaling","two_run_difference",NA,4,2.60827067669187,2.590977443609,0.106452681385128,0.0392499999999494,2.64100000000009,0.0327293233082197,0.00652067669172969,0.0330000000000297,2.61750000000001,0.0266917293232093,0.0064774436090225,0,FALSE,FALSE,6.1343326607088,2453.73306428352,0,"5739;5746;5753;5760",1464,FALSE,0.99202459882768
"HPC","MD_BayesMVP_WCP","BayesMVP_NicoStan",2500,2,64,32,2,400,"229e14792b0f4550a6f1e0887b422826","state_allocation_thread_setup_sampling_divergence_check","iteration_difference","main_scaling","two_run_difference",NA,4,2.79724310776944,2.8055137844612,0.0771012485341073,0.0487499999999841,2.839,0.0417568922305605,0.0069931077694236,0.0499999999999545,2.846,0.0429360902255753,0.007013784461153,0,FALSE,FALSE,11.4398351402204,4575.93405608814,0,"5740;5747;5754;5761",1465,FALSE,0.947406146402653
"HPC","MD_BayesMVP_WCP","BayesMVP_NicoStan",2500,2,96,48,2,400,"229e14792b0f4550a6f1e0887b422826","state_allocation_thread_setup_sampling_divergence_check","iteration_difference","main_scaling","two_run_difference",NA,4,4.11152882205516,4.11278195488724,0.0288049784143148,0.0582499999999584,4.15949999999998,0.0479711779448205,0.0102788220551379,0.0574999999999477,4.15899999999999,0.0472832080199978,0.0102819548872181,0,FALSE,FALSE,11.6744894849131,4669.79579396523,0,"5741;5748;5755;5762",1466,FALSE,0.938982017677539
"HPC","MD_BayesMVP_WCP","BayesMVP_NicoStan",2500,2,128,64,2,400,"229e14792b0f4550a6f1e0887b422826","state_allocation_thread_setup_sampling_divergence_check","iteration_difference","main_scaling","two_run_difference",NA,4,5.28020050125316,5.2877192982456,0.0504782893575308,0.0667499999999848,5.33375000000001,0.0535494987468519,0.0132005012531329,0.0665000000000191,5.3415,0.0533684210526508,0.013219298245614,0,FALSE,FALSE,12.1207518511486,4848.30074045944,0,"5742;5749;5756;5763",1467,FALSE,0.907774824378211
"HPC","MD_BayesMVP_WCP","BayesMVP_NicoStan",2500,2,180,90,2,400,"229e14792b0f4550a6f1e0887b422826","state_allocation_thread_setup_sampling_divergence_check","iteration_difference","main_scaling","two_run_difference",NA,4,6.81077694235588,6.79749373433586,0.0573995028089799,0.0992500000000405,6.89300000000003,0.0822230576441508,0.0170269423558897,0.103000000000009,6.88350000000003,0.086006265664169,0.0169937343358396,0,FALSE,FALSE,13.214351425943,5285.74057037719,0,"5743;5750;5757;5764",1468,FALSE,0.864986200551978
"HPC","MD_BayesMVP_WCP","BayesMVP_NicoStan",2500,4,8,4,2,400,"229e14792b0f4550a6f1e0887b422826","state_allocation_thread_setup_sampling_divergence_check","iteration_difference","main_scaling","two_run_difference",NA,4,2.43182957393489,2.43759398496254,0.0376207089642977,0.0115000000000336,2.43725000000009,0.00542042606519637,0.00607957393483723,0.0115000000000691,2.4445000000001,0.00546240601503566,0.00609398496240635,0,FALSE,FALSE,1.64485210759555,657.940843038221,0,"5765;5778;5791;5804",1469,TRUE,1
"HPC","MD_BayesMVP_WCP","BayesMVP_NicoStan",2500,4,16,4,4,400,"229e14792b0f4550a6f1e0887b422826","state_allocation_thread_setup_sampling_divergence_check","iteration_difference","main_scaling","two_run_difference",NA,4,1.72280701754355,1.72380952380909,0.0170622521790345,0.0102500000002621,1.72874999999995,0.00594298245640324,0.00430701754385886,0.0100000000002112,1.72999999999988,0.00570426065184073,0.00430952380952271,0,FALSE,FALSE,2.32179226069289,928.716904277155,0,"5766;5779;5792;5805",1470,TRUE,1
"HPC","MD_BayesMVP_WCP","BayesMVP_NicoStan",2500,4,16,8,2,400,"229e14792b0f4550a6f1e0887b422826","state_allocation_thread_setup_sampling_divergence_check","iteration_difference","main_scaling","two_run_difference",NA,4,2.51929824561427,2.51729323308309,0.0328234697620092,0.020999999999713,2.53399999999995,0.0147017543856773,0.00629824561403568,0.0194999999994252,2.53450000000015,0.0132117794480456,0.00629323308270774,0,FALSE,FALSE,3.17548746518076,1270.1949860723,0,"5767;5780;5793;5806",1471,FALSE,0.986072423398197
"HPC","MD_BayesMVP_WCP","BayesMVP_NicoStan",2500,4,32,8,4,400,"229e14792b0f4550a6f1e0887b422826","state_allocation_thread_setup_sampling_divergence_check","iteration_difference","main_scaling","two_run_difference",NA,4,1.7245614035088,1.74235588972419,0.0422115458533047,0.0200000000000884,1.74025000000012,0.0156885964913164,0.00431140350877201,0.0165000000001783,1.75450000000015,0.0122531328322583,0.00435588972431047,0,FALSE,FALSE,4.63886063072219,1855.54425228888,0,"5768;5781;5794;5807",1472,TRUE,1
"HPC","MD_BayesMVP_WCP","BayesMVP_NicoStan",2500,4,32,16,2,400,"229e14792b0f4550a6f1e0887b422826","state_allocation_thread_setup_sampling_divergence_check","iteration_difference","main_scaling","two_run_difference",NA,4,2.58746867167926,2.58796992481198,0.122045273635143,0.0272499999999667,2.60825000000003,0.0207813283207685,0.00646867167919815,0.0235000000000696,2.61350000000002,0.0170075187970622,0.00646992481202995,0,FALSE,FALSE,6.18364974815948,2473.45989926379,0,"5769;5782;5795;5808",1473,TRUE,1
"HPC","MD_BayesMVP_WCP","BayesMVP_NicoStan",2500,4,64,16,4,400,"229e14792b0f4550a6f1e0887b422826","state_allocation_thread_setup_sampling_divergence_check","iteration_difference","main_scaling","two_run_difference",NA,4,1.90075187969936,1.91528822055139,0.117599867666583,0.0332499999998959,1.92925000000001,0.0284981203006475,0.00475187969924841,0.0250000000001762,1.93550000000019,0.0202117794487977,0.00478822055137848,0,FALSE,FALSE,8.41772151898683,3367.08860759473,0,"5770;5783;5796;5809",1474,TRUE,1
"HPC","MD_BayesMVP_WCP","BayesMVP_NicoStan",2500,4,96,24,4,400,"229e14792b0f4550a6f1e0887b422826","state_allocation_thread_setup_sampling_divergence_check","iteration_difference","main_scaling","two_run_difference",NA,4,2.52030075187974,2.51779448621561,0.0230212927647369,0.0322499999999764,2.54625000000001,0.025949248120277,0.00630075187969934,0.0319999999999823,2.54500000000002,0.0257067669172754,0.00629448621553902,0,FALSE,FALSE,9.52267303102611,3809.06921241044,0,"5771;5784;5797;5810",1475,TRUE,1
"HPC","MD_BayesMVP_WCP","BayesMVP_NicoStan",2500,4,64,32,2,400,"229e14792b0f4550a6f1e0887b422826","state_allocation_thread_setup_sampling_divergence_check","iteration_difference","main_scaling","two_run_difference",NA,4,2.65012531328323,2.63859649122808,0.0590288084211146,0.0360000000000014,2.67950000000002,0.0293746867167933,0.00662531328320806,0.0360000000000014,2.66950000000003,0.0294699248120314,0.00659649122807019,0,FALSE,FALSE,12.0749006998297,4829.96027993188,0,"5772;5785;5798;5811",1476,TRUE,1
"HPC","MD_BayesMVP_WCP","BayesMVP_NicoStan",2500,4,128,32,4,400,"229e14792b0f4550a6f1e0887b422826","state_allocation_thread_setup_sampling_divergence_check","iteration_difference","main_scaling","two_run_difference",NA,4,2.89573934837089,2.87017543859643,0.0573535227685286,0.0380000000000109,2.92649999999998,0.0307606516290837,0.00723934837092723,0.0375000000000227,2.90049999999997,0.0303245614035317,0.00717543859649108,0,FALSE,FALSE,11.050718365934,4420.2873463736,0,"5773;5786;5799;5812",1477,TRUE,1
"HPC","MD_BayesMVP_WCP","BayesMVP_NicoStan",2500,4,180,45,4,400,"229e14792b0f4550a6f1e0887b422826","state_allocation_thread_setup_sampling_divergence_check","iteration_difference","main_scaling","two_run_difference",NA,4,3.82681704260649,3.81503759398496,0.0586637508975473,0.0805000000000007,3.89774999999997,0.0709329573934845,0.00956704260651622,0.0844999999999914,3.89249999999998,0.074963659147861,0.00953759398496239,0,FALSE,FALSE,11.7591197851858,4703.6479140743,0,"5774;5787;5800;5813",1478,TRUE,1
"HPC","MD_BayesMVP_WCP","BayesMVP_NicoStan",2500,4,96,48,2,400,"229e14792b0f4550a6f1e0887b422826","state_allocation_thread_setup_sampling_divergence_check","iteration_difference","main_scaling","two_run_difference",NA,4,3.86240601503761,3.85964912280698,0.0538646967938629,0.0422500000000241,3.89500000000004,0.0325939849624301,0.00965601503759402,0.0424999999999613,3.89350000000002,0.0327556390977055,0.00964912280701746,0,FALSE,FALSE,12.427486860035,4970.994744014,0,"5775;5788;5801;5814",1479,FALSE,0.999545778989037
"HPC","MD_BayesMVP_WCP","BayesMVP_NicoStan",2500,4,128,64,2,400,"229e14792b0f4550a6f1e0887b422826","state_allocation_thread_setup_sampling_divergence_check","iteration_difference","main_scaling","two_run_difference",NA,4,4.79323308270682,4.79197994987472,0.0351056166313906,0.0542499999999677,4.83550000000002,0.0422669172932007,0.0119830827067671,0.05499999999995,4.83350000000002,0.0429837092731897,0.0119799498746868,0,FALSE,FALSE,13.3521568627449,5340.86274509797,0,"5776;5789;5802;5815",1480,TRUE,1
"HPC","MD_BayesMVP_WCP","BayesMVP_NicoStan",2500,4,180,90,2,400,"229e14792b0f4550a6f1e0887b422826","state_allocation_thread_setup_sampling_divergence_check","iteration_difference","main_scaling","two_run_difference",NA,4,6.00651629072679,5.99448621553876,0.0303468653850494,0.0910000000000366,6.08250000000001,0.0759837092732196,0.015016290726817,0.0910000000000082,6.07099999999997,0.0760175438596573,0.0149862155388469,0,FALSE,FALSE,14.9837269465076,5993.49077860305,0,"5777;5790;5803;5816",1481,FALSE,0.980806142034552
"HPC","MD_BayesMVP_WCP","BayesMVP_NicoStan",2500,10,8,4,2,400,"229e14792b0f4550a6f1e0887b422826","state_allocation_thread_setup_sampling_divergence_check","iteration_difference","main_scaling","two_run_difference",NA,4,2.48521303258122,2.46867167919799,0.0564675985533469,0.0107500000000584,2.48974999999982,0.00453696741860539,0.00621303258145304,0.0110000000001094,2.47449999999999,0.00469047619058645,0.00617167919799497,0,FALSE,FALSE,1.60951996772908,643.80798709163,0,"5817;5834;5851;5868",1482,FALSE,0.978519564340575
"HPC","MD_BayesMVP_WCP","BayesMVP_NicoStan",2500,10,16,4,4,400,"229e14792b0f4550a6f1e0887b422826","state_allocation_thread_setup_sampling_divergence_check","iteration_difference","main_scaling","two_run_difference",NA,4,1.90501253132818,1.90476190476188,0.023487689894924,0.0117499999999353,1.91199999999979,0.00698746867161487,0.00476253132832045,0.0119999999997589,1.91299999999998,0.0072568922303356,0.00476190476190471,0,FALSE,FALSE,2.09972372056324,839.889488225296,0,"5818;5835;5852;5869",1483,FALSE,0.904354690172248
"HPC","MD_BayesMVP_WCP","BayesMVP_NicoStan",2500,10,32,4,8,400,"229e14792b0f4550a6f1e0887b422826","state_allocation_thread_setup_sampling_divergence_check","iteration_difference","main_scaling","two_run_difference",NA,4,1.63834586466172,1.62706766917318,0.0401367836923999,0.00899999999996481,1.64325000000003,0.00490413533831051,0.0040958646616543,0.00900000000001455,1.63250000000026,0.00497243107770822,0.00406766917293295,0,FALSE,FALSE,2.44148692060568,976.594768242274,0,"5819;5836;5853;5870",1484,FALSE,0.868288205598888
"HPC","MD_BayesMVP_WCP","BayesMVP_NicoStan",2500,10,16,8,2,400,"229e14792b0f4550a6f1e0887b422826","state_allocation_thread_setup_sampling_divergence_check","iteration_difference","main_scaling","two_run_difference",NA,4,2.48421052631569,2.47167919799498,0.0374298841155802,0.0175000000000125,2.49549999999991,0.0112894736842233,0.00621052631578923,0.0175000000000125,2.483,0.0113208020050251,0.00617919799498745,0,FALSE,FALSE,3.22033898305097,1288.13559322039,0,"5820;5837;5854;5871",1485,TRUE,1
"HPC","MD_BayesMVP_WCP","BayesMVP_NicoStan",2500,10,32,8,4,400,"229e14792b0f4550a6f1e0887b422826","state_allocation_thread_setup_sampling_divergence_check","iteration_difference","main_scaling","two_run_difference",NA,4,1.95187969924782,1.93784461152852,0.0405406063719884,0.0147500000001415,1.96174999999984,0.00987030075202194,0.00487969924811954,0.0140000000001663,1.94899999999981,0.00907142857159565,0.00484461152882129,0,FALSE,FALSE,4.09861325115626,1639.4453004625,0,"5821;5838;5855;5872",1486,FALSE,0.883538777606728
"HPC","MD_BayesMVP_WCP","BayesMVP_NicoStan",2500,10,64,8,8,400,"229e14792b0f4550a6f1e0887b422826","state_allocation_thread_setup_sampling_divergence_check","iteration_difference","main_scaling","two_run_difference",NA,4,1.78897243107772,1.8010025062656,0.0672028238839113,0.0167499999999592,1.80124999999998,0.0122775689222649,0.00447243107769429,0.013499999999965,1.81649999999989,0.0090576441102404,0.004502506265664,0,FALSE,FALSE,4.47184085177915,1788.73634071166,0,"5822;5839;5856;5873",1487,FALSE,0.930512748669298
"HPC","MD_BayesMVP_WCP","BayesMVP_NicoStan",2500,10,32,16,2,400,"229e14792b0f4550a6f1e0887b422826","state_allocation_thread_setup_sampling_divergence_check","iteration_difference","main_scaling","two_run_difference",NA,4,2.6112781954884,2.63458646616494,0.0803564690614936,0.0290000000002948,2.63374999999998,0.0224718045115738,0.00652819548872101,0.0300000000003138,2.65799999999984,0.0234135338349014,0.00658646616541236,0,FALSE,FALSE,6.12726749208252,2450.90699683301,0,"5823;5840;5857;5874",1488,FALSE,0.990882042422641
"HPC","MD_BayesMVP_WCP","BayesMVP_NicoStan",2500,10,64,16,4,400,"229e14792b0f4550a6f1e0887b422826","state_allocation_thread_setup_sampling_divergence_check","iteration_difference","main_scaling","two_run_difference",NA,4,2.05664160400985,2.06315789473664,0.0294504878629474,0.0220000000000127,2.07349999999984,0.016858395989988,0.00514160401002463,0.0215000000001169,2.0804999999997,0.0163746867169092,0.00515789473684159,0,FALSE,FALSE,7.77967340970088,3111.86936388035,0,"5824;5841;5858;5875",1489,FALSE,0.924201803558506
"HPC","MD_BayesMVP_WCP","BayesMVP_NicoStan",2500,10,96,16,6,400,"229e14792b0f4550a6f1e0887b422826","state_allocation_thread_setup_sampling_divergence_check","iteration_difference","main_scaling","two_run_difference",NA,4,2.24987468671669,2.25563909774398,0.105215010669881,0.0255000000000933,2.26974999999999,0.0198753132833016,0.00562468671679173,0.0229999999999677,2.27199999999984,0.0174711779448294,0.00563909774435994,0,FALSE,FALSE,7.11150718502872,2844.60287401149,0,"5825;5842;5859;5876",1490,FALSE,0.92491923805288
"HPC","MD_BayesMVP_WCP","BayesMVP_NicoStan",2500,10,128,16,8,400,"229e14792b0f4550a6f1e0887b422826","state_allocation_thread_setup_sampling_divergence_check","iteration_difference","main_scaling","two_run_difference",NA,4,2.41578947368413,2.41203007518768,0.0500207765411656,0.0315000000000936,2.44125000000002,0.0254605263158832,0.00603947368421034,0.0255000000001928,2.44099999999976,0.0195664160402935,0.00603007518796919,0,FALSE,FALSE,6.62309368191742,2649.23747276697,0,"5826;5843;5860;5877",1491,FALSE,0.953003423591751
"HPC","MD_BayesMVP_WCP","BayesMVP_NicoStan",2500,10,96,24,4,400,"229e14792b0f4550a6f1e0887b422826","state_allocation_thread_setup_sampling_divergence_check","iteration_difference","main_scaling","two_run_difference",NA,4,2.73233082706762,2.72932330827064,0.0669330924186571,0.0277499999999975,2.75324999999995,0.0209191729323284,0.00683082706766906,0.02800000000002,2.74949999999995,0.0212957393483911,0.00682330827067661,0,FALSE,FALSE,8.78370941111737,3513.48376444695,0,"5827;5844;5861;5878",1492,FALSE,0.922399559713844
"HPC","MD_BayesMVP_WCP","BayesMVP_NicoStan",2500,10,64,32,2,400,"229e14792b0f4550a6f1e0887b422826","state_allocation_thread_setup_sampling_divergence_check","iteration_difference","main_scaling","two_run_difference",NA,4,2.90125313283206,2.86165413533832,0.182835816370624,0.0320000000000107,2.92599999999999,0.0247468671679305,0.00725313283208014,0.0339999999999918,2.88849999999996,0.026845864661646,0.0071541353383458,0,FALSE,FALSE,11.0297166551487,4411.88666205947,0,"5828;5845;5862;5879",1493,FALSE,0.913441603317221
"HPC","MD_BayesMVP_WCP","BayesMVP_NicoStan",2500,10,128,32,4,400,"229e14792b0f4550a6f1e0887b422826","state_allocation_thread_setup_sampling_divergence_check","iteration_difference","main_scaling","two_run_difference",NA,4,3.10451127819547,3.09423558897243,0.0636433584112771,0.0292499999999905,3.12599999999998,0.0214887218045018,0.00776127819548869,0.0289999999999964,3.1155,0.0213583959899714,0.00773558897243108,0,FALSE,FALSE,10.3075805279729,4123.03221118917,0,"5829;5846;5863;5880",1494,FALSE,0.932752078792275
"HPC","MD_BayesMVP_WCP","BayesMVP_NicoStan",2500,10,180,45,4,400,"229e14792b0f4550a6f1e0887b422826","state_allocation_thread_setup_sampling_divergence_check","iteration_difference","main_scaling","two_run_difference",NA,4,3.96892230576441,3.93784461152876,0.0842582511858133,0.0679999999999836,4.02699999999999,0.0580776942355726,0.00992230576441104,0.0674999999999386,3.99649999999997,0.0574999999999384,0.00984461152882191,0,FALSE,FALSE,11.3380904268755,4535.23617075019,0,"5830;5847;5864;5881",1495,FALSE,0.964195503915123
"HPC","MD_BayesMVP_WCP","BayesMVP_NicoStan",2500,10,96,48,2,400,"229e14792b0f4550a6f1e0887b422826","state_allocation_thread_setup_sampling_divergence_check","iteration_difference","main_scaling","two_run_difference",NA,4,3.86065162907271,3.85914786967422,0.068645452919056,0.0379999999999825,3.88900000000001,0.0283483709273007,0.00965162907268177,0.0380000000000109,3.88600000000002,0.0282531328320911,0.00964786967418555,0,FALSE,FALSE,12.4331342508438,4973.25370033754,0,"5831;5848;5865;5882",1496,TRUE,1
"HPC","MD_BayesMVP_WCP","BayesMVP_NicoStan",2500,10,128,64,2,400,"229e14792b0f4550a6f1e0887b422826","state_allocation_thread_setup_sampling_divergence_check","iteration_difference","main_scaling","two_run_difference",NA,4,4.83934837092723,4.82255639097738,0.108318238880255,0.0452500000000384,4.87249999999995,0.0331516290727204,0.0120983709273181,0.0450000000000159,4.85649999999993,0.0328145363408681,0.0120563909774434,0,FALSE,FALSE,13.2249210212857,5289.96840851427,0,"5832;5849;5866;5883",1497,FALSE,0.990470764928303
"HPC","MD_BayesMVP_WCP","BayesMVP_NicoStan",2500,10,180,90,2,400,"229e14792b0f4550a6f1e0887b422826","state_allocation_thread_setup_sampling_divergence_check","iteration_difference","main_scaling","two_run_difference",NA,4,5.89122807017543,5.87919799498749,0.0646623017459602,0.0695000000000334,5.94600000000003,0.0547719298245948,0.0147280701754386,0.0730000000000359,5.94000000000005,0.0584010025063016,0.0146979949874687,0,FALSE,FALSE,15.276950565813,6110.7802263252,0,"5833;5850;5867;5884",1498,TRUE,1
"HPC","MD_BayesMVP_WCP","BayesMVP_NicoStan",2500,25,8,4,2,400,"229e14792b0f4550a6f1e0887b422826","state_allocation_thread_setup_sampling_divergence_check","iteration_difference","main_scaling","two_run_difference",NA,4,2.73157894736832,2.70476190476171,0.0775561334932931,0.00925000000000153,2.7339999999999,0.00242105263158073,0.0068289473684208,0.00949999999998852,2.70699999999971,0.00255263157893584,0.00676190476190428,0,FALSE,FALSE,1.4643545279384,585.741811175359,0,"5885;5902;5919;5936",1499,FALSE,0.890265161941515
"HPC","MD_BayesMVP_WCP","BayesMVP_NicoStan",2500,25,16,4,4,400,"229e14792b0f4550a6f1e0887b422826","state_allocation_thread_setup_sampling_divergence_check","iteration_difference","main_scaling","two_run_difference",NA,4,1.91904761904767,1.92431077694236,0.0185102043089825,0.0107500000001579,1.92500000000021,0.00595238095253873,0.00479761904761918,0.0105000000003201,1.93049999999999,0.00571804511298826,0.00481077694235589,0,FALSE,FALSE,2.08436724565751,833.746898263004,0,"5886;5903;5920;5937",1500,FALSE,0.897740629489168
"HPC","MD_BayesMVP_WCP","BayesMVP_NicoStan",2500,25,32,4,8,400,"229e14792b0f4550a6f1e0887b422826","state_allocation_thread_setup_sampling_divergence_check","iteration_difference","main_scaling","two_run_difference",NA,4,1.57994987468654,1.56892230576447,0.0396550051767798,0.00900000000029166,1.58500000000011,0.00505012531357532,0.00394987468671635,0.00850000000036744,1.57450000000027,0.00462406015038815,0.00392230576441116,0,FALSE,FALSE,2.53172588832516,1012.69035533006,0,"5887;5904;5921;5938",1501,FALSE,0.900380710660025
"HPC","MD_BayesMVP_WCP","BayesMVP_NicoStan",2500,25,16,8,2,400,"229e14792b0f4550a6f1e0887b422826","state_allocation_thread_setup_sampling_divergence_check","iteration_difference","main_scaling","two_run_difference",NA,4,2.83709273182944,2.75789473684185,0.193056436470138,0.0217500000000683,2.85174999999994,0.0146572681704947,0.00709273182957361,0.021000000000214,2.77399999999989,0.0135977443611173,0.00689473684210463,0,FALSE,FALSE,2.81978798586585,1127.91519434634,0,"5888;5905;5922;5939",1502,FALSE,0.875618374558309
"HPC","MD_BayesMVP_WCP","BayesMVP_NicoStan",2500,25,32,8,4,400,"229e14792b0f4550a6f1e0887b422826","state_allocation_thread_setup_sampling_divergence_check","iteration_difference","main_scaling","two_run_difference",NA,4,2.0348370927318,2.00651629072638,0.0979395262550886,0.0124999999999531,2.04224999999992,0.0074129072681236,0.0050870927318295,0.0125000000002018,2.01199999999977,0.00731829573955121,0.00501629072681596,0,FALSE,FALSE,3.93151865993354,1572.60746397342,0,"5889;5906;5923;5940",1503,FALSE,0.847518167262006
"HPC","MD_BayesMVP_WCP","BayesMVP_NicoStan",2500,25,64,8,8,400,"229e14792b0f4550a6f1e0887b422826","state_allocation_thread_setup_sampling_divergence_check","iteration_difference","main_scaling","two_run_difference",NA,4,1.69122807017549,1.69473684210526,0.0279625577567129,0.0127500000000822,1.69975000000013,0.00852192982464348,0.00422807017543872,0.0125000000003155,1.70399999999999,0.00830827067700768,0.00423684210526316,0,FALSE,FALSE,4.7302904564314,1892.11618257256,0,"5890;5907;5924;5941",1504,FALSE,0.98429164196819
"HPC","MD_BayesMVP_WCP","BayesMVP_NicoStan",2500,25,32,16,2,400,"229e14792b0f4550a6f1e0887b422826","state_allocation_thread_setup_sampling_divergence_check","iteration_difference","main_scaling","two_run_difference",NA,4,3.05989974937356,3.06967418546367,0.185528449474454,0.0277499999999407,3.08000000000007,0.0201002506265067,0.00764974937343391,0.0279999999999205,3.08949999999997,0.0203746867167119,0.00767418546365918,0,FALSE,FALSE,5.22892947825353,2091.57179130141,0,"5891;5908;5925;5942",1505,FALSE,0.845605700712573
"HPC","MD_BayesMVP_WCP","BayesMVP_NicoStan",2500,25,64,16,4,400,"229e14792b0f4550a6f1e0887b422826","state_allocation_thread_setup_sampling_divergence_check","iteration_difference","main_scaling","two_run_difference",NA,4,2.22982456140365,2.21152882205534,0.0820071163784344,0.0179999999998373,2.24224999999998,0.0124254385963281,0.00557456140350912,0.0174999999999983,2.22350000000012,0.0119711779447747,0.00552882205513835,0,FALSE,FALSE,7.17545239968484,2870.18095987393,0,"5892;5909;5926;5943",1506,FALSE,0.852422164774641
"HPC","MD_BayesMVP_WCP","BayesMVP_NicoStan",2500,25,96,16,6,400,"229e14792b0f4550a6f1e0887b422826","state_allocation_thread_setup_sampling_divergence_check","iteration_difference","main_scaling","two_run_difference",NA,4,2.32606516290714,2.31478696741829,0.0962767093221918,0.0180000000000859,2.33824999999996,0.0121848370928181,0.00581516290726785,0.0165000000001783,2.32549999999992,0.0107130325816325,0.00578696741854572,0,FALSE,FALSE,6.8785691197073,2751.42764788292,0,"5893;5910;5927;5944",1507,FALSE,0.894623424200064
"HPC","MD_BayesMVP_WCP","BayesMVP_NicoStan",2500,25,128,16,8,400,"229e14792b0f4550a6f1e0887b422826","state_allocation_thread_setup_sampling_divergence_check","iteration_difference","main_scaling","two_run_difference",NA,4,2.39523809523796,2.39999999999981,0.0997325796202582,0.022000000000169,2.41125000000004,0.0160119047620741,0.00598809523809491,0.0215000000002163,2.41700000000003,0.0154749373435752,0.00599999999999951,0,FALSE,FALSE,6.67992047713754,2671.96819085502,0,"5894;5911;5928;5945",1508,FALSE,0.961180286700963
"HPC","MD_BayesMVP_WCP","BayesMVP_NicoStan",2500,25,96,24,4,400,"229e14792b0f4550a6f1e0887b422826","state_allocation_thread_setup_sampling_divergence_check","iteration_difference","main_scaling","two_run_difference",NA,4,2.83258145363406,2.83508771929816,0.108135997178076,0.0237500000000068,2.84924999999998,0.0166685463659217,0.00708145363408515,0.0239999999999441,2.85149999999999,0.0169248120300192,0.00708771929824541,0,FALSE,FALSE,8.47283666607687,3389.13466643075,0,"5895;5912;5929;5946",1509,FALSE,0.889754025836156
"HPC","MD_BayesMVP_WCP","BayesMVP_NicoStan",2500,25,64,32,2,400,"229e14792b0f4550a6f1e0887b422826","state_allocation_thread_setup_sampling_divergence_check","iteration_difference","main_scaling","two_run_difference",NA,4,3.04060150375941,3.01102756892234,0.0930154393217843,0.0287500000000023,3.06175000000002,0.0211484962406037,0.00760150375939853,0.0285000000000082,3.02950000000004,0.0208082706766999,0.00752756892230584,0,FALSE,FALSE,10.5242334322452,4209.6933728981,0,"5896;5913;5930;5947",1510,FALSE,0.87157929442796
"HPC","MD_BayesMVP_WCP","BayesMVP_NicoStan",2500,25,128,32,4,400,"229e14792b0f4550a6f1e0887b422826","state_allocation_thread_setup_sampling_divergence_check","iteration_difference","main_scaling","two_run_difference",NA,4,3.16992481203005,3.14385964912277,0.120378699336721,0.0252499999999998,3.18724999999998,0.0173251879699246,0.00792481203007513,0.0250000000000341,3.16399999999999,0.0170075187970267,0.00785964912280693,0,FALSE,FALSE,10.0948766603416,4037.95066413665,0,"5897;5914;5931;5948",1511,FALSE,0.913504111321944
"HPC","MD_BayesMVP_WCP","BayesMVP_NicoStan",2500,25,180,45,4,400,"229e14792b0f4550a6f1e0887b422826","state_allocation_thread_setup_sampling_divergence_check","iteration_difference","main_scaling","two_run_difference",NA,4,4.05363408521306,4.06416040100248,0.0797207875351124,0.055499999999995,4.09900000000002,0.0453659147869624,0.0101340852130326,0.0529999999999973,4.10449999999997,0.0427067669172904,0.0101604010025062,0,FALSE,FALSE,11.1011499938172,4440.45999752687,0,"5898;5915;5932;5949",1512,FALSE,0.944045999752677
"HPC","MD_BayesMVP_WCP","BayesMVP_NicoStan",2500,25,96,48,2,400,"229e14792b0f4550a6f1e0887b422826","state_allocation_thread_setup_sampling_divergence_check","iteration_difference","main_scaling","two_run_difference",NA,4,4.23233082706757,4.22706766917281,0.0658628305670812,0.0370000000000346,4.25874999999994,0.0264191729323656,0.0105808270676689,0.0370000000000346,4.25499999999994,0.0264360902255987,0.010567669172932,0,FALSE,FALSE,11.341268431338,4536.50737253519,0,"5899;5916;5933;5950",1513,FALSE,0.912180967608247
"HPC","MD_BayesMVP_WCP","BayesMVP_NicoStan",2500,25,128,64,2,400,"229e14792b0f4550a6f1e0887b422826","state_allocation_thread_setup_sampling_divergence_check","iteration_difference","main_scaling","two_run_difference",NA,4,5.16641604010029,5.19649122807021,0.084767620613639,0.0424999999999613,5.196,0.0295839598997106,0.0129160401002507,0.0419999999999732,5.22649999999999,0.0292180451126981,0.0129912280701755,0,FALSE,FALSE,12.3876976811875,4955.07907247498,0,"5900;5917;5934;5951",1514,FALSE,0.927767536625599
"HPC","MD_BayesMVP_WCP","BayesMVP_NicoStan",2500,25,180,90,2,400,"229e14792b0f4550a6f1e0887b422826","state_allocation_thread_setup_sampling_divergence_check","iteration_difference","main_scaling","two_run_difference",NA,4,6.6498746867168,6.64761904761908,0.0138034349555901,0.0777500000000089,6.71100000000001,0.0611253132832169,0.016624686716792,0.0819999999999936,6.70950000000005,0.0653809523809459,0.0166190476190477,0,FALSE,FALSE,13.5340896242415,5413.6358496966,0,"5901;5918;5935;5952",1515,FALSE,0.885915652206684
"HPC","MD_BayesMVP_WCP","BayesMVP_NicoStan",10000,4,8,4,2,200,"b97502ef4c1796520d0acd01a82ea24d","state_allocation_thread_setup_sampling_divergence_check","iteration_difference","main_scaling","two_run_difference",NA,4,4.48165829145743,4.47989949748773,0.039400531409636,0.0414999999997434,4.50074999999989,0.0190917085424562,0.0224082914572872,0.0379999999995704,4.49549999999986,0.0156005025121317,0.0223994974874387,0,FALSE,FALSE,0.892526770196753,178.505354039351,0,"5953;5966;5979;5992",1516,FALSE,0.905477378482933
"HPC","MD_BayesMVP_WCP","BayesMVP_NicoStan",10000,4,16,4,4,200,"b97502ef4c1796520d0acd01a82ea24d","state_allocation_thread_setup_sampling_divergence_check","iteration_difference","main_scaling","two_run_difference",NA,4,2.81582914572864,2.8361809045227,0.0742693621201063,0.0437500000000313,2.84550000000003,0.0296708542713881,0.0140791457286432,0.0405000000000655,2.85650000000001,0.0265577889447892,0.0141809045226135,0,FALSE,FALSE,1.42054073347015,284.108146694031,0,"5954;5967;5980;5993",1517,FALSE,0.959400374765727
"HPC","MD_BayesMVP_WCP","BayesMVP_NicoStan",10000,4,16,8,2,200,"b97502ef4c1796520d0acd01a82ea24d","state_allocation_thread_setup_sampling_divergence_check","iteration_difference","main_scaling","two_run_difference",NA,4,4.60226130653303,4.58341708542766,0.214486545035375,0.0679999999998273,4.64725000000019,0.0449886934671622,0.0230113065326651,0.0659999999997041,4.62650000000022,0.0430829145725658,0.0229170854271383,0,FALSE,FALSE,1.73827591854548,347.655183709095,0,"5955;5968;5981;5994",1518,FALSE,0.867936889228539
"HPC","MD_BayesMVP_WCP","BayesMVP_NicoStan",10000,4,32,8,4,200,"b97502ef4c1796520d0acd01a82ea24d","state_allocation_thread_setup_sampling_divergence_check","iteration_difference","main_scaling","two_run_difference",NA,4,2.89798994974873,2.8944723618092,0.0903013816997657,0.0670000000002773,2.95050000000027,0.0525100502515336,0.0144899497487437,0.0540000000005421,2.94950000000026,0.039889447236723,0.014472361809046,0,FALSE,FALSE,2.76053407317497,552.106814634994,0,"5956;5969;5982;5995",1519,FALSE,0.974596844113128
"HPC","MD_BayesMVP_WCP","BayesMVP_NicoStan",10000,4,32,16,2,200,"b97502ef4c1796520d0acd01a82ea24d","state_allocation_thread_setup_sampling_divergence_check","iteration_difference","main_scaling","two_run_difference",NA,4,4.76934673366841,4.77286432160833,0.264590242509138,0.0797499999999332,4.82525,0.0559032663315911,0.0238467336683421,0.0729999999998654,4.8155,0.050293969849111,0.0238643216080417,0,FALSE,FALSE,3.35475713834154,670.951427668307,0,"5957;5970;5983;5996",1520,FALSE,0.894531661574106
"HPC","MD_BayesMVP_WCP","BayesMVP_NicoStan",10000,4,64,16,4,200,"b97502ef4c1796520d0acd01a82ea24d","state_allocation_thread_setup_sampling_divergence_check","iteration_difference","main_scaling","two_run_difference",NA,4,3.28140703517579,3.29195979899483,0.0909459817881912,0.0872500000002177,3.35225000000013,0.0708429648243387,0.0164070351758789,0.0770000000002682,3.35250000000012,0.0605402010052941,0.0164597989949741,0,FALSE,FALSE,4.87595712098023,975.191424196046,0,"5958;5971;5984;5997",1521,FALSE,0.905053598774897
"HPC","MD_BayesMVP_WCP","BayesMVP_NicoStan",10000,4,96,24,4,200,"b97502ef4c1796520d0acd01a82ea24d","state_allocation_thread_setup_sampling_divergence_check","iteration_difference","main_scaling","two_run_difference",NA,4,5.52653061224518,5.46122448979624,0.186687291853612,0.0832499999999357,5.58214795918389,0.0556173469387097,0.0276326530612259,0.0814999999998918,5.51585714285729,0.0536938775509224,0.0273061224489812,0,FALSE,FALSE,4.34268833087127,868.537666174253,0,"5959;5972;5985;5998",1522,FALSE,0.731640630828152
"HPC","MD_BayesMVP_WCP","BayesMVP_NicoStan",10000,4,64,32,2,200,"b97502ef4c1796520d0acd01a82ea24d","state_allocation_thread_setup_sampling_divergence_check","iteration_difference","main_scaling","two_run_difference",NA,4,6.23030303030281,6.07979797979799,0.787168807277061,0.0872500000000684,6.28640151515136,0.0560984848485544,0.031151515151514,0.0875000000000341,6.13689898989903,0.0557929292929731,0.0303989898989899,0,FALSE,FALSE,5.1361867704282,1027.23735408564,0,"5960;5973;5986;5999",1523,FALSE,0.77594033722444
"HPC","MD_BayesMVP_WCP","BayesMVP_NicoStan",10000,4,128,32,4,200,"b97502ef4c1796520d0acd01a82ea24d","state_allocation_thread_setup_sampling_divergence_check","iteration_difference","main_scaling","two_run_difference",NA,4,8.05918367346883,8.04693877550971,0.173441374288544,0.105750000000057,8.12463775510155,0.0654540816327131,0.0402959183673442,0.104000000000042,8.11470408163222,0.0643673469388195,0.0402346938775485,0,FALSE,FALSE,3.97062547480402,794.125094960804,0,"5961;5974;5987;6000",1524,FALSE,0.57416146780547
"HPC","MD_BayesMVP_WCP","BayesMVP_NicoStan",10000,4,180,45,4,200,"b97502ef4c1796520d0acd01a82ea24d","state_allocation_thread_setup_sampling_divergence_check","iteration_difference","main_scaling","two_run_difference",NA,4,12.7367346938775,12.7551020408163,0.0788998349243018,0.217750000000024,12.8908010204082,0.154066326530636,0.0636836734693876,0.230500000000006,12.9075408163267,0.166724489795925,0.0637755102040816,0,FALSE,FALSE,3.53308764621055,706.61752924211,0,"5962;5975;5988;6001",1525,FALSE,0.459935842967407
"HPC","MD_BayesMVP_WCP","BayesMVP_NicoStan",10000,4,96,48,2,200,"b97502ef4c1796520d0acd01a82ea24d","state_allocation_thread_setup_sampling_divergence_check","iteration_difference","main_scaling","two_run_difference",NA,4,9.68282828282841,9.6737373737376,0.166304064287176,0.105750000000057,9.74016414141433,0.0573358585859152,0.0484141414141421,0.107500000000073,9.72886868686897,0.0584545454546181,0.048368686868688,0,FALSE,FALSE,4.95722929271848,991.445858543697,0,"5963;5976;5989;6002",1526,FALSE,0.701074483621941
"HPC","MD_BayesMVP_WCP","BayesMVP_NicoStan",10000,4,128,64,2,200,"b97502ef4c1796520d0acd01a82ea24d","state_allocation_thread_setup_sampling_divergence_check","iteration_difference","main_scaling","two_run_difference",NA,4,14.1106060606061,14.0696969696971,0.422360343428638,0.183999999999969,14.224053030303,0.113446969696939,0.0705530303030305,0.184499999999957,14.1663484848486,0.114590909090866,0.0703484848484853,0,FALSE,FALSE,4.53559540427358,907.119080854717,0,"5964;5977;5990;6003",1527,FALSE,0.588746912917428
"HPC","MD_BayesMVP_WCP","BayesMVP_NicoStan",10000,4,180,90,2,200,"b97502ef4c1796520d0acd01a82ea24d","state_allocation_thread_setup_sampling_divergence_check","iteration_difference","main_scaling","two_run_difference",NA,4,23.9858585858583,23.9303030303028,0.163582316385313,0.291250000000048,24.1571792929291,0.171320707070756,0.119929292929292,0.273000000000025,24.1251515151514,0.15255555555558,0.119651515151514,0,FALSE,FALSE,3.75221089867771,750.442179735542,0,"5965;5978;5991;6004",1528,FALSE,0.437231533732004
"HPC","MD_BayesMVP_WCP","BayesMVP_NicoStan",10000,10,8,4,2,200,"b97502ef4c1796520d0acd01a82ea24d","state_allocation_thread_setup_sampling_divergence_check","iteration_difference","main_scaling","two_run_difference",NA,4,4.05804020100518,4.0874371859301,0.0994632193159779,0.0295000000000059,4.06725000000016,0.00920979899497997,0.0202902010050259,0.0289999999999964,4.09750000000022,0.00903768844220586,0.0204371859296505,0,FALSE,FALSE,0.985697480032159,197.139496006432,0,"6005;6022;6039;6056",1529,TRUE,1
"HPC","MD_BayesMVP_WCP","BayesMVP_NicoStan",10000,10,16,4,4,200,"b97502ef4c1796520d0acd01a82ea24d","state_allocation_thread_setup_sampling_divergence_check","iteration_difference","main_scaling","two_run_difference",NA,4,2.80728643216065,2.80703517587902,0.0190932732573569,0.0347500000000807,2.82799999999992,0.0207135678392774,0.0140364321608032,0.0340000000001766,2.8269999999998,0.0199648241207815,0.0140351758793951,0,FALSE,FALSE,1.424863510248,284.9727020496,0,"6006;6023;6040;6057",1530,FALSE,0.962319878278
"HPC","MD_BayesMVP_WCP","BayesMVP_NicoStan",10000,10,32,4,8,200,"b97502ef4c1796520d0acd01a82ea24d","state_allocation_thread_setup_sampling_divergence_check","iteration_difference","main_scaling","two_run_difference",NA,4,2.24597989949754,2.19246231155782,0.109412037721999,0.0327499999999219,2.26749999999998,0.0215201005024342,0.0112298994974877,0.0345000000000368,2.21600000000007,0.0235376884422477,0.0109623115577891,0,FALSE,FALSE,1.78095983890811,356.191967781622,0,"6007;6024;6041;6058",1531,FALSE,0.820561584069689
"HPC","MD_BayesMVP_WCP","BayesMVP_NicoStan",10000,10,16,8,2,200,"b97502ef4c1796520d0acd01a82ea24d","state_allocation_thread_setup_sampling_divergence_check","iteration_difference","main_scaling","two_run_difference",NA,4,3.99447236180915,3.96381909547758,0.0877139960749082,0.0515000000000256,4.02600000000013,0.0315276381909799,0.0199723618090458,0.0515000000000327,3.99300000000024,0.0318316582914889,0.0198190954773879,0,FALSE,FALSE,2.00276764372872,400.553528745744,0,"6008;6025;6042;6059",1532,TRUE,1
"HPC","MD_BayesMVP_WCP","BayesMVP_NicoStan",10000,10,32,8,4,200,"b97502ef4c1796520d0acd01a82ea24d","state_allocation_thread_setup_sampling_divergence_check","iteration_difference","main_scaling","two_run_difference",NA,4,2.93266331658274,2.92613065326635,0.0738402841674558,0.0462500000000077,2.96424999999983,0.031586683417094,0.0146633165829137,0.0460000000001344,2.95700000000001,0.0311884422111913,0.0146306532663317,0,FALSE,FALSE,2.72789581905431,545.579163810863,0,"6009;6026;6043;6060",1533,FALSE,0.963074023303758
"HPC","MD_BayesMVP_WCP","BayesMVP_NicoStan",10000,10,64,8,8,200,"b97502ef4c1796520d0acd01a82ea24d","state_allocation_thread_setup_sampling_divergence_check","iteration_difference","main_scaling","two_run_difference",NA,4,2.26130653266337,2.25276381909557,0.0582741266907516,0.0457499999999555,2.29575000000001,0.0344434673366387,0.0113065326633168,0.045499999999933,2.28800000000001,0.0341155778893802,0.0112638190954778,0,FALSE,FALSE,3.5377777777777,707.55555555554,0,"6010;6027;6044;6061",1534,FALSE,0.92411111111099
"HPC","MD_BayesMVP_WCP","BayesMVP_NicoStan",10000,10,32,16,2,200,"b97502ef4c1796520d0acd01a82ea24d","state_allocation_thread_setup_sampling_divergence_check","iteration_difference","main_scaling","two_run_difference",NA,4,4.26633165829144,4.17989949748746,0.283690187626983,0.0615000000001729,4.30650000000016,0.0401683417087157,0.0213316582914572,0.062500000000199,4.22150000000022,0.0407185929650254,0.0208994974874373,0,FALSE,FALSE,3.7502944640754,750.05889281508,0,"6011;6028;6045;6062",1535,TRUE,1
"HPC","MD_BayesMVP_WCP","BayesMVP_NicoStan",10000,10,64,16,4,200,"b97502ef4c1796520d0acd01a82ea24d","state_allocation_thread_setup_sampling_divergence_check","iteration_difference","main_scaling","two_run_difference",NA,4,3.14095477386962,3.11959798994989,0.0750629980441576,0.0602499999998258,3.1855000000001,0.0445452261304777,0.0157047738693481,0.0584999999997535,3.16600000000004,0.042962311557426,0.0155979899497495,0,FALSE,FALSE,5.09399248060111,1018.79849612022,0,"6012;6029;6046;6063",1536,FALSE,0.94552435805126
"HPC","MD_BayesMVP_WCP","BayesMVP_NicoStan",10000,10,96,16,6,200,"b97502ef4c1796520d0acd01a82ea24d","state_allocation_thread_setup_sampling_divergence_check","iteration_difference","main_scaling","two_run_difference",NA,4,3.28919597989947,3.25276381909516,0.137756588547519,0.0599999999999739,3.33274999999995,0.0435540201004765,0.0164459798994974,0.0599999999999454,3.29249999999978,0.0439949748743176,0.0162638190954758,0,FALSE,FALSE,4.86441066381487,972.882132762975,0,"6013;6030;6047;6064",1537,FALSE,0.975326560232204
"HPC","MD_BayesMVP_WCP","BayesMVP_NicoStan",10000,10,128,16,8,200,"b97502ef4c1796520d0acd01a82ea24d","state_allocation_thread_setup_sampling_divergence_check","iteration_difference","main_scaling","two_run_difference",NA,4,3.55527638190983,3.56130653266353,0.110578647799414,0.0639999999998793,3.60150000000016,0.0462236180903301,0.0177763819095492,0.0645000000000095,3.60450000000031,0.0463140703517684,0.0178065326633176,0,FALSE,FALSE,4.5003533568901,900.070671378019,0,"6014;6031;6048;6065",1538,FALSE,0.886501766784367
"HPC","MD_BayesMVP_WCP","BayesMVP_NicoStan",10000,10,96,24,4,200,"b97502ef4c1796520d0acd01a82ea24d","state_allocation_thread_setup_sampling_divergence_check","iteration_difference","main_scaling","two_run_difference",NA,4,4.39090909090896,4.37171717171692,0.0768296754786197,0.0637500000000273,4.43270454545444,0.0417954545454825,0.0219545454545448,0.0640000000000782,4.41385858585841,0.0421414141414936,0.0218585858585846,0,FALSE,FALSE,5.46583850931694,1093.16770186339,0,"6015;6032;6049;6066",1539,FALSE,0.920864964343211
"HPC","MD_BayesMVP_WCP","BayesMVP_NicoStan",10000,10,64,32,2,200,"b97502ef4c1796520d0acd01a82ea24d","state_allocation_thread_setup_sampling_divergence_check","iteration_difference","main_scaling","two_run_difference",NA,4,5.0510101010102,4.93636363636358,0.435203517709065,0.0662499999999682,5.09200505050512,0.0409949494949172,0.025255050505051,0.0664999999999054,4.9771818181818,0.0411717171716094,0.0246818181818179,0,FALSE,FALSE,6.33536646335353,1267.07329267071,0,"6016;6033;6050;6067",1540,FALSE,0.957104289571058
"HPC","MD_BayesMVP_WCP","BayesMVP_NicoStan",10000,10,128,32,4,200,"b97502ef4c1796520d0acd01a82ea24d","state_allocation_thread_setup_sampling_divergence_check","iteration_difference","main_scaling","two_run_difference",NA,4,5.16010101010095,5.16262626262614,0.0523273921621168,0.0684999999999718,5.20280050505041,0.0426994949494671,0.0258005050505047,0.0684999999999718,5.20531313131298,0.042712121212093,0.0258131313131307,0,FALSE,FALSE,6.2014289908976,1240.28579817952,0,"6017;6034;6051;6068",1541,FALSE,0.896740726240594
"HPC","MD_BayesMVP_WCP","BayesMVP_NicoStan",10000,10,180,45,4,200,"b97502ef4c1796520d0acd01a82ea24d","state_allocation_thread_setup_sampling_divergence_check","iteration_difference","main_scaling","two_run_difference",NA,4,6.56060606060595,6.51616161616141,0.105108763954292,0.117000000000019,6.64480303030294,0.0841969696969889,0.0328030303030298,0.116499999999974,6.59758080808063,0.0839949494949235,0.032580808080807,0,FALSE,FALSE,6.85912240184769,1371.82448036954,0,"6018;6035;6052;6069",1542,FALSE,0.892917628945352
"HPC","MD_BayesMVP_WCP","BayesMVP_NicoStan",10000,10,96,48,2,200,"b97502ef4c1796520d0acd01a82ea24d","state_allocation_thread_setup_sampling_divergence_check","iteration_difference","main_scaling","two_run_difference",NA,4,7.11363636363615,7.09797979797938,0.316922310741686,0.0797500000000468,7.15781818181802,0.0441818181818661,0.0355681818181808,0.0800000000000409,7.14198989898954,0.0442979797981243,0.0354898989898969,0,FALSE,FALSE,6.74760383386602,1349.5207667732,0,"6019;6036;6053;6070",1543,FALSE,0.954277600284021
"HPC","MD_BayesMVP_WCP","BayesMVP_NicoStan",10000,10,128,64,2,200,"b97502ef4c1796520d0acd01a82ea24d","state_allocation_thread_setup_sampling_divergence_check","iteration_difference","main_scaling","two_run_difference",NA,4,9.02070707070724,9.03939393939401,0.167066147100361,0.0944999999999254,9.07010353535363,0.0493964646463892,0.0451035353535362,0.0944999999999254,9.08869696969696,0.0494898989898231,0.04519696969697,0,FALSE,FALSE,7.09478752589428,1418.95750517886,0,"6020;6037;6054;6071",1544,FALSE,0.9209450758636
"HPC","MD_BayesMVP_WCP","BayesMVP_NicoStan",10000,10,180,90,2,200,"b97502ef4c1796520d0acd01a82ea24d","state_allocation_thread_setup_sampling_divergence_check","iteration_difference","main_scaling","two_run_difference",NA,4,11.5818181818181,11.5858585858584,0.0387541941276938,0.137000000000114,11.6609090909091,0.0790909090910238,0.0579090909090904,0.134500000000116,11.6609292929292,0.0765505050506218,0.0579292929292919,0,FALSE,FALSE,7.77080062794356,1554.16012558871,0,"6021;6038;6055;6072",1545,FALSE,0.905503226931811
"HPC","MD_BayesMVP_WCP","BayesMVP_NicoStan",10000,25,8,4,2,200,"b97502ef4c1796520d0acd01a82ea24d","state_allocation_thread_setup_sampling_divergence_check","iteration_difference","main_scaling","two_run_difference",NA,4,4.78442211055252,4.76482412060254,0.533527001190805,0.033000000000051,4.79349999999981,0.00907788944728838,0.0239221105527626,0.0319999999999965,4.77499999999964,0.00797989949748398,0.0238241206030127,0,FALSE,FALSE,0.836046633757001,167.2093267514,0,"6073;6096;6119;6142",1546,FALSE,0.84817771242524
"HPC","MD_BayesMVP_WCP","BayesMVP_NicoStan",10000,25,16,4,4,200,"b97502ef4c1796520d0acd01a82ea24d","state_allocation_thread_setup_sampling_divergence_check","iteration_difference","main_scaling","two_run_difference",NA,4,3.15251256281401,3.21809045226102,0.325910681442538,0.0270000000001147,3.16375000000005,0.0112374371860447,0.01576256281407,0.0260000000002663,3.22799999999998,0.00990954773896116,0.0160904522613051,0,FALSE,FALSE,1.26882920219976,253.765840439951,0,"6074;6097;6120;6143",1547,FALSE,0.856937913445423
"HPC","MD_BayesMVP_WCP","BayesMVP_NicoStan",10000,25,32,4,8,200,"b97502ef4c1796520d0acd01a82ea24d","state_allocation_thread_setup_sampling_divergence_check","iteration_difference","main_scaling","two_run_difference",NA,4,2.21859296482405,2.22211055276346,0.23708725199409,0.0242500000001584,2.23175000000008,0.0131570351760382,0.0110929648241202,0.0225000000000222,2.23749999999998,0.0116783919597775,0.0111105527638173,0,FALSE,FALSE,1.80294450736133,360.588901472266,0,"6075;6098;6121;6144",1548,FALSE,0.830690826726996
"HPC","MD_BayesMVP_WCP","BayesMVP_NicoStan",10000,25,64,4,16,200,"b97502ef4c1796520d0acd01a82ea24d","state_allocation_thread_setup_sampling_divergence_check","iteration_difference","main_scaling","two_run_difference",NA,4,1.61708542713573,1.61155778894483,0.0371451630403603,0.0217499999999404,1.63074999999999,0.0136645728642618,0.00808542713567865,0.021999999999764,1.62549999999987,0.0137613065324269,0.00805778894472417,0,FALSE,FALSE,2.47358607830943,494.717215661886,0,"6076;6099;6122;6145",1549,FALSE,0.98912367930389
"HPC","MD_BayesMVP_WCP","BayesMVP_NicoStan",10000,25,96,4,24,200,"b97502ef4c1796520d0acd01a82ea24d","state_allocation_thread_setup_sampling_divergence_check","iteration_difference","main_scaling","two_run_difference",NA,4,1.8994974874376,1.91758793969931,0.0928728777049879,0.0282499999998436,1.91825000000026,0.0187525125626556,0.009497487437188,0.0274999999996908,1.9355000000005,0.0179120603011942,0.00958793969849654,0,FALSE,FALSE,2.10582010581965,421.164021163929,0,"6077;6100;6123;6146",1550,FALSE,0.958597883597624
"HPC","MD_BayesMVP_WCP","BayesMVP_NicoStan",10000,25,16,8,2,200,"b97502ef4c1796520d0acd01a82ea24d","state_allocation_thread_setup_sampling_divergence_check","iteration_difference","main_scaling","two_run_difference",NA,4,5.2829145728645,5.21005025125636,0.192401291873699,0.0437499999998607,5.30025000000003,0.0173354271355383,0.0264145728643225,0.0434999999999093,5.22699999999989,0.0171809045224249,0.0260502512562818,0,FALSE,FALSE,1.51431560924565,302.863121849129,0,"6078;6101;6124;6147",1551,FALSE,0.75611148102349
"HPC","MD_BayesMVP_WCP","BayesMVP_NicoStan",10000,25,32,8,4,200,"b97502ef4c1796520d0acd01a82ea24d","state_allocation_thread_setup_sampling_divergence_check","iteration_difference","main_scaling","two_run_difference",NA,4,3.08140703517557,3.05075376884392,0.386408308691741,0.0362499999999955,3.10224999999969,0.0208429648241176,0.0154070351758778,0.0370000000001198,3.06899999999956,0.0218366834172069,0.0152537688442196,0,FALSE,FALSE,2.59621656881957,519.243313763914,0,"6079;6102;6125;6148",1552,FALSE,0.916585127201722
"HPC","MD_BayesMVP_WCP","BayesMVP_NicoStan",10000,25,64,8,8,200,"b97502ef4c1796520d0acd01a82ea24d","state_allocation_thread_setup_sampling_divergence_check","iteration_difference","main_scaling","two_run_difference",NA,4,2.20301507537665,2.17336683417071,0.141992184384796,0.0297500000002344,2.22175,0.0187349246233512,0.0110150753768832,0.0305000000000177,2.19600000000014,0.0196758793970028,0.0108668341708535,0,FALSE,FALSE,3.63138686131426,726.277372262851,0,"6080;6103;6126;6149",1553,FALSE,0.948562956204378
"HPC","MD_BayesMVP_WCP","BayesMVP_NicoStan",10000,25,96,8,12,200,"b97502ef4c1796520d0acd01a82ea24d","state_allocation_thread_setup_sampling_divergence_check","iteration_difference","main_scaling","two_run_difference",NA,4,2.35954773869363,2.34522613065345,0.101679457046895,0.0337499999998272,2.38149999999999,0.021952261306359,0.0117977386934681,0.0329999999998734,2.36650000000006,0.0212738693466061,0.0117261306532673,0,FALSE,FALSE,3.39048024704481,678.096049408962,0,"6081;6104;6127;6150",1554,FALSE,0.909807262272354
"HPC","MD_BayesMVP_WCP","BayesMVP_NicoStan",10000,25,128,8,16,200,"b97502ef4c1796520d0acd01a82ea24d","state_allocation_thread_setup_sampling_divergence_check","iteration_difference","main_scaling","two_run_difference",NA,4,2.3864321608038,2.33768844221082,0.104999876746821,0.0427500000001402,2.41724999999992,0.0308178391961212,0.011932160804019,0.0440000000000111,2.36700000000002,0.0317914572864435,0.0116884422110541,0,FALSE,FALSE,3.35228469151431,670.456938302862,0,"6082;6105;6128;6151",1555,FALSE,0.993893451252896
"HPC","MD_BayesMVP_WCP","BayesMVP_NicoStan",10000,25,176,8,22,200,"b97502ef4c1796520d0acd01a82ea24d","state_allocation_thread_setup_sampling_divergence_check","iteration_difference","main_scaling","two_run_difference",NA,4,2.695477386935,2.68793969849269,0.206890388624197,0.0849999999998516,2.76700000000018,0.0715226130651766,0.013477386934675,0.0845000000000198,2.76050000000021,0.0717964824120803,0.0134396984924634,0,FALSE,FALSE,2.96793437732999,593.586875465997,0,"6083;6106;6129;6152",1556,TRUE,1
"HPC","MD_BayesMVP_WCP","BayesMVP_NicoStan",10000,25,32,16,2,200,"b97502ef4c1796520d0acd01a82ea24d","state_allocation_thread_setup_sampling_divergence_check","iteration_difference","main_scaling","two_run_difference",NA,4,4.99572864321615,4.98693467336657,0.699259367140393,0.0579999999999643,5.02875000000003,0.0330213567838836,0.0249786432160807,0.0580000000003054,5.02000000000004,0.0329773869342946,0.0249346733668328,0,FALSE,FALSE,3.20273600563291,640.547201126582,0,"6084;6107;6130;6153",1557,FALSE,0.853995875873847
"HPC","MD_BayesMVP_WCP","BayesMVP_NicoStan",10000,25,64,16,4,200,"b97502ef4c1796520d0acd01a82ea24d","state_allocation_thread_setup_sampling_divergence_check","iteration_difference","main_scaling","two_run_difference",NA,4,2.96984924623111,3.00100502512542,0.115103534623711,0.047499999999971,3.00249999999993,0.0326507537688155,0.0148492462311556,0.0464999999999236,3.03700000000003,0.0320653266330897,0.0150050251256271,0,FALSE,FALSE,5.38747884940786,1077.49576988157,0,"6085;6108;6131;6154",1558,TRUE,1
"HPC","MD_BayesMVP_WCP","BayesMVP_NicoStan",10000,25,96,16,6,200,"b97502ef4c1796520d0acd01a82ea24d","state_allocation_thread_setup_sampling_divergence_check","iteration_difference","main_scaling","two_run_difference",NA,4,3.24447236180908,3.22010050251246,0.167561882860997,0.0432500000000999,3.27150000000013,0.0270276381910545,0.0162223618090454,0.0419999999999732,3.24850000000012,0.0256557788944447,0.0161005025125623,0,FALSE,FALSE,4.93146441570506,986.292883141011,0,"6086;6109;6132;6155",1559,FALSE,0.988771005962948
"HPC","MD_BayesMVP_WCP","BayesMVP_NicoStan",10000,25,128,16,8,200,"b97502ef4c1796520d0acd01a82ea24d","state_allocation_thread_setup_sampling_divergence_check","iteration_difference","main_scaling","two_run_difference",NA,4,3.1517587939698,3.22412060301507,0.176899649108673,0.0482499999999106,3.18424999999986,0.0324912060300616,0.015758793969849,0.0459999999999923,3.25249999999994,0.0297688442210978,0.0161206030150754,0,FALSE,FALSE,5.07653061224497,1015.30612244899,0,"6087;6110;6133;6156",1560,TRUE,1
"HPC","MD_BayesMVP_WCP","BayesMVP_NicoStan",10000,25,176,16,11,200,"b97502ef4c1796520d0acd01a82ea24d","state_allocation_thread_setup_sampling_divergence_check","iteration_difference","main_scaling","two_run_difference",NA,4,3.23944723618087,3.25979899497463,0.109823619545439,0.0652499999999776,3.28849999999994,0.0490527638190733,0.0161972361809043,0.0655000000000996,3.30899999999986,0.0492010050252264,0.0162989949748731,0,FALSE,FALSE,4.93911424804163,987.822849608325,0,"6088;6111;6134;6157",1561,TRUE,1
"HPC","MD_BayesMVP_WCP","BayesMVP_NicoStan",10000,25,96,24,4,200,"b97502ef4c1796520d0acd01a82ea24d","state_allocation_thread_setup_sampling_divergence_check","iteration_difference","main_scaling","two_run_difference",NA,4,4.04343434343416,4.08080808080804,0.204865485185734,0.0457499999999982,4.06896717171698,0.0255328282828274,0.0202171717171708,0.0464999999999236,4.10690404040393,0.0260959595958834,0.0204040404040402,0,FALSE,FALSE,5.93554833874621,1187.10966774924,0,"6089;6112;6135;6158",1562,TRUE,1
"HPC","MD_BayesMVP_WCP","BayesMVP_NicoStan",10000,25,64,32,2,200,"b97502ef4c1796520d0acd01a82ea24d","state_allocation_thread_setup_sampling_divergence_check","iteration_difference","main_scaling","two_run_difference",NA,4,4.83434343434361,4.75454545454556,0.228637131567542,0.0572500000000105,4.8674217171719,0.0330782828282924,0.024171717171718,0.0559999999999263,4.7857727272729,0.0325555555554805,0.0237727272727278,0,FALSE,FALSE,6.6193063100708,1323.86126201416,0,"6090;6113;6136;6159",1563,TRUE,1
"HPC","MD_BayesMVP_WCP","BayesMVP_NicoStan",10000,25,128,32,4,200,"b97502ef4c1796520d0acd01a82ea24d","state_allocation_thread_setup_sampling_divergence_check","iteration_difference","main_scaling","two_run_difference",NA,4,4.62727272727274,4.62626262626278,0.0422636048069373,0.0559999999999832,4.66013636363636,0.0328636363636194,0.0231363636363637,0.05600000000004,4.65913131313139,0.0328686868686124,0.0231313131313139,0,FALSE,FALSE,6.91552062868367,1383.10412573673,0,"6091;6114;6137;6160",1564,TRUE,1
"HPC","MD_BayesMVP_WCP","BayesMVP_NicoStan",10000,25,180,45,4,200,"b97502ef4c1796520d0acd01a82ea24d","state_allocation_thread_setup_sampling_divergence_check","iteration_difference","main_scaling","two_run_difference",NA,4,5.85808080808077,5.80101010101027,0.166976551013153,0.0815000000000055,5.91029040404038,0.0522095959596016,0.0292904040404039,0.0835000000000719,5.85150505050516,0.0539242424243154,0.0290050505050513,0,FALSE,FALSE,7.68169669799125,1536.33933959825,0,"6092;6115;6138;6161",1565,TRUE,1
"HPC","MD_BayesMVP_WCP","BayesMVP_NicoStan",10000,25,96,48,2,200,"b97502ef4c1796520d0acd01a82ea24d","state_allocation_thread_setup_sampling_divergence_check","iteration_difference","main_scaling","two_run_difference",NA,4,6.78838383838385,6.73131313131335,0.15177418934249,0.0760000000000218,6.83044191919196,0.0420580808081026,0.0339419191919193,0.0715000000000146,6.76815656565671,0.0371818181818324,0.0336565656565667,0,FALSE,FALSE,7.07090246261437,1414.18049252287,0,"6093;6116;6139;6162",1566,TRUE,1
"HPC","MD_BayesMVP_WCP","BayesMVP_NicoStan",10000,25,128,64,2,200,"b97502ef4c1796520d0acd01a82ea24d","state_allocation_thread_setup_sampling_divergence_check","iteration_difference","main_scaling","two_run_difference",NA,4,8.30757575757579,8.28585858585856,0.0925092983170839,0.0840000000000032,8.35003787878792,0.0424621212121242,0.041537878787879,0.0860000000000127,8.33092929292927,0.0446515151515273,0.0414292929292928,0,FALSE,FALSE,7.70381178187121,1540.76235637424,0,"6094;6117;6140;6163",1567,TRUE,1
"HPC","MD_BayesMVP_WCP","BayesMVP_NicoStan",10000,25,180,90,2,200,"b97502ef4c1796520d0acd01a82ea24d","state_allocation_thread_setup_sampling_divergence_check","iteration_difference","main_scaling","two_run_difference",NA,4,10.5257575757576,10.5484848484848,0.0547166536424272,0.118249999999932,10.5913787878788,0.0656212121211441,0.0526287878787882,0.119499999999903,10.6127424242424,0.0667373737372758,0.0527424242424242,0,FALSE,FALSE,8.55045343313656,1710.09068662731,0,"6095;6118;6141;6164",1568,FALSE,0.996353341970154
"HPC","MD_BayesMVP_WCP","BayesMVP_NicoStan",10000,50,8,4,2,200,"b97502ef4c1796520d0acd01a82ea24d","state_allocation_thread_setup_sampling_divergence_check","iteration_difference","main_scaling","two_run_difference",NA,4,4.23492462311568,4.17788944723619,0.170513750721502,0.0345000000000226,4.24825000000013,0.0133253768844442,0.0211746231155784,0.0344999999999516,4.19149999999996,0.0136105527637706,0.020889447236181,0,FALSE,FALSE,0.944526846633023,188.905369326605,0,"6165;6190;6215;6240",1569,FALSE,0.958231978641365
"HPC","MD_BayesMVP_WCP","BayesMVP_NicoStan",10000,50,16,4,4,200,"b97502ef4c1796520d0acd01a82ea24d","state_allocation_thread_setup_sampling_divergence_check","iteration_difference","main_scaling","two_run_difference",NA,4,2.70150753768832,2.70301507537689,0.0703469727974037,0.0254999999999654,2.71349999999984,0.0119924623115239,0.0135075376884416,0.0249999999999488,2.71899999999997,0.0117939698491963,0.0135150753768845,0,FALSE,FALSE,1.48065476190483,296.130952380966,0,"6166;6191;6216;6241",1570,TRUE,1
"HPC","MD_BayesMVP_WCP","BayesMVP_NicoStan",10000,50,32,4,8,200,"b97502ef4c1796520d0acd01a82ea24d","state_allocation_thread_setup_sampling_divergence_check","iteration_difference","main_scaling","two_run_difference",NA,4,1.95050251256302,1.94824120603047,0.0122094352725617,0.0175000000000551,1.95825000000026,0.00774748743724003,0.00975251256281511,0.016999999999797,1.95450000000014,0.00726381909527263,0.00974120603015235,0,FALSE,FALSE,2.05075357464876,410.150714929751,0,"6167;6192;6217;6242",1571,FALSE,0.944866675254199
"HPC","MD_BayesMVP_WCP","BayesMVP_NicoStan",10000,50,64,4,16,200,"b97502ef4c1796520d0acd01a82ea24d","state_allocation_thread_setup_sampling_divergence_check","iteration_difference","main_scaling","two_run_difference",NA,4,1.5994974874372,1.59698492462294,0.0128836747224618,0.0219999999999061,1.61349999999992,0.0140025125627201,0.00799748743718598,0.0194999999998799,1.61199999999971,0.0115150753767652,0.00798492462311471,0,FALSE,FALSE,2.50078542255732,500.157084511464,0,"6168;6193;6218;6243",1572,TRUE,1
"HPC","MD_BayesMVP_WCP","BayesMVP_NicoStan",10000,50,96,4,24,200,"b97502ef4c1796520d0acd01a82ea24d","state_allocation_thread_setup_sampling_divergence_check","iteration_difference","main_scaling","two_run_difference",NA,4,1.82613065326662,1.77989949748782,0.106114663025423,0.0297499999997655,1.84675000000006,0.0206193467334323,0.00913065326633312,0.0294999999998709,1.8035000000001,0.0201381909546437,0.00889949748743912,0,FALSE,FALSE,2.19042377545369,438.084755090739,0,"6169;6194;6219;6244",1573,FALSE,0.997110621904025
"HPC","MD_BayesMVP_WCP","BayesMVP_NicoStan",10000,50,128,4,32,200,"b97502ef4c1796520d0acd01a82ea24d","state_allocation_thread_setup_sampling_divergence_check","iteration_difference","main_scaling","two_run_difference",NA,4,2.0243718592965,1.98643216080424,0.108543876784971,0.0372499999998439,2.05149999999986,0.0271281407033614,0.0101218592964825,0.0324999999996294,2.00899999999984,0.0225678391956082,0.00993216080402118,0,FALSE,FALSE,1.97592155889287,395.184311778574,0,"6170;6195;6220;6245",1574,TRUE,1
"HPC","MD_BayesMVP_WCP","BayesMVP_NicoStan",10000,50,176,4,44,200,"b97502ef4c1796520d0acd01a82ea24d","state_allocation_thread_setup_sampling_divergence_check","iteration_difference","main_scaling","two_run_difference",NA,4,2.54497487437224,2.48140703517607,0.145163520436021,0.0777499999998383,2.61000000000021,0.0650251256279772,0.0127248743718612,0.083500000000015,2.55350000000041,0.0704070351758944,0.0124070351758804,0,FALSE,FALSE,1.57172475071553,314.344950143107,0,"6171;6196;6221;6246",1575,FALSE,0.990917168525826
"HPC","MD_BayesMVP_WCP","BayesMVP_NicoStan",10000,50,16,8,2,200,"b97502ef4c1796520d0acd01a82ea24d","state_allocation_thread_setup_sampling_divergence_check","iteration_difference","main_scaling","two_run_difference",NA,4,4.64371859296495,4.57537688442246,0.209551153019687,0.0407499999999033,4.66125000000002,0.0175314070350785,0.0232185929648247,0.0414999999998145,4.59250000000009,0.0179396984925331,0.0228768844221123,0,FALSE,FALSE,1.72275727735089,344.551455470178,0,"6172;6197;6222;6247",1576,FALSE,0.860188291310465
"HPC","MD_BayesMVP_WCP","BayesMVP_NicoStan",10000,50,32,8,4,200,"b97502ef4c1796520d0acd01a82ea24d","state_allocation_thread_setup_sampling_divergence_check","iteration_difference","main_scaling","two_run_difference",NA,4,2.82437185929668,2.82914572864321,0.0465676704618916,0.0375000000000227,2.84775000000022,0.0233781407035393,0.0141218592964834,0.0395000000002312,2.85849999999999,0.025188442211287,0.0141457286432161,0,FALSE,FALSE,2.83248821279226,566.497642558452,0,"6173;6198;6223;6248",1577,TRUE,1
"HPC","MD_BayesMVP_WCP","BayesMVP_NicoStan",10000,50,64,8,8,200,"b97502ef4c1796520d0acd01a82ea24d","state_allocation_thread_setup_sampling_divergence_check","iteration_difference","main_scaling","two_run_difference",NA,4,2.10954773869366,2.10552763819118,0.0778532363007627,0.0287500000000733,2.12775000000026,0.018202261306605,0.0105477386934683,0.02900000000011,2.12350000000023,0.0184321608041578,0.0105276381909559,0,FALSE,FALSE,3.79228203906588,758.456407813176,0,"6174;6199;6224;6249",1578,FALSE,0.990590757503377
"HPC","MD_BayesMVP_WCP","BayesMVP_NicoStan",10000,50,96,8,12,200,"b97502ef4c1796520d0acd01a82ea24d","state_allocation_thread_setup_sampling_divergence_check","iteration_difference","main_scaling","two_run_difference",NA,4,2.14673366834178,2.13115577889444,0.0400079114756327,0.0247499999999405,2.16075000000001,0.0140163316582317,0.0107336683417089,0.0245000000001596,2.14500000000012,0.0138492462308596,0.0106557788944722,0,FALSE,FALSE,3.72659176029951,745.318352059902,0,"6175;6200;6225;6250",1579,TRUE,1
"HPC","MD_BayesMVP_WCP","BayesMVP_NicoStan",10000,50,128,8,16,200,"b97502ef4c1796520d0acd01a82ea24d","state_allocation_thread_setup_sampling_divergence_check","iteration_difference","main_scaling","two_run_difference",NA,4,2.6515075376881,2.60753768844171,0.127825012645018,0.0380000000001814,2.67624999999984,0.024742462311741,0.0132575376884405,0.0384999999999991,2.62949999999967,0.0256407035175869,0.0130376884422085,0,FALSE,FALSE,3.01715152089492,603.430304178985,0,"6176;6201;6226;6251",1580,FALSE,0.894532360466253
"HPC","MD_BayesMVP_WCP","BayesMVP_NicoStan",10000,50,176,8,22,200,"b97502ef4c1796520d0acd01a82ea24d","state_allocation_thread_setup_sampling_divergence_check","iteration_difference","main_scaling","two_run_difference",NA,4,2.72261306532677,2.74673366834223,0.148444626634456,0.0607499999999437,2.76975000000008,0.0471369346733098,0.0136130653266338,0.0654999999997017,2.79850000000022,0.0517663316579905,0.0137336683417111,0,FALSE,FALSE,2.93835363602791,587.670727205582,0,"6177;6202;6227;6252",1581,FALSE,0.990033222591434
"HPC","MD_BayesMVP_WCP","BayesMVP_NicoStan",10000,50,32,16,2,200,"b97502ef4c1796520d0acd01a82ea24d","state_allocation_thread_setup_sampling_divergence_check","iteration_difference","main_scaling","two_run_difference",NA,4,4.55979899497494,4.56130653266357,0.195428507493612,0.0517500000002178,4.58875000000029,0.0289510050253431,0.0227989949748747,0.0490000000004329,4.5830000000004,0.0270452261310855,0.0228065326633179,0,FALSE,FALSE,3.50892660348242,701.785320696485,0,"6178;6203;6228;6253",1582,FALSE,0.935640290941132
"HPC","MD_BayesMVP_WCP","BayesMVP_NicoStan",10000,50,64,16,4,200,"b97502ef4c1796520d0acd01a82ea24d","state_allocation_thread_setup_sampling_divergence_check","iteration_difference","main_scaling","two_run_difference",NA,4,3.03919597989978,3.0276381909549,0.112637567902899,0.0459999999998546,3.07000000000014,0.0308040201003557,0.0151959798994989,0.0454999999995778,3.05900000000026,0.0302462311553545,0.0151381909547745,0,FALSE,FALSE,5.26455026454977,1052.91005290995,0,"6179;6204;6229;6254",1583,FALSE,0.977182539682433
"HPC","MD_BayesMVP_WCP","BayesMVP_NicoStan",10000,50,96,16,6,200,"b97502ef4c1796520d0acd01a82ea24d","state_allocation_thread_setup_sampling_divergence_check","iteration_difference","main_scaling","two_run_difference",NA,4,3.20804020100494,3.13869346733653,0.196387498656107,0.0397499999999074,3.23174999999983,0.0237097989948826,0.0160402010050247,0.0374999999999837,3.16499999999968,0.0216256281405115,0.0156934673366827,0,FALSE,FALSE,4.98746867167933,997.493734335865,0,"6180;6205;6230;6255",1584,TRUE,1
"HPC","MD_BayesMVP_WCP","BayesMVP_NicoStan",10000,50,128,16,8,200,"b97502ef4c1796520d0acd01a82ea24d","state_allocation_thread_setup_sampling_divergence_check","iteration_difference","main_scaling","two_run_difference",NA,4,3.1989949748747,3.18241206030172,0.172831207143046,0.0422499999997594,3.22525000000009,0.0262550251253859,0.0159949748743735,0.0424999999996309,3.2085000000001,0.0264221105523925,0.0159120603015086,0,FALSE,FALSE,5.00157084511416,1000.31416902283,0,"6181;6206;6231;6256",1585,FALSE,0.98523405592197
"HPC","MD_BayesMVP_WCP","BayesMVP_NicoStan",10000,50,176,16,11,200,"b97502ef4c1796520d0acd01a82ea24d","state_allocation_thread_setup_sampling_divergence_check","iteration_difference","main_scaling","two_run_difference",NA,4,3.41557788944715,3.3884422110553,0.339697005735623,0.0785000000000231,3.47699999999994,0.0614221105527874,0.0170778894472357,0.0765000000001592,3.4599999999999,0.060673366834331,0.0169422110552765,0,FALSE,FALSE,4.6844195968811,936.883919376219,0,"6182;6207;6232;6257",1586,FALSE,0.948433132264248
"HPC","MD_BayesMVP_WCP","BayesMVP_NicoStan",10000,50,96,24,4,200,"b97502ef4c1796520d0acd01a82ea24d","state_allocation_thread_setup_sampling_divergence_check","iteration_difference","main_scaling","two_run_difference",NA,4,4.20454545454548,4.19797979797975,0.0290129426593696,0.0424999999999613,4.22602272727271,0.021477272727234,0.0210227272727274,0.0425000000000182,4.22048989898984,0.0213737373737556,0.0209898989898987,0,FALSE,FALSE,5.70810810810808,1141.62162162162,0,"6183;6208;6233;6258",1587,FALSE,0.961681681681632
"HPC","MD_BayesMVP_WCP","BayesMVP_NicoStan",10000,50,64,32,2,200,"b97502ef4c1796520d0acd01a82ea24d","state_allocation_thread_setup_sampling_divergence_check","iteration_difference","main_scaling","two_run_difference",NA,4,5.17525252525279,5.1525252525256,0.146074017574444,0.0567499999999086,5.20612626262644,0.0308737373736446,0.025876262626264,0.05499999999995,5.18176262626292,0.029237373737322,0.025762626262628,0,FALSE,FALSE,6.18327315311767,1236.65463062353,0,"6184;6209;6234;6259",1588,FALSE,0.934127061578984
"HPC","MD_BayesMVP_WCP","BayesMVP_NicoStan",10000,50,128,32,4,200,"b97502ef4c1796520d0acd01a82ea24d","state_allocation_thread_setup_sampling_divergence_check","iteration_difference","main_scaling","two_run_difference",NA,4,4.86717171717192,4.86363636363642,0.120845404862439,0.0534999999999286,4.89633585858599,0.029164141414069,0.0243358585858596,0.0524999999998954,4.89081818181816,0.0276919191918133,0.0243181818181821,0,FALSE,FALSE,6.57466016395117,1314.93203279023,0,"6185;6210;6235;6260",1589,FALSE,0.950710802116806
"HPC","MD_BayesMVP_WCP","BayesMVP_NicoStan",10000,50,180,45,4,200,"b97502ef4c1796520d0acd01a82ea24d","state_allocation_thread_setup_sampling_divergence_check","iteration_difference","main_scaling","two_run_difference",NA,4,5.93434343434343,5.94545454545474,0.0632960812798461,0.0882500000000164,5.99292171717173,0.0585782828282992,0.0296717171717172,0.0900000000000318,6.00426262626266,0.0602727272727581,0.0297272727272737,0,FALSE,FALSE,7.58297872340426,1516.59574468085,0,"6186;6211;6236;6261",1590,FALSE,0.987148936170207
"HPC","MD_BayesMVP_WCP","BayesMVP_NicoStan",10000,50,96,48,2,200,"b97502ef4c1796520d0acd01a82ea24d","state_allocation_thread_setup_sampling_divergence_check","iteration_difference","main_scaling","two_run_difference",NA,4,7.11464646464634,7.13333333333323,0.139158293964679,0.0717500000000655,7.15082323232318,0.0361767676768338,0.0355732323232317,0.07000000000005,7.17166666666663,0.0341818181817667,0.0356666666666662,0,FALSE,FALSE,6.74664584368578,1349.32916873716,0,"6187;6212;6237;6262",1591,FALSE,0.954142116845337
"HPC","MD_BayesMVP_WCP","BayesMVP_NicoStan",10000,50,128,64,2,200,"b97502ef4c1796520d0acd01a82ea24d","state_allocation_thread_setup_sampling_divergence_check","iteration_difference","main_scaling","two_run_difference",NA,4,8.65505050505036,8.63434343434321,0.110286194001581,0.083500000000015,8.69527525252512,0.0402247474747632,0.0432752525252518,0.0830000000000837,8.67067171717154,0.0401010101010954,0.043171717171716,0,FALSE,FALSE,7.39452646320839,1478.90529264168,0,"6188;6213;6238;6263",1592,FALSE,0.959852949757854
"HPC","MD_BayesMVP_WCP","BayesMVP_NicoStan",10000,50,180,90,2,200,"b97502ef4c1796520d0acd01a82ea24d","state_allocation_thread_setup_sampling_divergence_check","iteration_difference","main_scaling","two_run_difference",NA,4,10.4873737373738,10.469696969697,0.0710692982367516,0.114250000000027,10.5491868686869,0.0618131313131579,0.0524368686868689,0.113500000000045,10.5308484848485,0.0611919191919628,0.0523484848484849,0,FALSE,FALSE,8.58174813387908,1716.34962677582,0,"6189;6214;6239;6264",1593,TRUE,1
"HPC","MD_BayesMVP_WCP","BayesMVP_NicoStan",10000,100,8,4,2,200,"b97502ef4c1796520d0acd01a82ea24d","state_allocation_thread_setup_sampling_divergence_check","iteration_difference","main_scaling","two_run_difference",NA,4,4.63969849246224,4.63366834170843,0.169466230846286,0.0350000000001263,4.65150000000005,0.0118015075378151,0.0231984924623112,0.0335000000001777,4.64699999999996,0.0102713567840975,0.0231683417085422,0,FALSE,FALSE,0.862124986461619,172.424997292324,0,"6265;6290;6315;6340",1594,FALSE,0.874634463338074
"HPC","MD_BayesMVP_WCP","BayesMVP_NicoStan",10000,100,16,4,4,200,"b97502ef4c1796520d0acd01a82ea24d","state_allocation_thread_setup_sampling_divergence_check","iteration_difference","main_scaling","two_run_difference",NA,4,2.85854271356768,2.85125628140704,0.0560498647070438,0.023250000000175,2.86750000000002,0.00895728643233657,0.0142927135678384,0.024000000000342,2.85600000000032,0.00991959799029333,0.0142562814070352,0,FALSE,FALSE,1.39931440625832,279.862881251664,0,"6266;6291;6316;6341",1595,FALSE,0.945064604025675
"HPC","MD_BayesMVP_WCP","BayesMVP_NicoStan",10000,100,32,4,8,200,"b97502ef4c1796520d0acd01a82ea24d","state_allocation_thread_setup_sampling_divergence_check","iteration_difference","main_scaling","two_run_difference",NA,4,2.04773869346738,2.05025125628143,0.0110552763818647,0.0247500000000578,2.0622500000001,0.0145113065327209,0.0102386934673369,0.0250000000000909,2.0655,0.0147788944724522,0.0102512562814071,0,FALSE,FALSE,1.95337423312879,390.674846625759,0,"6267;6292;6317;6342",1596,FALSE,0.899999999999874
"HPC","MD_BayesMVP_WCP","BayesMVP_NicoStan",10000,100,64,4,16,200,"b97502ef4c1796520d0acd01a82ea24d","state_allocation_thread_setup_sampling_divergence_check","iteration_difference","main_scaling","two_run_difference",NA,4,1.72286432160799,1.73216080402019,0.0554944685184539,0.023250000000143,1.73750000000009,0.014635678392103,0.00861432160803994,0.0220000000000695,1.7480000000003,0.0134321608040906,0.00866080402010094,0,FALSE,FALSE,2.32171503572998,464.343007145996,0,"6268;6293;6318;6343",1597,FALSE,0.928394341548816
"HPC","MD_BayesMVP_WCP","BayesMVP_NicoStan",10000,100,96,4,24,200,"b97502ef4c1796520d0acd01a82ea24d","state_allocation_thread_setup_sampling_divergence_check","iteration_difference","main_scaling","two_run_difference",NA,4,1.95904522613044,1.96080402010007,0.0652950574378712,0.0212500000001619,1.97049999999995,0.0114547738695097,0.00979522613065221,0.0205000000002187,1.9704999999999,0.0108316582916768,0.00980402010050034,0,FALSE,FALSE,2.04181095293083,408.362190586167,0,"6269;6294;6319;6344",1598,FALSE,0.929460048736745
"HPC","MD_BayesMVP_WCP","BayesMVP_NicoStan",10000,100,128,4,32,200,"b97502ef4c1796520d0acd01a82ea24d","state_allocation_thread_setup_sampling_divergence_check","iteration_difference","main_scaling","two_run_difference",NA,4,2.13366834170828,2.14874371859243,0.0944046230651003,0.0287499999999987,2.15174999999973,0.0180816582914573,0.0106683417085414,0.0264999999998281,2.16249999999945,0.0155376884420396,0.0107437185929621,0,FALSE,FALSE,1.87470560527579,374.941121055158,0,"6270;6295;6320;6345",1599,FALSE,0.94877531794643
"HPC","MD_BayesMVP_WCP","BayesMVP_NicoStan",10000,100,176,4,44,200,"b97502ef4c1796520d0acd01a82ea24d","state_allocation_thread_setup_sampling_divergence_check","iteration_difference","main_scaling","two_run_difference",NA,4,2.52386934673409,2.48844221105528,0.155057225011621,0.0734999999998198,2.58475000000024,0.0608806532661494,0.0126193467336704,0.0634999999999479,2.55999999999999,0.0502864321607511,0.0124422110552764,0,FALSE,FALSE,1.58486809357863,316.973618715726,0,"6271;6296;6321;6346",1600,FALSE,0.999203583872366
"HPC","MD_BayesMVP_WCP","BayesMVP_NicoStan",10000,100,16,8,2,200,"b97502ef4c1796520d0acd01a82ea24d","state_allocation_thread_setup_sampling_divergence_check","iteration_difference","main_scaling","two_run_difference",NA,4,4.81582914572853,4.79195979899489,0.186513411976446,0.0414999999999921,4.83324999999988,0.0174208542713495,0.0240791457286426,0.0420000000001863,4.80650000000011,0.018080402010237,0.0239597989949744,0,FALSE,FALSE,1.66118850106959,332.237700213917,0,"6272;6297;6322;6347",1601,FALSE,0.829446444409705
"HPC","MD_BayesMVP_WCP","BayesMVP_NicoStan",10000,100,32,8,4,200,"b97502ef4c1796520d0acd01a82ea24d","state_allocation_thread_setup_sampling_divergence_check","iteration_difference","main_scaling","two_run_difference",NA,4,3.0309045226131,3.03065326633165,0.0484735818689629,0.0314999999999195,3.04724999999996,0.016345477386854,0.0151545226130655,0.0304999999999609,3.04799999999999,0.0155276381909161,0.0151532663316583,0,FALSE,FALSE,2.63947608389286,527.895216778573,0,"6273;6298;6323;6348",1602,FALSE,0.931857746829201
"HPC","MD_BayesMVP_WCP","BayesMVP_NicoStan",10000,100,64,8,8,200,"b97502ef4c1796520d0acd01a82ea24d","state_allocation_thread_setup_sampling_divergence_check","iteration_difference","main_scaling","two_run_difference",NA,4,2.26281407035177,2.26783919597995,0.0745007710683475,0.0262500000001324,2.27775000000014,0.0149359296483736,0.0113140703517588,0.024500000000188,2.28100000000023,0.0131608040202883,0.0113391959798997,0,FALSE,FALSE,3.5354208305574,707.084166111479,0,"6274;6299;6324;6349",1603,FALSE,0.923495447479355
"HPC","MD_BayesMVP_WCP","BayesMVP_NicoStan",10000,100,96,8,12,200,"b97502ef4c1796520d0acd01a82ea24d","state_allocation_thread_setup_sampling_divergence_check","iteration_difference","main_scaling","two_run_difference",NA,4,2.35678391959782,2.33969849246191,0.0967577032942434,0.0262500000001182,2.37124999999995,0.0144660804021291,0.0117839195979891,0.027000000000271,2.35499999999988,0.0148165829148458,0.0116984924623096,0,FALSE,FALSE,3.39445628997892,678.891257995783,0,"6275;6300;6325;6350",1604,FALSE,0.910874200426532
"HPC","MD_BayesMVP_WCP","BayesMVP_NicoStan",10000,100,128,8,16,200,"b97502ef4c1796520d0acd01a82ea24d","state_allocation_thread_setup_sampling_divergence_check","iteration_difference","main_scaling","two_run_difference",NA,4,2.54145728643225,2.52211055276406,0.0826502054129191,0.035999999999941,2.56475000000003,0.0232927135677797,0.0127072864321613,0.0334999999998615,2.55400000000012,0.0206658291455889,0.0126105527638203,0,FALSE,FALSE,3.14780029658911,629.560059317822,0,"6276;6301;6326;6351",1605,FALSE,0.933267424616787
"HPC","MD_BayesMVP_WCP","BayesMVP_NicoStan",10000,100,176,8,22,200,"b97502ef4c1796520d0acd01a82ea24d","state_allocation_thread_setup_sampling_divergence_check","iteration_difference","main_scaling","two_run_difference",NA,4,2.78668341708555,2.74974874371858,0.24842949206608,0.0537500000000186,2.82650000000015,0.0398165829145908,0.0139334170854278,0.0514999999999972,2.78149999999991,0.0366959798994947,0.0137487437185929,0,FALSE,FALSE,2.87079614101511,574.159228203021,0,"6277;6302;6327;6352",1606,FALSE,0.967270760075812
"HPC","MD_BayesMVP_WCP","BayesMVP_NicoStan",10000,100,32,16,2,200,"b97502ef4c1796520d0acd01a82ea24d","state_allocation_thread_setup_sampling_divergence_check","iteration_difference","main_scaling","two_run_difference",NA,4,4.99472361809035,5.05778894472342,0.212496277170699,0.0517500000001476,5.02150000000005,0.0267763819096959,0.0249736180904517,0.0505000000002838,5.08300000000008,0.0252110552766667,0.0252889447236171,0,FALSE,FALSE,3.20338045173305,640.67609034661,0,"6278;6303;6328;6353",1607,FALSE,0.85416771467379
"HPC","MD_BayesMVP_WCP","BayesMVP_NicoStan",10000,100,64,16,4,200,"b97502ef4c1796520d0acd01a82ea24d","state_allocation_thread_setup_sampling_divergence_check","iteration_difference","main_scaling","two_run_difference",NA,4,3.20477386934684,3.18341708542735,0.141387128515071,0.0437499999998359,3.23249999999994,0.0277261306531017,0.0160238693467342,0.0419999999998879,3.209,0.026246231155667,0.0159170854271368,0,FALSE,FALSE,4.99255194041536,998.510388083073,0,"6279;6304;6329;6354",1608,FALSE,0.926695413563265
"HPC","MD_BayesMVP_WCP","BayesMVP_NicoStan",10000,100,96,16,6,200,"b97502ef4c1796520d0acd01a82ea24d","state_allocation_thread_setup_sampling_divergence_check","iteration_difference","main_scaling","two_run_difference",NA,4,3.3025125628142,3.28592964824126,0.174648962332677,0.0430000000001378,3.32900000000027,0.0264874371860668,0.016512562814071,0.0415000000002692,3.31550000000024,0.0257336683419764,0.0164296482412063,0,FALSE,FALSE,4.84479610468636,968.959220937272,0,"6280;6305;6330;6355",1609,FALSE,0.971393791844124
"HPC","MD_BayesMVP_WCP","BayesMVP_NicoStan",10000,100,128,16,8,200,"b97502ef4c1796520d0acd01a82ea24d","state_allocation_thread_setup_sampling_divergence_check","iteration_difference","main_scaling","two_run_difference",NA,4,3.3756281407034,3.36934673366833,0.184303404532602,0.0399999999999601,3.39874999999985,0.023121859296443,0.016878140703517,0.0399999999999849,3.3905,0.0223291457286283,0.0168467336683417,0,FALSE,FALSE,4.73985857834032,947.971715668063,0,"6281;6306;6331;6356",1610,FALSE,0.933680684778581
"HPC","MD_BayesMVP_WCP","BayesMVP_NicoStan",10000,100,176,16,11,200,"b97502ef4c1796520d0acd01a82ea24d","state_allocation_thread_setup_sampling_divergence_check","iteration_difference","main_scaling","two_run_difference",NA,4,3.28140703517611,3.28090452261343,0.0852910533033727,0.0657499999999018,3.33075000000013,0.0493429648240213,0.0164070351758805,0.0659999999998035,3.33800000000016,0.0499597989947761,0.0164045226130672,0,FALSE,FALSE,4.87595712097975,975.19142419595,0,"6282;6307;6332;6357",1611,FALSE,0.987212863705893
"HPC","MD_BayesMVP_WCP","BayesMVP_NicoStan",10000,100,96,24,4,200,"b97502ef4c1796520d0acd01a82ea24d","state_allocation_thread_setup_sampling_divergence_check","iteration_difference","main_scaling","two_run_difference",NA,4,4.47323232323242,4.48989898989893,0.0677571260192699,0.0447499999999081,4.49561616161617,0.022383838383746,0.0223661616161621,0.043999999999869,4.51344949494937,0.0213787878786556,0.0224494949494946,0,FALSE,FALSE,5.36524782657773,1073.04956531555,0,"6283;6308;6333;6358",1612,FALSE,0.903917805125827
"HPC","MD_BayesMVP_WCP","BayesMVP_NicoStan",10000,100,64,32,2,200,"b97502ef4c1796520d0acd01a82ea24d","state_allocation_thread_setup_sampling_divergence_check","iteration_difference","main_scaling","two_run_difference",NA,4,5.35303030303038,5.24141414141422,0.26355378816971,0.0640000000000214,5.39026515151525,0.0372348484848695,0.0267651515151519,0.0645000000000664,5.27570707070708,0.0385303030303692,0.0262070707070711,0,FALSE,FALSE,5.97792244551364,1195.58448910273,0,"6284;6309;6334;6359",1613,FALSE,0.903104066421379
"HPC","MD_BayesMVP_WCP","BayesMVP_NicoStan",10000,100,128,32,4,200,"b97502ef4c1796520d0acd01a82ea24d","state_allocation_thread_setup_sampling_divergence_check","iteration_difference","main_scaling","two_run_difference",NA,4,5.09797979797994,5.10303030303067,0.0254203179637299,0.05499999999995,5.12748989898999,0.0295101010100503,0.0254898989898997,0.0539999999998599,5.13551515151539,0.0285858585857166,0.0255151515151533,0,FALSE,FALSE,6.27699623538719,1255.39924707744,0,"6285;6310;6335;6360",1614,FALSE,0.907667921537525
"HPC","MD_BayesMVP_WCP","BayesMVP_NicoStan",10000,100,180,45,4,200,"b97502ef4c1796520d0acd01a82ea24d","state_allocation_thread_setup_sampling_divergence_check","iteration_difference","main_scaling","two_run_difference",NA,4,6.41464646464636,6.38181818181794,0.146835707837365,0.103250000000003,6.48582323232313,0.0711767676767709,0.0320732323232318,0.09699999999998,6.4439090909089,0.0654343434343234,0.0319090909090897,0,FALSE,FALSE,7.01519565388563,1403.03913077713,0,"6286;6311;6336;6361",1615,FALSE,0.913235178332424
"HPC","MD_BayesMVP_WCP","BayesMVP_NicoStan",10000,100,96,48,2,200,"b97502ef4c1796520d0acd01a82ea24d","state_allocation_thread_setup_sampling_divergence_check","iteration_difference","main_scaling","two_run_difference",NA,4,7.2853535353534,7.2636363636364,0.169948306738257,0.0722499999999968,7.32117676767663,0.0358232323232298,0.036426767676767,0.0720000000000027,7.29981818181798,0.0354646464646496,0.036318181818182,0,FALSE,FALSE,6.58856152513011,1317.71230502602,0,"6287;6312;6337;6362",1616,FALSE,0.931785095320644
"HPC","MD_BayesMVP_WCP","BayesMVP_NicoStan",10000,100,128,64,2,200,"b97502ef4c1796520d0acd01a82ea24d","state_allocation_thread_setup_sampling_divergence_check","iteration_difference","main_scaling","two_run_difference",NA,4,9.26262626262611,9.2484848484848,0.157377065442056,0.0794999999999959,9.29581313131297,0.0331868686868654,0.0463131313131305,0.0774999999999864,9.27974242424236,0.0317272727272597,0.046242424242424,0,FALSE,FALSE,6.9094874591059,1381.89749182118,0,"6288;6313;6338;6363",1617,FALSE,0.89689203925847
"HPC","MD_BayesMVP_WCP","BayesMVP_NicoStan",10000,100,180,90,2,200,"b97502ef4c1796520d0acd01a82ea24d","state_allocation_thread_setup_sampling_divergence_check","iteration_difference","main_scaling","two_run_difference",NA,4,11.2580808080808,11.2060606060609,0.177650513064082,0.119000000000028,11.3207904040404,0.0627095959596243,0.0562904040404039,0.118000000000052,11.2680303030305,0.062353535353587,0.0560303030303044,0,FALSE,FALSE,7.99425777219508,1598.85155443902,0,"6289;6314;6339;6364",1618,FALSE,0.931541877887944
"HPC","MD_BayesMVP_WCP","BayesMVP_NicoStan",50000,4,8,4,2,100,"3f8ed78629bdab9b833b52bd1450ea30","state_allocation_thread_setup_sampling_divergence_check","iteration_difference","main_scaling","two_run_difference",NA,4,12.0901515151516,11.9994949494948,0.364075095414479,0.216499999999904,12.18575,0.0955984848483878,0.120901515151516,0.22199999999971,12.0855,0.102727272726979,0.119994949494948,0,FALSE,FALSE,0.330847797481042,33.0847797481042,0,"6365;6378;6391;6404",1619,FALSE,0.803266704263
"HPC","MD_BayesMVP_WCP","BayesMVP_NicoStan",50000,4,16,4,4,100,"3f8ed78629bdab9b833b52bd1450ea30","state_allocation_thread_setup_sampling_divergence_check","iteration_difference","main_scaling","two_run_difference",NA,4,7.678535353535,7.7363636363632,0.12111493017039,0.219750000000246,7.8214999999999,0.142964646464896,0.07678535353535,0.216500000000281,7.8114999999998,0.139106060606344,0.077363636363632,0,FALSE,FALSE,0.520932679975029,52.0932679975029,0,"6366;6379;6392;6405",1620,FALSE,0.770447594303979
"HPC","MD_BayesMVP_WCP","BayesMVP_NicoStan",50000,4,16,8,2,100,"3f8ed78629bdab9b833b52bd1450ea30","state_allocation_thread_setup_sampling_divergence_check","iteration_difference","main_scaling","two_run_difference",NA,4,13.270707070707,13.1919191919192,0.3204276467712,0.312499999999837,13.4504999999998,0.179792929292766,0.13270707070707,0.313499999999692,13.3784999999996,0.180005050504743,0.131919191919192,0,FALSE,FALSE,0.602831481199575,60.2831481199575,0,"6367;6380;6393;6406",1621,FALSE,0.730876084639966
"HPC","MD_BayesMVP_WCP","BayesMVP_NicoStan",50000,4,32,8,4,100,"3f8ed78629bdab9b833b52bd1450ea30","state_allocation_thread_setup_sampling_divergence_check","iteration_difference","main_scaling","two_run_difference",NA,4,9.25101010101004,9.2272727272725,0.294175336594291,0.346500000000127,9.50500000000007,0.253989898990026,0.0925101010101004,0.310000000000343,9.5245000000001,0.216727272727618,0.092272727272725,0,FALSE,FALSE,0.864770431839281,86.4770431839281,0,"6368;6381;6394;6407",1622,FALSE,0.675001364852301
"HPC","MD_BayesMVP_WCP","BayesMVP_NicoStan",50000,4,32,16,2,100,"3f8ed78629bdab9b833b52bd1450ea30","state_allocation_thread_setup_sampling_divergence_check","iteration_difference","main_scaling","two_run_difference",NA,4,16.6646464646464,16.5863636363634,0.646079957091021,0.50999999999992,17.0079999999999,0.343353535353456,0.166646464646464,0.422500000000099,16.8429999999999,0.256636363636465,0.165863636363634,0,FALSE,FALSE,0.96011637774276,96.011637774276,0,"6369;6382;6395;6408",1623,FALSE,0.633728330706756
"HPC","MD_BayesMVP_WCP","BayesMVP_NicoStan",50000,4,64,16,4,100,"3f8ed78629bdab9b833b52bd1450ea30","state_allocation_thread_setup_sampling_divergence_check","iteration_difference","main_scaling","two_run_difference",NA,4,17.5169191919191,17.4919191919194,0.291201656803067,0.585749999999919,17.9274999999998,0.410580808080728,0.175169191919191,0.546000000000078,17.848,0.372222222222305,0.174919191919194,0,FALSE,FALSE,0.913402626609201,91.3402626609201,0,"6370;6383;6396;6409",1624,FALSE,0.387114910548226
"HPC","MD_BayesMVP_WCP","BayesMVP_NicoStan",50000,4,96,24,4,100,"3f8ed78629bdab9b833b52bd1450ea30","state_allocation_thread_setup_sampling_divergence_check","iteration_difference","main_scaling","two_run_difference",NA,4,34.3772727272727,35.4227272727268,2.68129424774186,0.946750000000009,34.98025,0.602977272727282,0.343772727272727,0.782000000000039,35.8464999999995,0.423772727272752,0.354227272727268,0,FALSE,FALSE,0.698135660452203,69.8135660452203,0,"6371;6384;6397;6410",1625,FALSE,0.278769447749965
"HPC","MD_BayesMVP_WCP","BayesMVP_NicoStan",50000,4,64,32,2,100,"3f8ed78629bdab9b833b52bd1450ea30","state_allocation_thread_setup_sampling_divergence_check","iteration_difference","main_scaling","two_run_difference",NA,4,40.815625,40.6708333333332,1.29487672354062,1.14749999999992,41.5549687499999,0.739343749999923,0.40815625,1.14549999999986,41.4136249999999,0.735895833333188,0.406708333333332,0,FALSE,FALSE,0.784013475231606,78.4013475231606,0,"6372;6385;6398;6411",1626,FALSE,0.290253426230776
"HPC","MD_BayesMVP_WCP","BayesMVP_NicoStan",50000,4,128,32,4,100,"3f8ed78629bdab9b833b52bd1450ea30","state_allocation_thread_setup_sampling_divergence_check","iteration_difference","main_scaling","two_run_difference",NA,4,43.3818181818176,43.8681818181811,4.7583303782926,1.50375000000008,44.4517499999995,1.06993181818191,0.433818181818176,1.53650000000005,44.8229999999993,1.09750000000005,0.438681818181811,0,FALSE,FALSE,0.737636211232198,73.7636211232198,0,"6373;6386;6399;6412",1627,FALSE,0.268929868678412
"HPC","MD_BayesMVP_WCP","BayesMVP_NicoStan",50000,4,180,45,4,100,"3f8ed78629bdab9b833b52bd1450ea30","state_allocation_thread_setup_sampling_divergence_check","iteration_difference","main_scaling","two_run_difference",NA,4,73.2272727272743,73.0636363636387,5.82047776668691,1.77899999999994,74.2740000000015,1.0467272727272,0.732272727272743,1.84749999999997,74.0050000000023,1.10127272727268,0.730636363636387,0,FALSE,FALSE,0.614525139664791,61.4525139664791,0,"6374;6387;6400;6413",1628,FALSE,0.19747310159321
"HPC","MD_BayesMVP_WCP","BayesMVP_NicoStan",50000,4,96,48,2,100,"3f8ed78629bdab9b833b52bd1450ea30","state_allocation_thread_setup_sampling_divergence_check","iteration_difference","main_scaling","two_run_difference",NA,4,65.8479166666664,66.3479166666666,2.10482387976164,1.45175000000006,66.6411874999998,0.793270833333397,0.658479166666664,1.46800000000007,67.0689374999999,0.803104166666747,0.663479166666666,0,FALSE,FALSE,0.728952447242703,72.8952447242703,0,"6375;6388;6401;6414",1629,FALSE,0.264846394785969
"HPC","MD_BayesMVP_WCP","BayesMVP_NicoStan",50000,4,128,64,2,100,"3f8ed78629bdab9b833b52bd1450ea30","state_allocation_thread_setup_sampling_divergence_check","iteration_difference","main_scaling","two_run_difference",NA,4,94.5750000000004,94.2479166666672,0.938422385749039,1.68199999999996,95.3112500000003,0.736249999999956,0.945750000000004,1.63949999999988,95.1004375000005,0.697062499999935,0.942479166666672,0,FALSE,FALSE,0.676711604546653,67.6711604546653,0,"6376;6389;6402;6415",1630,FALSE,0.239007842100633
"HPC","MD_BayesMVP_WCP","BayesMVP_NicoStan",50000,4,180,90,2,100,"3f8ed78629bdab9b833b52bd1450ea30","state_allocation_thread_setup_sampling_divergence_check","iteration_difference","main_scaling","two_run_difference",NA,4,144.216666666667,143.33125,3.49755370858561,2.86424999999991,145.63875,1.42208333333324,1.44216666666667,2.86999999999989,144.7564375,1.41897916666655,1.4333125,0,FALSE,FALSE,0.624061019299663,62.4061019299663,0,"6377;6390;6403;6416",1631,FALSE,0.188908471050506
"HPC","MD_BayesMVP_WCP","BayesMVP_NicoStan",50000,10,8,4,2,100,"3f8ed78629bdab9b833b52bd1450ea30","state_allocation_thread_setup_sampling_divergence_check","iteration_difference","main_scaling","two_run_difference",NA,4,11.2760101010099,11.2136363636364,0.243193749248771,0.156000000000127,11.3192499999999,0.0432398989900277,0.112760101010099,0.155500000000131,11.2560000000002,0.0423636363638052,0.112136363636364,0,FALSE,FALSE,0.354735404116191,35.4735404116191,0,"6417;6434;6451;6468",1632,FALSE,0.861263520928059
"HPC","MD_BayesMVP_WCP","BayesMVP_NicoStan",50000,10,16,4,4,100,"3f8ed78629bdab9b833b52bd1450ea30","state_allocation_thread_setup_sampling_divergence_check","iteration_difference","main_scaling","two_run_difference",NA,4,7.62424242424233,7.66010101010065,0.191757862370869,0.134500000000031,7.68249999999993,0.0582575757576079,0.0762424242424233,0.132000000000062,7.72249999999966,0.0564090909091546,0.0766010101010065,0,FALSE,FALSE,0.524642289348178,52.4642289348178,0,"6418;6435;6452;6469",1633,FALSE,0.775934022257562
"HPC","MD_BayesMVP_WCP","BayesMVP_NicoStan",50000,10,32,4,8,100,"3f8ed78629bdab9b833b52bd1450ea30","state_allocation_thread_setup_sampling_divergence_check","iteration_difference","main_scaling","two_run_difference",NA,4,5.83156565656578,5.82323232323222,0.195043460545378,0.136249999999919,5.90950000000004,0.0779343434342609,0.0583156565656578,0.135000000000048,5.904,0.0764393939394421,0.0582323232323222,0,FALSE,FALSE,0.685922140908486,68.5922140908486,0,"6419;6436;6453;6470",1634,FALSE,0.715758021911352
"HPC","MD_BayesMVP_WCP","BayesMVP_NicoStan",50000,10,16,8,2,100,"3f8ed78629bdab9b833b52bd1450ea30","state_allocation_thread_setup_sampling_divergence_check","iteration_difference","main_scaling","two_run_difference",NA,4,11.3601010101011,11.3525252525253,0.19607844637687,0.199250000000035,11.4457500000001,0.0856489898990237,0.113601010101011,0.1995,11.4490000000002,0.0843434343434349,0.113525252525253,0,FALSE,FALSE,0.704219090383669,70.4219090383669,0,"6420;6437;6454;6471",1635,FALSE,0.853798959676324
"HPC","MD_BayesMVP_WCP","BayesMVP_NicoStan",50000,10,32,8,4,100,"3f8ed78629bdab9b833b52bd1450ea30","state_allocation_thread_setup_sampling_divergence_check","iteration_difference","main_scaling","two_run_difference",NA,4,7.93914141414118,7.96717171717159,0.35762556958719,0.189500000000066,8.04924999999983,0.110108585858655,0.0793914141414118,0.186000000000149,8.08150000000001,0.109636363636518,0.0796717171717159,0,FALSE,FALSE,1.00766563822008,100.766563822008,0,"6421;6438;6455;6472",1636,FALSE,0.786539012055084
"HPC","MD_BayesMVP_WCP","BayesMVP_NicoStan",50000,10,64,8,8,100,"3f8ed78629bdab9b833b52bd1450ea30","state_allocation_thread_setup_sampling_divergence_check","iteration_difference","main_scaling","two_run_difference",NA,4,7.02449494949479,7.03535353535322,0.0900006046225999,0.174500000000123,7.12874999999997,0.104255050505175,0.0702449494949479,0.170499999999947,7.13349999999991,0.0996565656565144,0.0703535353535322,0,FALSE,FALSE,1.13887191285907,113.887191285907,0,"6422;6439;6456;6473",1637,FALSE,0.61199985620303
"HPC","MD_BayesMVP_WCP","BayesMVP_NicoStan",50000,10,32,16,2,100,"3f8ed78629bdab9b833b52bd1450ea30","state_allocation_thread_setup_sampling_divergence_check","iteration_difference","main_scaling","two_run_difference",NA,4,12.3853535353531,12.3313131313129,0.631782720975928,0.289250000000166,12.5507499999998,0.165396464646635,0.123853535353531,0.292000000000257,12.4964999999998,0.166237373737349,0.123313131313129,0,FALSE,FALSE,1.29184846878445,129.184846878445,0,"6423;6440;6457;6474",1638,FALSE,0.852689312074409
"HPC","MD_BayesMVP_WCP","BayesMVP_NicoStan",50000,10,64,16,4,100,"3f8ed78629bdab9b833b52bd1450ea30","state_allocation_thread_setup_sampling_divergence_check","iteration_difference","main_scaling","two_run_difference",NA,4,10.7633838383836,10.8868686868684,0.764717126198133,0.271000000000143,10.9267499999999,0.163366161616307,0.107633838383836,0.258500000000083,11.0654999999998,0.14810101010119,0.108868686868684,0,FALSE,FALSE,1.48652136170616,148.652136170616,0,"6424;6441;6458;6475",1639,FALSE,0.630011965370792
"HPC","MD_BayesMVP_WCP","BayesMVP_NicoStan",50000,10,96,16,6,100,"3f8ed78629bdab9b833b52bd1450ea30","state_allocation_thread_setup_sampling_divergence_check","iteration_difference","main_scaling","two_run_difference",NA,4,12.3499999999999,12.1161616161616,0.75083171015928,0.299500000000094,12.526,0.176000000000095,0.123499999999999,0.302499999999952,12.2915000000003,0.17533838383862,0.121161616161616,0,FALSE,FALSE,1.29554655870446,129.554655870446,0,"6425;6442;6459;6476",1640,FALSE,0.577659182922357
"HPC","MD_BayesMVP_WCP","BayesMVP_NicoStan",50000,10,128,16,8,100,"3f8ed78629bdab9b833b52bd1450ea30","state_allocation_thread_setup_sampling_divergence_check","iteration_difference","main_scaling","two_run_difference",NA,4,14.1772727272728,14.1797979797982,0.895895821811011,0.327999999999989,14.3635,0.186227272727261,0.141772727272728,0.320499999999754,14.3865,0.178419191918944,0.141797979797982,0,FALSE,FALSE,1.12856684834883,112.856684834883,0,"6426;6443;6460;6477",1641,FALSE,0.511916212461248
"HPC","MD_BayesMVP_WCP","BayesMVP_NicoStan",50000,10,96,24,4,100,"3f8ed78629bdab9b833b52bd1450ea30","state_allocation_thread_setup_sampling_divergence_check","iteration_difference","main_scaling","two_run_difference",NA,4,20.2989583333329,20.2770833333337,0.675817192231648,0.477250000000026,20.5732187499996,0.274260416666697,0.202989583333329,0.475500000000011,20.5498125000004,0.272729166666674,0.202770833333337,0,FALSE,FALSE,1.1823266793247,118.23266793247,0,"6427;6444;6461;6478",1642,FALSE,0.472109611535826
"HPC","MD_BayesMVP_WCP","BayesMVP_NicoStan",50000,10,64,32,2,100,"3f8ed78629bdab9b833b52bd1450ea30","state_allocation_thread_setup_sampling_divergence_check","iteration_difference","main_scaling","two_run_difference",NA,4,22.8552083333341,22.6395833333356,0.922232942122225,0.541749999999865,23.1684062500006,0.313197916666525,0.228552083333341,0.535999999999831,22.939687500002,0.304854166666492,0.226395833333356,0,FALSE,FALSE,1.40011849961255,140.011849961255,0,"6428;6445;6462;6479",1643,FALSE,0.518344651565568
"HPC","MD_BayesMVP_WCP","BayesMVP_NicoStan",50000,10,128,32,4,100,"3f8ed78629bdab9b833b52bd1450ea30","state_allocation_thread_setup_sampling_divergence_check","iteration_difference","main_scaling","two_run_difference",NA,4,26.6000000000005,26.6750000000002,0.294490300412698,0.627749999999992,26.9617500000005,0.361749999999986,0.266000000000005,0.63149999999996,27.0427500000003,0.364020833333285,0.266750000000002,0,FALSE,FALSE,1.20300751879697,120.300751879697,0,"6429;6446;6463;6480",1644,FALSE,0.438596491228072
"HPC","MD_BayesMVP_WCP","BayesMVP_NicoStan",50000,10,180,45,4,100,"3f8ed78629bdab9b833b52bd1450ea30","state_allocation_thread_setup_sampling_divergence_check","iteration_difference","main_scaling","two_run_difference",NA,4,40.8885416666664,40.8979166666654,0.364218070996814,0.866500000000087,41.3461562499998,0.457614583333424,0.408885416666664,0.875500000000102,41.370437499999,0.468812500000107,0.408979166666654,0,FALSE,FALSE,1.10055282398798,110.055282398798,0,"6430;6447;6464;6481",1645,FALSE,0.353654497745399
"HPC","MD_BayesMVP_WCP","BayesMVP_NicoStan",50000,10,96,48,2,100,"3f8ed78629bdab9b833b52bd1450ea30","state_allocation_thread_setup_sampling_divergence_check","iteration_difference","main_scaling","two_run_difference",NA,4,37.4937500000001,37.4916666666669,0.869423366800825,0.856500000000096,37.9753125000002,0.481562500000095,0.374937500000001,0.85550000000012,37.9722500000003,0.480583333333451,0.374916666666669,0,FALSE,FALSE,1.28021336889481,128.021336889481,0,"6431;6448;6465;6482",1646,FALSE,0.465133077735181
"HPC","MD_BayesMVP_WCP","BayesMVP_NicoStan",50000,10,128,64,2,100,"3f8ed78629bdab9b833b52bd1450ea30","state_allocation_thread_setup_sampling_divergence_check","iteration_difference","main_scaling","two_run_difference",NA,4,56.3489583333331,57.2208333333322,2.23221980687391,1.15125,56.9367187499998,0.587760416666673,0.563489583333331,1.16199999999981,57.789124999999,0.602854166666712,0.572208333333322,0,FALSE,FALSE,1.13577964691746,113.577964691746,0,"6432;6449;6466;6483",1647,FALSE,0.401146131805173
"HPC","MD_BayesMVP_WCP","BayesMVP_NicoStan",50000,10,180,90,2,100,"3f8ed78629bdab9b833b52bd1450ea30","state_allocation_thread_setup_sampling_divergence_check","iteration_difference","main_scaling","two_run_difference",NA,4,92.8260416666665,93.2083333333338,2.87986579990483,1.6105,93.5082812499998,0.682239583333337,0.928260416666665,1.6110000000001,93.8797500000004,0.671416666666602,0.932083333333338,0,FALSE,FALSE,0.969555508175016,96.9555508175016,0,"6433;6450;6467;6484",1648,FALSE,0.293492531953817
"HPC","MD_BayesMVP_WCP","BayesMVP_NicoStan",50000,25,8,4,2,100,"3f8ed78629bdab9b833b52bd1450ea30","state_allocation_thread_setup_sampling_divergence_check","iteration_difference","main_scaling","two_run_difference",NA,4,11.1005050505051,11.0848484848489,0.165382256257201,0.149999999999878,11.1395,0.0389949494948265,0.111005050505051,0.149999999999665,11.1240000000001,0.0391515151511753,0.110848484848489,0,FALSE,FALSE,0.360343964693569,36.0343964693569,0,"6485;6508;6531;6554",1649,FALSE,0.874880567814725
"HPC","MD_BayesMVP_WCP","BayesMVP_NicoStan",50000,25,16,4,4,100,"3f8ed78629bdab9b833b52bd1450ea30","state_allocation_thread_setup_sampling_divergence_check","iteration_difference","main_scaling","two_run_difference",NA,4,6.92777777777767,6.92323232323248,0.137810012323506,0.114499999999978,6.97299999999987,0.0452222222222016,0.0692777777777767,0.111499999999978,6.96499999999992,0.0417676767674378,0.0692323232323248,0,FALSE,FALSE,0.577385725741789,57.7385725741789,0,"6486;6509;6532;6555",1650,FALSE,0.853940365969249
"HPC","MD_BayesMVP_WCP","BayesMVP_NicoStan",50000,25,32,4,8,100,"3f8ed78629bdab9b833b52bd1450ea30","state_allocation_thread_setup_sampling_divergence_check","iteration_difference","main_scaling","two_run_difference",NA,4,4.83358585858615,4.82020202020224,0.184347124172864,0.102999999999795,4.88825000000008,0.054664141413934,0.0483358585858615,0.100999999999971,4.86550000000022,0.0518838383838069,0.0482020202020224,0,FALSE,FALSE,0.827542970586649,82.7542970586649,0,"6487;6510;6533;6556",1651,FALSE,0.86353900005215
"HPC","MD_BayesMVP_WCP","BayesMVP_NicoStan",50000,25,64,4,16,100,"3f8ed78629bdab9b833b52bd1450ea30","state_allocation_thread_setup_sampling_divergence_check","iteration_difference","main_scaling","two_run_difference",NA,4,3.69595959595983,3.68989898989904,0.0860623448709356,0.105999999999796,3.76500000000003,0.0690404040401973,0.0369595959595983,0.103999999999758,3.76200000000003,0.0675606060603601,0.0368989898989904,0,FALSE,FALSE,1.08226291336424,108.226291336424,0,"6488;6511;6534;6557",1652,FALSE,0.88248155233662
"HPC","MD_BayesMVP_WCP","BayesMVP_NicoStan",50000,25,96,4,24,100,"3f8ed78629bdab9b833b52bd1450ea30","state_allocation_thread_setup_sampling_divergence_check","iteration_difference","main_scaling","two_run_difference",NA,4,4.20555555555566,4.2303030303031,0.327850531217171,0.125749999999911,4.28925000000001,0.0836944444443547,0.0420555555555566,0.126499999999851,4.31300000000005,0.0831464646463066,0.042303030303031,0,FALSE,FALSE,0.951122853368538,95.1122853368538,0,"6489;6512;6535;6558",1653,FALSE,0.859072895400526
"HPC","MD_BayesMVP_WCP","BayesMVP_NicoStan",50000,25,16,8,2,100,"3f8ed78629bdab9b833b52bd1450ea30","state_allocation_thread_setup_sampling_divergence_check","iteration_difference","main_scaling","two_run_difference",NA,4,11.3123737373738,11.277272727273,0.233333151135947,0.190000000000097,11.3892500000002,0.0768762626263592,0.113123737373738,0.185499999999934,11.3595000000002,0.0718232323231634,0.11277272727273,0,FALSE,FALSE,0.707190213630373,70.7190213630373,0,"6490;6513;6536;6559",1654,FALSE,0.857401165256584
"HPC","MD_BayesMVP_WCP","BayesMVP_NicoStan",50000,25,32,8,4,100,"3f8ed78629bdab9b833b52bd1450ea30","state_allocation_thread_setup_sampling_divergence_check","iteration_difference","main_scaling","two_run_difference",NA,4,7.01363636363662,6.93232323232335,0.240148549974933,0.161999999999907,7.10550000000016,0.0918636363635404,0.0701363636363662,0.166500000000013,7.03000000000017,0.0946818181818315,0.0693232323232335,0,FALSE,FALSE,1.14063512637715,114.063512637715,0,"6491;6514;6537;6560",1655,FALSE,0.890329084755459
"HPC","MD_BayesMVP_WCP","BayesMVP_NicoStan",50000,25,64,8,8,100,"3f8ed78629bdab9b833b52bd1450ea30","state_allocation_thread_setup_sampling_divergence_check","iteration_difference","main_scaling","two_run_difference",NA,4,5.23585858585891,5.12727272727304,0.30855733968652,0.144249999999815,5.32775000000014,0.0918914141412257,0.0523585858585891,0.145499999999856,5.22150000000016,0.0942272727271259,0.0512727272727304,0,FALSE,FALSE,1.52792514710128,152.792514710128,0,"6492;6515;6538;6561",1656,FALSE,0.821066846725102
"HPC","MD_BayesMVP_WCP","BayesMVP_NicoStan",50000,25,96,8,12,100,"3f8ed78629bdab9b833b52bd1450ea30","state_allocation_thread_setup_sampling_divergence_check","iteration_difference","main_scaling","two_run_difference",NA,4,6.04368686868704,5.91666666666663,0.295220777184727,0.152500000000032,6.1357500000002,0.0920631313131614,0.0604368686868704,0.147500000000036,6.01499999999999,0.0857929292929619,0.0591666666666663,0,FALSE,FALSE,1.32369531609072,132.369531609072,0,"6493;6516;6539;6562",1657,FALSE,0.800442903104503
"HPC","MD_BayesMVP_WCP","BayesMVP_NicoStan",50000,25,128,8,16,100,"3f8ed78629bdab9b833b52bd1450ea30","state_allocation_thread_setup_sampling_divergence_check","iteration_difference","main_scaling","two_run_difference",NA,4,5.8121212121211,5.86313131313148,0.123664858845641,0.163750000000036,5.91774999999993,0.105628787878825,0.058121212121211,0.161499999999677,5.96599999999984,0.102868686868362,0.0586313131313148,0,FALSE,FALSE,1.37643378519294,137.643378519294,0,"6494;6517;6540;6563",1658,FALSE,0.872132429614261
"HPC","MD_BayesMVP_WCP","BayesMVP_NicoStan",50000,25,176,8,22,100,"3f8ed78629bdab9b833b52bd1450ea30","state_allocation_thread_setup_sampling_divergence_check","iteration_difference","main_scaling","two_run_difference",NA,4,6.36515151515126,6.22727272727223,0.281200825076077,0.205500000000072,6.50699999999982,0.141848484848559,0.0636515151515126,0.203500000000219,6.37549999999965,0.141242424242647,0.0622727272727223,0,FALSE,FALSE,1.25684360866465,125.684360866465,0,"6495;6518;6541;6564",1659,FALSE,0.781678965325679
"HPC","MD_BayesMVP_WCP","BayesMVP_NicoStan",50000,25,32,16,2,100,"3f8ed78629bdab9b833b52bd1450ea30","state_allocation_thread_setup_sampling_divergence_check","iteration_difference","main_scaling","two_run_difference",NA,4,11.5611111111109,11.5984848484848,0.39687115919634,0.247000000000227,11.6925,0.131388888889118,0.115611111111109,0.239500000000191,11.743,0.122858585858779,0.115984848484847,0,FALSE,FALSE,1.38395002402694,138.395002402694,0,"6496;6519;6542;6565",1660,FALSE,0.913481280852757
"HPC","MD_BayesMVP_WCP","BayesMVP_NicoStan",50000,25,64,16,4,100,"3f8ed78629bdab9b833b52bd1450ea30","state_allocation_thread_setup_sampling_divergence_check","iteration_difference","main_scaling","two_run_difference",NA,4,8.00000000000033,7.95808080808107,0.588425238062867,0.234749999999778,8.15475000000011,0.154749999999775,0.0800000000000033,0.229499999999859,8.11950000000016,0.14808080808046,0.0795808080808107,0,FALSE,FALSE,1.99999999999992,199.999999999992,0,"6497;6520;6543;6566",1661,FALSE,0.847632575757496
"HPC","MD_BayesMVP_WCP","BayesMVP_NicoStan",50000,25,96,16,6,100,"3f8ed78629bdab9b833b52bd1450ea30","state_allocation_thread_setup_sampling_divergence_check","iteration_difference","main_scaling","two_run_difference",NA,4,8.22550505050505,8.10505050505022,0.653537370091222,0.241500000000002,8.38475,0.159244949494952,0.0822550505050505,0.238,8.26199999999972,0.156949494949497,0.0810505050505022,0,FALSE,FALSE,1.94516931200688,194.516931200688,0,"6498;6521;6544;6567",1662,FALSE,0.867313419089451
"HPC","MD_BayesMVP_WCP","BayesMVP_NicoStan",50000,25,128,16,8,100,"3f8ed78629bdab9b833b52bd1450ea30","state_allocation_thread_setup_sampling_divergence_check","iteration_difference","main_scaling","two_run_difference",NA,4,8.51338383838387,8.47373737373744,0.43736430888501,0.236499999999992,8.66475000000003,0.151366161616154,0.0851338383838387,0.234499999999997,8.63200000000006,0.148606060606057,0.0847373737373744,0,FALSE,FALSE,1.87939370569216,187.939370569216,0,"6499;6522;6545;6568",1663,FALSE,0.852490137335726
"HPC","MD_BayesMVP_WCP","BayesMVP_NicoStan",50000,25,176,16,11,100,"3f8ed78629bdab9b833b52bd1450ea30","state_allocation_thread_setup_sampling_divergence_check","iteration_difference","main_scaling","two_run_difference",NA,4,8.8858585858589,8.70909090909086,0.543454995664551,0.274749999999841,9.07175000000015,0.185891414141252,0.088858585858589,0.272999999999627,8.89850000000001,0.182373737373357,0.0870909090909087,0,FALSE,FALSE,1.80061384562913,180.061384562913,0,"6500;6523;6546;6569",1664,FALSE,0.791917699215575
"HPC","MD_BayesMVP_WCP","BayesMVP_NicoStan",50000,25,96,24,4,100,"3f8ed78629bdab9b833b52bd1450ea30","state_allocation_thread_setup_sampling_divergence_check","iteration_difference","main_scaling","two_run_difference",NA,4,12.4822916666673,12.5416666666676,0.71897540748923,0.324749999999995,12.6822187500006,0.199927083333321,0.124822916666673,0.326000000000022,12.7397500000009,0.198083333333291,0.125416666666676,0,FALSE,FALSE,1.92272385879987,192.272385879987,0,"6501;6524;6547;6570",1665,FALSE,0.767754318617873
"HPC","MD_BayesMVP_WCP","BayesMVP_NicoStan",50000,25,64,32,2,100,"3f8ed78629bdab9b833b52bd1450ea30","state_allocation_thread_setup_sampling_divergence_check","iteration_difference","main_scaling","two_run_difference",NA,4,14.4031249999993,14.5020833333329,0.542919224859846,0.40075000000013,14.6598437499994,0.256718750000137,0.144031249999993,0.398000000000138,14.7705624999997,0.250145833333477,0.145020833333329,0,FALSE,FALSE,2.22174007376882,222.174007376882,0,"6502;6525;6548;6571",1666,FALSE,0.822521154263475
"HPC","MD_BayesMVP_WCP","BayesMVP_NicoStan",50000,25,128,32,4,100,"3f8ed78629bdab9b833b52bd1450ea30","state_allocation_thread_setup_sampling_divergence_check","iteration_difference","main_scaling","two_run_difference",NA,4,15.7864583333331,15.7458333333324,0.39820742721918,0.445750000000089,16.0743437499998,0.287885416666758,0.157864583333331,0.444500000000062,16.0313749999993,0.288604166666725,0.157458333333324,0,FALSE,FALSE,2.02705377763118,202.705377763118,0,"6503;6526;6549;6572",1667,FALSE,0.739030023094719
"HPC","MD_BayesMVP_WCP","BayesMVP_NicoStan",50000,25,180,45,4,100,"3f8ed78629bdab9b833b52bd1450ea30","state_allocation_thread_setup_sampling_divergence_check","iteration_difference","main_scaling","two_run_difference",NA,4,21.7218750000005,21.7729166666667,0.252243980033365,0.633000000000038,22.1376562500006,0.415781250000033,0.217218750000005,0.644999999999982,22.2001875000003,0.427270833333542,0.217729166666667,0,FALSE,FALSE,2.07164436771682,207.164436771682,0,"6504;6527;6550;6573",1668,FALSE,0.665707572051969
"HPC","MD_BayesMVP_WCP","BayesMVP_NicoStan",50000,25,96,48,2,100,"3f8ed78629bdab9b833b52bd1450ea30","state_allocation_thread_setup_sampling_divergence_check","iteration_difference","main_scaling","two_run_difference",NA,4,21.5166666666652,21.5312499999982,0.480342759564688,0.624500000000239,21.9259999999988,0.409333333333587,0.215166666666652,0.624000000000251,21.9399374999985,0.409979166666905,0.215312499999982,0,FALSE,FALSE,2.23082881487234,223.082881487234,0,"6505;6528;6551;6574",1669,FALSE,0.810515104570165
"HPC","MD_BayesMVP_WCP","BayesMVP_NicoStan",50000,25,128,64,2,100,"3f8ed78629bdab9b833b52bd1450ea30","state_allocation_thread_setup_sampling_divergence_check","iteration_difference","main_scaling","two_run_difference",NA,4,30.3250000000001,30.25,0.292122659423683,0.811000000000035,30.8327500000001,0.507750000000035,0.303250000000001,0.800000000000182,30.7750000000001,0.497937500000196,0.3025,0,FALSE,FALSE,2.11046990931574,211.046990931574,0,"6506;6529;6552;6575",1670,FALSE,0.745397087111867
"HPC","MD_BayesMVP_WCP","BayesMVP_NicoStan",50000,25,180,90,2,100,"3f8ed78629bdab9b833b52bd1450ea30","state_allocation_thread_setup_sampling_divergence_check","iteration_difference","main_scaling","two_run_difference",NA,4,45.5968750000001,46.2770833333337,1.61202216218997,1.10424999999998,46.2451562500001,0.648281249999978,0.455968750000001,1.10249999999996,46.9278125000003,0.650729166666594,0.462770833333337,0,FALSE,FALSE,1.97381947776026,197.381947776026,0,"6507;6530;6553;6576",1671,FALSE,0.597491604413688
"HPC","MD_BayesMVP_WCP","BayesMVP_NicoStan",50000,50,8,4,2,100,"3f8ed78629bdab9b833b52bd1450ea30","state_allocation_thread_setup_sampling_divergence_check","iteration_difference","main_scaling","two_run_difference",NA,4,9.71161616161615,9.72727272727249,0.0558486300881151,0.135999999999996,9.75049999999999,0.0388838383838341,0.0971161616161615,0.135999999999967,9.76849999999979,0.0385454545454193,0.0972727272727249,0,FALSE,FALSE,0.411877892766135,41.1877892766135,0,"6577;6602;6627;6652",1672,TRUE,1
"HPC","MD_BayesMVP_WCP","BayesMVP_NicoStan",50000,50,16,4,4,100,"3f8ed78629bdab9b833b52bd1450ea30","state_allocation_thread_setup_sampling_divergence_check","iteration_difference","main_scaling","two_run_difference",NA,4,5.94621212121203,5.88383838383834,0.169892013533043,0.102500000000191,5.9892500000001,0.0430378787880707,0.0594621212121203,0.100000000000364,5.91899999999995,0.0414545454549111,0.0588383838383834,0,FALSE,FALSE,0.672697158873752,67.2697158873753,0,"6578;6603;6628;6653",1673,FALSE,0.994903809402488
"HPC","MD_BayesMVP_WCP","BayesMVP_NicoStan",50000,50,32,4,8,100,"3f8ed78629bdab9b833b52bd1450ea30","state_allocation_thread_setup_sampling_divergence_check","iteration_difference","main_scaling","two_run_difference",NA,4,4.25227272727241,4.17979797979753,0.229624754334765,0.100750000000161,4.31049999999985,0.0582272727274372,0.0425227272727241,0.100500000000238,4.23749999999978,0.0577020202022583,0.0417979797979753,0,FALSE,FALSE,0.940673436664955,94.0673436664955,0,"6579;6604;6629;6654",1674,FALSE,0.981590355721862
"HPC","MD_BayesMVP_WCP","BayesMVP_NicoStan",50000,50,64,4,16,100,"3f8ed78629bdab9b833b52bd1450ea30","state_allocation_thread_setup_sampling_divergence_check","iteration_difference","main_scaling","two_run_difference",NA,4,3.26161616161606,3.29040404040392,0.0971764070632983,0.0955000000001291,3.32450000000003,0.0628838383839685,0.0326161616161606,0.0940000000002783,3.35449999999986,0.0616717171719963,0.0329040404040392,0,FALSE,FALSE,1.22638587798084,122.638587798084,0,"6580;6605;6630;6655",1675,TRUE,1
"HPC","MD_BayesMVP_WCP","BayesMVP_NicoStan",50000,50,96,4,24,100,"3f8ed78629bdab9b833b52bd1450ea30","state_allocation_thread_setup_sampling_divergence_check","iteration_difference","main_scaling","two_run_difference",NA,4,3.75303030303006,3.8181818181815,0.184723329785725,0.107500000000158,3.82299999999992,0.0699696969698574,0.0375303030303007,0.102000000000317,3.87949999999995,0.0652929292932502,0.038181818181815,0,FALSE,FALSE,1.06580540976995,106.580540976995,0,"6581;6606;6631;6656",1676,FALSE,0.962656439241125
"HPC","MD_BayesMVP_WCP","BayesMVP_NicoStan",50000,50,128,4,32,100,"3f8ed78629bdab9b833b52bd1450ea30","state_allocation_thread_setup_sampling_divergence_check","iteration_difference","main_scaling","two_run_difference",NA,4,4.00883838383853,3.98838383838415,0.0827476613462453,0.121499999999997,4.09025000000014,0.0814116161616122,0.0400883838383853,0.122499999999945,4.0785000000003,0.082868686868629,0.0398838383838415,0,FALSE,FALSE,0.997795275590516,99.7795275590516,0,"6582;6607;6632;6657",1677,FALSE,0.96535433070858
"HPC","MD_BayesMVP_WCP","BayesMVP_NicoStan",50000,50,176,4,44,100,"3f8ed78629bdab9b833b52bd1450ea30","state_allocation_thread_setup_sampling_divergence_check","iteration_difference","main_scaling","two_run_difference",NA,4,4.16893939393934,4.21212121212117,0.228695695002685,0.188750000000169,4.31600000000012,0.147060606060776,0.0416893939393934,0.189000000000135,4.36750000000001,0.147959595959731,0.0421212121212117,0,FALSE,FALSE,0.959476649100503,95.9476649100503,0,"6583;6608;6633;6658",1678,FALSE,0.983524138348811
"HPC","MD_BayesMVP_WCP","BayesMVP_NicoStan",50000,50,16,8,2,100,"3f8ed78629bdab9b833b52bd1450ea30","state_allocation_thread_setup_sampling_divergence_check","iteration_difference","main_scaling","two_run_difference",NA,4,9.69924242424228,9.62121212121216,0.354856957366264,0.173250000000138,9.77549999999999,0.0762575757577152,0.0969924242424228,0.175500000000284,9.69250000000005,0.0812272727275338,0.0962121212121216,0,FALSE,FALSE,0.824806685932997,82.4806685932997,0,"6584;6609;6634;6659",1679,TRUE,1
"HPC","MD_BayesMVP_WCP","BayesMVP_NicoStan",50000,50,32,8,4,100,"3f8ed78629bdab9b833b52bd1450ea30","state_allocation_thread_setup_sampling_divergence_check","iteration_difference","main_scaling","two_run_difference",NA,4,6.25707070707086,6.26313131313146,0.439970209204882,0.140499999999747,6.33499999999989,0.0779292929290386,0.0625707070707086,0.141499999999894,6.34600000000006,0.0759696969695897,0.0626313131313146,0,FALSE,FALSE,1.27855355557346,127.855355557346,0,"6585;6610;6635;6660",1680,FALSE,0.997982080878136
"HPC","MD_BayesMVP_WCP","BayesMVP_NicoStan",50000,50,64,8,8,100,"3f8ed78629bdab9b833b52bd1450ea30","state_allocation_thread_setup_sampling_divergence_check","iteration_difference","main_scaling","two_run_difference",NA,4,4.29898989898973,4.30050505050493,0.199630648984822,0.127000000000038,4.38299999999987,0.0840101010101407,0.0429898989898973,0.1280000000001,4.38249999999982,0.0853131313132326,0.0430050505050493,0,FALSE,FALSE,1.86090225563917,186.090225563917,0,"6586;6611;6636;6661",1681,TRUE,1
"HPC","MD_BayesMVP_WCP","BayesMVP_NicoStan",50000,50,96,8,12,100,"3f8ed78629bdab9b833b52bd1450ea30","state_allocation_thread_setup_sampling_divergence_check","iteration_difference","main_scaling","two_run_difference",NA,4,5.0199494949495,5.0969696969698,0.304496313549974,0.141500000000008,5.11125000000001,0.0913005050505127,0.050199494949495,0.141999999999825,5.18799999999993,0.0910303030301273,0.050969696969698,0,FALSE,FALSE,1.59364153126415,159.364153126415,0,"6587;6612;6637;6662",1682,FALSE,0.963680265606951
"HPC","MD_BayesMVP_WCP","BayesMVP_NicoStan",50000,50,128,8,16,100,"3f8ed78629bdab9b833b52bd1450ea30","state_allocation_thread_setup_sampling_divergence_check","iteration_difference","main_scaling","two_run_difference",NA,4,5.7575757575758,5.73484848484815,0.512606773442779,0.149500000000018,5.84950000000006,0.0919242424242595,0.057575757575758,0.148000000000252,5.82549999999992,0.0931969696967485,0.0573484848484815,0,FALSE,FALSE,1.38947368421052,138.947368421052,0,"6588;6613;6638;6663",1683,FALSE,0.880394736842162
"HPC","MD_BayesMVP_WCP","BayesMVP_NicoStan",50000,50,176,8,22,100,"3f8ed78629bdab9b833b52bd1450ea30","state_allocation_thread_setup_sampling_divergence_check","iteration_difference","main_scaling","two_run_difference",NA,4,5.09166666666664,5.10151515151498,0.243490046297419,0.200250000000068,5.24100000000004,0.149333333333402,0.0509166666666664,0.199000000000183,5.26000000000005,0.149393939394008,0.0510151515151498,0,FALSE,FALSE,1.57119476268413,157.119476268413,0,"6589;6614;6639;6664",1684,FALSE,0.977185934632662
"HPC","MD_BayesMVP_WCP","BayesMVP_NicoStan",50000,50,32,16,2,100,"3f8ed78629bdab9b833b52bd1450ea30","state_allocation_thread_setup_sampling_divergence_check","iteration_difference","main_scaling","two_run_difference",NA,4,10.6522727272726,10.5732323232322,0.533955594928877,0.24125000000015,10.787,0.134727272727424,0.106522727272726,0.221500000000049,10.7319999999999,0.11509595959626,0.105732323232322,0,FALSE,FALSE,1.50202688286753,150.202688286753,0,"6590;6615;6640;6665",1685,FALSE,0.991418343882624
"HPC","MD_BayesMVP_WCP","BayesMVP_NicoStan",50000,50,64,16,4,100,"3f8ed78629bdab9b833b52bd1450ea30","state_allocation_thread_setup_sampling_divergence_check","iteration_difference","main_scaling","two_run_difference",NA,4,6.79090909090896,6.71969696969671,0.303118954484906,0.210000000000008,6.93299999999988,0.142090909090918,0.0679090909090896,0.199000000000069,6.84449999999987,0.133267676767749,0.0671969696969671,0,FALSE,FALSE,2.35609103078987,235.609103078987,0,"6591;6616;6641;6666",1686,FALSE,0.998549754573818
"HPC","MD_BayesMVP_WCP","BayesMVP_NicoStan",50000,50,96,16,6,100,"3f8ed78629bdab9b833b52bd1450ea30","state_allocation_thread_setup_sampling_divergence_check","iteration_difference","main_scaling","two_run_difference",NA,4,7.24671717171734,7.22979797979824,0.356491131174496,0.227000000000032,7.4012500000002,0.154532828282859,0.0724671717171734,0.225500000000068,7.37800000000021,0.155621212121279,0.0722979797979824,0,FALSE,FALSE,2.20789629577999,220.789629577999,0,"6592;6617;6642;6667",1687,FALSE,0.984458305746245
"HPC","MD_BayesMVP_WCP","BayesMVP_NicoStan",50000,50,128,16,8,100,"3f8ed78629bdab9b833b52bd1450ea30","state_allocation_thread_setup_sampling_divergence_check","iteration_difference","main_scaling","two_run_difference",NA,4,7.56792929292933,7.72020202020205,0.309956068957891,0.237249999999932,7.72949999999997,0.161570707070639,0.0756792929292933,0.226499999999817,7.86600000000004,0.152383838383654,0.0772020202020205,0,FALSE,FALSE,2.11418465747938,211.418465747938,0,"6593;6618;6643;6668",1688,FALSE,0.958990957322543
"HPC","MD_BayesMVP_WCP","BayesMVP_NicoStan",50000,50,176,16,11,100,"3f8ed78629bdab9b833b52bd1450ea30","state_allocation_thread_setup_sampling_divergence_check","iteration_difference","main_scaling","two_run_difference",NA,4,7.16136363636373,7.24090909090932,0.425163642270237,0.253249999999866,7.34299999999996,0.181636363636229,0.0716136363636373,0.25249999999977,7.43699999999995,0.179328282828052,0.0724090909090931,0,FALSE,FALSE,2.23421136147252,223.421136147252,0,"6594;6619;6644;6669",1689,FALSE,0.982615748086965
"HPC","MD_BayesMVP_WCP","BayesMVP_NicoStan",50000,50,96,24,4,100,"3f8ed78629bdab9b833b52bd1450ea30","state_allocation_thread_setup_sampling_divergence_check","iteration_difference","main_scaling","two_run_difference",NA,4,10.0906250000004,10.0791666666661,0.181186131786137,0.294749999999794,10.2844687500002,0.193843749999791,0.100906250000004,0.294999999999845,10.2733749999993,0.194208333333184,0.100791666666661,0,FALSE,FALSE,2.37844533911419,237.844533911419,0,"6595;6620;6645;6670",1690,FALSE,0.949726437493354
"HPC","MD_BayesMVP_WCP","BayesMVP_NicoStan",50000,50,64,32,2,100,"3f8ed78629bdab9b833b52bd1450ea30","state_allocation_thread_setup_sampling_divergence_check","iteration_difference","main_scaling","two_run_difference",NA,4,12.6510416666666,12.5687500000007,0.275785389420619,0.387499999999932,12.9120312499999,0.260989583333265,0.126510416666666,0.386999999999944,12.8350625000006,0.261562499999703,0.125687500000007,0,FALSE,FALSE,2.52943598188555,252.943598188555,0,"6596;6621;6646;6671",1691,FALSE,0.936434746809429
"HPC","MD_BayesMVP_WCP","BayesMVP_NicoStan",50000,50,128,32,4,100,"3f8ed78629bdab9b833b52bd1450ea30","state_allocation_thread_setup_sampling_divergence_check","iteration_difference","main_scaling","two_run_difference",NA,4,13.0125000000007,13.0875000000013,0.161338441149892,0.375749999999925,13.2581250000006,0.245624999999919,0.130125000000007,0.378500000000031,13.3356250000012,0.247562500000024,0.130875000000013,0,FALSE,FALSE,2.45917387127749,245.917387127749,0,"6597;6622;6647;6672",1692,FALSE,0.896573807236607
"HPC","MD_BayesMVP_WCP","BayesMVP_NicoStan",50000,50,180,45,4,100,"3f8ed78629bdab9b833b52bd1450ea30","state_allocation_thread_setup_sampling_divergence_check","iteration_difference","main_scaling","two_run_difference",NA,4,15.70625,15.6583333333325,0.412219320894118,0.573499999999967,16.1226874999999,0.416437499999967,0.1570625,0.569999999999936,16.0697499999992,0.411416666666658,0.156583333333325,0,FALSE,FALSE,2.86510147234382,286.510147234382,0,"6598;6623;6648;6673",1693,FALSE,0.92067913516382
"HPC","MD_BayesMVP_WCP","BayesMVP_NicoStan",50000,50,96,48,2,100,"3f8ed78629bdab9b833b52bd1450ea30","state_allocation_thread_setup_sampling_divergence_check","iteration_difference","main_scaling","two_run_difference",NA,4,18.072916666667,17.8770833333336,0.45351635398772,0.581749999999943,18.4739375000003,0.401020833333272,0.18072916666667,0.582499999999754,18.2833125000003,0.401604166666592,0.178770833333336,0,FALSE,FALSE,2.65590778097977,265.590778097977,0,"6599;6624;6649;6674",1694,FALSE,0.964956772334284
"HPC","MD_BayesMVP_WCP","BayesMVP_NicoStan",50000,50,128,64,2,100,"3f8ed78629bdab9b833b52bd1450ea30","state_allocation_thread_setup_sampling_divergence_check","iteration_difference","main_scaling","two_run_difference",NA,4,24.3114583333328,24.4041666666665,0.897800649889776,0.721500000000106,24.7898437499996,0.478385416666777,0.243114583333328,0.723500000000058,24.8791249999999,0.474958333333385,0.244041666666665,0,FALSE,FALSE,2.63250353485588,263.250353485588,0,"6600;6625;6650;6675",1695,FALSE,0.929774197694897
"HPC","MD_BayesMVP_WCP","BayesMVP_NicoStan",50000,50,180,90,2,100,"3f8ed78629bdab9b833b52bd1450ea30","state_allocation_thread_setup_sampling_divergence_check","iteration_difference","main_scaling","two_run_difference",NA,4,32.6427083333338,32.6250000000016,0.52215249608391,0.969749999999976,33.2860312500004,0.643322916666638,0.326427083333338,0.966499999999996,33.2747500000015,0.640770833333249,0.326250000000016,0,FALSE,FALSE,2.75712416632092,275.712416632092,0,"6601;6626;6651;6676",1696,FALSE,0.834604461180077
"HPC","MD_BayesMVP_WCP","BayesMVP_NicoStan",50000,100,8,4,2,100,"3f8ed78629bdab9b833b52bd1450ea30","state_allocation_thread_setup_sampling_divergence_check","iteration_difference","main_scaling","two_run_difference",NA,4,9.72954545454494,9.68686868686843,0.253337917947942,0.133750000000305,9.76599999999979,0.0364545454548553,0.0972954545454494,0.133500000000197,9.72299999999996,0.0361313131315244,0.0968686868686843,0,FALSE,FALSE,0.411118897453888,41.1118897453888,0,"6677;6702;6727;6752",1697,FALSE,0.998157232214748
"HPC","MD_BayesMVP_WCP","BayesMVP_NicoStan",50000,100,16,4,4,100,"3f8ed78629bdab9b833b52bd1450ea30","state_allocation_thread_setup_sampling_divergence_check","iteration_difference","main_scaling","two_run_difference",NA,4,5.9159090909091,5.82171717171719,0.209251674560785,0.104250000000178,5.96100000000018,0.0450909090910871,0.059159090909091,0.10100000000017,5.87050000000022,0.0417828282831919,0.0582171717171719,0,FALSE,FALSE,0.676142912024586,67.6142912024586,0,"6678;6703;6728;6753",1698,TRUE,1
"HPC","MD_BayesMVP_WCP","BayesMVP_NicoStan",50000,100,32,4,8,100,"3f8ed78629bdab9b833b52bd1450ea30","state_allocation_thread_setup_sampling_divergence_check","iteration_difference","main_scaling","two_run_difference",NA,4,4.19292929292968,4.19646464646526,0.0341746695166576,0.0977499999997349,4.24875000000011,0.0558207070704381,0.0419292929292968,0.0994999999997503,4.25600000000031,0.0576919191916677,0.0419646464646526,0,FALSE,FALSE,0.953986991086398,95.3986991086398,0,"6679;6704;6729;6754",1699,FALSE,0.99548301614055
"HPC","MD_BayesMVP_WCP","BayesMVP_NicoStan",50000,100,64,4,16,100,"3f8ed78629bdab9b833b52bd1450ea30","state_allocation_thread_setup_sampling_divergence_check","iteration_difference","main_scaling","two_run_difference",NA,4,3.34090909090918,3.31464646464646,0.102343056834176,0.0847500000000139,3.3922500000001,0.0513409090909221,0.0334090909090918,0.0844999999999914,3.36149999999998,0.0510757575758509,0.0331464646464646,0,FALSE,FALSE,1.19727891156459,119.727891156459,0,"6680;6705;6730;6755",1700,FALSE,0.976266061980291
"HPC","MD_BayesMVP_WCP","BayesMVP_NicoStan",50000,100,96,4,24,100,"3f8ed78629bdab9b833b52bd1450ea30","state_allocation_thread_setup_sampling_divergence_check","iteration_difference","main_scaling","two_run_difference",NA,4,3.62424242424271,3.61919191919229,0.189524309787318,0.0897499999997535,3.67775000000003,0.0535075757573265,0.0362424242424271,0.0909999999997808,3.67150000000009,0.0547070707068496,0.0361919191919229,0,FALSE,FALSE,1.1036789297658,110.36789297658,0,"6681;6706;6731;6756",1701,FALSE,0.996864548494955
"HPC","MD_BayesMVP_WCP","BayesMVP_NicoStan",50000,100,128,4,32,100,"3f8ed78629bdab9b833b52bd1450ea30","state_allocation_thread_setup_sampling_divergence_check","iteration_difference","main_scaling","two_run_difference",NA,4,3.98131313131298,3.94545454545438,0.197569663825546,0.111500000000063,4.05299999999991,0.0716868686869336,0.0398131313131298,0.108499999999992,4.02449999999982,0.0692424242425433,0.0394545454545438,0,FALSE,FALSE,1.00469364455161,100.469364455161,0,"6682;6707;6732;6757",1702,FALSE,0.972028415577815
"HPC","MD_BayesMVP_WCP","BayesMVP_NicoStan",50000,100,176,4,44,100,"3f8ed78629bdab9b833b52bd1450ea30","state_allocation_thread_setup_sampling_divergence_check","iteration_difference","main_scaling","two_run_difference",NA,4,4.18964646464644,4.15151515151528,0.200952354529573,0.153249999999986,4.30099999999996,0.111353535353521,0.0418964646464644,0.157999999999959,4.25700000000012,0.116904040404,0.0415151515151528,0,FALSE,FALSE,0.954734494605515,95.4734494605515,0,"6683;6708;6733;6758",1703,FALSE,0.978663130613007
"HPC","MD_BayesMVP_WCP","BayesMVP_NicoStan",50000,100,16,8,2,100,"3f8ed78629bdab9b833b52bd1450ea30","state_allocation_thread_setup_sampling_divergence_check","iteration_difference","main_scaling","two_run_difference",NA,4,9.81515151515141,9.82676767676756,0.287774214570432,0.171500000000066,9.88849999999996,0.0733484848485516,0.0981515151515141,0.165999999999997,9.91599999999988,0.0677979797980945,0.0982676767676756,0,FALSE,FALSE,0.815066378511895,81.5066378511895,0,"6684;6709;6734;6759",1704,FALSE,0.988190799629511
"HPC","MD_BayesMVP_WCP","BayesMVP_NicoStan",50000,100,32,8,4,100,"3f8ed78629bdab9b833b52bd1450ea30","state_allocation_thread_setup_sampling_divergence_check","iteration_difference","main_scaling","two_run_difference",NA,4,6.2444444444442,6.27222222222233,0.165707883978991,0.154250000000133,6.33624999999989,0.0918055555556905,0.062444444444442,0.156999999999869,6.36649999999997,0.0942777777776453,0.0627222222222233,0,FALSE,FALSE,1.28113879003564,128.113879003564,0,"6685;6710;6735;6760",1705,TRUE,1
"HPC","MD_BayesMVP_WCP","BayesMVP_NicoStan",50000,100,64,8,8,100,"3f8ed78629bdab9b833b52bd1450ea30","state_allocation_thread_setup_sampling_divergence_check","iteration_difference","main_scaling","two_run_difference",NA,4,4.47601010101019,4.49999999999975,0.146677831614107,0.128999999999849,4.56024999999994,0.0842398989897466,0.0447601010101019,0.13250000000005,4.59699999999981,0.0867070707071207,0.0449999999999975,0,FALSE,FALSE,1.78730606488008,178.730606488008,0,"6686;6711;6736;6761",1706,FALSE,0.960451339915316
"HPC","MD_BayesMVP_WCP","BayesMVP_NicoStan",50000,100,96,8,12,100,"3f8ed78629bdab9b833b52bd1450ea30","state_allocation_thread_setup_sampling_divergence_check","iteration_difference","main_scaling","two_run_difference",NA,4,4.83762626262642,4.82626262626299,0.120283691802209,0.142749999999864,4.93200000000002,0.0943737373736003,0.0483762626262642,0.1394999999996,4.91750000000002,0.0912373737369704,0.0482626262626299,0,FALSE,FALSE,1.65370360703654,165.370360703654,0,"6687;6712;6737;6762",1707,TRUE,1
"HPC","MD_BayesMVP_WCP","BayesMVP_NicoStan",50000,100,128,8,16,100,"3f8ed78629bdab9b833b52bd1450ea30","state_allocation_thread_setup_sampling_divergence_check","iteration_difference","main_scaling","two_run_difference",NA,4,5.06893939393976,5.13787878787879,0.186476747949944,0.136749999999807,5.15500000000017,0.0860606060604098,0.0506893939393976,0.133499999999856,5.22800000000001,0.0819999999995998,0.0513787878787879,0,FALSE,FALSE,1.57823942609464,157.823942609464,0,"6688;6713;6738;6763",1708,TRUE,1
"HPC","MD_BayesMVP_WCP","BayesMVP_NicoStan",50000,100,176,8,22,100,"3f8ed78629bdab9b833b52bd1450ea30","state_allocation_thread_setup_sampling_divergence_check","iteration_difference","main_scaling","two_run_difference",NA,4,4.97550505050461,5.03232323232286,0.202019149829267,0.170750000000254,5.09649999999982,0.120994949495208,0.0497550505050461,0.173000000000172,5.15049999999997,0.123813131313309,0.0503232323232286,0,FALSE,FALSE,1.60787697304993,160.787697304993,0,"6689;6714;6739;6764",1709,TRUE,1
"HPC","MD_BayesMVP_WCP","BayesMVP_NicoStan",50000,100,32,16,2,100,"3f8ed78629bdab9b833b52bd1450ea30","state_allocation_thread_setup_sampling_divergence_check","iteration_difference","main_scaling","two_run_difference",NA,4,10.5608585858586,10.6964646464645,0.361202456012696,0.25525000000016,10.7105000000002,0.149641414141574,0.105608585858586,0.258000000000209,10.8475000000001,0.151035353535564,0.106964646464645,0,FALSE,FALSE,1.51502833504698,151.502833504698,0,"6690;6715;6740;6765",1710,TRUE,1
"HPC","MD_BayesMVP_WCP","BayesMVP_NicoStan",50000,100,64,16,4,100,"3f8ed78629bdab9b833b52bd1450ea30","state_allocation_thread_setup_sampling_divergence_check","iteration_difference","main_scaling","two_run_difference",NA,4,6.78106060606025,6.7641414141412,0.0863321264906517,0.207250000000215,6.92049999999986,0.139439393939613,0.0678106060606025,0.200500000000261,6.91049999999996,0.132520202020468,0.067641414141412,0,FALSE,FALSE,2.35951290358632,235.951290358632,0,"6691;6716;6741;6766",1711,TRUE,1
"HPC","MD_BayesMVP_WCP","BayesMVP_NicoStan",50000,100,96,16,6,100,"3f8ed78629bdab9b833b52bd1450ea30","state_allocation_thread_setup_sampling_divergence_check","iteration_difference","main_scaling","two_run_difference",NA,4,7.13409090909108,7.206565656566,0.172660067261325,0.207249999999931,7.2700000000001,0.13590909090902,0.0713409090909108,0.197999999999865,7.32950000000028,0.125702020201883,0.07206565656566,0,FALSE,FALSE,2.2427524689391,224.27524689391,0,"6692;6717;6742;6767",1712,TRUE,1
"HPC","MD_BayesMVP_WCP","BayesMVP_NicoStan",50000,100,128,16,8,100,"3f8ed78629bdab9b833b52bd1450ea30","state_allocation_thread_setup_sampling_divergence_check","iteration_difference","main_scaling","two_run_difference",NA,4,7.25757575757562,7.22424242424253,0.22945677114054,0.211250000000007,7.39624999999987,0.138674242424251,0.0725757575757562,0.210000000000036,7.37399999999997,0.139262626262666,0.0722424242424253,0,FALSE,FALSE,2.20459290187896,220.459290187896,0,"6693;6718;6743;6768",1713,TRUE,1
"HPC","MD_BayesMVP_WCP","BayesMVP_NicoStan",50000,100,176,16,11,100,"3f8ed78629bdab9b833b52bd1450ea30","state_allocation_thread_setup_sampling_divergence_check","iteration_difference","main_scaling","two_run_difference",NA,4,7.03686868686834,7.12626262626235,0.290522446949009,0.24550000000022,7.21199999999988,0.175131313131537,0.0703686868686834,0.240500000000225,7.30649999999991,0.16912626262649,0.0712626262626235,0,FALSE,FALSE,2.27373860618686,227.373860618686,0,"6694;6719;6744;6769",1714,TRUE,1
"HPC","MD_BayesMVP_WCP","BayesMVP_NicoStan",50000,100,96,24,4,100,"3f8ed78629bdab9b833b52bd1450ea30","state_allocation_thread_setup_sampling_divergence_check","iteration_difference","main_scaling","two_run_difference",NA,4,9.69270833333316,9.70000000000084,0.38933072618448,0.237750000000005,9.83353124999984,0.140822916666674,0.0969270833333316,0.232999999999947,9.84700000000075,0.13941666666661,0.0970000000000084,0,FALSE,FALSE,2.4760881246642,247.60881246642,0,"6695;6720;6745;6770",1715,FALSE,0.988715744223387
"HPC","MD_BayesMVP_WCP","BayesMVP_NicoStan",50000,100,64,32,2,100,"3f8ed78629bdab9b833b52bd1450ea30","state_allocation_thread_setup_sampling_divergence_check","iteration_difference","main_scaling","two_run_difference",NA,4,11.8468750000005,11.91875,0.159621042832337,0.298249999999825,12.0266562500003,0.17978124999982,0.118468750000005,0.297999999999774,12.0980624999999,0.180249999999764,0.1191875,0,FALSE,FALSE,2.70113426536522,270.113426536522,0,"6696;6721;6746;6771",1716,TRUE,1
"HPC","MD_BayesMVP_WCP","BayesMVP_NicoStan",50000,100,128,32,4,100,"3f8ed78629bdab9b833b52bd1450ea30","state_allocation_thread_setup_sampling_divergence_check","iteration_difference","main_scaling","two_run_difference",NA,4,11.666666666667,11.6604166666662,0.176350608270534,0.291749999999979,11.8417500000003,0.17508333333331,0.116666666666669,0.292500000000018,11.8363124999995,0.175895833333357,0.116604166666662,0,FALSE,FALSE,2.74285714285708,274.285714285708,0,"6697;6722;6747;6772",1717,TRUE,1
"HPC","MD_BayesMVP_WCP","BayesMVP_NicoStan",50000,100,180,45,4,100,"3f8ed78629bdab9b833b52bd1450ea30","state_allocation_thread_setup_sampling_divergence_check","iteration_difference","main_scaling","two_run_difference",NA,4,14.5406250000003,14.5145833333326,0.149434698671626,0.427500000000009,14.8227187500003,0.282093750000006,0.145406250000003,0.427500000000009,14.8069374999995,0.281166666666669,0.145145833333326,0,FALSE,FALSE,3.09477756286261,309.477756286261,0,"6698;6723;6748;6773",1718,FALSE,0.994483845547659
"HPC","MD_BayesMVP_WCP","BayesMVP_NicoStan",50000,100,96,48,2,100,"3f8ed78629bdab9b833b52bd1450ea30","state_allocation_thread_setup_sampling_divergence_check","iteration_difference","main_scaling","two_run_difference",NA,4,17.4395833333335,17.3916666666666,0.182114000722663,0.446749999999952,17.7119375000001,0.272354166666616,0.174395833333335,0.441000000000031,17.6587499999999,0.267083333333365,0.173916666666666,0,FALSE,FALSE,2.75235933580214,275.235933580214,0,"6699;6724;6749;6774",1719,TRUE,1
"HPC","MD_BayesMVP_WCP","BayesMVP_NicoStan",50000,100,128,64,2,100,"3f8ed78629bdab9b833b52bd1450ea30","state_allocation_thread_setup_sampling_divergence_check","iteration_difference","main_scaling","two_run_difference",NA,4,22.6041666666674,22.7000000000004,0.587317741626608,0.557999999999879,22.9361250000006,0.331958333333205,0.226041666666674,0.555000000000064,23.0350000000003,0.331479166666725,0.227000000000004,0,FALSE,FALSE,2.83133640552986,283.133640552986,0,"6700;6725;6750;6775",1720,TRUE,1
"HPC","MD_BayesMVP_WCP","BayesMVP_NicoStan",50000,100,180,90,2,100,"3f8ed78629bdab9b833b52bd1450ea30","state_allocation_thread_setup_sampling_divergence_check","iteration_difference","main_scaling","two_run_difference",NA,4,27.2437500000005,27.1875000000013,1.06606156882053,0.737999999999943,27.7093125000004,0.465562499999938,0.272437500000005,0.736999999999853,27.643125000001,0.468020833333308,0.271875000000013,0,FALSE,FALSE,3.30350997935301,330.350997935301,0,"6701;6726;6751;6776",1721,TRUE,1
"HPC","MD_BayesMVP_WCP","BayesMVP_NicoStan",50000,250,8,4,2,100,"3f8ed78629bdab9b833b52bd1450ea30","state_allocation_thread_setup_sampling_divergence_check","iteration_difference","main_scaling","two_run_difference",NA,4,10.2376262626264,10.2823232323234,0.288474632938472,0.138749999999789,10.2739999999999,0.0363737373735246,0.102376262626264,0.139499999999771,10.3204999999998,0.0373131313129363,0.102823232323234,0,FALSE,FALSE,0.39071557189018,39.071557189018,0,"6777;6802;6827;6852",1722,FALSE,0.948619915640943
"HPC","MD_BayesMVP_WCP","BayesMVP_NicoStan",50000,250,16,4,4,100,"3f8ed78629bdab9b833b52bd1450ea30","state_allocation_thread_setup_sampling_divergence_check","iteration_difference","main_scaling","two_run_difference",NA,4,6.08737373737359,6.08535353535347,0.148225798444477,0.101000000000198,6.12750000000005,0.0401262626264621,0.0608737373737359,0.101000000000226,6.12400000000025,0.040005050505277,0.0608535353535347,0,FALSE,FALSE,0.657097817970645,65.7097817970645,0,"6778;6803;6828;6853",1723,FALSE,0.971832738737268
"HPC","MD_BayesMVP_WCP","BayesMVP_NicoStan",50000,250,32,4,8,100,"3f8ed78629bdab9b833b52bd1450ea30","state_allocation_thread_setup_sampling_divergence_check","iteration_difference","main_scaling","two_run_difference",NA,4,4.1739898989897,4.16414141414096,0.155341964953482,0.0805000000000575,4.21274999999986,0.0387601010101606,0.041739898989897,0.081000000000131,4.20049999999969,0.0404141414142767,0.0416414141414096,0,FALSE,FALSE,0.958315687579452,95.8315687579452,0,"6779;6804;6829;6854",1724,TRUE,1
"HPC","MD_BayesMVP_WCP","BayesMVP_NicoStan",50000,250,64,4,16,100,"3f8ed78629bdab9b833b52bd1450ea30","state_allocation_thread_setup_sampling_divergence_check","iteration_difference","main_scaling","two_run_difference",NA,4,3.26313131313141,3.28030303030326,0.109378906540984,0.0834999999999297,3.31400000000002,0.0508686868686157,0.0326313131313141,0.0840000000001169,3.32749999999999,0.0515555555555342,0.0328030303030326,0,FALSE,FALSE,1.22581643708401,122.581643708401,0,"6780;6805;6830;6855",1725,FALSE,0.999535675591954
"HPC","MD_BayesMVP_WCP","BayesMVP_NicoStan",50000,250,96,4,24,100,"3f8ed78629bdab9b833b52bd1450ea30","state_allocation_thread_setup_sampling_divergence_check","iteration_difference","main_scaling","two_run_difference",NA,4,3.84949494949504,3.81868686868717,0.354383782337403,0.0910000000000935,3.90200000000019,0.052505050505143,0.0384949494949504,0.0909999999999513,3.87250000000029,0.0538131313131128,0.0381868686868717,0,FALSE,FALSE,1.03909734977694,103.909734977694,0,"6781;6806;6831;6856",1726,FALSE,0.938533193387585
"HPC","MD_BayesMVP_WCP","BayesMVP_NicoStan",50000,250,128,4,32,100,"3f8ed78629bdab9b833b52bd1450ea30","state_allocation_thread_setup_sampling_divergence_check","iteration_difference","main_scaling","two_run_difference",NA,4,4.03156565656558,4.06616161616135,0.19293964927155,0.102750000000043,4.09399999999997,0.0624343434343872,0.0403156565656558,0.0945000000002096,4.11999999999989,0.0538383838385393,0.0406616161616135,0,FALSE,FALSE,0.992170372690279,99.2170372690279,0,"6782;6807;6832;6857",1727,FALSE,0.959912308174103
"HPC","MD_BayesMVP_WCP","BayesMVP_NicoStan",50000,250,176,4,44,100,"3f8ed78629bdab9b833b52bd1450ea30","state_allocation_thread_setup_sampling_divergence_check","iteration_difference","main_scaling","two_run_difference",NA,4,4.30732323232329,4.4227272727273,0.273411506063415,0.152250000000009,4.41650000000007,0.109176767676776,0.0430732323232329,0.151500000000112,4.50500000000011,0.107272727272839,0.044227272727273,0,FALSE,FALSE,0.928650993726902,92.8650993726902,0,"6783;6808;6833;6858",1728,FALSE,0.951925895526767
"HPC","MD_BayesMVP_WCP","BayesMVP_NicoStan",50000,250,16,8,2,100,"3f8ed78629bdab9b833b52bd1450ea30","state_allocation_thread_setup_sampling_divergence_check","iteration_difference","main_scaling","two_run_difference",NA,4,10.5727272727269,10.4964646464643,0.683474979160592,0.174500000000165,10.6414999999998,0.0687727272728968,0.105727272727269,0.1755,10.5709999999997,0.0697020202021961,0.104964646464643,0,FALSE,FALSE,0.756663800515937,75.6663800515937,0,"6784;6809;6834;6859",1729,FALSE,0.917383204356572
"HPC","MD_BayesMVP_WCP","BayesMVP_NicoStan",50000,250,32,8,4,100,"3f8ed78629bdab9b833b52bd1450ea30","state_allocation_thread_setup_sampling_divergence_check","iteration_difference","main_scaling","two_run_difference",NA,4,6.65580808080822,6.54545454545474,0.346304480456553,0.132249999999914,6.72150000000005,0.0656919191918316,0.0665580808080822,0.134000000000071,6.60499999999979,0.0653383838384557,0.0654545454545474,0,FALSE,FALSE,1.20195773418824,120.195773418824,0,"6785;6810;6835;6860",1730,FALSE,0.938194786963559
"HPC","MD_BayesMVP_WCP","BayesMVP_NicoStan",50000,250,64,8,8,100,"3f8ed78629bdab9b833b52bd1450ea30","state_allocation_thread_setup_sampling_divergence_check","iteration_difference","main_scaling","two_run_difference",NA,4,4.69696969696996,4.65858585858617,0.178999855314258,0.12524999999988,4.77525000000014,0.0782803030301808,0.0469696969696996,0.124999999999886,4.73750000000018,0.0776464646463488,0.0465858585858617,0,FALSE,FALSE,1.70322580645152,170.322580645152,0,"6786;6811;6836;6861",1731,FALSE,0.915268817204213
"HPC","MD_BayesMVP_WCP","BayesMVP_NicoStan",50000,250,96,8,12,100,"3f8ed78629bdab9b833b52bd1450ea30","state_allocation_thread_setup_sampling_divergence_check","iteration_difference","main_scaling","two_run_difference",NA,4,5.03080808080835,5.09191919191948,0.19402618007671,0.128749999999997,5.10925000000026,0.0784419191919131,0.0503080808080835,0.124999999999943,5.17350000000033,0.075303030302971,0.0509191919191948,0,FALSE,FALSE,1.5902017869691,159.02017869691,0,"6787;6812;6837;6862",1732,FALSE,0.961600240939645
"HPC","MD_BayesMVP_WCP","BayesMVP_NicoStan",50000,250,128,8,16,100,"3f8ed78629bdab9b833b52bd1450ea30","state_allocation_thread_setup_sampling_divergence_check","iteration_difference","main_scaling","two_run_difference",NA,4,5.76338383838355,5.74696969696982,0.595728640404674,0.146750000000253,5.85249999999996,0.0891161616164176,0.0576338383838355,0.140000000000214,5.84400000000005,0.0873080808082957,0.0574696969696982,0,FALSE,FALSE,1.38807343469314,138.807343469314,0,"6788;6813;6838;6863",1733,FALSE,0.879507514349668
"HPC","MD_BayesMVP_WCP","BayesMVP_NicoStan",50000,250,176,8,22,100,"3f8ed78629bdab9b833b52bd1450ea30","state_allocation_thread_setup_sampling_divergence_check","iteration_difference","main_scaling","two_run_difference",NA,4,5.32979797979798,5.41060606060593,0.366125506172733,0.174999999999841,5.45149999999984,0.121702020201861,0.0532979797979798,0.172999999999774,5.52949999999964,0.118893939393715,0.0541060606060593,0,FALSE,FALSE,1.50099497773145,150.099497773145,0,"6789;6814;6839;6864",1734,FALSE,0.933526011560612
"HPC","MD_BayesMVP_WCP","BayesMVP_NicoStan",50000,250,32,16,2,100,"3f8ed78629bdab9b833b52bd1450ea30","state_allocation_thread_setup_sampling_divergence_check","iteration_difference","main_scaling","two_run_difference",NA,4,11.5159090909087,11.2166666666667,0.67751322068335,0.266250000000241,11.6669999999999,0.151090909091154,0.115159090909087,0.267500000000382,11.398,0.156055555555942,0.112166666666667,0,FALSE,FALSE,1.38938227748179,138.938227748179,0,"6790;6815;6840;6865",1735,FALSE,0.917066859636461
"HPC","MD_BayesMVP_WCP","BayesMVP_NicoStan",50000,250,64,16,4,100,"3f8ed78629bdab9b833b52bd1450ea30","state_allocation_thread_setup_sampling_divergence_check","iteration_difference","main_scaling","two_run_difference",NA,4,7.05378787878802,7.04747474747489,0.132294635406596,0.229499999999831,7.21274999999997,0.158962121211951,0.0705378787878802,0.229999999999734,7.20699999999988,0.159515151514929,0.070474747474749,0,FALSE,FALSE,2.2682848244012,226.82848244012,0,"6791;6816;6841;6866",1736,FALSE,0.961336054129454
"HPC","MD_BayesMVP_WCP","BayesMVP_NicoStan",50000,250,96,16,6,100,"3f8ed78629bdab9b833b52bd1450ea30","state_allocation_thread_setup_sampling_divergence_check","iteration_difference","main_scaling","two_run_difference",NA,4,7.36212121212124,7.32070707070719,0.212749590344331,0.22150000000002,7.51000000000005,0.147878787878808,0.0736212121212124,0.21750000000003,7.46300000000019,0.145292929292959,0.0732070707070719,0,FALSE,FALSE,2.17328668450298,217.328668450298,0,"6792;6817;6842;6867",1737,FALSE,0.969026548672585
"HPC","MD_BayesMVP_WCP","BayesMVP_NicoStan",50000,250,128,16,8,100,"3f8ed78629bdab9b833b52bd1450ea30","state_allocation_thread_setup_sampling_divergence_check","iteration_difference","main_scaling","two_run_difference",NA,4,7.39015151515125,7.36010101010083,0.174704408776383,0.232500000000329,7.54875000000007,0.158598484848816,0.0739015151515125,0.225500000000295,7.53650000000005,0.150237373737672,0.0736010101010083,0,FALSE,FALSE,2.16504356740141,216.504356740141,0,"6793;6818;6843;6868",1738,FALSE,0.982060481804219
"HPC","MD_BayesMVP_WCP","BayesMVP_NicoStan",50000,250,176,16,11,100,"3f8ed78629bdab9b833b52bd1450ea30","state_allocation_thread_setup_sampling_divergence_check","iteration_difference","main_scaling","two_run_difference",NA,4,7.76313131313107,7.83686868686814,0.448544373760753,0.247250000000179,7.93274999999994,0.169618686868868,0.0776313131313107,0.246500000000196,7.99699999999984,0.169353535353804,0.0783686868686814,0,FALSE,FALSE,2.06102400624559,206.102400624559,0,"6794;6819;6844;6869",1739,FALSE,0.906447205777096
"HPC","MD_BayesMVP_WCP","BayesMVP_NicoStan",50000,250,96,24,4,100,"3f8ed78629bdab9b833b52bd1450ea30","state_allocation_thread_setup_sampling_divergence_check","iteration_difference","main_scaling","two_run_difference",NA,4,9.58333333333172,9.56041666666465,0.200606718619043,0.260750000000257,9.74824999999866,0.16491666666694,0.0958333333333172,0.265500000000202,9.73631249999829,0.171083333333542,0.0956041666666465,0,FALSE,FALSE,2.50434782608738,250.434782608738,0,"6795;6820;6845;6870",1740,TRUE,1
"HPC","MD_BayesMVP_WCP","BayesMVP_NicoStan",50000,250,64,32,2,100,"3f8ed78629bdab9b833b52bd1450ea30","state_allocation_thread_setup_sampling_divergence_check","iteration_difference","main_scaling","two_run_difference",NA,4,12.5385416666669,12.5270833333341,0.354066570822353,0.359249999999975,12.7724062500002,0.233864583333305,0.125385416666669,0.358999999999924,12.7563125000007,0.236541666666587,0.125270833333341,0,FALSE,FALSE,2.55213092963357,255.213092963357,0,"6796;6821;6846;6871",1741,FALSE,0.944836753343878
"HPC","MD_BayesMVP_WCP","BayesMVP_NicoStan",50000,250,128,32,4,100,"3f8ed78629bdab9b833b52bd1450ea30","state_allocation_thread_setup_sampling_divergence_check","iteration_difference","main_scaling","two_run_difference",NA,4,12.2052083333339,12.2458333333337,0.11392487575082,0.328750000000014,12.4119062500006,0.206697916666675,0.122052083333339,0.329500000000053,12.4528750000004,0.207041666666716,0.122458333333337,0,FALSE,FALSE,2.62183152684122,262.183152684122,0,"6797;6822;6847;6872",1742,FALSE,0.955876077494217
"HPC","MD_BayesMVP_WCP","BayesMVP_NicoStan",50000,250,180,45,4,100,"3f8ed78629bdab9b833b52bd1450ea30","state_allocation_thread_setup_sampling_divergence_check","iteration_difference","main_scaling","two_run_difference",NA,4,14.9552083333338,15.0125000000003,0.305246845313436,0.457749999999805,15.2634062500002,0.308197916666468,0.149552083333338,0.44849999999974,15.3103750000001,0.297874999999863,0.150125000000003,0,FALSE,FALSE,3.00898516403139,300.898516403139,0,"6798;6823;6848;6873",1743,FALSE,0.9669150936825
"HPC","MD_BayesMVP_WCP","BayesMVP_NicoStan",50000,250,96,48,2,100,"3f8ed78629bdab9b833b52bd1450ea30","state_allocation_thread_setup_sampling_divergence_check","iteration_difference","main_scaling","two_run_difference",NA,4,19.2697916666669,19.0937500000009,0.935330050431774,0.513750000000073,19.5908437500003,0.321052083333403,0.192697916666669,0.514499999999998,19.413312500001,0.319562500000084,0.190937500000009,0,FALSE,FALSE,2.49094545651113,249.094545651113,0,"6799;6824;6849;6874",1744,FALSE,0.905021893075299
"HPC","MD_BayesMVP_WCP","BayesMVP_NicoStan",50000,250,128,64,2,100,"3f8ed78629bdab9b833b52bd1450ea30","state_allocation_thread_setup_sampling_divergence_check","iteration_difference","main_scaling","two_run_difference",NA,4,23.0843750000005,23.3979166666671,0.823457979486582,0.667249999999854,23.5207812500004,0.436406249999848,0.230843750000005,0.666999999999689,23.8129375000003,0.439687499999678,0.233979166666671,0,FALSE,FALSE,2.77243806687417,277.243806687417,0,"6800;6825;6850;6875",1745,FALSE,0.979197689634954
"HPC","MD_BayesMVP_WCP","BayesMVP_NicoStan",50000,250,180,90,2,100,"3f8ed78629bdab9b833b52bd1450ea30","state_allocation_thread_setup_sampling_divergence_check","iteration_difference","main_scaling","two_run_difference",NA,4,28.9135416666663,29.6374999999993,1.5715363700855,0.881250000000023,29.5056562499996,0.59211458333336,0.289135416666663,0.886000000000195,30.2299999999998,0.604229166666869,0.296374999999993,0,FALSE,FALSE,3.11272832078399,311.272832078399,0,"6801;6826;6851;6876",1746,FALSE,0.942248802104003
"HPC","MD_BayesMVP_WCP","BayesMVP_NicoStan",50000,500,8,4,2,100,"3f8ed78629bdab9b833b52bd1450ea30","state_allocation_thread_setup_sampling_divergence_check","iteration_difference","main_scaling","two_run_difference",NA,4,11.3656565656569,11.4005050505052,0.336395484887318,0.147999999999854,11.4000000000001,0.0343434343432854,0.113656565656569,0.148499999999785,11.4340000000001,0.0334949494948706,0.114005050505052,0,FALSE,FALSE,0.351937433345174,35.1937433345174,0,"6877;6902;6927;6952",1747,FALSE,0.854470316388175
"HPC","MD_BayesMVP_WCP","BayesMVP_NicoStan",50000,500,16,4,4,100,"3f8ed78629bdab9b833b52bd1450ea30","state_allocation_thread_setup_sampling_divergence_check","iteration_difference","main_scaling","two_run_difference",NA,4,6.59393939393938,6.58585858585857,0.0514523945990736,0.10899999999998,6.63699999999997,0.0430606060605866,0.0659393939393939,0.107499999999845,6.63149999999996,0.041166666666512,0.0658585858585857,0,FALSE,FALSE,0.606617647058824,60.6617647058824,0,"6878;6903;6928;6953",1748,FALSE,0.897173713235296
"HPC","MD_BayesMVP_WCP","BayesMVP_NicoStan",50000,500,32,4,8,100,"3f8ed78629bdab9b833b52bd1450ea30","state_allocation_thread_setup_sampling_divergence_check","iteration_difference","main_scaling","two_run_difference",NA,4,4.49469696969685,4.45404040403992,0.116038215819219,0.0920000000000982,4.54174999999998,0.0470530303031297,0.0449469696969685,0.0945000000001528,4.49749999999983,0.0503383838385382,0.0445404040403992,0,FALSE,FALSE,0.88993763694592,88.993763694592,0,"6879;6904;6929;6954",1749,FALSE,0.928647676835757
"HPC","MD_BayesMVP_WCP","BayesMVP_NicoStan",50000,500,64,4,16,100,"3f8ed78629bdab9b833b52bd1450ea30","state_allocation_thread_setup_sampling_divergence_check","iteration_difference","main_scaling","two_run_difference",NA,4,3.49924242424236,3.52525252525253,0.117795203474532,0.0977500000000191,3.56199999999995,0.0627575757575955,0.0349924242424236,0.0984999999999445,3.5870000000001,0.0637676767676227,0.0352525252525253,0,FALSE,FALSE,1.14310456808835,114.310456808835,0,"6880;6905;6930;6955",1750,FALSE,0.932092083423529
"HPC","MD_BayesMVP_WCP","BayesMVP_NicoStan",50000,500,96,4,24,100,"3f8ed78629bdab9b833b52bd1450ea30","state_allocation_thread_setup_sampling_divergence_check","iteration_difference","main_scaling","two_run_difference",NA,4,3.92777777777774,3.93232323232315,0.198545025618716,0.0879999999999939,3.97649999999996,0.0487222222222164,0.0392777777777774,0.0840000000000032,3.97249999999991,0.0454848484848518,0.0393232323232315,0,FALSE,FALSE,1.01838755304103,101.838755304103,0,"6881;6906;6931;6956",1751,FALSE,0.919827697055473
"HPC","MD_BayesMVP_WCP","BayesMVP_NicoStan",50000,500,128,4,32,100,"3f8ed78629bdab9b833b52bd1450ea30","state_allocation_thread_setup_sampling_divergence_check","iteration_difference","main_scaling","two_run_difference",NA,4,3.86994949494931,3.89393939393895,0.184997226314753,0.0944999999999538,3.92574999999977,0.0558005050504608,0.0386994949494931,0.0935000000000628,3.95299999999952,0.0560959595960261,0.0389393939393895,0,FALSE,FALSE,1.03360522022844,103.360522022844,0,"6882;6907;6932;6957",1752,TRUE,1
"HPC","MD_BayesMVP_WCP","BayesMVP_NicoStan",50000,500,176,4,44,100,"3f8ed78629bdab9b833b52bd1450ea30","state_allocation_thread_setup_sampling_divergence_check","iteration_difference","main_scaling","two_run_difference",NA,4,4.20404040404058,4.19242424242432,0.124721912892244,0.150749999999874,4.31275000000005,0.108709595959468,0.0420404040404058,0.150499999999909,4.32349999999997,0.108828282828029,0.0419242424242432,0,FALSE,FALSE,0.95146564151846,95.146564151846,0,"6883;6908;6933;6958",1753,FALSE,0.975312349831789
"HPC","MD_BayesMVP_WCP","BayesMVP_NicoStan",50000,500,16,8,2,100,"3f8ed78629bdab9b833b52bd1450ea30","state_allocation_thread_setup_sampling_divergence_check","iteration_difference","main_scaling","two_run_difference",NA,4,11.2843434343435,11.2343434343434,0.370768534065396,0.193249999999864,11.36475,0.0804065656564287,0.112843434343435,0.18649999999991,11.3079999999998,0.0745252525251599,0.112343434343434,0,FALSE,FALSE,0.70894687374121,70.894687374121,0,"6884;6909;6934;6959",1754,FALSE,0.859530949290585
"HPC","MD_BayesMVP_WCP","BayesMVP_NicoStan",50000,500,32,8,4,100,"3f8ed78629bdab9b833b52bd1450ea30","state_allocation_thread_setup_sampling_divergence_check","iteration_difference","main_scaling","two_run_difference",NA,4,7.06919191919158,7.03888888888861,0.192348447828095,0.148500000000041,7.14699999999971,0.0778080808081253,0.0706919191919158,0.14200000000011,7.12349999999969,0.071005050505164,0.0703888888888861,0,FALSE,FALSE,1.13167107237271,113.167107237271,0,"6885;6910;6935;6960",1755,FALSE,0.883332142601994
"HPC","MD_BayesMVP_WCP","BayesMVP_NicoStan",50000,500,64,8,8,100,"3f8ed78629bdab9b833b52bd1450ea30","state_allocation_thread_setup_sampling_divergence_check","iteration_difference","main_scaling","two_run_difference",NA,4,4.93964646464656,4.96717171717162,0.152073885618097,0.131500000000045,5.02175000000014,0.0821035353535796,0.0493964646464656,0.131999999999834,5.04850000000016,0.0828787878786195,0.0496717171717162,0,FALSE,FALSE,1.61954910280657,161.954910280657,0,"6886;6911;6936;6961",1756,FALSE,0.870303154235417
"HPC","MD_BayesMVP_WCP","BayesMVP_NicoStan",50000,500,96,8,12,100,"3f8ed78629bdab9b833b52bd1450ea30","state_allocation_thread_setup_sampling_divergence_check","iteration_difference","main_scaling","two_run_difference",NA,4,5.24999999999993,5.24292929292934,0.166366426843546,0.128500000000059,5.32599999999999,0.07600000000006,0.0524999999999993,0.130000000000109,5.31750000000005,0.0774292929294038,0.0524292929292934,0,FALSE,FALSE,1.52380952380954,152.380952380954,0,"6887;6912;6937;6962",1757,FALSE,0.921452621452662
"HPC","MD_BayesMVP_WCP","BayesMVP_NicoStan",50000,500,128,8,16,100,"3f8ed78629bdab9b833b52bd1450ea30","state_allocation_thread_setup_sampling_divergence_check","iteration_difference","main_scaling","two_run_difference",NA,4,5.26994949494962,5.28181818181828,0.0922511304036877,0.147499999999923,5.36475000000004,0.0948005050504265,0.0526994949494962,0.139999999999986,5.36900000000009,0.0871818181818035,0.0528181818181828,0,FALSE,FALSE,1.51804111361346,151.804111361346,0,"6888;6913;6938;6963",1758,FALSE,0.961857300301931
"HPC","MD_BayesMVP_WCP","BayesMVP_NicoStan",50000,500,176,8,22,100,"3f8ed78629bdab9b833b52bd1450ea30","state_allocation_thread_setup_sampling_divergence_check","iteration_difference","main_scaling","two_run_difference",NA,4,5.31338383838365,5.29494949494957,0.168702745276275,0.183250000000129,5.44349999999994,0.130116161616292,0.0531338383838365,0.184500000000128,5.42900000000026,0.132323232323365,0.0529494949494957,0,FALSE,FALSE,1.50563186160359,150.563186160359,0,"6889;6914;6939;6964",1759,FALSE,0.936409866451165
"HPC","MD_BayesMVP_WCP","BayesMVP_NicoStan",50000,500,32,16,2,100,"3f8ed78629bdab9b833b52bd1450ea30","state_allocation_thread_setup_sampling_divergence_check","iteration_difference","main_scaling","two_run_difference",NA,4,11.9446969696967,11.996464646464,0.413211878736576,0.259000000000157,12.0842499999999,0.13955303030319,0.119446969696967,0.262500000000159,12.1034999999997,0.139767676767893,0.11996464646464,0,FALSE,FALSE,1.33950656434328,133.950656434328,0,"6890;6915;6940;6965",1760,FALSE,0.884146212553671
"HPC","MD_BayesMVP_WCP","BayesMVP_NicoStan",50000,500,64,16,4,100,"3f8ed78629bdab9b833b52bd1450ea30","state_allocation_thread_setup_sampling_divergence_check","iteration_difference","main_scaling","two_run_difference",NA,4,7.84419191919215,7.75101010101015,0.45997976722127,0.238999999999919,8.00475000000014,0.160558080807998,0.0784419191919215,0.234499999999912,7.90600000000001,0.157267676767585,0.0775101010101015,0,FALSE,FALSE,2.03972571870065,203.972571870065,0,"6891;6916;6941;6966",1761,FALSE,0.864468982390555
"HPC","MD_BayesMVP_WCP","BayesMVP_NicoStan",50000,500,96,16,6,100,"3f8ed78629bdab9b833b52bd1450ea30","state_allocation_thread_setup_sampling_divergence_check","iteration_difference","main_scaling","two_run_difference",NA,4,7.74823232323232,7.68484848484866,0.406430954116441,0.22799999999998,7.89874999999998,0.150517676767657,0.0774823232323232,0.221499999999935,7.82950000000011,0.144651515151448,0.0768484848484866,0,FALSE,FALSE,2.0649871264218,206.49871264218,0,"6892;6917;6942;6967",1762,FALSE,0.920737867874741
"HPC","MD_BayesMVP_WCP","BayesMVP_NicoStan",50000,500,128,16,8,100,"3f8ed78629bdab9b833b52bd1450ea30","state_allocation_thread_setup_sampling_divergence_check","iteration_difference","main_scaling","two_run_difference",NA,4,7.69974747474753,7.60505050505073,0.24257763805705,0.234000000000094,7.85675000000015,0.157002525252619,0.0769974747474753,0.225499999999897,7.75450000000012,0.14944949494939,0.0760505050505073,0,FALSE,FALSE,2.07799022662424,207.799022662424,0,"6893;6918;6943;6968",1763,FALSE,0.942573218326694
"HPC","MD_BayesMVP_WCP","BayesMVP_NicoStan",50000,500,176,16,11,100,"3f8ed78629bdab9b833b52bd1450ea30","state_allocation_thread_setup_sampling_divergence_check","iteration_difference","main_scaling","two_run_difference",NA,4,7.38686868686882,7.35656565656584,0.143595489692659,0.248249999999956,7.56125000000009,0.174381313131268,0.0738686868686882,0.240999999999929,7.51750000000015,0.168252525252453,0.0735656565656584,0,FALSE,FALSE,2.16600574319701,216.600574319701,0,"6894;6919;6944;6969",1764,FALSE,0.9526186243675
"HPC","MD_BayesMVP_WCP","BayesMVP_NicoStan",50000,500,96,24,4,100,"3f8ed78629bdab9b833b52bd1450ea30","state_allocation_thread_setup_sampling_divergence_check","iteration_difference","main_scaling","two_run_difference",NA,4,9.8885416666666,9.91666666666712,0.0992666979143578,0.228749999999991,10.0184062499999,0.129864583333325,0.098885416666666,0.229000000000042,10.0480000000003,0.130729166666716,0.0991666666666712,0,FALSE,FALSE,2.42705151164017,242.705151164017,0,"6895;6920;6945;6970",1765,FALSE,0.969135152217267
"HPC","MD_BayesMVP_WCP","BayesMVP_NicoStan",50000,500,64,32,2,100,"3f8ed78629bdab9b833b52bd1450ea30","state_allocation_thread_setup_sampling_divergence_check","iteration_difference","main_scaling","two_run_difference",NA,4,13.0937500000002,13.08125,0.313664496980969,0.301250000000095,13.2640625000003,0.170312500000094,0.130937500000002,0.298500000000104,13.2594375,0.167437500000043,0.1308125,0,FALSE,FALSE,2.44391408114555,244.391408114555,0,"6896;6921;6946;6971",1766,FALSE,0.904773269689766
"HPC","MD_BayesMVP_WCP","BayesMVP_NicoStan",50000,500,128,32,4,100,"3f8ed78629bdab9b833b52bd1450ea30","state_allocation_thread_setup_sampling_divergence_check","iteration_difference","main_scaling","two_run_difference",NA,4,11.9770833333329,11.8437499999989,0.357953610175074,0.284500000000207,12.1418124999998,0.164729166666878,0.119770833333329,0.291500000000269,11.9998124999992,0.173395833333529,0.118437499999989,0,FALSE,FALSE,2.67176900330502,267.176900330502,0,"6897;6922;6947;6972",1767,FALSE,0.974082449121644
"HPC","MD_BayesMVP_WCP","BayesMVP_NicoStan",50000,500,180,45,4,100,"3f8ed78629bdab9b833b52bd1450ea30","state_allocation_thread_setup_sampling_divergence_check","iteration_difference","main_scaling","two_run_difference",NA,4,14.4604166666667,14.3541666666673,0.562139802368241,0.380499999999984,14.6963125,0.235895833333316,0.144604166666667,0.378999999999905,14.5726250000005,0.237562499999901,0.143541666666674,0,FALSE,FALSE,3.11194352398788,311.194352398788,0,"6898;6923;6948;6973",1768,TRUE,1
"HPC","MD_BayesMVP_WCP","BayesMVP_NicoStan",50000,500,96,48,2,100,"3f8ed78629bdab9b833b52bd1450ea30","state_allocation_thread_setup_sampling_divergence_check","iteration_difference","main_scaling","two_run_difference",NA,4,18.0385416666657,18.1604166666659,0.470278372546781,0.392750000000092,18.2509062499992,0.212364583333435,0.180385416666657,0.384000000000242,18.3538124999993,0.205041666666925,0.181604166666659,0,FALSE,FALSE,2.66096899000996,266.096899000996,0,"6899;6924;6949;6974",1769,FALSE,0.966795634347812
"HPC","MD_BayesMVP_WCP","BayesMVP_NicoStan",50000,500,128,64,2,100,"3f8ed78629bdab9b833b52bd1450ea30","state_allocation_thread_setup_sampling_divergence_check","iteration_difference","main_scaling","two_run_difference",NA,4,23.2270833333336,22.9104166666663,0.944676237895006,0.485249999999951,23.4800625000002,0.252979166666615,0.232270833333336,0.461999999999989,23.1433124999997,0.233895833333236,0.229104166666663,0,FALSE,FALSE,2.75540407211406,275.540407211406,0,"6900;6925;6950;6975",1770,FALSE,0.973181451251256
"HPC","MD_BayesMVP_WCP","BayesMVP_NicoStan",50000,500,180,90,2,100,"3f8ed78629bdab9b833b52bd1450ea30","state_allocation_thread_setup_sampling_divergence_check","iteration_difference","main_scaling","two_run_difference",NA,4,28.5614583333322,28.6124999999989,0.302886862357186,0.749750000000063,29.025593749999,0.46413541666674,0.285614583333322,0.739499999999907,29.0658749999988,0.453374999999918,0.286124999999989,0,FALSE,FALSE,3.15109960246556,315.109960246556,0,"6901;6926;6951;6976",1771,FALSE,0.953864108829697
"HPC","MD_BayesMVP_WCP","BayesMVP_NicoStan",50000,1000,8,4,2,100,"3f8ed78629bdab9b833b52bd1450ea30","state_allocation_thread_setup_sampling_divergence_check","iteration_difference","main_scaling","two_run_difference",NA,4,13.8199494949495,13.919696969697,0.451281491073233,0.180499999999994,13.86225,0.0423005050504991,0.138199494949495,0.167500000000004,13.9795,0.0307828282828083,0.13919696969697,0,FALSE,FALSE,0.289436658322217,28.9436658322217,0,"6977;7002;7027;7052",1772,FALSE,0.702724432181555
"HPC","MD_BayesMVP_WCP","BayesMVP_NicoStan",50000,1000,16,4,4,100,"3f8ed78629bdab9b833b52bd1450ea30","state_allocation_thread_setup_sampling_divergence_check","iteration_difference","main_scaling","two_run_difference",NA,4,8.42222222222222,8.41767676767675,0.26916364877674,0.122750000000011,8.46075000000001,0.0385277777777893,0.0842222222222222,0.115500000000011,8.4465,0.0324747474747685,0.0841767676767675,0,FALSE,FALSE,0.474934036939314,47.4934036939314,0,"6978;7003;7028;7053",1773,FALSE,0.702416646677861
"HPC","MD_BayesMVP_WCP","BayesMVP_NicoStan",50000,1000,32,4,8,100,"3f8ed78629bdab9b833b52bd1450ea30","state_allocation_thread_setup_sampling_divergence_check","iteration_difference","main_scaling","two_run_difference",NA,4,5.61515151515152,5.63989898989903,0.148740017583289,0.1005,5.6595,0.0443484848484851,0.0561515151515152,0.0994999999999848,5.67100000000002,0.0425454545454511,0.0563989898989903,0,FALSE,FALSE,0.712358337830545,71.2358337830545,0,"6979;7004;7029;7054",1774,FALSE,0.743344126641446
"HPC","MD_BayesMVP_WCP","BayesMVP_NicoStan",50000,1000,64,4,16,100,"3f8ed78629bdab9b833b52bd1450ea30","state_allocation_thread_setup_sampling_divergence_check","iteration_difference","main_scaling","two_run_difference",NA,4,4.52777777777781,4.46969696969699,0.189025680136129,0.0902499999999904,4.57275000000002,0.0449722222222123,0.0452777777777781,0.0864999999999867,4.51749999999999,0.0398838383838246,0.0446969696969699,0,FALSE,FALSE,0.88343558282208,88.343558282208,0,"6980;7005;7030;7055",1775,FALSE,0.7203569436698
"HPC","MD_BayesMVP_WCP","BayesMVP_NicoStan",50000,1000,96,4,24,100,"3f8ed78629bdab9b833b52bd1450ea30","state_allocation_thread_setup_sampling_divergence_check","iteration_difference","main_scaling","two_run_difference",NA,4,4.52373737373738,4.57171717171718,0.251471877066364,0.097749999999996,4.57625,0.0525126262626222,0.0452373737373738,0.0970000000000226,4.60599999999999,0.0504141414141642,0.0457171717171718,0,FALSE,FALSE,0.884224628781957,88.4224628781957,0,"6981;7006;7031;7056",1776,FALSE,0.798649101261621
"HPC","MD_BayesMVP_WCP","BayesMVP_NicoStan",50000,1000,128,4,32,100,"3f8ed78629bdab9b833b52bd1450ea30","state_allocation_thread_setup_sampling_divergence_check","iteration_difference","main_scaling","two_run_difference",NA,4,4.74848484848485,4.68131313131312,0.206477758253213,0.127750000000013,4.82875000000001,0.0802651515151646,0.0474848484848485,0.123499999999993,4.78950000000002,0.0772626262626191,0.0468131313131312,0,FALSE,FALSE,0.842373962986599,84.2373962986598,0,"6982;7007;7032;7057",1777,FALSE,0.814986173154608
"HPC","MD_BayesMVP_WCP","BayesMVP_NicoStan",50000,1000,176,4,44,100,"3f8ed78629bdab9b833b52bd1450ea30","state_allocation_thread_setup_sampling_divergence_check","iteration_difference","main_scaling","two_run_difference",NA,4,5.30202020202021,5.30000000000001,0.247507041114286,0.178999999999975,5.42799999999998,0.125979797979773,0.0530202020202021,0.191499999999994,5.4575,0.14045454545454,0.0530000000000001,0,FALSE,FALSE,0.75442941512669,75.442941512669,0,"6983;7008;7033;7058",1778,FALSE,0.773337778624514
"HPC","MD_BayesMVP_WCP","BayesMVP_NicoStan",50000,1000,16,8,2,100,"3f8ed78629bdab9b833b52bd1450ea30","state_allocation_thread_setup_sampling_divergence_check","iteration_difference","main_scaling","two_run_difference",NA,4,14.4972222222222,14.5434343434344,0.149473050994145,0.21599999999998,14.56825,0.0710277777777573,0.144972222222223,0.206499999999991,14.6045,0.0610656565656476,0.145434343434344,0,FALSE,FALSE,0.551829852462157,55.1829852462157,0,"6984;7009;7034;7059",1779,FALSE,0.669041439495538
"HPC","MD_BayesMVP_WCP","BayesMVP_NicoStan",50000,1000,32,8,4,100,"3f8ed78629bdab9b833b52bd1450ea30","state_allocation_thread_setup_sampling_divergence_check","iteration_difference","main_scaling","two_run_difference",NA,4,8.80404040404038,8.79242424242421,0.0822141972771101,0.164750000000002,8.88074999999998,0.0767095959595977,0.0880404040404038,0.163500000000006,8.86799999999997,0.0755757575757641,0.0879242424242421,0,FALSE,FALSE,0.908673703533733,90.8673703533733,0,"6985;7010;7035;7060",1780,FALSE,0.70927030748047
"HPC","MD_BayesMVP_WCP","BayesMVP_NicoStan",50000,1000,64,8,8,100,"3f8ed78629bdab9b833b52bd1450ea30","state_allocation_thread_setup_sampling_divergence_check","iteration_difference","main_scaling","two_run_difference",NA,4,6.54722222222225,6.43939393939394,0.39606383479851,0.130499999999984,6.61225000000001,0.0650277777777611,0.0654722222222225,0.127499999999969,6.509,0.0636818181818256,0.0643939393939394,0,FALSE,FALSE,1.22189223589308,122.189223589308,0,"6986;7011;7036;7061",1781,FALSE,0.65661279746979
"HPC","MD_BayesMVP_WCP","BayesMVP_NicoStan",50000,1000,96,8,12,100,"3f8ed78629bdab9b833b52bd1450ea30","state_allocation_thread_setup_sampling_divergence_check","iteration_difference","main_scaling","two_run_difference",NA,4,6.54671717171716,6.5676767676768,0.342248273766989,0.142749999999999,6.62399999999999,0.0772828282828278,0.0654671717171716,0.133000000000024,6.63,0.0653484848485093,0.065676767676768,0,FALSE,FALSE,1.22198649951784,122.198649951784,0,"6987;7012;7037;7062",1782,FALSE,0.738939247830304
"HPC","MD_BayesMVP_WCP","BayesMVP_NicoStan",50000,1000,128,8,16,100,"3f8ed78629bdab9b833b52bd1450ea30","state_allocation_thread_setup_sampling_divergence_check","iteration_difference","main_scaling","two_run_difference",NA,4,6.32171717171717,6.34797979797984,0.0925203268652015,0.148250000000008,6.40675000000001,0.0850328282828363,0.0632171717171717,0.147500000000008,6.44149999999999,0.0839242424242506,0.0634797979797984,0,FALSE,FALSE,1.26547894862986,126.547894862986,0,"6988;7013;7038;7063",1783,FALSE,0.801829511863923
"HPC","MD_BayesMVP_WCP","BayesMVP_NicoStan",50000,1000,176,8,22,100,"3f8ed78629bdab9b833b52bd1450ea30","state_allocation_thread_setup_sampling_divergence_check","iteration_difference","main_scaling","two_run_difference",NA,4,6.78636363636363,6.80353535353538,0.492779203843281,0.225999999999999,6.94449999999999,0.158136363636363,0.0678636363636363,0.208499999999987,6.9325,0.141444444444431,0.0680353535353538,0,FALSE,FALSE,1.178834561286,117.8834561286,0,"6989;7014;7039;7064",1784,FALSE,0.733162164173487
"HPC","MD_BayesMVP_WCP","BayesMVP_NicoStan",50000,1000,32,16,2,100,"3f8ed78629bdab9b833b52bd1450ea30","state_allocation_thread_setup_sampling_divergence_check","iteration_difference","main_scaling","two_run_difference",NA,4,15.3659090909091,15.3368686868687,0.607593669881578,0.271750000000008,15.484,0.118090909090917,0.153659090909091,0.26400000000001,15.4475,0.111560606060625,0.153368686868687,0,FALSE,FALSE,1.04126608489868,104.126608489868,0,"6990;7015;7040;7065",1785,FALSE,0.687291492054103
"HPC","MD_BayesMVP_WCP","BayesMVP_NicoStan",50000,1000,64,16,4,100,"3f8ed78629bdab9b833b52bd1450ea30","state_allocation_thread_setup_sampling_divergence_check","iteration_difference","main_scaling","two_run_difference",NA,4,10.2608585858586,10.2030303030302,0.393037364068811,0.230750000000008,10.389,0.128141414141422,0.102608585858586,0.228500000000011,10.3244999999999,0.128661616161627,0.102030303030302,0,FALSE,FALSE,1.55932370240938,155.932370240938,0,"6991;7016;7041;7066",1786,FALSE,0.660866783156514
"HPC","MD_BayesMVP_WCP","BayesMVP_NicoStan",50000,1000,96,16,6,100,"3f8ed78629bdab9b833b52bd1450ea30","state_allocation_thread_setup_sampling_divergence_check","iteration_difference","main_scaling","two_run_difference",NA,4,9.98636363636366,9.9287878787879,0.22075810919317,0.214750000000002,10.10125,0.114886363636366,0.0998636363636366,0.221500000000006,10.046,0.122262626262632,0.099287878787879,0,FALSE,FALSE,1.60218479745107,160.218479745107,0,"6992;7017;7042;7067",1787,FALSE,0.714383249886224
"HPC","MD_BayesMVP_WCP","BayesMVP_NicoStan",50000,1000,128,16,8,100,"3f8ed78629bdab9b833b52bd1450ea30","state_allocation_thread_setup_sampling_divergence_check","iteration_difference","main_scaling","two_run_difference",NA,4,9.30681818181817,9.29090909090909,0.218222927602328,0.228000000000009,9.44174999999999,0.134931818181827,0.0930681818181816,0.22750000000002,9.41799999999999,0.132914141414158,0.0929090909090908,0,FALSE,FALSE,1.71916971916972,171.916971916972,0,"6993;7018;7043;7068",1788,FALSE,0.779812779812766
"HPC","MD_BayesMVP_WCP","BayesMVP_NicoStan",50000,1000,176,16,11,100,"3f8ed78629bdab9b833b52bd1450ea30","state_allocation_thread_setup_sampling_divergence_check","iteration_difference","main_scaling","two_run_difference",NA,4,8.90808080808085,8.95353535353539,0.146897074401202,0.256499999999996,9.07550000000003,0.167419191919187,0.0890808080808085,0.259500000000003,9.12350000000004,0.169964646464649,0.0895353535353539,0,FALSE,FALSE,1.7961220092981,179.61220092981,0,"6994;7019;7044;7069",1789,FALSE,0.789942170314052
"HPC","MD_BayesMVP_WCP","BayesMVP_NicoStan",50000,1000,96,24,4,100,"3f8ed78629bdab9b833b52bd1450ea30","state_allocation_thread_setup_sampling_divergence_check","iteration_difference","main_scaling","two_run_difference",NA,4,12.4989583333336,12.48125,0.280590791242052,0.24899999999991,12.6229687500002,0.124010416666574,0.124989583333336,0.247499999999945,12.6074374999999,0.122354166666658,0.1248125,0,FALSE,FALSE,1.9201600133344,192.01600133344,0,"6995;7020;7045;7070",1790,FALSE,0.766730560879929
"HPC","MD_BayesMVP_WCP","BayesMVP_NicoStan",50000,1000,64,32,2,100,"3f8ed78629bdab9b833b52bd1450ea30","state_allocation_thread_setup_sampling_divergence_check","iteration_difference","main_scaling","two_run_difference",NA,4,15.277083333333,15.1812499999996,0.220334867199087,0.336500000000001,15.4608124999997,0.183729166666671,0.15277083333333,0.338999999999942,15.3709374999996,0.184916666666614,0.151812499999996,0,FALSE,FALSE,2.09464066548484,209.464066548484,0,"6996;7021;7046;7071",1791,FALSE,0.775467066684899
"HPC","MD_BayesMVP_WCP","BayesMVP_NicoStan",50000,1000,128,32,4,100,"3f8ed78629bdab9b833b52bd1450ea30","state_allocation_thread_setup_sampling_divergence_check","iteration_difference","main_scaling","two_run_difference",NA,4,14.3885416666658,14.3208333333329,0.190253698799967,0.293500000000222,14.5381562499994,0.149614583333564,0.143885416666658,0.29300000000012,14.4706249999997,0.149791666666791,0.143208333333329,0,FALSE,FALSE,2.22399189169636,222.399189169636,0,"6997;7022;7047;7072",1792,FALSE,0.810830377180983
"HPC","MD_BayesMVP_WCP","BayesMVP_NicoStan",50000,1000,180,45,4,100,"3f8ed78629bdab9b833b52bd1450ea30","state_allocation_thread_setup_sampling_divergence_check","iteration_difference","main_scaling","two_run_difference",NA,4,17.1364583333334,17.1645833333334,0.170523940699237,0.390500000000088,17.3555937500001,0.219135416666755,0.171364583333334,0.389499999999998,17.3984375000001,0.219062499999988,0.171645833333334,0,FALSE,FALSE,2.62598018357546,262.598018357546,0,"6998;7023;7048;7073",1793,FALSE,0.843839280286915
"HPC","MD_BayesMVP_WCP","BayesMVP_NicoStan",50000,1000,96,48,2,100,"3f8ed78629bdab9b833b52bd1450ea30","state_allocation_thread_setup_sampling_divergence_check","iteration_difference","main_scaling","two_run_difference",NA,4,21.6208333333337,21.6541666666672,0.320047739493995,0.421499999999924,21.8261250000002,0.205291666666587,0.216208333333337,0.422000000000025,21.8656250000004,0.207250000000026,0.216541666666672,0,FALSE,FALSE,2.22008094045092,222.008094045092,0,"6999;7024;7049;7074",1794,FALSE,0.806610136827902
"HPC","MD_BayesMVP_WCP","BayesMVP_NicoStan",50000,1000,128,64,2,100,"3f8ed78629bdab9b833b52bd1450ea30","state_allocation_thread_setup_sampling_divergence_check","iteration_difference","main_scaling","two_run_difference",NA,4,27.4749999999993,27.5895833333313,0.450501264025484,0.510000000000105,27.7102499999994,0.235250000000112,0.274749999999993,0.510500000000093,27.8206874999983,0.233958333333438,0.275895833333313,0,FALSE,FALSE,2.32939035486812,232.939035486812,0,"7000;7025;7050;7075",1795,FALSE,0.822717622080729
"HPC","MD_BayesMVP_WCP","BayesMVP_NicoStan",50000,1000,180,90,2,100,"3f8ed78629bdab9b833b52bd1450ea30","state_allocation_thread_setup_sampling_divergence_check","iteration_difference","main_scaling","two_run_difference",NA,4,33.9718750000008,34.0895833333339,0.587025764071851,0.804499999999848,34.4366562500006,0.46478124999984,0.339718750000008,0.799999999999727,34.5426875000005,0.464624999999709,0.340895833333339,0,FALSE,FALSE,2.64925029896048,264.925029896048,0,"7001;7026;7051;7076",1796,FALSE,0.801950142581175
"HPC","MD_BayesMVP_WCP","BayesMVP_NicoStan",500,8,32,4,8,2000,"5fff1836d43ae39c037ca22d13a50ed5","state_allocation_thread_setup_sampling_divergence_check","iteration_difference","main_scaling","two_run_difference",NA,4,3.96898449224594,3.96198099049506,0.0582471047381005,0.00550000000006889,3.97249999999988,0.00351550775394593,0.00198449224612297,0.00500000000010914,3.96499999999986,0.00303651825923884,0.00198099049524753,0,FALSE,FALSE,1.00781446937237,2015.62893874474,0,"7077;7081;7085;7089",1797,TRUE,1
"HPC","MD_BayesMVP_WCP","BayesMVP_NicoStan",500,8,64,8,8,2000,"5fff1836d43ae39c037ca22d13a50ed5","state_allocation_thread_setup_sampling_divergence_check","iteration_difference","main_scaling","two_run_difference",NA,4,4.09529764882428,4.05552776388176,0.093024556281593,0.00925000000000864,4.10249999999988,0.0072023511755965,0.00204764882441214,0.00950000000011642,4.06399999999991,0.00747648824423867,0.00202776388194088,0,FALSE,FALSE,1.95345996457589,3906.91992915178,0,"7078;7082;7086;7090",1798,TRUE,1
"HPC","MD_BayesMVP_WCP","BayesMVP_NicoStan",500,6,96,16,6,2000,"5fff1836d43ae39c037ca22d13a50ed5","state_allocation_thread_setup_sampling_divergence_check","iteration_difference","main_scaling","two_run_difference",NA,4,5.01125562781418,5.06553276638318,0.349541221013051,0.0114999999997565,5.02025000000003,0.00899437218584939,0.00250562781390709,0.0114999999997849,5.07449999999972,0.00902151075516231,0.00253276638319159,0,FALSE,FALSE,3.19281257798834,6385.62515597669,0,"7079;7083;7087;7091",1799,TRUE,1
"HPC","MD_BayesMVP_WCP","BayesMVP_NicoStan",500,8,128,16,8,2000,"5fff1836d43ae39c037ca22d13a50ed5","state_allocation_thread_setup_sampling_divergence_check","iteration_difference","main_scaling","two_run_difference",NA,4,5.59979989995004,5.60680340170101,0.0933776411712155,0.0109999999999388,5.608,0.00820010004996382,0.00279989994997502,0.0109999999997967,5.61549999999988,0.00823911955957659,0.0028034017008505,0,FALSE,FALSE,2.85724495265317,5714.48990530635,0,"7080;7084;7088;7092",1800,TRUE,1
"HPC","MD_BayesMVP_WCP","BayesMVP_NicoStan",2500,8,32,4,8,400,"229e14792b0f4550a6f1e0887b422826","state_allocation_thread_setup_sampling_divergence_check","iteration_difference","main_scaling","two_run_difference",NA,4,1.42255639097748,1.39699248120314,0.0755236172884264,0.0102500000000703,1.42925000000011,0.00669360902262655,0.00355639097744371,0.0100000000002183,1.40300000000025,0.00634837092753745,0.00349248120300785,0,FALSE,FALSE,2.81183932346715,1124.73572938686,0,"7093;7097;7101;7105",1801,TRUE,1
"HPC","MD_BayesMVP_WCP","BayesMVP_NicoStan",2500,8,64,8,8,400,"229e14792b0f4550a6f1e0887b422826","state_allocation_thread_setup_sampling_divergence_check","iteration_difference","main_scaling","two_run_difference",NA,4,1.66466165413572,1.68370927318332,0.213296804053429,0.0177499999996371,1.67825000000002,0.0135883458642978,0.0041616541353393,0.0179999999995744,1.69749999999993,0.0137907268166161,0.00420927318295829,0,FALSE,FALSE,4.80578139114614,1922.31255645845,0,"7094;7098;7102;7106",1802,TRUE,1
"HPC","MD_BayesMVP_WCP","BayesMVP_NicoStan",2500,6,96,16,6,400,"229e14792b0f4550a6f1e0887b422826","state_allocation_thread_setup_sampling_divergence_check","iteration_difference","main_scaling","two_run_difference",NA,4,2.08095238095247,2.06766917293233,0.0463860057173249,0.0224999999998658,2.09824999999995,0.0172976190474847,0.00520238095238116,0.0220000000000482,2.08399999999972,0.0167167919799982,0.00516917293233083,0,FALSE,FALSE,7.68878718535438,3075.51487414175,0,"7095;7099;7103;7107",1803,TRUE,1
"HPC","MD_BayesMVP_WCP","BayesMVP_NicoStan",2500,8,128,16,8,400,"229e14792b0f4550a6f1e0887b422826","state_allocation_thread_setup_sampling_divergence_check","iteration_difference","main_scaling","two_run_difference",NA,4,2.3022556390979,2.32030075187965,0.109122856904898,0.0244999999998186,2.32099999999997,0.0187443609020738,0.00575563909774474,0.0244999999998754,2.34100000000001,0.0186904761903513,0.00580075187969913,0,FALSE,FALSE,6.94970607446068,2779.88242978427,0,"7096;7100;7104;7108",1804,TRUE,1
"HPC","MD_BayesMVP_WCP","BayesMVP_NicoStan",10000,2,8,4,2,200,"b97502ef4c1796520d0acd01a82ea24d","state_allocation_thread_setup_sampling_divergence_check","iteration_difference","main_scaling","two_run_difference",NA,4,4.60552763819082,4.60954773869324,0.0343134280543904,0.0424999999999613,4.62499999999983,0.0194723618090072,0.0230276381909541,0.0434999999998809,4.62749999999971,0.0204045226129467,0.0230477386934662,0,FALSE,FALSE,0.868521549372638,173.704309874528,0,"7109;7116;7123;7130",1805,FALSE,0.881123840698367
"HPC","MD_BayesMVP_WCP","BayesMVP_NicoStan",10000,2,16,8,2,200,"b97502ef4c1796520d0acd01a82ea24d","state_allocation_thread_setup_sampling_divergence_check","iteration_difference","main_scaling","two_run_difference",NA,4,4.70904522613059,4.71306532663289,0.136896326442728,0.0609999999999786,4.74649999999991,0.0374547738693257,0.0235452261306529,0.0594999999997299,4.75199999999995,0.0359748743715885,0.0235653266331644,0,FALSE,FALSE,1.69885817948994,339.771635897988,0,"7110;7117;7124;7131",1806,FALSE,0.848255255575747
"HPC","MD_BayesMVP_WCP","BayesMVP_NicoStan",10000,2,32,16,2,200,"b97502ef4c1796520d0acd01a82ea24d","state_allocation_thread_setup_sampling_divergence_check","iteration_difference","main_scaling","two_run_difference",NA,4,5.1655778894474,5.09145728643242,0.220367849686397,0.08725000000004,5.2270000000002,0.061422110552803,0.025827889447237,0.0869999999999891,5.14950000000044,0.0616432160803891,0.0254572864321621,0,FALSE,FALSE,3.09742691765154,619.485383530308,0,"7111;7118;7125;7132",1807,FALSE,0.825915657376302
"HPC","MD_BayesMVP_WCP","BayesMVP_NicoStan",10000,2,64,32,2,200,"b97502ef4c1796520d0acd01a82ea24d","state_allocation_thread_setup_sampling_divergence_check","iteration_difference","main_scaling","two_run_difference",NA,4,9.31428571428541,9.39183673469359,0.340630932507511,0.120000000000005,9.38771428571399,0.0734285714285775,0.046571428571427,0.120499999999993,9.46187755102009,0.0728163265306073,0.046959183673468,0,FALSE,FALSE,3.435582822086,687.1165644172,0,"7112;7119;7126;7133",1808,FALSE,0.519024601846723
"HPC","MD_BayesMVP_WCP","BayesMVP_NicoStan",10000,2,96,48,2,200,"b97502ef4c1796520d0acd01a82ea24d","state_allocation_thread_setup_sampling_divergence_check","iteration_difference","main_scaling","two_run_difference",NA,4,15.416326530612,15.3836734693878,0.308120463757963,0.161500000000046,15.5007448979589,0.0844183673469866,0.0770816326530598,0.163999999999987,15.4622551020409,0.0862857142857017,0.0769183673469389,0,FALSE,FALSE,3.11358220810173,622.716441620345,0,"7113;7120;7127;7134",1809,FALSE,0.44033731543661
"HPC","MD_BayesMVP_WCP","BayesMVP_NicoStan",10000,2,128,64,2,200,"b97502ef4c1796520d0acd01a82ea24d","state_allocation_thread_setup_sampling_divergence_check","iteration_difference","main_scaling","two_run_difference",NA,4,22.3530612244897,22.2102040816323,0.513166907434498,0.209499999999935,22.4507959183672,0.0977346938774858,0.111765306122449,0.209999999999809,22.313153061224,0.0986224489796518,0.111051020408161,0,FALSE,FALSE,2.8631425180316,572.628503606319,0,"7114;7121;7128;7135",1810,FALSE,0.371652708957559
"HPC","MD_BayesMVP_WCP","BayesMVP_NicoStan",10000,2,180,90,2,200,"b97502ef4c1796520d0acd01a82ea24d","state_allocation_thread_setup_sampling_divergence_check","iteration_difference","main_scaling","two_run_difference",NA,4,37.7948979591844,37.779591836735,0.0561996994615559,0.324499999999944,37.9304234693884,0.135525510204022,0.188974489795922,0.322000000000116,37.9096938775513,0.132908163265423,0.188897959183675,0,FALSE,FALSE,2.38127379248896,476.254758497791,0,"7115;7122;7129;7136",1811,FALSE,0.277481202587168
"HPC","MD_BayesMVP_WCP","BayesMVP_NicoStan",10000,8,32,4,8,200,"b97502ef4c1796520d0acd01a82ea24d","state_allocation_thread_setup_sampling_divergence_check","iteration_difference","main_scaling","two_run_difference",NA,4,1.84296482412038,1.85326633165834,0.0264428585268625,0.0297500000000923,1.86349999999987,0.0205351758794904,0.00921482412060192,0.0284999999997808,1.87449999999978,0.0192236180902331,0.00926633165829171,0,FALSE,FALSE,2.17041581458785,434.08316291757,0,"7137;7141;7145;7149",1812,TRUE,1
"HPC","MD_BayesMVP_WCP","BayesMVP_NicoStan",10000,8,64,8,8,200,"b97502ef4c1796520d0acd01a82ea24d","state_allocation_thread_setup_sampling_divergence_check","iteration_difference","main_scaling","two_run_difference",NA,4,2.08969849246208,2.06733668341642,0.137095091443357,0.0467500000000882,2.12599999999986,0.0363015075377778,0.0104484924623104,0.0454999999998336,2.10499999999968,0.0349396984922948,0.0103366834170821,0,FALSE,FALSE,3.82830347481104,765.660694962209,0,"7138;7142;7146;7150",1813,TRUE,1
"HPC","MD_BayesMVP_WCP","BayesMVP_NicoStan",10000,6,96,16,6,200,"b97502ef4c1796520d0acd01a82ea24d","state_allocation_thread_setup_sampling_divergence_check","iteration_difference","main_scaling","two_run_difference",NA,4,3.39296482412075,3.37085427135705,0.207626288573282,0.08400000000006,3.46000000000021,0.0670351758794563,0.0169648241206038,0.0755000000001473,3.42600000000039,0.0590125628142179,0.0168542713567853,0,FALSE,FALSE,4.71563981042634,943.127962085267,0,"7139;7143;7147;7151",1814,FALSE,0.945497630331688
"HPC","MD_BayesMVP_WCP","BayesMVP_NicoStan",10000,8,128,16,8,200,"b97502ef4c1796520d0acd01a82ea24d","state_allocation_thread_setup_sampling_divergence_check","iteration_difference","main_scaling","two_run_difference",NA,4,3.33090452261302,3.27587939698493,0.150403557483224,0.0812500000000114,3.39549999999997,0.0645954773869463,0.0166545226130651,0.0710000000000264,3.32549999999992,0.0548241206030418,0.0163793969849246,0,FALSE,FALSE,4.80350003771598,960.700007543197,0,"7140;7144;7148;7152",1815,FALSE,0.946217092856602
"HPC","MD_BayesMVP_WCP","BayesMVP_NicoStan",10000,16,64,4,16,200,"b97502ef4c1796520d0acd01a82ea24d","state_allocation_thread_setup_sampling_divergence_check","iteration_difference","main_scaling","two_run_difference",NA,4,1.60477386934666,1.56180904522576,0.12893699443275,0.0272499999998672,1.6239999999998,0.0192261306531339,0.00802386934673331,0.0270000000000437,1.58099999999968,0.0191909547739148,0.00780904522612881,0,FALSE,FALSE,2.49256301863171,498.512603726341,0,"7153;7159;7165;7171",1816,FALSE,0.996712071395072
"HPC","MD_BayesMVP_WCP","BayesMVP_NicoStan",10000,24,96,4,24,200,"b97502ef4c1796520d0acd01a82ea24d","state_allocation_thread_setup_sampling_divergence_check","iteration_difference","main_scaling","two_run_difference",NA,4,1.82085427135669,1.81507537688446,0.124001190362746,0.0240000000001146,1.83575000000002,0.0148957286433312,0.00910427135678344,0.0240000000002283,1.82900000000006,0.0143793969851536,0.00907537688442231,0,FALSE,FALSE,2.19677107768744,439.354215537487,0,"7154;7160;7166;7172",1817,TRUE,1
"HPC","MD_BayesMVP_WCP","BayesMVP_NicoStan",10000,12,96,8,12,200,"b97502ef4c1796520d0acd01a82ea24d","state_allocation_thread_setup_sampling_divergence_check","iteration_difference","main_scaling","two_run_difference",NA,4,2.2467336683416,2.24874371859292,0.0856750761965386,0.046000000000106,2.28149999999999,0.034766331658398,0.011233668341708,0.0455000000001746,2.28399999999999,0.0342763819097233,0.0112437185929646,0,FALSE,FALSE,3.56072467009635,712.144934019271,0,"7155;7161;7167;7173",1818,FALSE,0.955490941623875
"HPC","MD_BayesMVP_WCP","BayesMVP_NicoStan",10000,16,128,8,16,200,"b97502ef4c1796520d0acd01a82ea24d","state_allocation_thread_setup_sampling_divergence_check","iteration_difference","main_scaling","two_run_difference",NA,4,2.3718592964822,2.38442211055225,0.0919181423439159,0.0450000000000159,2.4049999999998,0.0331407035176049,0.011859296482411,0.0449999999999591,2.41799999999967,0.0333592964823727,0.0119221105527613,0,FALSE,FALSE,3.37288135593251,674.576271186502,0,"7156;7162;7168;7174",1819,TRUE,1
"HPC","MD_BayesMVP_WCP","BayesMVP_NicoStan",10000,22,176,8,22,200,"b97502ef4c1796520d0acd01a82ea24d","state_allocation_thread_setup_sampling_divergence_check","iteration_difference","main_scaling","two_run_difference",NA,4,2.69673366834187,2.66834170854269,0.134368952685656,0.0569999999999027,2.74025000000006,0.0435163316581934,0.0134836683417093,0.0520000000000209,2.70550000000003,0.0390552763819309,0.0133417085427134,0,FALSE,FALSE,2.96655175626555,593.31035125311,0,"7157;7163;7169;7175",1820,FALSE,0.999534147023263
"HPC","MD_BayesMVP_WCP","BayesMVP_NicoStan",10000,11,176,16,11,200,"b97502ef4c1796520d0acd01a82ea24d","state_allocation_thread_setup_sampling_divergence_check","iteration_difference","main_scaling","two_run_difference",NA,4,3.35954773869361,3.35678391959802,0.162833456256107,0.101999999999919,3.44475000000006,0.0852022613064506,0.016797738693468,0.0864999999997735,3.42550000000006,0.0703819095475106,0.0167839195979901,0,FALSE,FALSE,4.76254580809194,952.509161618389,0,"7158;7164;7170;7176",1821,FALSE,0.964250990950514
"HPC","MD_BayesMVP_WCP","BayesMVP_NicoStan",10000,32,128,4,32,200,"b97502ef4c1796520d0acd01a82ea24d","state_allocation_thread_setup_sampling_divergence_check","iteration_difference","main_scaling","two_run_difference",NA,4,2.09522613065331,2.09597989949751,0.0343710266631983,0.0327500000000214,2.11750000000006,0.0222738693467548,0.0104761306532665,0.032500000000141,2.11550000000022,0.0221055276383315,0.0104798994974876,0,FALSE,FALSE,1.90910181076864,381.820362153728,0,"7177;7179;7181;7183",1822,FALSE,0.966182995563006
"HPC","MD_BayesMVP_WCP","BayesMVP_NicoStan",10000,44,176,4,44,200,"b97502ef4c1796520d0acd01a82ea24d","state_allocation_thread_setup_sampling_divergence_check","iteration_difference","main_scaling","two_run_difference",NA,4,2.52185929648231,2.53869346733652,0.217719427507314,0.0702500000000441,2.57949999999994,0.0576407035176326,0.0126092964824115,0.0625000000001137,2.60399999999981,0.0499748743719732,0.0126934673366826,0,FALSE,FALSE,1.58613131413776,317.226262827551,0,"7178;7180;7182;7184",1823,TRUE,1
"HPC","MD_BayesMVP_WCP","BayesMVP_NicoStan",50000,2,8,4,2,100,"3f8ed78629bdab9b833b52bd1450ea30","state_allocation_thread_setup_sampling_divergence_check","iteration_difference","main_scaling","two_run_difference",NA,4,12.9202020202021,12.9303030303034,0.221688983735595,0.241249999999923,13.03225,0.112047979797901,0.129202020202021,0.206999999999766,13.0050000000001,0.0793232323229987,0.129303030303034,0,FALSE,FALSE,0.309592682354778,30.9592682354778,0,"7185;7192;7199;7206",1824,FALSE,0.75166132436869
"HPC","MD_BayesMVP_WCP","BayesMVP_NicoStan",50000,2,16,8,2,100,"3f8ed78629bdab9b833b52bd1450ea30","state_allocation_thread_setup_sampling_divergence_check","iteration_difference","main_scaling","two_run_difference",NA,4,14.7280303030303,14.7156565656562,0.29183515036918,0.26824999999991,14.8489999999999,0.120969696969606,0.147280303030303,0.263000000000034,14.8270000000002,0.113929292929252,0.147156565656562,0,FALSE,FALSE,0.543181935085643,54.3181935085643,0,"7186;7193;7200;7207",1825,FALSE,0.658556658608085
"HPC","MD_BayesMVP_WCP","BayesMVP_NicoStan",50000,2,32,16,2,100,"3f8ed78629bdab9b833b52bd1450ea30","state_allocation_thread_setup_sampling_divergence_check","iteration_difference","main_scaling","two_run_difference",NA,4,22.0669191919193,22.1368686868689,0.347669836980381,0.550999999999931,22.39725,0.330330808080738,0.220669191919193,0.454499999999939,22.3700000000001,0.23313131313125,0.221368686868689,0,FALSE,FALSE,0.725067231218169,72.5067231218169,0,"7187;7194;7201;7208",1826,FALSE,0.478583280883446
"HPC","MD_BayesMVP_WCP","BayesMVP_NicoStan",50000,2,64,32,2,100,"3f8ed78629bdab9b833b52bd1450ea30","state_allocation_thread_setup_sampling_divergence_check","iteration_difference","main_scaling","two_run_difference",NA,4,55.0431818181809,53.086363636364,4.99558138091259,0.941499999999905,55.434249999999,0.391068181818096,0.550431818181809,0.942999999999984,53.4955000000002,0.381545454545238,0.53086363636364,0,FALSE,FALSE,0.58136174078204,58.136174078204,0,"7188;7195;7202;7209",1827,FALSE,0.215228746025861
"HPC","MD_BayesMVP_WCP","BayesMVP_NicoStan",50000,2,96,48,2,100,"3f8ed78629bdab9b833b52bd1450ea30","state_allocation_thread_setup_sampling_divergence_check","iteration_difference","main_scaling","two_run_difference",NA,4,90.7659090909109,87.0681818181827,8.71018647819044,1.82124999999985,91.6795000000017,0.913590909090741,0.907659090909109,1.3929999999998,88.4565000000007,0.50099999999977,0.870681818181827,0,FALSE,FALSE,0.528832911836131,52.8832911836131,0,"7189;7196;7203;7210",1828,FALSE,0.192138034070326
"HPC","MD_BayesMVP_WCP","BayesMVP_NicoStan",50000,2,128,64,2,100,"3f8ed78629bdab9b833b52bd1450ea30","state_allocation_thread_setup_sampling_divergence_check","iteration_difference","main_scaling","two_run_difference",NA,4,126.295454545454,126.581818181818,1.54993112794788,3.32875000000001,128.361249999999,2.06579545454547,1.26295454545454,3.32799999999997,128.6455,2.06790909090908,1.26581818181818,0,FALSE,FALSE,0.506748245456184,50.6748245456184,0,"7190;7197;7204;7211",1829,FALSE,0.178978465598951
"HPC","MD_BayesMVP_WCP","BayesMVP_NicoStan",50000,2,180,90,2,100,"3f8ed78629bdab9b833b52bd1450ea30","state_allocation_thread_setup_sampling_divergence_check","iteration_difference","main_scaling","two_run_difference",NA,4,208.961363636363,208.445454545455,1.83145721686066,5.91875000000005,212.790499999999,3.82913636363641,2.08961363636363,5.96849999999995,212.329500000001,3.8746363636366,2.08445454545455,0,FALSE,FALSE,0.43070163035794,43.070163035794,0,"7191;7198;7205;7212",1830,FALSE,0.130376972689604
"HPC","MD_BayesMVP_WCP","BayesMVP_NicoStan",50000,8,32,4,8,100,"3f8ed78629bdab9b833b52bd1450ea30","state_allocation_thread_setup_sampling_divergence_check","iteration_difference","main_scaling","two_run_difference",NA,4,4.82803030303034,4.79242424242426,0.143842486133153,0.184250000000077,4.96400000000011,0.135969696969773,0.0482803030303034,0.185500000000161,4.92750000000001,0.136863636363797,0.0479242424242426,0,FALSE,FALSE,0.828495214184836,82.8495214184836,0,"7213;7217;7221;7225",1831,FALSE,0.864532663842203
"HPC","MD_BayesMVP_WCP","BayesMVP_NicoStan",50000,8,64,8,8,100,"3f8ed78629bdab9b833b52bd1450ea30","state_allocation_thread_setup_sampling_divergence_check","iteration_difference","main_scaling","two_run_difference",NA,4,6.72398989898989,6.73888888888881,0.36950315520896,0.252749999999935,6.90949999999992,0.185510101010036,0.0672398989898989,0.221999999999866,6.88249999999982,0.155707070706936,0.0673888888888881,0,FALSE,FALSE,1.18976978255155,118.976978255155,0,"7214;7218;7222;7226",1832,FALSE,0.639351034664038
"HPC","MD_BayesMVP_WCP","BayesMVP_NicoStan",50000,6,96,16,6,100,"3f8ed78629bdab9b833b52bd1450ea30","state_allocation_thread_setup_sampling_divergence_check","iteration_difference","main_scaling","two_run_difference",NA,4,15.6545454545452,15.561111111111,0.346130238827244,0.505000000000223,16.0029999999999,0.348454545454771,0.156545454545452,0.482000000000085,15.8775000000002,0.326989898989988,0.15561111111111,0,FALSE,FALSE,1.0220673635308,102.20673635308,0,"7215;7219;7223;7227",1833,FALSE,0.455720092915234
"HPC","MD_BayesMVP_WCP","BayesMVP_NicoStan",50000,8,128,16,8,100,"3f8ed78629bdab9b833b52bd1450ea30","state_allocation_thread_setup_sampling_divergence_check","iteration_difference","main_scaling","two_run_difference",NA,4,15.3151515151513,15.1202020202016,0.64416573562212,0.447249999999997,15.6092499999997,0.294098484848484,0.153151515151513,0.413000000000125,15.3129999999996,0.263050505050632,0.151202020202016,0,FALSE,FALSE,1.04471705579741,104.471705579741,0,"7216;7220;7224;7228",1834,FALSE,0.473882073605064
"HPC","MD_BayesMVP_WCP","BayesMVP_NicoStan",50000,16,64,4,16,100,"3f8ed78629bdab9b833b52bd1450ea30","state_allocation_thread_setup_sampling_divergence_check","iteration_difference","main_scaling","two_run_difference",NA,4,3.6742424242419,3.68434343434278,0.10759828094404,0.161000000000286,3.79849999999976,0.124257575757867,0.036742424242419,0.154500000000326,3.8149999999996,0.117858585858915,0.0368434343434278,0,FALSE,FALSE,1.08865979381459,108.865979381459,0,"7229;7235;7241;7247",1835,FALSE,0.887697594501818
"HPC","MD_BayesMVP_WCP","BayesMVP_NicoStan",50000,24,96,4,24,100,"3f8ed78629bdab9b833b52bd1450ea30","state_allocation_thread_setup_sampling_divergence_check","iteration_difference","main_scaling","two_run_difference",NA,4,3.61287878787896,3.68434343434336,0.209544028290934,0.144249999999886,3.72100000000006,0.108121212121096,0.0361287878787896,0.128499999999804,3.7645,0.0931060606058605,0.0368434343434336,0,FALSE,FALSE,1.10715034598443,110.715034598443,0,"7230;7236;7242;7248",1836,TRUE,1
"HPC","MD_BayesMVP_WCP","BayesMVP_NicoStan",50000,12,96,8,12,100,"3f8ed78629bdab9b833b52bd1450ea30","state_allocation_thread_setup_sampling_divergence_check","iteration_difference","main_scaling","two_run_difference",NA,4,6.62222222222226,6.63939393939392,0.184230166761279,0.247500000000059,6.8035000000001,0.181277777777836,0.0662222222222226,0.210500000000138,6.78350000000012,0.144106060606199,0.0663939393939392,0,FALSE,FALSE,1.20805369127516,120.805369127516,0,"7231;7237;7243;7249",1837,FALSE,0.730514032946938
"HPC","MD_BayesMVP_WCP","BayesMVP_NicoStan",50000,16,128,8,16,100,"3f8ed78629bdab9b833b52bd1450ea30","state_allocation_thread_setup_sampling_divergence_check","iteration_difference","main_scaling","two_run_difference",NA,4,6.31287878787897,6.38030303030293,0.220991964920521,0.219999999999914,6.46975000000009,0.156871212121124,0.0631287878787897,0.204999999999927,6.52149999999983,0.142838383838307,0.0638030303030293,0,FALSE,FALSE,1.26725069002757,126.725069002757,0,"7232;7238;7244;7250",1838,FALSE,0.802952118084759
"HPC","MD_BayesMVP_WCP","BayesMVP_NicoStan",50000,22,176,8,22,100,"3f8ed78629bdab9b833b52bd1450ea30","state_allocation_thread_setup_sampling_divergence_check","iteration_difference","main_scaling","two_run_difference",NA,4,6.49747474747475,6.39949494949486,0.379767980045746,0.225249999999846,6.65774999999985,0.160275252525099,0.0649747474747475,0.217999999999734,6.55199999999979,0.155974747474479,0.0639949494949486,0,FALSE,FALSE,1.23124757092888,123.124757092888,0,"7233;7239;7245;7251",1839,FALSE,0.76575981344727
"HPC","MD_BayesMVP_WCP","BayesMVP_NicoStan",50000,11,176,16,11,100,"3f8ed78629bdab9b833b52bd1450ea30","state_allocation_thread_setup_sampling_divergence_check","iteration_difference","main_scaling","two_run_difference",NA,4,14.3401515151512,14.3838383838382,0.152683208062782,0.523500000000126,14.7202499999998,0.380098484848615,0.143401515151512,0.492500000000177,14.7719999999999,0.348262626262806,0.143838383838382,0,FALSE,FALSE,1.11574832267951,111.574832267951,0,"7234;7240;7246;7252",1840,FALSE,0.490710902143083
"HPC","MD_BayesMVP_WCP","BayesMVP_NicoStan",50000,32,128,4,32,100,"3f8ed78629bdab9b833b52bd1450ea30","state_allocation_thread_setup_sampling_divergence_check","iteration_difference","main_scaling","two_run_difference",NA,4,4.13964646464659,4.14595959595986,0.18292661566798,0.14449999999988,4.24275,0.103103535353414,0.0413964646464659,0.147999999999683,4.26950000000022,0.107267676767358,0.0414595959595986,0,FALSE,FALSE,0.966266089184379,96.6266089184379,0,"7253;7255;7257;7259",1841,FALSE,0.934850240956432
"HPC","MD_BayesMVP_WCP","BayesMVP_NicoStan",50000,44,176,4,44,100,"3f8ed78629bdab9b833b52bd1450ea30","state_allocation_thread_setup_sampling_divergence_check","iteration_difference","main_scaling","two_run_difference",NA,4,4.1002525252526,4.14545454545459,0.187678425800671,0.175000000000011,4.23425000000009,0.133997474747485,0.041002525252526,0.185500000000047,4.28999999999985,0.144545454545262,0.0414545454545459,0,FALSE,FALSE,0.975549670505617,97.5549670505617,0,"7254;7256;7258;7260",1842,TRUE,1
"Laptop","AD_Stan_WCP","NicoStan_BridgeStan",500,2,4,2,2,800,"257aba3ac8b8727679d269bf8597bb85","NicoStan_BridgeStan_state_allocation_thread_setup_sampling_model_load_divergence_check","iteration_difference","main_scaling","two_run_difference",250,4,3.68710888610747,3.70863579474269,0.0800270839277603,0.0147500000001637,3.69725,0.0101411138925294,0.00460888610763433,0.0150000000003274,3.71899999999967,0.010331038798826,0.00463579474342836,0,FALSE,FALSE,0.542430414120866,433.944331296693,0,"8393;8394;8395;8396",2126,FALSE,0.91866938221313
"Laptop","AD_Stan_WCP","NicoStan_BridgeStan",500,2,8,4,2,800,"257aba3ac8b8727679d269bf8597bb85","NicoStan_BridgeStan_state_allocation_thread_setup_sampling_model_load_divergence_check","iteration_difference","main_scaling","two_run_difference",250,4,5.57496871088818,5.5604505632036,0.0961305793255808,0.0177500000001158,5.58574999999968,0.0107812891115056,0.00696871088861022,0.0180000000000131,5.56999999999961,0.0111301627033928,0.00695056320400449,0,FALSE,FALSE,0.71749281609201,573.994252873608,0,"8397;8398;8399;8400",2127,FALSE,0.678924209770194
"Laptop","AD_Stan_WCP","NicoStan_BridgeStan",500,2,16,8,2,800,"257aba3ac8b8727679d269bf8597bb85","NicoStan_BridgeStan_state_allocation_thread_setup_sampling_model_load_divergence_check","iteration_difference","main_scaling","two_run_difference",250,4,11.3066332916148,11.2921151439304,0.116230026696751,0.025499999999818,11.3180000000001,0.0113667083852995,0.0141332916145185,0.0254999999999193,11.3025000000002,0.0114324155193185,0.014115143929913,0,FALSE,FALSE,0.7075492583573,566.03940668584,0,"8401;8402;8403;8404",2128,FALSE,0.53686074828425
"Laptop","AD_Stan_WCP","NicoStan_BridgeStan",500,4,4,2,2,800,"257aba3ac8b8727679d269bf8597bb85","NicoStan_BridgeStan_state_allocation_thread_setup_sampling_model_load_divergence_check","iteration_difference","main_scaling","two_run_difference",125,4,3.38723404255289,3.38072590738363,0.0841567674298459,0.0132500000000615,3.39624999999976,0.00901595744687038,0.00423404255319111,0.0130000000004138,3.39049999999952,0.00870025031330554,0.00422590738422953,0,FALSE,FALSE,0.590452261306586,472.361809045268,0,"8405;8407;8409;8411",2129,TRUE,1
"Laptop","AD_Stan_WCP","NicoStan_BridgeStan",500,4,8,2,4,800,"257aba3ac8b8727679d269bf8597bb85","NicoStan_BridgeStan_state_allocation_thread_setup_sampling_model_load_divergence_check","iteration_difference","main_scaling","two_run_difference",125,4,2.79324155194,2.80500625782273,0.0710036095611355,0.0137500000000088,2.80350000000008,0.0102584480600838,0.00349155193992499,0.0135000000000218,2.81750000000016,0.00995118898625445,0.00350625782227841,0,FALSE,FALSE,0.716013979747271,572.811183797817,0,"8406;8408;8410;8412",2130,FALSE,0.754099829733894
"Laptop","AD_Stan_WCP","NicoStan_BridgeStan",500,4,8,4,2,800,"257aba3ac8b8727679d269bf8597bb85","NicoStan_BridgeStan_state_allocation_thread_setup_sampling_model_load_divergence_check","iteration_difference","main_scaling","two_run_difference",125,4,3.95269086357912,3.93842302878575,0.0698601709341711,0.0155000000001628,3.96324999999981,0.0105591364206889,0.0049408635794739,0.0150000000006187,3.94949999999948,0.0100901126405105,0.00492302878598219,0,FALSE,FALSE,1.01196884301193,809.575074409546,0,"8413;8415;8417;8419",2131,FALSE,0.9575707681592
"Laptop","AD_Stan_WCP","NicoStan_BridgeStan",500,4,16,4,4,800,"257aba3ac8b8727679d269bf8597bb85","NicoStan_BridgeStan_state_allocation_thread_setup_sampling_model_load_divergence_check","iteration_difference","main_scaling","two_run_difference",125,4,4.79148936170168,4.78047559449298,0.128171933129377,0.0165000000002653,4.80199999999982,0.0105106382981382,0.00598936170212711,0.0160000000005311,4.79049999999978,0.0100244055067967,0.00597559449311623,0,FALSE,FALSE,0.834813499111978,667.850799289582,0,"8414;8416;8418;8420",2132,FALSE,0.673022672656953
"Laptop","AD_Stan_WCP","NicoStan_BridgeStan",500,4,16,8,2,800,"257aba3ac8b8727679d269bf8597bb85","NicoStan_BridgeStan_state_allocation_thread_setup_sampling_model_load_divergence_check","iteration_difference","main_scaling","two_run_difference",125,4,8.40425531914862,8.37797246558136,0.112492369639322,0.0247500000002212,8.41849999999991,0.0142446808512854,0.0105053191489358,0.0249999999999986,8.39199999999983,0.0144618272841037,0.0104724655819767,0,FALSE,FALSE,0.95189873417725,761.5189873418,0,"8421;8422;8423;8424",2133,FALSE,0.722263588979928
"Laptop","AD_Stan_WCP","NicoStan_BridgeStan",500,10,4,2,2,800,"257aba3ac8b8727679d269bf8597bb85","NicoStan_BridgeStan_state_allocation_thread_setup_sampling_model_load_divergence_check","iteration_difference","main_scaling","two_run_difference",50,4,3.60400500625763,3.57396745932376,0.103823237535653,0.0129999999996073,3.61249999999941,0.00849499374178529,0.00450500625782203,0.0129999999996073,3.58349999999882,0.00855068836005804,0.0044674593241547,0,FALSE,FALSE,0.554938185859177,443.950548687342,0,"8425;8428;8431;8434",2134,FALSE,0.939852757327374
"Laptop","AD_Stan_WCP","NicoStan_BridgeStan",500,10,8,2,4,800,"257aba3ac8b8727679d269bf8597bb85","NicoStan_BridgeStan_state_allocation_thread_setup_sampling_model_load_divergence_check","iteration_difference","main_scaling","two_run_difference",50,4,2.10638297872359,2.12565707133989,0.0917457358578893,0.0107499999997547,2.11449999999994,0.00811702127635019,0.00263297872340448,0.0109999999992993,2.13400000000001,0.00829349186434309,0.00265707133917486,0,FALSE,FALSE,0.949494949494867,759.595959595894,0,"8426;8429;8432;8435",2135,TRUE,1
"Laptop","AD_Stan_WCP","NicoStan_BridgeStan",500,10,16,2,8,800,"257aba3ac8b8727679d269bf8597bb85","NicoStan_BridgeStan_state_allocation_thread_setup_sampling_model_load_divergence_check","iteration_difference","main_scaling","two_run_difference",50,4,2.05356695869865,2.06007509386769,0.0609531164166226,0.0119999999995564,2.06299999999983,0.00943304130118305,0.00256695869837331,0.0114999999994012,2.07050000000007,0.00889236545622199,0.00257509386733462,0,FALSE,FALSE,0.973915163334827,779.132130667861,0,"8427;8430;8433;8436",2136,TRUE,1
"Laptop","AD_Stan_WCP","NicoStan_BridgeStan",500,10,8,4,2,800,"257aba3ac8b8727679d269bf8597bb85","NicoStan_BridgeStan_state_allocation_thread_setup_sampling_model_load_divergence_check","iteration_difference","main_scaling","two_run_difference",50,4,3.78498122653331,3.7566958698367,0.077584075794259,0.0145000000000621,3.79475000000021,0.00976877346689549,0.00473122653316664,0.0140000000005145,3.76599999999992,0.00932853566919086,0.00469586983729588,0,FALSE,FALSE,1.05680841214201,845.446729713611,0,"8437;8439;8441;8443",2137,TRUE,1
"Laptop","AD_Stan_WCP","NicoStan_BridgeStan",500,10,16,4,4,800,"257aba3ac8b8727679d269bf8597bb85","NicoStan_BridgeStan_state_allocation_thread_setup_sampling_model_load_divergence_check","iteration_difference","main_scaling","two_run_difference",50,4,3.22478097621983,3.24255319148886,0.0488762227147286,0.0175000000003216,3.23824999999987,0.0134690237800468,0.00403097622027478,0.0150000000006187,3.25250000000012,0.0109918648316582,0.00405319148936107,0,FALSE,FALSE,1.24039431809378,992.315454475028,0,"8438;8440;8442;8444",2138,TRUE,1
"Laptop","AD_Stan_WCP","NicoStan_BridgeStan",500,10,16,8,2,800,"257aba3ac8b8727679d269bf8597bb85","NicoStan_BridgeStan_state_allocation_thread_setup_sampling_model_load_divergence_check","iteration_difference","main_scaling","two_run_difference",50,4,6.07008760951193,5.99899874843563,0.184879413637869,0.0190000000001689,6.08150000000021,0.011412390488279,0.00758760951188992,0.0195000000001215,6.01100000000042,0.0118097622028749,0.00749874843554454,0,FALSE,FALSE,1.31793814432989,1054.35051546391,0,"8445;8446;8447;8448",2139,TRUE,1
"Laptop","AD_Stan_WCP","NicoStan_BridgeStan",2500,4,4,2,2,200,"7184208393ceb4c8ae3e26f0d1660bdb","NicoStan_BridgeStan_state_allocation_thread_setup_sampling_model_load_divergence_check","iteration_difference","main_scaling","two_run_difference",625,4,4.49723618090496,4.50904522613155,0.0834125445274401,0.0625000000000036,4.53725000000044,0.0400138190954787,0.0224861809045248,0.0625,4.54900000000089,0.0399547738693423,0.0225452261306577,0,FALSE,FALSE,0.444717581987777,88.9435163975554,0,"8449;8451;8453;8455",2140,FALSE,0.873289010559258
"Laptop","AD_Stan_WCP","NicoStan_BridgeStan",2500,4,8,2,4,200,"7184208393ceb4c8ae3e26f0d1660bdb","NicoStan_BridgeStan_state_allocation_thread_setup_sampling_model_load_divergence_check","iteration_difference","main_scaling","two_run_difference",625,4,3.91080402010055,3.90201005025149,0.0536748344555497,0.0625000000000959,3.95375000000014,0.0429459798995932,0.0195540201005027,0.0570000000001514,3.95050000000027,0.0374020100504033,0.0195100502512574,0,FALSE,FALSE,0.511403790555728,102.280758111146,0,"8450;8452;8454;8456",2141,FALSE,0.596787664632085
"Laptop","AD_Stan_WCP","NicoStan_BridgeStan",2500,4,8,4,2,200,"7184208393ceb4c8ae3e26f0d1660bdb","NicoStan_BridgeStan_state_allocation_thread_setup_sampling_model_load_divergence_check","iteration_difference","main_scaling","two_run_difference",625,4,6.82939698492459,6.82060301507531,0.0318385762929616,0.0755000000002113,6.87075000000018,0.0413530150755883,0.034146984924623,0.0755000000003605,6.86200000000029,0.041396984924984,0.0341030150753765,0,FALSE,FALSE,0.585703248592769,117.140649718554,0,"8457;8459;8461;8463",2142,FALSE,0.621058827857768
"Laptop","AD_Stan_WCP","NicoStan_BridgeStan",2500,4,16,4,4,200,"7184208393ceb4c8ae3e26f0d1660bdb","NicoStan_BridgeStan_state_allocation_thread_setup_sampling_model_load_divergence_check","iteration_difference","main_scaling","two_run_difference",625,4,7.43190954773868,7.43869346733658,0.07450472535683,0.0789999999998585,7.47374999999985,0.0418404522611651,0.0371595477386934,0.0789999999997235,7.48149999999976,0.041693467336407,0.0371934673366829,0,FALSE,FALSE,0.538219682883127,107.643936576625,0,"8458;8460;8462;8464",2143,FALSE,0.49386388992181
"Laptop","AD_Stan_WCP","NicoStan_BridgeStan",2500,4,16,8,2,200,"7184208393ceb4c8ae3e26f0d1660bdb","NicoStan_BridgeStan_state_allocation_thread_setup_sampling_model_load_divergence_check","iteration_difference","main_scaling","two_run_difference",625,4,14.457788944724,14.4557788944726,0.150007084389657,0.11924999999999,14.5047500000004,0.0469610552763702,0.0722889447236202,0.11699999999999,14.5005000000002,0.045273869346721,0.072278894472363,0,FALSE,FALSE,0.553334955336955,110.666991067391,0,"8465;8466;8467;8468",2144,FALSE,0.489590212366588
"Laptop","AD_Stan_WCP","NicoStan_BridgeStan",2500,10,4,2,2,200,"7184208393ceb4c8ae3e26f0d1660bdb","NicoStan_BridgeStan_state_allocation_thread_setup_sampling_model_load_divergence_check","iteration_difference","main_scaling","two_run_difference",250,4,3.92738693467379,3.90753768844304,0.102306670762105,0.0564999999998435,3.96425000000026,0.0368630653264745,0.0196369346733689,0.0564999999996871,3.94450000000052,0.0369623115574719,0.0195376884422152,0,FALSE,FALSE,0.509244450131095,101.848890026219,0,"8469;8472;8475;8478",2145,TRUE,1
"Laptop","AD_Stan_WCP","NicoStan_BridgeStan",2500,10,8,2,4,200,"7184208393ceb4c8ae3e26f0d1660bdb","NicoStan_BridgeStan_state_allocation_thread_setup_sampling_model_load_divergence_check","iteration_difference","main_scaling","two_run_difference",250,4,2.78768844221127,2.81356783919632,0.0952827956199729,0.0517499999995437,2.82549999999976,0.0378115577884873,0.0139384422110563,0.051499999999848,2.85100000000018,0.0374321608038664,0.0140678391959816,0,FALSE,FALSE,0.717440288418151,143.48805768363,0,"8470;8473;8476;8479",2146,FALSE,0.837223974763208
"Laptop","AD_Stan_WCP","NicoStan_BridgeStan",2500,10,16,2,8,200,"7184208393ceb4c8ae3e26f0d1660bdb","NicoStan_BridgeStan_state_allocation_thread_setup_sampling_model_load_divergence_check","iteration_difference","main_scaling","two_run_difference",250,4,3.59824120603043,3.6120603015079,0.0612399066804499,0.0637499999996578,3.64399999999993,0.0457587939695057,0.0179912060301521,0.0649999999993582,3.65650000000032,0.0470778894465935,0.0180603015075395,0,FALSE,FALSE,0.555827107045554,111.165421409111,0,"8471;8474;8477;8480",2147,FALSE,0.580127086097295
"Laptop","AD_Stan_WCP","NicoStan_BridgeStan",2500,10,8,4,2,200,"7184208393ceb4c8ae3e26f0d1660bdb","NicoStan_BridgeStan_state_allocation_thread_setup_sampling_model_load_divergence_check","iteration_difference","main_scaling","two_run_difference",250,4,4.85954773869422,4.89346733668493,0.144584837144203,0.071249999999857,4.90650000000061,0.0469522613063859,0.0242977386934711,0.0699999999998653,4.93900000000122,0.0461432160802644,0.0244673366834247,0,FALSE,FALSE,0.823121865467015,164.624373093403,0,"8481;8483;8485;8487",2148,FALSE,0.872809058476776
"Laptop","AD_Stan_WCP","NicoStan_BridgeStan",2500,10,16,4,4,200,"7184208393ceb4c8ae3e26f0d1660bdb","NicoStan_BridgeStan_state_allocation_thread_setup_sampling_model_load_divergence_check","iteration_difference","main_scaling","two_run_difference",250,4,6.3198492462307,6.32914572864276,0.135138512703106,0.0742500000001627,6.36249999999971,0.0426507537690092,0.0315992462311535,0.0740000000002681,6.3719999999996,0.0424472361811749,0.0316457286432138,0,FALSE,FALSE,0.632926489881969,126.585297976394,0,"8482;8484;8486;8488",2149,FALSE,0.580765713831283
"Laptop","AD_Stan_WCP","NicoStan_BridgeStan",2500,10,16,8,2,200,"7184208393ceb4c8ae3e26f0d1660bdb","NicoStan_BridgeStan_state_allocation_thread_setup_sampling_model_load_divergence_check","iteration_difference","main_scaling","two_run_difference",250,4,11.6474874371866,11.6974874371865,0.12780920763315,0.108999999999632,11.6982500000003,0.0507625628136995,0.0582374371859328,0.108999999999483,11.7480000000004,0.0510125628135502,0.0584874371859326,0,FALSE,FALSE,0.686843410919566,137.368682183913,0,"8489;8490;8491;8492",2150,FALSE,0.607718359686725
"Laptop","AD_Stan_WCP","NicoStan_BridgeStan",2500,25,4,2,2,200,"7184208393ceb4c8ae3e26f0d1660bdb","NicoStan_BridgeStan_state_allocation_thread_setup_sampling_model_load_divergence_check","iteration_difference","main_scaling","two_run_difference",100,4,3.97211055276375,3.94321608040189,0.12387622678557,0.0557499999999393,4.00799999999987,0.0358894472361206,0.0198605527638188,0.0545000000000329,3.97649999999976,0.0350301507538005,0.0197160804020094,0,FALSE,FALSE,0.503510658485681,100.702131697136,0,"8493;8496;8499;8502",2151,FALSE,0.98874059080283
"Laptop","AD_Stan_WCP","NicoStan_BridgeStan",2500,25,8,2,4,200,"7184208393ceb4c8ae3e26f0d1660bdb","NicoStan_BridgeStan_state_allocation_thread_setup_sampling_model_load_divergence_check","iteration_difference","main_scaling","two_run_difference",100,4,2.33391959798958,2.36532663316508,0.10836071036634,0.0510000000001938,2.37324999999982,0.0393304020102459,0.0116695979899479,0.0510000000003856,2.40449999999964,0.0391733668345602,0.0118266331658254,0,FALSE,FALSE,0.85692754871367,171.385509742734,0,"8494;8497;8500;8503",2152,TRUE,1
"Laptop","AD_Stan_WCP","NicoStan_BridgeStan",2500,25,16,2,8,200,"7184208393ceb4c8ae3e26f0d1660bdb","NicoStan_BridgeStan_state_allocation_thread_setup_sampling_model_load_divergence_check","iteration_difference","main_scaling","two_run_difference",100,4,2.66206030150781,2.6904522613074,0.0951059512211711,0.056500000000149,2.70525000000042,0.0431896984926099,0.013310301507539,0.0560000000006511,2.73700000000051,0.0423969849252757,0.013452261306537,0,FALSE,FALSE,0.751297781972552,150.25955639451,0,"8495;8498;8501;8504",2153,FALSE,0.784143463897986
"Laptop","AD_Stan_WCP","NicoStan_BridgeStan",2500,25,8,4,2,200,"7184208393ceb4c8ae3e26f0d1660bdb","NicoStan_BridgeStan_state_allocation_thread_setup_sampling_model_load_divergence_check","iteration_difference","main_scaling","two_run_difference",100,4,4.24145728643265,4.24472361809142,0.171806147315542,0.0674999999997468,4.28775000000023,0.0462927135675835,0.0212072864321632,0.0674999999993418,4.28800000000047,0.0462386934666794,0.0212236180904571,0,FALSE,FALSE,0.943072092885385,188.614418577077,0,"8505;8507;8509;8511",2154,TRUE,1
"Laptop","AD_Stan_WCP","NicoStan_BridgeStan",2500,25,16,4,4,200,"7184208393ceb4c8ae3e26f0d1660bdb","NicoStan_BridgeStan_state_allocation_thread_setup_sampling_model_load_divergence_check","iteration_difference","main_scaling","two_run_difference",100,4,4.37663316582981,4.44120603015119,0.148236663474615,0.0654999999998509,4.42025000000051,0.0436168341707019,0.021883165829149,0.0654999999997017,4.48450000000059,0.0439396984920033,0.022206030150756,0,FALSE,FALSE,0.913944543314633,182.788908662927,0,"8506;8508;8510;8512",2155,FALSE,0.838624490498593
"Laptop","AD_Stan_WCP","NicoStan_BridgeStan",2500,25,16,8,2,200,"7184208393ceb4c8ae3e26f0d1660bdb","NicoStan_BridgeStan_state_allocation_thread_setup_sampling_model_load_divergence_check","iteration_difference","main_scaling","two_run_difference",100,4,8.53768844221093,8.57286432160778,0.0807530027199045,0.0972500000002796,8.59225000000016,0.054561557789225,0.0426884422110547,0.097999999999999,8.62650000000031,0.0554874371859286,0.0428643216080389,0,FALSE,FALSE,0.9370217775162,187.40435550324,0,"8513;8514;8515;8516",2156,FALSE,0.829075927015875
"Laptop","AD_Stan_WCP","NicoStan_BridgeStan",2500,50,4,2,2,200,"7184208393ceb4c8ae3e26f0d1660bdb","NicoStan_BridgeStan_state_allocation_thread_setup_sampling_model_load_divergence_check","iteration_difference","main_scaling","two_run_difference",50,4,4.25050251256281,4.20854271356784,0.160618349676578,0.0612500000000935,4.29050000000009,0.0399974874372794,0.0212525125628141,0.0560000000001395,4.24200000000019,0.0343442211056659,0.0210427135678392,0,FALSE,FALSE,0.47053260034285,94.1065200685701,0,"8517;8520;8523;8526",2157,FALSE,0.923981793462297
"Laptop","AD_Stan_WCP","NicoStan_BridgeStan",2500,50,8,2,4,200,"7184208393ceb4c8ae3e26f0d1660bdb","NicoStan_BridgeStan_state_allocation_thread_setup_sampling_model_load_divergence_check","iteration_difference","main_scaling","two_run_difference",50,4,2.43090452261345,2.37939698492592,0.13817633545232,0.0595000000003481,2.47825000000073,0.0473454773872808,0.0121545226130673,0.061500000001061,2.42200000000092,0.048907035176943,0.0118969849246296,0,FALSE,FALSE,0.822739018087724,164.547803617545,0,"8518;8521;8524;8527",2158,FALSE,0.960103359172819
"Laptop","AD_Stan_WCP","NicoStan_BridgeStan",2500,50,16,2,8,200,"7184208393ceb4c8ae3e26f0d1660bdb","NicoStan_BridgeStan_state_allocation_thread_setup_sampling_model_load_divergence_check","iteration_difference","main_scaling","two_run_difference",50,4,2.12512562814039,2.14422110552755,0.081708398490511,0.0474999999995305,2.16199999999922,0.0368743718588285,0.0106256281407019,0.0464999999992273,2.17999999999914,0.0357788944715895,0.0107211055276378,0,FALSE,FALSE,0.941120832348212,188.224166469642,0,"8519;8522;8525;8528",2159,FALSE,0.982265310948361
"Laptop","AD_Stan_WCP","NicoStan_BridgeStan",2500,50,8,4,2,200,"7184208393ceb4c8ae3e26f0d1660bdb","NicoStan_BridgeStan_state_allocation_thread_setup_sampling_model_load_divergence_check","iteration_difference","main_scaling","two_run_difference",50,4,4.46457286432072,4.43316582914396,0.159887200038144,0.0662500000003092,4.50849999999942,0.0439271356787056,0.0223228643216036,0.0669999999997515,4.47649999999885,0.0443492462309063,0.0221658291457198,0,FALSE,FALSE,0.89594237154613,179.188474309226,0,"8529;8531;8533;8535",2160,FALSE,0.950025325004519
"Laptop","AD_Stan_WCP","NicoStan_BridgeStan",2500,50,16,4,4,200,"7184208393ceb4c8ae3e26f0d1660bdb","NicoStan_BridgeStan_state_allocation_thread_setup_sampling_model_load_divergence_check","iteration_difference","main_scaling","two_run_difference",50,4,3.67035175879326,3.71708542713427,0.105238496758842,0.0622500000006099,3.71424999999991,0.0438982412066436,0.0183517587939663,0.0610000000006607,3.75799999999981,0.0423442211061906,0.0185854271356714,0,FALSE,FALSE,1.08981380065738,217.962760131477,0,"8530;8532;8534;8536",2161,TRUE,1
"Laptop","AD_Stan_WCP","NicoStan_BridgeStan",2500,50,16,8,2,200,"7184208393ceb4c8ae3e26f0d1660bdb","NicoStan_BridgeStan_state_allocation_thread_setup_sampling_model_load_divergence_check","iteration_difference","main_scaling","two_run_difference",50,4,7.07839195979875,7.10452261306483,0.235636422887977,0.0879999999999157,7.13099999999967,0.0526080402009219,0.0353919597989938,0.087999999999667,7.15749999999935,0.0522386934673281,0.0355226130653241,0,FALSE,FALSE,1.13020019877897,226.040039755794,0,"8537;8538;8539;8540",2162,TRUE,1
"Laptop","AD_Stan_WCP","NicoStan_BridgeStan",2500,100,4,2,2,200,"7184208393ceb4c8ae3e26f0d1660bdb","NicoStan_BridgeStan_state_allocation_thread_setup_sampling_model_load_divergence_check","iteration_difference","main_scaling","two_run_difference",25,4,4.68090452261307,4.66331658291457,0.0527327019993773,0.0662499999999993,4.72375,0.0428454773869339,0.0234045226130653,0.0634999999999994,4.701,0.0402286432160798,0.0233165829145729,0,FALSE,FALSE,0.427267847557703,85.4535695115405,0,"8541;8544;8547;8550",2163,FALSE,0.839023081052157
"Laptop","AD_Stan_WCP","NicoStan_BridgeStan",2500,100,8,2,4,200,"7184208393ceb4c8ae3e26f0d1660bdb","NicoStan_BridgeStan_state_allocation_thread_setup_sampling_model_load_divergence_check","iteration_difference","main_scaling","two_run_difference",25,4,2.43668341708543,2.43819095477387,0.0297969187545196,0.0535000000000005,2.478,0.0413165829145734,0.0121834170854271,0.0490000000000013,2.4735,0.0367713567839209,0.0121909547738694,0,FALSE,FALSE,0.820787791297175,164.157558259435,0,"8542;8545;8548;8551",2164,FALSE,0.957826355949527
"Laptop","AD_Stan_WCP","NicoStan_BridgeStan",2500,100,16,2,8,200,"7184208393ceb4c8ae3e26f0d1660bdb","NicoStan_BridgeStan_state_allocation_thread_setup_sampling_model_load_divergence_check","iteration_difference","main_scaling","two_run_difference",25,4,2.08743718592965,2.09547738693467,0.0226521159187615,0.049999999999998,2.127,0.0395628140703498,0.0104371859296483,0.0464999999999982,2.1315,0.0360226130653248,0.0104773869346734,0,FALSE,FALSE,0.958112662493981,191.622532498796,0,"8543;8546;8549;8552",2165,TRUE,1
"Laptop","AD_Stan_WCP","NicoStan_BridgeStan",2500,100,8,4,2,200,"7184208393ceb4c8ae3e26f0d1660bdb","NicoStan_BridgeStan_state_allocation_thread_setup_sampling_model_load_divergence_check","iteration_difference","main_scaling","two_run_difference",25,4,4.87462311557788,4.87286432160803,0.0142929272897794,0.0734999999999992,4.92374999999999,0.0491268844221098,0.0243731155778894,0.0739999999999981,4.92249999999999,0.0496356783919579,0.0243643216080402,0,FALSE,FALSE,0.820576258955725,164.115251791145,0,"8553;8555;8557;8559",2166,FALSE,0.87010978815535
"Laptop","AD_Stan_WCP","NicoStan_BridgeStan",2500,100,16,4,4,200,"7184208393ceb4c8ae3e26f0d1660bdb","NicoStan_BridgeStan_state_allocation_thread_setup_sampling_model_load_divergence_check","iteration_difference","main_scaling","two_run_difference",25,4,3.85753768844221,3.8572864321608,0.00558821685682895,0.0662500000000001,3.9045,0.0469623115577891,0.0192876884422111,0.0690000000000026,3.905,0.0497010050251283,0.019286432160804,0,FALSE,FALSE,1.03693089298508,207.386178597017,0,"8554;8556;8558;8560",2167,FALSE,0.951475281703718
"Laptop","AD_Stan_WCP","NicoStan_BridgeStan",2500,100,16,8,2,200,"7184208393ceb4c8ae3e26f0d1660bdb","NicoStan_BridgeStan_state_allocation_thread_setup_sampling_model_load_divergence_check","iteration_difference","main_scaling","two_run_difference",25,4,7.68366834170854,7.67688442211055,0.0914678698756097,0.0852499999999985,7.7305,0.0468316582914558,0.0384183417085427,0.0844999999999985,7.72499999999999,0.0463693467336668,0.0383844221105528,0,FALSE,FALSE,1.04116935352016,208.233870704032,0,"8561;8562;8563;8564",2168,FALSE,0.921225597593246
"Laptop","AD_Stan_WCP","NicoStan_BridgeStan",2500,250,4,2,2,200,"7184208393ceb4c8ae3e26f0d1660bdb","NicoStan_BridgeStan_state_allocation_thread_setup_sampling_model_load_divergence_check","iteration_difference","main_scaling","two_run_difference",10,4,5.64572864321608,5.64974874371859,0.0260079583064928,0.0662499999999966,5.68375,0.0380213567839162,0.0282286432160804,0.0660000000000025,5.6875,0.0377512562814095,0.028248743718593,0,FALSE,FALSE,0.354250111259457,70.8500222518914,0,"8565;8568;8571;8574",2169,FALSE,0.695638629283564
"Laptop","AD_Stan_WCP","NicoStan_BridgeStan",2500,250,8,2,4,200,"7184208393ceb4c8ae3e26f0d1660bdb","NicoStan_BridgeStan_state_allocation_thread_setup_sampling_model_load_divergence_check","iteration_difference","main_scaling","two_run_difference",10,4,2.95728643216079,2.96331658291455,0.0205067818329088,0.056000000000008,2.9985,0.0412135678392041,0.014786432160804,0.0530000000000044,3.00049999999999,0.0381532663316627,0.0148165829145728,0,FALSE,FALSE,0.676295666949875,135.259133389975,0,"8566;8569;8572;8575",2170,FALSE,0.789209855564872
"Laptop","AD_Stan_WCP","NicoStan_BridgeStan",2500,250,16,2,8,200,"7184208393ceb4c8ae3e26f0d1660bdb","NicoStan_BridgeStan_state_allocation_thread_setup_sampling_model_load_divergence_check","iteration_difference","main_scaling","two_run_difference",10,4,2.51708542713567,2.52010050251257,0.0214064846855439,0.0525000000000091,2.557,0.0399145728643307,0.0125854271356784,0.0470000000000113,2.562,0.0344874371859409,0.0126005025125629,0,FALSE,FALSE,0.794569774406071,158.913954881214,0,"8567;8570;8573;8576",2171,FALSE,0.829307246955483
"Laptop","AD_Stan_WCP","NicoStan_BridgeStan",2500,250,8,4,2,200,"7184208393ceb4c8ae3e26f0d1660bdb","NicoStan_BridgeStan_state_allocation_thread_setup_sampling_model_load_divergence_check","iteration_difference","main_scaling","two_run_difference",10,4,5.91080402010051,5.90904522613066,0.00610644091576841,0.0744999999999933,5.95575,0.0449459798994908,0.0295540201005026,0.0759999999999934,5.9555,0.0464271356783853,0.0295452261306533,0,FALSE,FALSE,0.676726886291179,135.345377258236,0,"8577;8579;8581;8583",2172,FALSE,0.717577045696149
"Laptop","AD_Stan_WCP","NicoStan_BridgeStan",2500,250,16,4,4,200,"7184208393ceb4c8ae3e26f0d1660bdb","NicoStan_BridgeStan_state_allocation_thread_setup_sampling_model_load_divergence_check","iteration_difference","main_scaling","two_run_difference",10,4,4.77562814070352,4.77638190954774,0.00951240928944451,0.0665000000000049,4.81825000000001,0.0426218592964873,0.0238781407035176,0.0635000000000048,4.82050000000001,0.0396180904522661,0.0238819095477387,0,FALSE,FALSE,0.837586152470142,167.517230494028,0,"8578;8580;8582;8584",2173,FALSE,0.768558951964917
"Laptop","AD_Stan_WCP","NicoStan_BridgeStan",2500,250,16,8,2,200,"7184208393ceb4c8ae3e26f0d1660bdb","NicoStan_BridgeStan_state_allocation_thread_setup_sampling_model_load_divergence_check","iteration_difference","main_scaling","two_run_difference",10,4,9.53492462311557,9.53165829145728,0.0866553738047916,0.0962500000000048,9.5835,0.048575376884427,0.0476746231155779,0.0970000000000084,9.5825,0.049590452261315,0.0476582914572864,0,FALSE,FALSE,0.839020791061688,167.804158212338,0,"8585;8586;8587;8588",2174,FALSE,0.742364752694381
"Laptop","AD_Stan_WCP","NicoStan_BridgeStan",10000,4,4,2,2,80,"b352a26c8e9b174599c6b645056fb577","NicoStan_BridgeStan_state_allocation_thread_setup_sampling_model_load_divergence_check","iteration_difference","main_scaling","two_run_difference",2500,4,7.22708860759368,7.20759493670882,0.051479006663141,0.231500000000231,7.36824999999899,0.14116139240531,0.090338607594921,0.227499999999381,7.34499999999935,0.137405063290521,0.0900949367088603,0,FALSE,FALSE,0.276736609801428,22.1389287841143,0,"8589;8591;8593;8595",2175,FALSE,0.851683189127006
"Laptop","AD_Stan_WCP","NicoStan_BridgeStan",10000,4,8,2,4,80,"b352a26c8e9b174599c6b645056fb577","NicoStan_BridgeStan_state_allocation_thread_setup_sampling_model_load_divergence_check","iteration_difference","main_scaling","two_run_difference",2500,4,6.54708860759496,6.55949367088543,0.033056479936531,0.215750000000185,6.68100000000021,0.133911392405248,0.081838607594937,0.20750000000109,6.68500000000046,0.125506329115022,0.0819936708860679,0,FALSE,FALSE,0.305479293144115,24.4383434515292,0,"8590;8592;8594;8596",2176,FALSE,0.519508139669771
"Laptop","AD_Stan_WCP","NicoStan_BridgeStan",10000,4,8,4,2,80,"b352a26c8e9b174599c6b645056fb577","NicoStan_BridgeStan_state_allocation_thread_setup_sampling_model_load_divergence_check","iteration_difference","main_scaling","two_run_difference",2500,4,12.1683544303796,12.1817721518977,0.0829159337823633,0.294499999999942,12.3107499999998,0.142395569620197,0.152104430379745,0.293999999999869,12.3154999999995,0.141101265822657,0.152272151898722,0,FALSE,FALSE,0.328721522937692,26.2977218350154,0,"8597;8599;8601;8603",2177,FALSE,0.547196504733134
"Laptop","AD_Stan_WCP","NicoStan_BridgeStan",10000,4,16,4,4,80,"b352a26c8e9b174599c6b645056fb577","NicoStan_BridgeStan_state_allocation_thread_setup_sampling_model_load_divergence_check","iteration_difference","main_scaling","two_run_difference",2500,4,13.1521518987344,13.1488607594942,0.0234938891309852,0.307499999999706,13.2952499999999,0.143098101265526,0.16440189873418,0.30550000000116,13.2939999999999,0.14105696202534,0.164360759493677,0,FALSE,FALSE,0.304132740466973,24.3306192373578,0,"8598;8600;8602;8604",2178,FALSE,0.414082500818071
"Laptop","AD_Stan_WCP","NicoStan_BridgeStan",10000,4,16,8,2,80,"b352a26c8e9b174599c6b645056fb577","NicoStan_BridgeStan_state_allocation_thread_setup_sampling_model_load_divergence_check","iteration_difference","main_scaling","two_run_difference",2500,4,26.2101265822786,26.1969620253166,0.0639419701666128,0.485999999999919,26.3685000000001,0.158373417721436,0.327626582278483,0.481499999999869,26.3525,0.153613924050499,0.327462025316458,0,FALSE,FALSE,0.305225538491257,24.4180430793006,0,"8605;8606;8607;8608",2179,FALSE,0.410779484207473
"Laptop","AD_Stan_WCP","NicoStan_BridgeStan",10000,10,4,2,2,80,"b352a26c8e9b174599c6b645056fb577","NicoStan_BridgeStan_state_allocation_thread_setup_sampling_model_load_divergence_check","iteration_difference","main_scaling","two_run_difference",1000,4,6.73518987341791,6.76151898734159,0.057481178516908,0.222250000000287,6.87325000000047,0.138060126582563,0.0841898734177238,0.217000000000553,6.89750000000095,0.132436708861307,0.0845189873417699,0,FALSE,FALSE,0.296947827394369,23.7558261915495,0,"8609;8612;8615;8618",2180,FALSE,0.913885130055772
"Laptop","AD_Stan_WCP","NicoStan_BridgeStan",10000,10,8,2,4,80,"b352a26c8e9b174599c6b645056fb577","NicoStan_BridgeStan_state_allocation_thread_setup_sampling_model_load_divergence_check","iteration_difference","main_scaling","two_run_difference",1000,4,5.50708860759581,5.50835443037976,0.0770347202757302,0.259249999999298,5.69750000000016,0.19041139240435,0.0688386075949476,0.205499999998949,5.69899999999978,0.136272151897673,0.068854430379747,0,FALSE,FALSE,0.363168298625419,29.0534638900335,0,"8610;8613;8616;8619",2181,FALSE,0.617615961016773
"Laptop","AD_Stan_WCP","NicoStan_BridgeStan",10000,10,16,2,8,80,"b352a26c8e9b174599c6b645056fb577","NicoStan_BridgeStan_state_allocation_thread_setup_sampling_model_load_divergence_check","iteration_difference","main_scaling","two_run_difference",1000,4,6.10455696202614,6.10936708860804,0.0352387118229223,0.200000000000259,6.22825000000107,0.123693037974932,0.0763069620253267,0.199000000000524,6.23650000000092,0.122411392405508,0.0763670886076005,0,FALSE,FALSE,0.327624103180813,26.209928254465,0,"8611;8614;8617;8620",2182,FALSE,0.469539252685211
"Laptop","AD_Stan_WCP","NicoStan_BridgeStan",10000,10,8,4,2,80,"b352a26c8e9b174599c6b645056fb577","NicoStan_BridgeStan_state_allocation_thread_setup_sampling_model_load_divergence_check","iteration_difference","main_scaling","two_run_difference",1000,4,10.9929113924057,10.9984810126583,0.179552994666922,0.277249999998773,11.1327499999994,0.139838607593701,0.137411392405072,0.272999999998603,11.142499999999,0.135822784810147,0.137481012658228,0,FALSE,FALSE,0.363870848878427,29.1096679102741,0,"8621;8623;8625;8627",2183,FALSE,0.605706784579157
"Laptop","AD_Stan_WCP","NicoStan_BridgeStan",10000,10,16,4,4,80,"b352a26c8e9b174599c6b645056fb577","NicoStan_BridgeStan_state_allocation_thread_setup_sampling_model_load_divergence_check","iteration_difference","main_scaling","two_run_difference",1000,4,11.7217721518983,11.7154430379742,0.136232644546263,0.282750000000775,11.8580000000003,0.136227848102046,0.146522151898728,0.284500000001572,11.8550000000006,0.136955696204115,0.146443037974677,0,FALSE,FALSE,0.341245329474539,27.2996263579631,0,"8622;8624;8626;8628",2184,FALSE,0.464611995421284
"Laptop","AD_Stan_WCP","NicoStan_BridgeStan",10000,10,16,8,2,80,"b352a26c8e9b174599c6b645056fb577","NicoStan_BridgeStan_state_allocation_thread_setup_sampling_model_load_divergence_check","iteration_difference","main_scaling","two_run_difference",1000,4,23.4832911392399,23.4379746835437,0.150600074426295,0.447250000000508,23.6369999999999,0.153708860760009,0.293541139240499,0.444999999999766,23.5959999999992,0.152474683544077,0.292974683544297,0,FALSE,FALSE,0.340667751916265,27.2534201533012,0,"8629;8630;8631;8632",2185,FALSE,0.458478422578952
"Laptop","AD_Stan_WCP","NicoStan_BridgeStan",10000,25,4,2,2,80,"b352a26c8e9b174599c6b645056fb577","NicoStan_BridgeStan_state_allocation_thread_setup_sampling_model_load_divergence_check","iteration_difference","main_scaling","two_run_difference",400,4,6.52708860759416,6.55645569620095,0.0777244051741139,0.221749999999773,6.667249999999,0.140161392404846,0.0815886075949269,0.220999999999265,6.70149999999893,0.138968354429649,0.0819556962025119,0,FALSE,FALSE,0.306415328523813,24.513226281905,0,"8633;8636;8639;8642",2186,FALSE,0.943022263595041
"Laptop","AD_Stan_WCP","NicoStan_BridgeStan",10000,25,8,2,4,80,"b352a26c8e9b174599c6b645056fb577","NicoStan_BridgeStan_state_allocation_thread_setup_sampling_model_load_divergence_check","iteration_difference","main_scaling","two_run_difference",400,4,5.20708860759371,5.22126582278404,0.0794146184359192,0.207500000000536,5.34949999999932,0.142411392405615,0.0650886075949214,0.204500000000024,5.3579999999987,0.140177215189898,0.0652658227848005,0,FALSE,FALSE,0.384091793076714,30.7273434461372,0,"8634;8637;8640;8643",2187,FALSE,0.653199144301982
"Laptop","AD_Stan_WCP","NicoStan_BridgeStan",10000,25,16,2,8,80,"b352a26c8e9b174599c6b645056fb577","NicoStan_BridgeStan_state_allocation_thread_setup_sampling_model_load_divergence_check","iteration_difference","main_scaling","two_run_difference",400,4,5.91822784810131,5.91999999999989,0.0152991847391368,0.202000000000709,6.04625000000075,0.128022151899442,0.0739778481012664,0.200500000000147,6.05200000000116,0.126575949367065,0.0739999999999986,0,FALSE,FALSE,0.337938999871666,27.0351199897333,0,"8635;8638;8641;8644",2188,FALSE,0.484322197031266
"Laptop","AD_Stan_WCP","NicoStan_BridgeStan",10000,25,8,4,2,80,"b352a26c8e9b174599c6b645056fb577","NicoStan_BridgeStan_state_allocation_thread_setup_sampling_model_load_divergence_check","iteration_difference","main_scaling","two_run_difference",400,4,9.6478481012648,9.65316455696243,0.132361248409874,0.26300000000046,9.79024999999945,0.14240189873465,0.12059810126581,0.263000000001,9.79550000000032,0.14246835443141,0.12066455696203,0,FALSE,FALSE,0.414600225668521,33.1680180534817,0,"8645;8647;8649;8651",2189,FALSE,0.690151932614358
"Laptop","AD_Stan_WCP","NicoStan_BridgeStan",10000,25,16,4,4,80,"b352a26c8e9b174599c6b645056fb577","NicoStan_BridgeStan_state_allocation_thread_setup_sampling_model_load_divergence_check","iteration_difference","main_scaling","two_run_difference",400,4,11.438734177214,11.425316455695,0.11156833058228,0.273500000000169,11.569249999999,0.130515822784994,0.142984177215175,0.270000000000209,11.5609999999989,0.126031645569609,0.142816455696187,0,FALSE,FALSE,0.349689042338969,27.9751233871175,0,"8646;8648;8650;8652",2190,FALSE,0.476108270809868
"Laptop","AD_Stan_WCP","NicoStan_BridgeStan",10000,25,16,8,2,80,"b352a26c8e9b174599c6b645056fb577","NicoStan_BridgeStan_state_allocation_thread_setup_sampling_model_load_divergence_check","iteration_difference","main_scaling","two_run_difference",400,4,22.8544303797471,22.8000000000016,0.127743199640314,0.436499999999953,23.0052500000002,0.150819620253114,0.285680379746839,0.436999999999898,22.9530000000005,0.150462025316347,0.28500000000002,0,FALSE,FALSE,0.35004153973968,28.0033231791744,0,"8653;8654;8655;8656",2191,FALSE,0.47109387981168
"Laptop","AD_Stan_WCP","NicoStan_BridgeStan",10000,50,4,2,2,80,"b352a26c8e9b174599c6b645056fb577","NicoStan_BridgeStan_state_allocation_thread_setup_sampling_model_load_divergence_check","iteration_difference","main_scaling","two_run_difference",200,4,6.15518987341884,6.08708860759721,0.188387774372087,0.212249999999329,6.29050000000043,0.135310126581594,0.0769398734177355,0.207499999998618,6.21850000000086,0.131411392403652,0.0760886075949651,0,FALSE,FALSE,0.324929050302248,25.9943240241799,0,"8657;8660;8663;8666",2192,TRUE,1
"Laptop","AD_Stan_WCP","NicoStan_BridgeStan",10000,50,8,2,4,80,"b352a26c8e9b174599c6b645056fb577","NicoStan_BridgeStan_state_allocation_thread_setup_sampling_model_load_divergence_check","iteration_difference","main_scaling","two_run_difference",200,4,3.93822784810179,3.95594936708854,0.116934623345304,0.248249999999615,4.13725000000014,0.199022151898343,0.0492278481012724,0.194499999998868,4.15250000000066,0.144234177214048,0.0494493670886068,0,FALSE,FALSE,0.507842633067559,40.6274106454047,0,"8658;8661;8664;8667",2193,FALSE,0.863653895602867
"Laptop","AD_Stan_WCP","NicoStan_BridgeStan",10000,50,16,2,8,80,"b352a26c8e9b174599c6b645056fb577","NicoStan_BridgeStan_state_allocation_thread_setup_sampling_model_load_divergence_check","iteration_difference","main_scaling","two_run_difference",200,4,5.34734177215183,5.35443037974628,0.0446067998994316,0.207750000000118,5.48825000000005,0.14090822784822,0.0668417721518979,0.206500000000233,5.48849999999868,0.139373417721753,0.0669303797468285,0,FALSE,FALSE,0.374017611968568,29.9214089574855,0,"8659;8662;8665;8668",2194,FALSE,0.536028785152928
"Laptop","AD_Stan_WCP","NicoStan_BridgeStan",10000,50,8,4,2,80,"b352a26c8e9b174599c6b645056fb577","NicoStan_BridgeStan_state_allocation_thread_setup_sampling_model_load_divergence_check","iteration_difference","main_scaling","two_run_difference",200,4,7.65316455696079,7.65113924050632,0.0772214149807759,0.242000000000445,7.79949999999923,0.146335443038435,0.0956645569620099,0.241500000000372,7.79399999999998,0.145139240506713,0.095639240506329,0,FALSE,FALSE,0.522659609659363,41.812768772749,0,"8669;8671;8673;8675",2195,FALSE,0.870029771749984
"Laptop","AD_Stan_WCP","NicoStan_BridgeStan",10000,50,16,4,4,80,"b352a26c8e9b174599c6b645056fb577","NicoStan_BridgeStan_state_allocation_thread_setup_sampling_model_load_divergence_check","iteration_difference","main_scaling","two_run_difference",200,4,9.40911392405001,9.38481012658226,0.127917347665846,0.273750000000319,9.56524999999971,0.156136075949694,0.117613924050625,0.273499999999899,9.54399999999998,0.15630379746825,0.117310126582278,0,FALSE,FALSE,0.425119733089411,34.0095786471529,0,"8670;8672;8674;8676",2196,FALSE,0.578808588494899
"Laptop","AD_Stan_WCP","NicoStan_BridgeStan",10000,50,16,8,2,80,"b352a26c8e9b174599c6b645056fb577","NicoStan_BridgeStan_state_allocation_thread_setup_sampling_model_load_divergence_check","iteration_difference","main_scaling","two_run_difference",200,4,18.5815189873407,18.5853164556949,0.112124559725234,0.408750000000254,18.7579999999992,0.176481012658495,0.232268987341759,0.404000000000451,18.7479999999994,0.171189873418198,0.232316455696187,0,FALSE,FALSE,0.430535307982639,34.4428246386112,0,"8677;8678;8679;8680",2197,FALSE,0.57942422714828
"Laptop","AD_Stan_WCP","NicoStan_BridgeStan",10000,100,4,2,2,80,"b352a26c8e9b174599c6b645056fb577","NicoStan_BridgeStan_state_allocation_thread_setup_sampling_model_load_divergence_check","iteration_difference","main_scaling","two_run_difference",100,4,6.28126582278502,6.22278481012702,0.170065038094384,0.207749999999834,6.41050000000004,0.129234177215021,0.0785158227848128,0.207499999999357,6.35750000000007,0.128031645568973,0.0777848101265878,0,FALSE,FALSE,0.318407158115341,25.4725726492273,0,"8681;8684;8687;8690",2198,FALSE,0.979928257627811
"Laptop","AD_Stan_WCP","NicoStan_BridgeStan",10000,100,8,2,4,80,"b352a26c8e9b174599c6b645056fb577","NicoStan_BridgeStan_state_allocation_thread_setup_sampling_model_load_divergence_check","iteration_difference","main_scaling","two_run_difference",100,4,3.44886075949299,3.44708860759355,0.0344440280716084,0.194500000000488,3.60024999999982,0.151389240506826,0.0431107594936624,0.194499999999266,3.59649999999965,0.151721518986611,0.0430886075949194,0,FALSE,FALSE,0.579901636937646,46.3921309550117,0,"8682;8685;8688;8691",2199,FALSE,0.986199809146491
"Laptop","AD_Stan_WCP","NicoStan_BridgeStan",10000,100,16,2,8,80,"b352a26c8e9b174599c6b645056fb577","NicoStan_BridgeStan_state_allocation_thread_setup_sampling_model_load_divergence_check","iteration_difference","main_scaling","two_run_difference",100,4,3.80050632911356,3.8410126582282,0.094273350506142,0.174000000000746,3.92700000000039,0.126493670886826,0.0475063291139196,0.174500000001444,3.96950000000038,0.126462025317913,0.0480126582278525,0,FALSE,FALSE,0.526245670130612,42.099653610449,0,"8683;8686;8689;8692",2200,FALSE,0.754196642685923
"Laptop","AD_Stan_WCP","NicoStan_BridgeStan",10000,100,8,4,2,80,"b352a26c8e9b174599c6b645056fb577","NicoStan_BridgeStan_state_allocation_thread_setup_sampling_model_load_divergence_check","iteration_difference","main_scaling","two_run_difference",100,4,6.65848101265766,6.63999999999887,0.176946631952346,0.230500000000063,6.80574999999951,0.147268987341842,0.0832310126582208,0.230499999999381,6.78999999999905,0.145803797467729,0.0829999999999858,0,FALSE,FALSE,0.600737614539422,48.0590091631538,0,"8693;8695;8697;8699",2201,TRUE,1
"Laptop","AD_Stan_WCP","NicoStan_BridgeStan",10000,100,16,4,4,80,"b352a26c8e9b174599c6b645056fb577","NicoStan_BridgeStan_state_allocation_thread_setup_sampling_model_load_divergence_check","iteration_difference","main_scaling","two_run_difference",100,4,6.74658227848072,6.75493670886105,0.162785925673549,0.230500000000063,6.89274999999978,0.146167721519054,0.0843322784810091,0.226999999999805,6.90450000000061,0.14277215189855,0.0844367088607631,0,FALSE,FALSE,0.592892791474377,47.4314233179502,0,"8694;8696;8698;8700",2202,FALSE,0.80723479305043
"Laptop","AD_Stan_WCP","NicoStan_BridgeStan",10000,100,16,8,2,80,"b352a26c8e9b174599c6b645056fb577","NicoStan_BridgeStan_state_allocation_thread_setup_sampling_model_load_divergence_check","iteration_difference","main_scaling","two_run_difference",100,4,13.430886075949,13.44253164557,0.138915154986756,0.339249999999936,13.6022499999996,0.171363924050573,0.167886075949363,0.336999999999819,13.6115000000002,0.168968354430193,0.168031645569625,0,FALSE,FALSE,0.595642011611265,47.6513609289012,0,"8701;8702;8703;8704",2203,FALSE,0.801628590816576
"Laptop","AD_Stan_WCP","NicoStan_BridgeStan",10000,250,4,2,2,80,"b352a26c8e9b174599c6b645056fb577","NicoStan_BridgeStan_state_allocation_thread_setup_sampling_model_load_divergence_check","iteration_difference","main_scaling","two_run_difference",40,4,6.53620253164557,6.52405063291142,0.0318142340706852,0.217500000000015,6.67200000000001,0.135797468354446,0.0817025316455696,0.216500000000025,6.65850000000003,0.135006329113949,0.0815506329113927,0,FALSE,FALSE,0.305988070338524,24.4790456270819,0,"8705;8708;8711;8714",2204,FALSE,0.941707335967327
"Laptop","AD_Stan_WCP","NicoStan_BridgeStan",10000,250,8,2,4,80,"b352a26c8e9b174599c6b645056fb577","NicoStan_BridgeStan_state_allocation_thread_setup_sampling_model_load_divergence_check","iteration_difference","main_scaling","two_run_difference",40,4,3.40126582278481,3.39949367088608,0.0290849241002076,0.180999999999997,3.53975,0.138484177215187,0.0425158227848101,0.180000000000007,3.53700000000001,0.137506329113931,0.0424936708860759,0,FALSE,FALSE,0.588016375139561,47.0413100111649,0,"8706;8709;8712;8715",2205,TRUE,1
"Laptop","AD_Stan_WCP","NicoStan_BridgeStan",10000,250,16,2,8,80,"b352a26c8e9b174599c6b645056fb577","NicoStan_BridgeStan_state_allocation_thread_setup_sampling_model_load_divergence_check","iteration_difference","main_scaling","two_run_difference",40,4,2.86632911392405,2.86886075949367,0.0310089552598634,0.173750000000013,3.00425000000001,0.137920886075962,0.0358291139240506,0.173500000000018,3.00550000000001,0.137873417721537,0.0358607594936709,0,FALSE,FALSE,0.697756580109521,55.8205264087617,0,"8707;8710;8713;8716",2206,TRUE,1
"Laptop","AD_Stan_WCP","NicoStan_BridgeStan",10000,250,8,4,2,80,"b352a26c8e9b174599c6b645056fb577","NicoStan_BridgeStan_state_allocation_thread_setup_sampling_model_load_divergence_check","iteration_difference","main_scaling","two_run_difference",40,4,6.73974683544303,6.72303797468353,0.0509861098741176,0.229500000000002,6.88499999999999,0.145253164556964,0.0842468354430378,0.230500000000006,6.86349999999999,0.145873417721525,0.0840379746835441,0,FALSE,FALSE,0.593494102621893,47.4795282097514,0,"8717;8719;8721;8723",2207,FALSE,0.987942303358043
"Laptop","AD_Stan_WCP","NicoStan_BridgeStan",10000,250,16,4,4,80,"b352a26c8e9b174599c6b645056fb577","NicoStan_BridgeStan_state_allocation_thread_setup_sampling_model_load_divergence_check","iteration_difference","main_scaling","two_run_difference",40,4,5.44607594936709,5.44607594936707,0.00369770502956719,0.216500000000011,5.59450000000001,0.148424050632922,0.0680759493670886,0.215000000000003,5.59300000000002,0.146924050632915,0.0680759493670884,0,FALSE,FALSE,0.734473782075121,58.7579025660097,0,"8718;8720;8722;8724",2208,TRUE,1
"Laptop","AD_Stan_WCP","NicoStan_BridgeStan",10000,250,16,8,2,80,"b352a26c8e9b174599c6b645056fb577","NicoStan_BridgeStan_state_allocation_thread_setup_sampling_model_load_divergence_check","iteration_difference","main_scaling","two_run_difference",40,4,10.766582278481,10.7498734177215,0.0540485083427146,0.292750000000012,10.92475,0.158167721519,0.134582278481012,0.291500000000013,10.9075,0.157126582278495,0.134373417721519,0,FALSE,FALSE,0.74303987960873,59.4431903686984,0,"8725;8726;8727;8728",2209,TRUE,1
"Laptop","AD_Stan_WCP","NicoStan_BridgeStan",10000,500,4,2,2,80,"b352a26c8e9b174599c6b645056fb577","NicoStan_BridgeStan_state_allocation_thread_setup_sampling_model_load_divergence_check","iteration_difference","main_scaling","two_run_difference",20,4,7.40177215189874,7.3949367088608,0.0268990568359406,0.225749999999991,7.535,0.133227848101257,0.0925221518987343,0.225499999999982,7.52800000000002,0.133189873417704,0.09243670886076,0,FALSE,FALSE,0.270205561446113,21.616444915689,0,"8729;8732;8735;8738",2210,FALSE,0.831583267777282
"Laptop","AD_Stan_WCP","NicoStan_BridgeStan",10000,500,8,2,4,80,"b352a26c8e9b174599c6b645056fb577","NicoStan_BridgeStan_state_allocation_thread_setup_sampling_model_load_divergence_check","iteration_difference","main_scaling","two_run_difference",20,4,3.81620253164562,3.81670886075953,0.0240421926118012,0.18474999999998,3.95325000000003,0.13704746835441,0.0477025316455702,0.185999999999979,3.95500000000001,0.138291139240485,0.0477088607594941,0,FALSE,FALSE,0.524081199416207,41.9264959532966,0,"8730;8733;8736;8739",2211,FALSE,0.891269735969208
"Laptop","AD_Stan_WCP","NicoStan_BridgeStan",10000,500,16,2,8,80,"b352a26c8e9b174599c6b645056fb577","NicoStan_BridgeStan_state_allocation_thread_setup_sampling_model_load_divergence_check","iteration_difference","main_scaling","two_run_difference",20,4,3.16303797468354,3.16151898734176,0.0125531503674416,0.181250000000006,3.30475,0.141712025316461,0.0395379746835442,0.174500000000023,3.30449999999999,0.134873417721542,0.039518987341772,0,FALSE,FALSE,0.632303505682729,50.5842804546183,0,"8731;8734;8737;8740",2212,FALSE,0.906194973587324
"Laptop","AD_Stan_WCP","NicoStan_BridgeStan",10000,500,8,4,2,80,"b352a26c8e9b174599c6b645056fb577","NicoStan_BridgeStan_state_allocation_thread_setup_sampling_model_load_divergence_check","iteration_difference","main_scaling","two_run_difference",20,4,7.60202531645566,7.58582278481014,0.049966928121429,0.240000000000023,7.74699999999999,0.144974683544328,0.0950253164556957,0.232000000000056,7.739,0.136816455696243,0.0948227848101268,0,FALSE,FALSE,0.526175569468499,42.0940455574799,0,"8741;8743;8745;8747",2213,FALSE,0.875882509657583
"Laptop","AD_Stan_WCP","NicoStan_BridgeStan",10000,500,16,4,4,80,"b352a26c8e9b174599c6b645056fb577","NicoStan_BridgeStan_state_allocation_thread_setup_sampling_model_load_divergence_check","iteration_difference","main_scaling","two_run_difference",20,4,6.1736708860759,6.17063291139238,0.0186450153311536,0.220750000000024,6.31724999999997,0.143579113924075,0.0771708860759487,0.216000000000008,6.31900000000002,0.138791139240516,0.0771329113924048,0,FALSE,FALSE,0.647912736816211,51.8330189452969,0,"8742;8744;8746;8748",2214,FALSE,0.882145493315844
"Laptop","AD_Stan_WCP","NicoStan_BridgeStan",10000,500,16,8,2,80,"b352a26c8e9b174599c6b645056fb577","NicoStan_BridgeStan_state_allocation_thread_setup_sampling_model_load_divergence_check","iteration_difference","main_scaling","two_run_difference",20,4,12.2541772151899,12.2394936708861,0.0428758425363712,0.310249999999996,12.41125,0.157072784810123,0.153177215189874,0.309500000000014,12.3975,0.156139240506343,0.152993670886077,0,FALSE,FALSE,0.652838608379471,52.2270886703577,0,"8749;8750;8751;8752",2215,FALSE,0.878605073960826
"Laptop","AD_Stan_WCP","NicoStan_BridgeStan",10000,1000,4,2,2,80,"b352a26c8e9b174599c6b645056fb577","NicoStan_BridgeStan_state_allocation_thread_setup_sampling_model_load_divergence_check","iteration_difference","main_scaling","two_run_difference",10,4,9.00759493670884,9.00607594936705,0.0325208900442204,0.254000000000019,9.149,0.141405063291159,0.112594936708861,0.247000000000014,9.14600000000002,0.134082278481027,0.112575949367088,0,FALSE,FALSE,0.222034851039911,17.7627880831928,0,"8753;8756;8759;8762",2216,FALSE,0.683333333333459
"Laptop","AD_Stan_WCP","NicoStan_BridgeStan",10000,1000,8,2,4,80,"b352a26c8e9b174599c6b645056fb577","NicoStan_BridgeStan_state_allocation_thread_setup_sampling_model_load_divergence_check","iteration_difference","main_scaling","two_run_difference",10,4,4.66759493670889,4.6475949367089,0.0452978298945317,0.19674999999998,4.80600000000001,0.138405063291119,0.0583449367088612,0.196000000000026,4.79149999999998,0.13797468354433,0.0580949367088613,0,FALSE,FALSE,0.428486196235827,34.2788956988662,0,"8754;8757;8760;8763",2217,FALSE,0.728697727395992
"Laptop","AD_Stan_WCP","NicoStan_BridgeStan",10000,1000,16,2,8,80,"b352a26c8e9b174599c6b645056fb577","NicoStan_BridgeStan_state_allocation_thread_setup_sampling_model_load_divergence_check","iteration_difference","main_scaling","two_run_difference",10,4,3.8632911392405,3.8648101265823,0.0246251608572525,0.181250000000006,3.99625,0.132958860759499,0.0482911392405063,0.182000000000016,3.99650000000003,0.133873417721536,0.0483101265822787,0,FALSE,FALSE,0.517693315858454,41.4154652686763,0,"8755;8758;8761;8764",2218,FALSE,0.741939711664483
"Laptop","AD_Stan_WCP","NicoStan_BridgeStan",10000,1000,8,4,2,80,"b352a26c8e9b174599c6b645056fb577","NicoStan_BridgeStan_state_allocation_thread_setup_sampling_model_load_divergence_check","iteration_difference","main_scaling","two_run_difference",10,4,9.28430379746835,9.26835443037978,0.0434490175184273,0.261500000000012,9.42975000000001,0.145446202531658,0.116053797468354,0.262499999999989,9.41300000000001,0.146246835443084,0.115854430379747,0,FALSE,FALSE,0.430834674010853,34.4667739208682,0,"8765;8767;8769;8771",2219,FALSE,0.717176124123954
"Laptop","AD_Stan_WCP","NicoStan_BridgeStan",10000,1000,16,4,4,80,"b352a26c8e9b174599c6b645056fb577","NicoStan_BridgeStan_state_allocation_thread_setup_sampling_model_load_divergence_check","iteration_difference","main_scaling","two_run_difference",10,4,7.65822784810127,7.66278481012659,0.0252217638389399,0.240250000000003,7.80275,0.144522151898737,0.0957278481012658,0.237000000000023,7.80000000000001,0.141132911392428,0.0957848101265824,0,FALSE,FALSE,0.522314049586777,41.7851239669422,0,"8766;8768;8770;8772",2220,FALSE,0.711140495867769
"Laptop","AD_Stan_WCP","NicoStan_BridgeStan",10000,1000,16,8,2,80,"b352a26c8e9b174599c6b645056fb577","NicoStan_BridgeStan_state_allocation_thread_setup_sampling_model_load_divergence_check","iteration_difference","main_scaling","two_run_difference",10,4,15.2053164556962,15.1822784810127,0.0576793094614449,0.348250000000007,15.3635,0.158183544303805,0.190066455696203,0.347000000000037,15.3385,0.157253164556999,0.189778481012658,0,FALSE,FALSE,0.526131766037861,42.0905412830289,0,"8773;8774;8775;8776",2221,FALSE,0.708080118546143
"Laptop","AD_Stan_WCP","NicoStan_BridgeStan",50000,10,4,2,2,20,"50597d787bf5578f0fdbdd94f2702741","NicoStan_BridgeStan_state_allocation_thread_setup_sampling_model_load_divergence_check","iteration_difference","main_scaling","two_run_difference",5000,4,9.00789473684289,9.03000000000134,0.141884168485365,1.10325000000003,9.66075000000077,0.652855263157887,0.450394736842144,1.09299999999973,9.671500000001,0.641499999999667,0.451500000000067,0,FALSE,FALSE,0.222027461291246,4.44054922582491,0,"8777;8780;8783;8786",2222,FALSE,0.865761028337607
"Laptop","AD_Stan_WCP","NicoStan_BridgeStan",50000,10,8,2,4,20,"50597d787bf5578f0fdbdd94f2702741","NicoStan_BridgeStan_state_allocation_thread_setup_sampling_model_load_divergence_check","iteration_difference","main_scaling","two_run_difference",5000,4,7.90342105263185,7.91631578947425,0.0587237299080228,1.02200000000022,8.53025000000048,0.626828947368626,0.395171052631593,1.01500000000021,8.53150000000096,0.618000000000181,0.395815789473713,0,FALSE,FALSE,0.253054972863175,5.0610994572635,0,"8778;8781;8784;8787",2223,FALSE,0.512935770652256
"Laptop","AD_Stan_WCP","NicoStan_BridgeStan",50000,10,16,2,8,20,"50597d787bf5578f0fdbdd94f2702741","NicoStan_BridgeStan_state_allocation_thread_setup_sampling_model_load_divergence_check","iteration_difference","main_scaling","two_run_difference",5000,4,8.64894736842102,8.64052631578841,0.0535119354835625,1.05800000000033,9.2745000000003,0.625552631579283,0.432447368421051,1.0570000000007,9.27599999999933,0.622342105263861,0.432026315789421,0,FALSE,FALSE,0.231242013022577,4.62484026045155,0,"8779;8782;8785;8788",2224,FALSE,0.384378993488721
"Laptop","AD_Stan_WCP","NicoStan_BridgeStan",50000,10,8,4,2,20,"50597d787bf5578f0fdbdd94f2702741","NicoStan_BridgeStan_state_allocation_thread_setup_sampling_model_load_divergence_check","iteration_difference","main_scaling","two_run_difference",5000,4,15.8018421052643,15.7121052631595,0.459074805258291,1.53299999999948,16.5447500000006,0.74290789473626,0.790092105263215,1.49849999999924,16.4250000000008,0.712894736841265,0.785605263157974,0,FALSE,FALSE,0.253135044215346,5.06270088430693,0,"8789;8791;8793;8795",2225,FALSE,0.513747564407848
"Laptop","AD_Stan_WCP","NicoStan_BridgeStan",50000,10,16,4,4,20,"50597d787bf5578f0fdbdd94f2702741","NicoStan_BridgeStan_state_allocation_thread_setup_sampling_model_load_divergence_check","iteration_difference","main_scaling","two_run_difference",5000,4,17.0210526315806,17.014736842107,0.0685531787695272,1.51974999999914,17.6897500000007,0.668697368420106,0.851052631579029,1.52099999999899,17.682500000001,0.669631578946286,0.850736842105352,0,FALSE,FALSE,0.235003092145927,4.70006184291853,0,"8790;8792;8794;8796",2226,FALSE,0.391063698206512
"Laptop","AD_Stan_WCP","NicoStan_BridgeStan",50000,10,16,8,2,20,"50597d787bf5578f0fdbdd94f2702741","NicoStan_BridgeStan_state_allocation_thread_setup_sampling_model_load_divergence_check","iteration_difference","main_scaling","two_run_difference",5000,4,34.1921052631579,34.1547368421048,0.20951775962331,2.54325000000046,35.0257500000004,0.833644736842563,1.70960526315789,2.52400000000046,35.0120000000001,0.807263157895202,1.70773684210524,0,FALSE,FALSE,0.233972138843993,4.67944277687986,0,"8797;8798;8799;8800",2227,FALSE,0.38895559147233
"Laptop","AD_Stan_WCP","NicoStan_BridgeStan",50000,25,4,2,2,20,"50597d787bf5578f0fdbdd94f2702741","NicoStan_BridgeStan_state_allocation_thread_setup_sampling_model_load_divergence_check","iteration_difference","main_scaling","two_run_difference",2000,4,8.71447368421017,8.73263157894742,0.237369977044567,1.07850000000016,9.35724999999982,0.642776315789653,0.435723684210508,1.05550000000011,9.35650000000015,0.620947368421472,0.436631578947371,0,FALSE,FALSE,0.229503246263032,4.59006492526064,0,"8801;8804;8807;8810",2228,FALSE,0.894911671447986
"Laptop","AD_Stan_WCP","NicoStan_BridgeStan",50000,25,8,2,4,20,"50597d787bf5578f0fdbdd94f2702741","NicoStan_BridgeStan_state_allocation_thread_setup_sampling_model_load_divergence_check","iteration_difference","main_scaling","two_run_difference",2000,4,7.38315789473733,7.37263157894823,0.0483523540115655,1.01675,8.03075000000047,0.647592105263135,0.369157894736867,1.0299999999994,8.01650000000097,0.65960526315722,0.368631578947411,0,FALSE,FALSE,0.270886797832888,5.41773595665775,0,"8802;8805;8808;8811",2229,FALSE,0.549080410607311
"Laptop","AD_Stan_WCP","NicoStan_BridgeStan",50000,25,16,2,8,20,"50597d787bf5578f0fdbdd94f2702741","NicoStan_BridgeStan_state_allocation_thread_setup_sampling_model_load_divergence_check","iteration_difference","main_scaling","two_run_difference",2000,4,8.02552631578806,8.02052631578865,0.0340373484521119,1.0260000000012,8.65024999999986,0.624723684211801,0.401276315789403,1.03100000000131,8.64199999999983,0.62947368421194,0.401026315789433,0,FALSE,FALSE,0.249204839820354,4.98409679640708,0,"8803;8806;8809;8812",2230,FALSE,0.414237465980342
"Laptop","AD_Stan_WCP","NicoStan_BridgeStan",50000,25,8,4,2,20,"50597d787bf5578f0fdbdd94f2702741","NicoStan_BridgeStan_state_allocation_thread_setup_sampling_model_load_divergence_check","iteration_difference","main_scaling","two_run_difference",2000,4,14.717105263158,14.6868421052631,0.123749889243336,1.39199999999965,15.3732499999998,0.656144736841755,0.7358552631579,1.3870000000004,15.338,0.651157894736822,0.734342105263157,0,FALSE,FALSE,0.271792579347338,5.43585158694676,0,"8813;8815;8817;8819",2231,FALSE,0.551613768439876
"Laptop","AD_Stan_WCP","NicoStan_BridgeStan",50000,25,16,4,4,20,"50597d787bf5578f0fdbdd94f2702741","NicoStan_BridgeStan_state_allocation_thread_setup_sampling_model_load_divergence_check","iteration_difference","main_scaling","two_run_difference",2000,4,15.8615789473683,15.8942105263157,0.095978221598363,1.44625000000059,16.5147500000004,0.653171052632175,0.793078947368414,1.44849999999985,16.5495000000002,0.655289473684488,0.794710526315785,0,FALSE,FALSE,0.252181703553773,5.04363407107547,0,"8814;8816;8818;8820",2232,FALSE,0.419650263795333
"Laptop","AD_Stan_WCP","NicoStan_BridgeStan",50000,25,16,8,2,20,"50597d787bf5578f0fdbdd94f2702741","NicoStan_BridgeStan_state_allocation_thread_setup_sampling_model_load_divergence_check","iteration_difference","main_scaling","two_run_difference",2000,4,31.6889473684226,31.7000000000001,0.179967166391234,2.34774999999956,32.452250000001,0.763302631578435,1.58444736842113,2.34550000000047,32.475,0.767026315789885,1.58500000000001,0,FALSE,FALSE,0.252453952066955,5.04907904133909,0,"8821;8822;8823;8824",2233,FALSE,0.419679782092356
"Laptop","AD_Stan_WCP","NicoStan_BridgeStan",50000,50,4,2,2,20,"50597d787bf5578f0fdbdd94f2702741","NicoStan_BridgeStan_state_allocation_thread_setup_sampling_model_load_divergence_check","iteration_difference","main_scaling","two_run_difference",1000,4,8.53184210526287,8.4900000000004,0.201355287950111,1.11150000000009,9.21674999999982,0.684907894736948,0.426592105263144,1.10549999999978,9.14750000000083,0.684184210526149,0.42450000000002,0,FALSE,FALSE,0.23441596496099,4.6883192992198,0,"8825;8828;8831;8834",2234,FALSE,0.914068042318246
"Laptop","AD_Stan_WCP","NicoStan_BridgeStan",50000,50,8,2,4,20,"50597d787bf5578f0fdbdd94f2702741","NicoStan_BridgeStan_state_allocation_thread_setup_sampling_model_load_divergence_check","iteration_difference","main_scaling","two_run_difference",1000,4,7.06842105263215,7.08315789473725,0.0514032093883447,0.974500000000091,7.68950000000063,0.621078947368484,0.353421052631608,0.966500000000224,7.69550000000061,0.612342105263361,0.354157894736862,0,FALSE,FALSE,0.282948622486947,5.65897244973893,0,"8826;8829;8832;8835",2235,FALSE,0.57352941176465
"Laptop","AD_Stan_WCP","NicoStan_BridgeStan",50000,50,16,2,8,20,"50597d787bf5578f0fdbdd94f2702741","NicoStan_BridgeStan_state_allocation_thread_setup_sampling_model_load_divergence_check","iteration_difference","main_scaling","two_run_difference",1000,4,7.5828947368423,7.57421052631595,0.0206518876057329,1.01075000000031,8.2145000000005,0.631605263158199,0.379144736842115,1.01450000000011,8.21050000000014,0.634815789473781,0.378710526315797,0,FALSE,FALSE,0.263751518306431,5.27503036612862,0,"8827;8830;8833;8836",2236,FALSE,0.438417490890159
"Laptop","AD_Stan_WCP","NicoStan_BridgeStan",50000,50,8,4,2,20,"50597d787bf5578f0fdbdd94f2702741","NicoStan_BridgeStan_state_allocation_thread_setup_sampling_model_load_divergence_check","iteration_difference","main_scaling","two_run_difference",1000,4,14.2097368421059,14.1905263157898,0.058402083217718,1.35025000000081,14.8495000000014,0.639763157895519,0.710486842105294,1.35050000000081,14.8315000000011,0.640973684211315,0.709526315789491,0,FALSE,FALSE,0.28149712021037,5.6299424042074,0,"8837;8839;8841;8843",2237,FALSE,0.57130951719538
"Laptop","AD_Stan_WCP","NicoStan_BridgeStan",50000,50,16,4,4,20,"50597d787bf5578f0fdbdd94f2702741","NicoStan_BridgeStan_state_allocation_thread_setup_sampling_model_load_divergence_check","iteration_difference","main_scaling","two_run_difference",1000,4,14.9873684210529,14.9863157894748,0.126467744856969,1.39074999999957,15.6287499999999,0.641381578946924,0.749368421052647,1.39149999999995,15.6285000000011,0.641921052630748,0.749315789473742,0,FALSE,FALSE,0.26689141733389,5.3378283466778,0,"8838;8840;8842;8844",2238,FALSE,0.444128388818639
"Laptop","AD_Stan_WCP","NicoStan_BridgeStan",50000,50,16,8,2,20,"50597d787bf5578f0fdbdd94f2702741","NicoStan_BridgeStan_state_allocation_thread_setup_sampling_model_load_divergence_check","iteration_difference","main_scaling","two_run_difference",1000,4,29.9128947368421,29.9157894736843,0.279910782515253,2.29949999999963,30.7167499999996,0.803855263157519,1.49564473684211,2.2939999999993,30.6929999999993,0.794263157894061,1.49578947368421,0,FALSE,FALSE,0.267443190315741,5.34886380631482,0,"8845;8846;8847;8848",2239,FALSE,0.444597911479821
"Laptop","AD_Stan_WCP","NicoStan_BridgeStan",50000,100,4,2,2,20,"50597d787bf5578f0fdbdd94f2702741","NicoStan_BridgeStan_state_allocation_thread_setup_sampling_model_load_divergence_check","iteration_difference","main_scaling","two_run_difference",500,4,8.33736842105204,8.29999999999843,0.204924597082638,1.06550000000027,8.98599999999971,0.648631578947668,0.416868421052602,1.03800000000047,8.9135,0.62894736842157,0.414999999999922,0,FALSE,FALSE,0.239883845716828,4.79767691433656,0,"8849;8852;8855;8858",2240,FALSE,0.935389179976042
"Laptop","AD_Stan_WCP","NicoStan_BridgeStan",50000,100,8,2,4,20,"50597d787bf5578f0fdbdd94f2702741","NicoStan_BridgeStan_state_allocation_thread_setup_sampling_model_load_divergence_check","iteration_difference","main_scaling","two_run_difference",500,4,6.33315789473667,6.39368421052663,0.141386094439373,0.974750000000085,6.99124999999992,0.658092105263252,0.316657894736834,0.969500000000153,7.02500000000032,0.6490789473686,0.319684210526331,0,FALSE,FALSE,0.315798221557392,6.31596443114785,0,"8850;8853;8856;8859",2241,FALSE,0.640114684617309
"Laptop","AD_Stan_WCP","NicoStan_BridgeStan",50000,100,16,2,8,20,"50597d787bf5578f0fdbdd94f2702741","NicoStan_BridgeStan_state_allocation_thread_setup_sampling_model_load_divergence_check","iteration_difference","main_scaling","two_run_difference",500,4,7.35921052631601,7.36105263157936,0.0665597018160634,0.985999999999876,7.97725000000008,0.618039473684076,0.3679605263158,0.980999999999767,7.97400000000016,0.612947368420799,0.368052631578968,0,FALSE,FALSE,0.271768281780789,5.43536563561579,0,"8851;8854;8857;8860",2242,FALSE,0.451743250491682
"Laptop","AD_Stan_WCP","NicoStan_BridgeStan",50000,100,8,4,2,20,"50597d787bf5578f0fdbdd94f2702741","NicoStan_BridgeStan_state_allocation_thread_setup_sampling_model_load_divergence_check","iteration_difference","main_scaling","two_run_difference",500,4,12.2773684210533,12.2826315789487,0.131604208102161,1.31099999999975,12.9745000000004,0.697131578947084,0.613868421052667,1.3035000000001,12.9990000000012,0.694578947368529,0.614131578947434,0,FALSE,FALSE,0.325802717880549,6.51605435761097,0,"8861;8863;8865;8867",2243,FALSE,0.66122947657218
"Laptop","AD_Stan_WCP","NicoStan_BridgeStan",50000,100,16,4,4,20,"50597d787bf5578f0fdbdd94f2702741","NicoStan_BridgeStan_state_allocation_thread_setup_sampling_model_load_divergence_check","iteration_difference","main_scaling","two_run_difference",500,4,14.6097368421055,14.6210526315789,0.0903358870212338,1.37100000000015,15.2502500000004,0.640513157894876,0.730486842105276,1.37450000000001,15.2565000000005,0.643447368421065,0.731052631578947,0,FALSE,FALSE,0.273790010267121,5.47580020534241,0,"8862;8864;8866;8868",2244,FALSE,0.455608192085293
"Laptop","AD_Stan_WCP","NicoStan_BridgeStan",50000,100,16,8,2,20,"50597d787bf5578f0fdbdd94f2702741","NicoStan_BridgeStan_state_allocation_thread_setup_sampling_model_load_divergence_check","iteration_difference","main_scaling","two_run_difference",500,4,29.181315789474,29.2152631578947,0.170093396756005,2.2019999999996,29.9242499999999,0.742934210525902,1.4590657894737,2.19449999999915,29.9690000000003,0.737552631579032,1.46076315789474,0,FALSE,FALSE,0.274148021895767,5.48296043791534,0,"8869;8870;8871;8872",2245,FALSE,0.455744032320603
"Laptop","AD_Stan_WCP","NicoStan_BridgeStan",50000,250,4,2,2,20,"50597d787bf5578f0fdbdd94f2702741","NicoStan_BridgeStan_state_allocation_thread_setup_sampling_model_load_divergence_check","iteration_difference","main_scaling","two_run_difference",200,4,7.98578947368499,7.93789473684276,0.233620190376258,1.02125000000041,8.60775000000115,0.621960526316158,0.399289473684249,1.01950000000045,8.56050000000107,0.621342105263143,0.396894736842138,0,FALSE,FALSE,0.250444869175485,5.00889738350969,0,"8873;8876;8879;8882",2246,FALSE,0.976570223423053
"Laptop","AD_Stan_WCP","NicoStan_BridgeStan",50000,250,8,2,4,20,"50597d787bf5578f0fdbdd94f2702741","NicoStan_BridgeStan_state_allocation_thread_setup_sampling_model_load_divergence_check","iteration_difference","main_scaling","two_run_difference",200,4,5.16552631578861,5.17684210526197,0.100977219667973,0.915250000000583,5.82249999999976,0.656973684211152,0.258276315789431,0.919500000000198,5.83749999999907,0.6606578947371,0.258842105263098,0,FALSE,FALSE,0.387182230373492,7.74364460746983,0,"8874;8877;8880;8883",2247,FALSE,0.784808191960992
"Laptop","AD_Stan_WCP","NicoStan_BridgeStan",50000,250,16,2,8,20,"50597d787bf5578f0fdbdd94f2702741","NicoStan_BridgeStan_state_allocation_thread_setup_sampling_model_load_divergence_check","iteration_difference","main_scaling","two_run_difference",200,4,6.91210526315774,6.92473684210487,0.0561129319004767,0.957999999999572,7.52449999999942,0.612394736841685,0.345605263157887,0.957999999999515,7.53899999999885,0.613315789473225,0.346236842105243,0,FALSE,FALSE,0.28934744536664,5.78694890733281,0,"8875;8878;8881;8884",2248,FALSE,0.48096398385748
"Laptop","AD_Stan_WCP","NicoStan_BridgeStan",50000,250,8,4,2,20,"50597d787bf5578f0fdbdd94f2702741","NicoStan_BridgeStan_state_allocation_thread_setup_sampling_model_load_divergence_check","iteration_difference","main_scaling","two_run_difference",200,4,9.99842105263048,10.0105263157883,0.109205136202726,1.17325000000011,10.6717499999991,0.673328947368586,0.499921052631524,1.17100000000073,10.6734999999995,0.670342105263953,0.500526315789413,0,FALSE,FALSE,0.400063167868655,8.0012633573731,0,"8885;8887;8889;8891",2249,FALSE,0.811943991156595
"Laptop","AD_Stan_WCP","NicoStan_BridgeStan",50000,250,16,4,4,20,"50597d787bf5578f0fdbdd94f2702741","NicoStan_BridgeStan_state_allocation_thread_setup_sampling_model_load_divergence_check","iteration_difference","main_scaling","two_run_difference",200,4,12.5513157894734,12.5384210526326,0.0683231418216567,1.32824999999963,13.2519999999993,0.700684210525959,0.627565789473668,1.32649999999921,13.2514999999999,0.700710526315034,0.626921052631629,0,FALSE,FALSE,0.318691686759626,6.37383373519253,0,"8886;8888;8890;8892",2250,FALSE,0.530328126638018
"Laptop","AD_Stan_WCP","NicoStan_BridgeStan",50000,250,16,8,2,20,"50597d787bf5578f0fdbdd94f2702741","NicoStan_BridgeStan_state_allocation_thread_setup_sampling_model_load_divergence_check","iteration_difference","main_scaling","two_run_difference",200,4,25.2586842105254,25.2536842105263,0.0447945963640601,2.05950000000064,26.0552499999998,0.796565789474369,1.26293421052627,2.04350000000056,26.068,0.778947368421631,1.26268421052632,0,FALSE,FALSE,0.31672275298752,6.33445505975039,0,"8893;8894;8895;8896",2251,FALSE,0.526520321306915
"Laptop","AD_Stan_WCP","NicoStan_BridgeStan",50000,500,4,2,2,20,"50597d787bf5578f0fdbdd94f2702741","NicoStan_BridgeStan_state_allocation_thread_setup_sampling_model_load_divergence_check","iteration_difference","main_scaling","two_run_difference",100,4,7.79868421052601,7.76315789473612,0.172606705525122,1.01774999999998,8.42649999999969,0.627815789473677,0.389934210526301,1.01900000000091,8.39400000000023,0.630842105264109,0.388157894736806,0,FALSE,FALSE,0.256453517799909,5.12907035599817,0,"8897;8900;8903;8906",2252,TRUE,1
"Laptop","AD_Stan_WCP","NicoStan_BridgeStan",50000,500,8,2,4,20,"50597d787bf5578f0fdbdd94f2702741","NicoStan_BridgeStan_state_allocation_thread_setup_sampling_model_load_divergence_check","iteration_difference","main_scaling","two_run_difference",100,4,4.25815789473691,4.25842105263152,0.0855221321511813,0.849749999999631,4.8949999999997,0.636842105262785,0.212907894736846,0.850500000000352,4.8960000000003,0.637578947368776,0.212921052631576,0,FALSE,FALSE,0.4696866695507,9.393733391014,0,"8898;8901;8904;8907",2253,FALSE,0.952042519003738
"Laptop","AD_Stan_WCP","NicoStan_BridgeStan",50000,500,16,2,8,20,"50597d787bf5578f0fdbdd94f2702741","NicoStan_BridgeStan_state_allocation_thread_setup_sampling_model_load_divergence_check","iteration_difference","main_scaling","two_run_difference",100,4,4.882368421052,4.8884210526317,0.143810111281613,0.859500000000423,5.49774999999983,0.615381578947823,0.2441184210526,0.856500000000324,5.49200000000053,0.609605263158283,0.244421052631585,0,FALSE,FALSE,0.409637255430441,8.19274510860883,0,"8899;8902;8905;8908",2254,FALSE,0.680914137875378
"Laptop","AD_Stan_WCP","NicoStan_BridgeStan",50000,500,8,4,2,20,"50597d787bf5578f0fdbdd94f2702741","NicoStan_BridgeStan_state_allocation_thread_setup_sampling_model_load_divergence_check","iteration_difference","main_scaling","two_run_difference",100,4,8.51394736842059,8.49157894736747,0.241595764426788,1.11800000000022,9.20624999999978,0.692302631579193,0.42569736842103,1.11650000000043,9.15849999999955,0.700473684211003,0.424578947368374,0,FALSE,FALSE,0.469817327604884,9.39634655209769,0,"8909;8911;8913;8915",2255,FALSE,0.953512811794948
"Laptop","AD_Stan_WCP","NicoStan_BridgeStan",50000,500,16,4,4,20,"50597d787bf5578f0fdbdd94f2702741","NicoStan_BridgeStan_state_allocation_thread_setup_sampling_model_load_divergence_check","iteration_difference","main_scaling","two_run_difference",100,4,9.45447368421122,9.47421052631649,0.112460519388686,1.12099999999913,10.1027499999998,0.648276315788567,0.472723684210561,1.10799999999836,10.1014999999991,0.63073684210356,0.473710526315825,0,FALSE,FALSE,0.423080134717591,8.46160269435182,0,"8910;8912;8914;8916",2256,FALSE,0.704038745233328
"Laptop","AD_Stan_WCP","NicoStan_BridgeStan",50000,500,16,8,2,20,"50597d787bf5578f0fdbdd94f2702741","NicoStan_BridgeStan_state_allocation_thread_setup_sampling_model_load_divergence_check","iteration_difference","main_scaling","two_run_difference",100,4,18.7478947368425,18.7610526315789,0.0859878236589714,1.72199999999975,19.5325000000001,0.78460526315763,0.937394736842123,1.71349999999848,19.564,0.772499999998361,0.938052631578946,0,FALSE,FALSE,0.426714578478979,8.53429156957958,0,"8917;8918;8919;8920",2257,FALSE,0.709370876730003
"Laptop","AD_Stan_WCP","NicoStan_BridgeStan",50000,1000,4,2,2,20,"50597d787bf5578f0fdbdd94f2702741","NicoStan_BridgeStan_state_allocation_thread_setup_sampling_model_load_divergence_check","iteration_difference","main_scaling","two_run_difference",50,4,7.90184210526311,7.90842105263149,0.0865268066746827,1.07200000000003,8.57874999999999,0.676907894736876,0.395092105263155,1.07049999999998,8.58099999999996,0.67642105263156,0.395421052631575,0,FALSE,FALSE,0.253105538348821,5.06211076697642,0,"8921;8924;8927;8930",2258,FALSE,0.986945082758818
"Laptop","AD_Stan_WCP","NicoStan_BridgeStan",50000,1000,8,2,4,20,"50597d787bf5578f0fdbdd94f2702741","NicoStan_BridgeStan_state_allocation_thread_setup_sampling_model_load_divergence_check","iteration_difference","main_scaling","two_run_difference",50,4,4.05394736842099,4.03157894736834,0.0651123044313777,0.885500000000064,4.73675,0.682802631579015,0.202697368421049,0.880000000000052,4.72149999999999,0.677289473684243,0.201578947368417,0,FALSE,FALSE,0.493346316131134,9.86692632262269,0,"8922;8925;8928;8931",2259,TRUE,1
"Laptop","AD_Stan_WCP","NicoStan_BridgeStan",50000,1000,16,2,8,20,"50597d787bf5578f0fdbdd94f2702741","NicoStan_BridgeStan_state_allocation_thread_setup_sampling_model_load_divergence_check","iteration_difference","main_scaling","two_run_difference",50,4,3.3244736842106,3.32263157894736,0.039501744412519,0.83624999999995,3.99450000000002,0.67002631578942,0.16622368421053,0.837499999999977,3.99399999999997,0.671368421052609,0.166131578947368,0,FALSE,FALSE,0.601598986780641,12.0319797356128,0,"8923;8926;8929;8932",2260,TRUE,1
"Laptop","AD_Stan_WCP","NicoStan_BridgeStan",50000,1000,8,4,2,20,"50597d787bf5578f0fdbdd94f2702741","NicoStan_BridgeStan_state_allocation_thread_setup_sampling_model_load_divergence_check","iteration_difference","main_scaling","two_run_difference",50,4,8.11815789473691,8.09315789473688,0.0637189987626847,1.11424999999994,8.82650000000001,0.708342105263096,0.405907894736846,1.11449999999996,8.79500000000007,0.706947368421018,0.404657894736844,0,FALSE,FALSE,0.492722616616418,9.85445233232835,0,"8933;8935;8937;8939",2261,TRUE,1
"Laptop","AD_Stan_WCP","NicoStan_BridgeStan",50000,1000,16,4,4,20,"50597d787bf5578f0fdbdd94f2702741","NicoStan_BridgeStan_state_allocation_thread_setup_sampling_model_load_divergence_check","iteration_difference","main_scaling","two_run_difference",50,4,6.65631578947359,6.65578947368413,0.0219206998560358,1.02125000000007,7.34474999999998,0.688434210526386,0.33281578947368,1.02150000000006,7.34449999999998,0.688710526315853,0.332789473684206,0,FALSE,FALSE,0.600933027595486,12.0186605519097,0,"8934;8936;8938;8940",2262,TRUE,1
"Laptop","AD_Stan_WCP","NicoStan_BridgeStan",50000,1000,16,8,2,20,"50597d787bf5578f0fdbdd94f2702741","NicoStan_BridgeStan_state_allocation_thread_setup_sampling_model_load_divergence_check","iteration_difference","main_scaling","two_run_difference",50,4,13.2992105263157,13.2610526315789,0.0835516991246655,1.40800000000004,14.04225,0.743039473684257,0.664960526315787,1.40900000000005,14.005,0.74213157894742,0.663052631578945,0,FALSE,FALSE,0.601539466133726,12.0307893226745,0,"8941;8942;8943;8944",2263,TRUE,1
"Laptop","AD_Stan_WCP","NicoStan_BridgeStan",50000,2000,4,2,2,20,"50597d787bf5578f0fdbdd94f2702741","NicoStan_BridgeStan_state_allocation_thread_setup_sampling_model_load_divergence_check","iteration_difference","main_scaling","two_run_difference",25,4,8.73763157894736,8.73105263157892,0.0750124643381067,1.1105,9.41125,0.673618421052634,0.436881578947368,1.10899999999992,9.39999999999998,0.674973684210446,0.436552631578946,0,FALSE,FALSE,0.228894979369334,4.57789958738669,0,"8945;8948;8951;8954",2264,FALSE,0.892539830738152
"Laptop","AD_Stan_WCP","NicoStan_BridgeStan",50000,2000,8,2,4,20,"50597d787bf5578f0fdbdd94f2702741","NicoStan_BridgeStan_state_allocation_thread_setup_sampling_model_load_divergence_check","iteration_difference","main_scaling","two_run_difference",25,4,4.43473684210517,4.44421052631577,0.0241264750002615,0.899000000000058,5.11199999999997,0.677263157894799,0.221736842105258,0.898500000000126,5.12149999999997,0.677236842105398,0.222210526315788,0,FALSE,FALSE,0.450985046285317,9.01970092570634,0,"8946;8949;8952;8955",2265,FALSE,0.914134820792789
"Laptop","AD_Stan_WCP","NicoStan_BridgeStan",50000,2000,16,2,8,20,"50597d787bf5578f0fdbdd94f2702741","NicoStan_BridgeStan_state_allocation_thread_setup_sampling_model_load_divergence_check","iteration_difference","main_scaling","two_run_difference",25,4,3.60868421052625,3.60684210526307,0.0181991648971546,0.845500000000015,4.27374999999995,0.665065789473703,0.180434210526312,0.846499999999992,4.27150000000006,0.665368421052622,0.180342105263154,0,FALSE,FALSE,0.554218624662739,11.0843724932548,0,"8947;8950;8953;8956",2266,FALSE,0.921242616495333
"Laptop","AD_Stan_WCP","NicoStan_BridgeStan",50000,2000,8,4,2,20,"50597d787bf5578f0fdbdd94f2702741","NicoStan_BridgeStan_state_allocation_thread_setup_sampling_model_load_divergence_check","iteration_difference","main_scaling","two_run_difference",25,4,9.00315789473684,8.96368421052629,0.106806233715653,1.14400000000001,9.697,0.693842105263163,0.450157894736842,1.14300000000003,9.66250000000002,0.695210526315823,0.448184210526314,0,FALSE,FALSE,0.44428855372384,8.88577107447679,0,"8957;8959;8961;8963",2267,FALSE,0.901701157488609
"Laptop","AD_Stan_WCP","NicoStan_BridgeStan",50000,2000,16,4,4,20,"50597d787bf5578f0fdbdd94f2702741","NicoStan_BridgeStan_state_allocation_thread_setup_sampling_model_load_divergence_check","iteration_difference","main_scaling","two_run_difference",25,4,7.25342105263155,7.25526315789466,0.00597779825888368,1.05500000000001,7.94574999999998,0.69232894736843,0.362671052631577,1.05449999999996,7.94549999999992,0.691736842105223,0.362763157894733,0,FALSE,FALSE,0.55146391902188,11.0292783804376,0,"8958;8960;8962;8964",2268,FALSE,0.917679497877581
"Laptop","AD_Stan_WCP","NicoStan_BridgeStan",50000,2000,16,8,2,20,"50597d787bf5578f0fdbdd94f2702741","NicoStan_BridgeStan_state_allocation_thread_setup_sampling_model_load_divergence_check","iteration_difference","main_scaling","two_run_difference",25,4,14.4744736842105,14.4521052631578,0.0586670968674762,1.48175000000003,15.2325,0.758026315789508,0.723723684210525,1.47250000000008,15.202,0.749894736842192,0.72260526315789,0,FALSE,FALSE,0.552697125611331,11.0539425122266,0,"8965;8966;8967;8968",2269,FALSE,0.918804428849333
"Laptop","AD_Stan_WCP","NicoStan_BridgeStan",50000,5000,4,2,2,20,"50597d787bf5578f0fdbdd94f2702741","NicoStan_BridgeStan_state_allocation_thread_setup_sampling_model_load_divergence_check","iteration_difference","main_scaling","two_run_difference",10,4,14.5697368421053,14.5563157894738,0.0656152077949634,1.39875000000001,15.24,0.670263157894744,0.728486842105263,1.39599999999996,15.2185000000001,0.669947368421007,0.727815789473688,0,FALSE,FALSE,0.137270838977693,2.74541677955387,0,"8969;8972;8975;8978",2270,FALSE,0.535265962250498
"Laptop","AD_Stan_WCP","NicoStan_BridgeStan",50000,5000,8,2,4,20,"50597d787bf5578f0fdbdd94f2702741","NicoStan_BridgeStan_state_allocation_thread_setup_sampling_model_load_divergence_check","iteration_difference","main_scaling","two_run_difference",10,4,7.42815789473681,7.43368421052633,0.0315365212079698,1.04225000000008,8.09900000000005,0.670842105263241,0.37140789473684,1.04350000000011,8.10599999999999,0.671789473684325,0.371684210526316,0,FALSE,FALSE,0.269245757607965,5.38491515215931,0,"8970;8973;8976;8979",2271,FALSE,0.545754065256663
"Laptop","AD_Stan_WCP","NicoStan_BridgeStan",50000,5000,16,2,8,20,"50597d787bf5578f0fdbdd94f2702741","NicoStan_BridgeStan_state_allocation_thread_setup_sampling_model_load_divergence_check","iteration_difference","main_scaling","two_run_difference",10,4,5.90210526315798,5.90631578947379,0.0353951444573321,0.965749999999957,6.57275000000004,0.670644736842058,0.295105263157899,0.966000000000008,6.57350000000008,0.670052631578959,0.29531578947369,0,FALSE,FALSE,0.33886213661494,6.77724273229881,0,"8971;8974;8977;8980",2272,FALSE,0.563269127875873
"Laptop","AD_Stan_WCP","NicoStan_BridgeStan",50000,5000,8,4,2,20,"50597d787bf5578f0fdbdd94f2702741","NicoStan_BridgeStan_state_allocation_thread_setup_sampling_model_load_divergence_check","iteration_difference","main_scaling","two_run_difference",10,4,14.9386842105263,14.8978947368421,0.105590281177852,1.43349999999998,15.6252499999999,0.686565789473667,0.746934210526313,1.4325,15.5875,0.687210526315713,0.744894736842106,0,FALSE,FALSE,0.26776119928832,5.3552239857664,0,"8981;8983;8985;8987",2273,FALSE,0.543431923476674
"Laptop","AD_Stan_WCP","NicoStan_BridgeStan",50000,5000,16,4,4,20,"50597d787bf5578f0fdbdd94f2702741","NicoStan_BridgeStan_state_allocation_thread_setup_sampling_model_load_divergence_check","iteration_difference","main_scaling","two_run_difference",10,4,11.9263157894737,11.9247368421051,0.0185733056391777,1.28325000000001,12.61325,0.686934210526326,0.596315789473683,1.2835,12.6129999999999,0.687815789473677,0.596236842105255,0,FALSE,FALSE,0.335392762577229,6.70785525154458,0,"8982;8984;8986;8988",2274,FALSE,0.558120035304494
"Laptop","AD_Stan_WCP","NicoStan_BridgeStan",50000,5000,16,8,2,20,"50597d787bf5578f0fdbdd94f2702741","NicoStan_BridgeStan_state_allocation_thread_setup_sampling_model_load_divergence_check","iteration_difference","main_scaling","two_run_difference",10,4,23.768947368421,23.7373684210526,0.0752441394203315,1.94275000000005,24.52325,0.754302631578998,1.18844736842105,1.9430000000001,24.487,0.756657894736948,1.18686842105263,0,FALSE,FALSE,0.336573592258809,6.73147184517617,0,"8989;8990;8991;8992",2275,FALSE,0.559520382631031
"Laptop","AD_Stan_WCP","NicoStan_BridgeStan",500,8,16,2,8,800,"257aba3ac8b8727679d269bf8597bb85","NicoStan_BridgeStan_state_allocation_thread_setup_sampling_model_load_divergence_check","iteration_difference","main_scaling","two_run_difference",63,4,2.28160200250444,2.28085106383129,0.0786577476758322,0.0114999999992165,2.29025000000053,0.00864799749608592,0.00285200250313055,0.0109999999992851,2.29050000000075,0.00817772215197402,0.00285106382978911,0,FALSE,FALSE,0.876577070761976,701.261656609581,0,"8993;8994;8995;8996",2276,FALSE,0.900054854634821
"Laptop","AD_Stan_WCP","NicoStan_BridgeStan",2500,2,4,2,2,200,"7184208393ceb4c8ae3e26f0d1660bdb","NicoStan_BridgeStan_state_allocation_thread_setup_sampling_model_load_divergence_check","iteration_difference","main_scaling","two_run_difference",1250,4,4.53542713567883,4.55125628140567,0.0542674792345088,0.0644999999996116,4.57725000000005,0.0418228643212175,0.0226771356783942,0.062999999998965,4.5944999999989,0.040402010049205,0.0227562814070284,0,FALSE,FALSE,0.440972799290855,88.194559858171,0,"8997;8998;8999;9000",2277,FALSE,0.865935405240716
"Laptop","AD_Stan_WCP","NicoStan_BridgeStan",2500,2,8,4,2,200,"7184208393ceb4c8ae3e26f0d1660bdb","NicoStan_BridgeStan_state_allocation_thread_setup_sampling_model_load_divergence_check","iteration_difference","main_scaling","two_run_difference",1250,4,7.40502512562808,7.41356783919606,0.0721334569289471,0.0862499999998931,7.45424999999983,0.0492248743717527,0.0370251256281404,0.0864999999997735,7.46400000000006,0.0493015075374624,0.0370678391959803,0,FALSE,FALSE,0.540173724212817,108.034744842563,0,"9001;9002;9003;9004",2278,FALSE,0.572780944625478
"Laptop","AD_Stan_WCP","NicoStan_BridgeStan",2500,2,16,8,2,200,"7184208393ceb4c8ae3e26f0d1660bdb","NicoStan_BridgeStan_state_allocation_thread_setup_sampling_model_load_divergence_check","iteration_difference","main_scaling","two_run_difference",1250,4,15.3407035175882,15.3241206030157,0.0715711503907464,0.127250000000345,15.3912500000006,0.0505464824124035,0.0767035175879412,0.128000000000611,15.3720000000011,0.0514824120609088,0.0766206030150785,0,FALSE,FALSE,0.521488469601667,104.297693920333,0,"9005;9006;9007;9008",2279,FALSE,0.461412473794524
"Laptop","AD_Stan_WCP","NicoStan_BridgeStan",2500,8,16,2,8,200,"7184208393ceb4c8ae3e26f0d1660bdb","NicoStan_BridgeStan_state_allocation_thread_setup_sampling_model_load_divergence_check","iteration_difference","main_scaling","two_run_difference",313,4,3.84623115577809,3.85829145728523,0.0508639366868327,0.0522499999997876,3.87924999999899,0.0330188442208972,0.0192311557788905,0.0524999999995543,3.89149999999836,0.033072864321399,0.0192914572864262,0,FALSE,FALSE,0.519989547948893,103.997909589779,0,"9009;9010;9011;9012",2280,FALSE,0.542722759341634
"Laptop","AD_Stan_WCP","NicoStan_BridgeStan",10000,2,4,2,2,80,"b352a26c8e9b174599c6b645056fb577","NicoStan_BridgeStan_state_allocation_thread_setup_sampling_model_load_divergence_check","iteration_difference","main_scaling","two_run_difference",5000,4,7.67620253164474,7.72202531645396,0.135174701655915,0.241250000000377,7.82149999999956,0.145297468354818,0.0959525316455593,0.236000000000786,7.86149999999907,0.139474683545111,0.0965253164556745,0,FALSE,FALSE,0.260545496520591,20.8436397216473,0,"9013;9014;9015;9016",2281,FALSE,0.801853500874214
"Laptop","AD_Stan_WCP","NicoStan_BridgeStan",10000,2,8,4,2,80,"b352a26c8e9b174599c6b645056fb577","NicoStan_BridgeStan_state_allocation_thread_setup_sampling_model_load_divergence_check","iteration_difference","main_scaling","two_run_difference",5000,4,13.6893670886073,13.7599999999997,0.202753254286095,0.314250000000015,13.8324999999998,0.143132911392424,0.171117088607592,0.302499999999782,13.8904999999995,0.132310126582418,0.171999999999997,0,FALSE,FALSE,0.292197584746552,23.3758067797242,0,"9017;9018;9019;9020",2282,FALSE,0.486398017494836
"Laptop","AD_Stan_WCP","NicoStan_BridgeStan",10000,2,16,8,2,80,"b352a26c8e9b174599c6b645056fb577","NicoStan_BridgeStan_state_allocation_thread_setup_sampling_model_load_divergence_check","iteration_difference","main_scaling","two_run_difference",5000,4,29.0478481012647,28.9888607594928,0.187259418549671,0.523750000000973,29.2084999999998,0.160651898735165,0.363098101265808,0.512000000001535,29.1619999999996,0.148164556963579,0.36236075949366,0,FALSE,FALSE,0.275407664351278,22.0326131481022,0,"9021;9022;9023;9024",2283,FALSE,0.370649909795288
"Laptop","AD_Stan_WCP","NicoStan_BridgeStan",10000,8,16,2,8,80,"b352a26c8e9b174599c6b645056fb577","NicoStan_BridgeStan_state_allocation_thread_setup_sampling_model_load_divergence_check","iteration_difference","main_scaling","two_run_difference",1250,4,6.38430379746901,6.38835443037961,0.0630483105425718,0.202749999998787,6.50724999999943,0.122946202530424,0.0798037974683626,0.202499999997599,6.51649999999904,0.122462025315775,0.0798544303797452,0,FALSE,FALSE,0.313268300420303,25.0614640336242,0,"9025;9026;9027;9028",2284,FALSE,0.44896502498211
"Laptop","AD_Stan_WCP","NicoStan_BridgeStan",50000,2,4,2,2,20,"50597d787bf5578f0fdbdd94f2702741","NicoStan_BridgeStan_state_allocation_thread_setup_sampling_model_load_divergence_check","iteration_difference","main_scaling","two_run_difference",25000,4,10.9510526315785,10.9642105263157,0.26170475988849,1.23300000000029,11.6364999999998,0.685447368421364,0.547552631578924,1.18300000000067,11.5990000000006,0.644526315790005,0.548210526315786,0,FALSE,FALSE,0.182630845388579,3.65261690777158,0,"9029;9032;9035;9038",2285,FALSE,0.712140145143464
"Laptop","AD_Stan_WCP","NicoStan_BridgeStan",50000,4,8,2,4,20,"50597d787bf5578f0fdbdd94f2702741","NicoStan_BridgeStan_state_allocation_thread_setup_sampling_model_load_divergence_check","iteration_difference","main_scaling","two_run_difference",12500,4,9.93605263157884,9.84000000000067,0.230823928693031,1.15249999999958,10.5917499999995,0.655697368420635,0.496802631578942,1.14599999999882,10.5084999999995,0.643605263156695,0.492000000000034,0,FALSE,FALSE,0.201287178536432,4.02574357072865,0,"9030;9033;9036;9039",2286,FALSE,0.408003813862328
"Laptop","AD_Stan_WCP","NicoStan_BridgeStan",50000,8,16,2,8,20,"50597d787bf5578f0fdbdd94f2702741","NicoStan_BridgeStan_state_allocation_thread_setup_sampling_model_load_divergence_check","iteration_difference","main_scaling","two_run_difference",6250,4,9.44368421052643,9.44368421052786,0.236447234181628,1.08950000000004,10.0610000000001,0.617315789473722,0.472184210526321,1.08050000000003,10.0690000000002,0.618500000000016,0.472184210526393,0,FALSE,FALSE,0.211781753329987,4.23563506659974,0,"9031;9034;9037;9040",2287,FALSE,0.352031432870761
"Laptop","AD_Stan_WCP","NicoStan_BridgeStan",50000,2,8,4,2,20,"50597d787bf5578f0fdbdd94f2702741","NicoStan_BridgeStan_state_allocation_thread_setup_sampling_model_load_divergence_check","iteration_difference","main_scaling","two_run_difference",25000,4,20.9284210526321,20.9047368421055,0.199702456417457,1.76924999999949,21.65125,0.722828947367882,1.04642105263161,1.74399999999878,21.6054999999999,0.698763157893501,1.04523684210528,0,FALSE,FALSE,0.191127653153601,3.82255306307203,0,"9041;9043;9045;9047",2288,FALSE,0.387901116587862
"Laptop","AD_Stan_WCP","NicoStan_BridgeStan",50000,4,16,4,4,20,"50597d787bf5578f0fdbdd94f2702741","NicoStan_BridgeStan_state_allocation_thread_setup_sampling_model_load_divergence_check","iteration_difference","main_scaling","two_run_difference",12500,4,20.3110526315795,20.3184210526318,0.0522971833203998,1.71474999999975,21.0102500000003,0.699197368420779,1.01555263157897,1.72049999999945,21.0385000000006,0.703763157894125,1.01592105263159,0,FALSE,FALSE,0.196937109688782,3.93874219377565,0,"9042;9044;9046;9048",2289,FALSE,0.327718898188683
"Laptop","AD_Stan_WCP","NicoStan_BridgeStan",50000,2,16,8,2,20,"50597d787bf5578f0fdbdd94f2702741","NicoStan_BridgeStan_state_allocation_thread_setup_sampling_model_load_divergence_check","iteration_difference","main_scaling","two_run_difference",25000,4,44.2165789473682,44.1568421052628,0.33180151260607,2.99225000000047,44.9980000000003,0.781421052632057,2.21082894736841,2.96300000000065,44.9030000000002,0.765052631579621,2.20784210526314,0,FALSE,FALSE,0.180927611100862,3.61855222201724,0,"9049;9050;9051;9052",2290,FALSE,0.300774298756718
"Laptop","MD_BayesMVP_WCP","BayesMVP_NicoStan",500,2,4,2,2,2000,"257aba3ac8b8727679d269bf8597bb85","state_allocation_thread_setup_sampling_divergence_check","iteration_difference","main_scaling","two_run_difference",NA,4,7.72236118059007,7.7208604302147,0.193848483375029,0.005250000000105,7.72374999999988,0.00138881940980997,0.00386118059029503,0.00500000000005407,7.72249999999975,0.00121710855427614,0.00386043021510735,0,FALSE,FALSE,0.25898814536504,517.976290730079,0,"9541;9544;9547;9550",2413,TRUE,1
"Laptop","MD_BayesMVP_WCP","BayesMVP_NicoStan",500,2,8,4,2,2000,"257aba3ac8b8727679d269bf8597bb85","state_allocation_thread_setup_sampling_divergence_check","iteration_difference","main_scaling","two_run_difference",NA,4,8.20035017508731,8.15407703851907,0.345927573300143,0.00850000000030882,8.20475000000008,0.00439982491276516,0.00410017508754365,0.00800000000035972,8.15750000000007,0.00380815407739838,0.00407703851925953,0,FALSE,FALSE,0.48778404758275,975.5680951655,0,"9542;9545;9548;9551",2414,TRUE,1
"Laptop","MD_BayesMVP_WCP","BayesMVP_NicoStan",500,2,16,8,2,2000,"257aba3ac8b8727679d269bf8597bb85","state_allocation_thread_setup_sampling_divergence_check","iteration_difference","main_scaling","two_run_difference",NA,4,13.7943971985995,13.7813906953477,0.362118899416952,0.0212499999999869,13.8087500000001,0.0143528014006872,0.00689719859929973,0.0210000000001163,13.7955000000001,0.0141093046524424,0.00689069534767383,0,FALSE,FALSE,0.579945602901172,1159.89120580234,0,"9543;9546;9549;9552",2415,TRUE,1
"Laptop","MD_BayesMVP_WCP","BayesMVP_NicoStan",500,4,4,2,2,2000,"257aba3ac8b8727679d269bf8597bb85","state_allocation_thread_setup_sampling_divergence_check","iteration_difference","main_scaling","two_run_difference",NA,4,8.04502251125577,7.92496248124062,0.387075087030622,0.00524999999987763,8.04625000000002,0.00122748874424975,0.00402251125562788,0.00500000000005585,7.92600000000005,0.00109904952481468,0.00396248124062031,0,FALSE,FALSE,0.248600920283542,497.201840567085,0,"9553;9558;9563;9568",2416,FALSE,0.959893048128297
"Laptop","MD_BayesMVP_WCP","BayesMVP_NicoStan",500,4,8,2,4,2000,"257aba3ac8b8727679d269bf8597bb85","state_allocation_thread_setup_sampling_divergence_check","iteration_difference","main_scaling","two_run_difference",NA,4,6.7388694347173,6.70585292646278,0.177733643459824,0.00599999999992917,6.74149999999987,0.00263056528257052,0.00336943471735865,0.00600000000000023,6.70849999999971,0.00264707353692515,0.00335292646323139,0,FALSE,FALSE,0.296785687773739,593.571375547477,0,"9554;9559;9564;9569",2417,TRUE,1
"Laptop","MD_BayesMVP_WCP","BayesMVP_NicoStan",500,4,8,4,2,2000,"257aba3ac8b8727679d269bf8597bb85","state_allocation_thread_setup_sampling_divergence_check","iteration_difference","main_scaling","two_run_difference",NA,4,8.53651825912904,8.50725362681381,0.38247156485919,0.00824999999932352,8.5404999999988,0.003981740869759,0.00426825912956452,0.00749999999999673,8.51250000000016,0.00326438219109228,0.0042536268134069,0,FALSE,FALSE,0.468575112074804,937.150224149608,0,"9555;9560;9565;9570",2418,FALSE,0.960620000586044
"Laptop","MD_BayesMVP_WCP","BayesMVP_NicoStan",500,4,16,4,4,2000,"257aba3ac8b8727679d269bf8597bb85","state_allocation_thread_setup_sampling_divergence_check","iteration_difference","main_scaling","two_run_difference",NA,4,11.9039519759882,11.9244622311155,0.135741498744588,0.0172499999998585,11.91525,0.0112980240118645,0.00595197598799408,0.0164999999997235,11.9374999999999,0.0104917458726598,0.00596223111555775,0,FALSE,FALSE,0.336022860985035,672.04572197007,0,"9556;9561;9566;9571",2419,TRUE,1
"Laptop","MD_BayesMVP_WCP","BayesMVP_NicoStan",500,4,16,8,2,2000,"257aba3ac8b8727679d269bf8597bb85","state_allocation_thread_setup_sampling_divergence_check","iteration_difference","main_scaling","two_run_difference",NA,4,13.9267133566783,13.8654327163579,0.256167631542471,0.0329999999999622,13.9527499999999,0.026036643321623,0.00696335667833916,0.0285000000000295,13.8854999999998,0.0215875437719156,0.00693271635817896,0,FALSE,FALSE,0.574435604087718,1148.87120817544,0,"9557;9562;9567;9572",2420,FALSE,0.990499110975425
"Laptop","MD_BayesMVP_WCP","BayesMVP_NicoStan",500,10,4,2,2,2000,"257aba3ac8b8727679d269bf8597bb85","state_allocation_thread_setup_sampling_divergence_check","iteration_difference","main_scaling","two_run_difference",NA,4,9.14357178589308,9.05752876438206,0.243592533728677,0.00649999999980366,9.14549999999994,0.00192821410685712,0.00457178589294654,0.00649999999980366,9.05949999999967,0.00188519259610161,0.00452876438219103,0,FALSE,FALSE,0.218732902943426,437.465805886852,0,"9573;9579;9585;9591",2421,FALSE,0.844567239304044
"Laptop","MD_BayesMVP_WCP","BayesMVP_NicoStan",500,10,8,2,4,2000,"257aba3ac8b8727679d269bf8597bb85","state_allocation_thread_setup_sampling_divergence_check","iteration_difference","main_scaling","two_run_difference",NA,4,7.80190095047543,7.79889944972486,0.181041711327798,0.00674999999998249,7.80475000000018,0.00284904952474478,0.00390095047523772,0.00699999999980605,7.80200000000001,0.00310055027514257,0.00389944972486243,0,FALSE,FALSE,0.256347781482425,512.69556296485,0,"9574;9580;9586;9592",2422,FALSE,0.863747114644752
"Laptop","MD_BayesMVP_WCP","BayesMVP_NicoStan",500,10,16,2,8,2000,"257aba3ac8b8727679d269bf8597bb85","state_allocation_thread_setup_sampling_divergence_check","iteration_difference","main_scaling","two_run_difference",NA,4,13.3806903451729,13.3746873436723,0.323536679756003,0.026999999999763,13.401,0.0203096548271766,0.00669034517258643,0.0249999999998209,13.3880000000002,0.0182323661829125,0.00668734367183617,0,FALSE,FALSE,0.149469119186478,298.938238372957,0,"9575;9581;9587;9593",2423,FALSE,0.890178704949929
"Laptop","MD_BayesMVP_WCP","BayesMVP_NicoStan",500,10,8,4,2,2000,"257aba3ac8b8727679d269bf8597bb85","state_allocation_thread_setup_sampling_divergence_check","iteration_difference","main_scaling","two_run_difference",NA,4,9.82516258129088,9.87143571785938,0.377887567027226,0.0104999999998832,9.83075000000012,0.00558741870923772,0.00491258129064544,0.00999999999976353,9.87650000000021,0.00506428214082674,0.00493571785892969,0,FALSE,FALSE,0.407117945062489,814.235890124977,0,"9576;9582;9588;9594",2424,FALSE,0.834627428018591
"Laptop","MD_BayesMVP_WCP","BayesMVP_NicoStan",500,10,16,4,4,2000,"257aba3ac8b8727679d269bf8597bb85","state_allocation_thread_setup_sampling_divergence_check","iteration_difference","main_scaling","two_run_difference",NA,4,13.5472736368187,13.4677338669337,0.369101433858526,0.0244999999999536,13.5650000000002,0.0177263631815442,0.00677363681840934,0.0205000000000126,13.4800000000002,0.0138671835918085,0.00673386693346685,0,FALSE,FALSE,0.295262361064947,590.524722129894,0,"9577;9583;9589;9595",2425,FALSE,0.878697241608502
"Laptop","MD_BayesMVP_WCP","BayesMVP_NicoStan",500,10,16,8,2,2000,"257aba3ac8b8727679d269bf8597bb85","state_allocation_thread_setup_sampling_divergence_check","iteration_difference","main_scaling","two_run_difference",NA,4,15.895447723862,15.9129564782393,0.145485947326002,0.0279999999997642,15.9154999999999,0.0200522761378332,0.00794772386193102,0.0279999999996647,15.9294999999997,0.0201050525259279,0.00795647823911966,0,FALSE,FALSE,0.503288749016519,1006.57749803304,0,"9578;9584;9590;9596",2426,FALSE,0.867820613690012
"Laptop","MD_BayesMVP_WCP","BayesMVP_NicoStan",2500,2,4,2,2,400,"7184208393ceb4c8ae3e26f0d1660bdb","state_allocation_thread_setup_sampling_divergence_check","iteration_difference","main_scaling","two_run_difference",NA,4,4.53533834586441,4.46466165413529,0.252919171679007,0.0167500000001155,4.54074999999987,0.00541165413545447,0.011338345864661,0.0165000000002635,4.47049999999992,0.00498496240627968,0.0111616541353382,0,FALSE,FALSE,0.440981432360767,176.392572944307,0,"9597;9600;9603;9606",2427,FALSE,0.941976127321019
"Laptop","MD_BayesMVP_WCP","BayesMVP_NicoStan",2500,2,8,4,2,400,"7184208393ceb4c8ae3e26f0d1660bdb","state_allocation_thread_setup_sampling_divergence_check","iteration_difference","main_scaling","two_run_difference",NA,4,5.58947368421094,5.69624060150402,0.440085026274604,0.0282499999997157,5.60375000000013,0.0142763157891883,0.0139736842105274,0.0249999999998209,5.71450000000007,0.0114987468669883,0.01424060150376,0,FALSE,FALSE,0.715630885122357,286.252354048943,0,"9598;9601;9604;9607",2428,FALSE,0.832884943054319
"Laptop","MD_BayesMVP_WCP","BayesMVP_NicoStan",2500,2,16,8,2,400,"7184208393ceb4c8ae3e26f0d1660bdb","state_allocation_thread_setup_sampling_divergence_check","iteration_difference","main_scaling","two_run_difference",NA,4,13.470426065163,13.4601503759399,0.352087065547055,0.0742499999999779,13.511,0.0405739348370705,0.0336760651629074,0.06899999999996,13.4945,0.0345764411027166,0.0336503759398498,0,FALSE,FALSE,0.59389361266675,237.5574450667,0,"9599;9602;9605;9608",2429,FALSE,0.606564087297891
"Laptop","MD_BayesMVP_WCP","BayesMVP_NicoStan",2500,4,4,2,2,400,"7184208393ceb4c8ae3e26f0d1660bdb","state_allocation_thread_setup_sampling_divergence_check","iteration_difference","main_scaling","two_run_difference",NA,4,4.27218045112788,4.2721804511277,0.0540021257744676,0.0195000000001144,4.28100000000017,0.00881954887229474,0.0106804511278197,0.0190000000002328,4.2830000000001,0.00843107769446817,0.0106804511278193,0,FALSE,FALSE,0.468145019359374,187.25800774375,0,"9609;9614;9619;9624",2430,TRUE,1
"Laptop","MD_BayesMVP_WCP","BayesMVP_NicoStan",2500,4,8,2,4,400,"7184208393ceb4c8ae3e26f0d1660bdb","state_allocation_thread_setup_sampling_divergence_check","iteration_difference","main_scaling","two_run_difference",NA,4,3.02030075187972,3.00501253132854,0.0787350448745178,0.0137499999998383,3.02649999999986,0.00619924812013897,0.00755075187969931,0.0135000000000076,3.01199999999993,0.0060914786967495,0.00751253132832134,0,FALSE,FALSE,0.662185710729394,264.874284291758,0,"9610;9615;9620;9625",2431,TRUE,1
"Laptop","MD_BayesMVP_WCP","BayesMVP_NicoStan",2500,4,8,4,2,400,"7184208393ceb4c8ae3e26f0d1660bdb","state_allocation_thread_setup_sampling_divergence_check","iteration_difference","main_scaling","two_run_difference",NA,4,4.75162907268151,4.65413533834552,0.373489199852894,0.0259999999999962,4.76574999999981,0.0141209273182925,0.0118790726817038,0.0244999999999891,4.67199999999957,0.012675438596422,0.0116353383458638,0,FALSE,FALSE,0.841816551505915,336.726620602366,0,"9611;9616;9621;9626",2432,FALSE,0.979745767181791
"Laptop","MD_BayesMVP_WCP","BayesMVP_NicoStan",2500,4,16,4,4,400,"7184208393ceb4c8ae3e26f0d1660bdb","state_allocation_thread_setup_sampling_divergence_check","iteration_difference","main_scaling","two_run_difference",NA,4,6.04085213032583,5.93784461152892,0.332544465114526,0.0384999999999849,6.06425,0.0233978696741703,0.0151021303258146,0.0335000000000321,5.96650000000004,0.0181403508772252,0.0148446115288223,0,FALSE,FALSE,0.662158237563787,264.863295025515,0,"9612;9617;9622;9627",2433,FALSE,0.997510683317394
"Laptop","MD_BayesMVP_WCP","BayesMVP_NicoStan",2500,4,16,8,2,400,"7184208393ceb4c8ae3e26f0d1660bdb","state_allocation_thread_setup_sampling_divergence_check","iteration_difference","main_scaling","two_run_difference",NA,4,8.96315789473694,8.90676691729348,0.343216893928972,0.0627500000001788,9.00350000000027,0.0403421052633365,0.0224078947368423,0.0645000000001517,8.9430000000004,0.0423784461154393,0.0222669172932337,0,FALSE,FALSE,0.892542571931876,357.01702877275,0,"9613;9618;9623;9628",2434,FALSE,0.911584598607488
"Laptop","MD_BayesMVP_WCP","BayesMVP_NicoStan",2500,10,4,2,2,400,"7184208393ceb4c8ae3e26f0d1660bdb","state_allocation_thread_setup_sampling_divergence_check","iteration_difference","main_scaling","two_run_difference",NA,4,4.37468671679158,4.36791979949846,0.0552887734566212,0.0157500000002173,4.37949999999982,0.00481328320823835,0.010936716791979,0.0155000000004293,4.37149999999988,0.00448872180494251,0.0109197994987462,0,FALSE,FALSE,0.457175594385604,182.870237754242,0,"9629;9635;9641;9647",2435,FALSE,0.976568318533473
"Laptop","MD_BayesMVP_WCP","BayesMVP_NicoStan",2500,10,8,2,4,400,"7184208393ceb4c8ae3e26f0d1660bdb","state_allocation_thread_setup_sampling_divergence_check","iteration_difference","main_scaling","two_run_difference",NA,4,3.33634085213007,3.32581453634086,0.0673646416566609,0.0150000000002208,3.34299999999996,0.00665914786989567,0.00834085213032516,0.0145000000000692,3.33150000000008,0.00627067669174174,0.00831453634085215,0,FALSE,FALSE,0.599459134615431,239.783653846173,0,"9630;9636;9642;9648",2436,FALSE,0.905273437500078
"Laptop","MD_BayesMVP_WCP","BayesMVP_NicoStan",2500,10,16,2,8,400,"7184208393ceb4c8ae3e26f0d1660bdb","state_allocation_thread_setup_sampling_divergence_check","iteration_difference","main_scaling","two_run_difference",NA,4,5.39699248120294,5.43759398496238,0.144074021083382,0.0417500000000075,5.42524999999994,0.0282575187970001,0.0134924812030074,0.0425000000000182,5.46049999999985,0.0287393483709458,0.013593984962406,0,FALSE,FALSE,0.370576762329344,148.230704931738,0,"9631;9637;9643;9649",2437,FALSE,0.854369833751231
"Laptop","MD_BayesMVP_WCP","BayesMVP_NicoStan",2500,10,8,4,2,400,"7184208393ceb4c8ae3e26f0d1660bdb","state_allocation_thread_setup_sampling_divergence_check","iteration_difference","main_scaling","two_run_difference",NA,4,4.65538847117765,4.6461152882205,0.15275067269937,0.0275000000002947,4.67125,0.0158615288223506,0.0116384711779441,0.0275000000006003,4.66600000000017,0.0155802005018549,0.0116152882205512,0,FALSE,FALSE,0.859219380888345,343.687752355338,0,"9632;9638;9644;9650",2438,TRUE,1
"Laptop","MD_BayesMVP_WCP","BayesMVP_NicoStan",2500,10,16,4,4,400,"7184208393ceb4c8ae3e26f0d1660bdb","state_allocation_thread_setup_sampling_divergence_check","iteration_difference","main_scaling","two_run_difference",NA,4,6.06741854636598,6.09022556390976,0.0910070122785994,0.0290000000001029,6.08125000000017,0.013831453634188,0.0151685463659149,0.0289999999999253,6.10400000000027,0.0138884711778698,0.0152255639097744,0,FALSE,FALSE,0.65925895328183,263.703581312732,0,"9633;9639;9645;9651",2439,FALSE,0.993143045974594
"Laptop","MD_BayesMVP_WCP","BayesMVP_NicoStan",2500,10,16,8,2,400,"7184208393ceb4c8ae3e26f0d1660bdb","state_allocation_thread_setup_sampling_divergence_check","iteration_difference","main_scaling","two_run_difference",NA,4,8.1706766917293,8.18646616541366,0.12734953800029,0.0562500000002046,8.20650000000018,0.0358233082708814,0.0204266917293233,0.0570000000003006,8.22150000000023,0.0366127819551882,0.0204661654135341,0,FALSE,FALSE,0.979111070212573,391.644428085029,0,"9634;9640;9646;9652",2440,TRUE,1
"Laptop","MD_BayesMVP_WCP","BayesMVP_NicoStan",2500,25,4,2,2,400,"7184208393ceb4c8ae3e26f0d1660bdb","state_allocation_thread_setup_sampling_divergence_check","iteration_difference","main_scaling","two_run_difference",NA,4,4.60325814536325,4.58446115288206,0.120112286235185,0.0185000000000457,4.61024999999989,0.00699185463663758,0.0115081453634081,0.0185000000002162,4.59100000000008,0.00705639097766019,0.0114611528822051,0,FALSE,FALSE,0.434474873414291,173.789949365716,0,"9653;9659;9665;9671",2441,FALSE,0.928077530353395
"Laptop","MD_BayesMVP_WCP","BayesMVP_NicoStan",2500,25,8,2,4,400,"7184208393ceb4c8ae3e26f0d1660bdb","state_allocation_thread_setup_sampling_divergence_check","iteration_difference","main_scaling","two_run_difference",NA,4,3.27067669172901,3.26616541353355,0.0936346576627663,0.0135000000000645,3.27599999999975,0.00532330827074193,0.00817669172932253,0.0140000000000668,3.27099999999977,0.00562155388483699,0.00816541353383386,0,FALSE,FALSE,0.611494252873621,244.597701149449,0,"9654;9660;9666;9672",2442,FALSE,0.923448275862164
"Laptop","MD_BayesMVP_WCP","BayesMVP_NicoStan",2500,25,16,2,8,400,"7184208393ceb4c8ae3e26f0d1660bdb","state_allocation_thread_setup_sampling_divergence_check","iteration_difference","main_scaling","two_run_difference",NA,4,5.01052631578934,5.0025062656641,0.30249564101509,0.0482499999999746,5.04624999999984,0.0357236842105012,0.0125263157894734,0.0434999999998951,5.03349999999983,0.0309937343357348,0.0125062656641602,0,FALSE,FALSE,0.399159663865557,159.663865546223,0,"9655;9661;9667;9673",2443,FALSE,0.92026810724286
"Laptop","MD_BayesMVP_WCP","BayesMVP_NicoStan",2500,25,8,4,2,400,"7184208393ceb4c8ae3e26f0d1660bdb","state_allocation_thread_setup_sampling_divergence_check","iteration_difference","main_scaling","two_run_difference",NA,4,5.06040100250653,5.08671679198047,0.0864691922515006,0.0292499999998199,5.07700000000008,0.0165989974935536,0.0126510025062663,0.0294999999996435,5.10350000000014,0.0167832080196923,0.0127167919799512,0,FALSE,FALSE,0.790451191124717,316.180476449887,0,"9656;9662;9668;9674",2444,FALSE,0.919964340547663
"Laptop","MD_BayesMVP_WCP","BayesMVP_NicoStan",2500,25,16,4,4,400,"7184208393ceb4c8ae3e26f0d1660bdb","state_allocation_thread_setup_sampling_divergence_check","iteration_difference","main_scaling","two_run_difference",NA,4,6.02581453634065,6.00501253132807,0.196212058513944,0.0359999999999729,6.04674999999978,0.0209354636591213,0.0150645363408516,0.0374999999998806,6.02749999999963,0.0224874686715604,0.0150125313283202,0,FALSE,FALSE,0.663810672545045,265.524269018018,0,"9657;9663;9669;9675",2445,TRUE,1
"Laptop","MD_BayesMVP_WCP","BayesMVP_NicoStan",2500,25,16,8,2,400,"7184208393ceb4c8ae3e26f0d1660bdb","state_allocation_thread_setup_sampling_divergence_check","iteration_difference","main_scaling","two_run_difference",NA,4,8.79749373433545,8.80751879699229,0.119019914992565,0.0495000000001653,8.82499999999978,0.0275062656643267,0.0219937343358386,0.0530000000003383,8.83149999999981,0.0310313283211418,0.0220187969924807,0,FALSE,FALSE,0.909349894592941,363.739957837176,0,"9658;9664;9670;9676",2446,FALSE,0.92875049854713
"Laptop","MD_BayesMVP_WCP","BayesMVP_NicoStan",10000,4,4,2,2,200,"b352a26c8e9b174599c6b645056fb577","state_allocation_thread_setup_sampling_divergence_check","iteration_difference","main_scaling","two_run_difference",NA,4,9.00025125628111,8.98492462311521,0.618474298972647,0.0642500000000581,9.01949999999977,0.0192487437186525,0.0450012562814056,0.0620000000001539,9.00199999999978,0.0170753768845779,0.044924623115576,0,FALSE,FALSE,0.22221601853662,44.443203707324,0,"9677;9682;9687;9692",2447,FALSE,0.808185142793366
"Laptop","MD_BayesMVP_WCP","BayesMVP_NicoStan",10000,4,8,2,4,200,"b352a26c8e9b174599c6b645056fb577","state_allocation_thread_setup_sampling_divergence_check","iteration_difference","main_scaling","two_run_difference",NA,4,8.04673366834148,8.06884422110534,0.278480233209507,0.0637500000000273,8.0702499999998,0.0235163316583199,0.0402336683417074,0.0609999999999502,8.08799999999991,0.0206130653265848,0.0403442211055267,0,FALSE,FALSE,0.248548054705559,49.7096109411117,0,"9678;9683;9688;9693",2448,FALSE,0.59676512833328
"Laptop","MD_BayesMVP_WCP","BayesMVP_NicoStan",10000,4,8,4,2,200,"b352a26c8e9b174599c6b645056fb577","state_allocation_thread_setup_sampling_divergence_check","iteration_difference","main_scaling","two_run_difference",NA,4,14.79824120603,14.974874371859,0.525970003902772,0.105000000000047,14.8292499999999,0.0310087939698966,0.07399120603015,0.105000000000018,15.0049999999998,0.0301256281407801,0.0748743718592949,0,FALSE,FALSE,0.270302392312005,54.060478462401,0,"9679;9684;9689;9694",2449,FALSE,0.539993548058478
"Laptop","MD_BayesMVP_WCP","BayesMVP_NicoStan",10000,4,16,4,4,200,"b352a26c8e9b174599c6b645056fb577","state_allocation_thread_setup_sampling_divergence_check","iteration_difference","main_scaling","two_run_difference",NA,4,17.9321608040203,17.9668341708547,0.14435440527292,0.153249999999758,17.99575,0.0635891959796568,0.0896608040201015,0.149499999999534,18.0450000000003,0.0594195979894822,0.0898341708542737,0,FALSE,FALSE,0.223062911587499,44.6125823174999,0,"9680;9685;9690;9695",2450,FALSE,0.501695390219982
"Laptop","MD_BayesMVP_WCP","BayesMVP_NicoStan",10000,4,16,8,2,200,"b352a26c8e9b174599c6b645056fb577","state_allocation_thread_setup_sampling_divergence_check","iteration_difference","main_scaling","two_run_difference",NA,4,35.3615577889447,35.4085427135677,0.311655439389662,0.218000000000018,35.40275,0.0411922110552944,0.176807788944723,0.21250000000029,35.4620000000001,0.0351708542716477,0.177042713567838,0,FALSE,FALSE,0.226234377109401,45.2468754218803,0,"9681;9686;9691;9696",2451,FALSE,0.413609589381761
"Laptop","MD_BayesMVP_WCP","BayesMVP_NicoStan",10000,10,4,2,2,200,"b352a26c8e9b174599c6b645056fb577","state_allocation_thread_setup_sampling_divergence_check","iteration_difference","main_scaling","two_run_difference",NA,4,7.27386934673372,7.28492462311541,0.110846267921517,0.0567499999999512,7.29425000000001,0.0203806532662826,0.0363693467336686,0.0519999999998504,7.30999999999989,0.0156859296480902,0.0364246231155771,0,FALSE,FALSE,0.274956822107079,54.9913644214158,0,"9697;9703;9709;9715",2452,TRUE,1
"Laptop","MD_BayesMVP_WCP","BayesMVP_NicoStan",10000,10,8,2,4,200,"b352a26c8e9b174599c6b645056fb577","state_allocation_thread_setup_sampling_divergence_check","iteration_difference","main_scaling","two_run_difference",NA,4,5.36356783919629,5.33316582914607,0.111140132962507,0.0499999999998408,5.38675000000015,0.0231821608038594,0.0268178391959814,0.0509999999997603,5.3540000000003,0.0243592964821712,0.0266658291457304,0,FALSE,FALSE,0.372886119829463,74.5772239658925,0,"9698;9704;9710;9716",2453,FALSE,0.895301447510189
"Laptop","MD_BayesMVP_WCP","BayesMVP_NicoStan",10000,10,16,2,8,200,"b352a26c8e9b174599c6b645056fb577","state_allocation_thread_setup_sampling_divergence_check","iteration_difference","main_scaling","two_run_difference",NA,4,8.98618090452265,8.98643216080387,0.408496559745619,0.126499999999979,9.06775000000002,0.0815690954773655,0.0449309045226133,0.130000000000166,9.05800000000002,0.0851356783921265,0.0449321608040193,0,FALSE,FALSE,0.222563959177966,44.5127918355933,0,"9699;9705;9711;9717",2454,FALSE,0.710666853068682
"Laptop","MD_BayesMVP_WCP","BayesMVP_NicoStan",10000,10,8,4,2,200,"b352a26c8e9b174599c6b645056fb577","state_allocation_thread_setup_sampling_divergence_check","iteration_difference","main_scaling","two_run_difference",NA,4,8.6547738693466,8.69045226130641,0.320227880275245,0.0957500000002085,8.70725000000007,0.0524761306534755,0.043273869346733,0.0980000000004111,8.73400000000015,0.0534648241210155,0.043452261306532,0,FALSE,FALSE,0.462172676072701,92.4345352145401,0,"9700;9706;9712;9718",2455,FALSE,0.923300238053776
"Laptop","MD_BayesMVP_WCP","BayesMVP_NicoStan",10000,10,16,4,4,200,"b352a26c8e9b174599c6b645056fb577","state_allocation_thread_setup_sampling_divergence_check","iteration_difference","main_scaling","two_run_difference",NA,4,11.7502512562814,11.744723618091,0.424869740952364,0.115250000000088,11.8067500000001,0.0564987437186816,0.0587512562814068,0.117000000000189,11.8055000000003,0.0564095477388832,0.0587236180904549,0,FALSE,FALSE,0.340418252576659,68.0836505153319,0,"9701;9707;9713;9719",2456,FALSE,0.765641705512565
"Laptop","MD_BayesMVP_WCP","BayesMVP_NicoStan",10000,10,16,8,2,200,"b352a26c8e9b174599c6b645056fb577","state_allocation_thread_setup_sampling_divergence_check","iteration_difference","main_scaling","two_run_difference",NA,4,20.0856783919597,20.0341708542712,0.467340195588347,0.146000000000143,20.1312500000001,0.0455716080403444,0.100428391959799,0.145500000000169,20.0785,0.0455326633167523,0.100170854271356,0,FALSE,FALSE,0.398293741634457,79.6587483268914,0,"9702;9708;9714;9720",2457,FALSE,0.728174528714925
"Laptop","MD_BayesMVP_WCP","BayesMVP_NicoStan",10000,25,4,2,2,200,"b352a26c8e9b174599c6b645056fb577","state_allocation_thread_setup_sampling_divergence_check","iteration_difference","main_scaling","two_run_difference",NA,4,7.56959798994951,7.57688442211054,0.152480065747654,0.0610000000001776,7.59274999999994,0.02315201005043,0.0378479899497475,0.0585000000000093,7.6035,0.0204623115581542,0.0378844221105527,0,FALSE,FALSE,0.264214823912114,52.8429647824228,0,"9721;9727;9733;9739",2458,FALSE,0.960932054303486
"Laptop","MD_BayesMVP_WCP","BayesMVP_NicoStan",10000,25,8,2,4,200,"b352a26c8e9b174599c6b645056fb577","state_allocation_thread_setup_sampling_divergence_check","iteration_difference","main_scaling","two_run_difference",NA,4,4.97336683417078,4.96783919597997,0.046372952743771,0.0477500000001783,4.9962500000001,0.0228831658293244,0.0248668341708539,0.0485000000003311,4.99300000000022,0.0235452261309849,0.0248391959798998,0,FALSE,FALSE,0.402142063251496,80.4284126502993,0,"9722;9728;9734;9740",2459,FALSE,0.965545114681287
"Laptop","MD_BayesMVP_WCP","BayesMVP_NicoStan",10000,25,16,2,8,200,"b352a26c8e9b174599c6b645056fb577","state_allocation_thread_setup_sampling_divergence_check","iteration_difference","main_scaling","two_run_difference",NA,4,6.6934673366836,6.66331658291483,0.264528518922335,0.102500000000063,6.76250000000024,0.0690326633166451,0.033467336683418,0.104000000000013,6.6970000000002,0.0716231155779031,0.0333165829145741,0,FALSE,FALSE,0.298798798798791,59.7597597597581,0,"9723;9729;9735;9741",2460,FALSE,0.954091591591622
"Laptop","MD_BayesMVP_WCP","BayesMVP_NicoStan",10000,25,8,4,2,200,"b352a26c8e9b174599c6b645056fb577","state_allocation_thread_setup_sampling_divergence_check","iteration_difference","main_scaling","two_run_difference",NA,4,8.25854271356772,8.34623115577863,0.26439659214988,0.0875000000000199,8.3047499999999,0.0462072864321813,0.0412927135678386,0.0864999999999725,8.40299999999979,0.0457814070351479,0.0417311557788931,0,FALSE,FALSE,0.484346953056078,96.8693906112156,0,"9724;9730;9736;9742",2461,FALSE,0.967598649183131
"Laptop","MD_BayesMVP_WCP","BayesMVP_NicoStan",10000,25,16,4,4,200,"b352a26c8e9b174599c6b645056fb577","state_allocation_thread_setup_sampling_divergence_check","iteration_difference","main_scaling","two_run_difference",NA,4,9.13140703517621,9.13366834170914,0.380350671088855,0.105499999999822,9.19125000000015,0.0598429648239406,0.0456570351758811,0.107499999999618,9.18850000000023,0.0602487437182074,0.0456683417085457,0,FALSE,FALSE,0.438048592576271,87.6097185152542,0,"9725;9731;9737;9743",2462,FALSE,0.985224114685061
"Laptop","MD_BayesMVP_WCP","BayesMVP_NicoStan",10000,25,16,8,2,200,"b352a26c8e9b174599c6b645056fb577","state_allocation_thread_setup_sampling_divergence_check","iteration_difference","main_scaling","two_run_difference",NA,4,14.746733668342,14.7241206030153,0.261714666451311,0.134249999999767,14.8072500000001,0.0605163316580569,0.0737336683417101,0.136499999999614,14.7869999999999,0.0628793969845377,0.0736206030150766,0,FALSE,FALSE,0.542493014380142,108.498602876028,0,"9726;9732;9738;9744",2463,FALSE,0.991804675253839
"Laptop","MD_BayesMVP_WCP","BayesMVP_NicoStan",10000,50,4,2,2,200,"b352a26c8e9b174599c6b645056fb577","state_allocation_thread_setup_sampling_divergence_check","iteration_difference","main_scaling","two_run_difference",NA,4,7.52135678391941,7.48643216080386,0.103086954536413,0.0552499999999725,7.53899999999979,0.0176432160803754,0.0376067839195971,0.0555000000001655,7.50699999999961,0.017552763819262,0.0374321608040193,0,FALSE,FALSE,0.265909470519465,53.1818941038931,0,"9745;9751;9757;9763",2464,FALSE,0.967095373308867
"Laptop","MD_BayesMVP_WCP","BayesMVP_NicoStan",10000,50,8,2,4,200,"b352a26c8e9b174599c6b645056fb577","state_allocation_thread_setup_sampling_divergence_check","iteration_difference","main_scaling","two_run_difference",NA,4,4.80201005025153,4.74170854271376,0.201046896811663,0.0419999999999163,4.82000000000019,0.0179899497486587,0.0240100502512577,0.0399999999999636,4.75800000000015,0.0166356783919232,0.0237085427135688,0,FALSE,FALSE,0.416492256174107,83.2984512348215,0,"9746;9752;9758;9764",2465,TRUE,1
"Laptop","MD_BayesMVP_WCP","BayesMVP_NicoStan",10000,50,16,2,8,200,"b352a26c8e9b174599c6b645056fb577","state_allocation_thread_setup_sampling_divergence_check","iteration_difference","main_scaling","two_run_difference",NA,4,6.38618090452299,6.42261306532718,0.293153241656801,0.118999999999886,6.47325000000026,0.0870690954772711,0.031930904522615,0.119499999999789,6.48700000000031,0.0863819095475242,0.0321130653266359,0,FALSE,FALSE,0.313176220639711,62.6352441279421,0,"9747;9753;9759;9765",2466,TRUE,1
"Laptop","MD_BayesMVP_WCP","BayesMVP_NicoStan",10000,50,8,4,2,200,"b352a26c8e9b174599c6b645056fb577","state_allocation_thread_setup_sampling_divergence_check","iteration_difference","main_scaling","two_run_difference",NA,4,7.99095477386931,7.99145728643194,0.225333416908532,0.0912499999999454,8.04224999999991,0.0512952261305989,0.0399547738693466,0.0889999999999418,8.02749999999963,0.0480954773868771,0.0399572864321597,0,FALSE,FALSE,0.500565966545091,100.113193309018,0,"9748;9754;9760;9766",2467,TRUE,1
"Laptop","MD_BayesMVP_WCP","BayesMVP_NicoStan",10000,50,16,4,4,200,"b352a26c8e9b174599c6b645056fb577","state_allocation_thread_setup_sampling_divergence_check","iteration_difference","main_scaling","two_run_difference",NA,4,8.99648241206043,9.00150753768868,0.39485977838952,0.106749999999863,9.05824999999999,0.061767587939561,0.0449824120603021,0.105499999999893,9.05500000000006,0.0604070351757718,0.0450075376884434,0,FALSE,FALSE,0.444618220409981,88.9236440819962,0,"9749;9755;9761;9767",2468,TRUE,1
"Laptop","MD_BayesMVP_WCP","BayesMVP_NicoStan",10000,50,16,8,2,200,"b352a26c8e9b174599c6b645056fb577","state_allocation_thread_setup_sampling_divergence_check","iteration_difference","main_scaling","two_run_difference",NA,4,14.6258793969848,14.5914572864322,0.216360497827487,0.138000000000119,14.69075,0.0648706030151948,0.0731293969849241,0.135000000000332,14.6594999999999,0.0616984924626447,0.0729572864321609,0,FALSE,FALSE,0.546975657521778,109.395131504356,0,"9750;9756;9762;9768",2469,TRUE,1
"Laptop","MD_BayesMVP_WCP","BayesMVP_NicoStan",10000,100,4,2,2,200,"b352a26c8e9b174599c6b645056fb577","state_allocation_thread_setup_sampling_divergence_check","iteration_difference","main_scaling","two_run_difference",NA,4,7.76482412060344,7.71155778894467,0.142564859886256,0.0674999999998249,7.79350000000025,0.0286758793968077,0.0388241206030172,0.0674999999998249,7.74499999999995,0.0281909547736915,0.0385577889447233,0,FALSE,FALSE,0.257571835361104,51.5143670722208,0,"9769;9775;9781;9787",2470,FALSE,0.93677193890754
"Laptop","MD_BayesMVP_WCP","BayesMVP_NicoStan",10000,100,8,2,4,200,"b352a26c8e9b174599c6b645056fb577","state_allocation_thread_setup_sampling_divergence_check","iteration_difference","main_scaling","two_run_difference",NA,4,4.93743718592981,4.93417085427168,0.145705248512129,0.0467499999997472,4.95949999999991,0.0220628140700981,0.024687185929649,0.0449999999998454,4.95799999999997,0.0202964824119057,0.0246708542713584,0,FALSE,FALSE,0.405068444353964,81.0136888707928,0,"9770;9776;9782;9788",2471,FALSE,0.972571370413744
"Laptop","MD_BayesMVP_WCP","BayesMVP_NicoStan",10000,100,16,2,8,200,"b352a26c8e9b174599c6b645056fb577","state_allocation_thread_setup_sampling_divergence_check","iteration_difference","main_scaling","two_run_difference",NA,4,6.48391959798996,6.52462311557802,0.311751709250502,0.0939999999999088,6.54549999999992,0.061580402009959,0.0324195979899498,0.0814999999999486,6.57099999999997,0.0502537688441693,0.0326231155778901,0,FALSE,FALSE,0.308455397969464,61.6910795938928,0,"9771;9777;9783;9789",2472,FALSE,0.984925986204815
"Laptop","MD_BayesMVP_WCP","BayesMVP_NicoStan",10000,100,8,4,2,200,"b352a26c8e9b174599c6b645056fb577","state_allocation_thread_setup_sampling_divergence_check","iteration_difference","main_scaling","two_run_difference",NA,4,8.43969849246235,8.44321608040213,0.130548856619021,0.0867500000001087,8.48425000000015,0.0445515075377969,0.0421984924623117,0.0864999999999441,8.48750000000007,0.0442839195979334,0.0422160804020107,0,FALSE,FALSE,0.473950580529918,94.7901161059835,0,"9772;9778;9784;9790",2473,FALSE,0.946829413515919
"Laptop","MD_BayesMVP_WCP","BayesMVP_NicoStan",10000,100,16,4,4,200,"b352a26c8e9b174599c6b645056fb577","state_allocation_thread_setup_sampling_divergence_check","iteration_difference","main_scaling","two_run_difference",NA,4,9.31683417085453,9.29095477386936,0.219137541488138,0.102750000000015,9.37300000000027,0.0561658291457419,0.0465841708542727,0.103000000000065,9.34200000000016,0.0555201005025759,0.0464547738693468,0,FALSE,FALSE,0.429330384833191,85.8660769666382,0,"9773;9779;9785;9791",2474,FALSE,0.965615814028734
"Laptop","MD_BayesMVP_WCP","BayesMVP_NicoStan",10000,100,16,8,2,200,"b352a26c8e9b174599c6b645056fb577","state_allocation_thread_setup_sampling_divergence_check","iteration_difference","main_scaling","two_run_difference",NA,4,15.5741206030149,15.7065326633166,0.350559693467872,0.14950000000016,15.64575,0.0716293969850849,0.0778706030150747,0.149000000000342,15.7735000000001,0.0699623115581324,0.0785326633165831,0,FALSE,FALSE,0.51367266274099,102.734532548198,0,"9774;9780;9786;9792",2475,FALSE,0.939114301847222
"Laptop","MD_BayesMVP_WCP","BayesMVP_NicoStan",50000,4,4,2,2,100,"50597d787bf5578f0fdbdd94f2702741","state_allocation_thread_setup_sampling_divergence_check","iteration_difference","main_scaling","two_run_difference",NA,4,34.5909090909089,34.5828282828279,0.0587597558475981,0.416750000000235,34.6617500000001,0.0708409090911457,0.345909090909089,0.414000000000101,34.6450000000002,0.0676565656566659,0.345828282828279,0,FALSE,FALSE,0.0578186596583446,5.78186596583446,0,"9793;9798;9803;9808",2476,FALSE,0.51480508103373
"Laptop","MD_BayesMVP_WCP","BayesMVP_NicoStan",50000,4,8,2,4,100,"50597d787bf5578f0fdbdd94f2702741","state_allocation_thread_setup_sampling_divergence_check","iteration_difference","main_scaling","two_run_difference",NA,4,39.9398989898991,39.8893939393941,0.203483755814675,0.511999999999972,40.0525000000001,0.112601010100981,0.399398989898991,0.514499999999828,40.0065000000002,0.11364141414124,0.398893939393941,0,FALSE,FALSE,0.0500752393115917,5.00752393115917,0,"9794;9799;9804;9809",2477,FALSE,0.276488663522208
"Laptop","MD_BayesMVP_WCP","BayesMVP_NicoStan",50000,4,8,4,2,100,"50597d787bf5578f0fdbdd94f2702741","state_allocation_thread_setup_sampling_divergence_check","iteration_difference","main_scaling","two_run_difference",NA,4,79.6972222222224,79.7232323232323,0.132191763924222,0.915249999999929,79.8155000000001,0.118277777777705,0.796972222222224,0.919999999999959,79.851,0.122661616161574,0.797232323232323,0,FALSE,FALSE,0.0501899550381652,5.01899550381652,0,"9795;9800;9805;9810",2478,FALSE,0.241501135927962
"Laptop","MD_BayesMVP_WCP","BayesMVP_NicoStan",50000,4,16,4,4,100,"50597d787bf5578f0fdbdd94f2702741","state_allocation_thread_setup_sampling_divergence_check","iteration_difference","main_scaling","two_run_difference",NA,4,97.8058080808079,97.5297979797977,1.43697211938291,1.16749999999999,97.9952499999999,0.18944191919191,0.978058080808079,1.17500000000007,97.6704999999997,0.188964646464718,0.975297979797977,0,FALSE,FALSE,0.0408973667156368,4.08973667156368,0,"9796;9801;9806;9811",2479,FALSE,0.210680822388213
"Laptop","MD_BayesMVP_WCP","BayesMVP_NicoStan",50000,4,16,8,2,100,"50597d787bf5578f0fdbdd94f2702741","state_allocation_thread_setup_sampling_divergence_check","iteration_difference","main_scaling","two_run_difference",NA,4,211.359343434343,211.631313131313,1.99662630377985,2.36274999999981,211.6085,0.249156565656373,2.11359343434343,2.34999999999997,211.8905,0.239126262626228,2.11631313131313,0,FALSE,FALSE,0.0378502311277529,3.78502311277529,0,"9797;9802;9807;9812",2480,FALSE,0.169088261051896
"Laptop","MD_BayesMVP_WCP","BayesMVP_NicoStan",50000,10,4,2,2,100,"50597d787bf5578f0fdbdd94f2702741","state_allocation_thread_setup_sampling_divergence_check","iteration_difference","main_scaling","two_run_difference",NA,4,26.617171717172,26.6328282828288,0.0664264624794613,0.344499999999698,26.6955,0.078328282827978,0.26617171717172,0.339999999999577,26.7165,0.0742171717167431,0.266328282828288,0,FALSE,FALSE,0.0751394633979727,7.51394633979727,0,"9813;9819;9825;9831",2481,FALSE,0.669025843421495
"Laptop","MD_BayesMVP_WCP","BayesMVP_NicoStan",50000,10,8,2,4,100,"50597d787bf5578f0fdbdd94f2702741","state_allocation_thread_setup_sampling_divergence_check","iteration_difference","main_scaling","two_run_difference",NA,4,25.5926767676771,25.5873737373744,0.186471276388543,0.342499999999632,25.67925,0.0865732323228606,0.255926767676771,0.342499999999973,25.674,0.0865202020201749,0.255873737373744,0,FALSE,FALSE,0.0781473551264457,7.81473551264457,0,"9814;9820;9826;9832",2482,FALSE,0.431487858545384
"Laptop","MD_BayesMVP_WCP","BayesMVP_NicoStan",50000,10,16,2,8,100,"50597d787bf5578f0fdbdd94f2702741","state_allocation_thread_setup_sampling_divergence_check","iteration_difference","main_scaling","two_run_difference",NA,4,31.4944444444447,31.4732323232324,0.251126767323952,0.451999999999884,31.6315000000001,0.137055555555438,0.314944444444447,0.443499999999744,31.6215000000001,0.129277777777519,0.314732323232324,0,FALSE,FALSE,0.0635032633621445,6.35032633621445,0,"9815;9821;9827;9833",2483,FALSE,0.419313972321558
"Laptop","MD_BayesMVP_WCP","BayesMVP_NicoStan",50000,10,8,4,2,100,"50597d787bf5578f0fdbdd94f2702741","state_allocation_thread_setup_sampling_divergence_check","iteration_difference","main_scaling","two_run_difference",NA,4,50.1068181818179,50.001515151515,0.331878649124458,0.611750000000086,50.2174999999998,0.110681818181907,0.501068181818179,0.613999999999919,50.1094999999998,0.11080303030295,0.50001515151515,0,FALSE,FALSE,0.0798294552546836,7.98294552546836,0,"9816;9822;9828;9834",2484,FALSE,0.384118776553127
"Laptop","MD_BayesMVP_WCP","BayesMVP_NicoStan",50000,10,16,4,4,100,"50597d787bf5578f0fdbdd94f2702741","state_allocation_thread_setup_sampling_divergence_check","iteration_difference","main_scaling","two_run_difference",NA,4,58.471717171717,58.4671717171714,0.205943387799391,0.716000000000008,58.6029999999998,0.131282828282838,0.58471717171717,0.715000000000146,58.6144999999997,0.128868686868838,0.584671717171714,0,FALSE,FALSE,0.0684091419489697,6.84091419489697,0,"9817;9823;9829;9835",2485,FALSE,0.352406412493312
"Laptop","MD_BayesMVP_WCP","BayesMVP_NicoStan",50000,10,16,8,2,100,"50597d787bf5578f0fdbdd94f2702741","state_allocation_thread_setup_sampling_divergence_check","iteration_difference","main_scaling","two_run_difference",NA,4,125.865656565657,125.744949494949,0.471687970891108,1.37649999999991,125.9835,0.11784343434334,1.25865656565657,1.37599999999986,125.8685,0.119499999999859,1.25744949494949,0,FALSE,FALSE,0.0635598321121605,6.35598321121605,0,"9818;9824;9830;9836",2486,FALSE,0.283940709590951
"Laptop","MD_BayesMVP_WCP","BayesMVP_NicoStan",50000,25,4,2,2,100,"50597d787bf5578f0fdbdd94f2702741","state_allocation_thread_setup_sampling_divergence_check","iteration_difference","main_scaling","two_run_difference",NA,4,20.8457070707071,20.725252525252,0.601510628235771,0.277749999999969,20.915,0.0692929292928984,0.208457070707071,0.277499999999691,20.7959999999997,0.0694646464643807,0.20725252525252,0,FALSE,FALSE,0.0959430156634242,9.59430156634242,0,"9837;9843;9849;9855",2487,FALSE,0.854256259918352
"Laptop","MD_BayesMVP_WCP","BayesMVP_NicoStan",50000,25,8,2,4,100,"50597d787bf5578f0fdbdd94f2702741","state_allocation_thread_setup_sampling_divergence_check","iteration_difference","main_scaling","two_run_difference",NA,4,16.6737373737372,17.0060606060604,0.751679863199552,0.27800000000002,16.7849999999999,0.111262626262648,0.166737373737372,0.277999999999906,17.1139999999997,0.107939393939302,0.170060606060604,0,FALSE,FALSE,0.119949112497729,11.9949112497729,0,"9838;9844;9850;9856",2488,FALSE,0.662294784031017
"Laptop","MD_BayesMVP_WCP","BayesMVP_NicoStan",50000,25,16,2,8,100,"50597d787bf5578f0fdbdd94f2702741","state_allocation_thread_setup_sampling_divergence_check","iteration_difference","main_scaling","two_run_difference",NA,4,22.3133838383838,22.3636363636362,0.348990873519302,0.362500000000068,22.45275,0.13936616161623,0.223133838383838,0.354500000000144,22.5409999999999,0.129888888889033,0.223636363636362,0,FALSE,FALSE,0.0896323038444564,8.96323038444564,0,"9839;9845;9851;9857",2489,FALSE,0.591844818415371
"Laptop","MD_BayesMVP_WCP","BayesMVP_NicoStan",50000,25,8,4,2,100,"50597d787bf5578f0fdbdd94f2702741","state_allocation_thread_setup_sampling_divergence_check","iteration_difference","main_scaling","two_run_difference",NA,4,30.2979797979798,30.7287878787878,1.4422523452449,0.426499999999976,30.4215,0.123520202020178,0.302979797979798,0.422000000000139,30.8744999999999,0.112207070707202,0.307287878787878,0,FALSE,FALSE,0.132022003667278,13.2022003667278,0,"9840;9846;9852;9858",2490,FALSE,0.635255875979336
"Laptop","MD_BayesMVP_WCP","BayesMVP_NicoStan",50000,25,16,4,4,100,"50597d787bf5578f0fdbdd94f2702741","state_allocation_thread_setup_sampling_divergence_check","iteration_difference","main_scaling","two_run_difference",NA,4,38.7595959595964,38.7393939393943,0.527375275449417,0.530749999999728,38.9027500000001,0.143154040403764,0.387595959595964,0.524999999999636,38.8890000000001,0.136702020201663,0.387393939393943,0,FALSE,FALSE,0.103200250182424,10.3200250182424,0,"9841;9847;9853;9859",2491,FALSE,0.531631137287607
"Laptop","MD_BayesMVP_WCP","BayesMVP_NicoStan",50000,25,16,8,2,100,"50597d787bf5578f0fdbdd94f2702741","state_allocation_thread_setup_sampling_divergence_check","iteration_difference","main_scaling","two_run_difference",NA,4,80.9871212121211,80.9484848484845,0.918330663595544,0.944500000000119,81.12175,0.134628787878908,0.80987121212121,0.943500000000199,81.079,0.136338383838584,0.809484848484845,0,FALSE,FALSE,0.098781138041028,9.8781138041028,0,"9842;9848;9854;9860",2492,FALSE,0.441284778412827
"Laptop","MD_BayesMVP_WCP","BayesMVP_NicoStan",50000,50,4,2,2,100,"50597d787bf5578f0fdbdd94f2702741","state_allocation_thread_setup_sampling_divergence_check","iteration_difference","main_scaling","two_run_difference",NA,4,17.8075757575758,17.806565656565,0.0794177533020253,0.246249999999861,17.8757499999999,0.0681742424241037,0.178075757575758,0.240499999999997,17.8684999999994,0.0626969696969719,0.17806565656565,0,FALSE,FALSE,0.11231175019144,11.231175019144,0,"9861;9867;9873;9879",2493,TRUE,1
"Laptop","MD_BayesMVP_WCP","BayesMVP_NicoStan",50000,50,8,2,4,100,"50597d787bf5578f0fdbdd94f2702741","state_allocation_thread_setup_sampling_divergence_check","iteration_difference","main_scaling","two_run_difference",NA,4,11.5449494949497,11.5616161616161,0.0819344893893894,0.225999999999829,11.6555,0.110550505050332,0.115449494949497,0.230999999999767,11.6629999999999,0.116151515151275,0.115616161616161,0,FALSE,FALSE,0.173235924581125,17.3235924581125,0,"9862;9868;9874;9880",2494,FALSE,0.956516033072287
"Laptop","MD_BayesMVP_WCP","BayesMVP_NicoStan",50000,50,16,2,8,100,"50597d787bf5578f0fdbdd94f2702741","state_allocation_thread_setup_sampling_divergence_check","iteration_difference","main_scaling","two_run_difference",NA,4,16.0209595959599,16.0358585858594,0.366016690232796,0.313999999999965,16.1747500000002,0.153790404040366,0.160209595959599,0.317000000000121,16.1955000000006,0.15596969696982,0.160358585858594,0,FALSE,FALSE,0.124836467380166,12.4836467380166,0,"9863;9869;9875;9881",2495,FALSE,0.824298977034497
"Laptop","MD_BayesMVP_WCP","BayesMVP_NicoStan",50000,50,8,4,2,100,"50597d787bf5578f0fdbdd94f2702741","state_allocation_thread_setup_sampling_divergence_check","iteration_difference","main_scaling","two_run_difference",NA,4,20.0727272727268,19.9409090909084,0.467654587107322,0.375000000000455,20.247,0.174272727273186,0.200727272727268,0.378000000000611,20.1194999999999,0.178590909091527,0.199409090909084,0,FALSE,FALSE,0.199275362318845,19.9275362318845,0,"9864;9870;9876;9882",2496,FALSE,0.958861714975876
"Laptop","MD_BayesMVP_WCP","BayesMVP_NicoStan",50000,50,16,4,4,100,"50597d787bf5578f0fdbdd94f2702741","state_allocation_thread_setup_sampling_divergence_check","iteration_difference","main_scaling","two_run_difference",NA,4,24.9583333333335,24.9449494949494,0.330842006125515,0.393749999999898,25.1025000000001,0.144166666666563,0.249583333333335,0.390000000000327,25.0855000000003,0.140550505050833,0.249449494949494,0,FALSE,FALSE,0.160267111853087,16.0267111853087,0,"9865;9871;9877;9883",2497,FALSE,0.825608337127541
"Laptop","MD_BayesMVP_WCP","BayesMVP_NicoStan",50000,50,16,8,2,100,"50597d787bf5578f0fdbdd94f2702741","state_allocation_thread_setup_sampling_divergence_check","iteration_difference","main_scaling","two_run_difference",NA,4,47.5527777777781,47.7272727272739,0.80540861837129,0.641749999999831,47.7190000000001,0.166222222222051,0.475527777777781,0.644999999999982,47.8975000000007,0.165914141414128,0.477272727272739,0,FALSE,FALSE,0.168234125825106,16.8234125825106,0,"9866;9872;9878;9884",2498,FALSE,0.751551970431568
"Laptop","MD_BayesMVP_WCP","BayesMVP_NicoStan",50000,100,4,2,2,100,"50597d787bf5578f0fdbdd94f2702741","state_allocation_thread_setup_sampling_divergence_check","iteration_difference","main_scaling","two_run_difference",NA,4,17.8952020202027,17.9853535353549,0.387179658053326,0.247499999999718,17.9637500000003,0.0685479797976915,0.178952020202027,0.246499999999742,18.0570000000007,0.0680151515148339,0.179853535353549,0,FALSE,FALSE,0.111761800606784,11.1761800606784,0,"9885;9891;9897;9903",2499,FALSE,0.995103365554188
"Laptop","MD_BayesMVP_WCP","BayesMVP_NicoStan",50000,100,8,2,4,100,"50597d787bf5578f0fdbdd94f2702741","state_allocation_thread_setup_sampling_divergence_check","iteration_difference","main_scaling","two_run_difference",NA,4,11.0429292929292,10.8202020202019,0.652126667311338,0.213249999999903,11.1457499999998,0.102820707070611,0.110429292929292,0.209499999999707,10.9214999999996,0.101297979797688,0.108202020202019,0,FALSE,FALSE,0.18111136519552,18.111136519552,0,"9886;9892;9898;9904",2500,TRUE,1
"Laptop","MD_BayesMVP_WCP","BayesMVP_NicoStan",50000,100,16,2,8,100,"50597d787bf5578f0fdbdd94f2702741","state_allocation_thread_setup_sampling_divergence_check","iteration_difference","main_scaling","two_run_difference",NA,4,13.8242424242427,13.4646464646473,0.943436866880784,0.300999999999704,13.987,0.162757575757276,0.138242424242427,0.304000000000087,13.6280000000002,0.162161616161705,0.134646464646473,0,FALSE,FALSE,0.14467338886453,14.467338886453,0,"9887;9893;9899;9905",2501,FALSE,0.955282770714586
"Laptop","MD_BayesMVP_WCP","BayesMVP_NicoStan",50000,100,8,4,2,100,"50597d787bf5578f0fdbdd94f2702741","state_allocation_thread_setup_sampling_divergence_check","iteration_difference","main_scaling","two_run_difference",NA,4,19.2469696969699,19.19898989899,0.341006969363658,0.346000000000117,19.4005000000003,0.153530303030418,0.192469696969699,0.348000000000184,19.3290000000002,0.156595959596143,0.1919898989899,0,FALSE,FALSE,0.207824923246475,20.7824923246475,0,"9888;9894;9900;9906",2502,TRUE,1
"Laptop","MD_BayesMVP_WCP","BayesMVP_NicoStan",50000,100,16,4,4,100,"50597d787bf5578f0fdbdd94f2702741","state_allocation_thread_setup_sampling_divergence_check","iteration_difference","main_scaling","two_run_difference",NA,4,20.6058080808084,20.4358585858587,0.801366624687941,0.391749999999945,20.7915000000002,0.185691919191861,0.206058080808084,0.396999999999935,20.6114999999999,0.184494949494879,0.204358585858587,0,FALSE,FALSE,0.194120025980708,19.4120025980708,0,"9889;9895;9901;9907",2503,TRUE,1
"Laptop","MD_BayesMVP_WCP","BayesMVP_NicoStan",50000,100,16,8,2,100,"50597d787bf5578f0fdbdd94f2702741","state_allocation_thread_setup_sampling_divergence_check","iteration_difference","main_scaling","two_run_difference",NA,4,35.8997474747466,35.7005050505048,1.13611156949798,0.565750000000321,36.1064999999994,0.206752525252855,0.358997474747466,0.564499999999953,35.9024999999997,0.210707070707026,0.357005050505048,0,FALSE,FALSE,0.222842793131833,22.2842793131833,0,"9890;9896;9902;9908",2504,FALSE,0.99550515957037
"Laptop","MD_BayesMVP_WCP","BayesMVP_NicoStan",50000,250,4,2,2,100,"50597d787bf5578f0fdbdd94f2702741","state_allocation_thread_setup_sampling_divergence_check","iteration_difference","main_scaling","two_run_difference",NA,4,18.4426767676763,18.4883838383828,0.325699104714988,0.25200000000018,18.5102499999997,0.0675732323234172,0.184426767676763,0.249999999999773,18.5574999999995,0.0660303030300749,0.184883838383828,0,FALSE,FALSE,0.108444127996936,10.8444127996936,0,"9909;9915;9921;9927",2505,FALSE,0.965563512384838
"Laptop","MD_BayesMVP_WCP","BayesMVP_NicoStan",50000,250,8,2,4,100,"50597d787bf5578f0fdbdd94f2702741","state_allocation_thread_setup_sampling_divergence_check","iteration_difference","main_scaling","two_run_difference",NA,4,11.2499999999995,11.2363636363624,0.306921703171324,0.22150000000039,11.3589999999999,0.109000000000394,0.112499999999995,0.223000000000638,11.3419999999994,0.111121212121864,0.112363636363624,0,FALSE,FALSE,0.177777777777785,17.7777777777785,0,"9910;9916;9922;9928",2506,FALSE,0.98159371492708
"Laptop","MD_BayesMVP_WCP","BayesMVP_NicoStan",50000,250,16,2,8,100,"50597d787bf5578f0fdbdd94f2702741","state_allocation_thread_setup_sampling_divergence_check","iteration_difference","main_scaling","two_run_difference",NA,4,13.2060606060607,13.2404040404041,0.27088917941189,0.306249999999523,13.3802499999996,0.174189393938915,0.132060606060607,0.303499999999417,13.4114999999995,0.171095959595376,0.132404040404041,0,FALSE,FALSE,0.15144561725562,15.144561725562,0,"9911;9917;9923;9929",2507,TRUE,1
"Laptop","MD_BayesMVP_WCP","BayesMVP_NicoStan",50000,250,8,4,2,100,"50597d787bf5578f0fdbdd94f2702741","state_allocation_thread_setup_sampling_divergence_check","iteration_difference","main_scaling","two_run_difference",NA,4,19.9194444444445,19.8333333333331,0.35424591891937,0.355749999999603,20.0759999999997,0.156555555555157,0.199194444444445,0.352999999999611,19.9849999999994,0.156070707070317,0.198333333333331,0,FALSE,FALSE,0.200808813275693,20.0808813275693,0,"9912;9918;9924;9930",2508,FALSE,0.966240286000437
"Laptop","MD_BayesMVP_WCP","BayesMVP_NicoStan",50000,250,16,4,4,100,"50597d787bf5578f0fdbdd94f2702741","state_allocation_thread_setup_sampling_divergence_check","iteration_difference","main_scaling","two_run_difference",NA,4,20.7714646464647,20.7494949494946,0.283203665029419,0.406750000000102,20.9705000000001,0.199035353535455,0.207714646464647,0.417000000000371,20.9455,0.209641414141789,0.207494949494946,0,FALSE,FALSE,0.192571880128867,19.2571880128867,0,"9913;9919;9925;9931",2509,FALSE,0.992024800923968
"Laptop","MD_BayesMVP_WCP","BayesMVP_NicoStan",50000,250,16,8,2,100,"50597d787bf5578f0fdbdd94f2702741","state_allocation_thread_setup_sampling_divergence_check","iteration_difference","main_scaling","two_run_difference",NA,4,35.7383838383836,35.7707070707066,0.217971278889008,0.561000000000263,35.942,0.203616161616427,0.357383838383836,0.555000000000291,35.9799999999998,0.197939393939686,0.357707070707066,0,FALSE,FALSE,0.223848958480542,22.3848958480542,0,"9914;9920;9926;9932",2510,TRUE,1
"Laptop","MD_BayesMVP_WCP","BayesMVP_NicoStan",50000,500,4,2,2,100,"50597d787bf5578f0fdbdd94f2702741","state_allocation_thread_setup_sampling_divergence_check","iteration_difference","main_scaling","two_run_difference",NA,4,19.3042929292935,19.3166666666668,0.122302544772972,0.265749999999684,19.3770000000003,0.0727070707067489,0.193042929292935,0.267499999999927,19.3820000000003,0.0746565656564883,0.193166666666668,0,FALSE,FALSE,0.103603898227481,10.3603898227481,0,"9933;9939;9945;9951",2511,FALSE,0.922467133233014
"Laptop","MD_BayesMVP_WCP","BayesMVP_NicoStan",50000,500,8,2,4,100,"50597d787bf5578f0fdbdd94f2702741","state_allocation_thread_setup_sampling_divergence_check","iteration_difference","main_scaling","two_run_difference",NA,4,11.9972222222223,11.90404040404,0.229732850504159,0.230500000000234,12.1077500000004,0.11052777777801,0.119972222222223,0.231000000000222,12.0149999999999,0.110095959596175,0.1190404040404,0,FALSE,FALSE,0.166705255846259,16.6705255846259,0,"9934;9940;9946;9952",2512,FALSE,0.920457176534954
"Laptop","MD_BayesMVP_WCP","BayesMVP_NicoStan",50000,500,16,2,8,100,"50597d787bf5578f0fdbdd94f2702741","state_allocation_thread_setup_sampling_divergence_check","iteration_difference","main_scaling","two_run_difference",NA,4,13.8199494949498,13.8131313131322,0.534870104452183,0.310749999999871,13.9925000000002,0.172550505050373,0.138199494949498,0.315500000000156,14.0035000000007,0.181893939394095,0.138131313131322,0,FALSE,FALSE,0.144718329161106,14.4718329161106,0,"9935;9941;9947;9953",2513,FALSE,0.955579512854703
"Laptop","MD_BayesMVP_WCP","BayesMVP_NicoStan",50000,500,8,4,2,100,"50597d787bf5578f0fdbdd94f2702741","state_allocation_thread_setup_sampling_divergence_check","iteration_difference","main_scaling","two_run_difference",NA,4,20.7126262626267,20.7358585858582,0.180787388542514,0.356000000000108,20.8615000000005,0.148873737373841,0.207126262626267,0.363000000000056,20.8770000000004,0.156606060605525,0.207358585858582,0,FALSE,FALSE,0.193118919314326,19.3118919314326,0,"9936;9942;9948;9954",2514,FALSE,0.929238496988602
"Laptop","MD_BayesMVP_WCP","BayesMVP_NicoStan",50000,500,16,4,4,100,"50597d787bf5578f0fdbdd94f2702741","state_allocation_thread_setup_sampling_divergence_check","iteration_difference","main_scaling","two_run_difference",NA,4,21.7987373737378,21.8227272727274,0.227947930803022,0.396499999999719,21.9772500000001,0.178512626262341,0.217987373737378,0.386999999999944,21.9910000000002,0.169904040403981,0.218227272727274,0,FALSE,FALSE,0.183496866420302,18.3496866420302,0,"9937;9943;9949;9955",2515,FALSE,0.945275303221615
"Laptop","MD_BayesMVP_WCP","BayesMVP_NicoStan",50000,500,16,8,2,100,"50597d787bf5578f0fdbdd94f2702741","state_allocation_thread_setup_sampling_divergence_check","iteration_difference","main_scaling","two_run_difference",NA,4,37.5449494949496,37.5994949494948,0.240226429028229,0.563749999999914,37.73325,0.188300505050418,0.375449494949496,0.565000000000055,37.7850000000003,0.190095959596011,0.375994949494948,0,FALSE,FALSE,0.213077926794818,21.3077926794818,0,"9938;9944;9950;9956",2516,FALSE,0.951882591910025
"Laptop","MD_BayesMVP_WCP","BayesMVP_NicoStan",50000,1000,4,2,2,100,"50597d787bf5578f0fdbdd94f2702741","state_allocation_thread_setup_sampling_divergence_check","iteration_difference","main_scaling","two_run_difference",NA,4,23.990404040404,23.8580808080808,0.528850986236168,0.29349999999999,24.044,0.0535959595959497,0.23990404040404,0.293999999999983,23.898,0.058151515151498,0.238580808080808,0,FALSE,FALSE,0.0833666659649271,8.33666659649271,0,"9957;9963;9969;9975",2517,FALSE,0.742279109913476
"Laptop","MD_BayesMVP_WCP","BayesMVP_NicoStan",50000,1000,8,2,4,100,"50597d787bf5578f0fdbdd94f2702741","state_allocation_thread_setup_sampling_divergence_check","iteration_difference","main_scaling","two_run_difference",NA,4,13.8886363636364,13.8565656565656,0.213614074980954,0.253000000000016,14.00275,0.114113636363652,0.138886363636364,0.269500000000022,13.9535,0.129767676767699,0.138565656565656,0,FALSE,FALSE,0.144002618229422,14.4002618229422,0,"9958;9964;9970;9976",2518,FALSE,0.795105365552093
"Laptop","MD_BayesMVP_WCP","BayesMVP_NicoStan",50000,1000,16,2,8,100,"50597d787bf5578f0fdbdd94f2702741","state_allocation_thread_setup_sampling_divergence_check","iteration_difference","main_scaling","two_run_difference",NA,4,14.3237373737374,14.2464646464647,0.268702690605237,0.282000000000005,14.4625,0.138762626262631,0.143237373737374,0.268499999999989,14.35,0.127131313131301,0.142464646464647,0,FALSE,FALSE,0.139628362892705,13.9628362892705,0,"9959;9965;9971;9977",2519,FALSE,0.921970311343049
"Laptop","MD_BayesMVP_WCP","BayesMVP_NicoStan",50000,1000,8,4,2,100,"50597d787bf5578f0fdbdd94f2702741","state_allocation_thread_setup_sampling_divergence_check","iteration_difference","main_scaling","two_run_difference",NA,4,25.0691919191919,25.0338383838384,0.162176008445145,0.372749999999993,25.19125,0.122058080808074,0.250691919191919,0.365999999999985,25.1665,0.116176767676753,0.250338383838384,0,FALSE,FALSE,0.159558393940005,15.9558393940004,0,"9960;9966;9972;9978",2520,FALSE,0.767753893265113
"Laptop","MD_BayesMVP_WCP","BayesMVP_NicoStan",50000,1000,16,4,4,100,"50597d787bf5578f0fdbdd94f2702741","state_allocation_thread_setup_sampling_divergence_check","iteration_difference","main_scaling","two_run_difference",NA,4,24.2212121212121,24.1747474747475,0.206101864226339,0.334999999999997,24.314,0.0927878787878759,0.242212121212121,0.337500000000013,24.2705,0.0957525252525381,0.241747474747475,0,FALSE,FALSE,0.165144501438759,16.5144501438759,0,"9961;9967;9973;9979",2521,FALSE,0.850733975561961
"Laptop","MD_BayesMVP_WCP","BayesMVP_NicoStan",50000,1000,16,8,2,100,"50597d787bf5578f0fdbdd94f2702741","state_allocation_thread_setup_sampling_divergence_check","iteration_difference","main_scaling","two_run_difference",NA,4,43.5853535353535,43.5287878787879,0.173087226097067,0.550250000000005,43.69975,0.11439646464647,0.435853535353535,0.547500000000014,43.6465,0.111080808080822,0.435287878787879,0,FALSE,FALSE,0.18354789742639,18.354789742639,0,"9962;9968;9974;9980",2522,FALSE,0.819963151369071
"Laptop","MD_BayesMVP_WCP","BayesMVP_NicoStan",500,8,16,2,8,2000,"257aba3ac8b8727679d269bf8597bb85","state_allocation_thread_setup_sampling_divergence_check","iteration_difference","main_scaling","two_run_difference",NA,4,11.911205602802,11.8704352176098,0.426035653047451,0.0237499999992679,11.9289999999999,0.0177943971978669,0.005955602801401,0.0244999999986248,11.8860000000002,0.0184102051011757,0.00593521760880492,0,FALSE,FALSE,0.167909115726247,335.818231452494,0,"9981;9982;9983;9984",2523,TRUE,1
"Laptop","MD_BayesMVP_WCP","BayesMVP_NicoStan",2500,8,16,2,8,400,"7184208393ceb4c8ae3e26f0d1660bdb","state_allocation_thread_setup_sampling_divergence_check","iteration_difference","main_scaling","two_run_difference",NA,4,4.611027568922,4.58897243107734,0.149711704800552,0.0405000000000655,4.63999999999976,0.0289724310777605,0.011527568922305,0.0304999999998472,4.63349999999969,0.0191478696740319,0.0114724310776933,0,FALSE,FALSE,0.43374279813026,173.497119252104,0,"9985;9986;9987;9988",2524,TRUE,1
"Laptop","MD_BayesMVP_WCP","BayesMVP_NicoStan",10000,2,4,2,2,200,"b352a26c8e9b174599c6b645056fb577","state_allocation_thread_setup_sampling_divergence_check","iteration_difference","main_scaling","two_run_difference",NA,4,10.9032663316586,10.8869346733668,0.0520894933777566,0.0792500000000018,10.9280000000003,0.0247336683417087,0.0545163316582931,0.0760000000000218,10.915,0.0214020100502696,0.0544346733668341,0,FALSE,FALSE,0.183431270883737,36.6862541767473,0,"9989;9992;9995;9998",2525,FALSE,0.667127549256811
"Laptop","MD_BayesMVP_WCP","BayesMVP_NicoStan",10000,2,8,4,2,200,"b352a26c8e9b174599c6b645056fb577","state_allocation_thread_setup_sampling_divergence_check","iteration_difference","main_scaling","two_run_difference",NA,4,20.0173366834174,20.0261306532665,0.17135088924252,0.134749999999826,20.0520000000001,0.0346633165827393,0.100086683417087,0.133499999999913,20.0619999999999,0.0334572864320712,0.100130653266332,0,FALSE,FALSE,0.199826783315967,39.9653566631933,0,"9990;9993;9996;9999",2526,FALSE,0.399201697021418
"Laptop","MD_BayesMVP_WCP","BayesMVP_NicoStan",10000,2,16,8,2,200,"b352a26c8e9b174599c6b645056fb577","state_allocation_thread_setup_sampling_divergence_check","iteration_difference","main_scaling","two_run_difference",NA,4,48.703015075377,48.6497487437191,0.298597345497344,0.261499999999728,48.7209999999999,0.0179849246228428,0.243515075376885,0.264499999999771,48.6715000000004,0.0215477386932412,0.243248743718596,0,FALSE,FALSE,0.164260877640091,32.8521755280181,0,"9991;9994;9997;10000",2527,FALSE,0.300307473250856
"Laptop","MD_BayesMVP_WCP","BayesMVP_NicoStan",10000,8,16,2,8,200,"b352a26c8e9b174599c6b645056fb577","state_allocation_thread_setup_sampling_divergence_check","iteration_difference","main_scaling","two_run_difference",NA,4,9.26231155778952,9.22763819095514,0.328937625213132,0.106749999999579,9.32275000000016,0.0604384422106313,0.0463115577889476,0.109499999999571,9.29549999999995,0.0626733668337366,0.0461381909547757,0,FALSE,FALSE,0.215928819444431,43.1857638888862,0,"10001;10002;10003;10004",2528,FALSE,0.689480251736109
"Laptop","MD_BayesMVP_WCP","BayesMVP_NicoStan",50000,2,4,2,2,100,"50597d787bf5578f0fdbdd94f2702741","state_allocation_thread_setup_sampling_divergence_check","iteration_difference","main_scaling","two_run_difference",NA,4,45.209090909091,45.2601010101018,0.409208529460337,0.562999999999761,45.3199999999998,0.110909090908851,0.45209090909091,0.561500000000024,45.4089999999999,0.106651515151541,0.452601010101018,0,FALSE,FALSE,0.0442388900060325,4.42388900060325,0,"10005;10008;10011;10014",2529,FALSE,0.393893692606743
"Laptop","MD_BayesMVP_WCP","BayesMVP_NicoStan",50000,2,8,4,2,100,"50597d787bf5578f0fdbdd94f2702741","state_allocation_thread_setup_sampling_divergence_check","iteration_difference","main_scaling","two_run_difference",NA,4,121.703787878788,121.662121212121,0.263411639712143,1.3972500000001,121.884000000001,0.180212121212215,1.21703787878788,1.40849999999978,121.827,0.193217171716938,1.21662121212121,0,FALSE,FALSE,0.0328666845109523,3.28666845109523,0,"10006;10009;10012;10015",2530,FALSE,0.158146020205542
"Laptop","MD_BayesMVP_WCP","BayesMVP_NicoStan",50000,2,16,8,2,100,"50597d787bf5578f0fdbdd94f2702741","state_allocation_thread_setup_sampling_divergence_check","iteration_difference","main_scaling","two_run_difference",NA,4,295.929292929293,295.99797979798,1.90191854548409,3.1882499999997,296.15825,0.228957070706765,2.95929292929293,3.07900000000018,296.344,0.114818181818133,2.9599797979798,0,FALSE,FALSE,0.0270334846571321,2.70334846571321,0,"10007;10010;10013;10016",2531,FALSE,0.120766631395705
"Laptop","MD_BayesMVP_WCP","BayesMVP_NicoStan",50000,8,16,2,8,100,"50597d787bf5578f0fdbdd94f2702741","state_allocation_thread_setup_sampling_divergence_check","iteration_difference","main_scaling","two_run_difference",NA,4,35.3255050505046,35.3237373737366,0.189944430053322,0.495249999999942,35.4674999999995,0.141994949494896,0.353255050505046,0.491500000000087,35.4549999999995,0.139080808080898,0.353237373737366,0,FALSE,FALSE,0.0566163172229417,5.66163172229417,0,"10017;10018;10019;10020",2532,FALSE,0.373839258269064
