"device","algorithm","execution_backend","N","num_chunks","n_threads","n_chains","threads_per_chain","n_iter","dataset_md5","timing_scope","timing_estimator","benchmark_role","timing_method","stan_chunk_size","n_repeats","time_mean","time_median","time_sd","time_short_run_mean","time_long_run_mean","fixed_cost_mean","seconds_per_iteration_mean","time_short_run_median","time_long_run_median","fixed_cost_median","seconds_per_iteration_median","n_repeats_two_run_flagged","time_mean_not_positive","time_median_not_positive","chain_rate","total_iter_per_sec","max_divergences","case_ids","configuration_id"
"HPC","MD_BayesMVP","BayesMVP_NicoStan",2500,10,180,180,1,80,"229e14792b0f4550a6f1e0887b422826","state_allocation_thread_setup_sampling_divergence_check","iteration_difference","main_scaling","two_run_difference",NA,4,1.97417721518985,1.96860759493668,0.195339821020829,0.0755000000000088,2.02499999999999,0.0508227848101356,0.0246772151898732,0.0755000000000194,2.01999999999998,0.0513924050632991,0.0246075949367085,0,FALSE,FALSE,91.1772249294701,7294.17799435761,0,"3341;3350;3359;3368",796
"HPC","MD_BayesMVP","BayesMVP_NicoStan",2500,4,96,96,1,80,"229e14792b0f4550a6f1e0887b422826","state_allocation_thread_setup_sampling_divergence_check","iteration_difference","main_scaling","two_run_difference",NA,4,1.34632911392404,1.34683544303795,0.123335231547678,0.0647500000000072,1.39424999999999,0.0479208860759567,0.0168291139240504,0.0655000000000072,1.39399999999998,0.0486772151898807,0.0168354430379744,0,FALSE,FALSE,71.305001880407,5704.40015043256,0,"3304;3313;3322;3331",786
"HPC","AD_Stan_tape_chunked","NicoStan_BridgeStan",2500,25,180,180,1,40,"229e14792b0f4550a6f1e0887b422826","NicoStan_BridgeStan_state_allocation_thread_setup_sampling_model_load_divergence_check","iteration_difference","main_scaling","two_run_difference",100,4,2.63205128205127,2.62615384615384,0.154658538860091,0.196000000000012,2.76225,0.13019871794873,0.0658012820512818,0.196500000000015,2.75750000000001,0.12905128205129,0.0656538461538459,0,FALSE,FALSE,68.3877252800782,2735.50901120313,0,"1013;1014;1015;1016",254
"HPC","MD_BayesMVP","BayesMVP_NicoStan",500,2,180,180,1,400,"5fff1836d43ae39c037ca22d13a50ed5","state_allocation_thread_setup_sampling_divergence_check","iteration_difference","main_scaling","two_run_difference",NA,4,2.66741854636591,2.60350877192982,0.167268152901485,0.0437499999999975,2.7045,0.0370814536340827,0.00666854636591478,0.0435000000000016,2.64099999999999,0.0366716791979931,0.00650877192982455,0,FALSE,FALSE,67.4809734097529,26992.3893639012,0,"3117;3126;3135;3144",740
"HPC","AD_Stan_tape_chunked","NicoStan_BridgeStan",500,4,180,180,1,200,"5fff1836d43ae39c037ca22d13a50ed5","NicoStan_BridgeStan_state_allocation_thread_setup_sampling_model_load_divergence_check","iteration_difference","main_scaling","two_run_difference",125,4,2.8035175879397,2.79095477386935,0.140333324926034,0.0714999999999968,2.861,0.0574824120602983,0.0140175879396985,0.0684999999999967,2.8445,0.0539271356783886,0.0139547738693468,0,FALSE,FALSE,64.2050546692955,12841.0109338591,0,"861;862;863;864",216
"HPC","AD_Stan_tape_chunked","NicoStan_BridgeStan",2500,10,96,96,1,40,"229e14792b0f4550a6f1e0887b422826","NicoStan_BridgeStan_state_allocation_thread_setup_sampling_model_load_divergence_check","iteration_difference","main_scaling","two_run_difference",250,4,1.56538461538463,1.55384615384617,0.121333448931027,0.108499999999992,1.63475,0.0693653846153766,0.0391346153846157,0.107499999999987,1.62700000000001,0.0692179487179356,0.0388461538461542,0,FALSE,FALSE,61.3267813267809,2453.07125307123,0,"973;974;975;976",244
"HPC","AD_Stan_tape_chunked","NicoStan_BridgeStan",500,4,96,96,1,200,"5fff1836d43ae39c037ca22d13a50ed5","NicoStan_BridgeStan_state_allocation_thread_setup_sampling_model_load_divergence_check","iteration_difference","main_scaling","two_run_difference",125,4,1.63467336683417,1.6321608040201,0.10010474048061,0.0417500000000022,1.66825,0.0335766331658313,0.00817336683417084,0.0400000000000027,1.6675,0.0318140703517615,0.0081608040201005,0,FALSE,FALSE,58.7273286197358,11745.4657239472,0,"857;858;859;860",215
"HPC","MD_BayesMVP","BayesMVP_NicoStan",2500,25,64,64,1,80,"229e14792b0f4550a6f1e0887b422826","state_allocation_thread_setup_sampling_divergence_check","iteration_difference","main_scaling","two_run_difference",NA,4,1.10455696202531,1.13012658227847,0.139534786837188,0.0500000000000043,1.14075,0.0361930379746879,0.0138069620253164,0.0504999999999995,1.16549999999999,0.0362278481012821,0.0141265822784808,0,FALSE,FALSE,57.9417831767137,4635.34265413709,0,"3375;3384;3393;3402",803
"HPC","MD_BayesMVP","BayesMVP_NicoStan",500,2,96,96,1,400,"5fff1836d43ae39c037ca22d13a50ed5","state_allocation_thread_setup_sampling_divergence_check","iteration_difference","main_scaling","two_run_difference",NA,4,1.8315789473684,1.78195488721803,0.12248914583942,0.0427500000000069,1.86974999999999,0.0381710526315859,0.00457894736842101,0.0375000000000014,1.82049999999999,0.0327844611528837,0.00445488721804508,0,FALSE,FALSE,52.4137931034488,20965.5172413795,0,"3116;3125;3134;3143",739
"HPC","AD_Stan_tape_chunked","NicoStan_BridgeStan",2500,10,64,64,1,40,"229e14792b0f4550a6f1e0887b422826","NicoStan_BridgeStan_state_allocation_thread_setup_sampling_model_load_divergence_check","iteration_difference","main_scaling","two_run_difference",250,4,1.2353846153846,1.24410256410256,0.112133103964005,0.0807500000000019,1.28524999999999,0.0498653846153868,0.0308846153846151,0.0805000000000007,1.294,0.0498974358974391,0.0311025641025639,0,FALSE,FALSE,51.8057285180578,2072.22914072231,0,"969;970;971;972",243
"HPC","AD_Stan","NicoStan_BridgeStan",500,1,64,64,1,200,"5fff1836d43ae39c037ca22d13a50ed5","NicoStan_BridgeStan_state_allocation_thread_setup_sampling_model_load_divergence_check","iteration_difference","main_scaling","two_run_difference",NA,4,1.25552763819131,1.24673366834191,0.152090942940117,0.0347500000000727,1.28400000000042,0.0284723618091161,0.00627763819095653,0.0289999999997237,1.28100000000063,0.0226783919595202,0.00623366834170957,0,FALSE,FALSE,50.9745847508363,10194.9169501673,11,"25;26;27;28",7
"HPC","AD_Stan_tape_chunked","NicoStan_BridgeStan",500,2,64,64,1,200,"5fff1836d43ae39c037ca22d13a50ed5","NicoStan_BridgeStan_state_allocation_thread_setup_sampling_model_load_divergence_check","iteration_difference","main_scaling","two_run_difference",250,4,1.26030150753769,1.2643216080402,0.136589779730168,0.0460000000000003,1.3,0.0396984924623118,0.00630150753768844,0.0455000000000005,1.3015,0.0386256281407041,0.00632160804020101,0,FALSE,FALSE,50.7814992025518,10156.2998405104,0,"817;818;819;820",205
"HPC","AD_Stan","NicoStan_BridgeStan",500,1,96,96,1,200,"5fff1836d43ae39c037ca22d13a50ed5","NicoStan_BridgeStan_state_allocation_thread_setup_sampling_model_load_divergence_check","iteration_difference","main_scaling","two_run_difference",NA,4,2.15778894472353,2.19899497487335,0.306941540193545,0.0422499999999273,2.18924999999984,0.0314610552763096,0.0107889447236177,0.0365000000005384,2.24049999999952,0.0254924623114131,0.0109949748743667,0,FALSE,FALSE,44.4899860270163,8897.99720540325,11,"29;30;31;32",8
"HPC","MD_BayesMVP","BayesMVP_NicoStan",500,2,64,64,1,400,"5fff1836d43ae39c037ca22d13a50ed5","state_allocation_thread_setup_sampling_divergence_check","iteration_difference","main_scaling","two_run_difference",NA,4,1.496992481203,1.46917293233082,0.188491395847625,0.024000000000008,1.51725,0.0202575187970005,0.0037424812030075,0.0245000000000033,1.489,0.0206879699248153,0.00367293233082705,0,FALSE,FALSE,42.7523857358114,17100.9542943245,0,"3115;3124;3133;3142",738
"HPC","AD_Stan","NicoStan_BridgeStan",500,1,32,32,1,200,"5fff1836d43ae39c037ca22d13a50ed5","NicoStan_BridgeStan_state_allocation_thread_setup_sampling_model_load_divergence_check","iteration_difference","main_scaling","two_run_difference",NA,4,0.785678391960274,0.78894472362027,0.160007186104922,0.0239999999992073,0.80574999999968,0.020071608039406,0.00392839195980137,0.0194999999985015,0.81550000000067,0.015746231154188,0.00394472361810135,0,FALSE,FALSE,40.7291333546284,8145.82667092568,11,"21;22;23;24",6
"HPC","AD_Stan_chunked","NicoStan_BridgeStan",500,2,64,64,1,200,"5fff1836d43ae39c037ca22d13a50ed5","NicoStan_BridgeStan_state_allocation_thread_setup_sampling_model_load_divergence_check","iteration_difference","main_scaling","two_run_difference",250,4,1.57437185929681,1.54472361809105,0.268541133807791,0.0354999999999706,1.6020000000003,0.0276281407034865,0.00787185929648406,0.0299999999994176,1.56700000000001,0.0222763819089623,0.00772361809045526,0,FALSE,FALSE,40.6511330992574,8130.22661985147,0,"169;170;171;172",43
"HPC","MD_BayesMVP","BayesMVP_NicoStan",2500,25,32,32,1,80,"229e14792b0f4550a6f1e0887b422826","state_allocation_thread_setup_sampling_divergence_check","iteration_difference","main_scaling","two_run_difference",NA,4,0.807341772151897,0.788860759493682,0.18246099629374,0.167249999999996,0.964499999999994,0.157158227848097,0.0100917721518987,0.16849999999998,0.950999999999993,0.158639240506309,0.00986075949367102,0,FALSE,FALSE,39.6362496080277,3170.89996864221,0,"3374;3383;3392;3401",802
"HPC","AD_Stan","NicoStan_BridgeStan",500,1,180,180,1,200,"5fff1836d43ae39c037ca22d13a50ed5","NicoStan_BridgeStan_state_allocation_thread_setup_sampling_model_load_divergence_check","iteration_difference","main_scaling","two_run_difference",NA,4,4.5580402010038,4.47939698492474,0.471457400697968,0.0760000000009029,4.61124999999968,0.0532097989958839,0.022790201005019,0.0565000000001472,4.51350000000026,0.0341030150755235,0.0223969849246237,0,FALSE,FALSE,39.4906565239068,7898.13130478136,47,"33;34;35;36",9
"HPC","AD_Stan_tape_chunked","NicoStan_BridgeStan",10000,100,180,180,1,20,"b97502ef4c1796520d0acd01a82ea24d","NicoStan_BridgeStan_state_allocation_thread_setup_sampling_model_load_divergence_check","iteration_difference","main_scaling","two_run_difference",100,4,4.92578947368417,4.92473684210519,0.166578739502682,0.830250000000035,5.50975,0.583960526315827,0.246289473684209,0.835000000000036,5.51499999999999,0.582026315789512,0.246236842105259,0,FALSE,FALSE,36.5423656373547,730.847312747094,0,"1241;1242;1243;1244",311
"HPC","AD_Stan_chunked","NicoStan_BridgeStan",500,4,96,96,1,200,"5fff1836d43ae39c037ca22d13a50ed5","NicoStan_BridgeStan_state_allocation_thread_setup_sampling_model_load_divergence_check","iteration_difference","main_scaling","two_run_difference",125,4,2.63492462311593,2.56783919597996,0.251975352952035,0.0419999999996197,2.66374999999997,0.02882537688404,0.0131746231155796,0.0334999999996199,2.58849999999968,0.0207361809041393,0.0128391959798998,0,FALSE,FALSE,36.4336797940258,7286.73595880517,0,"209;210;211;212",53
"HPC","AD_Stan_chunked","NicoStan_BridgeStan",500,2,32,32,1,200,"5fff1836d43ae39c037ca22d13a50ed5","NicoStan_BridgeStan_state_allocation_thread_setup_sampling_model_load_divergence_check","iteration_difference","main_scaling","two_run_difference",250,4,0.93366834170893,0.949748743719367,0.165217897881932,0.0247500000001164,0.953750000000502,0.0200816582915717,0.00466834170854465,0.020000000000219,0.964000000000786,0.0154497487439376,0.00474874371859684,0,FALSE,FALSE,34.2734122712452,6854.68245424904,0,"165;166;167;168",42
"HPC","AD_Stan_tape_chunked","NicoStan_BridgeStan",10000,50,96,96,1,20,"b97502ef4c1796520d0acd01a82ea24d","NicoStan_BridgeStan_state_allocation_thread_setup_sampling_model_load_divergence_check","iteration_difference","main_scaling","two_run_difference",200,4,2.87973684210526,2.87789473684214,0.106144990474256,0.449500000000029,3.18525000000002,0.305513157894766,0.143986842105263,0.4495,3.18350000000004,0.305605263157893,0.143894736842107,0,FALSE,FALSE,33.3363794206342,666.727588412685,0,"1201;1202;1203;1204",301
"HPC","AD_Stan_tape_chunked","NicoStan_BridgeStan",2500,10,32,32,1,40,"229e14792b0f4550a6f1e0887b422826","NicoStan_BridgeStan_state_allocation_thread_setup_sampling_model_load_divergence_check","iteration_difference","main_scaling","two_run_difference",250,4,0.966153846153846,0.971282051282054,0.059933486399721,0.0579999999999998,1,0.0338461538461537,0.0241538461538462,0.0580000000000069,1.004,0.0340000000000071,0.0242820512820514,0,FALSE,FALSE,33.1210191082803,1324.84076433121,0,"965;966;967;968",242
"HPC","AD_Stan_tape_chunked","NicoStan_BridgeStan",500,2,32,32,1,200,"5fff1836d43ae39c037ca22d13a50ed5","NicoStan_BridgeStan_state_allocation_thread_setup_sampling_model_load_divergence_check","iteration_difference","main_scaling","two_run_difference",250,4,0.968592964824121,0.962814070351759,0.0501934340697727,0.0277500000000002,0.991500000000001,0.0229070351758796,0.00484296482412061,0.0280000000000005,0.985,0.0231934673366839,0.00481407035175879,0,FALSE,FALSE,33.0376134889753,6607.52269779507,0,"813;814;815;816",204
"HPC","AD_Stan","NicoStan_BridgeStan",2500,1,96,96,1,40,"229e14792b0f4550a6f1e0887b422826","NicoStan_BridgeStan_state_allocation_thread_setup_sampling_model_load_divergence_check","iteration_difference","main_scaling","two_run_difference",NA,4,3.12205128205211,3.02717948718116,0.263349519720925,0.177999999998901,3.22199999999971,0.0999487179475984,0.0780512820513028,0.140999999997803,3.08949999999993,0.0673076923054536,0.075679487179529,0,FALSE,FALSE,30.7490144546567,1229.96057818627,0,"65;66;67;68",17
"HPC","AD_Stan_chunked","NicoStan_BridgeStan",500,10,180,180,1,200,"5fff1836d43ae39c037ca22d13a50ed5","NicoStan_BridgeStan_state_allocation_thread_setup_sampling_model_load_divergence_check","iteration_difference","main_scaling","two_run_difference",50,4,5.89346733668351,5.76030150753839,0.494950811002543,0.0814999999990391,5.94549999999913,0.0520326633156216,0.0294673366834175,0.0619999999990384,5.79349999999974,0.0344472361789828,0.028801507537692,0,FALSE,FALSE,30.5422919508863,6108.45839017726,0,"249;250;251;252",63
"HPC","AD_Stan","NicoStan_BridgeStan",2500,1,64,64,1,40,"229e14792b0f4550a6f1e0887b422826","NicoStan_BridgeStan_state_allocation_thread_setup_sampling_model_load_divergence_check","iteration_difference","main_scaling","two_run_difference",NA,4,2.10487179487316,2.0758974358986,0.191489083898015,0.123749999999069,2.1760000000004,0.0711282051272395,0.052621794871829,0.104499999999476,2.12850000000061,0.0526025641020108,0.051897435897465,0,FALSE,FALSE,30.4056523327857,1216.22609331143,1,"61;62;63;64",16
"HPC","AD_Stan","NicoStan_BridgeStan",2500,1,180,180,1,40,"229e14792b0f4550a6f1e0887b422826","NicoStan_BridgeStan_state_allocation_thread_setup_sampling_model_load_divergence_check","iteration_difference","main_scaling","two_run_difference",NA,4,6.04410256410285,5.9348717948726,0.400526499870076,0.336750000000306,6.22975000000058,0.185647435897735,0.151102564102571,0.253000000000611,6.03650000000109,0.109615384615982,0.148371794871815,0,FALSE,FALSE,29.7810962158479,1191.24384863392,7,"69;70;71;72",18
"HPC","AD_Stan_chunked","NicoStan_BridgeStan",2500,4,64,64,1,40,"229e14792b0f4550a6f1e0887b422826","NicoStan_BridgeStan_state_allocation_thread_setup_sampling_model_load_divergence_check","iteration_difference","main_scaling","two_run_difference",625,4,2.24153846153773,2.18102564102554,0.250565173125284,0.136500000001089,2.32200000000038,0.0804615384626454,0.0560384615384433,0.103500000001191,2.23000000000109,0.0489743589755521,0.0545256410256385,0,FALSE,FALSE,28.5518188057745,1142.07275223098,0,"277;278;279;280",70
"HPC","AD_Stan_tape_chunked","NicoStan_BridgeStan",10000,50,64,64,1,20,"b97502ef4c1796520d0acd01a82ea24d","NicoStan_BridgeStan_state_allocation_thread_setup_sampling_model_load_divergence_check","iteration_difference","main_scaling","two_run_difference",200,4,2.26736842105257,2.26421052631574,0.170274885032278,0.278750000000031,2.43274999999997,0.165381578947402,0.113368421052628,0.279000000000053,2.42899999999997,0.164921052631589,0.113210526315787,0,FALSE,FALSE,28.2265552460546,564.531104921093,0,"1197;1198;1199;1200",300
"HPC","AD_Stan","NicoStan_BridgeStan",2500,1,32,32,1,40,"229e14792b0f4550a6f1e0887b422826","NicoStan_BridgeStan_state_allocation_thread_setup_sampling_model_load_divergence_check","iteration_difference","main_scaling","two_run_difference",NA,4,1.13717948717909,1.14205128205025,0.160879404444427,0.0780000000006096,1.18675000000023,0.0495705128211322,0.0284294871794774,0.0730000000008726,1.18649999999987,0.0444487179496163,0.0285512820512563,0,FALSE,FALSE,28.1397970687809,1125.59188275123,1,"57;58;59;60",15
"HPC","AD_Stan_chunked","NicoStan_BridgeStan",2500,4,96,96,1,40,"229e14792b0f4550a6f1e0887b422826","NicoStan_BridgeStan_state_allocation_thread_setup_sampling_model_load_divergence_check","iteration_difference","main_scaling","two_run_difference",625,4,3.44717948717941,3.34820512820547,0.289643882700692,0.196749999999962,3.55774999999989,0.110570512820477,0.0861794871794853,0.142499999999927,3.40650000000035,0.0614743589742899,0.0837051282051367,0,FALSE,FALSE,27.8488545075876,1113.95418030351,0,"281;282;283;284",71
"HPC","AD_Stan_chunked","NicoStan_BridgeStan",2500,4,32,32,1,40,"229e14792b0f4550a6f1e0887b422826","NicoStan_BridgeStan_state_allocation_thread_setup_sampling_model_load_divergence_check","iteration_difference","main_scaling","two_run_difference",625,4,1.15307692307713,1.12307692307635,0.0867960395833894,0.0812500000005087,1.20550000000071,0.0524230769235805,0.0288269230769283,0.0700000000002632,1.16350000000122,0.0419615384617771,0.0280769230769088,0,FALSE,FALSE,27.7518345563659,1110.07338225464,0,"273;274;275;276",69
"HPC","AD_Stan_chunked","NicoStan_BridgeStan",2500,25,180,180,1,40,"229e14792b0f4550a6f1e0887b422826","NicoStan_BridgeStan_state_allocation_thread_setup_sampling_model_load_divergence_check","iteration_difference","main_scaling","two_run_difference",100,4,6.54538461538496,6.4728205128212,0.421296226696453,0.372250000000111,6.75400000000045,0.208615384615487,0.163634615384624,0.26199999999961,6.56900000000128,0.104923076923278,0.16182051282053,0,FALSE,FALSE,27.5002938065563,1100.01175226225,0,"357;358;359;360",90
"HPC","MD_BayesMVP","BayesMVP_NicoStan",500,1,32,32,1,400,"5fff1836d43ae39c037ca22d13a50ed5","state_allocation_thread_setup_sampling_divergence_check","iteration_difference","main_scaling","two_run_difference",NA,4,1.2187969924812,1.22907268170426,0.0652239287575764,0.0157499999999935,1.2315,0.0127030075187905,0.00304699248120301,0.0154999999999959,1.24149999999999,0.0124273182957352,0.00307268170426064,0,FALSE,FALSE,26.2553979025293,10502.1591610117,0,"3078;3087;3096;3105",728
"HPC","AD_Stan","NicoStan_BridgeStan",500,1,16,16,1,200,"5fff1836d43ae39c037ca22d13a50ed5","NicoStan_BridgeStan_state_allocation_thread_setup_sampling_model_load_divergence_check","iteration_difference","main_scaling","two_run_difference",NA,4,0.613065326633334,0.587437185930585,0.115640504486666,0.0182499999998105,0.628249999999978,0.0151846733666438,0.00306532663316667,0.0165000000001161,0.601000000001048,0.0135628140704632,0.00293718592965292,0,FALSE,FALSE,26.0983606557305,5219.67213114611,0,"17;18;19;20",5
"HPC","MD_BayesMVP","BayesMVP_NicoStan",10000,50,180,180,1,80,"b97502ef4c1796520d0acd01a82ea24d","state_allocation_thread_setup_sampling_divergence_check","iteration_difference","main_scaling","two_run_difference",NA,4,7.6774683544304,7.71544303797468,0.310692500104723,0.177500000000009,7.75900000000003,0.0815316455696291,0.09596835443038,0.160500000000013,7.81450000000004,0.0671139240506576,0.0964430379746835,0,FALSE,FALSE,23.4452285167842,1875.61828134274,0,"3565;3574;3583;3592",852
"HPC","AD_Stan_tape_chunked","NicoStan_BridgeStan",2500,10,16,16,1,40,"229e14792b0f4550a6f1e0887b422826","NicoStan_BridgeStan_state_allocation_thread_setup_sampling_model_load_divergence_check","iteration_difference","main_scaling","two_run_difference",250,4,0.758717948717942,0.757948717948722,0.0076005928462844,0.046750000000003,0.786499999999997,0.0277820512820544,0.0189679487179486,0.046999999999997,0.785499999999999,0.0280128205128322,0.0189487179487181,0,FALSE,FALSE,21.0882054748228,843.52821899291,0,"961;962;963;964",241
"HPC","AD_Stan","NicoStan_BridgeStan",2500,1,16,16,1,40,"229e14792b0f4550a6f1e0887b422826","NicoStan_BridgeStan_state_allocation_thread_setup_sampling_model_load_divergence_check","iteration_difference","main_scaling","two_run_difference",NA,4,0.782051282049791,0.782051282048297,0.0766262077725689,0.052750000000799,0.815249999999345,0.0331987179495542,0.0195512820512448,0.0525000000016007,0.81499999999869,0.0329487179503933,0.0195512820512074,0,FALSE,FALSE,20.4590163934816,818.360655739265,0,"53;54;55;56",14
"HPC","AD_Stan_tape_chunked","NicoStan_BridgeStan",500,4,16,16,1,200,"5fff1836d43ae39c037ca22d13a50ed5","NicoStan_BridgeStan_state_allocation_thread_setup_sampling_model_load_divergence_check","iteration_difference","main_scaling","two_run_difference",125,4,0.797989949748742,0.799497487437187,0.00720073208046909,0.0169999999999995,0.810999999999998,0.0130100502512557,0.00398994974874371,0.0160000000000018,0.814499999999995,0.0120301507537707,0.00399748743718593,0,FALSE,FALSE,20.0503778337532,4010.07556675064,0,"845;846;847;848",212
"HPC","AD_Stan_chunked","NicoStan_BridgeStan",500,2,16,16,1,200,"5fff1836d43ae39c037ca22d13a50ed5","NicoStan_BridgeStan_state_allocation_thread_setup_sampling_model_load_divergence_check","iteration_difference","main_scaling","two_run_difference",250,4,0.79798994974908,0.787437185929268,0.11023251926112,0.0182500000003638,0.812250000000699,0.0142600502516184,0.0039899497487454,0.0159999999996074,0.798000000000743,0.0123417085423157,0.00393718592964634,0,FALSE,FALSE,20.0503778337447,4010.07556674894,0,"161;162;163;164",41
"HPC","MD_BayesMVP","BayesMVP_NicoStan",10000,25,96,96,1,80,"b97502ef4c1796520d0acd01a82ea24d","state_allocation_thread_setup_sampling_divergence_check","iteration_difference","main_scaling","two_run_difference",NA,4,4.92936708860757,4.93772151898732,0.35275057023721,0.118749999999999,4.98649999999998,0.0571329113924039,0.0616170886075947,0.114000000000019,4.99999999999997,0.0556708860759662,0.0617215189873415,0,FALSE,FALSE,19.4751168404294,1558.00934723435,0,"3528;3537;3546;3555",842
"HPC","AD_Stan_chunked","NicoStan_BridgeStan",2500,4,16,16,1,40,"229e14792b0f4550a6f1e0887b422826","NicoStan_BridgeStan_state_allocation_thread_setup_sampling_model_load_divergence_check","iteration_difference","main_scaling","two_run_difference",625,4,0.853333333334056,0.831282051283499,0.0661359546465756,0.0562500000003432,0.888250000001047,0.0349166666669918,0.0213333333333514,0.0484999999996347,0.858500000002095,0.027999999999597,0.0207820512820875,0,FALSE,FALSE,18.7499999999841,749.999999999365,0,"269;270;271;272",68
"HPC","MD_BayesMVP","BayesMVP_NicoStan",10000,10,64,64,1,80,"b97502ef4c1796520d0acd01a82ea24d","state_allocation_thread_setup_sampling_divergence_check","iteration_difference","main_scaling","two_run_difference",NA,4,3.43898734177218,3.41012658227849,0.305230935955522,0.105249999999984,3.50125000000001,0.0622626582278316,0.0429873417721523,0.102499999999992,3.47,0.0605759493670805,0.0426265822784811,0,FALSE,FALSE,18.610129564193,1488.81036513544,0,"3491;3500;3509;3518",832
"HPC","MD_BayesMVP","BayesMVP_NicoStan",2500,10,16,16,1,80,"229e14792b0f4550a6f1e0887b422826","state_allocation_thread_setup_sampling_divergence_check","iteration_difference","main_scaling","two_run_difference",NA,4,0.873670886075948,0.760000000000002,0.23386102499086,0.0309999999999988,0.893749999999997,0.0200791139240495,0.0109208860759493,0.0319999999999965,0.780000000000008,0.0200000000000058,0.00950000000000003,0,FALSE,FALSE,18.3135323094756,1465.08258475804,0,"3337;3346;3355;3364",792
"HPC","AD_Stan_tape_chunked","NicoStan_BridgeStan",10000,25,32,32,1,20,"b97502ef4c1796520d0acd01a82ea24d","NicoStan_BridgeStan_state_allocation_thread_setup_sampling_model_load_divergence_check","iteration_difference","main_scaling","two_run_difference",400,4,1.82526315789472,1.83210526315786,0.122071985786091,0.203000000000017,1.937,0.111736842105281,0.0912631578947358,0.203000000000031,1.94399999999999,0.111894736842126,0.0916052631578931,0,FALSE,FALSE,17.5317185697811,350.634371395621,0,"1157;1158;1159;1160",290
"HPC","AD_Stan_tape_chunked","NicoStan_BridgeStan",50000,500,180,180,1,10,"3f8ed78629bdab9b833b52bd1450ea30","NicoStan_BridgeStan_state_allocation_thread_setup_sampling_model_load_divergence_check","iteration_difference","main_scaling","two_run_difference",100,4,11.8922222222223,11.7677777777779,0.956724951981944,4.39025000000004,15.0932500000001,3.20102777777781,1.18922222222223,4.1880000000001,15.0425000000002,3.00494444444447,1.17677777777779,0,FALSE,FALSE,15.135943193497,151.35943193497,0,"1457;1458;1459;1460",365
"HPC","AD_Stan","NicoStan_BridgeStan",500,1,8,8,1,200,"5fff1836d43ae39c037ca22d13a50ed5","NicoStan_BridgeStan_state_allocation_thread_setup_sampling_model_load_divergence_check","iteration_difference","main_scaling","two_run_difference",NA,4,0.545477386935639,0.528643216081426,0.0609091384767598,0.0132499999997084,0.556000000000669,0.0105226130650302,0.0027273869346782,0.0124999999995046,0.540500000000931,0.00990452261256537,0.00264321608040713,0,FALSE,FALSE,14.6660525103379,2933.21050206758,0,"13;14;15;16",4
"HPC","MD_BayesMVP","BayesMVP_NicoStan",500,1,16,16,1,400,"5fff1836d43ae39c037ca22d13a50ed5","state_allocation_thread_setup_sampling_divergence_check","iteration_difference","main_scaling","two_run_difference",NA,4,1.12807017543859,1.12431077694236,0.0195145683642846,0.0102500000000036,1.1355,0.00742982456140717,0.00282017543859648,0.0100000000000096,1.132,0.00719799498747827,0.00281077694235589,0,FALSE,FALSE,14.1835147744946,5673.40590979785,0,"3077;3086;3095;3104",727
"HPC","AD_Stan_chunked","NicoStan_BridgeStan",10000,10,96,96,1,20,"b97502ef4c1796520d0acd01a82ea24d","NicoStan_BridgeStan_state_allocation_thread_setup_sampling_model_load_divergence_check","iteration_difference","main_scaling","two_run_difference",1000,4,6.97605263157969,6.88210526315837,0.37898087083808,0.781249999999716,7.40850000000042,0.432447368420731,0.348802631578985,0.606499999999585,7.1190000000003,0.269552631578483,0.344105263157919,0,FALSE,FALSE,13.761364065033,275.227281300661,0,"461;462;463;464",116
"HPC","AD_Stan_tape_chunked","NicoStan_BridgeStan",50000,500,96,96,1,10,"3f8ed78629bdab9b833b52bd1450ea30","NicoStan_BridgeStan_state_allocation_thread_setup_sampling_model_load_divergence_check","iteration_difference","main_scaling","two_run_difference",100,4,7.11999999999989,7.13944444444425,0.89964098920923,2.2589999999999,8.6669999999998,1.54699999999991,0.711999999999989,2.25900000000001,8.68199999999979,1.54661111111096,0.713944444444425,0,FALSE,FALSE,13.4831460674159,134.831460674159,0,"1453;1454;1455;1456",364
"HPC","AD_Stan_chunked","NicoStan_BridgeStan",10000,25,180,180,1,20,"b97502ef4c1796520d0acd01a82ea24d","NicoStan_BridgeStan_state_allocation_thread_setup_sampling_model_load_divergence_check","iteration_difference","main_scaling","two_run_difference",400,4,13.4236842105269,13.4178947368429,0.353460142055338,1.46924999999963,14.2217500000002,0.798065789473288,0.671184210526345,1.01749999999959,13.7605000000005,0.353473684209779,0.670894736842146,0,FALSE,FALSE,13.409135463634,268.18270927268,0,"501;502;503;504",126
"HPC","AD_Stan_chunked","NicoStan_BridgeStan",10000,25,64,64,1,20,"b97502ef4c1796520d0acd01a82ea24d","NicoStan_BridgeStan_state_allocation_thread_setup_sampling_model_load_divergence_check","iteration_difference","main_scaling","two_run_difference",400,4,4.7755263157885,4.71578947368333,0.333554543405334,0.552750000000344,5.08949999999942,0.313973684210919,0.238776315789425,0.454500000000394,4.88499999999948,0.222289473684659,0.235789473684167,0,FALSE,FALSE,13.4016641869207,268.033283738414,0,"493;494;495;496",124
"HPC","AD_Stan_chunked","NicoStan_BridgeStan",10000,10,32,32,1,20,"b97502ef4c1796520d0acd01a82ea24d","NicoStan_BridgeStan_state_allocation_thread_setup_sampling_model_load_divergence_check","iteration_difference","main_scaling","two_run_difference",1000,4,2.41052631578917,2.41789473684222,0.144848123090374,0.325749999999935,2.61574999999965,0.205223684210477,0.120526315789459,0.293500000000066,2.57649999999938,0.173342105263259,0.120894736842111,0,FALSE,FALSE,13.2751091703073,265.502183406147,0,"453;454;455;456",114
"HPC","AD_Stan","NicoStan_BridgeStan",10000,1,96,96,1,20,"b97502ef4c1796520d0acd01a82ea24d","NicoStan_BridgeStan_state_allocation_thread_setup_sampling_model_load_divergence_check","iteration_difference","main_scaling","two_run_difference",NA,4,7.35184210526299,7.37052631578936,0.22688769029518,0.791750000000121,7.77599999999996,0.424157894736972,0.36759210526315,0.715500000000247,7.70700000000017,0.357500000000264,0.368526315789468,0,FALSE,FALSE,13.0579518201671,261.159036403342,0,"101;102;103;104",26
"HPC","AD_Stan","NicoStan_BridgeStan",10000,1,64,64,1,20,"b97502ef4c1796520d0acd01a82ea24d","NicoStan_BridgeStan_state_allocation_thread_setup_sampling_model_load_divergence_check","iteration_difference","main_scaling","two_run_difference",NA,4,5.07578947368442,5.05631578947399,0.114696596836745,0.507749999999866,5.32975000000007,0.253960526315645,0.253789473684221,0.446499999999979,5.28700000000009,0.191736842105236,0.2528157894737,0,FALSE,FALSE,12.6088759850679,252.177519701358,0,"97;98;99;100",25
"HPC","AD_Stan","NicoStan_BridgeStan",10000,1,32,32,1,20,"b97502ef4c1796520d0acd01a82ea24d","NicoStan_BridgeStan_state_allocation_thread_setup_sampling_model_load_divergence_check","iteration_difference","main_scaling","two_run_difference",NA,4,2.54789473684258,2.49368421052675,0.28812701108209,0.287999999999801,2.70850000000026,0.160605263157672,0.127394736842129,0.257999999999626,2.62200000000038,0.141868421052231,0.124684210526337,0,FALSE,FALSE,12.5593885560811,251.187771121622,0,"93;94;95;96",24
"HPC","AD_Stan","NicoStan_BridgeStan",2500,1,8,8,1,40,"229e14792b0f4550a6f1e0887b422826","NicoStan_BridgeStan_state_allocation_thread_setup_sampling_model_load_divergence_check","iteration_difference","main_scaling","two_run_difference",NA,4,0.641025641025977,0.655384615385034,0.0496633417379432,0.0460000000008449,0.671000000001173,0.0299743589751955,0.0160256410256494,0.044000000001688,0.687500000000947,0.0288076923093635,0.0163846153846258,0,FALSE,FALSE,12.4799999999935,499.199999999738,0,"49;50;51;52",13
"HPC","AD_Stan_tape_chunked","NicoStan_BridgeStan",50000,250,64,64,1,10,"3f8ed78629bdab9b833b52bd1450ea30","NicoStan_BridgeStan_state_allocation_thread_setup_sampling_model_load_divergence_check","iteration_difference","main_scaling","two_run_difference",200,4,5.12944444444448,5.1155555555556,0.367416181197574,1.77624999999995,6.39274999999998,1.2633055555555,0.512944444444448,1.7684999999999,6.37249999999995,1.25694444444434,0.51155555555556,0,FALSE,FALSE,12.4769847286905,124.769847286905,0,"1413;1414;1415;1416",354
"HPC","AD_Stan","NicoStan_BridgeStan",10000,1,180,180,1,20,"b97502ef4c1796520d0acd01a82ea24d","NicoStan_BridgeStan_state_allocation_thread_setup_sampling_model_load_divergence_check","iteration_difference","main_scaling","two_run_difference",NA,4,14.4500000000002,14.6915789473683,0.674730820784492,1.52124999999991,15.2487500000001,0.798749999999902,0.722500000000008,1.33449999999987,15.2724999999999,0.624078947368271,0.734578947368416,0,FALSE,FALSE,12.4567474048442,249.134948096883,9,"105;106;107;108",27
"HPC","AD_Stan_tape_chunked","NicoStan_BridgeStan",2500,4,8,8,1,40,"229e14792b0f4550a6f1e0887b422826","NicoStan_BridgeStan_state_allocation_thread_setup_sampling_model_load_divergence_check","iteration_difference","main_scaling","two_run_difference",625,4,0.685897435897439,0.682051282051274,0.0124034734589204,0.0467499999999994,0.715500000000002,0.0296025641025634,0.017147435897436,0.0449999999999946,0.709499999999998,0.028064102564097,0.0170512820512818,0,FALSE,FALSE,11.6635514018691,466.542056074764,0,"921;922;923;924",231
"HPC","AD_Stan_chunked","NicoStan_BridgeStan",500,2,8,8,1,200,"5fff1836d43ae39c037ca22d13a50ed5","NicoStan_BridgeStan_state_allocation_thread_setup_sampling_model_load_divergence_check","iteration_difference","main_scaling","two_run_difference",250,4,0.691206030150491,0.698492462309408,0.0554580538231808,0.0160000000004654,0.703750000000204,0.012543969849713,0.00345603015075245,0.0135000000009313,0.714499999999287,0.0101030150763108,0.00349246231154704,0,FALSE,FALSE,11.5739731006951,2314.79462013901,0,"157;158;159;160",40
"HPC","AD_Stan_WCP","NicoStan_BridgeStan",2500,25,128,16,8,200,"229e14792b0f4550a6f1e0887b422826","NicoStan_BridgeStan_state_allocation_thread_setup_sampling_model_load_divergence_check","iteration_difference","main_scaling","two_run_difference",100,4,1.41633165829145,1.41758793969849,0.00552763819095169,0.065250000000006,1.4745,0.0581683417085488,0.00708165829145725,0.0655000000000001,1.476,0.0584271356784064,0.00708793969849246,0,FALSE,FALSE,11.2967890722016,2259.35781444032,0,"1628;1632;1636;1640",410
"HPC","AD_Stan_tape_chunked","NicoStan_BridgeStan",500,2,8,8,1,200,"5fff1836d43ae39c037ca22d13a50ed5","NicoStan_BridgeStan_state_allocation_thread_setup_sampling_model_load_divergence_check","iteration_difference","main_scaling","two_run_difference",250,4,0.714070351758793,0.714572864321607,0.0041438247493643,0.0169999999999999,0.727499999999999,0.0134296482412059,0.00357035175879397,0.0164999999999997,0.729,0.0129170854271354,0.00357286432160803,0,FALSE,FALSE,11.2033779028853,2240.67558057706,0,"805;806;807;808",202
"HPC","AD_Stan_WCP","NicoStan_BridgeStan",2500,25,96,16,6,200,"229e14792b0f4550a6f1e0887b422826","NicoStan_BridgeStan_state_allocation_thread_setup_sampling_model_load_divergence_check","iteration_difference","main_scaling","two_run_difference",100,4,1.42914572864321,1.4321608040201,0.0266915702338871,0.0692500000000038,1.49125,0.0621042713567877,0.00714572864321607,0.0674999999999955,1.491,0.0604648241205984,0.00716080402010049,0,FALSE,FALSE,11.1954992967651,2239.09985935303,0,"1627;1631;1635;1639",409
"HPC","AD_Stan","NicoStan_BridgeStan",10000,1,16,16,1,20,"b97502ef4c1796520d0acd01a82ea24d","NicoStan_BridgeStan_state_allocation_thread_setup_sampling_model_load_divergence_check","iteration_difference","main_scaling","two_run_difference",NA,4,1.45157894736855,1.41421052631576,0.138283902436586,0.19574999999988,1.57475,0.123171052631452,0.0725789473684274,0.183499999999881,1.55300000000015,0.109052631578815,0.0707105263157879,0,FALSE,FALSE,11.0224800580121,220.449601160242,0,"89;90;91;92",23
"HPC","AD_Stan_WCP","NicoStan_BridgeStan",500,6,96,16,6,800,"5fff1836d43ae39c037ca22d13a50ed5","NicoStan_BridgeStan_state_allocation_thread_setup_sampling_model_load_divergence_check","iteration_difference","main_scaling","two_run_difference",84,4,1.45782227784738,1.47784730913642,0.107232126041479,0.0249999999999773,1.48100000000005,0.023177722152668,0.00182227784730923,0.0254999999999654,1.50149999999996,0.0236526908635449,0.00184730913642052,0,FALSE,FALSE,10.9752747252742,8780.21978021933,0,"2353;2355;2357;2359",589
"HPC","MD_BayesMVP","BayesMVP_NicoStan",10000,10,32,32,1,80,"b97502ef4c1796520d0acd01a82ea24d","state_allocation_thread_setup_sampling_divergence_check","iteration_difference","main_scaling","two_run_difference",NA,4,2.9612658227848,2.87949367088605,0.240894024626597,0.0695000000000192,2.99375000000001,0.0324841772152093,0.03701582278481,0.0680000000000121,2.9145,0.0299620253164678,0.0359936708860757,0,FALSE,FALSE,10.8061896212705,864.495169701637,0,"3490;3499;3508;3517",831
"HPC","AD_Stan_WCP","NicoStan_BridgeStan",500,8,128,16,8,800,"5fff1836d43ae39c037ca22d13a50ed5","NicoStan_BridgeStan_state_allocation_thread_setup_sampling_model_load_divergence_check","iteration_difference","main_scaling","two_run_difference",63,4,1.49536921151421,1.49586983729642,0.0856855309857919,0.0285000000001219,1.52199999999993,0.0266307884857291,0.00186921151439276,0.0280000000001337,1.52299999999991,0.0262040050063917,0.00186983729662053,0,FALSE,FALSE,10.6996986943435,8559.75895547479,0,"2354;2356;2358;2360",590
"HPC","AD_Stan_WCP","NicoStan_BridgeStan",2500,10,64,16,4,200,"229e14792b0f4550a6f1e0887b422826","NicoStan_BridgeStan_state_allocation_thread_setup_sampling_model_load_divergence_check","iteration_difference","main_scaling","two_run_difference",250,4,1.52788944723619,1.5246231155779,0.0177024270892368,0.0589999999999975,1.57925,0.0513605527638166,0.00763944723618093,0.0589999999999975,1.57650000000001,0.0512914572864297,0.0076231155778895,0,FALSE,FALSE,10.4719618483802,2094.39236967603,0,"1586;1590;1594;1598",398
"HPC","AD_Stan_tape_chunked","NicoStan_BridgeStan",10000,10,16,16,1,20,"b97502ef4c1796520d0acd01a82ea24d","NicoStan_BridgeStan_state_allocation_thread_setup_sampling_model_load_divergence_check","iteration_difference","main_scaling","two_run_difference",1000,4,1.54421052631577,1.54526315789473,0.0146614613444199,0.171999999999997,1.63899999999998,0.0947894736842084,0.0772105263157887,0.171999999999997,1.63999999999999,0.0947368421052608,0.0772631578947363,0,FALSE,FALSE,10.3612815269258,207.225630538516,0,"1117;1118;1119;1120",280
"HPC","AD_Stan_chunked","NicoStan_BridgeStan",2500,4,8,8,1,40,"229e14792b0f4550a6f1e0887b422826","NicoStan_BridgeStan_state_allocation_thread_setup_sampling_model_load_divergence_check","iteration_difference","main_scaling","two_run_difference",625,4,0.776410256410885,0.775384615385869,0.0179609238101281,0.0474999999988732,0.804499999999486,0.0280897435886011,0.0194102564102721,0.0424999999977445,0.798499999998967,0.0231153846130977,0.0193846153846467,0,FALSE,FALSE,10.3038309114844,412.153236459376,0,"265;266;267;268",67
"HPC","AD_Stan_WCP","NicoStan_BridgeStan",500,10,64,16,4,800,"5fff1836d43ae39c037ca22d13a50ed5","NicoStan_BridgeStan_state_allocation_thread_setup_sampling_model_load_divergence_check","iteration_difference","main_scaling","two_run_difference",50,4,1.56595744680851,1.56996245306633,0.0276026007551226,0.0167499999999983,1.58075,0.0147925531914876,0.00195744680851064,0.0165000000000006,1.5845,0.0145375469336677,0.00196245306633291,0,FALSE,FALSE,10.2173913043478,8173.91304347824,0,"1522;1526;1530;1534",382
"HPC","MD_BayesMVP","BayesMVP_NicoStan",2500,4,8,8,1,80,"229e14792b0f4550a6f1e0887b422826","state_allocation_thread_setup_sampling_divergence_check","iteration_difference","main_scaling","two_run_difference",NA,4,0.784303797468343,0.755949367088598,0.0719605130672634,0.0597500000000117,0.834250000000001,0.0499462025316574,0.00980379746835429,0.0230000000000246,0.768500000000003,0.0136898734177464,0.00944936708860747,0,FALSE,FALSE,10.2001291155586,816.010329244686,0,"3300;3309;3318;3327",782
"HPC","AD_Stan_WCP","NicoStan_BridgeStan",2500,25,64,8,8,200,"229e14792b0f4550a6f1e0887b422826","NicoStan_BridgeStan_state_allocation_thread_setup_sampling_model_load_divergence_check","iteration_difference","main_scaling","two_run_difference",100,4,0.838442211055274,0.824623115577885,0.0403963011708699,0.046999999999997,0.881249999999994,0.0428077889447207,0.00419221105527637,0.0444999999999993,0.864499999999992,0.0402060301507531,0.00412311557788943,0,FALSE,FALSE,9.54150434522029,1908.30086904406,0,"1615;1618;1621;1624",406
"HPC","AD_Stan_chunked","NicoStan_BridgeStan",10000,4,16,16,1,20,"b97502ef4c1796520d0acd01a82ea24d","NicoStan_BridgeStan_state_allocation_thread_setup_sampling_model_load_divergence_check","iteration_difference","main_scaling","two_run_difference",2500,4,1.68526315789423,1.6699999999997,0.0996651827934037,0.214499999999994,1.81549999999951,0.130236842105283,0.0842631578947114,0.18599999999995,1.80149999999927,0.100973684210513,0.0834999999999851,0,FALSE,FALSE,9.49406620862248,189.88132417245,0,"413;414;415;416",104
"HPC","MD_BayesMVP_WCP","BayesMVP_NicoStan",2500,4,64,16,4,400,"229e14792b0f4550a6f1e0887b422826","state_allocation_thread_setup_sampling_divergence_check","iteration_difference","main_scaling","two_run_difference",NA,4,1.90075187969936,1.91528822055139,0.117599867666583,0.0332499999998959,1.92925000000001,0.0284981203006475,0.00475187969924841,0.0250000000001762,1.93550000000019,0.0202117794487977,0.00478822055137848,0,FALSE,FALSE,8.41772151898683,3367.08860759473,0,"4010;4016;4022;4028",961
"HPC","AD_Stan_WCP","NicoStan_BridgeStan",500,8,64,8,8,800,"5fff1836d43ae39c037ca22d13a50ed5","NicoStan_BridgeStan_state_allocation_thread_setup_sampling_model_load_divergence_check","iteration_difference","main_scaling","two_run_difference",63,4,0.997496871088836,1.00325406758432,0.0746917337288237,0.0147500000000491,1.01100000000002,0.0135031289111881,0.00124687108886104,0.0145000000001119,1.01649999999995,0.0132459324156315,0.0012540675844804,0,FALSE,FALSE,8.02007528230886,6416.06022584709,0,"2349;2350;2351;2352",588
"HPC","AD_Stan","NicoStan_BridgeStan",500,1,4,4,1,200,"5fff1836d43ae39c037ca22d13a50ed5","NicoStan_BridgeStan_state_allocation_thread_setup_sampling_model_load_divergence_check","iteration_difference","main_scaling","two_run_difference",NA,4,0.506030150753608,0.503517587941015,0.0189361243036659,0.0110000000002111,0.514500000000051,0.00846984924644302,0.00253015075376804,0.0110000000000001,0.511000000000509,0.00842964824039932,0.00251758793970507,0,FALSE,FALSE,7.90466732870162,1580.93346574032,0,"9;10;11;12",3
"HPC","MD_BayesMVP","BayesMVP_NicoStan",50000,500,180,180,1,50,"3f8ed78629bdab9b833b52bd1450ea30","state_allocation_thread_setup_sampling_divergence_check","iteration_difference","main_scaling","two_run_difference",NA,4,23.1298469387752,23.1290816326524,0.673308254791389,1.37975000000006,24.0469999999998,0.917153061224553,0.462596938775505,1.3715000000002,24.0379999999996,0.908918367347148,0.462581632653048,0,FALSE,FALSE,7.78215266518885,389.107633259443,0,"3889;3898;3907;3916",933
"HPC","Mplus_standard","mplus",2500,1,180,180,1,400,"229e14792b0f4550a6f1e0887b422826","Mplus_input_write_engine_run_output_validation_BITERATIONS","overhead_subtraction","main_scaling","two_run_difference",NA,3,23.1546666666666,22.967,1.21937948700696,0.898666666666713,24.0533333333334,0.898666666666713,0.0578866666666666,0.892000000000053,23.836,0.892000000000053,0.0574175,0,FALSE,FALSE,7.77381089485202,3109.52435794081,NA,"2908;2909;2910",704
"HPC","MD_BayesMVP_WCP","BayesMVP_NicoStan",2500,6,96,16,6,400,"229e14792b0f4550a6f1e0887b422826","state_allocation_thread_setup_sampling_divergence_check","iteration_difference","main_scaling","two_run_difference",NA,4,2.08095238095247,2.06766917293233,0.0463860057173249,0.0224999999998658,2.09824999999995,0.0172976190474847,0.00520238095238116,0.0220000000000482,2.08399999999972,0.0167167919799982,0.00516917293233083,0,FALSE,FALSE,7.68878718535438,3075.51487414175,0,"4815;4819;4823;4827",1160
"HPC","AD_Stan_WCP","NicoStan_BridgeStan",10000,100,176,16,11,80,"b97502ef4c1796520d0acd01a82ea24d","NicoStan_BridgeStan_state_allocation_thread_setup_sampling_model_load_divergence_check","iteration_difference","main_scaling","two_run_difference",100,4,2.10936708860756,2.10177215189877,0.0266003555170669,0.14425,2.22724999999997,0.117882911392405,0.0263670886075946,0.143000000000029,2.21850000000001,0.116746835443068,0.0262721518987346,0,FALSE,FALSE,7.58521363418158,606.817090734526,0,"1937;1942;1947;1952",488
"HPC","AD_Stan_tape_chunked","NicoStan_BridgeStan",50000,100,32,32,1,10,"3f8ed78629bdab9b833b52bd1450ea30","NicoStan_BridgeStan_state_allocation_thread_setup_sampling_model_load_divergence_check","iteration_difference","main_scaling","two_run_difference",500,4,4.22972222222218,4.22555555555555,0.205557307299959,1.14825000000002,4.95499999999998,0.7252777777778,0.422972222222218,1.13250000000005,4.96699999999998,0.727055555555618,0.422555555555555,0,FALSE,FALSE,7.56550863597564,75.6550863597564,0,"1373;1374;1375;1376",344
"HPC","AD_Stan_WCP","NicoStan_BridgeStan",10000,100,128,16,8,80,"b97502ef4c1796520d0acd01a82ea24d","NicoStan_BridgeStan_state_allocation_thread_setup_sampling_model_load_divergence_check","iteration_difference","main_scaling","two_run_difference",100,4,2.11949367088607,2.11696202531648,0.0293845430451802,0.150999999999982,2.24399999999997,0.124506329113906,0.0264936708860758,0.148500000000013,2.2475,0.122069620253178,0.026462025316456,0,FALSE,FALSE,7.54897276636411,603.917821309129,0,"1936;1941;1946;1951",487
"HPC","AD_Stan_WCP","NicoStan_BridgeStan",10000,50,96,16,6,80,"b97502ef4c1796520d0acd01a82ea24d","NicoStan_BridgeStan_state_allocation_thread_setup_sampling_model_load_divergence_check","iteration_difference","main_scaling","two_run_difference",200,4,2.17949367088611,2.18177215189872,0.0383687013039706,0.143749999999983,2.29600000000002,0.116506329113907,0.0272436708860764,0.14749999999998,2.29199999999997,0.120132911392384,0.027272151898734,0,FALSE,FALSE,7.34115460564513,587.29236845161,0,"1863;1868;1873;1878",468
"HPC","AD_Stan_WCP","NicoStan_BridgeStan",500,4,32,16,2,800,"5fff1836d43ae39c037ca22d13a50ed5","NicoStan_BridgeStan_state_allocation_thread_setup_sampling_model_load_divergence_check","iteration_difference","main_scaling","two_run_difference",125,4,2.22202753441802,2.21476846057572,0.0989851664736413,0.0200000000000031,2.23925,0.0172224655819806,0.00277753441802252,0.0200000000000031,2.2325,0.0172102628285388,0.00276846057571965,0,FALSE,FALSE,7.20063084375353,5760.50467500282,0,"1489;1491;1493;1495",373
"HPC","MD_BayesMVP","BayesMVP_NicoStan",500,2,8,8,1,400,"5fff1836d43ae39c037ca22d13a50ed5","state_allocation_thread_setup_sampling_divergence_check","iteration_difference","main_scaling","two_run_difference",NA,4,1.11328320802005,1.11177944862156,0.00973687704884434,0.00599999999999845,1.1165,0.00321679197994832,0.00278320802005013,0.00600000000000023,1.115,0.00321303258145386,0.00277944862155389,0,FALSE,FALSE,7.18595227375056,2874.38090950022,0,"3112;3121;3130;3139",735
"HPC","MD_BayesMVP_WCP","BayesMVP_NicoStan",2500,8,128,16,8,400,"229e14792b0f4550a6f1e0887b422826","state_allocation_thread_setup_sampling_divergence_check","iteration_difference","main_scaling","two_run_difference",NA,4,2.3022556390979,2.32030075187965,0.109122856904898,0.0244999999998186,2.32099999999997,0.0187443609020738,0.00575563909774474,0.0244999999998754,2.34100000000001,0.0186904761903513,0.00580075187969913,0,FALSE,FALSE,6.94970607446068,2779.88242978427,0,"4816;4820;4824;4828",1161
"HPC","AD_Stan","NicoStan_BridgeStan",2500,1,4,4,1,40,"229e14792b0f4550a6f1e0887b422826","NicoStan_BridgeStan_state_allocation_thread_setup_sampling_model_load_divergence_check","iteration_difference","main_scaling","two_run_difference",NA,4,0.58076923076965,0.580512820512823,0.0169437842757391,0.0455000000000867,0.611750000000495,0.0309807692308454,0.0145192307692412,0.0455000000001746,0.611500000000001,0.0309743589745127,0.0145128205128206,0,FALSE,FALSE,6.88741721853808,275.496688741523,0,"45;46;47;48",12
"HPC","AD_Stan_WCP","NicoStan_BridgeStan",10000,50,64,16,4,80,"b97502ef4c1796520d0acd01a82ea24d","NicoStan_BridgeStan_state_allocation_thread_setup_sampling_model_load_divergence_check","iteration_difference","main_scaling","two_run_difference",200,4,2.3701265822785,2.37265822784812,0.0315986149540892,0.136999999999972,2.47749999999999,0.107373417721491,0.0296265822784813,0.137499999999989,2.48149999999998,0.108126582278469,0.0296582278481015,0,FALSE,FALSE,6.75069429609052,540.055543687242,0,"1862;1867;1872;1877",467
"HPC","AD_Stan_WCP","NicoStan_BridgeStan",2500,10,32,16,2,200,"229e14792b0f4550a6f1e0887b422826","NicoStan_BridgeStan_state_allocation_thread_setup_sampling_model_load_divergence_check","iteration_difference","main_scaling","two_run_difference",250,4,2.43492462311557,2.44120603015074,0.105533620313809,0.058250000000001,2.48099999999999,0.0460753768844232,0.0121746231155779,0.0579999999999927,2.48699999999998,0.045793969849239,0.0122060301507537,0,FALSE,FALSE,6.57104529976268,1314.20905995254,0,"1585;1589;1593;1597",397
"HPC","Mplus_standard","mplus",500,1,180,180,1,2000,"5fff1836d43ae39c037ca22d13a50ed5","Mplus_input_write_engine_run_output_validation_BITERATIONS","overhead_subtraction","main_scaling","two_run_difference",NA,3,27.4456666666667,26.821,1.54575558654444,0.569333333333333,28.015,0.569333333333333,0.0137228333333333,0.558000000000021,27.436,0.558000000000021,0.0134105,0,FALSE,FALSE,6.55841237839611,13116.8247567922,NA,"2881;2882;2883",695
"HPC","MD_BayesMVP","BayesMVP_NicoStan",50000,100,96,96,1,50,"3f8ed78629bdab9b833b52bd1450ea30","state_allocation_thread_setup_sampling_divergence_check","iteration_difference","main_scaling","two_run_difference",NA,4,14.7721938775513,15.1561224489799,1.07200968206181,0.762249999999881,15.2390000000001,0.466806122448855,0.295443877551026,0.819999999999936,15.5575000000001,0.532234693877483,0.303122448979598,0,FALSE,FALSE,6.49869618526246,324.934809263123,0,"3816;3825;3834;3843",914
"HPC","AD_Stan","NicoStan_BridgeStan",10000,1,8,8,1,20,"b97502ef4c1796520d0acd01a82ea24d","NicoStan_BridgeStan_state_allocation_thread_setup_sampling_model_load_divergence_check","iteration_difference","main_scaling","two_run_difference",NA,4,1.2344736842107,1.23368421052656,0.0415611776373215,0.17200000000007,1.34475000000024,0.110276315789535,0.0617236842105351,0.162500000000076,1.35450000000031,0.0997631578948005,0.061684210526328,0,FALSE,FALSE,6.48049456405791,129.609891281158,0,"85;86;87;88",22
"HPC","AD_Stan_WCP","NicoStan_BridgeStan",50000,500,176,16,11,20,"3f8ed78629bdab9b833b52bd1450ea30","NicoStan_BridgeStan_state_allocation_thread_setup_sampling_model_load_divergence_check","iteration_difference","main_scaling","two_run_difference",100,4,2.4876315789473,2.48157894736838,0.0479409840337483,0.59925000000004,2.96249999999998,0.474868421052675,0.124381578947365,0.601999999999975,2.96550000000002,0.477921052631557,0.124078947368419,0,FALSE,FALSE,6.43182058605751,128.63641172115,0,"2329;2334;2339;2344",586
"HPC","AD_Stan_chunked","NicoStan_BridgeStan",500,2,4,4,1,200,"5fff1836d43ae39c037ca22d13a50ed5","NicoStan_BridgeStan_state_allocation_thread_setup_sampling_model_load_divergence_check","iteration_difference","main_scaling","two_run_difference",250,4,0.626381909547022,0.6286432160803,0.00792951449274611,0.0155000000003631,0.63874999999965,0.012368090452628,0.00313190954773511,0.0125000000007276,0.639499999999403,0.00939447236254381,0.0031432160804015,0,FALSE,FALSE,6.38588046531015,1277.17609306203,0,"153;154;155;156",39
"HPC","AD_Stan_WCP","NicoStan_BridgeStan",500,10,32,8,4,800,"5fff1836d43ae39c037ca22d13a50ed5","NicoStan_BridgeStan_state_allocation_thread_setup_sampling_model_load_divergence_check","iteration_difference","main_scaling","two_run_difference",50,4,1.26107634543179,1.26057571964957,0.00580956034560649,0.0129999999999999,1.2725,0.0114236545682102,0.00157634543178974,0.0124999999999993,1.2715,0.0109242803504373,0.00157571964956196,0,FALSE,FALSE,6.34378721714966,5075.02977371973,0,"1510;1513;1516;1519",379
"HPC","MD_BayesMVP","BayesMVP_NicoStan",50000,100,64,64,1,50,"3f8ed78629bdab9b833b52bd1450ea30","state_allocation_thread_setup_sampling_divergence_check","iteration_difference","main_scaling","two_run_difference",NA,4,10.1420918367345,9.79540816326511,1.02270706174276,0.532249999999976,10.4714999999998,0.329408163265287,0.20284183673469,0.514999999999873,10.1649999999995,0.305224489795796,0.195908163265302,0,FALSE,FALSE,6.31033528686786,315.516764343393,0,"3815;3824;3833;3842",913
"HPC","AD_Stan_WCP","NicoStan_BridgeStan",50000,500,128,16,8,20,"3f8ed78629bdab9b833b52bd1450ea30","NicoStan_BridgeStan_state_allocation_thread_setup_sampling_model_load_divergence_check","iteration_difference","main_scaling","two_run_difference",100,4,2.54368421052636,2.56052631578948,0.0554508092254881,0.58824999999996,3.00475,0.461065789473642,0.127184210526318,0.58949999999993,2.99000000000001,0.463157894736768,0.128026315789474,0,FALSE,FALSE,6.29008897165311,125.801779433062,0,"2328;2333;2338;2343",585
"HPC","AD_Stan_WCP","NicoStan_BridgeStan",10000,50,96,8,12,80,"b97502ef4c1796520d0acd01a82ea24d","NicoStan_BridgeStan_state_allocation_thread_setup_sampling_model_load_divergence_check","iteration_difference","main_scaling","two_run_difference",200,4,1.27721518987346,1.26582278481018,0.0346024491589134,0.127749999999992,1.38900000000004,0.111784810126574,0.0159651898734183,0.127999999999986,1.37850000000003,0.112253164556948,0.0158227848101273,0,FALSE,FALSE,6.26362735381543,501.090188305234,0,"1840;1846;1852;1858",463
"HPC","AD_Stan_WCP","NicoStan_BridgeStan",2500,10,32,8,4,200,"229e14792b0f4550a6f1e0887b422826","NicoStan_BridgeStan_state_allocation_thread_setup_sampling_model_load_divergence_check","iteration_difference","main_scaling","two_run_difference",250,4,1.28341708542713,1.28844221105527,0.0121714587099239,0.0495000000000019,1.3265,0.0430829145728662,0.00641708542713565,0.0480000000000018,1.32799999999999,0.0415577889447254,0.00644221105527636,0,FALSE,FALSE,6.23335943617857,1246.67188723571,0,"1574;1577;1580;1583",395
"HPC","AD_Stan_WCP","NicoStan_BridgeStan",50000,250,96,16,6,20,"3f8ed78629bdab9b833b52bd1450ea30","NicoStan_BridgeStan_state_allocation_thread_setup_sampling_model_load_divergence_check","iteration_difference","main_scaling","two_run_difference",200,4,2.58157894736847,2.59105263157895,0.0708659014802771,0.59174999999999,3.04425000000003,0.462671052631567,0.129078947368423,0.593999999999937,3.04750000000001,0.46421052631572,0.129552631578947,0,FALSE,FALSE,6.19775739041783,123.955147808357,0,"2255;2260;2265;2270",566
"HPC","MD_BayesMVP_WCP","BayesMVP_NicoStan",2500,4,32,16,2,400,"229e14792b0f4550a6f1e0887b422826","state_allocation_thread_setup_sampling_divergence_check","iteration_difference","main_scaling","two_run_difference",NA,4,2.58746867167926,2.58796992481198,0.122045273635143,0.0272499999999667,2.60825000000003,0.0207813283207685,0.00646867167919815,0.0235000000000696,2.61350000000002,0.0170075187970622,0.00646992481202995,0,FALSE,FALSE,6.18364974815948,2473.45989926379,0,"4009;4015;4021;4027",960
"HPC","AD_Stan_tape_chunked","NicoStan_BridgeStan",2500,4,4,4,1,40,"229e14792b0f4550a6f1e0887b422826","NicoStan_BridgeStan_state_allocation_thread_setup_sampling_model_load_divergence_check","iteration_difference","main_scaling","two_run_difference",625,4,0.656666666666672,0.65692307692308,0.00175161551555063,0.0434999999999981,0.683750000000003,0.0270833333333313,0.0164166666666668,0.0429999999999993,0.684000000000005,0.0265641025641017,0.016423076923077,0,FALSE,FALSE,6.09137055837558,243.654822335023,0,"917;918;919;920",230
"HPC","AD_Stan_WCP","NicoStan_BridgeStan",10000,100,64,8,8,80,"b97502ef4c1796520d0acd01a82ea24d","NicoStan_BridgeStan_state_allocation_thread_setup_sampling_model_load_divergence_check","iteration_difference","main_scaling","two_run_difference",100,4,1.32582278481015,1.3225316455696,0.0335593469971233,0.124249999999961,1.43349999999998,0.107677215189834,0.0165727848101268,0.124499999999955,1.42899999999997,0.108094936708816,0.01653164556962,0,FALSE,FALSE,6.03398892495694,482.719113996556,0,"1911;1917;1923;1929",480
"HPC","AD_Stan_WCP","NicoStan_BridgeStan",10000,50,128,8,16,80,"b97502ef4c1796520d0acd01a82ea24d","NicoStan_BridgeStan_state_allocation_thread_setup_sampling_model_load_divergence_check","iteration_difference","main_scaling","two_run_difference",200,4,1.3372151898734,1.30835443037972,0.0804558927009236,0.120249999999999,1.44074999999998,0.103534810126581,0.0167151898734175,0.121500000000026,1.40949999999998,0.104291139240533,0.0163544303797465,0,FALSE,FALSE,5.98258235516858,478.606588413487,0,"1841;1847;1853;1859",464
"HPC","AD_Stan_tape_chunked","NicoStan_BridgeStan",10000,10,8,8,1,20,"b97502ef4c1796520d0acd01a82ea24d","NicoStan_BridgeStan_state_allocation_thread_setup_sampling_model_load_divergence_check","iteration_difference","main_scaling","two_run_difference",1000,4,1.35315789473684,1.3578947368421,0.0205285648790029,0.149249999999995,1.43474999999999,0.0815921052631529,0.0676578947368421,0.148500000000013,1.43849999999998,0.0806052631578795,0.0678947368421048,0,FALSE,FALSE,5.9120964605212,118.241929210424,0,"1113;1114;1115;1116",279
"HPC","AD_Stan_tape_chunked","NicoStan_BridgeStan",500,2,4,4,1,200,"5fff1836d43ae39c037ca22d13a50ed5","NicoStan_BridgeStan_state_allocation_thread_setup_sampling_model_load_divergence_check","iteration_difference","main_scaling","two_run_difference",250,4,0.68643216080402,0.686934673366835,0.00357691063719608,0.0124999999999997,0.6955,0.00906783919597963,0.0034321608040201,0.0109999999999992,0.694,0.00758291457286355,0.00343467336683417,0,FALSE,FALSE,5.82723279648609,1165.44655929722,0,"801;802;803;804",201
"HPC","AD_Stan_WCP","NicoStan_BridgeStan",50000,250,64,16,4,20,"3f8ed78629bdab9b833b52bd1450ea30","NicoStan_BridgeStan_state_allocation_thread_setup_sampling_model_load_divergence_check","iteration_difference","main_scaling","two_run_difference",200,4,2.81710526315794,2.82789473684213,0.0353154887952917,0.598749999999995,3.27500000000003,0.457894736842099,0.140855263157897,0.601499999999987,3.25900000000001,0.461947368421037,0.141394736842107,0,FALSE,FALSE,5.67958897711342,113.591779542268,0,"2254;2259;2264;2269",565
"HPC","AD_Stan_WCP","NicoStan_BridgeStan",10000,100,176,8,22,80,"b97502ef4c1796520d0acd01a82ea24d","NicoStan_BridgeStan_state_allocation_thread_setup_sampling_model_load_divergence_check","iteration_difference","main_scaling","two_run_difference",100,4,1.41265822784808,1.41265822784814,0.00584658500445989,0.121999999999986,1.51699999999997,0.104341772151885,0.017658227848101,0.122500000000002,1.51349999999996,0.104892405063294,0.0176582278481018,0,FALSE,FALSE,5.66308243727606,453.046594982085,0,"1914;1920;1926;1932",483
"HPC","MD_BayesMVP","BayesMVP_NicoStan",10000,10,16,16,1,80,"b97502ef4c1796520d0acd01a82ea24d","state_allocation_thread_setup_sampling_divergence_check","iteration_difference","main_scaling","two_run_difference",NA,4,2.85037974683548,2.88405063291143,0.0858328659923898,0.0572499999999962,2.87200000000003,0.0216202531645528,0.0356297468354434,0.0519999999999925,2.91150000000005,0.0159367088607179,0.0360506329113929,0,FALSE,FALSE,5.61328714805927,449.062971844741,0,"3489;3498;3507;3516",830
"HPC","AD_Stan_chunked","NicoStan_BridgeStan",2500,4,4,4,1,40,"229e14792b0f4550a6f1e0887b422826","NicoStan_BridgeStan_state_allocation_thread_setup_sampling_model_load_divergence_check","iteration_difference","main_scaling","two_run_difference",625,4,0.721025641024573,0.721538461536973,0.00549141142038658,0.0472499999999307,0.750249999998889,0.0292243589743164,0.0180256410256143,0.043999999999869,0.747999999997774,0.0259487179486407,0.0180384615384243,0,FALSE,FALSE,5.54765291608219,221.906116643288,0,"261;262;263;264",66
"HPC","AD_Stan_WCP","NicoStan_BridgeStan",50000,250,96,8,12,20,"3f8ed78629bdab9b833b52bd1450ea30","NicoStan_BridgeStan_state_allocation_thread_setup_sampling_model_load_divergence_check","iteration_difference","main_scaling","two_run_difference",200,4,1.45078947368425,1.44894736842102,0.0280136492257901,0.461250000000007,1.83950000000004,0.388710526315794,0.0725394736842125,0.458999999999946,1.84700000000009,0.385263157894674,0.0724473684210508,0,FALSE,FALSE,5.5142390712859,110.284781425718,0,"2232;2238;2244;2250",561
"HPC","AD_Stan_chunked","NicoStan_BridgeStan",10000,4,8,8,1,20,"b97502ef4c1796520d0acd01a82ea24d","NicoStan_BridgeStan_state_allocation_thread_setup_sampling_model_load_divergence_check","iteration_difference","main_scaling","two_run_difference",2500,4,1.46052631578939,1.46157894736834,0.0133840218405098,0.174749999999968,1.56224999999989,0.101723684210498,0.0730263157894693,0.151499999999942,1.54349999999977,0.0782368421052141,0.073078947368417,0,FALSE,FALSE,5.4774774774778,109.549549549556,0,"409;410;411;412",103
"HPC","AD_Stan_WCP","NicoStan_BridgeStan",50000,500,128,8,16,20,"3f8ed78629bdab9b833b52bd1450ea30","NicoStan_BridgeStan_state_allocation_thread_setup_sampling_model_load_divergence_check","iteration_difference","main_scaling","two_run_difference",100,4,1.47210526315791,1.47473684210521,0.0613934828906887,0.473750000000052,1.87225000000007,0.400144736842157,0.0736052631578954,0.475999999999999,1.87150000000008,0.403026315789463,0.0737368421052607,0,FALSE,FALSE,5.43439399356448,108.68787987129,0,"2305;2311;2317;2323",580
"HPC","MD_BayesMVP_WCP","BayesMVP_NicoStan",10000,25,64,16,4,200,"b97502ef4c1796520d0acd01a82ea24d","state_allocation_thread_setup_sampling_divergence_check","iteration_difference","main_scaling","two_run_difference",NA,4,2.96984924623111,3.00100502512542,0.115103534623711,0.047499999999971,3.00249999999993,0.0326507537688155,0.0148492462311556,0.0464999999999236,3.03700000000003,0.0320653266330897,0.0150050251256271,0,FALSE,FALSE,5.38747884940786,1077.49576988157,0,"4185;4201;4217;4233",1010
"HPC","AD_Stan_WCP","NicoStan_BridgeStan",50000,250,64,8,8,20,"3f8ed78629bdab9b833b52bd1450ea30","NicoStan_BridgeStan_state_allocation_thread_setup_sampling_model_load_divergence_check","iteration_difference","main_scaling","two_run_difference",200,4,1.49473684210534,1.49210526315803,0.0351122721112631,0.458249999999964,1.87825000000004,0.383513157894697,0.074736842105267,0.460500000000025,1.87850000000003,0.385552631578973,0.0746052631579017,0,FALSE,FALSE,5.35211267605606,107.042253521121,0,"2231;2237;2243;2249",560
"HPC","AD_Stan_WCP","NicoStan_BridgeStan",50000,500,176,8,22,20,"3f8ed78629bdab9b833b52bd1450ea30","NicoStan_BridgeStan_state_allocation_thread_setup_sampling_model_load_divergence_check","iteration_difference","main_scaling","two_run_difference",100,4,1.51421052631582,1.51210526315804,0.0366712831811291,0.46225000000004,1.90075000000007,0.386539473684249,0.0757105263157912,0.462999999999965,1.8995000000001,0.387394736842063,0.075605263157902,0,FALSE,FALSE,5.28328119568983,105.665623913797,0,"2306;2312;2318;2324",581
"HPC","AD_Stan_chunked","NicoStan_BridgeStan",50000,500,180,180,1,10,"3f8ed78629bdab9b833b52bd1450ea30","NicoStan_BridgeStan_state_allocation_thread_setup_sampling_model_load_divergence_check","iteration_difference","main_scaling","two_run_difference",100,4,35.2297222222217,35.39111111111,1.37817598038909,8.45850000000007,40.1652499999996,4.9355277777779,3.52297222222217,6.29449999999997,38.9724999999995,2.7038888888894,3.53911111111099,0,FALSE,FALSE,5.10932214749233,51.0932214749233,0,"789;790;791;792",198
"HPC","AD_Stan_WCP","NicoStan_BridgeStan",2500,10,32,4,8,200,"229e14792b0f4550a6f1e0887b422826","NicoStan_BridgeStan_state_allocation_thread_setup_sampling_model_load_divergence_check","iteration_difference","main_scaling","two_run_difference",250,4,0.787688442211057,0.786432160804019,0.00958293784950924,0.0382499999999979,0.821999999999999,0.0343115577889426,0.00393844221105528,0.0380000000000038,0.822500000000005,0.0340804020100541,0.00393216080402009,0,FALSE,FALSE,5.07814992025517,1015.62998405103,0,"1563;1566;1569;1572",393
"HPC","MD_BayesMVP_WCP","BayesMVP_NicoStan",10000,25,128,16,8,200,"b97502ef4c1796520d0acd01a82ea24d","state_allocation_thread_setup_sampling_divergence_check","iteration_difference","main_scaling","two_run_difference",NA,4,3.1517587939698,3.22412060301507,0.176899649108673,0.0482499999999106,3.18424999999986,0.0324912060300616,0.015758793969849,0.0459999999999923,3.25249999999994,0.0297688442210978,0.0161206030150754,0,FALSE,FALSE,5.07653061224497,1015.30612244899,0,"4187;4203;4219;4235",1012
"HPC","AD_Stan_chunked","NicoStan_BridgeStan",50000,100,64,64,1,10,"3f8ed78629bdab9b833b52bd1450ea30","NicoStan_BridgeStan_state_allocation_thread_setup_sampling_model_load_divergence_check","iteration_difference","main_scaling","two_run_difference",500,4,12.6575,12.4711111111114,0.68809175804524,3.17899999999969,14.5707499999997,1.91324999999969,1.26575,2.32649999999967,13.5164999999994,1.08316666666637,1.24711111111114,0,FALSE,FALSE,5.05629073671736,50.5629073671736,0,"709;710;711;712",178
"HPC","AD_Stan_chunked","NicoStan_BridgeStan",50000,50,32,32,1,10,"3f8ed78629bdab9b833b52bd1450ea30","NicoStan_BridgeStan_state_allocation_thread_setup_sampling_model_load_divergence_check","iteration_difference","main_scaling","two_run_difference",1000,4,6.35777777777769,6.26499999999965,0.376285724552357,1.89624999999975,7.61824999999968,1.26047222222198,0.635777777777769,1.15799999999945,6.7914999999993,0.540499999999459,0.626499999999965,0,FALSE,FALSE,5.0332051730165,50.332051730165,0,"669;670;671;672",168
"HPC","MD_BayesMVP_WCP","BayesMVP_NicoStan",10000,50,96,16,6,200,"b97502ef4c1796520d0acd01a82ea24d","state_allocation_thread_setup_sampling_divergence_check","iteration_difference","main_scaling","two_run_difference",NA,4,3.20804020100494,3.13869346733653,0.196387498656107,0.0397499999999074,3.23174999999983,0.0237097989948826,0.0160402010050247,0.0374999999999837,3.16499999999968,0.0216256281405115,0.0156934673366827,0,FALSE,FALSE,4.98746867167933,997.493734335865,0,"4252;4270;4288;4306",1029
"HPC","AD_Stan_chunked","NicoStan_BridgeStan",50000,50,96,96,1,10,"3f8ed78629bdab9b833b52bd1450ea30","NicoStan_BridgeStan_state_allocation_thread_setup_sampling_model_load_divergence_check","iteration_difference","main_scaling","two_run_difference",1000,4,19.3108333333335,18.9544444444447,0.86372357594172,4.97374999999977,22.3534999999999,3.04266666666642,1.93108333333335,3.70599999999911,20.6304999999992,1.82549999999909,1.89544444444447,0,FALSE,FALSE,4.97130280930389,49.7130280930389,0,"677;678;679;680",170
"HPC","MD_BayesMVP_WCP","BayesMVP_NicoStan",10000,25,176,16,11,200,"b97502ef4c1796520d0acd01a82ea24d","state_allocation_thread_setup_sampling_divergence_check","iteration_difference","main_scaling","two_run_difference",NA,4,3.23944723618087,3.25979899497463,0.109823619545439,0.0652499999999776,3.28849999999994,0.0490527638190733,0.0161972361809043,0.0655000000000996,3.30899999999986,0.0492010050252264,0.0162989949748731,0,FALSE,FALSE,4.93911424804163,987.822849608325,0,"4188;4204;4220;4236",1013
"HPC","Mplus_standard","mplus",2500,1,96,96,1,400,"229e14792b0f4550a6f1e0887b422826","Mplus_input_write_engine_run_output_validation_BITERATIONS","overhead_subtraction","main_scaling","two_run_difference",NA,3,19.518,19.1030000000001,1.40233697804765,0.77666666666668,20.2946666666667,0.77666666666668,0.048795,0.774999999999977,19.878,0.774999999999977,0.0477575000000002,0,FALSE,FALSE,4.91853673532124,1967.4146941285,NA,"2905;2906;2907",703
"HPC","MD_BayesMVP","BayesMVP_NicoStan",2500,2,4,4,1,80,"229e14792b0f4550a6f1e0887b422826","state_allocation_thread_setup_sampling_divergence_check","iteration_difference","main_scaling","two_run_difference",NA,4,0.814683544303795,0.806582278481007,0.0392592850126229,0.0177499999999995,0.822249999999997,0.00756645569620205,0.0101835443037974,0.0179999999999936,0.814,0.00748101265822139,0.0100822784810126,0,FALSE,FALSE,4.90988191423246,392.790553138597,0,"3263;3272;3281;3290",772
"HPC","MD_BayesMVP_WCP","BayesMVP_NicoStan",2500,8,64,8,8,400,"229e14792b0f4550a6f1e0887b422826","state_allocation_thread_setup_sampling_divergence_check","iteration_difference","main_scaling","two_run_difference",NA,4,1.66466165413572,1.68370927318332,0.213296804053429,0.0177499999996371,1.67825000000002,0.0135883458642978,0.0041616541353393,0.0179999999995744,1.69749999999993,0.0137907268166161,0.00420927318295829,0,FALSE,FALSE,4.80578139114614,1922.31255645845,0,"4814;4818;4822;4826",1159
"HPC","MD_BayesMVP_WCP","BayesMVP_NicoStan",2500,4,32,8,4,400,"229e14792b0f4550a6f1e0887b422826","state_allocation_thread_setup_sampling_divergence_check","iteration_difference","main_scaling","two_run_difference",NA,4,1.7245614035088,1.74235588972419,0.0422115458533047,0.0200000000000884,1.74025000000012,0.0156885964913164,0.00431140350877201,0.0165000000001783,1.75450000000015,0.0122531328322583,0.00435588972431047,0,FALSE,FALSE,4.63886063072219,1855.54425228888,0,"4008;4014;4020;4026",959
"HPC","AD_Stan_WCP","NicoStan_BridgeStan",500,10,32,4,8,800,"5fff1836d43ae39c037ca22d13a50ed5","NicoStan_BridgeStan_state_allocation_thread_setup_sampling_model_load_divergence_check","iteration_difference","main_scaling","two_run_difference",50,4,0.874092615769713,0.87459324155194,0.00970749408243779,0.00900000000000034,0.882000000000001,0.0079073842302882,0.00109261576971214,0.00850000000000151,0.882000000000001,0.00740675844806158,0.00109324155193992,0,FALSE,FALSE,4.57617411225658,3660.93928980526,0,"1499;1502;1505;1508",377
"HPC","AD_Stan","NicoStan_BridgeStan",50000,1,32,32,1,10,"3f8ed78629bdab9b833b52bd1450ea30","NicoStan_BridgeStan_state_allocation_thread_setup_sampling_model_load_divergence_check","iteration_difference","main_scaling","two_run_difference",NA,4,7.28055555555567,7.25277777777786,0.718930675984984,1.8249999999999,8.3775,1.09694444444433,0.728055555555567,1.53349999999998,8.01999999999988,0.816111111111068,0.725277777777786,0,FALSE,FALSE,4.39526898130478,43.9526898130478,0,"129;130;131;132",33
"HPC","AD_Stan_WCP","NicoStan_BridgeStan",10000,25,32,16,2,80,"b97502ef4c1796520d0acd01a82ea24d","NicoStan_BridgeStan_state_allocation_thread_setup_sampling_model_load_divergence_check","iteration_difference","main_scaling","two_run_difference",400,4,3.64708860759494,3.64506329113925,0.0930195165248642,0.140500000000003,3.742,0.0949113924050662,0.0455886075949367,0.138499999999993,3.74250000000001,0.0927151898734109,0.0455632911392406,0,FALSE,FALSE,4.38706094682771,350.964875746217,0,"1789;1794;1799;1804",448
"HPC","AD_Stan_WCP","NicoStan_BridgeStan",50000,250,96,4,24,20,"3f8ed78629bdab9b833b52bd1450ea30","NicoStan_BridgeStan_state_allocation_thread_setup_sampling_model_load_divergence_check","iteration_difference","main_scaling","two_run_difference",200,4,0.913947368421041,0.926315789473679,0.103134171994941,0.412000000000035,1.28025000000002,0.366302631578982,0.0456973684210521,0.415000000000077,1.28899999999999,0.369921052631657,0.046315789473684,0,FALSE,FALSE,4.37661963720132,87.5323927440264,0,"2205;2212;2219;2226",555
"HPC","AD_Stan_WCP","NicoStan_BridgeStan",10000,25,32,8,4,80,"b97502ef4c1796520d0acd01a82ea24d","NicoStan_BridgeStan_state_allocation_thread_setup_sampling_model_load_divergence_check","iteration_difference","main_scaling","two_run_difference",400,4,1.83544303797467,1.84050632911392,0.0192582640683254,0.121000000000009,1.9335,0.098056962025326,0.0229430379746834,0.115999999999985,1.93349999999998,0.0929936708860614,0.023006329113924,0,FALSE,FALSE,4.35862068965521,348.689655172417,0,"1766;1772;1778;1784",443
"HPC","AD_Stan","NicoStan_BridgeStan",50000,1,64,64,1,10,"3f8ed78629bdab9b833b52bd1450ea30","NicoStan_BridgeStan_state_allocation_thread_setup_sampling_model_load_divergence_check","iteration_difference","main_scaling","two_run_difference",NA,4,14.7391666666668,14.7744444444444,0.484228948842225,3.32024999999989,16.5855,1.84633333333321,1.47391666666668,2.72449999999984,16.1304999999998,1.26533333333325,1.47744444444444,0,FALSE,FALSE,4.34217221688241,43.4217221688241,0,"133;134;135;136",34
"HPC","AD_Stan_WCP","NicoStan_BridgeStan",50000,250,128,4,32,20,"3f8ed78629bdab9b833b52bd1450ea30","NicoStan_BridgeStan_state_allocation_thread_setup_sampling_model_load_divergence_check","iteration_difference","main_scaling","two_run_difference",200,4,0.928947368421105,0.959473684210575,0.0838346876158016,0.413249999999948,1.29575,0.366802631578893,0.0464473684210553,0.414999999999964,1.32050000000004,0.366210526315752,0.0479736842105288,0,FALSE,FALSE,4.30594900849834,86.1189801699668,0,"2206;2213;2220;2227",556
"HPC","AD_Stan","NicoStan_BridgeStan",50000,1,96,96,1,10,"3f8ed78629bdab9b833b52bd1450ea30","NicoStan_BridgeStan_state_allocation_thread_setup_sampling_model_load_divergence_check","iteration_difference","main_scaling","two_run_difference",NA,4,22.7955555555553,22.8311111111111,0.511044279044612,5.00775000000004,25.5237499999998,2.72819444444451,2.27955555555553,4.21799999999983,24.8295000000001,1.97527777777765,2.28311111111111,0,FALSE,FALSE,4.21134724117767,42.1134724117767,0,"137;138;139;140",35
"HPC","AD_Stan_WCP","NicoStan_BridgeStan",50000,250,64,4,16,20,"3f8ed78629bdab9b833b52bd1450ea30","NicoStan_BridgeStan_state_allocation_thread_setup_sampling_model_load_divergence_check","iteration_difference","main_scaling","two_run_difference",200,4,0.95736842105267,0.952631578947459,0.0809933709085124,0.417249999999967,1.32675,0.369381578947334,0.0478684210526335,0.414499999999975,1.31700000000001,0.364368421052548,0.047631578947373,0,FALSE,FALSE,4.1781198460691,83.562396921382,0,"2204;2211;2218;2225",554
"HPC","AD_Stan_tape_chunked","NicoStan_BridgeStan",50000,50,16,16,1,10,"3f8ed78629bdab9b833b52bd1450ea30","NicoStan_BridgeStan_state_allocation_thread_setup_sampling_model_load_divergence_check","iteration_difference","main_scaling","two_run_difference",1000,4,3.83527777777791,3.86833333333344,0.148036184543432,0.888749999999959,4.34050000000008,0.505222222222168,0.383527777777791,0.886499999999955,4.37250000000006,0.504166666666619,0.386833333333344,0,FALSE,FALSE,4.17179691460839,41.7179691460839,0,"1333;1334;1335;1336",334
"HPC","Mplus_standard","mplus",500,1,96,96,1,2000,"5fff1836d43ae39c037ca22d13a50ed5","Mplus_input_write_engine_run_output_validation_BITERATIONS","overhead_subtraction","main_scaling","two_run_difference",NA,3,23.2006666666667,22.326,2.49096574310715,0.504999999999995,23.7056666666667,0.504999999999995,0.0116003333333333,0.498999999999995,22.798,0.498999999999995,0.011163,0,FALSE,FALSE,4.13781213183529,8275.62426367058,NA,"2878;2879;2880",694
"HPC","AD_Stan_WCP","NicoStan_BridgeStan",10000,100,64,4,16,80,"b97502ef4c1796520d0acd01a82ea24d","NicoStan_BridgeStan_state_allocation_thread_setup_sampling_model_load_divergence_check","iteration_difference","main_scaling","two_run_difference",100,4,0.970886075949348,0.959999999999979,0.0536573504148031,0.108250000000027,1.06700000000001,0.0961139240506598,0.0121360759493668,0.107000000000028,1.05349999999999,0.0950253164557243,0.0119999999999997,0,FALSE,FALSE,4.11994784876149,329.595827900919,0,"1884;1891;1898;1905",474
"HPC","AD_Stan_WCP","NicoStan_BridgeStan",500,4,16,8,2,800,"5fff1836d43ae39c037ca22d13a50ed5","NicoStan_BridgeStan_state_allocation_thread_setup_sampling_model_load_divergence_check","iteration_difference","main_scaling","two_run_difference",125,4,1.95219023779725,1.95193992490613,0.00250312891113769,0.0177500000000004,1.9675,0.0153097622027538,0.00244023779724656,0.017000000000003,1.967,0.0145600750938704,0.00243992490613266,0,FALSE,FALSE,4.09796127708681,3278.36902166945,0,"1481;1483;1485;1487",371
"HPC","Mplus_standard","mplus",10000,1,180,180,1,200,"b97502ef4c1796520d0acd01a82ea24d","Mplus_input_write_engine_run_output_validation_BITERATIONS","overhead_subtraction","main_scaling","two_run_difference",NA,3,44.0289999999998,43.5869999999998,0.836695285035178,2.04733333333343,46.0763333333333,2.04733333333343,0.220144999999999,2.03400000000011,45.6139999999998,2.03400000000011,0.217934999999999,0,FALSE,FALSE,4.08821458584116,817.642917168233,NA,"2935;2936;2937",713
"HPC","AD_Stan","NicoStan_BridgeStan",500,1,2,2,1,200,"5fff1836d43ae39c037ca22d13a50ed5","NicoStan_BridgeStan_state_allocation_thread_setup_sampling_model_load_divergence_check","iteration_difference","main_scaling","two_run_difference",NA,4,0.492964824120237,0.491959798993848,0.00467813736808424,0.0137500000002113,0.504249999999847,0.0112851758796101,0.00246482412060118,0.011000000000422,0.5,0.00855025125670707,0.00245979899496924,0,FALSE,FALSE,4.05708460754634,811.416921509267,0,"5;6;7;8",2
"HPC","AD_Stan","NicoStan_BridgeStan",50000,1,180,180,1,10,"3f8ed78629bdab9b833b52bd1450ea30","NicoStan_BridgeStan_state_allocation_thread_setup_sampling_model_load_divergence_check","iteration_difference","main_scaling","two_run_difference",NA,4,44.5361111111108,44.8383333333327,1.9968375202567,9.38825000000018,49.4707499999999,4.9346388888891,4.45361111111108,8.00750000000042,49.3645,3.46600000000049,4.48383333333327,0,FALSE,FALSE,4.04166406786007,40.4166406786007,6,"141;142;143;144",36
"HPC","AD_Stan","NicoStan_BridgeStan",50000,1,16,16,1,10,"3f8ed78629bdab9b833b52bd1450ea30","NicoStan_BridgeStan_state_allocation_thread_setup_sampling_model_load_divergence_check","iteration_difference","main_scaling","two_run_difference",NA,4,4.10777777777774,3.9627777777777,0.502928870278575,1.20250000000002,4.89949999999999,0.791722222222248,0.410777777777774,1.00250000000007,4.5349999999999,0.611388888888956,0.39627777777777,0,FALSE,FALSE,3.89505004057347,38.9505004057347,0,"125;126;127;128",32
"HPC","AD_Stan_WCP","NicoStan_BridgeStan",10000,100,96,4,24,80,"b97502ef4c1796520d0acd01a82ea24d","NicoStan_BridgeStan_state_allocation_thread_setup_sampling_model_load_divergence_check","iteration_difference","main_scaling","two_run_difference",100,4,1.02860759493673,1.03493670886081,0.0794850703509301,0.104749999999967,1.12049999999999,0.0918924050632581,0.0128575949367092,0.10549999999995,1.1275,0.0923354430379693,0.0129367088607601,0,FALSE,FALSE,3.888752153581,311.10017228648,0,"1885;1892;1899;1906",475
"HPC","AD_Stan_WCP","NicoStan_BridgeStan",50000,500,176,4,44,20,"3f8ed78629bdab9b833b52bd1450ea30","NicoStan_BridgeStan_state_allocation_thread_setup_sampling_model_load_divergence_check","iteration_difference","main_scaling","two_run_difference",100,4,1.02868421052628,1.01263157894724,0.137376486958097,0.409999999999968,1.38724999999994,0.358565789473654,0.0514342105263142,0.40949999999998,1.37349999999992,0.360868421052685,0.0506315789473619,0,FALSE,FALSE,3.88846252238436,77.7692504476873,0,"2279;2286;2293;2300",575
"HPC","MD_BayesMVP_WCP","BayesMVP_NicoStan",10000,8,64,8,8,200,"b97502ef4c1796520d0acd01a82ea24d","state_allocation_thread_setup_sampling_divergence_check","iteration_difference","main_scaling","two_run_difference",NA,4,2.08969849246208,2.06733668341642,0.137095091443357,0.0467500000000882,2.12599999999986,0.0363015075377778,0.0104484924623104,0.0454999999998336,2.10499999999968,0.0349396984922948,0.0103366834170821,0,FALSE,FALSE,3.82830347481104,765.660694962209,0,"4842;4846;4850;4854",1166
"HPC","AD_Stan","NicoStan_BridgeStan",2500,1,2,2,1,40,"229e14792b0f4550a6f1e0887b422826","NicoStan_BridgeStan_state_allocation_thread_setup_sampling_model_load_divergence_check","iteration_difference","main_scaling","two_run_difference",NA,4,0.531282051281805,0.528717948717456,0.01216440811999,0.0402500000000288,0.558249999999789,0.0269679487179836,0.0132820512820451,0.0410000000006399,0.551499999999578,0.0279615384622015,0.0132179487179364,0,FALSE,FALSE,3.76447876448051,150.57915057922,0,"41;42;43;44",11
"HPC","MD_BayesMVP_WCP","BayesMVP_NicoStan",10000,10,32,16,2,200,"b97502ef4c1796520d0acd01a82ea24d","state_allocation_thread_setup_sampling_divergence_check","iteration_difference","main_scaling","two_run_difference",NA,4,4.26633165829144,4.17989949748746,0.283690187626983,0.0615000000001729,4.30650000000016,0.0401683417087157,0.0213316582914572,0.062500000000199,4.22150000000022,0.0407185929650254,0.0208994974874373,0,FALSE,FALSE,3.7502944640754,750.05889281508,0,"4139;4149;4159;4169",994
"HPC","MD_BayesMVP_WCP","BayesMVP_NicoStan",10000,50,96,8,12,200,"b97502ef4c1796520d0acd01a82ea24d","state_allocation_thread_setup_sampling_divergence_check","iteration_difference","main_scaling","two_run_difference",NA,4,2.14673366834178,2.13115577889444,0.0400079114756327,0.0247499999999405,2.16075000000001,0.0140163316582317,0.0107336683417089,0.0245000000001596,2.14500000000012,0.0138492462308596,0.0106557788944722,0,FALSE,FALSE,3.72659176029951,745.318352059902,0,"4247;4265;4283;4301",1024
"HPC","MD_BayesMVP_WCP","BayesMVP_NicoStan",500,4,64,16,4,2000,"5fff1836d43ae39c037ca22d13a50ed5","state_allocation_thread_setup_sampling_divergence_check","iteration_difference","main_scaling","two_run_difference",NA,4,4.30165082541262,4.30265132566273,0.229337267868911,0.00950000000005957,4.30899999999997,0.00734917458735326,0.00215082541270631,0.00950000000000983,4.3094999999999,0.00731515757879928,0.00215132566283136,0,FALSE,FALSE,3.71950226770562,7439.00453541124,0,"3934;3940;3946;3952",942
"HPC","AD_Stan_WCP","NicoStan_BridgeStan",10000,100,128,4,32,80,"b97502ef4c1796520d0acd01a82ea24d","NicoStan_BridgeStan_state_allocation_thread_setup_sampling_model_load_divergence_check","iteration_difference","main_scaling","two_run_difference",100,4,1.07772151898733,1.08354430379746,0.0660761110300676,0.110750000000024,1.17500000000001,0.0972784810126827,0.0134715189873416,0.109500000000025,1.17650000000003,0.0967215189873672,0.0135443037974683,0,FALSE,FALSE,3.71153394409213,296.92271552737,0,"1886;1893;1900;1907",476
"HPC","AD_Stan_WCP","NicoStan_BridgeStan",10000,50,32,4,8,80,"b97502ef4c1796520d0acd01a82ea24d","NicoStan_BridgeStan_state_allocation_thread_setup_sampling_model_load_divergence_check","iteration_difference","main_scaling","two_run_difference",200,4,1.07822784810126,1.09367088607593,0.05861985090245,0.104500000000044,1.16925000000003,0.0910221518987785,0.0134778481012657,0.105500000000063,1.18100000000001,0.0914746835443677,0.0136708860759492,0,FALSE,FALSE,3.70979103075843,296.783282460674,0,"1811;1818;1825;1832",455
"HPC","MD_BayesMVP","BayesMVP_NicoStan",50000,100,32,32,1,50,"3f8ed78629bdab9b833b52bd1450ea30","state_allocation_thread_setup_sampling_divergence_check","iteration_difference","main_scaling","two_run_difference",NA,4,8.67423469387713,8.59183673469372,0.31676223559165,0.310250000000224,8.81099999999981,0.136765306122681,0.173484693877543,0.334500000000162,8.75849999999991,0.164612244898132,0.171836734693874,0,FALSE,FALSE,3.68908625709514,184.454312854757,0,"3814;3823;3832;3841",912
"HPC","AD_Stan_WCP","NicoStan_BridgeStan",2500,4,16,8,2,200,"229e14792b0f4550a6f1e0887b422826","NicoStan_BridgeStan_state_allocation_thread_setup_sampling_model_load_divergence_check","iteration_difference","main_scaling","two_run_difference",625,4,2.17336683417086,2.17738693467336,0.103520840397099,0.0554999999999986,2.218,0.0446331658291443,0.0108668341708543,0.0574999999999974,2.21849999999999,0.0466105527638165,0.0108869346733668,0,FALSE,FALSE,3.68092485549133,736.184971098265,0,"1545;1547;1549;1551",387
"HPC","AD_Stan_WCP","NicoStan_BridgeStan",10000,44,176,4,44,80,"b97502ef4c1796520d0acd01a82ea24d","NicoStan_BridgeStan_state_allocation_thread_setup_sampling_model_load_divergence_check","iteration_difference","main_scaling","two_run_difference",228,4,1.08886075949388,1.09316455696208,0.0164822894497496,0.101499999999874,1.17675000000008,0.0878892405062,0.0136107594936735,0.107499999999845,1.17900000000009,0.0940126582276886,0.013664556962026,0,FALSE,FALSE,3.67356428737431,293.885142989945,0,"2442;2444;2446;2448",612
"HPC","AD_Stan_WCP","NicoStan_BridgeStan",2500,10,16,4,4,200,"229e14792b0f4550a6f1e0887b422826","NicoStan_BridgeStan_state_allocation_thread_setup_sampling_model_load_divergence_check","iteration_difference","main_scaling","two_run_difference",250,4,1.09623115577889,1.0934673366834,0.0131392061433983,0.043250000000004,1.134,0.0377688442211095,0.00548115577889447,0.0474999999999994,1.137,0.0420552763819089,0.00546733668341702,0,FALSE,FALSE,3.64886545954618,729.773091909237,0,"1562;1565;1568;1571",392
"HPC","MD_BayesMVP","BayesMVP_NicoStan",500,1,4,4,1,400,"5fff1836d43ae39c037ca22d13a50ed5","state_allocation_thread_setup_sampling_divergence_check","iteration_difference","main_scaling","two_run_difference",NA,4,1.10877192982456,1.11027568922306,0.0113715619229211,0.00674999999999981,1.11275,0.00397807017543841,0.00277192982456141,0.00700000000000234,1.1135,0.00424185463659384,0.00277568922305765,0,FALSE,FALSE,3.60759493670886,1443.03797468354,0,"3075;3084;3093;3102",725
"HPC","AD_Stan_WCP","NicoStan_BridgeStan",50000,250,32,16,2,20,"3f8ed78629bdab9b833b52bd1450ea30","NicoStan_BridgeStan_state_allocation_thread_setup_sampling_model_load_divergence_check","iteration_difference","main_scaling","two_run_difference",200,4,4.46105263157901,4.4684210526317,0.103665061906062,0.661499999999933,4.89949999999999,0.438447368420982,0.22305263157895,0.658999999999878,4.89499999999998,0.435578947368293,0.223421052631585,0,FALSE,FALSE,3.58659745162808,71.7319490325616,0,"2253;2258;2263;2268",564
"HPC","AD_Stan_chunked","NicoStan_BridgeStan",50000,10,16,16,1,10,"3f8ed78629bdab9b833b52bd1450ea30","NicoStan_BridgeStan_state_allocation_thread_setup_sampling_model_load_divergence_check","iteration_difference","main_scaling","two_run_difference",5000,4,4.47444444444465,4.44666666666712,0.250950456638822,1.20925000000017,5.23625000000035,0.761805555555703,0.447444444444465,0.876500000000419,4.8695000000007,0.445222222222109,0.444666666666712,0,FALSE,FALSE,3.57586292525437,35.7586292525437,0,"593;594;595;596",149
"HPC","AD_Stan","NicoStan_BridgeStan",10000,1,4,4,1,20,"b97502ef4c1796520d0acd01a82ea24d","NicoStan_BridgeStan_state_allocation_thread_setup_sampling_model_load_divergence_check","iteration_difference","main_scaling","two_run_difference",NA,4,1.12789473684169,1.12578947368384,0.0102597835205161,0.146750000000281,1.21824999999989,0.090355263158197,0.0563947368420845,0.130500000000204,1.20699999999992,0.0742105263160118,0.0562894736841921,0,FALSE,FALSE,3.54643023798544,70.9286047597088,0,"81;82;83;84",21
"HPC","AD_Stan_WCP","NicoStan_BridgeStan",50000,250,32,8,4,20,"3f8ed78629bdab9b833b52bd1450ea30","NicoStan_BridgeStan_state_allocation_thread_setup_sampling_model_load_divergence_check","iteration_difference","main_scaling","two_run_difference",200,4,2.27500000000006,2.28947368421048,0.0289473684210064,0.478499999999997,2.63975000000005,0.364749999999994,0.113750000000003,0.476999999999975,2.64999999999998,0.3639736842105,0.114473684210524,0,FALSE,FALSE,3.51648351648343,70.3296703296686,0,"2230;2236;2242;2248",559
"HPC","AD_Stan_WCP","NicoStan_BridgeStan",500,10,16,4,4,800,"5fff1836d43ae39c037ca22d13a50ed5","NicoStan_BridgeStan_state_allocation_thread_setup_sampling_model_load_divergence_check","iteration_difference","main_scaling","two_run_difference",50,4,1.1712140175219,1.17396745932416,0.019179042758346,0.0105000000000004,1.18025,0.00903598247809802,0.00146401752190238,0.0114999999999981,1.184,0.0100325406758429,0.0014674593241552,0,FALSE,FALSE,3.41525967086984,2732.20773669587,0,"1498;1501;1504;1507",376
"HPC","AD_Stan_WCP","NicoStan_BridgeStan",50000,250,32,4,8,20,"3f8ed78629bdab9b833b52bd1450ea30","NicoStan_BridgeStan_state_allocation_thread_setup_sampling_model_load_divergence_check","iteration_difference","main_scaling","two_run_difference",200,4,1.17368421052621,1.17263157894716,0.130067103925327,0.407500000000027,1.52249999999992,0.348815789473717,0.0586842105263103,0.408000000000129,1.51499999999987,0.345894736842249,0.0586315789473582,0,FALSE,FALSE,3.40807174887924,68.1614349775849,0,"2203;2210;2217;2224",553
"HPC","MD_BayesMVP_WCP","BayesMVP_NicoStan",10000,16,128,8,16,200,"b97502ef4c1796520d0acd01a82ea24d","state_allocation_thread_setup_sampling_divergence_check","iteration_difference","main_scaling","two_run_difference",NA,4,2.3718592964822,2.38442211055225,0.0919181423439159,0.0450000000000159,2.4049999999998,0.0331407035176049,0.011859296482411,0.0449999999999591,2.41799999999967,0.0333592964823727,0.0119221105527613,0,FALSE,FALSE,3.37288135593251,674.576271186502,0,"4860;4866;4872;4878",1172
"HPC","MD_BayesMVP_WCP","BayesMVP_NicoStan",500,2,32,16,2,2000,"5fff1836d43ae39c037ca22d13a50ed5","state_allocation_thread_setup_sampling_divergence_check","iteration_difference","main_scaling","two_run_difference",NA,4,4.78964482241127,4.78539269634806,0.219071290296367,0.00950000000010931,4.79675000000017,0.00710517758890367,0.00239482241120564,0.00900000000000745,4.7930000000001,0.00663881940971218,0.00239269634817403,0,FALSE,FALSE,3.34053997597781,6681.07995195563,0,"3919;3922;3925;3928",936
"HPC","Mplus_standard","mplus",2500,1,64,64,1,400,"229e14792b0f4550a6f1e0887b422826","Mplus_input_write_engine_run_output_validation_BITERATIONS","overhead_subtraction","main_scaling","two_run_difference",NA,3,19.7809999999999,20.078,0.968286631117098,0.722333333333381,20.5033333333333,0.722333333333381,0.0494524999999998,0.72300000000007,20.802,0.72300000000007,0.0501949999999999,0,FALSE,FALSE,3.2354279358981,1294.17117435924,NA,"2902;2903;2904",702
"HPC","MD_BayesMVP_WCP","BayesMVP_NicoStan",2500,10,16,8,2,400,"229e14792b0f4550a6f1e0887b422826","state_allocation_thread_setup_sampling_divergence_check","iteration_difference","main_scaling","two_run_difference",NA,4,2.48421052631569,2.47167919799498,0.0374298841155802,0.0175000000000125,2.49549999999991,0.0112894736842233,0.00621052631578923,0.0175000000000125,2.483,0.0113208020050251,0.00617919799498745,0,FALSE,FALSE,3.22033898305097,1288.13559322039,0,"4032;4042;4052;4062",965
"HPC","AD_Stan_chunked","NicoStan_BridgeStan",500,2,2,2,1,200,"5fff1836d43ae39c037ca22d13a50ed5","NicoStan_BridgeStan_state_allocation_thread_setup_sampling_model_load_divergence_check","iteration_difference","main_scaling","two_run_difference",250,4,0.621608040202059,0.619597989951768,0.0121852820621952,0.011249999999301,0.62975000000035,0.00814195979829069,0.0031080402010103,0.0109999999993011,0.62750000000131,0.00794221105386887,0.00309798994975884,0,FALSE,FALSE,3.21746160064127,643.492320128254,0,"149;150;151;152",38
"HPC","MD_BayesMVP_WCP","BayesMVP_NicoStan",500,6,96,16,6,2000,"5fff1836d43ae39c037ca22d13a50ed5","state_allocation_thread_setup_sampling_divergence_check","iteration_difference","main_scaling","two_run_difference",NA,4,5.01125562781418,5.06553276638318,0.349541221013051,0.0114999999997565,5.02025000000003,0.00899437218584939,0.00250562781390709,0.0114999999997849,5.07449999999972,0.00902151075516231,0.00253276638319159,0,FALSE,FALSE,3.19281257798834,6385.62515597669,0,"4799;4803;4807;4811",1156
"HPC","AD_Stan_tape_chunked","NicoStan_BridgeStan",2500,4,2,2,1,40,"229e14792b0f4550a6f1e0887b422826","NicoStan_BridgeStan_state_allocation_thread_setup_sampling_model_load_divergence_check","iteration_difference","main_scaling","two_run_difference",625,4,0.64282051282051,0.643589743589749,0.00194150712677919,0.0412500000000016,0.667999999999999,0.0251794871794888,0.0160705128205128,0.0415000000000063,0.668500000000002,0.0254487179487245,0.0160897435897437,0,FALSE,FALSE,3.11128839250101,124.45153570004,0,"913;914;915;916",229
"HPC","AD_Stan_tape_chunked","NicoStan_BridgeStan",10000,10,4,4,1,20,"b97502ef4c1796520d0acd01a82ea24d","NicoStan_BridgeStan_state_allocation_thread_setup_sampling_model_load_divergence_check","iteration_difference","main_scaling","two_run_difference",1000,4,1.29078947368422,1.28947368421055,0.00347793466693589,0.140749999999997,1.367,0.0762105263157861,0.0645394736842109,0.141999999999996,1.36700000000002,0.0775263157894684,0.0644736842105275,0,FALSE,FALSE,3.09887869520895,61.977573904179,0,"1109;1110;1111;1112",278
"HPC","AD_Stan_tape_chunked","NicoStan_BridgeStan",500,2,2,2,1,200,"5fff1836d43ae39c037ca22d13a50ed5","NicoStan_BridgeStan_state_allocation_thread_setup_sampling_model_load_divergence_check","iteration_difference","main_scaling","two_run_difference",250,4,0.671356783919599,0.672361809045227,0.00635633700536403,0.0102499999999996,0.67825,0.00689321608040165,0.00335678391959799,0.00999999999999979,0.6795,0.00665326633165808,0.00336180904522613,0,FALSE,FALSE,2.97904191616766,595.808383233532,0,"797;798;799;800",200
"HPC","MD_BayesMVP_WCP","BayesMVP_NicoStan",10000,25,176,8,22,200,"b97502ef4c1796520d0acd01a82ea24d","state_allocation_thread_setup_sampling_divergence_check","iteration_difference","main_scaling","two_run_difference",NA,4,2.695477386935,2.68793969849269,0.206890388624197,0.0849999999998516,2.76700000000018,0.0715226130651766,0.013477386934675,0.0845000000000198,2.76050000000021,0.0717964824120803,0.0134396984924634,0,FALSE,FALSE,2.96793437732999,593.586875465997,0,"4183;4199;4215;4231",1008
"HPC","MD_BayesMVP","BayesMVP_NicoStan",10000,10,8,8,1,80,"b97502ef4c1796520d0acd01a82ea24d","state_allocation_thread_setup_sampling_divergence_check","iteration_difference","main_scaling","two_run_difference",NA,4,2.76455696202532,2.76000000000001,0.0422494152090533,0.0447500000000076,2.77475000000001,0.0101930379746911,0.0345569620253165,0.0445000000000562,2.77050000000003,0.00988607594936644,0.0345000000000001,0,FALSE,FALSE,2.89377289377289,231.501831501831,0,"3488;3497;3506;3515",829
"HPC","MD_BayesMVP_WCP","BayesMVP_NicoStan",500,8,128,16,8,2000,"5fff1836d43ae39c037ca22d13a50ed5","state_allocation_thread_setup_sampling_divergence_check","iteration_difference","main_scaling","two_run_difference",NA,4,5.59979989995004,5.60680340170101,0.0933776411712155,0.0109999999999388,5.608,0.00820010004996382,0.00279989994997502,0.0109999999997967,5.61549999999988,0.00823911955957659,0.0028034017008505,0,FALSE,FALSE,2.85724495265317,5714.48990530635,0,"4800;4804;4808;4812",1157
"HPC","AD_Stan_chunked","NicoStan_BridgeStan",10000,4,4,4,1,20,"b97502ef4c1796520d0acd01a82ea24d","NicoStan_BridgeStan_state_allocation_thread_setup_sampling_model_load_divergence_check","iteration_difference","main_scaling","two_run_difference",2500,4,1.40078947368369,1.39999999999897,0.00511186045060202,0.160500000000063,1.49124999999957,0.0904605263158785,0.0700394736841845,0.140499999999705,1.46899999999914,0.0706578947365595,0.0699999999999483,0,FALSE,FALSE,2.85553259440272,57.1106518880543,0,"405;406;407;408",102
"HPC","AD_Stan_chunked","NicoStan_BridgeStan",2500,4,2,2,1,40,"229e14792b0f4550a6f1e0887b422826","NicoStan_BridgeStan_state_allocation_thread_setup_sampling_model_load_divergence_check","iteration_difference","main_scaling","two_run_difference",625,4,0.705384615385298,0.699487179489091,0.014871794870484,0.0444999999995233,0.732250000000189,0.0268653846148908,0.0176346153846325,0.04200000000084,0.730499999999999,0.0241282051290589,0.0174871794872273,0,FALSE,FALSE,2.83533260632223,113.413304252889,0,"257;258;259;260",65
"HPC","MD_BayesMVP_WCP","BayesMVP_NicoStan",10000,50,32,8,4,200,"b97502ef4c1796520d0acd01a82ea24d","state_allocation_thread_setup_sampling_divergence_check","iteration_difference","main_scaling","two_run_difference",NA,4,2.82437185929668,2.82914572864321,0.0465676704618916,0.0375000000000227,2.84775000000022,0.0233781407035393,0.0141218592964834,0.0395000000002312,2.85849999999999,0.025188442211287,0.0141457286432161,0,FALSE,FALSE,2.83248821279226,566.497642558452,0,"4245;4263;4281;4299",1022
"HPC","MD_BayesMVP_WCP","BayesMVP_NicoStan",2500,8,32,4,8,400,"229e14792b0f4550a6f1e0887b422826","state_allocation_thread_setup_sampling_divergence_check","iteration_difference","main_scaling","two_run_difference",NA,4,1.42255639097748,1.39699248120314,0.0755236172884264,0.0102500000000703,1.42925000000011,0.00669360902262655,0.00355639097744371,0.0100000000002183,1.40300000000025,0.00634837092753745,0.00349248120300785,0,FALSE,FALSE,2.81183932346715,1124.73572938686,0,"4813;4817;4821;4825",1158
"HPC","Mplus_standard","mplus",500,1,64,64,1,2000,"5fff1836d43ae39c037ca22d13a50ed5","Mplus_input_write_engine_run_output_validation_BITERATIONS","overhead_subtraction","main_scaling","two_run_difference",NA,3,23.2516666666667,21.467,3.88744972100392,0.513,23.7646666666667,0.513,0.0116258333333333,0.477999999999994,21.939,0.477999999999994,0.0107335,0,FALSE,FALSE,2.75249086087019,5504.98172174038,NA,"2875;2876;2877",693
"HPC","MD_BayesMVP","BayesMVP_NicoStan",2500,10,2,2,1,80,"229e14792b0f4550a6f1e0887b422826","state_allocation_thread_setup_sampling_divergence_check","iteration_difference","main_scaling","two_run_difference",NA,4,0.771645569620257,0.752911392405075,0.0479063338633476,0.0182499999999948,0.780249999999999,0.00860443037974156,0.00964556962025321,0.0180000000000149,0.762,0.00870886075950872,0.00941139240506344,0,FALSE,FALSE,2.59186351706035,207.349081364828,0,"3334;3343;3352;3361",789
"HPC","AD_Stan_WCP","NicoStan_BridgeStan",10000,25,16,4,4,80,"b97502ef4c1796520d0acd01a82ea24d","NicoStan_BridgeStan_state_allocation_thread_setup_sampling_model_load_divergence_check","iteration_difference","main_scaling","two_run_difference",400,4,1.57696202531647,1.57873417721522,0.013135313185867,0.112499999999997,1.66975000000001,0.0927879746835413,0.0197120253164558,0.114499999999992,1.66550000000001,0.0947531645569545,0.0197341772151902,0,FALSE,FALSE,2.53652271632684,202.921817306147,0,"1746;1751;1756;1761",438
"HPC","MD_BayesMVP_WCP","BayesMVP_NicoStan",10000,50,64,4,16,200,"b97502ef4c1796520d0acd01a82ea24d","state_allocation_thread_setup_sampling_divergence_check","iteration_difference","main_scaling","two_run_difference",NA,4,1.5994974874372,1.59698492462294,0.0128836747224618,0.0219999999999061,1.61349999999992,0.0140025125627201,0.00799748743718598,0.0194999999998799,1.61199999999971,0.0115150753767652,0.00798492462311471,0,FALSE,FALSE,2.50078542255732,500.157084511464,0,"4240;4258;4276;4294",1017
"HPC","AD_Stan_WCP","NicoStan_BridgeStan",10000,10,16,8,2,80,"b97502ef4c1796520d0acd01a82ea24d","NicoStan_BridgeStan_state_allocation_thread_setup_sampling_model_load_divergence_check","iteration_difference","main_scaling","two_run_difference",1000,4,3.20025316455694,3.20202531645564,0.0717506051196805,0.122500000000016,3.28274999999999,0.0824968354430548,0.0400031645569617,0.120000000000005,3.28199999999998,0.0799556962025362,0.0400253164556956,0,FALSE,FALSE,2.49980223083619,199.984178466895,0,"1717;1720;1723;1726",430
"HPC","Mplus_standard","mplus",10000,1,96,96,1,200,"b97502ef4c1796520d0acd01a82ea24d","Mplus_input_write_engine_run_output_validation_BITERATIONS","overhead_subtraction","main_scaling","two_run_difference",NA,3,38.9859999999999,38.1489999999999,2.73143716749984,1.70000000000005,40.6859999999999,1.70000000000005,0.194929999999999,1.69900000000007,39.848,1.69900000000007,0.190744999999999,0,FALSE,FALSE,2.46242240804392,492.484481608784,NA,"2932;2933;2934",712
"HPC","MD_BayesMVP_WCP","BayesMVP_NicoStan",50000,100,64,16,4,100,"3f8ed78629bdab9b833b52bd1450ea30","state_allocation_thread_setup_sampling_divergence_check","iteration_difference","main_scaling","two_run_difference",NA,4,6.78106060606025,6.7641414141412,0.0863321264906517,0.207250000000215,6.92049999999986,0.139439393939613,0.0678106060606025,0.200500000000261,6.91049999999996,0.132520202020468,0.067641414141412,0,FALSE,FALSE,2.35951290358632,235.951290358632,0,"4595;4613;4631;4649",1114
"HPC","AD_Stan","NicoStan_BridgeStan",50000,1,8,8,1,10,"3f8ed78629bdab9b833b52bd1450ea30","NicoStan_BridgeStan_state_allocation_thread_setup_sampling_model_load_divergence_check","iteration_difference","main_scaling","two_run_difference",NA,4,3.39666666666674,3.36000000000017,0.107047929728919,0.945250000000051,4.00225000000012,0.605583333333377,0.339666666666674,0.7620000000001,3.78550000000016,0.427833333333436,0.336000000000018,0,FALSE,FALSE,2.35525024533852,23.5525024533852,0,"121;122;123;124",31
"HPC","AD_Stan_tape_chunked","NicoStan_BridgeStan",50000,50,8,8,1,10,"3f8ed78629bdab9b833b52bd1450ea30","NicoStan_BridgeStan_state_allocation_thread_setup_sampling_model_load_divergence_check","iteration_difference","main_scaling","two_run_difference",1000,4,3.42166666666679,3.40555555555574,0.0818132974391007,0.723250000000007,3.80275000000012,0.381083333333328,0.342166666666679,0.723499999999945,3.78650000000016,0.379944444444441,0.340555555555574,0,FALSE,FALSE,2.33804188991711,23.3804188991711,0,"1329;1330;1331;1332",333
"HPC","MD_BayesMVP_WCP","BayesMVP_NicoStan",2500,4,16,4,4,400,"229e14792b0f4550a6f1e0887b422826","state_allocation_thread_setup_sampling_divergence_check","iteration_difference","main_scaling","two_run_difference",NA,4,1.72280701754355,1.72380952380909,0.0170622521790345,0.0102500000002621,1.72874999999995,0.00594298245640324,0.00430701754385886,0.0100000000002112,1.72999999999988,0.00570426065184073,0.00430952380952271,0,FALSE,FALSE,2.32179226069289,928.716904277155,0,"4006;4012;4018;4024",957
"HPC","MD_BayesMVP_WCP","BayesMVP_NicoStan",50000,100,176,16,11,100,"3f8ed78629bdab9b833b52bd1450ea30","state_allocation_thread_setup_sampling_divergence_check","iteration_difference","main_scaling","two_run_difference",NA,4,7.03686868686834,7.12626262626235,0.290522446949009,0.24550000000022,7.21199999999988,0.175131313131537,0.0703686868686834,0.240500000000225,7.30649999999991,0.16912626262649,0.0712626262626235,0,FALSE,FALSE,2.27373860618686,227.373860618686,0,"4598;4616;4634;4652",1117
"HPC","AD_Stan_WCP","NicoStan_BridgeStan",500,4,8,4,2,800,"5fff1836d43ae39c037ca22d13a50ed5","NicoStan_BridgeStan_state_allocation_thread_setup_sampling_model_load_divergence_check","iteration_difference","main_scaling","two_run_difference",125,4,1.7819774718398,1.78222778473092,0.0012598805899498,0.0147499999999994,1.7945,0.0125225281601996,0.00222747183979975,0.0145,1.7935,0.0122734668335419,0.00222778473091365,0,FALSE,FALSE,2.24469728894508,1795.75783115606,0,"1473;1475;1477;1479",369
"HPC","MD_BayesMVP_WCP","BayesMVP_NicoStan",50000,100,96,16,6,100,"3f8ed78629bdab9b833b52bd1450ea30","state_allocation_thread_setup_sampling_divergence_check","iteration_difference","main_scaling","two_run_difference",NA,4,7.13409090909108,7.206565656566,0.172660067261325,0.207249999999931,7.2700000000001,0.13590909090902,0.0713409090909108,0.197999999999865,7.32950000000028,0.125702020201883,0.07206565656566,0,FALSE,FALSE,2.2427524689391,224.27524689391,0,"4596;4614;4632;4650",1115
"HPC","MD_BayesMVP_WCP","BayesMVP_NicoStan",50000,100,128,16,8,100,"3f8ed78629bdab9b833b52bd1450ea30","state_allocation_thread_setup_sampling_divergence_check","iteration_difference","main_scaling","two_run_difference",NA,4,7.25757575757562,7.22424242424253,0.22945677114054,0.211250000000007,7.39624999999987,0.138674242424251,0.0725757575757562,0.210000000000036,7.37399999999997,0.139262626262666,0.0722424242424253,0,FALSE,FALSE,2.20459290187896,220.459290187896,0,"4597;4615;4633;4651",1116
"HPC","MD_BayesMVP_WCP","BayesMVP_NicoStan",10000,24,96,4,24,200,"b97502ef4c1796520d0acd01a82ea24d","state_allocation_thread_setup_sampling_divergence_check","iteration_difference","main_scaling","two_run_difference",NA,4,1.82085427135669,1.81507537688446,0.124001190362746,0.0240000000001146,1.83575000000002,0.0148957286433312,0.00910427135678344,0.0240000000002283,1.82900000000006,0.0143793969851536,0.00907537688442231,0,FALSE,FALSE,2.19677107768744,439.354215537487,0,"4858;4864;4870;4876",1170
"HPC","MD_BayesMVP_WCP","BayesMVP_NicoStan",10000,8,32,4,8,200,"b97502ef4c1796520d0acd01a82ea24d","state_allocation_thread_setup_sampling_divergence_check","iteration_difference","main_scaling","two_run_difference",NA,4,1.84296482412038,1.85326633165834,0.0264428585268625,0.0297500000000923,1.86349999999987,0.0205351758794904,0.00921482412060192,0.0284999999997808,1.87449999999978,0.0192236180902331,0.00926633165829171,0,FALSE,FALSE,2.17041581458785,434.08316291757,0,"4841;4845;4849;4853",1165
"HPC","AD_Stan_chunked","NicoStan_BridgeStan",50000,10,8,8,1,10,"3f8ed78629bdab9b833b52bd1450ea30","NicoStan_BridgeStan_state_allocation_thread_setup_sampling_model_load_divergence_check","iteration_difference","main_scaling","two_run_difference",5000,4,3.8830555555555,3.90166666666655,0.16639082111035,1.01199999999992,4.50674999999987,0.623694444444365,0.38830555555555,0.771499999999833,4.38699999999972,0.377111111111219,0.390166666666655,0,FALSE,FALSE,2.06023320695331,20.6023320695331,0,"589;590;591;592",148
"HPC","AD_Stan_WCP","NicoStan_BridgeStan",2500,4,8,4,2,200,"229e14792b0f4550a6f1e0887b422826","NicoStan_BridgeStan_state_allocation_thread_setup_sampling_model_load_divergence_check","iteration_difference","main_scaling","two_run_difference",625,4,1.94824120603015,1.94371859296483,0.0224205465752182,0.0470000000000006,1.9855,0.0372587939698499,0.00974120603015074,0.0489999999999924,1.978,0.0392185929648165,0.00971859296482414,0,FALSE,FALSE,2.05313386639154,410.626773278308,0,"1537;1539;1541;1543",385
"HPC","AD_Stan","NicoStan_BridgeStan",500,1,1,1,1,200,"5fff1836d43ae39c037ca22d13a50ed5","NicoStan_BridgeStan_state_allocation_thread_setup_sampling_model_load_divergence_check","iteration_difference","main_scaling","two_run_difference",NA,4,0.488944723616658,0.488442211054151,0.00414382474989455,0.0105000000011715,0.496999999999746,0.00805527638308817,0.00244472361808329,0.0105000000011204,0.497499999999491,0.00803768844333707,0.00244221105527075,0,FALSE,FALSE,2.04522096609027,409.044193218054,0,"1;2;3;4",1
"HPC","AD_Stan_WCP","NicoStan_BridgeStan",50000,100,16,4,4,20,"3f8ed78629bdab9b833b52bd1450ea30","NicoStan_BridgeStan_state_allocation_thread_setup_sampling_model_load_divergence_check","iteration_difference","main_scaling","two_run_difference",500,4,1.95578947368427,1.96157894736847,0.0340874980807602,0.429499999999905,2.28749999999997,0.331710526315691,0.0977894736842137,0.429499999999848,2.29299999999989,0.33155263157876,0.0980789473684234,0,FALSE,FALSE,2.04520990312157,40.9041980624314,0,"2130;2137;2144;2151",534
"HPC","AD_Stan_WCP","NicoStan_BridgeStan",50000,50,16,8,2,20,"3f8ed78629bdab9b833b52bd1450ea30","NicoStan_BridgeStan_state_allocation_thread_setup_sampling_model_load_divergence_check","iteration_difference","main_scaling","two_run_difference",1000,4,3.94578947368425,3.94842105263155,0.115740021337555,0.59499999999997,4.34350000000001,0.397710526315758,0.197289473684212,0.591499999999996,4.34299999999996,0.394078947368419,0.197421052631578,0,FALSE,FALSE,2.02747765772974,40.5495531545948,0,"2085;2091;2097;2103",522
"HPC","MD_BayesMVP_WCP","BayesMVP_NicoStan",10000,10,16,8,2,200,"b97502ef4c1796520d0acd01a82ea24d","state_allocation_thread_setup_sampling_divergence_check","iteration_difference","main_scaling","two_run_difference",NA,4,3.99447236180915,3.96381909547758,0.0877139960749082,0.0515000000000256,4.02600000000013,0.0315276381909799,0.0199723618090458,0.0515000000000327,3.99300000000024,0.0318316582914889,0.0198190954773879,0,FALSE,FALSE,2.00276764372872,400.553528745744,0,"4136;4146;4156;4166",991
"HPC","MD_BayesMVP_WCP","BayesMVP_NicoStan",10000,50,128,4,32,200,"b97502ef4c1796520d0acd01a82ea24d","state_allocation_thread_setup_sampling_divergence_check","iteration_difference","main_scaling","two_run_difference",NA,4,2.0243718592965,1.98643216080424,0.108543876784971,0.0372499999998439,2.05149999999986,0.0271281407033614,0.0101218592964825,0.0324999999996294,2.00899999999984,0.0225678391956082,0.00993216080402118,0,FALSE,FALSE,1.97592155889287,395.184311778574,0,"4242;4260;4278;4296",1019
"HPC","MD_BayesMVP_WCP","BayesMVP_NicoStan",500,4,32,8,4,2000,"5fff1836d43ae39c037ca22d13a50ed5","state_allocation_thread_setup_sampling_divergence_check","iteration_difference","main_scaling","two_run_difference",NA,4,4.07328664332206,4.10255127563816,0.179714233710152,0.00749999999980311,4.07875000000021,0.00546335667814208,0.00203664332166103,0.0069999999996071,4.10900000000014,0.0050160080036087,0.00205127563781908,0,FALSE,FALSE,1.96401596561233,3928.03193122467,0,"3932;3938;3944;3950",940
"HPC","MD_BayesMVP_WCP","BayesMVP_NicoStan",500,8,64,8,8,2000,"5fff1836d43ae39c037ca22d13a50ed5","state_allocation_thread_setup_sampling_divergence_check","iteration_difference","main_scaling","two_run_difference",NA,4,4.09529764882428,4.05552776388176,0.093024556281593,0.00925000000000864,4.10249999999988,0.0072023511755965,0.00204764882441214,0.00950000000011642,4.06399999999991,0.00747648824423867,0.00202776388194088,0,FALSE,FALSE,1.95345996457589,3906.91992915178,0,"4798;4802;4806;4810",1155
"HPC","MD_BayesMVP","BayesMVP_NicoStan",50000,100,16,16,1,50,"3f8ed78629bdab9b833b52bd1450ea30","state_allocation_thread_setup_sampling_divergence_check","iteration_difference","main_scaling","two_run_difference",NA,4,8.28341836734729,8.26275510204113,0.104959532869131,0.242499999999836,8.36025000000018,0.0768316326528905,0.165668367346946,0.254000000000133,8.32950000000028,0.0868469387756398,0.165255102040823,0,FALSE,FALSE,1.93156970835507,96.5784854177533,0,"3813;3822;3831;3840",911
"HPC","AD_Stan","NicoStan_BridgeStan",2500,1,1,1,1,40,"229e14792b0f4550a6f1e0887b422826","NicoStan_BridgeStan_state_allocation_thread_setup_sampling_model_load_divergence_check","iteration_difference","main_scaling","two_run_difference",NA,4,0.524102564101282,0.524102564101745,0.0067515957792263,0.0422500000004868,0.553249999999236,0.0291474358979548,0.013102564102532,0.040500000000975,0.554999999998472,0.027512820513379,0.0131025641025436,0,FALSE,FALSE,1.90802348337062,76.3209393348247,0,"37;38;39;40",10
"HPC","MD_BayesMVP_WCP","BayesMVP_NicoStan",50000,50,64,8,8,100,"3f8ed78629bdab9b833b52bd1450ea30","state_allocation_thread_setup_sampling_divergence_check","iteration_difference","main_scaling","two_run_difference",NA,4,4.29898989898973,4.30050505050493,0.199630648984822,0.127000000000038,4.38299999999987,0.0840101010101407,0.0429898989898973,0.1280000000001,4.38249999999982,0.0853131313132326,0.0430050505050493,0,FALSE,FALSE,1.86090225563917,186.090225563917,0,"4518;4536;4554;4572",1091
"HPC","AD_Stan","NicoStan_BridgeStan",10000,1,2,2,1,20,"b97502ef4c1796520d0acd01a82ea24d","NicoStan_BridgeStan_state_allocation_thread_setup_sampling_model_load_divergence_check","iteration_difference","main_scaling","two_run_difference",NA,4,1.10236842105283,1.10157894736882,0.00532420733512529,0.137749999999819,1.18500000000001,0.0826315789471778,0.0551184210526415,0.12099999999964,1.16750000000002,0.0659210526311989,0.055078947368441,0,FALSE,FALSE,1.8142754834086,36.285509668172,0,"77;78;79;80",20
"HPC","MD_BayesMVP","BayesMVP_NicoStan",500,2,2,2,1,400,"5fff1836d43ae39c037ca22d13a50ed5","state_allocation_thread_setup_sampling_divergence_check","iteration_difference","main_scaling","two_run_difference",NA,4,1.10451127819548,1.10225563909774,0.0251010566310054,0.00425000000000431,1.106,0.0014887218045156,0.00276127819548871,0.00400000000001022,1.10399999999999,0.00126942355890748,0.00275563909774435,0,FALSE,FALSE,1.81075561606536,724.302246426144,0,"3110;3119;3128;3137",733
"HPC","MD_BayesMVP_WCP","BayesMVP_NicoStan",500,2,16,8,2,2000,"5fff1836d43ae39c037ca22d13a50ed5","state_allocation_thread_setup_sampling_divergence_check","iteration_difference","main_scaling","two_run_difference",NA,4,4.68059029514725,4.66433216608264,0.0638461064299758,0.00750000000013262,4.68574999999981,0.005159704852559,0.00234029514757362,0.00799999999990497,4.66999999999996,0.0056678339173184,0.00233216608304132,0,FALSE,FALSE,1.70918612729131,3418.37225458261,0,"3918;3921;3924;3927",935
"HPC","MD_BayesMVP_WCP","BayesMVP_NicoStan",50000,100,96,8,12,100,"3f8ed78629bdab9b833b52bd1450ea30","state_allocation_thread_setup_sampling_divergence_check","iteration_difference","main_scaling","two_run_difference",NA,4,4.83762626262642,4.82626262626299,0.120283691802209,0.142749999999864,4.93200000000002,0.0943737373736003,0.0483762626262642,0.1394999999996,4.91750000000002,0.0912373737369704,0.0482626262626299,0,FALSE,FALSE,1.65370360703654,165.370360703654,0,"4591;4609;4627;4645",1110
"HPC","MD_BayesMVP_WCP","BayesMVP_NicoStan",2500,4,8,4,2,400,"229e14792b0f4550a6f1e0887b422826","state_allocation_thread_setup_sampling_divergence_check","iteration_difference","main_scaling","two_run_difference",NA,4,2.43182957393489,2.43759398496254,0.0376207089642977,0.0115000000000336,2.43725000000009,0.00542042606519637,0.00607957393483723,0.0115000000000691,2.4445000000001,0.00546240601503566,0.00609398496240635,0,FALSE,FALSE,1.64485210759555,657.940843038221,0,"4005;4011;4017;4023",956
"HPC","Mplus_WCP","mplus",10000,1,128,4,32,500,"b97502ef4c1796520d0acd01a82ea24d","Mplus_input_write_engine_run_output_validation_BITERATIONS","overhead_subtraction","main_scaling","two_run_difference",NA,3,2.45999999999996,2.26899999999978,0.437939493537658,0.558666666666719,3.01866666666668,0.558666666666719,0.00491999999999992,0.570000000000164,2.83899999999994,0.570000000000164,0.00453799999999956,0,FALSE,FALSE,1.62601626016263,813.008130081314,NA,"2586;2593;2600",656
"HPC","Mplus_standard","mplus",50000,1,180,180,1,100,"3f8ed78629bdab9b833b52bd1450ea30","Mplus_input_write_engine_run_output_validation_BITERATIONS","overhead_subtraction","main_scaling","two_run_difference",NA,3,110.854,111.506,1.53372226951286,8.20700000000003,119.061,8.20700000000003,1.10854,8.22600000000011,119.734,8.22600000000011,1.11506,0,FALSE,FALSE,1.62375737456474,162.375737456474,NA,"2962;2963;2964",722
"HPC","AD_Stan_chunked","NicoStan_BridgeStan",500,2,1,1,1,200,"5fff1836d43ae39c037ca22d13a50ed5","NicoStan_BridgeStan_state_allocation_thread_setup_sampling_model_load_divergence_check","iteration_difference","main_scaling","two_run_difference",250,4,0.617085427135466,0.617085427135254,0.00733966576184351,0.0119999999994542,0.625999999999243,0.00891457286377689,0.00308542713567733,0.0119999999994036,0.626499999998487,0.00890452261246747,0.00308542713567627,0,FALSE,FALSE,1.62052117263899,324.104234527799,0,"145;146;147;148",37
"HPC","MD_BayesMVP_WCP","BayesMVP_NicoStan",50000,100,176,8,22,100,"3f8ed78629bdab9b833b52bd1450ea30","state_allocation_thread_setup_sampling_divergence_check","iteration_difference","main_scaling","two_run_difference",NA,4,4.97550505050461,5.03232323232286,0.202019149829267,0.170750000000254,5.09649999999982,0.120994949495208,0.0497550505050461,0.173000000000172,5.15049999999997,0.123813131313309,0.0503232323232286,0,FALSE,FALSE,1.60787697304993,160.787697304993,0,"4593;4611;4629;4647",1112
"HPC","MD_BayesMVP_WCP","BayesMVP_NicoStan",10000,44,176,4,44,200,"b97502ef4c1796520d0acd01a82ea24d","state_allocation_thread_setup_sampling_divergence_check","iteration_difference","main_scaling","two_run_difference",NA,4,2.52185929648231,2.53869346733652,0.217719427507314,0.0702500000000441,2.57949999999994,0.0576407035176326,0.0126092964824115,0.0625000000001137,2.60399999999981,0.0499748743719732,0.0126934673366826,0,FALSE,FALSE,1.58613131413776,317.226262827551,0,"4882;4884;4886;4888",1176
"HPC","MD_BayesMVP_WCP","BayesMVP_NicoStan",50000,100,128,8,16,100,"3f8ed78629bdab9b833b52bd1450ea30","state_allocation_thread_setup_sampling_divergence_check","iteration_difference","main_scaling","two_run_difference",NA,4,5.06893939393976,5.13787878787879,0.186476747949944,0.136749999999807,5.15500000000017,0.0860606060604098,0.0506893939393976,0.133499999999856,5.22800000000001,0.0819999999995998,0.0513787878787879,0,FALSE,FALSE,1.57823942609464,157.823942609464,0,"4592;4610;4628;4646",1111
"HPC","AD_Stan_tape_chunked","NicoStan_BridgeStan",10000,10,2,2,1,20,"b97502ef4c1796520d0acd01a82ea24d","NicoStan_BridgeStan_state_allocation_thread_setup_sampling_model_load_divergence_check","iteration_difference","main_scaling","two_run_difference",1000,4,1.27947368421053,1.27631578947369,0.00903466188742844,0.137,1.35250000000001,0.0730263157894738,0.0639736842105266,0.137,1.35050000000001,0.0727368421052634,0.0638157894736845,0,FALSE,FALSE,1.56314273961332,31.2628547922664,0,"1105;1106;1107;1108",277
"HPC","AD_Stan_tape_chunked","NicoStan_BridgeStan",2500,2,1,1,1,40,"229e14792b0f4550a6f1e0887b422826","NicoStan_BridgeStan_state_allocation_thread_setup_sampling_model_load_divergence_check","iteration_difference","main_scaling","two_run_difference",1250,4,0.641025641025641,0.641025641025641,0.00264819374099597,0.0432500000000005,0.66825,0.0272243589743594,0.016025641025641,0.0429999999999993,0.667999999999999,0.0269743589743582,0.016025641025641,0,FALSE,FALSE,1.56,62.4,0,"1053;1054;1055;1056",264
"HPC","Mplus_standard","mplus",2500,1,32,32,1,400,"229e14792b0f4550a6f1e0887b422826","Mplus_input_write_engine_run_output_validation_BITERATIONS","overhead_subtraction","main_scaling","two_run_difference",NA,3,20.655,20.6129999999999,1.1265873246225,0.680333333333351,21.3353333333333,0.680333333333351,0.0516374999999999,0.66700000000003,21.28,0.66700000000003,0.0515324999999999,0,FALSE,FALSE,1.54926167998064,619.704671992254,NA,"2899;2900;2901",701
"HPC","MD_BayesMVP_WCP","BayesMVP_NicoStan",50000,100,32,16,2,100,"3f8ed78629bdab9b833b52bd1450ea30","state_allocation_thread_setup_sampling_divergence_check","iteration_difference","main_scaling","two_run_difference",NA,4,10.5608585858586,10.6964646464645,0.361202456012696,0.25525000000016,10.7105000000002,0.149641414141574,0.105608585858586,0.258000000000209,10.8475000000001,0.151035353535564,0.106964646464645,0,FALSE,FALSE,1.51502833504698,151.502833504698,0,"4594;4612;4630;4648",1113
"HPC","Mplus_WCP","mplus",10000,1,176,8,22,500,"b97502ef4c1796520d0acd01a82ea24d","Mplus_input_write_engine_run_output_validation_BITERATIONS","overhead_subtraction","main_scaling","two_run_difference",NA,3,5.35533333333334,5.7349999999999,0.67325057247163,0.626666666666627,5.98199999999997,0.626666666666627,0.0107106666666667,0.619999999999891,6.37300000000005,0.619999999999891,0.0114699999999998,0,FALSE,FALSE,1.49383791858583,746.918959292915,NA,"2607;2613;2619",663
"HPC","AD_Stan_tape_chunked","NicoStan_BridgeStan",500,2,1,1,1,200,"5fff1836d43ae39c037ca22d13a50ed5","NicoStan_BridgeStan_state_allocation_thread_setup_sampling_model_load_divergence_check","iteration_difference","main_scaling","two_run_difference",250,4,0.671859296482412,0.671356783919598,0.00502512562814041,0.0102500000000001,0.67875,0.00689070351758803,0.00335929648241206,0.0100000000000007,0.6775,0.00665829145728711,0.00335678391959799,0,FALSE,FALSE,1.48840688107704,297.681376215408,0,"793;794;795;796",199
"HPC","Mplus_standard","mplus",10000,1,64,64,1,200,"b97502ef4c1796520d0acd01a82ea24d","Mplus_input_write_engine_run_output_validation_BITERATIONS","overhead_subtraction","main_scaling","two_run_difference",NA,3,43.1900000000001,40.1609999999998,6.65068139366194,1.59299999999992,44.7830000000001,1.59299999999992,0.215950000000001,1.59199999999987,41.7629999999999,1.59199999999987,0.200804999999999,0,FALSE,FALSE,1.4818244964112,296.36489928224,NA,"2929;2930;2931",711
"HPC","MD_BayesMVP_WCP","BayesMVP_NicoStan",10000,50,16,4,4,200,"b97502ef4c1796520d0acd01a82ea24d","state_allocation_thread_setup_sampling_divergence_check","iteration_difference","main_scaling","two_run_difference",NA,4,2.70150753768832,2.70301507537689,0.0703469727974037,0.0254999999999654,2.71349999999984,0.0119924623115239,0.0135075376884416,0.0249999999999488,2.71899999999997,0.0117939698491963,0.0135150753768845,0,FALSE,FALSE,1.48065476190483,296.130952380966,0,"4238;4256;4274;4292",1015
"HPC","AD_Stan_chunked","NicoStan_BridgeStan",10000,4,2,2,1,20,"b97502ef4c1796520d0acd01a82ea24d","NicoStan_BridgeStan_state_allocation_thread_setup_sampling_model_load_divergence_check","iteration_difference","main_scaling","two_run_difference",2500,4,1.38157894736811,1.38105263157794,0.0129063678297917,0.153500000000058,1.46599999999977,0.0844210526316522,0.0690789473684057,0.134500000000116,1.45749999999953,0.064868421052779,0.0690526315788971,0,FALSE,FALSE,1.44761904761937,28.9523809523874,0,"401;402;403;404",101
"HPC","AD_Stan_chunked","NicoStan_BridgeStan",2500,4,1,1,1,40,"229e14792b0f4550a6f1e0887b422826","NicoStan_BridgeStan_state_allocation_thread_setup_sampling_model_load_divergence_check","iteration_difference","main_scaling","two_run_difference",625,4,0.69230769230711,0.690256410255246,0.0152817071037778,0.0472500000000373,0.72224999999947,0.0299423076923596,0.0173076923076778,0.0450000000000728,0.717999999998938,0.0277435897436916,0.0172564102563812,0,FALSE,FALSE,1.44444444444566,57.7777777778264,0,"253;254;255;256",64
"HPC","Mplus_WCP","mplus",10000,1,176,4,44,500,"b97502ef4c1796520d0acd01a82ea24d","Mplus_input_write_engine_run_output_validation_BITERATIONS","overhead_subtraction","main_scaling","two_run_difference",NA,3,2.77199999999993,2.72000000000003,0.316223022564748,0.581333333333381,3.35333333333332,0.581333333333381,0.00554399999999987,0.576999999999998,3.29700000000003,0.576999999999998,0.00544000000000005,0,FALSE,FALSE,1.44300144300148,721.500721500739,NA,"2587;2594;2601",657
"HPC","MD_BayesMVP","BayesMVP_NicoStan",10000,50,4,4,1,80,"b97502ef4c1796520d0acd01a82ea24d","state_allocation_thread_setup_sampling_divergence_check","iteration_difference","main_scaling","two_run_difference",NA,4,2.79468354430381,2.7853164556962,0.080110482914809,0.0414999999999921,2.80125000000001,0.00656645569619445,0.0349335443037977,0.0414999999999992,2.79199999999999,0.00668354430379673,0.0348164556962025,0,FALSE,FALSE,1.43128906603858,114.503125283087,0,"3559;3568;3577;3586",846
"HPC","Mplus_WCP","mplus",50000,1,176,4,44,100,"3f8ed78629bdab9b833b52bd1450ea30","Mplus_input_write_engine_run_output_validation_BITERATIONS","overhead_subtraction","main_scaling","two_run_difference",NA,3,2.86233333333348,2.83600000000024,0.124604708311188,1.06100000000015,3.92333333333363,1.06100000000015,0.0286233333333348,1.10800000000017,3.94700000000012,1.10800000000017,0.0283600000000024,0,FALSE,FALSE,1.397461278677,139.7461278677,NA,"2641;2648;2655",675
"HPC","Mplus_WCP","mplus",10000,1,176,16,11,500,"b97502ef4c1796520d0acd01a82ea24d","Mplus_input_write_engine_run_output_validation_BITERATIONS","overhead_subtraction","main_scaling","two_run_difference",NA,3,11.533,11.6970000000001,0.87756937047746,0.627333333333354,12.1603333333333,0.627333333333354,0.023066,0.614000000000033,12.3020000000001,0.614000000000033,0.0233940000000002,0,FALSE,FALSE,1.38732333304431,693.661666522155,NA,"2624;2629;2634",668
"HPC","AD_Stan_WCP","NicoStan_BridgeStan",10000,10,8,4,2,80,"b97502ef4c1796520d0acd01a82ea24d","NicoStan_BridgeStan_state_allocation_thread_setup_sampling_model_load_divergence_check","iteration_difference","main_scaling","two_run_difference",1000,4,2.92151898734175,2.91898734177212,0.0336369233238536,0.113,2.99799999999998,0.0764810126582277,0.0365189873417719,0.111500000000007,2.99849999999995,0.0750126582278551,0.0364873417721515,0,FALSE,FALSE,1.36915077989602,109.532062391682,0,"1705;1708;1711;1714",427
"HPC","MD_BayesMVP","BayesMVP_NicoStan",2500,8,1,1,1,80,"229e14792b0f4550a6f1e0887b422826","state_allocation_thread_setup_sampling_divergence_check","iteration_difference","main_scaling","two_run_difference",NA,4,0.733164556962026,0.731645569620253,0.00413415990343156,0.0109999999999992,0.734999999999999,0.00183544303797391,0.00916455696202532,0.0109999999999992,0.733499999999999,0.00185443037974607,0.00914556962025317,0,FALSE,FALSE,1.36395027624309,109.116022099447,0,"3409;3410;3411;3412",807
"HPC","Mplus_standard","mplus",500,1,32,32,1,2000,"5fff1836d43ae39c037ca22d13a50ed5","Mplus_input_write_engine_run_output_validation_BITERATIONS","overhead_subtraction","main_scaling","two_run_difference",NA,3,23.8086666666667,24.476,2.14531031166434,0.464666666666667,24.2733333333333,0.464666666666667,0.0119043333333333,0.465,24.954,0.465,0.012238,0,FALSE,FALSE,1.34404838574189,2688.09677148377,NA,"2872;2873;2874",692
"HPC","Mplus_WCP","mplus",10000,1,128,16,8,500,"b97502ef4c1796520d0acd01a82ea24d","Mplus_input_write_engine_run_output_validation_BITERATIONS","overhead_subtraction","main_scaling","two_run_difference",NA,3,11.9306666666667,12.1669999999999,0.942003361635734,0.590333333333244,12.521,0.590333333333244,0.0238613333333334,0.591999999999871,12.7599999999998,0.591999999999871,0.0243339999999998,0,FALSE,FALSE,1.34108180599016,670.54090299508,NA,"2623;2628;2633",667
"HPC","Mplus_WCP","mplus",50000,1,128,4,32,100,"3f8ed78629bdab9b833b52bd1450ea30","Mplus_input_write_engine_run_output_validation_BITERATIONS","overhead_subtraction","main_scaling","two_run_difference",NA,3,3.02533333333349,2.92700000000013,0.231716061880154,1.04066666666661,4.06600000000011,1.04066666666661,0.0302533333333349,1.05499999999984,3.98300000000017,1.05499999999984,0.0292700000000013,0,FALSE,FALSE,1.32216835610394,132.216835610394,NA,"2640;2647;2654",674
"HPC","Mplus_WCP","mplus",50000,1,176,16,11,100,"3f8ed78629bdab9b833b52bd1450ea30","Mplus_input_write_engine_run_output_validation_BITERATIONS","overhead_subtraction","main_scaling","two_run_difference",NA,3,12.2023333333336,12.2310000000002,0.346889511708686,1.12366666666655,13.3260000000002,1.12366666666655,0.122023333333336,1.14199999999983,13.3040000000001,1.14199999999983,0.122310000000002,0,FALSE,FALSE,1.31122462916925,131.122462916925,NA,"2678;2683;2688",686
"HPC","Mplus_WCP","mplus",50000,1,176,8,22,100,"3f8ed78629bdab9b833b52bd1450ea30","Mplus_input_write_engine_run_output_validation_BITERATIONS","overhead_subtraction","main_scaling","two_run_difference",NA,3,6.21133333333334,6.12899999999945,0.411721183974619,1.11366666666663,7.32499999999997,1.11366666666663,0.0621133333333334,1.06899999999996,7.1899999999996,1.06899999999996,0.0612899999999945,0,FALSE,FALSE,1.28796823011699,128.796823011699,NA,"2661;2667;2673",681
"HPC","MD_BayesMVP_WCP","BayesMVP_NicoStan",50000,100,32,8,4,100,"3f8ed78629bdab9b833b52bd1450ea30","state_allocation_thread_setup_sampling_divergence_check","iteration_difference","main_scaling","two_run_difference",NA,4,6.2444444444442,6.27222222222233,0.165707883978991,0.154250000000133,6.33624999999989,0.0918055555556905,0.062444444444442,0.156999999999869,6.36649999999997,0.0942777777776453,0.0627222222222233,0,FALSE,FALSE,1.28113879003564,128.113879003564,0,"4589;4607;4625;4643",1108
"HPC","AD_Stan","NicoStan_BridgeStan",50000,1,4,4,1,10,"3f8ed78629bdab9b833b52bd1450ea30","NicoStan_BridgeStan_state_allocation_thread_setup_sampling_model_load_divergence_check","iteration_difference","main_scaling","two_run_difference",NA,4,3.1441666666667,3.21944444444448,0.186596933623941,0.817249999999937,3.64699999999997,0.502833333333267,0.31441666666667,0.682499999999891,3.57999999999993,0.371722222222211,0.321944444444448,0,FALSE,FALSE,1.27219719056452,12.7219719056452,0,"117;118;119;120",30
"HPC","Mplus_WCP","mplus",50000,1,128,16,8,100,"3f8ed78629bdab9b833b52bd1450ea30","Mplus_input_write_engine_run_output_validation_BITERATIONS","overhead_subtraction","main_scaling","two_run_difference",NA,3,12.799,12.9900000000007,0.36066743684464,1.21199999999999,14.011,1.21199999999999,0.12799,1.22500000000036,14.1600000000003,1.22500000000036,0.129900000000007,0,FALSE,FALSE,1.25009766387999,125.009766387999,NA,"2677;2682;2687",685
"HPC","MD_BayesMVP_WCP","BayesMVP_NicoStan",50000,50,64,4,16,100,"3f8ed78629bdab9b833b52bd1450ea30","state_allocation_thread_setup_sampling_divergence_check","iteration_difference","main_scaling","two_run_difference",NA,4,3.26161616161606,3.29040404040392,0.0971764070632983,0.0955000000001291,3.32450000000003,0.0628838383839685,0.0326161616161606,0.0940000000002783,3.35449999999986,0.0616717171719963,0.0329040404040392,0,FALSE,FALSE,1.22638587798084,122.638587798084,0,"4512;4530;4548;4566",1085
"HPC","Mplus_WCP","mplus",10000,1,128,8,16,500,"b97502ef4c1796520d0acd01a82ea24d","Mplus_input_write_engine_run_output_validation_BITERATIONS","overhead_subtraction","main_scaling","two_run_difference",NA,3,6.53499999999993,6.8159999999998,0.520846426501862,0.586000000000013,7.12099999999994,0.586000000000013,0.0130699999999999,0.585000000000036,7.40099999999984,0.585000000000036,0.0136319999999996,0,FALSE,FALSE,1.22417750573835,612.088752869173,NA,"2606;2612;2618",662
"HPC","AD_Stan_tape_chunked","NicoStan_BridgeStan",50000,50,4,4,1,10,"3f8ed78629bdab9b833b52bd1450ea30","NicoStan_BridgeStan_state_allocation_thread_setup_sampling_model_load_divergence_check","iteration_difference","main_scaling","two_run_difference",1000,4,3.29527777777786,3.29388888888881,0.0309569593683735,0.676499999999976,3.64225000000005,0.34697222222219,0.329527777777786,0.677499999999895,3.63999999999999,0.347666666666618,0.329388888888881,0,FALSE,FALSE,1.21385821461685,12.1385821461685,0,"1325;1326;1327;1328",332
"HPC","Mplus_WCP","mplus",2500,1,128,16,8,2000,"229e14792b0f4550a6f1e0887b422826","Mplus_input_write_engine_run_output_validation_BITERATIONS","overhead_subtraction","main_scaling","two_run_difference",NA,3,13.3110000000001,12.9940000000001,0.798196091195632,0.499333333333273,13.8103333333333,0.499333333333273,0.00665550000000004,0.509999999999991,13.5070000000001,0.509999999999991,0.00649700000000007,0,FALSE,FALSE,1.20201337239876,2404.02674479752,NA,"2572;2576;2580",650
"HPC","Mplus_WCP","mplus",50000,1,96,4,24,100,"3f8ed78629bdab9b833b52bd1450ea30","Mplus_input_write_engine_run_output_validation_BITERATIONS","overhead_subtraction","main_scaling","two_run_difference",NA,3,3.36566666666643,3.43699999999944,0.268211359441172,1.11300000000013,4.47866666666657,1.11300000000013,0.0336566666666643,1.11000000000013,4.53399999999965,1.11000000000013,0.0343699999999944,0,FALSE,FALSE,1.18847182331394,118.847182331394,NA,"2639;2646;2653",673
"HPC","Mplus_WCP","mplus",50000,1,96,16,6,100,"3f8ed78629bdab9b833b52bd1450ea30","Mplus_input_write_engine_run_output_validation_BITERATIONS","overhead_subtraction","main_scaling","two_run_difference",NA,3,13.6206666666667,13.3009999999999,0.632322966001522,1.20933333333339,14.8300000000001,1.20933333333339,0.136206666666667,1.20700000000033,14.5080000000003,1.20700000000033,0.133009999999999,0,FALSE,FALSE,1.1746855268954,117.46855268954,NA,"2676;2681;2686",684
"HPC","Mplus_WCP","mplus",50000,1,128,8,16,100,"3f8ed78629bdab9b833b52bd1450ea30","Mplus_input_write_engine_run_output_validation_BITERATIONS","overhead_subtraction","main_scaling","two_run_difference",NA,3,6.98866666666678,6.98700000000008,0.45350229694391,1.13299999999996,8.12166666666675,1.13299999999996,0.0698866666666678,1.13200000000006,8.11900000000014,1.13200000000006,0.0698700000000008,0,FALSE,FALSE,1.14471048364016,114.471048364016,NA,"2660;2666;2672",680
"HPC","MD_BayesMVP_WCP","BayesMVP_NicoStan",50000,24,96,4,24,100,"3f8ed78629bdab9b833b52bd1450ea30","state_allocation_thread_setup_sampling_divergence_check","iteration_difference","main_scaling","two_run_difference",NA,4,3.61287878787896,3.68434343434336,0.209544028290934,0.144249999999886,3.72100000000006,0.108121212121096,0.0361287878787896,0.128499999999804,3.7645,0.0931060606058605,0.0368434343434336,0,FALSE,FALSE,1.10715034598443,110.715034598443,0,"4918;4924;4930;4936",1185
"HPC","AD_Stan_WCP","NicoStan_BridgeStan",50000,50,8,4,2,20,"3f8ed78629bdab9b833b52bd1450ea30","NicoStan_BridgeStan_state_allocation_thread_setup_sampling_model_load_divergence_check","iteration_difference","main_scaling","two_run_difference",1000,4,3.71815789473676,3.70473684210514,0.216742227040338,0.523000000000025,4.05524999999994,0.337092105263187,0.185907894736838,0.524499999999989,4.04999999999995,0.336263157894803,0.185236842105257,0,FALSE,FALSE,1.07580154292592,21.5160308585184,0,"2057;2064;2071;2078",515
"HPC","Mplus_WCP","mplus",10000,1,96,4,24,500,"b97502ef4c1796520d0acd01a82ea24d","Mplus_input_write_engine_run_output_validation_BITERATIONS","overhead_subtraction","main_scaling","two_run_difference",NA,3,3.74400000000007,3.71199999999999,0.0571664237119178,0.586999999999913,4.33099999999998,0.586999999999913,0.00748800000000013,0.589999999999918,4.29999999999995,0.589999999999918,0.00742399999999998,0,FALSE,FALSE,1.06837606837605,534.188034188025,NA,"2585;2592;2599",655
"HPC","AD_Stan_chunked","NicoStan_BridgeStan",50000,10,4,4,1,10,"3f8ed78629bdab9b833b52bd1450ea30","NicoStan_BridgeStan_state_allocation_thread_setup_sampling_model_load_divergence_check","iteration_difference","main_scaling","two_run_difference",5000,4,3.76833333333359,3.81888888888985,0.290809145055365,0.874249999999876,4.26575000000011,0.497416666666516,0.376833333333359,0.735499999999774,4.33600000000024,0.346999999999468,0.381888888888985,0,FALSE,FALSE,1.06147722246786,10.6147722246786,0,"585;586;587;588",147
"HPC","Mplus_WCP","mplus",2500,1,96,16,6,2000,"229e14792b0f4550a6f1e0887b422826","Mplus_input_write_engine_run_output_validation_BITERATIONS","overhead_subtraction","main_scaling","two_run_difference",NA,3,15.0793333333334,15.2780000000002,0.497684973987821,0.493333333333339,15.5726666666668,0.493333333333339,0.00753966666666671,0.470000000000027,15.7460000000001,0.470000000000027,0.00763900000000012,0,FALSE,FALSE,1.06105486537866,2122.10973075731,NA,"2571;2575;2579",649
"HPC","Mplus_WCP","mplus",10000,1,96,16,6,500,"b97502ef4c1796520d0acd01a82ea24d","Mplus_input_write_engine_run_output_validation_BITERATIONS","overhead_subtraction","main_scaling","two_run_difference",NA,3,15.3170000000002,14.9750000000001,0.681703014515788,0.608333333333273,15.9253333333334,0.608333333333273,0.0306340000000003,0.601999999999862,15.5740000000001,0.601999999999862,0.0299500000000003,0,FALSE,FALSE,1.04459097734542,522.295488672711,NA,"2622;2627;2632",666
"HPC","Mplus_WCP","mplus",10000,1,96,8,12,500,"b97502ef4c1796520d0acd01a82ea24d","Mplus_input_write_engine_run_output_validation_BITERATIONS","overhead_subtraction","main_scaling","two_run_difference",NA,3,7.69133333333328,7.45900000000006,0.405013991527805,0.600666666666712,8.29199999999999,0.600666666666712,0.0153826666666666,0.601000000000113,8.07300000000009,0.601000000000113,0.0149180000000001,0,FALSE,FALSE,1.04013175002168,520.065875010838,NA,"2605;2611;2617",661
"HPC","MD_BayesMVP_WCP","BayesMVP_NicoStan",50000,500,128,4,32,100,"3f8ed78629bdab9b833b52bd1450ea30","state_allocation_thread_setup_sampling_divergence_check","iteration_difference","main_scaling","two_run_difference",NA,4,3.86994949494931,3.89393939393895,0.184997226314753,0.0944999999999538,3.92574999999977,0.0558005050504608,0.0386994949494931,0.0935000000000628,3.95299999999952,0.0560959595960261,0.0389393939393895,0,FALSE,FALSE,1.03360522022844,103.360522022844,0,"4730;4748;4766;4784",1141
"HPC","MD_BayesMVP_WCP","BayesMVP_NicoStan",500,8,32,4,8,2000,"5fff1836d43ae39c037ca22d13a50ed5","state_allocation_thread_setup_sampling_divergence_check","iteration_difference","main_scaling","two_run_difference",NA,4,3.96898449224594,3.96198099049506,0.0582471047381005,0.00550000000006889,3.97249999999988,0.00351550775394593,0.00198449224612297,0.00500000000010914,3.96499999999986,0.00303651825923884,0.00198099049524753,0,FALSE,FALSE,1.00781446937237,2015.62893874474,0,"4797;4801;4805;4809",1154
"HPC","Mplus_standard","mplus",50000,1,96,96,1,100,"3f8ed78629bdab9b833b52bd1450ea30","Mplus_input_write_engine_run_output_validation_BITERATIONS","overhead_subtraction","main_scaling","two_run_difference",NA,3,95.452,95.9929999999999,1.0875904560081,6.612,102.064,6.612,0.95452,6.59999999999991,102.556,6.59999999999991,0.959929999999999,0,FALSE,FALSE,1.0057411054771,100.57411054771,NA,"2959;2960;2961",721
"HPC","MD_BayesMVP_WCP","BayesMVP_NicoStan",10000,10,8,4,2,200,"b97502ef4c1796520d0acd01a82ea24d","state_allocation_thread_setup_sampling_divergence_check","iteration_difference","main_scaling","two_run_difference",NA,4,4.05804020100518,4.0874371859301,0.0994632193159779,0.0295000000000059,4.06725000000016,0.00920979899497997,0.0202902010050259,0.0289999999999964,4.09750000000022,0.00903768844220586,0.0204371859296505,0,FALSE,FALSE,0.985697480032159,197.139496006432,0,"4133;4143;4153;4163",988
"HPC","Mplus_WCP","mplus",50000,1,96,8,12,100,"3f8ed78629bdab9b833b52bd1450ea30","Mplus_input_write_engine_run_output_validation_BITERATIONS","overhead_subtraction","main_scaling","two_run_difference",NA,3,8.13333333333306,8.01599999999962,0.383699535227031,1.23300000000017,9.36633333333324,1.23300000000017,0.0813333333333306,1.23500000000013,9.25099999999975,1.23500000000013,0.0801599999999962,0,FALSE,FALSE,0.983606557377082,98.3606557377082,NA,"2659;2665;2671",679
"HPC","MD_BayesMVP_WCP","BayesMVP_NicoStan",500,4,16,4,4,2000,"5fff1836d43ae39c037ca22d13a50ed5","state_allocation_thread_setup_sampling_divergence_check","iteration_difference","main_scaling","two_run_difference",NA,4,4.07503751875897,4.11405702851425,0.200935391617397,0.00450000000023199,4.07749999999983,0.0024624812408525,0.00203751875937949,0.00450000000000195,4.1165,0.00244297148574482,0.00205702851425713,0,FALSE,FALSE,0.981586054505376,1963.17210901075,0,"3930;3936;3942;3948",938
"HPC","MD_BayesMVP","BayesMVP_NicoStan",50000,100,8,8,1,50,"3f8ed78629bdab9b833b52bd1450ea30","state_allocation_thread_setup_sampling_divergence_check","iteration_difference","main_scaling","two_run_difference",NA,4,8.18418367346901,8.19591836734663,0.0439328871130569,0.212750000000142,8.23324999999977,0.0490663265307617,0.16368367346938,0.222499999999854,8.23399999999992,0.0581428571427119,0.163918367346933,0,FALSE,FALSE,0.97749516863043,48.8747584315215,0,"3812;3821;3830;3839",910
"HPC","MD_BayesMVP_WCP","BayesMVP_NicoStan",50000,44,176,4,44,100,"3f8ed78629bdab9b833b52bd1450ea30","state_allocation_thread_setup_sampling_divergence_check","iteration_difference","main_scaling","two_run_difference",NA,4,4.1002525252526,4.14545454545459,0.187678425800671,0.175000000000011,4.23425000000009,0.133997474747485,0.041002525252526,0.185500000000047,4.28999999999985,0.144545454545262,0.0414545454545459,0,FALSE,FALSE,0.975549670505617,97.5549670505617,0,"4942;4944;4946;4948",1191
"HPC","MD_BayesMVP_WCP","BayesMVP_NicoStan",50000,250,32,4,8,100,"3f8ed78629bdab9b833b52bd1450ea30","state_allocation_thread_setup_sampling_divergence_check","iteration_difference","main_scaling","two_run_difference",NA,4,4.1739898989897,4.16414141414096,0.155341964953482,0.0805000000000575,4.21274999999986,0.0387601010101606,0.041739898989897,0.081000000000131,4.20049999999969,0.0404141414142767,0.0416414141414096,0,FALSE,FALSE,0.958315687579452,95.8315687579452,0,"4655;4673;4691;4709",1120
"HPC","AD_Stan","NicoStan_BridgeStan",10000,1,1,1,1,20,"b97502ef4c1796520d0acd01a82ea24d","NicoStan_BridgeStan_state_allocation_thread_setup_sampling_model_load_divergence_check","iteration_difference","main_scaling","two_run_difference",NA,4,1.07500000000018,1.07263157894743,0.0103627645094319,0.139249999999926,1.1605000000001,0.0854999999999169,0.053750000000009,0.126499999999851,1.15050000000019,0.0726052631577276,0.0536315789473717,0,FALSE,FALSE,0.930232558139379,18.6046511627876,0,"73;74;75;76",19
"HPC","MD_BayesMVP","BayesMVP_NicoStan",500,2,1,1,1,400,"5fff1836d43ae39c037ca22d13a50ed5","state_allocation_thread_setup_sampling_divergence_check","iteration_difference","main_scaling","two_run_difference",NA,4,1.08822055137843,1.09373433583958,0.0133374783916402,0.00400000000000933,1.08949999999999,0.00127944862156325,0.00272055137844608,0.00400000000001022,1.09499999999999,0.00126566416041126,0.00273433583959896,0,FALSE,FALSE,0.918931368033177,367.572547213271,0,"3109;3118;3127;3136",732
"HPC","Mplus_WCP","mplus",500,1,128,16,8,10000,"5fff1836d43ae39c037ca22d13a50ed5","Mplus_input_write_engine_run_output_validation_BITERATIONS","overhead_subtraction","main_scaling","two_run_difference",NA,3,17.9623333333334,18.294,0.738635453612444,0.45066666666664,18.413,0.45066666666664,0.00179623333333334,0.449999999999989,18.751,0.449999999999989,0.0018294,0,FALSE,FALSE,0.890752871750142,8907.52871750142,NA,"2542;2546;2550",640
"HPC","Mplus_WCP","mplus",2500,1,64,16,4,2000,"229e14792b0f4550a6f1e0887b422826","Mplus_input_write_engine_run_output_validation_BITERATIONS","overhead_subtraction","main_scaling","two_run_difference",NA,3,18.0740000000001,18.076,0.553002712470627,0.508333333333288,18.5823333333334,0.508333333333288,0.00903700000000003,0.489000000000033,18.5650000000001,0.489000000000033,0.00903800000000001,0,FALSE,FALSE,0.885249529711184,1770.49905942237,NA,"2570;2574;2578",648
"HPC","Mplus_WCP","mplus",50000,1,64,16,4,100,"3f8ed78629bdab9b833b52bd1450ea30","Mplus_input_write_engine_run_output_validation_BITERATIONS","overhead_subtraction","main_scaling","two_run_difference",NA,3,18.1213333333332,17.9939999999997,0.27141174133296,1.38466666666667,19.5059999999999,1.38466666666667,0.181213333333332,1.38599999999997,19.3979999999997,1.38599999999997,0.179939999999997,0,FALSE,FALSE,0.882937237878014,88.2937237878014,NA,"2675;2680;2685",683
"HPC","Mplus_WCP","mplus",10000,1,64,16,4,500,"b97502ef4c1796520d0acd01a82ea24d","Mplus_input_write_engine_run_output_validation_BITERATIONS","overhead_subtraction","main_scaling","two_run_difference",NA,3,18.2596666666667,18.2539999999999,0.650518511138183,0.604999999999942,18.8646666666667,0.604999999999942,0.0365193333333335,0.603999999999814,18.857,0.603999999999814,0.0365079999999998,0,FALSE,FALSE,0.876248197301882,438.124098650941,NA,"2621;2626;2631",665
"HPC","Mplus_WCP","mplus",10000,1,64,4,16,500,"b97502ef4c1796520d0acd01a82ea24d","Mplus_input_write_engine_run_output_validation_BITERATIONS","overhead_subtraction","main_scaling","two_run_difference",NA,3,4.57366666666659,4.58600000000001,0.170834227639888,0.609000000000075,5.18266666666667,0.609000000000075,0.00914733333333318,0.609000000000151,5.18200000000002,0.609000000000151,0.00917200000000003,0,FALSE,FALSE,0.874571824211077,437.285912105539,NA,"2584;2591;2598",654
"HPC","Mplus_WCP","mplus",50000,1,64,4,16,100,"3f8ed78629bdab9b833b52bd1450ea30","Mplus_input_write_engine_run_output_validation_BITERATIONS","overhead_subtraction","main_scaling","two_run_difference",NA,3,4.65433333333355,4.5630000000001,0.197528057078896,1.31700000000001,5.97133333333356,1.31700000000001,0.0465433333333355,1.34900000000016,5.91200000000026,1.34900000000016,0.045630000000001,0,FALSE,FALSE,0.85941416601013,85.941416601013,NA,"2638;2645;2652",672
"HPC","MD_BayesMVP_WCP","BayesMVP_NicoStan",500,4,8,4,2,2000,"5fff1836d43ae39c037ca22d13a50ed5","state_allocation_thread_setup_sampling_divergence_check","iteration_difference","main_scaling","two_run_difference",NA,4,4.72361180590284,4.67383691845885,0.177690224611554,0.00425000000000342,4.7254999999999,0.001888194097052,0.00236180590295142,0.00449999999995221,4.67599999999957,0.00216308154072278,0.00233691845922942,0,FALSE,FALSE,0.846809637278282,1693.61927455656,0,"3929;3935;3941;3947",937
"HPC","MD_BayesMVP_WCP","BayesMVP_NicoStan",50000,50,16,8,2,100,"3f8ed78629bdab9b833b52bd1450ea30","state_allocation_thread_setup_sampling_divergence_check","iteration_difference","main_scaling","two_run_difference",NA,4,9.69924242424228,9.62121212121216,0.354856957366264,0.173250000000138,9.77549999999999,0.0762575757577152,0.0969924242424228,0.175500000000284,9.69250000000005,0.0812272727275338,0.0962121212121216,0,FALSE,FALSE,0.824806685932997,82.4806685932997,0,"4516;4534;4552;4570",1089
"HPC","Mplus_WCP","mplus",500,1,96,16,6,10000,"5fff1836d43ae39c037ca22d13a50ed5","Mplus_input_write_engine_run_output_validation_BITERATIONS","overhead_subtraction","main_scaling","two_run_difference",NA,3,19.9553333333333,19.7769999999999,0.465845825712037,0.464333333333324,20.4196666666666,0.464333333333324,0.00199553333333333,0.442999999999984,20.2199999999999,0.442999999999984,0.00197769999999999,0,FALSE,FALSE,0.801790665820333,8017.90665820333,NA,"2541;2545;2549",639
"HPC","Mplus_standard","mplus",2500,1,16,16,1,400,"229e14792b0f4550a6f1e0887b422826","Mplus_input_write_engine_run_output_validation_BITERATIONS","overhead_subtraction","main_scaling","two_run_difference",NA,3,20.096,20.1370000000001,0.34533027669176,0.661000000000001,20.757,0.661000000000001,0.05024,0.656999999999982,20.794,0.656999999999982,0.0503425000000001,0,FALSE,FALSE,0.796178343949044,318.471337579618,NA,"2896;2897;2898",700
"HPC","Mplus_WCP","mplus",2500,1,64,8,8,2000,"229e14792b0f4550a6f1e0887b422826","Mplus_input_write_engine_run_output_validation_BITERATIONS","overhead_subtraction","main_scaling","two_run_difference",NA,3,10.0503333333334,9.49800000000005,1.21740886038063,0.499666666666675,10.5500000000001,0.499666666666675,0.0050251666666667,0.466000000000008,9.95500000000004,0.466000000000008,0.00474900000000002,0,FALSE,FALSE,0.795993499386417,1591.98699877283,NA,"2562;2565;2568",646
"HPC","Mplus_standard","mplus",10000,1,32,32,1,200,"b97502ef4c1796520d0acd01a82ea24d","Mplus_input_write_engine_run_output_validation_BITERATIONS","overhead_subtraction","main_scaling","two_run_difference",NA,3,41.0373333333334,40.8530000000001,1.33408557946389,1.47166666666658,42.509,1.47166666666658,0.205186666666667,1.47399999999993,42.3440000000001,1.47399999999993,0.204265,0,FALSE,FALSE,0.779777763337447,155.955552667489,NA,"2926;2927;2928",710
"HPC","AD_Stan_tape_chunked","NicoStan_BridgeStan",10000,10,1,1,1,20,"b97502ef4c1796520d0acd01a82ea24d","NicoStan_BridgeStan_state_allocation_thread_setup_sampling_model_load_divergence_check","iteration_difference","main_scaling","two_run_difference",1000,4,1.31342105263156,1.30736842105259,0.0232593471515602,0.135500000000022,1.38325,0.0698289473684437,0.065671052631578,0.135500000000036,1.37649999999999,0.0691315789474016,0.0653684210526296,0,FALSE,FALSE,0.761370466840324,15.2274093368065,0,"1101;1102;1103;1104",276
"HPC","Mplus_WCP","mplus",50000,1,64,8,8,100,"3f8ed78629bdab9b833b52bd1450ea30","Mplus_input_write_engine_run_output_validation_BITERATIONS","overhead_subtraction","main_scaling","two_run_difference",NA,3,10.7036666666668,10.491,0.377042879965982,1.45199999999992,12.1556666666667,1.45199999999992,0.107036666666668,1.45399999999972,11.9350000000004,1.45399999999972,0.10491,0,FALSE,FALSE,0.74740743047553,74.740743047553,NA,"2658;2664;2670",678
"HPC","Mplus_standard","mplus",500,1,16,16,1,2000,"5fff1836d43ae39c037ca22d13a50ed5","Mplus_input_write_engine_run_output_validation_BITERATIONS","overhead_subtraction","main_scaling","two_run_difference",NA,3,21.707,20.991,1.61664498267244,0.465333333333338,22.1723333333333,0.465333333333338,0.0108535,0.465000000000003,21.44,0.465000000000003,0.0104955,0,FALSE,FALSE,0.737089418160041,1474.17883632008,NA,"2869;2870;2871",691
"HPC","MD_BayesMVP","BayesMVP_NicoStan",10000,50,2,2,1,80,"b97502ef4c1796520d0acd01a82ea24d","state_allocation_thread_setup_sampling_divergence_check","iteration_difference","main_scaling","two_run_difference",NA,4,2.74582278481013,2.73721518987342,0.0379397870603337,0.0402500000000074,2.75175000000001,0.00592721518988081,0.0343227848101266,0.0400000000000347,2.74300000000002,0.00593037974681537,0.0342151898734178,0,FALSE,FALSE,0.728379125945048,58.2703300756038,0,"3558;3567;3576;3585",845
"HPC","AD_Stan_chunked","NicoStan_BridgeStan",10000,4,1,1,1,20,"b97502ef4c1796520d0acd01a82ea24d","NicoStan_BridgeStan_state_allocation_thread_setup_sampling_model_load_divergence_check","iteration_difference","main_scaling","two_run_difference",2500,4,1.37421052631633,1.37631578947396,0.00700876644095071,0.149499999999847,1.45500000000036,0.0807894736840305,0.0687105263158165,0.132499999999709,1.44100000000071,0.0636315789470245,0.0688157894736979,0,FALSE,FALSE,0.727690540022693,14.5538108004539,0,"397;398;399;400",100
"HPC","Mplus_WCP","mplus",10000,1,64,8,8,500,"b97502ef4c1796520d0acd01a82ea24d","Mplus_input_write_engine_run_output_validation_BITERATIONS","overhead_subtraction","main_scaling","two_run_difference",NA,3,11.0586666666666,10.9029999999998,0.915480383915297,0.622333333333396,11.681,0.622333333333396,0.0221173333333331,0.627999999999929,11.5329999999999,0.627999999999929,0.0218059999999996,0,FALSE,FALSE,0.723414516517971,361.707258258986,NA,"2604;2610;2616",660
"HPC","Mplus_WCP","mplus",500,1,64,16,4,10000,"5fff1836d43ae39c037ca22d13a50ed5","Mplus_input_write_engine_run_output_validation_BITERATIONS","overhead_subtraction","main_scaling","two_run_difference",NA,3,23.0016666666667,22.752,1.57243643220752,0.445333333333319,23.447,0.445333333333319,0.00230016666666667,0.423000000000002,23.173,0.423000000000002,0.0022752,0,FALSE,FALSE,0.695601767987826,6956.01767987826,NA,"2540;2544;2548",638
"HPC","MD_BayesMVP_WCP","BayesMVP_NicoStan",50000,100,16,4,4,100,"3f8ed78629bdab9b833b52bd1450ea30","state_allocation_thread_setup_sampling_divergence_check","iteration_difference","main_scaling","two_run_difference",NA,4,5.9159090909091,5.82171717171719,0.209251674560785,0.104250000000178,5.96100000000018,0.0450909090910871,0.059159090909091,0.10100000000017,5.87050000000022,0.0417828282831919,0.0582171717171719,0,FALSE,FALSE,0.676142912024586,67.6142912024586,0,"4582;4600;4618;4636",1101
"HPC","Mplus_standard","mplus",2500,1,1,1,1,400,"229e14792b0f4550a6f1e0887b422826","Mplus_input_write_engine_run_output_validation_BITERATIONS","overhead_subtraction","main_scaling","two_run_difference",NA,3,1.51100000000002,1.51200000000006,0.00754983443523904,0.419000000000002,1.93000000000003,0.419000000000002,0.00377750000000006,0.416999999999973,1.93200000000002,0.416999999999973,0.00378000000000014,0,FALSE,FALSE,0.661813368630036,264.725347452014,NA,"2884;2885;2886",696
"HPC","Mplus_standard","mplus",50000,1,64,64,1,100,"3f8ed78629bdab9b833b52bd1450ea30","Mplus_input_write_engine_run_output_validation_BITERATIONS","overhead_subtraction","main_scaling","two_run_difference",NA,3,98.0403333333334,98.799,2.61295279967573,6.02566666666667,104.066,6.02566666666667,0.980403333333334,6.048,104.775,6.048,0.98799,0,FALSE,FALSE,0.652792558164837,65.2792558164837,NA,"2956;2957;2958",720
"HPC","AD_Stan","NicoStan_BridgeStan",50000,1,2,2,1,10,"3f8ed78629bdab9b833b52bd1450ea30","NicoStan_BridgeStan_state_allocation_thread_setup_sampling_model_load_divergence_check","iteration_difference","main_scaling","two_run_difference",NA,4,3.06722222222216,3.101111111111,0.14581260875661,0.75174999999998,3.51224999999992,0.445027777777764,0.306722222222216,0.664999999999964,3.53049999999985,0.347722222222316,0.3101111111111,0,FALSE,FALSE,0.652055786995123,6.52055786995123,0,"113;114;115;116",29
"HPC","AD_Stan_tape_chunked","NicoStan_BridgeStan",50000,100,2,2,1,10,"3f8ed78629bdab9b833b52bd1450ea30","NicoStan_BridgeStan_state_allocation_thread_setup_sampling_model_load_divergence_check","iteration_difference","main_scaling","two_run_difference",500,4,3.29333333333327,3.27333333333324,0.0685235233406836,0.660750000000007,3.62474999999995,0.33141666666668,0.329333333333327,0.663000000000011,3.60299999999995,0.333166666666645,0.327333333333324,0,FALSE,FALSE,0.607287449392724,6.07287449392724,0,"1357;1358;1359;1360",340
"HPC","Mplus_standard","mplus",500,1,1,1,1,2000,"5fff1836d43ae39c037ca22d13a50ed5","Mplus_input_write_engine_run_output_validation_BITERATIONS","overhead_subtraction","main_scaling","two_run_difference",NA,3,1.65566666666667,1.654,0.0125830573921169,0.425666666666666,2.08133333333333,0.425666666666666,0.000827833333333334,0.427999999999997,2.082,0.427999999999997,0.000827000000000002,0,FALSE,FALSE,0.603986309643648,1207.9726192873,NA,"2857;2858;2859",687
"HPC","Mplus_WCP","mplus",500,1,64,8,8,10000,"5fff1836d43ae39c037ca22d13a50ed5","Mplus_input_write_engine_run_output_validation_BITERATIONS","overhead_subtraction","main_scaling","two_run_difference",NA,3,13.5496666666667,13.597,0.273094000910538,0.431333333333328,13.981,0.431333333333328,0.00135496666666667,0.423000000000002,14.014,0.423000000000002,0.0013597,0,FALSE,FALSE,0.590420428546827,5904.20428546827,NA,"2532;2535;2538",636
"HPC","Mplus_standard","mplus",500,1,2,2,1,2000,"5fff1836d43ae39c037ca22d13a50ed5","Mplus_input_write_engine_run_output_validation_BITERATIONS","overhead_subtraction","main_scaling","two_run_difference",NA,3,3.40366666666667,3.383,0.0722518742548128,0.456000000000001,3.85966666666667,0.456000000000001,0.00170183333333333,0.451000000000001,3.854,0.451000000000001,0.0016915,0,FALSE,FALSE,0.587601606111057,1175.20321222211,NA,"2860;2861;2862",688
"HPC","Mplus_standard","mplus",2500,1,2,2,1,400,"229e14792b0f4550a6f1e0887b422826","Mplus_input_write_engine_run_output_validation_BITERATIONS","overhead_subtraction","main_scaling","two_run_difference",NA,3,3.52366666666668,3.60400000000004,0.234077622453189,0.600000000000004,4.12366666666668,0.600000000000004,0.00880916666666669,0.602000000000032,4.19200000000001,0.602000000000032,0.0090100000000001,0,FALSE,FALSE,0.567590577996404,227.036231198562,NA,"2887;2888;2889",697
"HPC","AD_Stan_chunked","NicoStan_BridgeStan",50000,10,2,2,1,10,"3f8ed78629bdab9b833b52bd1450ea30","NicoStan_BridgeStan_state_allocation_thread_setup_sampling_model_load_divergence_check","iteration_difference","main_scaling","two_run_difference",5000,4,3.67111111111108,3.67333333333344,0.285739240532726,0.792250000000166,4.09625000000014,0.425138888889058,0.367111111111108,0.716000000000349,4.18950000000029,0.324166666667022,0.367333333333344,0,FALSE,FALSE,0.54479418886199,5.4479418886199,0,"581;582;583;584",146
"HPC","Mplus_WCP","mplus",10000,1,32,16,2,500,"b97502ef4c1796520d0acd01a82ea24d","Mplus_input_write_engine_run_output_validation_BITERATIONS","overhead_subtraction","main_scaling","two_run_difference",NA,3,29.7570000000001,29.8700000000001,3.67780219696495,0.719999999999876,30.477,0.719999999999876,0.0595140000000003,0.7199999999998,30.6030000000001,0.7199999999998,0.0597400000000002,0,FALSE,FALSE,0.537688611083104,268.844305541552,NA,"2620;2625;2630",664
"HPC","Mplus_WCP","mplus",50000,1,32,16,2,100,"3f8ed78629bdab9b833b52bd1450ea30","Mplus_input_write_engine_run_output_validation_BITERATIONS","overhead_subtraction","main_scaling","two_run_difference",NA,3,30.2076666666664,30.3399999999997,0.617232803189502,1.92233333333358,32.13,1.92233333333358,0.302076666666664,1.90700000000015,32.2469999999998,1.90700000000015,0.303399999999997,0,FALSE,FALSE,0.529666861613503,52.9666861613503,NA,"2674;2679;2684",682
"HPC","Mplus_WCP","mplus",10000,1,32,4,8,500,"b97502ef4c1796520d0acd01a82ea24d","Mplus_input_write_engine_run_output_validation_BITERATIONS","overhead_subtraction","main_scaling","two_run_difference",NA,3,7.93299999999992,7.94700000000012,0.277265215993805,0.734000000000075,8.66699999999999,0.734000000000075,0.0158659999999998,0.731999999999971,8.67900000000009,0.731999999999971,0.0158940000000002,0,FALSE,FALSE,0.504222866507001,252.111433253501,NA,"2583;2590;2597",653
"HPC","Mplus_WCP","mplus",50000,1,32,8,4,100,"3f8ed78629bdab9b833b52bd1450ea30","Mplus_input_write_engine_run_output_validation_BITERATIONS","overhead_subtraction","main_scaling","two_run_difference",NA,3,15.8903333333333,15.835,0.54112598656302,2.1880000000001,18.0783333333334,2.1880000000001,0.158903333333333,2.1869999999999,18.0900000000001,2.1869999999999,0.15835,0,FALSE,FALSE,0.503450735247846,50.3450735247846,NA,"2657;2663;2669",677
"HPC","Mplus_WCP","mplus",2500,1,32,16,2,2000,"229e14792b0f4550a6f1e0887b422826","Mplus_input_write_engine_run_output_validation_BITERATIONS","overhead_subtraction","main_scaling","two_run_difference",NA,3,31.9016666666666,31.586,0.763145027719689,0.500666666666651,32.4023333333333,0.500666666666651,0.0159508333333333,0.509000000000015,32.059,0.509000000000015,0.015793,0,FALSE,FALSE,0.501541194294969,1003.08238858994,NA,"2569;2573;2577",647
"HPC","Mplus_standard","mplus",2500,1,4,4,1,400,"229e14792b0f4550a6f1e0887b422826","Mplus_input_write_engine_run_output_validation_BITERATIONS","overhead_subtraction","main_scaling","two_run_difference",NA,3,8.06466666666669,8.05200000000008,0.283212523263582,0.60899999999998,8.67366666666667,0.60899999999998,0.0201616666666667,0.609999999999957,8.66200000000003,0.609999999999957,0.0201300000000002,0,FALSE,FALSE,0.495990741506157,198.396296602463,NA,"2890;2891;2892",698
"HPC","Mplus_WCP","mplus",50000,1,32,4,8,100,"3f8ed78629bdab9b833b52bd1450ea30","Mplus_input_write_engine_run_output_validation_BITERATIONS","overhead_subtraction","main_scaling","two_run_difference",NA,3,8.2180000000003,8.154,0.194082456703549,1.89533333333308,10.1133333333334,1.89533333333308,0.082180000000003,1.91599999999971,10.0989999999997,1.91599999999971,0.08154,0,FALSE,FALSE,0.486736432221934,48.6736432221934,NA,"2637;2644;2651",671
"HPC","Mplus_WCP","mplus",2500,1,32,4,8,2000,"229e14792b0f4550a6f1e0887b422826","Mplus_input_write_engine_run_output_validation_BITERATIONS","overhead_subtraction","main_scaling","two_run_difference",NA,3,8.30400000000005,8.32300000000009,0.09395211546318,0.489666666666684,8.79366666666673,0.489666666666684,0.00415200000000002,0.490000000000009,8.81400000000008,0.490000000000009,0.00416150000000005,0,FALSE,FALSE,0.481695568400768,963.391136801536,NA,"2553;2556;2559",643
"HPC","Mplus_WCP","mplus",10000,1,32,8,4,500,"b97502ef4c1796520d0acd01a82ea24d","Mplus_input_write_engine_run_output_validation_BITERATIONS","overhead_subtraction","main_scaling","two_run_difference",NA,3,16.697,16.9920000000002,0.721262088286928,0.763333333333245,17.4603333333333,0.763333333333245,0.0333940000000001,0.768000000000029,17.769,0.768000000000029,0.0339840000000004,0,FALSE,FALSE,0.479127987063543,239.563993531772,NA,"2603;2609;2615",659
"HPC","MD_BayesMVP","BayesMVP_NicoStan",50000,100,4,4,1,50,"3f8ed78629bdab9b833b52bd1450ea30","state_allocation_thread_setup_sampling_divergence_check","iteration_difference","main_scaling","two_run_difference",NA,4,8.35255102040833,8.40153061224472,0.228049239515386,0.195249999999874,8.38075000000003,0.028198979591707,0.167051020408167,0.199999999999818,8.43849999999998,0.0316020408161384,0.168030612244894,0,FALSE,FALSE,0.478895608087462,23.9447804043731,0,"3811;3820;3829;3838",909
"HPC","Mplus_standard","mplus",500,1,4,4,1,2000,"5fff1836d43ae39c037ca22d13a50ed5","Mplus_input_write_engine_run_output_validation_BITERATIONS","overhead_subtraction","main_scaling","two_run_difference",NA,3,8.45066666666666,8.407,0.112072892946211,0.463666666666668,8.91433333333333,0.463666666666668,0.00422533333333333,0.463000000000001,8.868,0.463000000000001,0.0042035,0,FALSE,FALSE,0.473335437046387,946.670874092774,NA,"2863;2864;2865",689
"HPC","Mplus_WCP","mplus",2500,1,32,8,4,2000,"229e14792b0f4550a6f1e0887b422826","Mplus_input_write_engine_run_output_validation_BITERATIONS","overhead_subtraction","main_scaling","two_run_difference",NA,3,16.9150000000001,16.4940000000001,0.994726595603012,0.516333333333326,17.4313333333334,0.516333333333326,0.00845750000000004,0.518000000000029,17.0350000000001,0.518000000000029,0.00824700000000007,0,FALSE,FALSE,0.472953000295593,945.906000591187,NA,"2561;2564;2567",645
"HPC","Mplus_standard","mplus",2500,1,8,8,1,400,"229e14792b0f4550a6f1e0887b422826","Mplus_input_write_engine_run_output_validation_BITERATIONS","overhead_subtraction","main_scaling","two_run_difference",NA,3,17.12,17.112,0.339070789069212,0.620000000000005,17.74,0.620000000000005,0.0428,0.617999999999995,17.737,0.617999999999995,0.0427800000000001,0,FALSE,FALSE,0.467289719626168,186.915887850467,NA,"2893;2894;2895",699
"HPC","Mplus_standard","mplus",500,1,8,8,1,2000,"5fff1836d43ae39c037ca22d13a50ed5","Mplus_input_write_engine_run_output_validation_BITERATIONS","overhead_subtraction","main_scaling","two_run_difference",NA,3,17.3823333333333,17.601,0.452528820444986,0.462333333333329,17.8446666666667,0.462333333333329,0.00869116666666667,0.459999999999994,18.061,0.459999999999994,0.00880050000000001,0,FALSE,FALSE,0.460237405795156,920.474811590312,NA,"2866;2867;2868",690
"HPC","MD_BayesMVP_WCP","BayesMVP_NicoStan",50000,50,8,4,2,100,"3f8ed78629bdab9b833b52bd1450ea30","state_allocation_thread_setup_sampling_divergence_check","iteration_difference","main_scaling","two_run_difference",NA,4,9.71161616161615,9.72727272727249,0.0558486300881151,0.135999999999996,9.75049999999999,0.0388838383838341,0.0971161616161615,0.135999999999967,9.76849999999979,0.0385454545454193,0.0972727272727249,0,FALSE,FALSE,0.411877892766135,41.1877892766135,0,"4509;4527;4545;4563",1082
"HPC","Mplus_WCP","mplus",500,1,32,16,2,10000,"5fff1836d43ae39c037ca22d13a50ed5","Mplus_input_write_engine_run_output_validation_BITERATIONS","overhead_subtraction","main_scaling","two_run_difference",NA,3,39.0976666666666,38.653,1.05201584271969,0.442666666666696,39.5403333333333,0.442666666666696,0.00390976666666666,0.446000000000026,39.1059999999999,0.446000000000026,0.0038653,0,FALSE,FALSE,0.409231582447376,4092.31582447376,NA,"2539;2543;2547",637
"HPC","Mplus_standard","mplus",10000,1,16,16,1,200,"b97502ef4c1796520d0acd01a82ea24d","Mplus_input_write_engine_run_output_validation_BITERATIONS","overhead_subtraction","main_scaling","two_run_difference",NA,3,39.7950000000001,39.816,1.00966380543229,1.38633333333337,41.1813333333334,1.38633333333337,0.198975,1.38300000000004,41.1990000000001,1.38300000000004,0.19908,0,FALSE,FALSE,0.402060560371905,80.4121120743811,NA,"2923;2924;2925",709
"HPC","Mplus_WCP","mplus",500,1,32,4,8,10000,"5fff1836d43ae39c037ca22d13a50ed5","Mplus_input_write_engine_run_output_validation_BITERATIONS","overhead_subtraction","main_scaling","two_run_difference",NA,3,10.076,10.178,0.282182565017752,0.417666666666669,10.4936666666667,0.417666666666669,0.0010076,0.418000000000006,10.596,0.418000000000006,0.0010178,0,FALSE,FALSE,0.396982929734021,3969.82929734021,NA,"2523;2526;2529",633
"HPC","Mplus_WCP","mplus",500,1,32,8,4,10000,"5fff1836d43ae39c037ca22d13a50ed5","Mplus_input_write_engine_run_output_validation_BITERATIONS","overhead_subtraction","main_scaling","two_run_difference",NA,3,20.78,20.175,2.47460320051517,0.433000000000012,21.213,0.433000000000012,0.002078,0.432999999999993,20.614,0.432999999999993,0.0020175,0,FALSE,FALSE,0.384985563041386,3849.85563041386,NA,"2531;2534;2537",635
"HPC","MD_BayesMVP","BayesMVP_NicoStan",10000,10,1,1,1,80,"b97502ef4c1796520d0acd01a82ea24d","state_allocation_thread_setup_sampling_divergence_check","iteration_difference","main_scaling","two_run_difference",NA,4,2.65721518987341,2.65417721518985,0.0527814203244494,0.0377500000000026,2.66175,0.00453481012658495,0.0332151898734177,0.0380000000000109,2.65799999999999,0.0050632911392395,0.0331772151898732,0,FALSE,FALSE,0.376333841463415,30.1067073170732,0,"3485;3494;3503;3512",826
"HPC","AD_Stan","NicoStan_BridgeStan",50000,1,1,1,1,10,"3f8ed78629bdab9b833b52bd1450ea30","NicoStan_BridgeStan_state_allocation_thread_setup_sampling_model_load_divergence_check","iteration_difference","main_scaling","two_run_difference",NA,4,2.7519444444443,2.74611111111131,0.0213027365465925,0.688000000000024,3.16474999999989,0.412805555555594,0.27519444444443,0.600500000000025,3.0720000000002,0.326722222222296,0.274611111111131,0,FALSE,FALSE,0.363379428686807,3.63379428686807,0,"109;110;111;112",28
"HPC","Mplus_standard","mplus",10000,1,1,1,1,200,"b97502ef4c1796520d0acd01a82ea24d","Mplus_input_write_engine_run_output_validation_BITERATIONS","overhead_subtraction","main_scaling","two_run_difference",NA,3,3.00333333333341,2.98800000000006,0.0383709959908485,0.454999999999965,3.45833333333337,0.454999999999965,0.015016666666667,0.455999999999904,3.43900000000008,0.455999999999904,0.0149400000000003,0,FALSE,FALSE,0.332963374028849,66.5926748057697,NA,"2911;2912;2913",705
"HPC","AD_Stan_tape_chunked","NicoStan_BridgeStan",50000,50,1,1,1,10,"3f8ed78629bdab9b833b52bd1450ea30","NicoStan_BridgeStan_state_allocation_thread_setup_sampling_model_load_divergence_check","iteration_difference","main_scaling","two_run_difference",1000,4,3.21972222222213,3.2088888888888,0.0438701319507465,0.646500000000003,3.54424999999992,0.32452777777779,0.321972222222213,0.639499999999998,3.53849999999989,0.315111111111087,0.32088888888888,0,FALSE,FALSE,0.310585799327073,3.10585799327073,0,"1317;1318;1319;1320",330
"HPC","Mplus_standard","mplus",50000,1,32,32,1,100,"3f8ed78629bdab9b833b52bd1450ea30","Mplus_input_write_engine_run_output_validation_BITERATIONS","overhead_subtraction","main_scaling","two_run_difference",NA,3,104.194666666667,104.651,1.10835027555975,5.50400000000002,109.698666666667,5.50400000000002,1.04194666666667,5.52499999999998,110.176,5.52499999999998,1.04651,0,FALSE,FALSE,0.307117446830292,30.7117446830292,NA,"2953;2954;2955",719
"HPC","AD_Stan_chunked","NicoStan_BridgeStan",50000,10,1,1,1,10,"3f8ed78629bdab9b833b52bd1450ea30","NicoStan_BridgeStan_state_allocation_thread_setup_sampling_model_load_divergence_check","iteration_difference","main_scaling","two_run_difference",5000,4,3.38694444444457,3.38888888888909,0.0416962857687964,0.748249999999814,3.79649999999992,0.409555555555357,0.338694444444457,0.64100000000002,3.6909999999998,0.305166666666689,0.338888888888909,0,FALSE,FALSE,0.29525137373902,2.9525137373902,0,"577;578;579;580",145
"HPC","Mplus_WCP","mplus",50000,1,16,4,4,100,"3f8ed78629bdab9b833b52bd1450ea30","Mplus_input_write_engine_run_output_validation_BITERATIONS","overhead_subtraction","main_scaling","two_run_difference",NA,3,13.6946666666665,13.3999999999996,1.25325589299776,2.98233333333337,16.6769999999998,2.98233333333337,0.136946666666665,2.93899999999985,16.5589999999997,2.93899999999985,0.133999999999996,0,FALSE,FALSE,0.292084509784835,29.2084509784835,NA,"2636;2643;2650",670
"HPC","Mplus_WCP","mplus",50000,1,16,8,2,100,"3f8ed78629bdab9b833b52bd1450ea30","Mplus_input_write_engine_run_output_validation_BITERATIONS","overhead_subtraction","main_scaling","two_run_difference",NA,3,27.7670000000001,28.116,1.03941377708803,3.28866666666666,31.0556666666668,3.28866666666666,0.277670000000001,3.3119999999999,31.3420000000001,3.3119999999999,0.28116,0,FALSE,FALSE,0.2881117873735,28.81117873735,NA,"2656;2662;2668",676
"HPC","Mplus_standard","mplus",10000,1,2,2,1,200,"b97502ef4c1796520d0acd01a82ea24d","Mplus_input_write_engine_run_output_validation_BITERATIONS","overhead_subtraction","main_scaling","two_run_difference",NA,3,7.02399999999996,7.03099999999995,0.232579018830233,1.19400000000004,8.218,1.19400000000004,0.0351199999999998,1.18500000000006,8.20799999999997,1.18500000000006,0.0351549999999997,0,FALSE,FALSE,0.284738041002279,56.9476082004559,NA,"2914;2915;2916",706
"HPC","Mplus_WCP","mplus",10000,1,16,4,4,500,"b97502ef4c1796520d0acd01a82ea24d","Mplus_input_write_engine_run_output_validation_BITERATIONS","overhead_subtraction","main_scaling","two_run_difference",NA,3,14.0973333333333,14.1690000000001,0.447821765140467,0.929333333333337,15.0266666666666,0.929333333333337,0.0281946666666666,0.942000000000007,15.116,0.942000000000007,0.0283380000000002,0,FALSE,FALSE,0.28374160597749,141.870802988745,NA,"2582;2589;2596",652
"HPC","Mplus_WCP","mplus",10000,1,16,8,2,500,"b97502ef4c1796520d0acd01a82ea24d","Mplus_input_write_engine_run_output_validation_BITERATIONS","overhead_subtraction","main_scaling","two_run_difference",NA,3,28.4229999999999,28.0059999999999,1.06932642350218,0.995666666666769,29.4186666666667,0.995666666666769,0.0568459999999999,0.993000000000166,28.999,0.993000000000166,0.0560119999999997,0,FALSE,FALSE,0.281462196108786,140.731098054393,NA,"2602;2608;2614",658
"HPC","Mplus_WCP","mplus",2500,1,16,8,2,2000,"229e14792b0f4550a6f1e0887b422826","Mplus_input_write_engine_run_output_validation_BITERATIONS","overhead_subtraction","main_scaling","two_run_difference",NA,3,28.9283333333333,29.1700000000001,0.971315774263658,0.563666666666677,29.492,0.563666666666677,0.0144641666666667,0.571000000000026,29.744,0.571000000000026,0.014585,0,FALSE,FALSE,0.276545485971078,553.090971942156,NA,"2560;2563;2566",644
"HPC","Mplus_WCP","mplus",2500,1,16,4,4,2000,"229e14792b0f4550a6f1e0887b422826","Mplus_input_write_engine_run_output_validation_BITERATIONS","overhead_subtraction","main_scaling","two_run_difference",NA,3,14.7486666666667,14.408,0.904469642018654,0.539333333333313,15.288,0.539333333333313,0.00737433333333333,0.532000000000039,14.9649999999999,0.532000000000039,0.00720400000000001,0,FALSE,FALSE,0.27121095692266,542.42191384532,NA,"2552;2555;2558",642
"HPC","Mplus_WCP","mplus",500,1,16,8,2,10000,"5fff1836d43ae39c037ca22d13a50ed5","Mplus_input_write_engine_run_output_validation_BITERATIONS","overhead_subtraction","main_scaling","two_run_difference",NA,3,31.3193333333333,30.893,1.45318626931765,0.447999999999998,31.7673333333333,0.447999999999998,0.00313193333333333,0.450999999999993,31.357,0.450999999999993,0.0030893,0,FALSE,FALSE,0.255433278698993,2554.33278698993,NA,"2530;2533;2536",634
"HPC","Mplus_WCP","mplus",500,1,16,4,4,10000,"5fff1836d43ae39c037ca22d13a50ed5","Mplus_input_write_engine_run_output_validation_BITERATIONS","overhead_subtraction","main_scaling","two_run_difference",NA,3,15.9263333333333,15.863,0.562679600957196,0.43433333333334,16.3606666666667,0.43433333333334,0.00159263333333333,0.432999999999993,16.284,0.432999999999993,0.0015863,0,FALSE,FALSE,0.251156365767387,2511.56365767387,NA,"2522;2525;2528",632
"HPC","Mplus_standard","mplus",10000,1,4,4,1,200,"b97502ef4c1796520d0acd01a82ea24d","Mplus_input_write_engine_run_output_validation_BITERATIONS","overhead_subtraction","main_scaling","two_run_difference",NA,3,16.1903333333334,16.024,0.551639677084086,1.23199999999997,17.4223333333334,1.23199999999997,0.0809516666666669,1.22499999999991,17.235,1.22499999999991,0.08012,0,FALSE,FALSE,0.247061003479442,49.4122006958883,NA,"2917;2918;2919",707
"HPC","MD_BayesMVP","BayesMVP_NicoStan",50000,100,2,2,1,50,"3f8ed78629bdab9b833b52bd1450ea30","state_allocation_thread_setup_sampling_divergence_check","iteration_difference","main_scaling","two_run_difference",NA,4,8.31709183673517,8.31530612244956,0.217413797962784,0.181999999999789,8.33275000000026,0.0156581632650855,0.166341836734703,0.182000000000016,8.33150000000023,0.0160000000000114,0.166306122448991,0,FALSE,FALSE,0.240468668527422,12.0234334263711,0,"3810;3819;3828;3837",908
"HPC","Mplus_standard","mplus",10000,1,8,8,1,200,"b97502ef4c1796520d0acd01a82ea24d","Mplus_input_write_engine_run_output_validation_BITERATIONS","overhead_subtraction","main_scaling","two_run_difference",NA,3,34.1613333333334,34.1960000000001,0.101539811568449,1.31566666666667,35.4770000000001,1.31566666666667,0.170806666666667,1.31799999999998,35.5250000000001,1.31799999999998,0.170980000000001,0,FALSE,FALSE,0.234182896842434,46.8365793684867,NA,"2920;2921;2922",708
"HPC","Mplus_WCP","mplus",50000,1,8,4,2,100,"3f8ed78629bdab9b833b52bd1450ea30","Mplus_input_write_engine_run_output_validation_BITERATIONS","overhead_subtraction","main_scaling","two_run_difference",NA,3,19.5836666666669,19.6750000000002,0.253648050127397,3.39233333333323,22.9760000000001,3.39233333333323,0.195836666666669,3.45499999999993,23.1300000000001,3.45499999999993,0.196750000000002,0,FALSE,FALSE,0.204251842521827,20.4251842521827,NA,"2635;2642;2649",669
"HPC","Mplus_WCP","mplus",10000,1,8,4,2,500,"b97502ef4c1796520d0acd01a82ea24d","Mplus_input_write_engine_run_output_validation_BITERATIONS","overhead_subtraction","main_scaling","two_run_difference",NA,3,19.595,19.1769999999999,0.73964045319321,1.00700000000006,20.602,1.00700000000006,0.0391899999999999,1.01600000000008,20.193,1.01600000000008,0.0383539999999998,0,FALSE,FALSE,0.204133707578464,102.066853789232,NA,"2581;2588;2595",651
"HPC","Mplus_WCP","mplus",2500,1,8,4,2,2000,"229e14792b0f4550a6f1e0887b422826","Mplus_input_write_engine_run_output_validation_BITERATIONS","overhead_subtraction","main_scaling","two_run_difference",NA,3,21.706,21.3339999999999,0.900593693071333,0.555333333333313,22.2613333333333,0.555333333333313,0.010853,0.556999999999903,21.895,0.556999999999903,0.010667,0,FALSE,FALSE,0.184280844006265,368.561688012531,NA,"2551;2554;2557",641
"HPC","Mplus_WCP","mplus",500,1,8,4,2,10000,"5fff1836d43ae39c037ca22d13a50ed5","Mplus_input_write_engine_run_output_validation_BITERATIONS","overhead_subtraction","main_scaling","two_run_difference",NA,3,22.4676666666667,22.71,0.49970624704254,0.452666666666664,22.9203333333333,0.452666666666664,0.00224676666666667,0.447999999999993,23.158,0.447999999999993,0.002271,0,FALSE,FALSE,0.178033618681661,1780.33618681661,NA,"2521;2524;2527",631
"HPC","Mplus_standard","mplus",50000,1,16,16,1,100,"3f8ed78629bdab9b833b52bd1450ea30","Mplus_input_write_engine_run_output_validation_BITERATIONS","overhead_subtraction","main_scaling","two_run_difference",NA,3,99.2803333333334,100.087,5.191220408857,5.209,104.489333333333,5.209,0.992803333333334,5.20699999999999,105.294,5.20699999999999,1.00087,0,FALSE,FALSE,0.161159813457516,16.1159813457516,NA,"2950;2951;2952",718
"HPC","Mplus_standard","mplus",50000,1,1,1,1,100,"3f8ed78629bdab9b833b52bd1450ea30","Mplus_input_write_engine_run_output_validation_BITERATIONS","overhead_subtraction","main_scaling","two_run_difference",NA,3,7.39066666666667,7.393,0.00680685928555312,0.721999999999999,8.11266666666667,0.721999999999999,0.0739066666666667,0.721,8.114,0.721,0.07393,0,FALSE,FALSE,0.135305791087859,13.5305791087859,NA,"2938;2939;2940",714
"HPC","MD_BayesMVP","BayesMVP_NicoStan",50000,100,1,1,1,50,"3f8ed78629bdab9b833b52bd1450ea30","state_allocation_thread_setup_sampling_divergence_check","iteration_difference","main_scaling","two_run_difference",NA,4,8.06811224489806,8.04591836734716,0.0594958632162604,0.169750000000022,8.07650000000012,0.00838775510206057,0.161362244897961,0.169499999999971,8.05450000000019,0.00858163265302767,0.160918367346943,0,FALSE,FALSE,0.123944730768013,6.19723653840065,0,"3809;3818;3827;3836",907
"HPC","Mplus_standard","mplus",50000,1,2,2,1,100,"3f8ed78629bdab9b833b52bd1450ea30","Mplus_input_write_engine_run_output_validation_BITERATIONS","overhead_subtraction","main_scaling","two_run_difference",NA,3,17.6496666666667,17.83,0.550133014218693,4.33533333333333,21.985,4.33533333333333,0.176496666666667,4.317,22.147,4.317,0.1783,0,FALSE,FALSE,0.113316587659824,11.3316587659824,NA,"2941;2942;2943",715
"HPC","Mplus_standard","mplus",50000,1,4,4,1,100,"3f8ed78629bdab9b833b52bd1450ea30","Mplus_input_write_engine_run_output_validation_BITERATIONS","overhead_subtraction","main_scaling","two_run_difference",NA,3,39.5546666666667,39.542,1.00505986554701,4.51133333333332,44.066,4.51133333333332,0.395546666666667,4.511,44.046,4.511,0.39542,0,FALSE,FALSE,0.101125867997034,10.1125867997034,NA,"2944;2945;2946",716
"HPC","Mplus_standard","mplus",50000,1,8,8,1,100,"3f8ed78629bdab9b833b52bd1450ea30","Mplus_input_write_engine_run_output_validation_BITERATIONS","overhead_subtraction","main_scaling","two_run_difference",NA,3,85.3413333333333,85.195,0.97080705257704,4.93133333333333,90.2726666666667,4.93133333333333,0.853413333333333,4.88500000000001,90.08,4.88500000000001,0.85195,0,FALSE,FALSE,0.0937412117613974,9.37412117613974,NA,"2947;2948;2949",717
