"device","algorithm","execution_backend","N","num_chunks","n_threads","n_chains","threads_per_chain","n_iter","dataset_md5","timing_scope","timing_estimator","benchmark_role","timing_method","stan_chunk_size","n_repeats","time_mean","time_median","time_sd","time_short_run_mean","time_long_run_mean","fixed_cost_mean","seconds_per_iteration_mean","time_short_run_median","time_long_run_median","fixed_cost_median","seconds_per_iteration_median","n_repeats_two_run_flagged","time_mean_not_positive","time_median_not_positive","chain_rate","total_iter_per_sec","max_divergences","case_ids","configuration_id","wcp_efficiency","wcp_speedup","serial_n_iter","serial_measured_seconds","serial_seconds","baseline_case_ids"
"HPC","MD_BayesMVP_WCP","BayesMVP_NicoStan",500,2,8,4,2,2000,"5fff1836d43ae39c037ca22d13a50ed5","state_allocation_thread_setup_sampling_divergence_check","iteration_difference","main_scaling","two_run_difference",NA,4,4.82716358179092,4.63481740870472,0.476958785232038,0.0044999999999531,4.82924999999997,0.00208641820905764,0.00241358179089546,0.00500000000000078,4.63650000000022,0.00247773886948984,0.00231740870435236,0,FALSE,FALSE,0.828643971190214,1657.28794238043,0,"3917;3920;3923;3926",934,0.575533735629293,1.15106747125859,400,1.11127819548872,5.55639097744361,"3111;3120;3129;3138"
"HPC","MD_BayesMVP_WCP","BayesMVP_NicoStan",500,2,16,8,2,2000,"5fff1836d43ae39c037ca22d13a50ed5","state_allocation_thread_setup_sampling_divergence_check","iteration_difference","main_scaling","two_run_difference",NA,4,4.68059029514725,4.66433216608264,0.0638461064299758,0.00750000000013262,4.68574999999981,0.005159704852559,0.00234029514757362,0.00799999999990497,4.66999999999996,0.0056678339173184,0.00233216608304132,0,FALSE,FALSE,1.70918612729131,3418.37225458261,0,"3918;3921;3924;3927",935,0.594627567154448,1.1892551343089,400,1.11328320802005,5.56641604010025,"3112;3121;3130;3139"
"HPC","MD_BayesMVP_WCP","BayesMVP_NicoStan",500,2,32,16,2,2000,"5fff1836d43ae39c037ca22d13a50ed5","state_allocation_thread_setup_sampling_divergence_check","iteration_difference","main_scaling","two_run_difference",NA,4,4.78964482241127,4.78539269634806,0.219071290296367,0.00950000000010931,4.79675000000017,0.00710517758890367,0.00239482241120564,0.00900000000000745,4.7930000000001,0.00663881940971218,0.00239269634817403,0,FALSE,FALSE,3.34053997597781,6681.07995195563,0,"3919;3922;3925;3928",936,0.607121163397283,1.21424232679457,400,1.16315789473684,5.81578947368421,"3113;3122;3131;3140"
"HPC","MD_BayesMVP_WCP","BayesMVP_NicoStan",500,4,8,4,2,2000,"5fff1836d43ae39c037ca22d13a50ed5","state_allocation_thread_setup_sampling_divergence_check","iteration_difference","main_scaling","two_run_difference",NA,4,4.72361180590284,4.67383691845885,0.177690224611554,0.00425000000000342,4.7254999999999,0.001888194097052,0.00236180590295142,0.00449999999995221,4.67599999999957,0.00216308154072278,0.00233691845922942,0,FALSE,FALSE,0.846809637278282,1693.61927455656,0,"3929;3935;3941;3947",937,0.608578103983831,1.21715620796766,400,1.1498746867168,5.74937343358399,"3147;3156;3165;3174"
"HPC","MD_BayesMVP_WCP","BayesMVP_NicoStan",500,4,16,4,4,2000,"5fff1836d43ae39c037ca22d13a50ed5","state_allocation_thread_setup_sampling_divergence_check","iteration_difference","main_scaling","two_run_difference",NA,4,4.07503751875897,4.11405702851425,0.200935391617397,0.00450000000023199,4.07749999999983,0.0024624812408525,0.00203751875937949,0.00450000000000195,4.1165,0.00244297148574482,0.00205702851425713,0,FALSE,FALSE,0.981586054505376,1963.17210901075,0,"3930;3936;3942;3948",938,0.352719049034358,1.41087619613743,400,1.1498746867168,5.74937343358399,"3147;3156;3165;3174"
"HPC","MD_BayesMVP_WCP","BayesMVP_NicoStan",500,4,16,8,2,2000,"5fff1836d43ae39c037ca22d13a50ed5","state_allocation_thread_setup_sampling_divergence_check","iteration_difference","main_scaling","two_run_difference",NA,4,4.74712356178052,4.6493246623309,0.237062089725287,0.00725000000031173,4.75199999999994,0.00487643821942147,0.00237356178089026,0.0070000000002608,4.6545000000001,0.00468259129590886,0.00232466233116545,0,FALSE,FALSE,1.68523104483916,3370.46208967833,0,"3931;3937;3943;3949",939,0.612163344765352,1.2243266895307,400,1.16240601503759,5.81203007518795,"3148;3157;3166;3175"
"HPC","MD_BayesMVP_WCP","BayesMVP_NicoStan",500,4,32,8,4,2000,"5fff1836d43ae39c037ca22d13a50ed5","state_allocation_thread_setup_sampling_divergence_check","iteration_difference","main_scaling","two_run_difference",NA,4,4.07328664332206,4.10255127563816,0.179714233710152,0.00749999999980311,4.07875000000021,0.00546335667814208,0.00203664332166103,0.0069999999996071,4.10900000000014,0.0050160080036087,0.00205127563781908,0,FALSE,FALSE,1.96401596561233,3928.03193122467,0,"3932;3938;3944;3950",940,0.356716245634006,1.42686498253602,400,1.16240601503759,5.81203007518795,"3148;3157;3166;3175"
"HPC","MD_BayesMVP_WCP","BayesMVP_NicoStan",500,4,32,16,2,2000,"5fff1836d43ae39c037ca22d13a50ed5","state_allocation_thread_setup_sampling_divergence_check","iteration_difference","main_scaling","two_run_difference",NA,4,4.93346673336678,4.88644322161117,0.211368553707308,0.00999999999993406,4.94100000000003,0.00753326663325067,0.00246673336668339,0.00950000000000983,4.89450000000022,0.00700975487744864,0.00244322161080558,0,FALSE,FALSE,3.24315554654222,6486.31109308444,0,"3933;3939;3945;3951",941,0.670704277932698,1.3414085558654,400,1.3235588972431,6.6177944862155,"3149;3158;3167;3176"
"HPC","MD_BayesMVP_WCP","BayesMVP_NicoStan",500,4,64,16,4,2000,"5fff1836d43ae39c037ca22d13a50ed5","state_allocation_thread_setup_sampling_divergence_check","iteration_difference","main_scaling","two_run_difference",NA,4,4.30165082541262,4.30265132566273,0.229337267868911,0.00950000000005957,4.30899999999997,0.00734917458735326,0.00215082541270631,0.00950000000000983,4.3094999999999,0.00731515757879928,0.00215132566283136,0,FALSE,FALSE,3.71950226770562,7439.00453541124,0,"3934;3940;3946;3952",942,0.384607837479505,1.53843134991802,400,1.3235588972431,6.6177944862155,"3149;3158;3167;3176"
"HPC","MD_BayesMVP_WCP","BayesMVP_NicoStan",500,10,8,4,2,2000,"5fff1836d43ae39c037ca22d13a50ed5","state_allocation_thread_setup_sampling_divergence_check","iteration_difference","main_scaling","two_run_difference",NA,4,5.42746373186576,5.33566783391669,0.196273865978821,0.00424999999995102,5.42899999999978,0.00153626813401814,0.00271373186593288,0.0039999999999516,5.33699999999968,0.00133216608299325,0.00266783391695834,0,FALSE,FALSE,0.736992488133117,1473.98497626623,0,"3953;3963;3973;3983",943,0.633439502253511,1.26687900450702,400,1.37518796992481,6.87593984962406,"3183;3192;3201;3210"
"HPC","MD_BayesMVP_WCP","BayesMVP_NicoStan",500,10,16,4,4,2000,"5fff1836d43ae39c037ca22d13a50ed5","state_allocation_thread_setup_sampling_divergence_check","iteration_difference","main_scaling","two_run_difference",NA,4,4.5257628814407,4.50925462731365,0.0365741803676031,0.00475000000005465,4.52825000000004,0.0024871185593343,0.00226288144072035,0.00499999999995282,4.51150000000015,0.00272886443232527,0.00225462731365683,0,FALSE,FALSE,0.883828893555879,1767.65778711176,0,"3954;3964;3974;3984",944,0.379822144340626,1.5192885773625,400,1.37518796992481,6.87593984962406,"3183;3192;3201;3210"
"HPC","MD_BayesMVP_WCP","BayesMVP_NicoStan",500,10,32,4,8,2000,"5fff1836d43ae39c037ca22d13a50ed5","state_allocation_thread_setup_sampling_divergence_check","iteration_difference","main_scaling","two_run_difference",NA,4,4.27563781890931,4.27263631815894,0.0859984140065456,0.00475000000005465,4.27824999999991,0.0026121810906,0.00213781890945466,0.00499999999995282,4.27500000000002,0.00286068034012298,0.00213631815907947,0,FALSE,FALSE,0.935532935532966,1871.06587106593,0,"3955;3965;3975;3985",945,0.201020881002091,1.60816704801673,400,1.37518796992481,6.87593984962406,"3183;3192;3201;3210"
"HPC","MD_BayesMVP_WCP","BayesMVP_NicoStan",500,10,16,8,2,2000,"5fff1836d43ae39c037ca22d13a50ed5","state_allocation_thread_setup_sampling_divergence_check","iteration_difference","main_scaling","two_run_difference",NA,4,5.50225112556295,5.49024512256151,0.10987448620122,0.00899999999990442,5.50850000000008,0.00624887443712294,0.00275112556278148,0.0079999999999032,5.49750000000014,0.00526713356668647,0.00274512256128076,0,FALSE,FALSE,1.45395035912351,2907.90071824702,0,"3956;3966;3976;3986",946,0.634281289185302,1.2685625783706,400,1.39598997493734,6.9799498746867,"3184;3193;3202;3211"
"HPC","MD_BayesMVP_WCP","BayesMVP_NicoStan",500,10,32,8,4,2000,"5fff1836d43ae39c037ca22d13a50ed5","state_allocation_thread_setup_sampling_divergence_check","iteration_difference","main_scaling","two_run_difference",NA,4,4.71885942971495,4.65982991495748,0.157504925636502,0.00749999999985462,4.72399999999995,0.00514057028499715,0.00235942971485748,0.00749999999990791,4.665,0.00517008504252155,0.00232991495747874,0,FALSE,FALSE,1.69532492314213,3390.64984628425,0,"3957;3967;3977;3987",947,0.369790093276223,1.47916037310489,400,1.39598997493734,6.9799498746867,"3184;3193;3202;3211"
"HPC","MD_BayesMVP_WCP","BayesMVP_NicoStan",500,10,64,8,8,2000,"5fff1836d43ae39c037ca22d13a50ed5","state_allocation_thread_setup_sampling_divergence_check","iteration_difference","main_scaling","two_run_difference",NA,4,4.32316158079039,4.32616308154055,0.0965608011771177,0.00799999999995649,4.32899999999995,0.00583841920956129,0.0021615807903952,0.00750000000000028,4.33299999999989,0.00536043021491589,0.00216308154077027,0,FALSE,FALSE,1.85049757000694,3700.99514001389,0,"3958;3968;3978;3988",948,0.201818441904344,1.61454753523475,400,1.39598997493734,6.9799498746867,"3184;3193;3202;3211"
"HPC","MD_BayesMVP_WCP","BayesMVP_NicoStan",500,10,32,16,2,2000,"5fff1836d43ae39c037ca22d13a50ed5","state_allocation_thread_setup_sampling_divergence_check","iteration_difference","main_scaling","two_run_difference",NA,4,5.71685842921448,5.67983991995971,0.0875537763169166,0.0110000000001094,5.72499999999999,0.00814157078550212,0.00285842921460724,0.0110000000001094,5.68799999999984,0.00816008004012951,0.00283991995997985,0,FALSE,FALSE,2.79873993699691,5597.47987399382,0,"3959;3969;3979;3989",949,0.644775495353728,1.28955099070746,400,1.47443609022556,7.37218045112781,"3185;3194;3203;3212"
"HPC","MD_BayesMVP_WCP","BayesMVP_NicoStan",500,10,64,16,4,2000,"5fff1836d43ae39c037ca22d13a50ed5","state_allocation_thread_setup_sampling_divergence_check","iteration_difference","main_scaling","two_run_difference",NA,4,4.96848424212114,4.93246623311666,0.154299932546078,0.00999999999993406,4.97600000000002,0.00751575787887349,0.00248424212106057,0.00950000000000983,4.93900000000011,0.00698849424712629,0.00246623311655833,0,FALSE,FALSE,3.2202980265807,6440.59605316139,0,"3960;3970;3980;3990",950,0.370947158724433,1.48378863489773,400,1.47443609022556,7.37218045112781,"3185;3194;3203;3212"
"HPC","MD_BayesMVP_WCP","BayesMVP_NicoStan",500,10,96,16,6,2000,"5fff1836d43ae39c037ca22d13a50ed5","state_allocation_thread_setup_sampling_divergence_check","iteration_difference","main_scaling","two_run_difference",NA,4,5.52451225612814,5.42871435717881,0.258333704638304,0.0125000000000846,5.53425000000016,0.00973774387202049,0.00276225612806407,0.0124999999999531,5.43950000000018,0.00979964982486545,0.0027143571785894,0,FALSE,FALSE,2.89618327522974,5792.36655045947,0,"3961;3971;3981;3991",951,0.222408184630541,1.33444910778325,400,1.47443609022556,7.37218045112781,"3185;3194;3203;3212"
"HPC","MD_BayesMVP_WCP","BayesMVP_NicoStan",500,10,128,16,8,2000,"5fff1836d43ae39c037ca22d13a50ed5","state_allocation_thread_setup_sampling_divergence_check","iteration_difference","main_scaling","two_run_difference",NA,4,6.03551775887948,6.11005502751351,0.374030565447403,0.0144999999999591,6.047,0.0114822411205194,0.00301775887943974,0.0134999999999579,6.12249999999971,0.0105195097548352,0.00305502751375675,0,FALSE,FALSE,2.65097389142145,5301.9477828429,0,"3962;3972;3982;3992",952,0.152683264834277,1.22146611867422,400,1.47443609022556,7.37218045112781,"3185;3194;3203;3212"
"HPC","MD_BayesMVP_WCP","BayesMVP_NicoStan",2500,2,8,4,2,400,"229e14792b0f4550a6f1e0887b422826","state_allocation_thread_setup_sampling_divergence_check","iteration_difference","main_scaling","two_run_difference",NA,4,2.55714285714317,2.52431077694246,0.12565733888167,0.0119999999998086,2.56275000000013,0.00560714285695067,0.00639285714285794,0.0119999999998583,2.52949999999986,0.00548245614020788,0.00631077694235614,0,FALSE,FALSE,1.56424581005567,625.698324022269,0,"3993;3996;3999;4002",953,0.796478325436572,1.59295665087314,80,0.814683544303795,4.07341772151897,"3263;3272;3281;3290"
"HPC","MD_BayesMVP_WCP","BayesMVP_NicoStan",2500,2,16,8,2,400,"229e14792b0f4550a6f1e0887b422826","state_allocation_thread_setup_sampling_divergence_check","iteration_difference","main_scaling","two_run_difference",NA,4,2.57042606516312,2.56240601503778,0.046721524602564,0.02674999999984,2.59075000000006,0.0203239348369321,0.00642606516290781,0.0234999999997143,2.5869999999999,0.0171666666663805,0.00640601503759444,0,FALSE,FALSE,3.11232449297946,1244.92979719178,0,"3994;3997;4000;4003",954,0.89971785580277,1.79943571160554,80,0.925063291139247,4.62531645569623,"3264;3273;3282;3291"
"HPC","MD_BayesMVP_WCP","BayesMVP_NicoStan",2500,2,32,16,2,400,"229e14792b0f4550a6f1e0887b422826","state_allocation_thread_setup_sampling_divergence_check","iteration_difference","main_scaling","two_run_difference",NA,4,2.60827067669187,2.590977443609,0.106452681385128,0.0392499999999494,2.64100000000009,0.0327293233082197,0.00652067669172969,0.0330000000000297,2.61750000000001,0.0266917293232093,0.0064774436090225,0,FALSE,FALSE,6.1343326607088,2453.73306428352,0,"3995;3998;4001;4004",955,0.921605832490961,1.84321166498192,80,0.961518987341751,4.80759493670875,"3265;3274;3283;3292"
"HPC","MD_BayesMVP_WCP","BayesMVP_NicoStan",2500,4,8,4,2,400,"229e14792b0f4550a6f1e0887b422826","state_allocation_thread_setup_sampling_divergence_check","iteration_difference","main_scaling","two_run_difference",NA,4,2.43182957393489,2.43759398496254,0.0376207089642977,0.0115000000000336,2.43725000000009,0.00542042606519637,0.00607957393483723,0.0115000000000691,2.4445000000001,0.00546240601503566,0.00609398496240635,0,FALSE,FALSE,1.64485210759555,657.940843038221,0,"4005;4011;4017;4023",956,0.899983953807838,1.79996790761568,80,0.875443037974701,4.3772151898735,"3299;3308;3317;3326"
"HPC","MD_BayesMVP_WCP","BayesMVP_NicoStan",2500,4,16,4,4,400,"229e14792b0f4550a6f1e0887b422826","state_allocation_thread_setup_sampling_divergence_check","iteration_difference","main_scaling","two_run_difference",NA,4,1.72280701754355,1.72380952380909,0.0170622521790345,0.0102500000002621,1.72874999999995,0.00594298245640324,0.00430701754385886,0.0100000000002112,1.72999999999988,0.00570426065184073,0.00430952380952271,0,FALSE,FALSE,2.32179226069289,928.716904277155,0,"4006;4012;4018;4024",957,0.635186521952228,2.54074608780891,80,0.875443037974701,4.3772151898735,"3299;3308;3317;3326"
"HPC","MD_BayesMVP_WCP","BayesMVP_NicoStan",2500,4,16,8,2,400,"229e14792b0f4550a6f1e0887b422826","state_allocation_thread_setup_sampling_divergence_check","iteration_difference","main_scaling","two_run_difference",NA,4,2.51929824561427,2.51729323308309,0.0328234697620092,0.020999999999713,2.53399999999995,0.0147017543856773,0.00629824561403568,0.0194999999994252,2.53450000000015,0.0132117794480456,0.00629323308270774,0,FALSE,FALSE,3.17548746518076,1270.1949860723,0,"4007;4013;4019;4025",958,0.778295899298248,1.5565917985965,80,0.784303797468343,3.92151898734172,"3300;3309;3318;3327"
"HPC","MD_BayesMVP_WCP","BayesMVP_NicoStan",2500,4,32,8,4,400,"229e14792b0f4550a6f1e0887b422826","state_allocation_thread_setup_sampling_divergence_check","iteration_difference","main_scaling","two_run_difference",NA,4,1.7245614035088,1.74235588972419,0.0422115458533047,0.0200000000000884,1.74025000000012,0.0156885964913164,0.00431140350877201,0.0165000000001783,1.75450000000015,0.0122531328322583,0.00435588972431047,0,FALSE,FALSE,4.63886063072219,1855.54425228888,0,"4008;4014;4020;4026",959,0.568480626344033,2.27392250537613,80,0.784303797468343,3.92151898734172,"3300;3309;3318;3327"
"HPC","MD_BayesMVP_WCP","BayesMVP_NicoStan",2500,4,32,16,2,400,"229e14792b0f4550a6f1e0887b422826","state_allocation_thread_setup_sampling_divergence_check","iteration_difference","main_scaling","two_run_difference",NA,4,2.58746867167926,2.58796992481198,0.122045273635143,0.0272499999999667,2.60825000000003,0.0207813283207685,0.00646867167919815,0.0235000000000696,2.61350000000002,0.0170075187970622,0.00646992481202995,0,FALSE,FALSE,6.18364974815948,2473.45989926379,0,"4009;4015;4021;4027",960,0.873244841808923,1.74648968361785,80,0.903797468354439,4.5189873417722,"3301;3310;3319;3328"
"HPC","MD_BayesMVP_WCP","BayesMVP_NicoStan",2500,4,64,16,4,400,"229e14792b0f4550a6f1e0887b422826","state_allocation_thread_setup_sampling_divergence_check","iteration_difference","main_scaling","two_run_difference",NA,4,1.90075187969936,1.91528822055139,0.117599867666583,0.0332499999998959,1.92925000000001,0.0284981203006475,0.00475187969924841,0.0250000000001762,1.93550000000019,0.0202117794487977,0.00478822055137848,0,FALSE,FALSE,8.41772151898683,3367.08860759473,0,"4010;4016;4022;4028",961,0.594368390482265,2.37747356192906,80,0.903797468354439,4.5189873417722,"3301;3310;3319;3328"
"HPC","MD_BayesMVP_WCP","BayesMVP_NicoStan",2500,10,8,4,2,400,"229e14792b0f4550a6f1e0887b422826","state_allocation_thread_setup_sampling_divergence_check","iteration_difference","main_scaling","two_run_difference",NA,4,2.48521303258122,2.46867167919799,0.0564675985533469,0.0107500000000584,2.48974999999982,0.00453696741860539,0.00621303258145304,0.0110000000001094,2.47449999999999,0.00469047619058645,0.00617167919799497,0,FALSE,FALSE,1.60951996772908,643.80798709163,0,"4029;4039;4049;4059",962,0.882179931679357,1.76435986335871,80,0.876962025316459,4.38481012658229,"3335;3344;3353;3362"
"HPC","MD_BayesMVP_WCP","BayesMVP_NicoStan",2500,10,16,4,4,400,"229e14792b0f4550a6f1e0887b422826","state_allocation_thread_setup_sampling_divergence_check","iteration_difference","main_scaling","two_run_difference",NA,4,1.90501253132818,1.90476190476188,0.023487689894924,0.0117499999999353,1.91199999999979,0.00698746867161487,0.00476253132832045,0.0119999999997589,1.91299999999998,0.0072568922303356,0.00476190476190471,0,FALSE,FALSE,2.09972372056324,839.889488225296,0,"4030;4040;4050;4060",963,0.575430614559422,2.30172245823769,80,0.876962025316459,4.38481012658229,"3335;3344;3353;3362"
"HPC","MD_BayesMVP_WCP","BayesMVP_NicoStan",2500,10,32,4,8,400,"229e14792b0f4550a6f1e0887b422826","state_allocation_thread_setup_sampling_divergence_check","iteration_difference","main_scaling","two_run_difference",NA,4,1.63834586466172,1.62706766917318,0.0401367836923999,0.00899999999996481,1.64325000000003,0.00490413533831051,0.0040958646616543,0.00900000000001455,1.63250000000026,0.00497243107770822,0.00406766917293295,0,FALSE,FALSE,2.44148692060568,976.594768242274,0,"4031;4041;4051;4061",964,0.334545517918438,2.67636414334751,80,0.876962025316459,4.38481012658229,"3335;3344;3353;3362"
"HPC","MD_BayesMVP_WCP","BayesMVP_NicoStan",2500,10,16,8,2,400,"229e14792b0f4550a6f1e0887b422826","state_allocation_thread_setup_sampling_divergence_check","iteration_difference","main_scaling","two_run_difference",NA,4,2.48421052631569,2.47167919799498,0.0374298841155802,0.0175000000000125,2.49549999999991,0.0112894736842233,0.00621052631578923,0.0175000000000125,2.483,0.0113208020050251,0.00617919799498745,0,FALSE,FALSE,3.22033898305097,1288.13559322039,0,"4032;4042;4052;4062",965,0.894255524565562,1.78851104913112,80,0.888607594936692,4.44303797468346,"3336;3345;3354;3363"
"HPC","MD_BayesMVP_WCP","BayesMVP_NicoStan",2500,10,32,8,4,400,"229e14792b0f4550a6f1e0887b422826","state_allocation_thread_setup_sampling_divergence_check","iteration_difference","main_scaling","two_run_difference",NA,4,1.95187969924782,1.93784461152852,0.0405406063719884,0.0147500000001415,1.96174999999984,0.00987030075202194,0.00487969924811954,0.0140000000001663,1.94899999999981,0.00907142857159565,0.00484461152882129,0,FALSE,FALSE,4.09861325115626,1639.4453004625,0,"4033;4043;4053;4063",966,0.569071697450879,2.27628678980351,80,0.888607594936692,4.44303797468346,"3336;3345;3354;3363"
"HPC","MD_BayesMVP_WCP","BayesMVP_NicoStan",2500,10,64,8,8,400,"229e14792b0f4550a6f1e0887b422826","state_allocation_thread_setup_sampling_divergence_check","iteration_difference","main_scaling","two_run_difference",NA,4,1.78897243107772,1.8010025062656,0.0672028238839113,0.0167499999999592,1.80124999999998,0.0122775689222649,0.00447243107769429,0.013499999999965,1.81649999999989,0.0090576441102404,0.004502506265664,0,FALSE,FALSE,4.47184085177915,1788.73634071166,0,"4034;4044;4054;4064",967,0.310446230018681,2.48356984014945,80,0.888607594936692,4.44303797468346,"3336;3345;3354;3363"
"HPC","MD_BayesMVP_WCP","BayesMVP_NicoStan",2500,10,32,16,2,400,"229e14792b0f4550a6f1e0887b422826","state_allocation_thread_setup_sampling_divergence_check","iteration_difference","main_scaling","two_run_difference",NA,4,2.6112781954884,2.63458646616494,0.0803564690614936,0.0290000000002948,2.63374999999998,0.0224718045115738,0.00652819548872101,0.0300000000003138,2.65799999999984,0.0234135338349014,0.00658646616541236,0,FALSE,FALSE,6.12726749208252,2450.90699683301,0,"4035;4045;4055;4065",968,0.836439877973763,1.67287975594753,80,0.873670886075948,4.36835443037974,"3337;3346;3355;3364"
"HPC","MD_BayesMVP_WCP","BayesMVP_NicoStan",2500,10,64,16,4,400,"229e14792b0f4550a6f1e0887b422826","state_allocation_thread_setup_sampling_divergence_check","iteration_difference","main_scaling","two_run_difference",NA,4,2.05664160400985,2.06315789473664,0.0294504878629474,0.0220000000000127,2.07349999999984,0.016858395989988,0.00514160401002463,0.0215000000001169,2.0804999999997,0.0163746867169092,0.00515789473684159,0,FALSE,FALSE,7.77967340970088,3111.86936388035,0,"4036;4046;4056;4066",969,0.531005793846473,2.12402317538589,80,0.873670886075948,4.36835443037974,"3337;3346;3355;3364"
"HPC","MD_BayesMVP_WCP","BayesMVP_NicoStan",2500,10,96,16,6,400,"229e14792b0f4550a6f1e0887b422826","state_allocation_thread_setup_sampling_divergence_check","iteration_difference","main_scaling","two_run_difference",NA,4,2.24987468671669,2.25563909774398,0.105215010669881,0.0255000000000933,2.26974999999999,0.0198753132833016,0.00562468671679173,0.0229999999999677,2.27199999999984,0.0174711779448294,0.00563909774435994,0,FALSE,FALSE,7.11150718502872,2844.60287401149,0,"4037;4047;4057;4067",970,0.323599832483308,1.94159899489985,80,0.873670886075948,4.36835443037974,"3337;3346;3355;3364"
"HPC","MD_BayesMVP_WCP","BayesMVP_NicoStan",2500,10,128,16,8,400,"229e14792b0f4550a6f1e0887b422826","state_allocation_thread_setup_sampling_divergence_check","iteration_difference","main_scaling","two_run_difference",NA,4,2.41578947368413,2.41203007518768,0.0500207765411656,0.0315000000000936,2.44125000000002,0.0254605263158832,0.00603947368421034,0.0255000000001928,2.44099999999976,0.0195664160402935,0.00603007518796919,0,FALSE,FALSE,6.62309368191742,2649.23747276697,0,"4038;4048;4058;4068",971,0.226031411158,1.808251289264,80,0.873670886075948,4.36835443037974,"3337;3346;3355;3364"
"HPC","MD_BayesMVP_WCP","BayesMVP_NicoStan",2500,25,8,4,2,400,"229e14792b0f4550a6f1e0887b422826","state_allocation_thread_setup_sampling_divergence_check","iteration_difference","main_scaling","two_run_difference",NA,4,2.73157894736832,2.70476190476171,0.0775561334932931,0.00925000000000153,2.7339999999999,0.00242105263158073,0.0068289473684208,0.00949999999998852,2.70699999999971,0.00255263157893584,0.00676190476190428,0,FALSE,FALSE,1.4643545279384,585.741811175359,0,"4069;4079;4089;4099",972,0.782919928782238,1.56583985756448,80,0.855443037974667,4.27721518987333,"3371;3380;3389;3398"
"HPC","MD_BayesMVP_WCP","BayesMVP_NicoStan",2500,25,16,4,4,400,"229e14792b0f4550a6f1e0887b422826","state_allocation_thread_setup_sampling_divergence_check","iteration_difference","main_scaling","two_run_difference",NA,4,1.91904761904767,1.92431077694236,0.0185102043089825,0.0107500000001579,1.92500000000021,0.00595238095253873,0.00479761904761918,0.0105000000003201,1.93049999999999,0.00571804511298826,0.00481077694235589,0,FALSE,FALSE,2.08436724565751,833.746898263004,0,"4070;4080;4090;4100",973,0.557205452775047,2.22882181110019,80,0.855443037974667,4.27721518987333,"3371;3380;3389;3398"
"HPC","MD_BayesMVP_WCP","BayesMVP_NicoStan",2500,25,32,4,8,400,"229e14792b0f4550a6f1e0887b422826","state_allocation_thread_setup_sampling_divergence_check","iteration_difference","main_scaling","two_run_difference",NA,4,1.57994987468654,1.56892230576447,0.0396550051767798,0.00900000000029166,1.58500000000011,0.00505012531357532,0.00394987468671635,0.00850000000036744,1.57450000000027,0.00462406015038815,0.00392230576441116,0,FALSE,FALSE,2.53172588832516,1012.69035533006,0,"4071;4081;4091;4101",974,0.338398013316873,2.70718410653498,80,0.855443037974667,4.27721518987333,"3371;3380;3389;3398"
"HPC","MD_BayesMVP_WCP","BayesMVP_NicoStan",2500,25,16,8,2,400,"229e14792b0f4550a6f1e0887b422826","state_allocation_thread_setup_sampling_divergence_check","iteration_difference","main_scaling","two_run_difference",NA,4,2.83709273182944,2.75789473684185,0.193056436470138,0.0217500000000683,2.85174999999994,0.0146572681704947,0.00709273182957361,0.021000000000214,2.77399999999989,0.0135977443611173,0.00689473684210463,0,FALSE,FALSE,2.81978798586585,1127.91519434634,0,"4072;4082;4092;4102",975,0.765849062933337,1.53169812586667,80,0.869113924050624,4.34556962025312,"3372;3381;3390;3399"
"HPC","MD_BayesMVP_WCP","BayesMVP_NicoStan",2500,25,32,8,4,400,"229e14792b0f4550a6f1e0887b422826","state_allocation_thread_setup_sampling_divergence_check","iteration_difference","main_scaling","two_run_difference",NA,4,2.0348370927318,2.00651629072638,0.0979395262550886,0.0124999999999531,2.04224999999992,0.0074129072681236,0.0050870927318295,0.0125000000002018,2.01199999999977,0.00731829573955121,0.00501629072681596,0,FALSE,FALSE,3.93151865993354,1572.60746397342,0,"4073;4083;4093;4103",976,0.533896501564546,2.13558600625818,80,0.869113924050624,4.34556962025312,"3372;3381;3390;3399"
"HPC","MD_BayesMVP_WCP","BayesMVP_NicoStan",2500,25,64,8,8,400,"229e14792b0f4550a6f1e0887b422826","state_allocation_thread_setup_sampling_divergence_check","iteration_difference","main_scaling","two_run_difference",NA,4,1.69122807017549,1.69473684210526,0.0279625577567129,0.0127500000000822,1.69975000000013,0.00852192982464348,0.00422807017543872,0.0125000000003155,1.70399999999999,0.00830827067700768,0.00423684210526316,0,FALSE,FALSE,4.7302904564314,1892.11618257256,0,"4074;4084;4094;4104",977,0.321184476600649,2.5694758128052,80,0.869113924050624,4.34556962025312,"3372;3381;3390;3399"
"HPC","MD_BayesMVP_WCP","BayesMVP_NicoStan",2500,25,32,16,2,400,"229e14792b0f4550a6f1e0887b422826","state_allocation_thread_setup_sampling_divergence_check","iteration_difference","main_scaling","two_run_difference",NA,4,3.05989974937356,3.06967418546367,0.185528449474454,0.0277499999999407,3.08000000000007,0.0201002506265067,0.00764974937343391,0.0279999999999205,3.08949999999997,0.0203746867167119,0.00767418546365918,0,FALSE,FALSE,5.22892947825353,2091.57179130141,0,"4075;4085;4095;4105",978,0.724355657944751,1.4487113158895,80,0.886582278480986,4.43291139240493,"3373;3382;3391;3400"
"HPC","MD_BayesMVP_WCP","BayesMVP_NicoStan",2500,25,64,16,4,400,"229e14792b0f4550a6f1e0887b422826","state_allocation_thread_setup_sampling_divergence_check","iteration_difference","main_scaling","two_run_difference",NA,4,2.22982456140365,2.21152882205534,0.0820071163784344,0.0179999999998373,2.24224999999998,0.0124254385963281,0.00557456140350912,0.0174999999999983,2.22350000000012,0.0119711779447747,0.00552882205513835,0,FALSE,FALSE,7.17545239968484,2870.18095987393,0,"4076;4086;4096;4106",979,0.497002260753472,1.98800904301389,80,0.886582278480986,4.43291139240493,"3373;3382;3391;3400"
"HPC","MD_BayesMVP_WCP","BayesMVP_NicoStan",2500,25,96,16,6,400,"229e14792b0f4550a6f1e0887b422826","state_allocation_thread_setup_sampling_divergence_check","iteration_difference","main_scaling","two_run_difference",NA,4,2.32606516290714,2.31478696741829,0.0962767093221918,0.0180000000000859,2.33824999999996,0.0121848370928181,0.00581516290726785,0.0165000000001783,2.32549999999992,0.0107130325816325,0.00578696741854572,0,FALSE,FALSE,6.8785691197073,2751.42764788292,0,"4077;4087;4097;4107",980,0.317625910564534,1.9057554633872,80,0.886582278480986,4.43291139240493,"3373;3382;3391;3400"
"HPC","MD_BayesMVP_WCP","BayesMVP_NicoStan",2500,25,128,16,8,400,"229e14792b0f4550a6f1e0887b422826","state_allocation_thread_setup_sampling_divergence_check","iteration_difference","main_scaling","two_run_difference",NA,4,2.39523809523796,2.39999999999981,0.0997325796202582,0.022000000000169,2.41125000000004,0.0160119047620741,0.00598809523809491,0.0215000000002163,2.41700000000003,0.0154749373435752,0.00599999999999951,0,FALSE,FALSE,6.67992047713754,2671.96819085502,0,"4078;4088;4098;4108",981,0.231339809245797,1.85071847396637,80,0.886582278480986,4.43291139240493,"3373;3382;3391;3400"
"HPC","MD_BayesMVP_WCP","BayesMVP_NicoStan",10000,4,8,4,2,200,"b97502ef4c1796520d0acd01a82ea24d","state_allocation_thread_setup_sampling_divergence_check","iteration_difference","main_scaling","two_run_difference",NA,4,4.48165829145743,4.47989949748773,0.039400531409636,0.0414999999997434,4.50074999999989,0.0190917085424562,0.0224082914572872,0.0379999999995704,4.49549999999986,0.0156005025121317,0.0223994974874387,0,FALSE,FALSE,0.892526770196753,178.505354039351,0,"4109;4115;4121;4127",982,0.909967760089035,1.81993552017807,80,3.26253164556958,8.15632911392394,"3451;3460;3469;3478"
"HPC","MD_BayesMVP_WCP","BayesMVP_NicoStan",10000,4,16,4,4,200,"b97502ef4c1796520d0acd01a82ea24d","state_allocation_thread_setup_sampling_divergence_check","iteration_difference","main_scaling","two_run_difference",NA,4,2.81582914572864,2.8361809045227,0.0742693621201063,0.0437500000000313,2.84550000000003,0.0296708542713881,0.0140791457286432,0.0405000000000655,2.85650000000001,0.0265577889447892,0.0141809045226135,0,FALSE,FALSE,1.42054073347015,284.108146694031,0,"4110;4116;4122;4128",983,0.724149858869843,2.89659943547937,80,3.26253164556958,8.15632911392394,"3451;3460;3469;3478"
"HPC","MD_BayesMVP_WCP","BayesMVP_NicoStan",10000,4,16,8,2,200,"b97502ef4c1796520d0acd01a82ea24d","state_allocation_thread_setup_sampling_divergence_check","iteration_difference","main_scaling","two_run_difference",NA,4,4.60226130653303,4.58341708542766,0.214486545035375,0.0679999999998273,4.64725000000019,0.0449886934671622,0.0230113065326651,0.0659999999997041,4.62650000000022,0.0430829145725658,0.0229170854271383,0,FALSE,FALSE,1.73827591854548,347.655183709095,0,"4111;4117;4123;4129",984,0.867487697324754,1.73497539464951,80,3.19392405063292,7.98481012658231,"3452;3461;3470;3479"
"HPC","MD_BayesMVP_WCP","BayesMVP_NicoStan",10000,4,32,8,4,200,"b97502ef4c1796520d0acd01a82ea24d","state_allocation_thread_setup_sampling_divergence_check","iteration_difference","main_scaling","two_run_difference",NA,4,2.89798994974873,2.8944723618092,0.0903013816997657,0.0670000000002773,2.95050000000027,0.0525100502515336,0.0144899497487437,0.0540000000005421,2.94950000000026,0.039889447236723,0.014472361809046,0,FALSE,FALSE,2.76053407317497,552.106814634994,0,"4112;4118;4124;4130",985,0.688823138195719,2.75529255278287,80,3.19392405063292,7.98481012658231,"3452;3461;3470;3479"
"HPC","MD_BayesMVP_WCP","BayesMVP_NicoStan",10000,4,32,16,2,200,"b97502ef4c1796520d0acd01a82ea24d","state_allocation_thread_setup_sampling_divergence_check","iteration_difference","main_scaling","two_run_difference",NA,4,4.76934673366841,4.77286432160833,0.264590242509138,0.0797499999999332,4.82525,0.0559032663315911,0.0238467336683421,0.0729999999998654,4.8155,0.050293969849111,0.0238643216080417,0,FALSE,FALSE,3.35475713834154,670.951427668307,0,"4113;4119;4125;4131",986,0.870405540758783,1.74081108151757,80,3.32101265822783,8.30253164556958,"3453;3462;3471;3480"
"HPC","MD_BayesMVP_WCP","BayesMVP_NicoStan",10000,4,64,16,4,200,"b97502ef4c1796520d0acd01a82ea24d","state_allocation_thread_setup_sampling_divergence_check","iteration_difference","main_scaling","two_run_difference",NA,4,3.28140703517579,3.29195979899483,0.0909459817881912,0.0872500000002177,3.35225000000013,0.0708429648243387,0.0164070351758789,0.0770000000002682,3.35250000000012,0.0605402010052941,0.0164597989949741,0,FALSE,FALSE,4.87595712098023,975.191424196046,0,"4114;4120;4126;4132",987,0.632543567177792,2.53017426871117,80,3.32101265822783,8.30253164556958,"3453;3462;3471;3480"
"HPC","MD_BayesMVP_WCP","BayesMVP_NicoStan",10000,10,8,4,2,200,"b97502ef4c1796520d0acd01a82ea24d","state_allocation_thread_setup_sampling_divergence_check","iteration_difference","main_scaling","two_run_difference",NA,4,4.05804020100518,4.0874371859301,0.0994632193159779,0.0295000000000059,4.06725000000016,0.00920979899497997,0.0202902010050259,0.0289999999999964,4.09750000000022,0.00903768844220586,0.0204371859296505,0,FALSE,FALSE,0.985697480032159,197.139496006432,0,"4133;4143;4153;4163",988,0.862251347841428,1.72450269568286,80,2.79924050632913,6.99810126582283,"3487;3496;3505;3514"
"HPC","MD_BayesMVP_WCP","BayesMVP_NicoStan",10000,10,16,4,4,200,"b97502ef4c1796520d0acd01a82ea24d","state_allocation_thread_setup_sampling_divergence_check","iteration_difference","main_scaling","two_run_difference",NA,4,2.80728643216065,2.80703517587902,0.0190932732573569,0.0347500000000807,2.82799999999992,0.0207135678392774,0.0140364321608032,0.0340000000001766,2.8269999999998,0.0199648241207815,0.0140351758793951,0,FALSE,FALSE,1.424863510248,284.9727020496,0,"4134;4144;4154;4164",989,0.623208695918205,2.49283478367282,80,2.79924050632913,6.99810126582283,"3487;3496;3505;3514"
"HPC","MD_BayesMVP_WCP","BayesMVP_NicoStan",10000,10,32,4,8,200,"b97502ef4c1796520d0acd01a82ea24d","state_allocation_thread_setup_sampling_divergence_check","iteration_difference","main_scaling","two_run_difference",NA,4,2.24597989949754,2.19246231155782,0.109412037721999,0.0327499999999219,2.26749999999998,0.0215201005024342,0.0112298994974877,0.0345000000000368,2.21600000000007,0.0235376884422477,0.0109623115577891,0,FALSE,FALSE,1.78095983890811,356.191967781622,0,"4135;4145;4155;4165",990,0.389479290720077,3.11583432576062,80,2.79924050632913,6.99810126582283,"3487;3496;3505;3514"
"HPC","MD_BayesMVP_WCP","BayesMVP_NicoStan",10000,10,16,8,2,200,"b97502ef4c1796520d0acd01a82ea24d","state_allocation_thread_setup_sampling_divergence_check","iteration_difference","main_scaling","two_run_difference",NA,4,3.99447236180915,3.96381909547758,0.0877139960749082,0.0515000000000256,4.02600000000013,0.0315276381909799,0.0199723618090458,0.0515000000000327,3.99300000000024,0.0318316582914889,0.0198190954773879,0,FALSE,FALSE,2.00276764372872,400.553528745744,0,"4136;4146;4156;4166",991,0.865119567623324,1.73023913524665,80,2.76455696202532,6.9113924050633,"3488;3497;3506;3515"
"HPC","MD_BayesMVP_WCP","BayesMVP_NicoStan",10000,10,32,8,4,200,"b97502ef4c1796520d0acd01a82ea24d","state_allocation_thread_setup_sampling_divergence_check","iteration_difference","main_scaling","two_run_difference",NA,4,2.93266331658274,2.92613065326635,0.0738402841674558,0.0462500000000077,2.96424999999983,0.031586683417094,0.0146633165829137,0.0460000000001344,2.95700000000001,0.0311884422111913,0.0146306532663317,0,FALSE,FALSE,2.72789581905431,545.579163810863,0,"4137;4147;4157;4167",992,0.589173701425497,2.35669480570199,80,2.76455696202532,6.9113924050633,"3488;3497;3506;3515"
"HPC","MD_BayesMVP_WCP","BayesMVP_NicoStan",10000,10,64,8,8,200,"b97502ef4c1796520d0acd01a82ea24d","state_allocation_thread_setup_sampling_divergence_check","iteration_difference","main_scaling","two_run_difference",NA,4,2.26130653266337,2.25276381909557,0.0582741266907516,0.0457499999999555,2.29575000000001,0.0344434673366387,0.0113065326633168,0.045499999999933,2.28800000000001,0.0341155778893802,0.0112638190954778,0,FALSE,FALSE,3.5377777777777,707.55555555554,0,"4138;4148;4158;4168",993,0.382046413502102,3.05637130801681,80,2.76455696202532,6.9113924050633,"3488;3497;3506;3515"
"HPC","MD_BayesMVP_WCP","BayesMVP_NicoStan",10000,10,32,16,2,200,"b97502ef4c1796520d0acd01a82ea24d","state_allocation_thread_setup_sampling_divergence_check","iteration_difference","main_scaling","two_run_difference",NA,4,4.26633165829144,4.17989949748746,0.283690187626983,0.0615000000001729,4.30650000000016,0.0401683417087157,0.0213316582914572,0.062500000000199,4.22150000000022,0.0407185929650254,0.0208994974874373,0,FALSE,FALSE,3.7502944640754,750.05889281508,0,"4139;4149;4159;4169",994,0.835137764458572,1.67027552891714,80,2.85037974683548,7.12594936708869,"3489;3498;3507;3516"
"HPC","MD_BayesMVP_WCP","BayesMVP_NicoStan",10000,10,64,16,4,200,"b97502ef4c1796520d0acd01a82ea24d","state_allocation_thread_setup_sampling_divergence_check","iteration_difference","main_scaling","two_run_difference",NA,4,3.14095477386962,3.11959798994989,0.0750629980441576,0.0602499999998258,3.1855000000001,0.0445452261304777,0.0157047738693481,0.0584999999997535,3.16600000000004,0.042962311557426,0.0155979899497495,0,FALSE,FALSE,5.09399248060111,1018.79849612022,0,"4140;4150;4160;4170",995,0.567180195204594,2.26872078081838,80,2.85037974683548,7.12594936708869,"3489;3498;3507;3516"
"HPC","MD_BayesMVP_WCP","BayesMVP_NicoStan",10000,10,96,16,6,200,"b97502ef4c1796520d0acd01a82ea24d","state_allocation_thread_setup_sampling_divergence_check","iteration_difference","main_scaling","two_run_difference",NA,4,3.28919597989947,3.25276381909516,0.137756588547519,0.0599999999999739,3.33274999999995,0.0435540201004765,0.0164459798994974,0.0599999999999454,3.29249999999978,0.0439949748743176,0.0162638190954758,0,FALSE,FALSE,4.86441066381487,972.882132762975,0,"4141;4151;4161;4171",996,0.36107858428199,2.16647150569194,80,2.85037974683548,7.12594936708869,"3489;3498;3507;3516"
"HPC","MD_BayesMVP_WCP","BayesMVP_NicoStan",10000,10,128,16,8,200,"b97502ef4c1796520d0acd01a82ea24d","state_allocation_thread_setup_sampling_divergence_check","iteration_difference","main_scaling","two_run_difference",NA,4,3.55527638190983,3.56130653266353,0.110578647799414,0.0639999999998793,3.60150000000016,0.0462236180903301,0.0177763819095492,0.0645000000000095,3.60450000000031,0.0463140703517684,0.0178065326633176,0,FALSE,FALSE,4.5003533568901,900.070671378019,0,"4142;4152;4162;4172",997,0.25054132933755,2.0043306347004,80,2.85037974683548,7.12594936708869,"3489;3498;3507;3516"
"HPC","MD_BayesMVP_WCP","BayesMVP_NicoStan",10000,25,8,4,2,200,"b97502ef4c1796520d0acd01a82ea24d","state_allocation_thread_setup_sampling_divergence_check","iteration_difference","main_scaling","two_run_difference",NA,4,4.78442211055252,4.76482412060254,0.533527001190805,0.033000000000051,4.79349999999981,0.00907788944728838,0.0239221105527626,0.0319999999999965,4.77499999999964,0.00797989949748398,0.0238241206030127,0,FALSE,FALSE,0.836046633757001,167.2093267514,0,"4173;4189;4205;4221",998,0.910126715229132,1.82025343045826,80,3.48354430379744,8.70886075949359,"3523;3532;3541;3550"
"HPC","MD_BayesMVP_WCP","BayesMVP_NicoStan",10000,25,16,4,4,200,"b97502ef4c1796520d0acd01a82ea24d","state_allocation_thread_setup_sampling_divergence_check","iteration_difference","main_scaling","two_run_difference",NA,4,3.15251256281401,3.21809045226102,0.325910681442538,0.0270000000001147,3.16375000000005,0.0112374371860447,0.01576256281407,0.0260000000002663,3.22799999999998,0.00990954773896116,0.0160904522613051,0,FALSE,FALSE,1.26882920219976,253.765840439951,0,"4174;4190;4206;4222",999,0.690628553096063,2.76251421238425,80,3.48354430379744,8.70886075949359,"3523;3532;3541;3550"
"HPC","MD_BayesMVP_WCP","BayesMVP_NicoStan",10000,25,32,4,8,200,"b97502ef4c1796520d0acd01a82ea24d","state_allocation_thread_setup_sampling_divergence_check","iteration_difference","main_scaling","two_run_difference",NA,4,2.21859296482405,2.22211055276346,0.23708725199409,0.0242500000001584,2.23175000000008,0.0131570351760382,0.0110929648241202,0.0225000000000222,2.23749999999998,0.0116783919597775,0.0111105527638173,0,FALSE,FALSE,1.80294450736133,360.588901472266,0,"4175;4191;4207;4223",1000,0.490674770990737,3.9253981679259,80,3.48354430379744,8.70886075949359,"3523;3532;3541;3550"
"HPC","MD_BayesMVP_WCP","BayesMVP_NicoStan",10000,25,64,4,16,200,"b97502ef4c1796520d0acd01a82ea24d","state_allocation_thread_setup_sampling_divergence_check","iteration_difference","main_scaling","two_run_difference",NA,4,1.61708542713573,1.61155778894483,0.0371451630403603,0.0217499999999404,1.63074999999999,0.0136645728642618,0.00808542713567865,0.021999999999764,1.62549999999987,0.0137613065324269,0.00805778894472417,0,FALSE,FALSE,2.47358607830943,494.717215661886,0,"4176;4192;4208;4224",1001,0.336595573947166,5.38552918315466,80,3.48354430379744,8.70886075949359,"3523;3532;3541;3550"
"HPC","MD_BayesMVP_WCP","BayesMVP_NicoStan",10000,25,96,4,24,200,"b97502ef4c1796520d0acd01a82ea24d","state_allocation_thread_setup_sampling_divergence_check","iteration_difference","main_scaling","two_run_difference",NA,4,1.8994974874376,1.91758793969931,0.0928728777049879,0.0282499999998436,1.91825000000026,0.0187525125626556,0.009497487437188,0.0274999999996908,1.9355000000005,0.0179120603011942,0.00958793969849654,0,FALSE,FALSE,2.10582010581965,421.164021163929,0,"4177;4193;4209;4225",1002,0.191034313397139,4.58482352153134,80,3.48354430379744,8.70886075949359,"3523;3532;3541;3550"
"HPC","MD_BayesMVP_WCP","BayesMVP_NicoStan",10000,25,16,8,2,200,"b97502ef4c1796520d0acd01a82ea24d","state_allocation_thread_setup_sampling_divergence_check","iteration_difference","main_scaling","two_run_difference",NA,4,5.2829145728645,5.21005025125636,0.192401291873699,0.0437499999998607,5.30025000000003,0.0173354271355383,0.0264145728643225,0.0434999999999093,5.22699999999989,0.0171809045224249,0.0260502512562818,0,FALSE,FALSE,1.51431560924565,302.863121849129,0,"4178;4194;4210;4226",1003,0.808493582990035,1.61698716598007,80,3.41696202531639,8.54240506329097,"3524;3533;3542;3551"
"HPC","MD_BayesMVP_WCP","BayesMVP_NicoStan",10000,25,32,8,4,200,"b97502ef4c1796520d0acd01a82ea24d","state_allocation_thread_setup_sampling_divergence_check","iteration_difference","main_scaling","two_run_difference",NA,4,3.08140703517557,3.05075376884392,0.386408308691741,0.0362499999999955,3.10224999999969,0.0208429648241176,0.0154070351758778,0.0370000000001198,3.06899999999956,0.0218366834172069,0.0152537688442196,0,FALSE,FALSE,2.59621656881957,519.243313763914,0,"4179;4195;4211;4227",1004,0.693060423840131,2.77224169536053,80,3.41696202531639,8.54240506329097,"3524;3533;3542;3551"
"HPC","MD_BayesMVP_WCP","BayesMVP_NicoStan",10000,25,64,8,8,200,"b97502ef4c1796520d0acd01a82ea24d","state_allocation_thread_setup_sampling_divergence_check","iteration_difference","main_scaling","two_run_difference",NA,4,2.20301507537665,2.17336683417071,0.141992184384796,0.0297500000002344,2.22175,0.0187349246233512,0.0110150753768832,0.0305000000000177,2.19600000000014,0.0196758793970028,0.0108668341708535,0,FALSE,FALSE,3.63138686131426,726.277372262851,0,"4180;4196;4212;4228",1005,0.484699648607175,3.8775971888574,80,3.41696202531639,8.54240506329097,"3524;3533;3542;3551"
"HPC","MD_BayesMVP_WCP","BayesMVP_NicoStan",10000,25,96,8,12,200,"b97502ef4c1796520d0acd01a82ea24d","state_allocation_thread_setup_sampling_divergence_check","iteration_difference","main_scaling","two_run_difference",NA,4,2.35954773869363,2.34522613065345,0.101679457046895,0.0337499999998272,2.38149999999999,0.021952261306359,0.0117977386934681,0.0329999999998734,2.36650000000006,0.0212738693466061,0.0117261306532673,0,FALSE,FALSE,3.39048024704481,678.096049408962,0,"4181;4197;4213;4229",1006,0.301696412805662,3.62035695366795,80,3.41696202531639,8.54240506329097,"3524;3533;3542;3551"
"HPC","MD_BayesMVP_WCP","BayesMVP_NicoStan",10000,25,128,8,16,200,"b97502ef4c1796520d0acd01a82ea24d","state_allocation_thread_setup_sampling_divergence_check","iteration_difference","main_scaling","two_run_difference",NA,4,2.3864321608038,2.33768844221082,0.104999876746821,0.0427500000001402,2.41724999999992,0.0308178391961212,0.011932160804019,0.0440000000000111,2.36700000000002,0.0317914572864435,0.0116884422110541,0,FALSE,FALSE,3.35228469151431,670.456938302862,0,"4182;4198;4214;4230",1007,0.22372323220613,3.57957171529808,80,3.41696202531639,8.54240506329097,"3524;3533;3542;3551"
"HPC","MD_BayesMVP_WCP","BayesMVP_NicoStan",10000,25,176,8,22,200,"b97502ef4c1796520d0acd01a82ea24d","state_allocation_thread_setup_sampling_divergence_check","iteration_difference","main_scaling","two_run_difference",NA,4,2.695477386935,2.68793969849269,0.206890388624197,0.0849999999998516,2.76700000000018,0.0715226130651766,0.013477386934675,0.0845000000000198,2.76050000000021,0.0717964824120803,0.0134396984924634,0,FALSE,FALSE,2.96793437732999,593.586875465997,0,"4183;4199;4215;4231",1008,0.144052827570563,3.16916220655238,80,3.41696202531639,8.54240506329097,"3524;3533;3542;3551"
"HPC","MD_BayesMVP_WCP","BayesMVP_NicoStan",10000,25,32,16,2,200,"b97502ef4c1796520d0acd01a82ea24d","state_allocation_thread_setup_sampling_divergence_check","iteration_difference","main_scaling","two_run_difference",NA,4,4.99572864321615,4.98693467336657,0.699259367140393,0.0579999999999643,5.02875000000003,0.0330213567838836,0.0249786432160807,0.0580000000003054,5.02000000000004,0.0329773869342946,0.0249346733668328,0,FALSE,FALSE,3.20273600563291,640.547201126582,0,"4184;4200;4216;4232",1009,0.875558090780418,1.75111618156084,80,3.4992405063291,8.74810126582275,"3525;3534;3543;3552"
"HPC","MD_BayesMVP_WCP","BayesMVP_NicoStan",10000,25,64,16,4,200,"b97502ef4c1796520d0acd01a82ea24d","state_allocation_thread_setup_sampling_divergence_check","iteration_difference","main_scaling","two_run_difference",NA,4,2.96984924623111,3.00100502512542,0.115103534623711,0.047499999999971,3.00249999999993,0.0326507537688155,0.0148492462311556,0.0464999999999236,3.03700000000003,0.0320653266330897,0.0150050251256271,0,FALSE,FALSE,5.38747884940786,1077.49576988157,0,"4185;4201;4217;4233",1010,0.736409539720285,2.94563815888114,80,3.4992405063291,8.74810126582275,"3525;3534;3543;3552"
"HPC","MD_BayesMVP_WCP","BayesMVP_NicoStan",10000,25,96,16,6,200,"b97502ef4c1796520d0acd01a82ea24d","state_allocation_thread_setup_sampling_divergence_check","iteration_difference","main_scaling","two_run_difference",NA,4,3.24447236180908,3.22010050251246,0.167561882860997,0.0432500000000999,3.27150000000013,0.0270276381910545,0.0162223618090454,0.0419999999999732,3.24850000000012,0.0256557788944447,0.0161005025125623,0,FALSE,FALSE,4.93146441570506,986.292883141011,0,"4186;4202;4218;4234",1011,0.449384896847805,2.69630938108683,80,3.4992405063291,8.74810126582275,"3525;3534;3543;3552"
"HPC","MD_BayesMVP_WCP","BayesMVP_NicoStan",10000,25,128,16,8,200,"b97502ef4c1796520d0acd01a82ea24d","state_allocation_thread_setup_sampling_divergence_check","iteration_difference","main_scaling","two_run_difference",NA,4,3.1517587939698,3.22412060301507,0.176899649108673,0.0482499999999106,3.18424999999986,0.0324912060300616,0.015758793969849,0.0459999999999923,3.25249999999994,0.0297688442210978,0.0161206030150754,0,FALSE,FALSE,5.07653061224497,1015.30612244899,0,"4187;4203;4219;4235",1012,0.346953155273189,2.77562524218551,80,3.4992405063291,8.74810126582275,"3525;3534;3543;3552"
"HPC","MD_BayesMVP_WCP","BayesMVP_NicoStan",10000,25,176,16,11,200,"b97502ef4c1796520d0acd01a82ea24d","state_allocation_thread_setup_sampling_divergence_check","iteration_difference","main_scaling","two_run_difference",NA,4,3.23944723618087,3.25979899497463,0.109823619545439,0.0652499999999776,3.28849999999994,0.0490527638190733,0.0161972361809043,0.0655000000000996,3.30899999999986,0.0492010050252264,0.0162989949748731,0,FALSE,FALSE,4.93911424804163,987.822849608325,0,"4188;4204;4220;4236",1013,0.245499270484864,2.70049197533351,80,3.4992405063291,8.74810126582275,"3525;3534;3543;3552"
"HPC","MD_BayesMVP_WCP","BayesMVP_NicoStan",10000,50,8,4,2,200,"b97502ef4c1796520d0acd01a82ea24d","state_allocation_thread_setup_sampling_divergence_check","iteration_difference","main_scaling","two_run_difference",NA,4,4.23492462311568,4.17788944723619,0.170513750721502,0.0345000000000226,4.24825000000013,0.0133253768844442,0.0211746231155784,0.0344999999999516,4.19149999999996,0.0136105527637706,0.020889447236181,0,FALSE,FALSE,0.944526846633023,188.905369326605,0,"4237;4255;4273;4291",1014,0.824891761074525,1.64978352214905,80,2.79468354430381,6.98670886075953,"3559;3568;3577;3586"
"HPC","MD_BayesMVP_WCP","BayesMVP_NicoStan",10000,50,16,4,4,200,"b97502ef4c1796520d0acd01a82ea24d","state_allocation_thread_setup_sampling_divergence_check","iteration_difference","main_scaling","two_run_difference",NA,4,2.70150753768832,2.70301507537689,0.0703469727974037,0.0254999999999654,2.71349999999984,0.0119924623115239,0.0135075376884416,0.0249999999999488,2.71899999999997,0.0117939698491963,0.0135150753768845,0,FALSE,FALSE,1.48065476190483,296.130952380966,0,"4238;4256;4274;4292",1015,0.646556484045392,2.58622593618157,80,2.79468354430381,6.98670886075953,"3559;3568;3577;3586"
"HPC","MD_BayesMVP_WCP","BayesMVP_NicoStan",10000,50,32,4,8,200,"b97502ef4c1796520d0acd01a82ea24d","state_allocation_thread_setup_sampling_divergence_check","iteration_difference","main_scaling","two_run_difference",NA,4,1.95050251256302,1.94824120603047,0.0122094352725617,0.0175000000000551,1.95825000000026,0.00774748743724003,0.00975251256281511,0.016999999999797,1.95450000000014,0.00726381909527263,0.00974120603015235,0,FALSE,FALSE,2.05075357464876,410.150714929751,0,"4239;4257;4275;4293",1016,0.447750567851023,3.58200454280819,80,2.79468354430381,6.98670886075953,"3559;3568;3577;3586"
"HPC","MD_BayesMVP_WCP","BayesMVP_NicoStan",10000,50,64,4,16,200,"b97502ef4c1796520d0acd01a82ea24d","state_allocation_thread_setup_sampling_divergence_check","iteration_difference","main_scaling","two_run_difference",NA,4,1.5994974874372,1.59698492462294,0.0128836747224618,0.0219999999999061,1.61349999999992,0.0140025125627201,0.00799748743718598,0.0194999999998799,1.61199999999971,0.0115150753767652,0.00798492462311471,0,FALSE,FALSE,2.50078542255732,500.157084511464,0,"4240;4258;4276;4294",1017,0.273004057353742,4.36806491765987,80,2.79468354430381,6.98670886075953,"3559;3568;3577;3586"
"HPC","MD_BayesMVP_WCP","BayesMVP_NicoStan",10000,50,96,4,24,200,"b97502ef4c1796520d0acd01a82ea24d","state_allocation_thread_setup_sampling_divergence_check","iteration_difference","main_scaling","two_run_difference",NA,4,1.82613065326662,1.77989949748782,0.106114663025423,0.0297499999997655,1.84675000000006,0.0206193467334323,0.00913065326633312,0.0294999999998709,1.8035000000001,0.0201381909546437,0.00889949748743912,0,FALSE,FALSE,2.19042377545369,438.084755090739,0,"4241;4259;4277;4295",1018,0.159415137508132,3.82596330019517,80,2.79468354430381,6.98670886075953,"3559;3568;3577;3586"
"HPC","MD_BayesMVP_WCP","BayesMVP_NicoStan",10000,50,128,4,32,200,"b97502ef4c1796520d0acd01a82ea24d","state_allocation_thread_setup_sampling_divergence_check","iteration_difference","main_scaling","two_run_difference",NA,4,2.0243718592965,1.98643216080424,0.108543876784971,0.0372499999998439,2.05149999999986,0.0271281407033614,0.0101218592964825,0.0324999999996294,2.00899999999984,0.0225678391956082,0.00993216080402118,0,FALSE,FALSE,1.97592155889287,395.184311778574,0,"4242;4260;4278;4296",1019,0.10785303643502,3.45129716592065,80,2.79468354430381,6.98670886075953,"3559;3568;3577;3586"
"HPC","MD_BayesMVP_WCP","BayesMVP_NicoStan",10000,50,176,4,44,200,"b97502ef4c1796520d0acd01a82ea24d","state_allocation_thread_setup_sampling_divergence_check","iteration_difference","main_scaling","two_run_difference",NA,4,2.54497487437224,2.48140703517607,0.145163520436021,0.0777499999998383,2.61000000000021,0.0650251256279772,0.0127248743718612,0.083500000000015,2.55350000000041,0.0704070351758944,0.0124070351758804,0,FALSE,FALSE,1.57172475071553,314.344950143107,0,"4243;4261;4279;4297",1020,0.0623930866051096,2.74529581062482,80,2.79468354430381,6.98670886075953,"3559;3568;3577;3586"
"HPC","MD_BayesMVP_WCP","BayesMVP_NicoStan",10000,50,16,8,2,200,"b97502ef4c1796520d0acd01a82ea24d","state_allocation_thread_setup_sampling_divergence_check","iteration_difference","main_scaling","two_run_difference",NA,4,4.64371859296495,4.57537688442246,0.209551153019687,0.0407499999999033,4.66125000000002,0.0175314070350785,0.0232185929648247,0.0414999999998145,4.59250000000009,0.0179396984925331,0.0228768844221123,0,FALSE,FALSE,1.72275727735089,344.551455470178,0,"4244;4262;4280;4298",1021,0.797047828951588,1.59409565790318,80,2.96101265822787,7.40253164556966,"3560;3569;3578;3587"
"HPC","MD_BayesMVP_WCP","BayesMVP_NicoStan",10000,50,32,8,4,200,"b97502ef4c1796520d0acd01a82ea24d","state_allocation_thread_setup_sampling_divergence_check","iteration_difference","main_scaling","two_run_difference",NA,4,2.82437185929668,2.82914572864321,0.0465676704618916,0.0375000000000227,2.84775000000022,0.0233781407035393,0.0141218592964834,0.0395000000002312,2.85849999999999,0.025188442211287,0.0141457286432161,0,FALSE,FALSE,2.83248821279226,566.497642558452,0,"4245;4263;4281;4299",1022,0.655236988465555,2.62094795386222,80,2.96101265822787,7.40253164556966,"3560;3569;3578;3587"
"HPC","MD_BayesMVP_WCP","BayesMVP_NicoStan",10000,50,64,8,8,200,"b97502ef4c1796520d0acd01a82ea24d","state_allocation_thread_setup_sampling_divergence_check","iteration_difference","main_scaling","two_run_difference",NA,4,2.10954773869366,2.10552763819118,0.0778532363007627,0.0287500000000733,2.12775000000026,0.018202261306605,0.0105477386934683,0.02900000000011,2.12350000000023,0.0184321608041578,0.0105276381909559,0,FALSE,FALSE,3.79228203906588,758.456407813176,0,"4246;4264;4282;4300",1023,0.438632621923604,3.50906097538883,80,2.96101265822787,7.40253164556966,"3560;3569;3578;3587"
"HPC","MD_BayesMVP_WCP","BayesMVP_NicoStan",10000,50,96,8,12,200,"b97502ef4c1796520d0acd01a82ea24d","state_allocation_thread_setup_sampling_divergence_check","iteration_difference","main_scaling","two_run_difference",NA,4,2.14673366834178,2.13115577889444,0.0400079114756327,0.0247499999999405,2.16075000000001,0.0140163316582317,0.0107336683417089,0.0245000000001596,2.14500000000012,0.0138492462308596,0.0106557788944722,0,FALSE,FALSE,3.72659176029951,745.318352059902,0,"4247;4265;4283;4301",1024,0.287356389955586,3.44827667946703,80,2.96101265822787,7.40253164556966,"3560;3569;3578;3587"
"HPC","MD_BayesMVP_WCP","BayesMVP_NicoStan",10000,50,128,8,16,200,"b97502ef4c1796520d0acd01a82ea24d","state_allocation_thread_setup_sampling_divergence_check","iteration_difference","main_scaling","two_run_difference",NA,4,2.6515075376881,2.60753768844171,0.127825012645018,0.0380000000001814,2.67624999999984,0.024742462311741,0.0132575376884405,0.0384999999999991,2.62949999999967,0.0256407035175869,0.0130376884422085,0,FALSE,FALSE,3.01715152089492,603.430304178985,0,"4248;4266;4284;4302",1025,0.174488746975807,2.79181995161291,80,2.96101265822787,7.40253164556966,"3560;3569;3578;3587"
"HPC","MD_BayesMVP_WCP","BayesMVP_NicoStan",10000,50,176,8,22,200,"b97502ef4c1796520d0acd01a82ea24d","state_allocation_thread_setup_sampling_divergence_check","iteration_difference","main_scaling","two_run_difference",NA,4,2.72261306532677,2.74673366834223,0.148444626634456,0.0607499999999437,2.76975000000008,0.0471369346733098,0.0136130653266338,0.0654999999997017,2.79850000000022,0.0517663316579905,0.0137336683417111,0,FALSE,FALSE,2.93835363602791,587.670727205582,0,"4249;4267;4285;4303",1026,0.1235866805487,2.71890697207141,80,2.96101265822787,7.40253164556966,"3560;3569;3578;3587"
"HPC","MD_BayesMVP_WCP","BayesMVP_NicoStan",10000,50,32,16,2,200,"b97502ef4c1796520d0acd01a82ea24d","state_allocation_thread_setup_sampling_divergence_check","iteration_difference","main_scaling","two_run_difference",NA,4,4.55979899497494,4.56130653266357,0.195428507493612,0.0517500000002178,4.58875000000029,0.0289510050253431,0.0227989949748747,0.0490000000004329,4.5830000000004,0.0270452261310855,0.0228065326633179,0,FALSE,FALSE,3.50892660348242,701.785320696485,0,"4250;4268;4286;4304",1027,0.822335271452985,1.64467054290597,80,2.99974683544301,7.49936708860753,"3561;3570;3579;3588"
"HPC","MD_BayesMVP_WCP","BayesMVP_NicoStan",10000,50,64,16,4,200,"b97502ef4c1796520d0acd01a82ea24d","state_allocation_thread_setup_sampling_divergence_check","iteration_difference","main_scaling","two_run_difference",NA,4,3.03919597989978,3.0276381909549,0.112637567902899,0.0459999999998546,3.07000000000014,0.0308040201003557,0.0151959798994989,0.0454999999995778,3.05900000000026,0.0302462311553545,0.0151381909547745,0,FALSE,FALSE,5.26455026454977,1052.91005290995,0,"4251;4269;4287;4305",1028,0.616887421723198,2.46754968689279,80,2.99974683544301,7.49936708860753,"3561;3570;3579;3588"
"HPC","MD_BayesMVP_WCP","BayesMVP_NicoStan",10000,50,96,16,6,200,"b97502ef4c1796520d0acd01a82ea24d","state_allocation_thread_setup_sampling_divergence_check","iteration_difference","main_scaling","two_run_difference",NA,4,3.20804020100494,3.13869346733653,0.196387498656107,0.0397499999999074,3.23174999999983,0.0237097989948826,0.0160402010050247,0.0374999999999837,3.16499999999968,0.0216256281405115,0.0156934673366827,0,FALSE,FALSE,4.98746867167933,997.493734335865,0,"4252;4270;4288;4306",1029,0.389613108456803,2.33767865074082,80,2.99974683544301,7.49936708860753,"3561;3570;3579;3588"
"HPC","MD_BayesMVP_WCP","BayesMVP_NicoStan",10000,50,128,16,8,200,"b97502ef4c1796520d0acd01a82ea24d","state_allocation_thread_setup_sampling_divergence_check","iteration_difference","main_scaling","two_run_difference",NA,4,3.1989949748747,3.18241206030172,0.172831207143046,0.0422499999997594,3.22525000000009,0.0262550251253859,0.0159949748743735,0.0424999999996309,3.2085000000001,0.0264221105523925,0.0159120603015086,0,FALSE,FALSE,5.00157084511416,1000.31416902283,0,"4253;4271;4289;4307",1030,0.293036060837407,2.34428848669925,80,2.99974683544301,7.49936708860753,"3561;3570;3579;3588"
"HPC","MD_BayesMVP_WCP","BayesMVP_NicoStan",10000,50,176,16,11,200,"b97502ef4c1796520d0acd01a82ea24d","state_allocation_thread_setup_sampling_divergence_check","iteration_difference","main_scaling","two_run_difference",NA,4,3.41557788944715,3.3884422110553,0.339697005735623,0.0785000000000231,3.47699999999994,0.0614221105527874,0.0170778894472357,0.0765000000001592,3.4599999999999,0.060673366834331,0.0169422110552765,0,FALSE,FALSE,4.6844195968811,936.883919376219,0,"4254;4272;4290;4308",1031,0.199603307693627,2.19563638462989,80,2.99974683544301,7.49936708860753,"3561;3570;3579;3588"
"HPC","MD_BayesMVP_WCP","BayesMVP_NicoStan",10000,100,8,4,2,200,"b97502ef4c1796520d0acd01a82ea24d","state_allocation_thread_setup_sampling_divergence_check","iteration_difference","main_scaling","two_run_difference",NA,4,4.63969849246224,4.63366834170843,0.169466230846286,0.0350000000001263,4.65150000000005,0.0118015075378151,0.0231984924623112,0.0335000000001777,4.64699999999996,0.0102713567840975,0.0231683417085422,0,FALSE,FALSE,0.862124986461619,172.424997292324,0,"4309;4327;4345;4363",1032,0.822088011220086,1.64417602244017,80,3.05139240506329,7.62848101265823,"3595;3604;3613;3622"
"HPC","MD_BayesMVP_WCP","BayesMVP_NicoStan",10000,100,16,4,4,200,"b97502ef4c1796520d0acd01a82ea24d","state_allocation_thread_setup_sampling_divergence_check","iteration_difference","main_scaling","two_run_difference",NA,4,2.85854271356768,2.85125628140704,0.0560498647070438,0.023250000000175,2.86750000000002,0.00895728643233657,0.0142927135678384,0.024000000000342,2.85600000000032,0.00991959799029333,0.0142562814070352,0,FALSE,FALSE,1.39931440625832,279.862881251664,0,"4310;4328;4346;4364",1033,0.667165211180044,2.66866084472018,80,3.05139240506329,7.62848101265823,"3595;3604;3613;3622"
"HPC","MD_BayesMVP_WCP","BayesMVP_NicoStan",10000,100,32,4,8,200,"b97502ef4c1796520d0acd01a82ea24d","state_allocation_thread_setup_sampling_divergence_check","iteration_difference","main_scaling","two_run_difference",NA,4,2.04773869346738,2.05025125628143,0.0110552763818647,0.0247500000000578,2.0622500000001,0.0145113065327209,0.0102386934673369,0.0250000000000909,2.0655,0.0147788944724522,0.0102512562814071,0,FALSE,FALSE,1.95337423312879,390.674846625759,0,"4311;4329;4347;4365",1034,0.465664945251213,3.72531956200971,80,3.05139240506329,7.62848101265823,"3595;3604;3613;3622"
"HPC","MD_BayesMVP_WCP","BayesMVP_NicoStan",10000,100,64,4,16,200,"b97502ef4c1796520d0acd01a82ea24d","state_allocation_thread_setup_sampling_divergence_check","iteration_difference","main_scaling","two_run_difference",NA,4,1.72286432160799,1.73216080402019,0.0554944685184539,0.023250000000143,1.73750000000009,0.014635678392103,0.00861432160803994,0.0220000000000695,1.7480000000003,0.0134321608040906,0.00866080402010094,0,FALSE,FALSE,2.32171503572998,464.343007145996,0,"4312;4330;4348;4366",1035,0.276736860419832,4.42778976671732,80,3.05139240506329,7.62848101265823,"3595;3604;3613;3622"
"HPC","MD_BayesMVP_WCP","BayesMVP_NicoStan",10000,100,96,4,24,200,"b97502ef4c1796520d0acd01a82ea24d","state_allocation_thread_setup_sampling_divergence_check","iteration_difference","main_scaling","two_run_difference",NA,4,1.95904522613044,1.96080402010007,0.0652950574378712,0.0212500000001619,1.97049999999995,0.0114547738695097,0.00979522613065221,0.0205000000002187,1.9704999999999,0.0108316582916768,0.00980402010050034,0,FALSE,FALSE,2.04181095293083,408.362190586167,0,"4313;4331;4349;4367",1036,0.162249125894484,3.89397902146762,80,3.05139240506329,7.62848101265823,"3595;3604;3613;3622"
"HPC","MD_BayesMVP_WCP","BayesMVP_NicoStan",10000,100,128,4,32,200,"b97502ef4c1796520d0acd01a82ea24d","state_allocation_thread_setup_sampling_divergence_check","iteration_difference","main_scaling","two_run_difference",NA,4,2.13366834170828,2.14874371859243,0.0944046230651003,0.0287499999999987,2.15174999999973,0.0180816582914573,0.0106683417085414,0.0264999999998281,2.16249999999945,0.0155376884420396,0.0107437185929621,0,FALSE,FALSE,1.87470560527579,374.941121055158,0,"4314;4332;4350;4368",1037,0.111727782141955,3.57528902854257,80,3.05139240506329,7.62848101265823,"3595;3604;3613;3622"
"HPC","MD_BayesMVP_WCP","BayesMVP_NicoStan",10000,100,176,4,44,200,"b97502ef4c1796520d0acd01a82ea24d","state_allocation_thread_setup_sampling_divergence_check","iteration_difference","main_scaling","two_run_difference",NA,4,2.52386934673409,2.48844221105528,0.155057225011621,0.0734999999998198,2.58475000000024,0.0608806532661494,0.0126193467336704,0.0634999999999479,2.55999999999999,0.0502864321607511,0.0124422110552764,0,FALSE,FALSE,1.58486809357863,316.973618715726,0,"4315;4333;4351;4369",1038,0.0686939554513207,3.02253403985811,80,3.05139240506329,7.62848101265823,"3595;3604;3613;3622"
"HPC","MD_BayesMVP_WCP","BayesMVP_NicoStan",10000,100,16,8,2,200,"b97502ef4c1796520d0acd01a82ea24d","state_allocation_thread_setup_sampling_divergence_check","iteration_difference","main_scaling","two_run_difference",NA,4,4.81582914572853,4.79195979899489,0.186513411976446,0.0414999999999921,4.83324999999988,0.0174208542713495,0.0240791457286426,0.0420000000001863,4.80650000000011,0.018080402010237,0.0239597989949744,0,FALSE,FALSE,1.66118850106959,332.237700213917,0,"4316;4334;4352;4370",1039,0.786896056183079,1.57379211236616,80,3.03164556962024,7.57911392405061,"3596;3605;3614;3623"
"HPC","MD_BayesMVP_WCP","BayesMVP_NicoStan",10000,100,32,8,4,200,"b97502ef4c1796520d0acd01a82ea24d","state_allocation_thread_setup_sampling_divergence_check","iteration_difference","main_scaling","two_run_difference",NA,4,3.0309045226131,3.03065326633165,0.0484735818689629,0.0314999999999195,3.04724999999996,0.016345477386854,0.0151545226130655,0.0304999999999609,3.04799999999999,0.0155276381909161,0.0151532663316583,0,FALSE,FALSE,2.63947608389286,527.895216778573,0,"4317;4335;4353;4371",1040,0.625152810613468,2.50061124245387,80,3.03164556962024,7.57911392405061,"3596;3605;3614;3623"
"HPC","MD_BayesMVP_WCP","BayesMVP_NicoStan",10000,100,64,8,8,200,"b97502ef4c1796520d0acd01a82ea24d","state_allocation_thread_setup_sampling_divergence_check","iteration_difference","main_scaling","two_run_difference",NA,4,2.26281407035177,2.26783919597995,0.0745007710683475,0.0262500000001324,2.27775000000014,0.0149359296483736,0.0113140703517588,0.024500000000188,2.28100000000023,0.0131608040202883,0.0113391959798997,0,FALSE,FALSE,3.5354208305574,707.084166111479,0,"4318;4336;4354;4372",1041,0.418677456941502,3.34941965553202,80,3.03164556962024,7.57911392405061,"3596;3605;3614;3623"
"HPC","MD_BayesMVP_WCP","BayesMVP_NicoStan",10000,100,96,8,12,200,"b97502ef4c1796520d0acd01a82ea24d","state_allocation_thread_setup_sampling_divergence_check","iteration_difference","main_scaling","two_run_difference",NA,4,2.35678391959782,2.33969849246191,0.0967577032942434,0.0262500000001182,2.37124999999995,0.0144660804021291,0.0117839195979891,0.027000000000271,2.35499999999988,0.0148165829148458,0.0116984924623096,0,FALSE,FALSE,3.39445628997892,678.891257995783,0,"4319;4337;4355;4373",1042,0.267989280541254,3.21587136649505,80,3.03164556962024,7.57911392405061,"3596;3605;3614;3623"
"HPC","MD_BayesMVP_WCP","BayesMVP_NicoStan",10000,100,128,8,16,200,"b97502ef4c1796520d0acd01a82ea24d","state_allocation_thread_setup_sampling_divergence_check","iteration_difference","main_scaling","two_run_difference",NA,4,2.54145728643225,2.52211055276406,0.0826502054129191,0.035999999999941,2.56475000000003,0.0232927135677797,0.0127072864321613,0.0334999999998615,2.55400000000012,0.0206658291455889,0.0126105527638203,0,FALSE,FALSE,3.14780029658911,629.560059317822,0,"4320;4338;4356;4374",1043,0.186387008265697,2.98219213225115,80,3.03164556962024,7.57911392405061,"3596;3605;3614;3623"
"HPC","MD_BayesMVP_WCP","BayesMVP_NicoStan",10000,100,176,8,22,200,"b97502ef4c1796520d0acd01a82ea24d","state_allocation_thread_setup_sampling_divergence_check","iteration_difference","main_scaling","two_run_difference",NA,4,2.78668341708555,2.74974874371858,0.24842949206608,0.0537500000000186,2.82650000000015,0.0398165829145908,0.0139334170854278,0.0514999999999972,2.78149999999991,0.0366959798994947,0.0137487437185929,0,FALSE,FALSE,2.87079614101511,574.159228203021,0,"4321;4339;4357;4375",1044,0.123625517076582,2.71976137568479,80,3.03164556962024,7.57911392405061,"3596;3605;3614;3623"
"HPC","MD_BayesMVP_WCP","BayesMVP_NicoStan",10000,100,32,16,2,200,"b97502ef4c1796520d0acd01a82ea24d","state_allocation_thread_setup_sampling_divergence_check","iteration_difference","main_scaling","two_run_difference",NA,4,4.99472361809035,5.05778894472342,0.212496277170699,0.0517500000001476,5.02150000000005,0.0267763819096959,0.0249736180904517,0.0505000000002838,5.08300000000008,0.0252110552766667,0.0252889447236171,0,FALSE,FALSE,3.20338045173305,640.67609034661,0,"4322;4340;4358;4376",1045,0.788173513045089,1.57634702609018,80,3.14936708860764,7.87341772151909,"3597;3606;3615;3624"
"HPC","MD_BayesMVP_WCP","BayesMVP_NicoStan",10000,100,64,16,4,200,"b97502ef4c1796520d0acd01a82ea24d","state_allocation_thread_setup_sampling_divergence_check","iteration_difference","main_scaling","two_run_difference",NA,4,3.20477386934684,3.18341708542735,0.141387128515071,0.0437499999998359,3.23249999999994,0.0277261306531017,0.0160238693467342,0.0419999999998879,3.209,0.026246231155667,0.0159170854271368,0,FALSE,FALSE,4.99255194041536,998.510388083073,0,"4323;4341;4359;4377",1046,0.614194483176107,2.45677793270443,80,3.14936708860764,7.87341772151909,"3597;3606;3615;3624"
"HPC","MD_BayesMVP_WCP","BayesMVP_NicoStan",10000,100,96,16,6,200,"b97502ef4c1796520d0acd01a82ea24d","state_allocation_thread_setup_sampling_divergence_check","iteration_difference","main_scaling","two_run_difference",NA,4,3.3025125628142,3.28592964824126,0.174648962332677,0.0430000000001378,3.32900000000027,0.0264874371860668,0.016512562814071,0.0415000000002692,3.31550000000024,0.0257336683419764,0.0164296482412063,0,FALSE,FALSE,4.84479610468636,968.959220937272,0,"4324;4342;4360;4378",1047,0.397344828206086,2.38406896923652,80,3.14936708860764,7.87341772151909,"3597;3606;3615;3624"
"HPC","MD_BayesMVP_WCP","BayesMVP_NicoStan",10000,100,128,16,8,200,"b97502ef4c1796520d0acd01a82ea24d","state_allocation_thread_setup_sampling_divergence_check","iteration_difference","main_scaling","two_run_difference",NA,4,3.3756281407034,3.36934673366833,0.184303404532602,0.0399999999999601,3.39874999999985,0.023121859296443,0.016878140703517,0.0399999999999849,3.3905,0.0223291457286283,0.0168467336683417,0,FALSE,FALSE,4.73985857834032,947.971715668063,0,"4325;4343;4361;4379",1048,0.291553801001554,2.33243040801243,80,3.14936708860764,7.87341772151909,"3597;3606;3615;3624"
"HPC","MD_BayesMVP_WCP","BayesMVP_NicoStan",10000,100,176,16,11,200,"b97502ef4c1796520d0acd01a82ea24d","state_allocation_thread_setup_sampling_divergence_check","iteration_difference","main_scaling","two_run_difference",NA,4,3.28140703517611,3.28090452261343,0.0852910533033727,0.0657499999999018,3.33075000000013,0.0493429648240213,0.0164070351758805,0.0659999999998035,3.33800000000016,0.0499597989947761,0.0164045226130672,0,FALSE,FALSE,4.87595712097975,975.19142419595,0,"4326;4344;4362;4380",1049,0.218127540941416,2.39940295035557,80,3.14936708860764,7.87341772151909,"3597;3606;3615;3624"
"HPC","MD_BayesMVP_WCP","BayesMVP_NicoStan",50000,4,8,4,2,100,"3f8ed78629bdab9b833b52bd1450ea30","state_allocation_thread_setup_sampling_divergence_check","iteration_difference","main_scaling","two_run_difference",NA,4,12.0901515151516,11.9994949494948,0.364075095414479,0.216499999999904,12.18575,0.0955984848483878,0.120901515151516,0.22199999999971,12.0855,0.102727272726979,0.119994949494948,0,FALSE,FALSE,0.330847797481042,33.0847797481042,0,"4381;4387;4393;4399",1050,0.879890561400316,1.75978112280063,50,10.6380102040816,21.2760204081633,"3667;3676;3685;3694"
"HPC","MD_BayesMVP_WCP","BayesMVP_NicoStan",50000,4,16,4,4,100,"3f8ed78629bdab9b833b52bd1450ea30","state_allocation_thread_setup_sampling_divergence_check","iteration_difference","main_scaling","two_run_difference",NA,4,7.678535353535,7.7363636363632,0.12111493017039,0.219750000000246,7.8214999999999,0.142964646464896,0.07678535353535,0.216500000000281,7.8114999999998,0.139106060606344,0.077363636363632,0,FALSE,FALSE,0.520932679975029,52.0932679975029,0,"4382;4388;4394;4400",1051,0.692710895651745,2.77084358260698,50,10.6380102040816,21.2760204081633,"3667;3676;3685;3694"
"HPC","MD_BayesMVP_WCP","BayesMVP_NicoStan",50000,4,16,8,2,100,"3f8ed78629bdab9b833b52bd1450ea30","state_allocation_thread_setup_sampling_divergence_check","iteration_difference","main_scaling","two_run_difference",NA,4,13.270707070707,13.1919191919192,0.3204276467712,0.312499999999837,13.4504999999998,0.179792929292766,0.13270707070707,0.313499999999692,13.3784999999996,0.180005050504743,0.131919191919192,0,FALSE,FALSE,0.602831481199575,60.2831481199575,0,"4383;4389;4395;4401",1052,0.804710824807921,1.60942164961584,50,10.679081632653,21.3581632653059,"3668;3677;3686;3695"
"HPC","MD_BayesMVP_WCP","BayesMVP_NicoStan",50000,4,32,8,4,100,"3f8ed78629bdab9b833b52bd1450ea30","state_allocation_thread_setup_sampling_divergence_check","iteration_difference","main_scaling","two_run_difference",NA,4,9.25101010101004,9.2272727272725,0.294175336594291,0.346500000000127,9.50500000000007,0.253989898990026,0.0925101010101004,0.310000000000343,9.5245000000001,0.216727272727618,0.092272727272725,0,FALSE,FALSE,0.864770431839281,86.4770431839281,0,"4384;4390;4396;4402",1053,0.577184627194765,2.30873850877906,50,10.679081632653,21.3581632653059,"3668;3677;3686;3695"
"HPC","MD_BayesMVP_WCP","BayesMVP_NicoStan",50000,4,32,16,2,100,"3f8ed78629bdab9b833b52bd1450ea30","state_allocation_thread_setup_sampling_divergence_check","iteration_difference","main_scaling","two_run_difference",NA,4,16.6646464646464,16.5863636363634,0.646079957091021,0.50999999999992,17.0079999999999,0.343353535353456,0.166646464646464,0.422500000000099,16.8429999999999,0.256636363636465,0.165863636363634,0,FALSE,FALSE,0.96011637774276,96.011637774276,0,"4385;4391;4397;4403",1054,0.731935658249237,1.46387131649847,50,12.1974489795918,24.3948979591836,"3669;3678;3687;3696"
"HPC","MD_BayesMVP_WCP","BayesMVP_NicoStan",50000,4,64,16,4,100,"3f8ed78629bdab9b833b52bd1450ea30","state_allocation_thread_setup_sampling_divergence_check","iteration_difference","main_scaling","two_run_difference",NA,4,17.5169191919191,17.4919191919194,0.291201656803067,0.585749999999919,17.9274999999998,0.410580808080728,0.175169191919191,0.546000000000078,17.848,0.372222222222305,0.174919191919194,0,FALSE,FALSE,0.913402626609201,91.3402626609201,0,"4386;4392;4398;4404",1055,0.34816193549659,1.39264774198636,50,12.1974489795918,24.3948979591836,"3669;3678;3687;3696"
"HPC","MD_BayesMVP_WCP","BayesMVP_NicoStan",50000,10,8,4,2,100,"3f8ed78629bdab9b833b52bd1450ea30","state_allocation_thread_setup_sampling_divergence_check","iteration_difference","main_scaling","two_run_difference",NA,4,11.2760101010099,11.2136363636364,0.243193749248771,0.156000000000127,11.3192499999999,0.0432398989900277,0.112760101010099,0.155500000000131,11.2560000000002,0.0423636363638052,0.112136363636364,0,FALSE,FALSE,0.354735404116191,35.4735404116191,0,"4405;4415;4425;4435",1056,0.913149560991173,1.82629912198235,50,10.2966836734692,20.5933673469385,"3703;3712;3721;3730"
"HPC","MD_BayesMVP_WCP","BayesMVP_NicoStan",50000,10,16,4,4,100,"3f8ed78629bdab9b833b52bd1450ea30","state_allocation_thread_setup_sampling_divergence_check","iteration_difference","main_scaling","two_run_difference",NA,4,7.62424242424233,7.66010101010065,0.191757862370869,0.134500000000031,7.68249999999993,0.0582575757576079,0.0762424242424233,0.132000000000062,7.72249999999966,0.0564090909091546,0.0766010101010065,0,FALSE,FALSE,0.524642289348178,52.4642289348178,0,"4406;4416;4426;4436",1057,0.675259461892864,2.70103784757145,50,10.2966836734692,20.5933673469385,"3703;3712;3721;3730"
"HPC","MD_BayesMVP_WCP","BayesMVP_NicoStan",50000,10,32,4,8,100,"3f8ed78629bdab9b833b52bd1450ea30","state_allocation_thread_setup_sampling_divergence_check","iteration_difference","main_scaling","two_run_difference",NA,4,5.83156565656578,5.82323232323222,0.195043460545378,0.136249999999919,5.90950000000004,0.0779343434342609,0.0583156565656578,0.135000000000048,5.904,0.0764393939394421,0.0582323232323222,0,FALSE,FALSE,0.685922140908486,68.5922140908486,0,"4407;4417;4427;4437",1058,0.441420206847717,3.53136165478174,50,10.2966836734692,20.5933673469385,"3703;3712;3721;3730"
"HPC","MD_BayesMVP_WCP","BayesMVP_NicoStan",50000,10,16,8,2,100,"3f8ed78629bdab9b833b52bd1450ea30","state_allocation_thread_setup_sampling_divergence_check","iteration_difference","main_scaling","two_run_difference",NA,4,11.3601010101011,11.3525252525253,0.19607844637687,0.199250000000035,11.4457500000001,0.0856489898990237,0.113601010101011,0.1995,11.4490000000002,0.0843434343434349,0.113525252525253,0,FALSE,FALSE,0.704219090383669,70.4219090383669,0,"4408;4418;4428;4438",1059,0.921929679709871,1.84385935941974,50,10.4732142857143,20.9464285714286,"3704;3713;3722;3731"
"HPC","MD_BayesMVP_WCP","BayesMVP_NicoStan",50000,10,32,8,4,100,"3f8ed78629bdab9b833b52bd1450ea30","state_allocation_thread_setup_sampling_divergence_check","iteration_difference","main_scaling","two_run_difference",NA,4,7.93914141414118,7.96717171717159,0.35762556958719,0.189500000000066,8.04924999999983,0.110108585858655,0.0793914141414118,0.186000000000149,8.08150000000001,0.109636363636518,0.0796717171717159,0,FALSE,FALSE,1.00766563822008,100.766563822008,0,"4409;4419;4429;4439",1060,0.65959363483937,2.63837453935748,50,10.4732142857143,20.9464285714286,"3704;3713;3722;3731"
"HPC","MD_BayesMVP_WCP","BayesMVP_NicoStan",50000,10,64,8,8,100,"3f8ed78629bdab9b833b52bd1450ea30","state_allocation_thread_setup_sampling_divergence_check","iteration_difference","main_scaling","two_run_difference",NA,4,7.02449494949479,7.03535353535322,0.0900006046225999,0.174500000000123,7.12874999999997,0.104255050505175,0.0702449494949479,0.170499999999947,7.13349999999991,0.0996565656565144,0.0703535353535322,0,FALSE,FALSE,1.13887191285907,113.887191285907,0,"4410;4420;4430;4440",1061,0.372739049604824,2.98191239683859,50,10.4732142857143,20.9464285714286,"3704;3713;3722;3731"
"HPC","MD_BayesMVP_WCP","BayesMVP_NicoStan",50000,10,32,16,2,100,"3f8ed78629bdab9b833b52bd1450ea30","state_allocation_thread_setup_sampling_divergence_check","iteration_difference","main_scaling","two_run_difference",NA,4,12.3853535353531,12.3313131313129,0.631782720975928,0.289250000000166,12.5507499999998,0.165396464646635,0.123853535353531,0.292000000000257,12.4964999999998,0.166237373737349,0.123313131313129,0,FALSE,FALSE,1.29184846878445,129.184846878445,0,"4411;4421;4431;4441",1062,0.805757527086211,1.61151505417242,50,9.97959183673461,19.9591836734692,"3705;3714;3723;3732"
"HPC","MD_BayesMVP_WCP","BayesMVP_NicoStan",50000,10,64,16,4,100,"3f8ed78629bdab9b833b52bd1450ea30","state_allocation_thread_setup_sampling_divergence_check","iteration_difference","main_scaling","two_run_difference",NA,4,10.7633838383836,10.8868686868684,0.764717126198133,0.271000000000143,10.9267499999999,0.163366161616307,0.107633838383836,0.258500000000083,11.0654999999998,0.14810101010119,0.108868686868684,0,FALSE,FALSE,1.48652136170616,148.652136170616,0,"4412;4422;4432;4442",1063,0.46358988895045,1.8543595558018,50,9.97959183673461,19.9591836734692,"3705;3714;3723;3732"
"HPC","MD_BayesMVP_WCP","BayesMVP_NicoStan",50000,10,96,16,6,100,"3f8ed78629bdab9b833b52bd1450ea30","state_allocation_thread_setup_sampling_divergence_check","iteration_difference","main_scaling","two_run_difference",NA,4,12.3499999999999,12.1161616161616,0.75083171015928,0.299500000000094,12.526,0.176000000000095,0.123499999999999,0.302499999999952,12.2915000000003,0.17533838383862,0.121161616161616,0,FALSE,FALSE,1.29554655870446,129.554655870446,0,"4413;4423;4433;4443",1064,0.26935470544493,1.61612823266958,50,9.97959183673461,19.9591836734692,"3705;3714;3723;3732"
"HPC","MD_BayesMVP_WCP","BayesMVP_NicoStan",50000,10,128,16,8,100,"3f8ed78629bdab9b833b52bd1450ea30","state_allocation_thread_setup_sampling_divergence_check","iteration_difference","main_scaling","two_run_difference",NA,4,14.1772727272728,14.1797979797982,0.895895821811011,0.327999999999989,14.3635,0.186227272727261,0.141772727272728,0.320499999999754,14.3865,0.178419191918944,0.141797979797982,0,FALSE,FALSE,1.12856684834883,112.856684834883,0,"4414;4424;4434;4444",1065,0.175978695421738,1.40782956337391,50,9.97959183673461,19.9591836734692,"3705;3714;3723;3732"
"HPC","MD_BayesMVP_WCP","BayesMVP_NicoStan",50000,25,8,4,2,100,"3f8ed78629bdab9b833b52bd1450ea30","state_allocation_thread_setup_sampling_divergence_check","iteration_difference","main_scaling","two_run_difference",NA,4,11.1005050505051,11.0848484848489,0.165382256257201,0.149999999999878,11.1395,0.0389949494948265,0.111005050505051,0.149999999999665,11.1240000000001,0.0391515151511753,0.110848484848489,0,FALSE,FALSE,0.360343964693569,36.0343964693569,0,"4445;4461;4477;4493",1066,0.864182043899052,1.7283640877981,50,9.59285714285727,19.1857142857145,"3739;3748;3757;3766"
"HPC","MD_BayesMVP_WCP","BayesMVP_NicoStan",50000,25,16,4,4,100,"3f8ed78629bdab9b833b52bd1450ea30","state_allocation_thread_setup_sampling_divergence_check","iteration_difference","main_scaling","two_run_difference",NA,4,6.92777777777767,6.92323232323248,0.137810012323506,0.114499999999978,6.97299999999987,0.0452222222222016,0.0692777777777767,0.111499999999978,6.96499999999992,0.0417676767674378,0.0692323232323248,0,FALSE,FALSE,0.577385725741789,57.7385725741789,0,"4446;4462;4478;4494",1067,0.692347347920744,2.76938939168298,50,9.59285714285727,19.1857142857145,"3739;3748;3757;3766"
"HPC","MD_BayesMVP_WCP","BayesMVP_NicoStan",50000,25,32,4,8,100,"3f8ed78629bdab9b833b52bd1450ea30","state_allocation_thread_setup_sampling_divergence_check","iteration_difference","main_scaling","two_run_difference",NA,4,4.83358585858615,4.82020202020224,0.184347124172864,0.102999999999795,4.88825000000008,0.054664141413934,0.0483358585858615,0.100999999999971,4.86550000000022,0.0518838383838069,0.0482020202020224,0,FALSE,FALSE,0.827542970586649,82.7542970586649,0,"4447;4463;4479;4495",1068,0.496156343525841,3.96925074820673,50,9.59285714285727,19.1857142857145,"3739;3748;3757;3766"
"HPC","MD_BayesMVP_WCP","BayesMVP_NicoStan",50000,25,64,4,16,100,"3f8ed78629bdab9b833b52bd1450ea30","state_allocation_thread_setup_sampling_divergence_check","iteration_difference","main_scaling","two_run_difference",NA,4,3.69595959595983,3.68989898989904,0.0860623448709356,0.105999999999796,3.76500000000003,0.0690404040401973,0.0369595959595983,0.103999999999758,3.76200000000003,0.0675606060603601,0.0368989898989904,0,FALSE,FALSE,1.08226291336424,108.226291336424,0,"4448;4464;4480;4496",1069,0.324437297466114,5.19099675945782,50,9.59285714285727,19.1857142857145,"3739;3748;3757;3766"
"HPC","MD_BayesMVP_WCP","BayesMVP_NicoStan",50000,25,96,4,24,100,"3f8ed78629bdab9b833b52bd1450ea30","state_allocation_thread_setup_sampling_divergence_check","iteration_difference","main_scaling","two_run_difference",NA,4,4.20555555555566,4.2303030303031,0.327850531217171,0.125749999999911,4.28925000000001,0.0836944444443547,0.0420555555555566,0.126499999999851,4.31300000000005,0.0831464646463066,0.042303030303031,0,FALSE,FALSE,0.951122853368538,95.1122853368538,0,"4449;4465;4481;4497",1070,0.190083034534816,4.56199282883558,50,9.59285714285727,19.1857142857145,"3739;3748;3757;3766"
"HPC","MD_BayesMVP_WCP","BayesMVP_NicoStan",50000,25,16,8,2,100,"3f8ed78629bdab9b833b52bd1450ea30","state_allocation_thread_setup_sampling_divergence_check","iteration_difference","main_scaling","two_run_difference",NA,4,11.3123737373738,11.277272727273,0.233333151135947,0.190000000000097,11.3892500000002,0.0768762626263592,0.113123737373738,0.185499999999934,11.3595000000002,0.0718232323231634,0.11277272727273,0,FALSE,FALSE,0.707190213630373,70.7190213630373,0,"4450;4466;4482;4498",1071,0.85879862581906,1.71759725163812,50,9.71505102040824,19.4301020408165,"3740;3749;3758;3767"
"HPC","MD_BayesMVP_WCP","BayesMVP_NicoStan",50000,25,32,8,4,100,"3f8ed78629bdab9b833b52bd1450ea30","state_allocation_thread_setup_sampling_divergence_check","iteration_difference","main_scaling","two_run_difference",NA,4,7.01363636363662,6.93232323232335,0.240148549974933,0.161999999999907,7.10550000000016,0.0918636363635404,0.0701363636363662,0.166500000000013,7.03000000000017,0.0946818181818315,0.0693232323232335,0,FALSE,FALSE,1.14063512637715,114.063512637715,0,"4451;4467;4483;4499",1072,0.692583028026486,2.77033211210594,50,9.71505102040824,19.4301020408165,"3740;3749;3758;3767"
"HPC","MD_BayesMVP_WCP","BayesMVP_NicoStan",50000,25,64,8,8,100,"3f8ed78629bdab9b833b52bd1450ea30","state_allocation_thread_setup_sampling_divergence_check","iteration_difference","main_scaling","two_run_difference",NA,4,5.23585858585891,5.12727272727304,0.30855733968652,0.144249999999815,5.32775000000014,0.0918914141412257,0.0523585858585891,0.145499999999856,5.22150000000016,0.0942272727271259,0.0512727272727304,0,FALSE,FALSE,1.52792514710128,152.792514710128,0,"4452;4468;4484;4500",1073,0.46387096123293,3.71096768986344,50,9.71505102040824,19.4301020408165,"3740;3749;3758;3767"
"HPC","MD_BayesMVP_WCP","BayesMVP_NicoStan",50000,25,96,8,12,100,"3f8ed78629bdab9b833b52bd1450ea30","state_allocation_thread_setup_sampling_divergence_check","iteration_difference","main_scaling","two_run_difference",NA,4,6.04368686868704,5.91666666666663,0.295220777184727,0.152500000000032,6.1357500000002,0.0920631313131614,0.0604368686868704,0.147500000000036,6.01499999999999,0.0857929292929619,0.0591666666666663,0,FALSE,FALSE,1.32369531609072,132.369531609072,0,"4453;4469;4485;4501",1074,0.267911823568682,3.21494188282418,50,9.71505102040824,19.4301020408165,"3740;3749;3758;3767"
"HPC","MD_BayesMVP_WCP","BayesMVP_NicoStan",50000,25,128,8,16,100,"3f8ed78629bdab9b833b52bd1450ea30","state_allocation_thread_setup_sampling_divergence_check","iteration_difference","main_scaling","two_run_difference",NA,4,5.8121212121211,5.86313131313148,0.123664858845641,0.163750000000036,5.91774999999993,0.105628787878825,0.058121212121211,0.161499999999677,5.96599999999984,0.102868686868362,0.0586313131313148,0,FALSE,FALSE,1.37643378519294,137.643378519294,0,"4454;4470;4486;4502",1075,0.208939444521297,3.34303111234075,50,9.71505102040824,19.4301020408165,"3740;3749;3758;3767"
"HPC","MD_BayesMVP_WCP","BayesMVP_NicoStan",50000,25,176,8,22,100,"3f8ed78629bdab9b833b52bd1450ea30","state_allocation_thread_setup_sampling_divergence_check","iteration_difference","main_scaling","two_run_difference",NA,4,6.36515151515126,6.22727272727223,0.281200825076077,0.205500000000072,6.50699999999982,0.141848484848559,0.0636515151515126,0.203500000000219,6.37549999999965,0.141242424242647,0.0622727272727223,0,FALSE,FALSE,1.25684360866465,125.684360866465,0,"4455;4471;4487;4503",1076,0.138753406623308,3.05257494571278,50,9.71505102040824,19.4301020408165,"3740;3749;3758;3767"
"HPC","MD_BayesMVP_WCP","BayesMVP_NicoStan",50000,25,32,16,2,100,"3f8ed78629bdab9b833b52bd1450ea30","state_allocation_thread_setup_sampling_divergence_check","iteration_difference","main_scaling","two_run_difference",NA,4,11.5611111111109,11.5984848484848,0.39687115919634,0.247000000000227,11.6925,0.131388888889118,0.115611111111109,0.239500000000191,11.743,0.122858585858779,0.115984848484847,0,FALSE,FALSE,1.38395002402694,138.395002402694,0,"4456;4472;4488;4504",1077,0.874854122331306,1.74970824466261,50,10.1142857142856,20.2285714285713,"3741;3750;3759;3768"
"HPC","MD_BayesMVP_WCP","BayesMVP_NicoStan",50000,25,64,16,4,100,"3f8ed78629bdab9b833b52bd1450ea30","state_allocation_thread_setup_sampling_divergence_check","iteration_difference","main_scaling","two_run_difference",NA,4,8.00000000000033,7.95808080808107,0.588425238062867,0.234749999999778,8.15475000000011,0.154749999999775,0.0800000000000033,0.229499999999859,8.11950000000016,0.14808080808046,0.0795808080808107,0,FALSE,FALSE,1.99999999999992,199.999999999992,0,"4457;4473;4489;4505",1078,0.632142857142826,2.5285714285713,50,10.1142857142856,20.2285714285713,"3741;3750;3759;3768"
"HPC","MD_BayesMVP_WCP","BayesMVP_NicoStan",50000,25,96,16,6,100,"3f8ed78629bdab9b833b52bd1450ea30","state_allocation_thread_setup_sampling_divergence_check","iteration_difference","main_scaling","two_run_difference",NA,4,8.22550505050505,8.10505050505022,0.653537370091222,0.241500000000002,8.38475,0.159244949494952,0.0822550505050505,0.238,8.26199999999972,0.156949494949497,0.0810505050505022,0,FALSE,FALSE,1.94516931200688,194.516931200688,0,"4458;4474;4490;4506",1079,0.409874962172875,2.45924977303725,50,10.1142857142856,20.2285714285713,"3741;3750;3759;3768"
"HPC","MD_BayesMVP_WCP","BayesMVP_NicoStan",50000,25,128,16,8,100,"3f8ed78629bdab9b833b52bd1450ea30","state_allocation_thread_setup_sampling_divergence_check","iteration_difference","main_scaling","two_run_difference",NA,4,8.51338383838387,8.47373737373744,0.43736430888501,0.236499999999992,8.66475000000003,0.151366161616154,0.0851338383838387,0.234499999999997,8.63200000000006,0.148606060606057,0.0847373737373744,0,FALSE,FALSE,1.87939370569216,187.939370569216,0,"4459;4475;4491;4507",1080,0.297011326703133,2.37609061362507,50,10.1142857142856,20.2285714285713,"3741;3750;3759;3768"
"HPC","MD_BayesMVP_WCP","BayesMVP_NicoStan",50000,25,176,16,11,100,"3f8ed78629bdab9b833b52bd1450ea30","state_allocation_thread_setup_sampling_divergence_check","iteration_difference","main_scaling","two_run_difference",NA,4,8.8858585858589,8.70909090909086,0.543454995664551,0.274749999999841,9.07175000000015,0.185891414141252,0.088858585858589,0.272999999999627,8.89850000000001,0.182373737373357,0.0870909090909087,0,FALSE,FALSE,1.80061384562913,180.061384562913,0,"4460;4476;4492;4508",1081,0.206953669270359,2.27649036197395,50,10.1142857142856,20.2285714285713,"3741;3750;3759;3768"
"HPC","MD_BayesMVP_WCP","BayesMVP_NicoStan",50000,50,8,4,2,100,"3f8ed78629bdab9b833b52bd1450ea30","state_allocation_thread_setup_sampling_divergence_check","iteration_difference","main_scaling","two_run_difference",NA,4,9.71161616161615,9.72727272727249,0.0558486300881151,0.135999999999996,9.75049999999999,0.0388838383838341,0.0971161616161615,0.135999999999967,9.76849999999979,0.0385454545454193,0.0972727272727249,0,FALSE,FALSE,0.411877892766135,41.1877892766135,0,"4509;4527;4545;4563",1082,0.871773182724645,1.74354636544929,50,8.46632653061221,16.9326530612244,"3775;3784;3793;3802"
"HPC","MD_BayesMVP_WCP","BayesMVP_NicoStan",50000,50,16,4,4,100,"3f8ed78629bdab9b833b52bd1450ea30","state_allocation_thread_setup_sampling_divergence_check","iteration_difference","main_scaling","two_run_difference",NA,4,5.94621212121203,5.88383838383834,0.169892013533043,0.102500000000191,5.9892500000001,0.0430378787880707,0.0594621212121203,0.100000000000364,5.91899999999995,0.0414545454549111,0.0588383838383834,0,FALSE,FALSE,0.672697158873752,67.2697158873753,0,"4510;4528;4546;4564",1083,0.711909225405039,2.84763690162016,50,8.46632653061221,16.9326530612244,"3775;3784;3793;3802"
"HPC","MD_BayesMVP_WCP","BayesMVP_NicoStan",50000,50,32,4,8,100,"3f8ed78629bdab9b833b52bd1450ea30","state_allocation_thread_setup_sampling_divergence_check","iteration_difference","main_scaling","two_run_difference",NA,4,4.25227272727241,4.17979797979753,0.229624754334765,0.100750000000161,4.31049999999985,0.0582272727274372,0.0425227272727241,0.100500000000238,4.23749999999978,0.0577020202022583,0.0417979797979753,0,FALSE,FALSE,0.940673436664955,94.0673436664955,0,"4511;4529;4547;4565",1084,0.497753029592417,3.98202423673934,50,8.46632653061221,16.9326530612244,"3775;3784;3793;3802"
"HPC","MD_BayesMVP_WCP","BayesMVP_NicoStan",50000,50,64,4,16,100,"3f8ed78629bdab9b833b52bd1450ea30","state_allocation_thread_setup_sampling_divergence_check","iteration_difference","main_scaling","two_run_difference",NA,4,3.26161616161606,3.29040404040392,0.0971764070632983,0.0955000000001291,3.32450000000003,0.0628838383839685,0.0326161616161606,0.0940000000002783,3.35449999999986,0.0616717171719963,0.0329040404040392,0,FALSE,FALSE,1.22638587798084,122.638587798084,0,"4512;4530;4548;4566",1085,0.324468227984916,5.19149164775866,50,8.46632653061221,16.9326530612244,"3775;3784;3793;3802"
"HPC","MD_BayesMVP_WCP","BayesMVP_NicoStan",50000,50,96,4,24,100,"3f8ed78629bdab9b833b52bd1450ea30","state_allocation_thread_setup_sampling_divergence_check","iteration_difference","main_scaling","two_run_difference",NA,4,3.75303030303006,3.8181818181815,0.184723329785725,0.107500000000158,3.82299999999992,0.0699696969698574,0.0375303030303007,0.102000000000317,3.87949999999995,0.0652929292932502,0.038181818181815,0,FALSE,FALSE,1.06580540976995,106.580540976995,0,"4513;4531;4549;4567",1086,0.187988679525112,4.51172830860268,50,8.46632653061221,16.9326530612244,"3775;3784;3793;3802"
"HPC","MD_BayesMVP_WCP","BayesMVP_NicoStan",50000,50,128,4,32,100,"3f8ed78629bdab9b833b52bd1450ea30","state_allocation_thread_setup_sampling_divergence_check","iteration_difference","main_scaling","two_run_difference",NA,4,4.00883838383853,3.98838383838415,0.0827476613462453,0.121499999999997,4.09025000000014,0.0814116161616122,0.0400883838383853,0.122499999999945,4.0785000000003,0.082868686868629,0.0398838383838415,0,FALSE,FALSE,0.997795275590516,99.7795275590516,0,"4514;4532;4550;4568",1087,0.13199469709143,4.22383030692575,50,8.46632653061221,16.9326530612244,"3775;3784;3793;3802"
"HPC","MD_BayesMVP_WCP","BayesMVP_NicoStan",50000,50,176,4,44,100,"3f8ed78629bdab9b833b52bd1450ea30","state_allocation_thread_setup_sampling_divergence_check","iteration_difference","main_scaling","two_run_difference",NA,4,4.16893939393934,4.21212121212117,0.228695695002685,0.188750000000169,4.31600000000012,0.147060606060776,0.0416893939393934,0.189000000000135,4.36750000000001,0.147959595959731,0.0421212121212117,0,FALSE,FALSE,0.959476649100503,95.9476649100503,0,"4515;4533;4551;4569",1088,0.0923095751111647,4.06162130489125,50,8.46632653061221,16.9326530612244,"3775;3784;3793;3802"
"HPC","MD_BayesMVP_WCP","BayesMVP_NicoStan",50000,50,16,8,2,100,"3f8ed78629bdab9b833b52bd1450ea30","state_allocation_thread_setup_sampling_divergence_check","iteration_difference","main_scaling","two_run_difference",NA,4,9.69924242424228,9.62121212121216,0.354856957366264,0.173250000000138,9.77549999999999,0.0762575757577152,0.0969924242424228,0.175500000000284,9.69250000000005,0.0812272727275338,0.0962121212121216,0,FALSE,FALSE,0.824806685932997,82.4806685932997,0,"4516;4534;4552;4570",1089,0.87817188892274,1.75634377784548,50,8.51760204081642,17.0352040816328,"3776;3785;3794;3803"
"HPC","MD_BayesMVP_WCP","BayesMVP_NicoStan",50000,50,32,8,4,100,"3f8ed78629bdab9b833b52bd1450ea30","state_allocation_thread_setup_sampling_divergence_check","iteration_difference","main_scaling","two_run_difference",NA,4,6.25707070707086,6.26313131313146,0.439970209204882,0.140499999999747,6.33499999999989,0.0779292929290386,0.0625707070707086,0.141499999999894,6.34600000000006,0.0759696969695897,0.0626313131313146,0,FALSE,FALSE,1.27855355557346,127.855355557346,0,"4517;4535;4553;4571",1090,0.680638148390351,2.7225525935614,50,8.51760204081642,17.0352040816328,"3776;3785;3794;3803"
"HPC","MD_BayesMVP_WCP","BayesMVP_NicoStan",50000,50,64,8,8,100,"3f8ed78629bdab9b833b52bd1450ea30","state_allocation_thread_setup_sampling_divergence_check","iteration_difference","main_scaling","two_run_difference",NA,4,4.29898989898973,4.30050505050493,0.199630648984822,0.127000000000038,4.38299999999987,0.0840101010101407,0.0429898989898973,0.1280000000001,4.38249999999982,0.0853131313132326,0.0430050505050493,0,FALSE,FALSE,1.86090225563917,186.090225563917,0,"4518;4536;4554;4572",1091,0.495325776574753,3.96260621259802,50,8.51760204081642,17.0352040816328,"3776;3785;3794;3803"
"HPC","MD_BayesMVP_WCP","BayesMVP_NicoStan",50000,50,96,8,12,100,"3f8ed78629bdab9b833b52bd1450ea30","state_allocation_thread_setup_sampling_divergence_check","iteration_difference","main_scaling","two_run_difference",NA,4,5.0199494949495,5.0969696969698,0.304496313549974,0.141500000000008,5.11125000000001,0.0913005050505127,0.050199494949495,0.141999999999825,5.18799999999993,0.0910303030301273,0.050969696969698,0,FALSE,FALSE,1.59364153126415,159.364153126415,0,"4519;4537;4555;4573",1092,0.282791757479694,3.39350108975632,50,8.51760204081642,17.0352040816328,"3776;3785;3794;3803"
"HPC","MD_BayesMVP_WCP","BayesMVP_NicoStan",50000,50,128,8,16,100,"3f8ed78629bdab9b833b52bd1450ea30","state_allocation_thread_setup_sampling_divergence_check","iteration_difference","main_scaling","two_run_difference",NA,4,5.7575757575758,5.73484848484815,0.512606773442779,0.149500000000018,5.84950000000006,0.0919242424242595,0.057575757575758,0.148000000000252,5.82549999999992,0.0931969696967485,0.0573484848484815,0,FALSE,FALSE,1.38947368421052,138.947368421052,0,"4520;4538;4556;4574",1093,0.184921623254565,2.95874597207305,50,8.51760204081642,17.0352040816328,"3776;3785;3794;3803"
"HPC","MD_BayesMVP_WCP","BayesMVP_NicoStan",50000,50,176,8,22,100,"3f8ed78629bdab9b833b52bd1450ea30","state_allocation_thread_setup_sampling_divergence_check","iteration_difference","main_scaling","two_run_difference",NA,4,5.09166666666664,5.10151515151498,0.243490046297419,0.200250000000068,5.24100000000004,0.149333333333402,0.0509166666666664,0.199000000000183,5.26000000000005,0.149393939394008,0.0510151515151498,0,FALSE,FALSE,1.57119476268413,157.119476268413,0,"4521;4539;4557;4575",1094,0.1520774058768,3.34570292928961,50,8.51760204081642,17.0352040816328,"3776;3785;3794;3803"
"HPC","MD_BayesMVP_WCP","BayesMVP_NicoStan",50000,50,32,16,2,100,"3f8ed78629bdab9b833b52bd1450ea30","state_allocation_thread_setup_sampling_divergence_check","iteration_difference","main_scaling","two_run_difference",NA,4,10.6522727272726,10.5732323232322,0.533955594928877,0.24125000000015,10.787,0.134727272727424,0.106522727272726,0.221500000000049,10.7319999999999,0.11509595959626,0.105732323232322,0,FALSE,FALSE,1.50202688286753,150.202688286753,0,"4522;4540;4558;4576",1095,0.812584090602308,1.62516818120462,50,8.65586734693855,17.3117346938771,"3777;3786;3795;3804"
"HPC","MD_BayesMVP_WCP","BayesMVP_NicoStan",50000,50,64,16,4,100,"3f8ed78629bdab9b833b52bd1450ea30","state_allocation_thread_setup_sampling_divergence_check","iteration_difference","main_scaling","two_run_difference",NA,4,6.79090909090896,6.71969696969671,0.303118954484906,0.210000000000008,6.93299999999988,0.142090909090918,0.0679090909090896,0.199000000000069,6.84449999999987,0.133267676767749,0.0671969696969671,0,FALSE,FALSE,2.35609103078987,235.609103078987,0,"4523;4541;4559;4577",1096,0.637312856869651,2.54925142747861,50,8.65586734693855,17.3117346938771,"3777;3786;3795;3804"
"HPC","MD_BayesMVP_WCP","BayesMVP_NicoStan",50000,50,96,16,6,100,"3f8ed78629bdab9b833b52bd1450ea30","state_allocation_thread_setup_sampling_divergence_check","iteration_difference","main_scaling","two_run_difference",NA,4,7.24671717171734,7.22979797979824,0.356491131174496,0.227000000000032,7.4012500000002,0.154532828282859,0.0724671717171734,0.225500000000068,7.37800000000021,0.155621212121279,0.0722979797979824,0,FALSE,FALSE,2.20789629577999,220.789629577999,0,"4524;4542;4560;4578",1097,0.398151196918097,2.38890718150858,50,8.65586734693855,17.3117346938771,"3777;3786;3795;3804"
"HPC","MD_BayesMVP_WCP","BayesMVP_NicoStan",50000,50,128,16,8,100,"3f8ed78629bdab9b833b52bd1450ea30","state_allocation_thread_setup_sampling_divergence_check","iteration_difference","main_scaling","two_run_difference",NA,4,7.56792929292933,7.72020202020205,0.309956068957891,0.237249999999932,7.72949999999997,0.161570707070639,0.0756792929292933,0.226499999999817,7.86600000000004,0.152383838383654,0.0772020202020205,0,FALSE,FALSE,2.11418465747938,211.418465747938,0,"4525;4543;4561;4579",1098,0.28593909284491,2.28751274275928,50,8.65586734693855,17.3117346938771,"3777;3786;3795;3804"
"HPC","MD_BayesMVP_WCP","BayesMVP_NicoStan",50000,50,176,16,11,100,"3f8ed78629bdab9b833b52bd1450ea30","state_allocation_thread_setup_sampling_divergence_check","iteration_difference","main_scaling","two_run_difference",NA,4,7.16136363636373,7.24090909090932,0.425163642270237,0.253249999999866,7.34299999999996,0.181636363636229,0.0716136363636373,0.25249999999977,7.43699999999995,0.179328282828052,0.0724090909090931,0,FALSE,FALSE,2.23421136147252,223.421136147252,0,"4526;4544;4562;4580",1099,0.219761786021922,2.41737964624114,50,8.65586734693855,17.3117346938771,"3777;3786;3795;3804"
"HPC","MD_BayesMVP_WCP","BayesMVP_NicoStan",50000,100,8,4,2,100,"3f8ed78629bdab9b833b52bd1450ea30","state_allocation_thread_setup_sampling_divergence_check","iteration_difference","main_scaling","two_run_difference",NA,4,9.72954545454494,9.68686868686843,0.253337917947942,0.133750000000305,9.76599999999979,0.0364545454548553,0.0972954545454494,0.133500000000197,9.72299999999996,0.0361313131315244,0.0968686868686843,0,FALSE,FALSE,0.411118897453888,41.1118897453888,0,"4581;4599;4617;4635",1100,0.858472891609404,1.71694578321881,50,8.35255102040833,16.7051020408167,"3811;3820;3829;3838"
"HPC","MD_BayesMVP_WCP","BayesMVP_NicoStan",50000,100,16,4,4,100,"3f8ed78629bdab9b833b52bd1450ea30","state_allocation_thread_setup_sampling_divergence_check","iteration_difference","main_scaling","two_run_difference",NA,4,5.9159090909091,5.82171717171719,0.209251674560785,0.104250000000178,5.96100000000018,0.0450909090910871,0.059159090909091,0.10100000000017,5.87050000000022,0.0417828282831919,0.0582171717171719,0,FALSE,FALSE,0.676142912024586,67.6142912024586,0,"4582;4600;4618;4636",1101,0.705939771221602,2.82375908488641,50,8.35255102040833,16.7051020408167,"3811;3820;3829;3838"
"HPC","MD_BayesMVP_WCP","BayesMVP_NicoStan",50000,100,32,4,8,100,"3f8ed78629bdab9b833b52bd1450ea30","state_allocation_thread_setup_sampling_divergence_check","iteration_difference","main_scaling","two_run_difference",NA,4,4.19292929292968,4.19646464646526,0.0341746695166576,0.0977499999997349,4.24875000000011,0.0558207070704381,0.0419292929292968,0.0994999999997503,4.25600000000031,0.0576919191916677,0.0419646464646526,0,FALSE,FALSE,0.953986991086398,95.3986991086398,0,"4583;4601;4619;4637",1102,0.498014063490935,3.98411250792748,50,8.35255102040833,16.7051020408167,"3811;3820;3829;3838"
"HPC","MD_BayesMVP_WCP","BayesMVP_NicoStan",50000,100,64,4,16,100,"3f8ed78629bdab9b833b52bd1450ea30","state_allocation_thread_setup_sampling_divergence_check","iteration_difference","main_scaling","two_run_difference",NA,4,3.34090909090918,3.31464646464646,0.102343056834176,0.0847500000000139,3.3922500000001,0.0513409090909221,0.0334090909090918,0.0844999999999914,3.36149999999998,0.0510757575758509,0.0331464646464646,0,FALSE,FALSE,1.19727891156459,119.727891156459,0,"4584;4602;4620;4638",1103,0.312510412328194,5.00016659725111,50,8.35255102040833,16.7051020408167,"3811;3820;3829;3838"
"HPC","MD_BayesMVP_WCP","BayesMVP_NicoStan",50000,100,96,4,24,100,"3f8ed78629bdab9b833b52bd1450ea30","state_allocation_thread_setup_sampling_divergence_check","iteration_difference","main_scaling","two_run_difference",NA,4,3.62424242424271,3.61919191919229,0.189524309787318,0.0897499999997535,3.67775000000003,0.0535075757573265,0.0362424242424271,0.0909999999997808,3.67150000000009,0.0547070707068496,0.0361919191919229,0,FALSE,FALSE,1.1036789297658,110.36789297658,0,"4585;4603;4621;4639",1104,0.192052803562886,4.60926728550926,50,8.35255102040833,16.7051020408167,"3811;3820;3829;3838"
"HPC","MD_BayesMVP_WCP","BayesMVP_NicoStan",50000,100,128,4,32,100,"3f8ed78629bdab9b833b52bd1450ea30","state_allocation_thread_setup_sampling_divergence_check","iteration_difference","main_scaling","two_run_difference",NA,4,3.98131313131298,3.94545454545438,0.197569663825546,0.111500000000063,4.05299999999991,0.0716868686869336,0.0398131313131298,0.108499999999992,4.02449999999982,0.0692424242425433,0.0394545454545438,0,FALSE,FALSE,1.00469364455161,100.469364455161,0,"4586;4604;4622;4640",1105,0.131121170718707,4.19587746299864,50,8.35255102040833,16.7051020408167,"3811;3820;3829;3838"
"HPC","MD_BayesMVP_WCP","BayesMVP_NicoStan",50000,100,176,4,44,100,"3f8ed78629bdab9b833b52bd1450ea30","state_allocation_thread_setup_sampling_divergence_check","iteration_difference","main_scaling","two_run_difference",NA,4,4.18964646464644,4.15151515151528,0.200952354529573,0.153249999999986,4.30099999999996,0.111353535353521,0.0418964646464644,0.157999999999959,4.25700000000012,0.116904040404,0.0415151515151528,0,FALSE,FALSE,0.954734494605515,95.4734494605515,0,"4587;4605;4623;4641",1106,0.0906189611038219,3.98723428856816,50,8.35255102040833,16.7051020408167,"3811;3820;3829;3838"
"HPC","MD_BayesMVP_WCP","BayesMVP_NicoStan",50000,100,16,8,2,100,"3f8ed78629bdab9b833b52bd1450ea30","state_allocation_thread_setup_sampling_divergence_check","iteration_difference","main_scaling","two_run_difference",NA,4,9.81515151515141,9.82676767676756,0.287774214570432,0.171500000000066,9.88849999999996,0.0733484848485516,0.0981515151515141,0.165999999999997,9.91599999999988,0.0677979797980945,0.0982676767676756,0,FALSE,FALSE,0.815066378511895,81.5066378511895,0,"4588;4606;4624;4642",1107,0.83383161847632,1.66766323695264,50,8.18418367346901,16.368367346938,"3812;3821;3830;3839"
"HPC","MD_BayesMVP_WCP","BayesMVP_NicoStan",50000,100,32,8,4,100,"3f8ed78629bdab9b833b52bd1450ea30","state_allocation_thread_setup_sampling_divergence_check","iteration_difference","main_scaling","two_run_difference",NA,4,6.2444444444442,6.27222222222233,0.165707883978991,0.154250000000133,6.33624999999989,0.0918055555556905,0.062444444444442,0.156999999999869,6.36649999999997,0.0942777777776453,0.0627222222222233,0,FALSE,FALSE,1.28113879003564,128.113879003564,0,"4589;4607;4625;4643",1108,0.655317198053594,2.62126879221437,50,8.18418367346901,16.368367346938,"3812;3821;3830;3839"
"HPC","MD_BayesMVP_WCP","BayesMVP_NicoStan",50000,100,64,8,8,100,"3f8ed78629bdab9b833b52bd1450ea30","state_allocation_thread_setup_sampling_divergence_check","iteration_difference","main_scaling","two_run_difference",NA,4,4.47601010101019,4.49999999999975,0.146677831614107,0.128999999999849,4.56024999999994,0.0842398989897466,0.0447601010101019,0.13250000000005,4.59699999999981,0.0867070707071207,0.0449999999999975,0,FALSE,FALSE,1.78730606488008,178.730606488008,0,"4590;4608;4626;4644",1109,0.457113784865114,3.65691027892092,50,8.18418367346901,16.368367346938,"3812;3821;3830;3839"
"HPC","MD_BayesMVP_WCP","BayesMVP_NicoStan",50000,100,96,8,12,100,"3f8ed78629bdab9b833b52bd1450ea30","state_allocation_thread_setup_sampling_divergence_check","iteration_difference","main_scaling","two_run_difference",NA,4,4.83762626262642,4.82626262626299,0.120283691802209,0.142749999999864,4.93200000000002,0.0943737373736003,0.0483762626262642,0.1394999999996,4.91750000000002,0.0912373737369704,0.0482626262626299,0,FALSE,FALSE,1.65370360703654,165.370360703654,0,"4591;4609;4627;4645",1110,0.281962792947193,3.38355351536632,50,8.18418367346901,16.368367346938,"3812;3821;3830;3839"
"HPC","MD_BayesMVP_WCP","BayesMVP_NicoStan",50000,100,128,8,16,100,"3f8ed78629bdab9b833b52bd1450ea30","state_allocation_thread_setup_sampling_divergence_check","iteration_difference","main_scaling","two_run_difference",NA,4,5.06893939393976,5.13787878787879,0.186476747949944,0.136749999999807,5.15500000000017,0.0860606060604098,0.0506893939393976,0.133499999999856,5.22800000000001,0.0819999999995998,0.0513787878787879,0,FALSE,FALSE,1.57823942609464,157.823942609464,0,"4592;4610;4628;4646",1111,0.201821895997951,3.22915033596721,50,8.18418367346901,16.368367346938,"3812;3821;3830;3839"
"HPC","MD_BayesMVP_WCP","BayesMVP_NicoStan",50000,100,176,8,22,100,"3f8ed78629bdab9b833b52bd1450ea30","state_allocation_thread_setup_sampling_divergence_check","iteration_difference","main_scaling","two_run_difference",NA,4,4.97550505050461,5.03232323232286,0.202019149829267,0.170750000000254,5.09649999999982,0.120994949495208,0.0497550505050461,0.173000000000172,5.15049999999997,0.123813131313309,0.0503232323232286,0,FALSE,FALSE,1.60787697304993,160.787697304993,0,"4593;4611;4629;4647",1112,0.149535914452068,3.2897901179455,50,8.18418367346901,16.368367346938,"3812;3821;3830;3839"
"HPC","MD_BayesMVP_WCP","BayesMVP_NicoStan",50000,100,32,16,2,100,"3f8ed78629bdab9b833b52bd1450ea30","state_allocation_thread_setup_sampling_divergence_check","iteration_difference","main_scaling","two_run_difference",NA,4,10.5608585858586,10.6964646464645,0.361202456012696,0.25525000000016,10.7105000000002,0.149641414141574,0.105608585858586,0.258000000000209,10.8475000000001,0.151035353535564,0.106964646464645,0,FALSE,FALSE,1.51502833504698,151.502833504698,0,"4594;4612;4630;4648",1113,0.784350846098734,1.56870169219747,50,8.28341836734729,16.5668367346946,"3813;3822;3831;3840"
"HPC","MD_BayesMVP_WCP","BayesMVP_NicoStan",50000,100,64,16,4,100,"3f8ed78629bdab9b833b52bd1450ea30","state_allocation_thread_setup_sampling_divergence_check","iteration_difference","main_scaling","two_run_difference",NA,4,6.78106060606025,6.7641414141412,0.0863321264906517,0.207250000000215,6.92049999999986,0.139439393939613,0.0678106060606025,0.200500000000261,6.91049999999996,0.132520202020468,0.067641414141412,0,FALSE,FALSE,2.35951290358632,235.951290358632,0,"4595;4613;4631;4649",1114,0.610776016361244,2.44310406544498,50,8.28341836734729,16.5668367346946,"3813;3822;3831;3840"
"HPC","MD_BayesMVP_WCP","BayesMVP_NicoStan",50000,100,96,16,6,100,"3f8ed78629bdab9b833b52bd1450ea30","state_allocation_thread_setup_sampling_divergence_check","iteration_difference","main_scaling","two_run_difference",NA,4,7.13409090909108,7.206565656566,0.172660067261325,0.207249999999931,7.2700000000001,0.13590909090902,0.0713409090909108,0.197999999999865,7.32950000000028,0.125702020201883,0.07206565656566,0,FALSE,FALSE,2.2427524689391,224.27524689391,0,"4596;4614;4632;4650",1115,0.387034520721325,2.32220712432795,50,8.28341836734729,16.5668367346946,"3813;3822;3831;3840"
"HPC","MD_BayesMVP_WCP","BayesMVP_NicoStan",50000,100,128,16,8,100,"3f8ed78629bdab9b833b52bd1450ea30","state_allocation_thread_setup_sampling_divergence_check","iteration_difference","main_scaling","two_run_difference",NA,4,7.25757575757562,7.22424242424253,0.22945677114054,0.211250000000007,7.39624999999987,0.138674242424251,0.0725757575757562,0.210000000000036,7.37399999999997,0.139262626262666,0.0722424242424253,0,FALSE,FALSE,2.20459290187896,220.459290187896,0,"4597;4615;4633;4651",1116,0.285336958374181,2.28269566699345,50,8.28341836734729,16.5668367346946,"3813;3822;3831;3840"
"HPC","MD_BayesMVP_WCP","BayesMVP_NicoStan",50000,100,176,16,11,100,"3f8ed78629bdab9b833b52bd1450ea30","state_allocation_thread_setup_sampling_divergence_check","iteration_difference","main_scaling","two_run_difference",NA,4,7.03686868686834,7.12626262626235,0.290522446949009,0.24550000000022,7.21199999999988,0.175131313131537,0.0703686868686834,0.240500000000225,7.30649999999991,0.16912626262649,0.0712626262626235,0,FALSE,FALSE,2.27373860618686,227.373860618686,0,"4598;4616;4634;4652",1117,0.214026456057215,2.35429101662936,50,8.28341836734729,16.5668367346946,"3813;3822;3831;3840"
"HPC","MD_BayesMVP_WCP","BayesMVP_NicoStan",50000,250,8,4,2,100,"3f8ed78629bdab9b833b52bd1450ea30","state_allocation_thread_setup_sampling_divergence_check","iteration_difference","main_scaling","two_run_difference",NA,4,10.2376262626264,10.2823232323234,0.288474632938472,0.138749999999789,10.2739999999999,0.0363737373735246,0.102376262626264,0.139499999999771,10.3204999999998,0.0373131313129363,0.102823232323234,0,FALSE,FALSE,0.39071557189018,39.071557189018,0,"4653;4671;4689;4707",1118,0.859574258158388,1.71914851631678,50,8.79999999999991,17.5999999999998,"3847;3856;3865;3874"
"HPC","MD_BayesMVP_WCP","BayesMVP_NicoStan",50000,250,16,4,4,100,"3f8ed78629bdab9b833b52bd1450ea30","state_allocation_thread_setup_sampling_divergence_check","iteration_difference","main_scaling","two_run_difference",NA,4,6.08737373737359,6.08535353535347,0.148225798444477,0.101000000000198,6.12750000000005,0.0401262626264621,0.0608737373737359,0.101000000000226,6.12400000000025,0.040005050505277,0.0608535353535347,0,FALSE,FALSE,0.657097817970645,65.7097817970645,0,"4654;4672;4690;4708",1119,0.722807599767702,2.89123039907081,50,8.79999999999991,17.5999999999998,"3847;3856;3865;3874"
"HPC","MD_BayesMVP_WCP","BayesMVP_NicoStan",50000,250,32,4,8,100,"3f8ed78629bdab9b833b52bd1450ea30","state_allocation_thread_setup_sampling_divergence_check","iteration_difference","main_scaling","two_run_difference",NA,4,4.1739898989897,4.16414141414096,0.155341964953482,0.0805000000000575,4.21274999999986,0.0387601010101606,0.041739898989897,0.081000000000131,4.20049999999969,0.0404141414142767,0.0416414141414096,0,FALSE,FALSE,0.958315687579452,95.8315687579452,0,"4655;4673;4691;4709",1120,0.527073628168693,4.21658902534955,50,8.79999999999991,17.5999999999998,"3847;3856;3865;3874"
"HPC","MD_BayesMVP_WCP","BayesMVP_NicoStan",50000,250,64,4,16,100,"3f8ed78629bdab9b833b52bd1450ea30","state_allocation_thread_setup_sampling_divergence_check","iteration_difference","main_scaling","two_run_difference",NA,4,3.26313131313141,3.28030303030326,0.109378906540984,0.0834999999999297,3.31400000000002,0.0508686868686157,0.0326313131313141,0.0840000000001169,3.32749999999999,0.0515555555555342,0.0328030303030326,0,FALSE,FALSE,1.22581643708401,122.581643708401,0,"4656;4674;4692;4710",1121,0.337099520198099,5.39359232316958,50,8.79999999999991,17.5999999999998,"3847;3856;3865;3874"
"HPC","MD_BayesMVP_WCP","BayesMVP_NicoStan",50000,250,96,4,24,100,"3f8ed78629bdab9b833b52bd1450ea30","state_allocation_thread_setup_sampling_divergence_check","iteration_difference","main_scaling","two_run_difference",NA,4,3.84949494949504,3.81868686868717,0.354383782337403,0.0910000000000935,3.90200000000019,0.052505050505143,0.0384949494949504,0.0909999999999513,3.87250000000029,0.0538131313131128,0.0381868686868717,0,FALSE,FALSE,1.03909734977694,103.909734977694,0,"4657;4675;4693;4711",1122,0.190501180792436,4.57202833901847,50,8.79999999999991,17.5999999999998,"3847;3856;3865;3874"
"HPC","MD_BayesMVP_WCP","BayesMVP_NicoStan",50000,250,128,4,32,100,"3f8ed78629bdab9b833b52bd1450ea30","state_allocation_thread_setup_sampling_divergence_check","iteration_difference","main_scaling","two_run_difference",NA,4,4.03156565656558,4.06616161616135,0.19293964927155,0.102750000000043,4.09399999999997,0.0624343434343872,0.0403156565656558,0.0945000000002096,4.11999999999989,0.0538383838385393,0.0406616161616135,0,FALSE,FALSE,0.992170372690279,99.2170372690279,0,"4658;4676;4694;4712",1123,0.136423426244912,4.36554963983718,50,8.79999999999991,17.5999999999998,"3847;3856;3865;3874"
"HPC","MD_BayesMVP_WCP","BayesMVP_NicoStan",50000,250,176,4,44,100,"3f8ed78629bdab9b833b52bd1450ea30","state_allocation_thread_setup_sampling_divergence_check","iteration_difference","main_scaling","two_run_difference",NA,4,4.30732323232329,4.4227272727273,0.273411506063415,0.152250000000009,4.41650000000007,0.109176767676776,0.0430732323232329,0.151500000000112,4.50500000000011,0.107272727272839,0.044227272727273,0,FALSE,FALSE,0.928650993726902,92.8650993726902,0,"4659;4677;4695;4713",1124,0.0928650993726893,4.08606437239833,50,8.79999999999991,17.5999999999998,"3847;3856;3865;3874"
"HPC","MD_BayesMVP_WCP","BayesMVP_NicoStan",50000,250,16,8,2,100,"3f8ed78629bdab9b833b52bd1450ea30","state_allocation_thread_setup_sampling_divergence_check","iteration_difference","main_scaling","two_run_difference",NA,4,10.5727272727269,10.4964646464643,0.683474979160592,0.174500000000165,10.6414999999998,0.0687727272728968,0.105727272727269,0.1755,10.5709999999997,0.0697020202021961,0.104964646464643,0,FALSE,FALSE,0.756663800515937,75.6663800515937,0,"4660;4678;4696;4714",1125,0.843477459771584,1.68695491954317,50,8.9178571428574,17.8357142857148,"3848;3857;3866;3875"
"HPC","MD_BayesMVP_WCP","BayesMVP_NicoStan",50000,250,32,8,4,100,"3f8ed78629bdab9b833b52bd1450ea30","state_allocation_thread_setup_sampling_divergence_check","iteration_difference","main_scaling","two_run_difference",NA,4,6.65580808080822,6.54545454545474,0.346304480456553,0.132249999999914,6.72150000000005,0.0656919191918316,0.0665580808080822,0.134000000000071,6.60499999999979,0.0653383838384557,0.0654545454545474,0,FALSE,FALSE,1.20195773418824,120.195773418824,0,"4661;4679;4697;4715",1126,0.669930460327704,2.67972184131081,50,8.9178571428574,17.8357142857148,"3848;3857;3866;3875"
"HPC","MD_BayesMVP_WCP","BayesMVP_NicoStan",50000,250,64,8,8,100,"3f8ed78629bdab9b833b52bd1450ea30","state_allocation_thread_setup_sampling_divergence_check","iteration_difference","main_scaling","two_run_difference",NA,4,4.69696969696996,4.65858585858617,0.178999855314258,0.12524999999988,4.77525000000014,0.0782803030301808,0.0469696969696996,0.124999999999886,4.73750000000018,0.0776464646463488,0.0465858585858617,0,FALSE,FALSE,1.70322580645152,170.322580645152,0,"4662;4680;4698;4716",1127,0.474660138248835,3.79728110599068,50,8.9178571428574,17.8357142857148,"3848;3857;3866;3875"
"HPC","MD_BayesMVP_WCP","BayesMVP_NicoStan",50000,250,96,8,12,100,"3f8ed78629bdab9b833b52bd1450ea30","state_allocation_thread_setup_sampling_divergence_check","iteration_difference","main_scaling","two_run_difference",NA,4,5.03080808080835,5.09191919191948,0.19402618007671,0.128749999999997,5.10925000000026,0.0784419191919131,0.0503080808080835,0.124999999999943,5.17350000000033,0.075303030302971,0.0509191919191948,0,FALSE,FALSE,1.5902017869691,159.02017869691,0,"4663;4681;4699;4717",1128,0.295441507593895,3.54529809112674,50,8.9178571428574,17.8357142857148,"3848;3857;3866;3875"
"HPC","MD_BayesMVP_WCP","BayesMVP_NicoStan",50000,250,128,8,16,100,"3f8ed78629bdab9b833b52bd1450ea30","state_allocation_thread_setup_sampling_divergence_check","iteration_difference","main_scaling","two_run_difference",NA,4,5.76338383838355,5.74696969696982,0.595728640404674,0.146750000000253,5.85249999999996,0.0891161616164176,0.0576338383838355,0.140000000000214,5.84400000000005,0.0873080808082957,0.0574696969696982,0,FALSE,FALSE,1.38807343469314,138.807343469314,0,"4664;4682;4700;4718",1129,0.193416259287326,3.09466014859721,50,8.9178571428574,17.8357142857148,"3848;3857;3866;3875"
"HPC","MD_BayesMVP_WCP","BayesMVP_NicoStan",50000,250,176,8,22,100,"3f8ed78629bdab9b833b52bd1450ea30","state_allocation_thread_setup_sampling_divergence_check","iteration_difference","main_scaling","two_run_difference",NA,4,5.32979797979798,5.41060606060593,0.366125506172733,0.174999999999841,5.45149999999984,0.121702020201861,0.0532979797979798,0.172999999999774,5.52949999999964,0.118893939393715,0.0541060606060593,0,FALSE,FALSE,1.50099497773145,150.099497773145,0,"4665;4683;4701;4719",1130,0.15210975890404,3.34641469588887,50,8.9178571428574,17.8357142857148,"3848;3857;3866;3875"
"HPC","MD_BayesMVP_WCP","BayesMVP_NicoStan",50000,250,32,16,2,100,"3f8ed78629bdab9b833b52bd1450ea30","state_allocation_thread_setup_sampling_divergence_check","iteration_difference","main_scaling","two_run_difference",NA,4,11.5159090909087,11.2166666666667,0.67751322068335,0.266250000000241,11.6669999999999,0.151090909091154,0.115159090909087,0.267500000000382,11.398,0.156055555555942,0.112166666666667,0,FALSE,FALSE,1.38938227748179,138.938227748179,0,"4666;4684;4702;4720",1131,0.803701824128138,1.60740364825628,50,9.25535714285713,18.5107142857143,"3849;3858;3867;3876"
"HPC","MD_BayesMVP_WCP","BayesMVP_NicoStan",50000,250,64,16,4,100,"3f8ed78629bdab9b833b52bd1450ea30","state_allocation_thread_setup_sampling_divergence_check","iteration_difference","main_scaling","two_run_difference",NA,4,7.05378787878802,7.04747474747489,0.132294635406596,0.229499999999831,7.21274999999997,0.158962121211951,0.0705378787878802,0.229999999999734,7.20699999999988,0.159515151514929,0.070474747474749,0,FALSE,FALSE,2.2682848244012,226.82848244012,0,"4667;4685;4703;4721",1132,0.656055817236128,2.62422326894451,50,9.25535714285713,18.5107142857143,"3849;3858;3867;3876"
"HPC","MD_BayesMVP_WCP","BayesMVP_NicoStan",50000,250,96,16,6,100,"3f8ed78629bdab9b833b52bd1450ea30","state_allocation_thread_setup_sampling_divergence_check","iteration_difference","main_scaling","two_run_difference",NA,4,7.36212121212124,7.32070707070719,0.212749590344331,0.22150000000002,7.51000000000005,0.147878787878808,0.0736212121212124,0.21750000000003,7.46300000000019,0.145292929292959,0.0732070707070719,0,FALSE,FALSE,2.17328668450298,217.328668450298,0,"4668;4686;4704;4722",1133,0.419053009143561,2.51431805486136,50,9.25535714285713,18.5107142857143,"3849;3858;3867;3876"
"HPC","MD_BayesMVP_WCP","BayesMVP_NicoStan",50000,250,128,16,8,100,"3f8ed78629bdab9b833b52bd1450ea30","state_allocation_thread_setup_sampling_divergence_check","iteration_difference","main_scaling","two_run_difference",NA,4,7.39015151515125,7.36010101010083,0.174704408776383,0.232500000000329,7.54875000000007,0.158598484848816,0.0739015151515125,0.225500000000295,7.53650000000005,0.150237373737672,0.0736010101010083,0,FALSE,FALSE,2.16504356740141,216.504356740141,0,"4669;4687;4705;4723",1134,0.313097678846024,2.50478143076819,50,9.25535714285713,18.5107142857143,"3849;3858;3867;3876"
"HPC","MD_BayesMVP_WCP","BayesMVP_NicoStan",50000,250,176,16,11,100,"3f8ed78629bdab9b833b52bd1450ea30","state_allocation_thread_setup_sampling_divergence_check","iteration_difference","main_scaling","two_run_difference",NA,4,7.76313131313107,7.83686868686814,0.448544373760753,0.247250000000179,7.93274999999994,0.169618686868868,0.0776313131313107,0.246500000000196,7.99699999999984,0.169353535353804,0.0783686868686814,0,FALSE,FALSE,2.06102400624559,206.102400624559,0,"4670;4688;4706;4724",1135,0.216767196111422,2.38443915722564,50,9.25535714285713,18.5107142857143,"3849;3858;3867;3876"
"HPC","MD_BayesMVP_WCP","BayesMVP_NicoStan",50000,500,8,4,2,100,"3f8ed78629bdab9b833b52bd1450ea30","state_allocation_thread_setup_sampling_divergence_check","iteration_difference","main_scaling","two_run_difference",NA,4,11.3656565656569,11.4005050505052,0.336395484887318,0.147999999999854,11.4000000000001,0.0343434343432854,0.113656565656569,0.148499999999785,11.4340000000001,0.0334949494948706,0.114005050505052,0,FALSE,FALSE,0.351937433345174,35.1937433345174,0,"4725;4743;4761;4779",1136,0.788223136748497,1.57644627349699,50,8.9586734693882,17.9173469387764,"3883;3892;3901;3910"
"HPC","MD_BayesMVP_WCP","BayesMVP_NicoStan",50000,500,16,4,4,100,"3f8ed78629bdab9b833b52bd1450ea30","state_allocation_thread_setup_sampling_divergence_check","iteration_difference","main_scaling","two_run_difference",NA,4,6.59393939393938,6.58585858585857,0.0514523945990736,0.10899999999998,6.63699999999997,0.0430606060605866,0.0659393939393939,0.107499999999845,6.63149999999996,0.041166666666512,0.0658585858585857,0,FALSE,FALSE,0.606617647058824,60.6617647058824,0,"4726;4744;4762;4780",1137,0.679311177596073,2.71724471038429,50,8.9586734693882,17.9173469387764,"3883;3892;3901;3910"
"HPC","MD_BayesMVP_WCP","BayesMVP_NicoStan",50000,500,32,4,8,100,"3f8ed78629bdab9b833b52bd1450ea30","state_allocation_thread_setup_sampling_divergence_check","iteration_difference","main_scaling","two_run_difference",NA,4,4.49469696969685,4.45404040403992,0.116038215819219,0.0920000000000982,4.54174999999998,0.0470530303031297,0.0449469696969685,0.0945000000001528,4.49749999999983,0.0503383838385382,0.0445404040403992,0,FALSE,FALSE,0.88993763694592,88.993763694592,0,"4727;4745;4763;4781",1138,0.49829129359484,3.98633034875872,50,8.9586734693882,17.9173469387764,"3883;3892;3901;3910"
"HPC","MD_BayesMVP_WCP","BayesMVP_NicoStan",50000,500,64,4,16,100,"3f8ed78629bdab9b833b52bd1450ea30","state_allocation_thread_setup_sampling_divergence_check","iteration_difference","main_scaling","two_run_difference",NA,4,3.49924242424236,3.52525252525253,0.117795203474532,0.0977500000000191,3.56199999999995,0.0627575757575955,0.0349924242424236,0.0984999999999445,3.5870000000001,0.0637676767676227,0.0352525252525253,0,FALSE,FALSE,1.14310456808835,114.310456808835,0,"4728;4746;4764;4782",1139,0.320021892714674,5.12035028343479,50,8.9586734693882,17.9173469387764,"3883;3892;3901;3910"
"HPC","MD_BayesMVP_WCP","BayesMVP_NicoStan",50000,500,96,4,24,100,"3f8ed78629bdab9b833b52bd1450ea30","state_allocation_thread_setup_sampling_divergence_check","iteration_difference","main_scaling","two_run_difference",NA,4,3.92777777777774,3.93232323232315,0.198545025618716,0.0879999999999939,3.97649999999996,0.0487222222222164,0.0392777777777774,0.0840000000000032,3.97249999999991,0.0454848484848518,0.0393232323232315,0,FALSE,FALSE,1.01838755304103,101.838755304103,0,"4729;4747;4765;4783",1140,0.190070865687163,4.56170077649191,50,8.9586734693882,17.9173469387764,"3883;3892;3901;3910"
"HPC","MD_BayesMVP_WCP","BayesMVP_NicoStan",50000,500,128,4,32,100,"3f8ed78629bdab9b833b52bd1450ea30","state_allocation_thread_setup_sampling_divergence_check","iteration_difference","main_scaling","two_run_difference",NA,4,3.86994949494931,3.89393939393895,0.184997226314753,0.0944999999999538,3.92574999999977,0.0558005050504608,0.0386994949494931,0.0935000000000628,3.95299999999952,0.0560959595960261,0.0389393939393895,0,FALSE,FALSE,1.03360522022844,103.360522022844,0,"4730;4748;4766;4784",1141,0.144683307254401,4.62986583214082,50,8.9586734693882,17.9173469387764,"3883;3892;3901;3910"
"HPC","MD_BayesMVP_WCP","BayesMVP_NicoStan",50000,500,176,4,44,100,"3f8ed78629bdab9b833b52bd1450ea30","state_allocation_thread_setup_sampling_divergence_check","iteration_difference","main_scaling","two_run_difference",NA,4,4.20404040404058,4.19242424242432,0.124721912892244,0.150749999999874,4.31275000000005,0.108709595959468,0.0420404040404058,0.150499999999909,4.32349999999997,0.108828282828029,0.0419242424242432,0,FALSE,FALSE,0.95146564151846,95.146564151846,0,"4731;4749;4767;4785",1142,0.0968621590875666,4.26193499985293,50,8.9586734693882,17.9173469387764,"3883;3892;3901;3910"
"HPC","MD_BayesMVP_WCP","BayesMVP_NicoStan",50000,500,16,8,2,100,"3f8ed78629bdab9b833b52bd1450ea30","state_allocation_thread_setup_sampling_divergence_check","iteration_difference","main_scaling","two_run_difference",NA,4,11.2843434343435,11.2343434343434,0.370768534065396,0.193249999999864,11.36475,0.0804065656564287,0.112843434343435,0.18649999999991,11.3079999999998,0.0745252525251599,0.112343434343434,0,FALSE,FALSE,0.70894687374121,70.894687374121,0,"4732;4750;4768;4786",1143,0.785493242187919,1.57098648437584,50,8.86377551020445,17.7275510204089,"3884;3893;3902;3911"
"HPC","MD_BayesMVP_WCP","BayesMVP_NicoStan",50000,500,32,8,4,100,"3f8ed78629bdab9b833b52bd1450ea30","state_allocation_thread_setup_sampling_divergence_check","iteration_difference","main_scaling","two_run_difference",NA,4,7.06919191919158,7.03888888888861,0.192348447828095,0.148500000000041,7.14699999999971,0.0778080808081253,0.0706919191919158,0.14200000000011,7.12349999999969,0.071005050505164,0.0703888888888861,0,FALSE,FALSE,1.13167107237271,113.167107237271,0,"4733;4751;4769;4787",1144,0.6269298960565,2.507719584226,50,8.86377551020445,17.7275510204089,"3884;3893;3902;3911"
"HPC","MD_BayesMVP_WCP","BayesMVP_NicoStan",50000,500,64,8,8,100,"3f8ed78629bdab9b833b52bd1450ea30","state_allocation_thread_setup_sampling_divergence_check","iteration_difference","main_scaling","two_run_difference",NA,4,4.93964646464656,4.96717171717162,0.152073885618097,0.131500000000045,5.02175000000014,0.0821035353535796,0.0493964646464656,0.131999999999834,5.04850000000016,0.0828787878786195,0.0496717171717162,0,FALSE,FALSE,1.61954910280657,161.954910280657,0,"4734;4752;4770;4788",1145,0.448603739844703,3.58882991875763,50,8.86377551020445,17.7275510204089,"3884;3893;3902;3911"
"HPC","MD_BayesMVP_WCP","BayesMVP_NicoStan",50000,500,96,8,12,100,"3f8ed78629bdab9b833b52bd1450ea30","state_allocation_thread_setup_sampling_divergence_check","iteration_difference","main_scaling","two_run_difference",NA,4,5.24999999999993,5.24292929292934,0.166366426843546,0.128500000000059,5.32599999999999,0.07600000000006,0.0524999999999993,0.130000000000109,5.31750000000005,0.0774292929294038,0.0524292929292934,0,FALSE,FALSE,1.52380952380954,152.380952380954,0,"4735;4753;4771;4789",1146,0.281389698736653,3.37667638483983,50,8.86377551020445,17.7275510204089,"3884;3893;3902;3911"
"HPC","MD_BayesMVP_WCP","BayesMVP_NicoStan",50000,500,128,8,16,100,"3f8ed78629bdab9b833b52bd1450ea30","state_allocation_thread_setup_sampling_divergence_check","iteration_difference","main_scaling","two_run_difference",NA,4,5.26994949494962,5.28181818181828,0.0922511304036877,0.147499999999923,5.36475000000004,0.0948005050504265,0.0526994949494962,0.139999999999986,5.36900000000009,0.0871818181818035,0.0528181818181828,0,FALSE,FALSE,1.51804111361346,151.804111361346,0,"4736;4754;4772;4790",1147,0.210243369473914,3.36389391158262,50,8.86377551020445,17.7275510204089,"3884;3893;3902;3911"
"HPC","MD_BayesMVP_WCP","BayesMVP_NicoStan",50000,500,176,8,22,100,"3f8ed78629bdab9b833b52bd1450ea30","state_allocation_thread_setup_sampling_divergence_check","iteration_difference","main_scaling","two_run_difference",NA,4,5.31338383838365,5.29494949494957,0.168702745276275,0.183250000000129,5.44349999999994,0.130116161616292,0.0531338383838365,0.184500000000128,5.42900000000026,0.132323232323365,0.0529494949494957,0,FALSE,FALSE,1.50563186160359,150.563186160359,0,"4737;4755;4773;4791",1148,0.151654350253016,3.33639570556636,50,8.86377551020445,17.7275510204089,"3884;3893;3902;3911"
"HPC","MD_BayesMVP_WCP","BayesMVP_NicoStan",50000,500,32,16,2,100,"3f8ed78629bdab9b833b52bd1450ea30","state_allocation_thread_setup_sampling_divergence_check","iteration_difference","main_scaling","two_run_difference",NA,4,11.9446969696967,11.996464646464,0.413211878736576,0.259000000000157,12.0842499999999,0.13955303030319,0.119446969696967,0.262500000000159,12.1034999999997,0.139767676767893,0.11996464646464,0,FALSE,FALSE,1.33950656434328,133.950656434328,0,"4738;4756;4774;4792",1149,0.756013916951344,1.51202783390269,50,9.03035714285723,18.0607142857145,"3885;3894;3903;3912"
"HPC","MD_BayesMVP_WCP","BayesMVP_NicoStan",50000,500,64,16,4,100,"3f8ed78629bdab9b833b52bd1450ea30","state_allocation_thread_setup_sampling_divergence_check","iteration_difference","main_scaling","two_run_difference",NA,4,7.84419191919215,7.75101010101015,0.45997976722127,0.238999999999919,8.00475000000014,0.160558080807998,0.0784419191919215,0.234499999999912,7.90600000000001,0.157267676767585,0.0775101010101015,0,FALSE,FALSE,2.03972571870065,203.972571870065,0,"4739;4757;4775;4793",1150,0.575607866041812,2.30243146416725,50,9.03035714285723,18.0607142857145,"3885;3894;3903;3912"
"HPC","MD_BayesMVP_WCP","BayesMVP_NicoStan",50000,500,96,16,6,100,"3f8ed78629bdab9b833b52bd1450ea30","state_allocation_thread_setup_sampling_divergence_check","iteration_difference","main_scaling","two_run_difference",NA,4,7.74823232323232,7.68484848484866,0.406430954116441,0.22799999999998,7.89874999999998,0.150517676767657,0.0774823232323232,0.221499999999935,7.82950000000011,0.144651515151448,0.0768484848484866,0,FALSE,FALSE,2.0649871264218,206.49871264218,0,"4740;4758;4776;4794",1151,0.388491067645652,2.33094640587391,50,9.03035714285723,18.0607142857145,"3885;3894;3903;3912"
"HPC","MD_BayesMVP_WCP","BayesMVP_NicoStan",50000,500,128,16,8,100,"3f8ed78629bdab9b833b52bd1450ea30","state_allocation_thread_setup_sampling_divergence_check","iteration_difference","main_scaling","two_run_difference",NA,4,7.69974747474753,7.60505050505073,0.24257763805705,0.234000000000094,7.85675000000015,0.157002525252619,0.0769974747474753,0.225499999999897,7.75450000000012,0.14944949494939,0.0760505050505073,0,FALSE,FALSE,2.07799022662424,207.799022662424,0,"4741;4759;4777;4795",1152,0.29320302946537,2.34562423572296,50,9.03035714285723,18.0607142857145,"3885;3894;3903;3912"
"HPC","MD_BayesMVP_WCP","BayesMVP_NicoStan",50000,500,176,16,11,100,"3f8ed78629bdab9b833b52bd1450ea30","state_allocation_thread_setup_sampling_divergence_check","iteration_difference","main_scaling","two_run_difference",NA,4,7.38686868686882,7.35656565656584,0.143595489692659,0.248249999999956,7.56125000000009,0.174381313131268,0.0738686868686882,0.240999999999929,7.51750000000015,0.168252525252453,0.0735656565656584,0,FALSE,FALSE,2.16600574319701,216.600574319701,0,"4742;4760;4778;4796",1153,0.222270516301692,2.44497567931861,50,9.03035714285723,18.0607142857145,"3885;3894;3903;3912"
"HPC","MD_BayesMVP_WCP","BayesMVP_NicoStan",500,8,32,4,8,2000,"5fff1836d43ae39c037ca22d13a50ed5","state_allocation_thread_setup_sampling_divergence_check","iteration_difference","main_scaling","two_run_difference",NA,4,3.96898449224594,3.96198099049506,0.0582471047381005,0.00550000000006889,3.97249999999988,0.00351550775394593,0.00198449224612297,0.00500000000010914,3.96499999999986,0.00303651825923884,0.00198099049524753,0,FALSE,FALSE,1.00781446937237,2015.62893874474,0,"4797;4801;4805;4809",1154,NA,NA,NA,NA,NA,""
"HPC","MD_BayesMVP_WCP","BayesMVP_NicoStan",500,8,64,8,8,2000,"5fff1836d43ae39c037ca22d13a50ed5","state_allocation_thread_setup_sampling_divergence_check","iteration_difference","main_scaling","two_run_difference",NA,4,4.09529764882428,4.05552776388176,0.093024556281593,0.00925000000000864,4.10249999999988,0.0072023511755965,0.00204764882441214,0.00950000000011642,4.06399999999991,0.00747648824423867,0.00202776388194088,0,FALSE,FALSE,1.95345996457589,3906.91992915178,0,"4798;4802;4806;4810",1155,NA,NA,NA,NA,NA,""
"HPC","MD_BayesMVP_WCP","BayesMVP_NicoStan",500,6,96,16,6,2000,"5fff1836d43ae39c037ca22d13a50ed5","state_allocation_thread_setup_sampling_divergence_check","iteration_difference","main_scaling","two_run_difference",NA,4,5.01125562781418,5.06553276638318,0.349541221013051,0.0114999999997565,5.02025000000003,0.00899437218584939,0.00250562781390709,0.0114999999997849,5.07449999999972,0.00902151075516231,0.00253276638319159,0,FALSE,FALSE,3.19281257798834,6385.62515597669,0,"4799;4803;4807;4811",1156,NA,NA,NA,NA,NA,""
"HPC","MD_BayesMVP_WCP","BayesMVP_NicoStan",500,8,128,16,8,2000,"5fff1836d43ae39c037ca22d13a50ed5","state_allocation_thread_setup_sampling_divergence_check","iteration_difference","main_scaling","two_run_difference",NA,4,5.59979989995004,5.60680340170101,0.0933776411712155,0.0109999999999388,5.608,0.00820010004996382,0.00279989994997502,0.0109999999997967,5.61549999999988,0.00823911955957659,0.0028034017008505,0,FALSE,FALSE,2.85724495265317,5714.48990530635,0,"4800;4804;4808;4812",1157,NA,NA,NA,NA,NA,""
"HPC","MD_BayesMVP_WCP","BayesMVP_NicoStan",2500,8,32,4,8,400,"229e14792b0f4550a6f1e0887b422826","state_allocation_thread_setup_sampling_divergence_check","iteration_difference","main_scaling","two_run_difference",NA,4,1.42255639097748,1.39699248120314,0.0755236172884264,0.0102500000000703,1.42925000000011,0.00669360902262655,0.00355639097744371,0.0100000000002183,1.40300000000025,0.00634837092753745,0.00349248120300785,0,FALSE,FALSE,2.81183932346715,1124.73572938686,0,"4813;4817;4821;4825",1158,NA,NA,NA,NA,NA,""
"HPC","MD_BayesMVP_WCP","BayesMVP_NicoStan",2500,8,64,8,8,400,"229e14792b0f4550a6f1e0887b422826","state_allocation_thread_setup_sampling_divergence_check","iteration_difference","main_scaling","two_run_difference",NA,4,1.66466165413572,1.68370927318332,0.213296804053429,0.0177499999996371,1.67825000000002,0.0135883458642978,0.0041616541353393,0.0179999999995744,1.69749999999993,0.0137907268166161,0.00420927318295829,0,FALSE,FALSE,4.80578139114614,1922.31255645845,0,"4814;4818;4822;4826",1159,NA,NA,NA,NA,NA,""
"HPC","MD_BayesMVP_WCP","BayesMVP_NicoStan",2500,6,96,16,6,400,"229e14792b0f4550a6f1e0887b422826","state_allocation_thread_setup_sampling_divergence_check","iteration_difference","main_scaling","two_run_difference",NA,4,2.08095238095247,2.06766917293233,0.0463860057173249,0.0224999999998658,2.09824999999995,0.0172976190474847,0.00520238095238116,0.0220000000000482,2.08399999999972,0.0167167919799982,0.00516917293233083,0,FALSE,FALSE,7.68878718535438,3075.51487414175,0,"4815;4819;4823;4827",1160,NA,NA,NA,NA,NA,""
"HPC","MD_BayesMVP_WCP","BayesMVP_NicoStan",2500,8,128,16,8,400,"229e14792b0f4550a6f1e0887b422826","state_allocation_thread_setup_sampling_divergence_check","iteration_difference","main_scaling","two_run_difference",NA,4,2.3022556390979,2.32030075187965,0.109122856904898,0.0244999999998186,2.32099999999997,0.0187443609020738,0.00575563909774474,0.0244999999998754,2.34100000000001,0.0186904761903513,0.00580075187969913,0,FALSE,FALSE,6.94970607446068,2779.88242978427,0,"4816;4820;4824;4828",1161,NA,NA,NA,NA,NA,""
"HPC","MD_BayesMVP_WCP","BayesMVP_NicoStan",10000,2,8,4,2,200,"b97502ef4c1796520d0acd01a82ea24d","state_allocation_thread_setup_sampling_divergence_check","iteration_difference","main_scaling","two_run_difference",NA,4,4.60552763819082,4.60954773869324,0.0343134280543904,0.0424999999999613,4.62499999999983,0.0194723618090072,0.0230276381909541,0.0434999999998809,4.62749999999971,0.0204045226129467,0.0230477386934662,0,FALSE,FALSE,0.868521549372638,173.704309874528,0,"4829;4832;4835;4838",1162,NA,NA,NA,NA,NA,""
"HPC","MD_BayesMVP_WCP","BayesMVP_NicoStan",10000,2,16,8,2,200,"b97502ef4c1796520d0acd01a82ea24d","state_allocation_thread_setup_sampling_divergence_check","iteration_difference","main_scaling","two_run_difference",NA,4,4.70904522613059,4.71306532663289,0.136896326442728,0.0609999999999786,4.74649999999991,0.0374547738693257,0.0235452261306529,0.0594999999997299,4.75199999999995,0.0359748743715885,0.0235653266331644,0,FALSE,FALSE,1.69885817948994,339.771635897988,0,"4830;4833;4836;4839",1163,NA,NA,NA,NA,NA,""
"HPC","MD_BayesMVP_WCP","BayesMVP_NicoStan",10000,2,32,16,2,200,"b97502ef4c1796520d0acd01a82ea24d","state_allocation_thread_setup_sampling_divergence_check","iteration_difference","main_scaling","two_run_difference",NA,4,5.1655778894474,5.09145728643242,0.220367849686397,0.08725000000004,5.2270000000002,0.061422110552803,0.025827889447237,0.0869999999999891,5.14950000000044,0.0616432160803891,0.0254572864321621,0,FALSE,FALSE,3.09742691765154,619.485383530308,0,"4831;4834;4837;4840",1164,NA,NA,NA,NA,NA,""
"HPC","MD_BayesMVP_WCP","BayesMVP_NicoStan",10000,8,32,4,8,200,"b97502ef4c1796520d0acd01a82ea24d","state_allocation_thread_setup_sampling_divergence_check","iteration_difference","main_scaling","two_run_difference",NA,4,1.84296482412038,1.85326633165834,0.0264428585268625,0.0297500000000923,1.86349999999987,0.0205351758794904,0.00921482412060192,0.0284999999997808,1.87449999999978,0.0192236180902331,0.00926633165829171,0,FALSE,FALSE,2.17041581458785,434.08316291757,0,"4841;4845;4849;4853",1165,NA,NA,NA,NA,NA,""
"HPC","MD_BayesMVP_WCP","BayesMVP_NicoStan",10000,8,64,8,8,200,"b97502ef4c1796520d0acd01a82ea24d","state_allocation_thread_setup_sampling_divergence_check","iteration_difference","main_scaling","two_run_difference",NA,4,2.08969849246208,2.06733668341642,0.137095091443357,0.0467500000000882,2.12599999999986,0.0363015075377778,0.0104484924623104,0.0454999999998336,2.10499999999968,0.0349396984922948,0.0103366834170821,0,FALSE,FALSE,3.82830347481104,765.660694962209,0,"4842;4846;4850;4854",1166,NA,NA,NA,NA,NA,""
"HPC","MD_BayesMVP_WCP","BayesMVP_NicoStan",10000,6,96,16,6,200,"b97502ef4c1796520d0acd01a82ea24d","state_allocation_thread_setup_sampling_divergence_check","iteration_difference","main_scaling","two_run_difference",NA,4,3.39296482412075,3.37085427135705,0.207626288573282,0.08400000000006,3.46000000000021,0.0670351758794563,0.0169648241206038,0.0755000000001473,3.42600000000039,0.0590125628142179,0.0168542713567853,0,FALSE,FALSE,4.71563981042634,943.127962085267,0,"4843;4847;4851;4855",1167,NA,NA,NA,NA,NA,""
"HPC","MD_BayesMVP_WCP","BayesMVP_NicoStan",10000,8,128,16,8,200,"b97502ef4c1796520d0acd01a82ea24d","state_allocation_thread_setup_sampling_divergence_check","iteration_difference","main_scaling","two_run_difference",NA,4,3.33090452261302,3.27587939698493,0.150403557483224,0.0812500000000114,3.39549999999997,0.0645954773869463,0.0166545226130651,0.0710000000000264,3.32549999999992,0.0548241206030418,0.0163793969849246,0,FALSE,FALSE,4.80350003771598,960.700007543197,0,"4844;4848;4852;4856",1168,NA,NA,NA,NA,NA,""
"HPC","MD_BayesMVP_WCP","BayesMVP_NicoStan",10000,16,64,4,16,200,"b97502ef4c1796520d0acd01a82ea24d","state_allocation_thread_setup_sampling_divergence_check","iteration_difference","main_scaling","two_run_difference",NA,4,1.60477386934666,1.56180904522576,0.12893699443275,0.0272499999998672,1.6239999999998,0.0192261306531339,0.00802386934673331,0.0270000000000437,1.58099999999968,0.0191909547739148,0.00780904522612881,0,FALSE,FALSE,2.49256301863171,498.512603726341,0,"4857;4863;4869;4875",1169,NA,NA,NA,NA,NA,""
"HPC","MD_BayesMVP_WCP","BayesMVP_NicoStan",10000,24,96,4,24,200,"b97502ef4c1796520d0acd01a82ea24d","state_allocation_thread_setup_sampling_divergence_check","iteration_difference","main_scaling","two_run_difference",NA,4,1.82085427135669,1.81507537688446,0.124001190362746,0.0240000000001146,1.83575000000002,0.0148957286433312,0.00910427135678344,0.0240000000002283,1.82900000000006,0.0143793969851536,0.00907537688442231,0,FALSE,FALSE,2.19677107768744,439.354215537487,0,"4858;4864;4870;4876",1170,NA,NA,NA,NA,NA,""
"HPC","MD_BayesMVP_WCP","BayesMVP_NicoStan",10000,12,96,8,12,200,"b97502ef4c1796520d0acd01a82ea24d","state_allocation_thread_setup_sampling_divergence_check","iteration_difference","main_scaling","two_run_difference",NA,4,2.2467336683416,2.24874371859292,0.0856750761965386,0.046000000000106,2.28149999999999,0.034766331658398,0.011233668341708,0.0455000000001746,2.28399999999999,0.0342763819097233,0.0112437185929646,0,FALSE,FALSE,3.56072467009635,712.144934019271,0,"4859;4865;4871;4877",1171,NA,NA,NA,NA,NA,""
"HPC","MD_BayesMVP_WCP","BayesMVP_NicoStan",10000,16,128,8,16,200,"b97502ef4c1796520d0acd01a82ea24d","state_allocation_thread_setup_sampling_divergence_check","iteration_difference","main_scaling","two_run_difference",NA,4,2.3718592964822,2.38442211055225,0.0919181423439159,0.0450000000000159,2.4049999999998,0.0331407035176049,0.011859296482411,0.0449999999999591,2.41799999999967,0.0333592964823727,0.0119221105527613,0,FALSE,FALSE,3.37288135593251,674.576271186502,0,"4860;4866;4872;4878",1172,NA,NA,NA,NA,NA,""
"HPC","MD_BayesMVP_WCP","BayesMVP_NicoStan",10000,22,176,8,22,200,"b97502ef4c1796520d0acd01a82ea24d","state_allocation_thread_setup_sampling_divergence_check","iteration_difference","main_scaling","two_run_difference",NA,4,2.69673366834187,2.66834170854269,0.134368952685656,0.0569999999999027,2.74025000000006,0.0435163316581934,0.0134836683417093,0.0520000000000209,2.70550000000003,0.0390552763819309,0.0133417085427134,0,FALSE,FALSE,2.96655175626555,593.31035125311,0,"4861;4867;4873;4879",1173,NA,NA,NA,NA,NA,""
"HPC","MD_BayesMVP_WCP","BayesMVP_NicoStan",10000,11,176,16,11,200,"b97502ef4c1796520d0acd01a82ea24d","state_allocation_thread_setup_sampling_divergence_check","iteration_difference","main_scaling","two_run_difference",NA,4,3.35954773869361,3.35678391959802,0.162833456256107,0.101999999999919,3.44475000000006,0.0852022613064506,0.016797738693468,0.0864999999997735,3.42550000000006,0.0703819095475106,0.0167839195979901,0,FALSE,FALSE,4.76254580809194,952.509161618389,0,"4862;4868;4874;4880",1174,NA,NA,NA,NA,NA,""
"HPC","MD_BayesMVP_WCP","BayesMVP_NicoStan",10000,32,128,4,32,200,"b97502ef4c1796520d0acd01a82ea24d","state_allocation_thread_setup_sampling_divergence_check","iteration_difference","main_scaling","two_run_difference",NA,4,2.09522613065331,2.09597989949751,0.0343710266631983,0.0327500000000214,2.11750000000006,0.0222738693467548,0.0104761306532665,0.032500000000141,2.11550000000022,0.0221055276383315,0.0104798994974876,0,FALSE,FALSE,1.90910181076864,381.820362153728,0,"4881;4883;4885;4887",1175,NA,NA,NA,NA,NA,""
"HPC","MD_BayesMVP_WCP","BayesMVP_NicoStan",10000,44,176,4,44,200,"b97502ef4c1796520d0acd01a82ea24d","state_allocation_thread_setup_sampling_divergence_check","iteration_difference","main_scaling","two_run_difference",NA,4,2.52185929648231,2.53869346733652,0.217719427507314,0.0702500000000441,2.57949999999994,0.0576407035176326,0.0126092964824115,0.0625000000001137,2.60399999999981,0.0499748743719732,0.0126934673366826,0,FALSE,FALSE,1.58613131413776,317.226262827551,0,"4882;4884;4886;4888",1176,NA,NA,NA,NA,NA,""
"HPC","MD_BayesMVP_WCP","BayesMVP_NicoStan",50000,2,8,4,2,100,"3f8ed78629bdab9b833b52bd1450ea30","state_allocation_thread_setup_sampling_divergence_check","iteration_difference","main_scaling","two_run_difference",NA,4,12.9202020202021,12.9303030303034,0.221688983735595,0.241249999999923,13.03225,0.112047979797901,0.129202020202021,0.206999999999766,13.0050000000001,0.0793232323229987,0.129303030303034,0,FALSE,FALSE,0.309592682354778,30.9592682354778,0,"4889;4892;4895;4898",1177,NA,NA,NA,NA,NA,""
"HPC","MD_BayesMVP_WCP","BayesMVP_NicoStan",50000,2,16,8,2,100,"3f8ed78629bdab9b833b52bd1450ea30","state_allocation_thread_setup_sampling_divergence_check","iteration_difference","main_scaling","two_run_difference",NA,4,14.7280303030303,14.7156565656562,0.29183515036918,0.26824999999991,14.8489999999999,0.120969696969606,0.147280303030303,0.263000000000034,14.8270000000002,0.113929292929252,0.147156565656562,0,FALSE,FALSE,0.543181935085643,54.3181935085643,0,"4890;4893;4896;4899",1178,NA,NA,NA,NA,NA,""
"HPC","MD_BayesMVP_WCP","BayesMVP_NicoStan",50000,2,32,16,2,100,"3f8ed78629bdab9b833b52bd1450ea30","state_allocation_thread_setup_sampling_divergence_check","iteration_difference","main_scaling","two_run_difference",NA,4,22.0669191919193,22.1368686868689,0.347669836980381,0.550999999999931,22.39725,0.330330808080738,0.220669191919193,0.454499999999939,22.3700000000001,0.23313131313125,0.221368686868689,0,FALSE,FALSE,0.725067231218169,72.5067231218169,0,"4891;4894;4897;4900",1179,NA,NA,NA,NA,NA,""
"HPC","MD_BayesMVP_WCP","BayesMVP_NicoStan",50000,8,32,4,8,100,"3f8ed78629bdab9b833b52bd1450ea30","state_allocation_thread_setup_sampling_divergence_check","iteration_difference","main_scaling","two_run_difference",NA,4,4.82803030303034,4.79242424242426,0.143842486133153,0.184250000000077,4.96400000000011,0.135969696969773,0.0482803030303034,0.185500000000161,4.92750000000001,0.136863636363797,0.0479242424242426,0,FALSE,FALSE,0.828495214184836,82.8495214184836,0,"4901;4905;4909;4913",1180,NA,NA,NA,NA,NA,""
"HPC","MD_BayesMVP_WCP","BayesMVP_NicoStan",50000,8,64,8,8,100,"3f8ed78629bdab9b833b52bd1450ea30","state_allocation_thread_setup_sampling_divergence_check","iteration_difference","main_scaling","two_run_difference",NA,4,6.72398989898989,6.73888888888881,0.36950315520896,0.252749999999935,6.90949999999992,0.185510101010036,0.0672398989898989,0.221999999999866,6.88249999999982,0.155707070706936,0.0673888888888881,0,FALSE,FALSE,1.18976978255155,118.976978255155,0,"4902;4906;4910;4914",1181,NA,NA,NA,NA,NA,""
"HPC","MD_BayesMVP_WCP","BayesMVP_NicoStan",50000,6,96,16,6,100,"3f8ed78629bdab9b833b52bd1450ea30","state_allocation_thread_setup_sampling_divergence_check","iteration_difference","main_scaling","two_run_difference",NA,4,15.6545454545452,15.561111111111,0.346130238827244,0.505000000000223,16.0029999999999,0.348454545454771,0.156545454545452,0.482000000000085,15.8775000000002,0.326989898989988,0.15561111111111,0,FALSE,FALSE,1.0220673635308,102.20673635308,0,"4903;4907;4911;4915",1182,NA,NA,NA,NA,NA,""
"HPC","MD_BayesMVP_WCP","BayesMVP_NicoStan",50000,8,128,16,8,100,"3f8ed78629bdab9b833b52bd1450ea30","state_allocation_thread_setup_sampling_divergence_check","iteration_difference","main_scaling","two_run_difference",NA,4,15.3151515151513,15.1202020202016,0.64416573562212,0.447249999999997,15.6092499999997,0.294098484848484,0.153151515151513,0.413000000000125,15.3129999999996,0.263050505050632,0.151202020202016,0,FALSE,FALSE,1.04471705579741,104.471705579741,0,"4904;4908;4912;4916",1183,NA,NA,NA,NA,NA,""
"HPC","MD_BayesMVP_WCP","BayesMVP_NicoStan",50000,16,64,4,16,100,"3f8ed78629bdab9b833b52bd1450ea30","state_allocation_thread_setup_sampling_divergence_check","iteration_difference","main_scaling","two_run_difference",NA,4,3.6742424242419,3.68434343434278,0.10759828094404,0.161000000000286,3.79849999999976,0.124257575757867,0.036742424242419,0.154500000000326,3.8149999999996,0.117858585858915,0.0368434343434278,0,FALSE,FALSE,1.08865979381459,108.865979381459,0,"4917;4923;4929;4935",1184,NA,NA,NA,NA,NA,""
"HPC","MD_BayesMVP_WCP","BayesMVP_NicoStan",50000,24,96,4,24,100,"3f8ed78629bdab9b833b52bd1450ea30","state_allocation_thread_setup_sampling_divergence_check","iteration_difference","main_scaling","two_run_difference",NA,4,3.61287878787896,3.68434343434336,0.209544028290934,0.144249999999886,3.72100000000006,0.108121212121096,0.0361287878787896,0.128499999999804,3.7645,0.0931060606058605,0.0368434343434336,0,FALSE,FALSE,1.10715034598443,110.715034598443,0,"4918;4924;4930;4936",1185,NA,NA,NA,NA,NA,""
"HPC","MD_BayesMVP_WCP","BayesMVP_NicoStan",50000,12,96,8,12,100,"3f8ed78629bdab9b833b52bd1450ea30","state_allocation_thread_setup_sampling_divergence_check","iteration_difference","main_scaling","two_run_difference",NA,4,6.62222222222226,6.63939393939392,0.184230166761279,0.247500000000059,6.8035000000001,0.181277777777836,0.0662222222222226,0.210500000000138,6.78350000000012,0.144106060606199,0.0663939393939392,0,FALSE,FALSE,1.20805369127516,120.805369127516,0,"4919;4925;4931;4937",1186,NA,NA,NA,NA,NA,""
"HPC","MD_BayesMVP_WCP","BayesMVP_NicoStan",50000,16,128,8,16,100,"3f8ed78629bdab9b833b52bd1450ea30","state_allocation_thread_setup_sampling_divergence_check","iteration_difference","main_scaling","two_run_difference",NA,4,6.31287878787897,6.38030303030293,0.220991964920521,0.219999999999914,6.46975000000009,0.156871212121124,0.0631287878787897,0.204999999999927,6.52149999999983,0.142838383838307,0.0638030303030293,0,FALSE,FALSE,1.26725069002757,126.725069002757,0,"4920;4926;4932;4938",1187,NA,NA,NA,NA,NA,""
"HPC","MD_BayesMVP_WCP","BayesMVP_NicoStan",50000,22,176,8,22,100,"3f8ed78629bdab9b833b52bd1450ea30","state_allocation_thread_setup_sampling_divergence_check","iteration_difference","main_scaling","two_run_difference",NA,4,6.49747474747475,6.39949494949486,0.379767980045746,0.225249999999846,6.65774999999985,0.160275252525099,0.0649747474747475,0.217999999999734,6.55199999999979,0.155974747474479,0.0639949494949486,0,FALSE,FALSE,1.23124757092888,123.124757092888,0,"4921;4927;4933;4939",1188,NA,NA,NA,NA,NA,""
"HPC","MD_BayesMVP_WCP","BayesMVP_NicoStan",50000,11,176,16,11,100,"3f8ed78629bdab9b833b52bd1450ea30","state_allocation_thread_setup_sampling_divergence_check","iteration_difference","main_scaling","two_run_difference",NA,4,14.3401515151512,14.3838383838382,0.152683208062782,0.523500000000126,14.7202499999998,0.380098484848615,0.143401515151512,0.492500000000177,14.7719999999999,0.348262626262806,0.143838383838382,0,FALSE,FALSE,1.11574832267951,111.574832267951,0,"4922;4928;4934;4940",1189,NA,NA,NA,NA,NA,""
"HPC","MD_BayesMVP_WCP","BayesMVP_NicoStan",50000,32,128,4,32,100,"3f8ed78629bdab9b833b52bd1450ea30","state_allocation_thread_setup_sampling_divergence_check","iteration_difference","main_scaling","two_run_difference",NA,4,4.13964646464659,4.14595959595986,0.18292661566798,0.14449999999988,4.24275,0.103103535353414,0.0413964646464659,0.147999999999683,4.26950000000022,0.107267676767358,0.0414595959595986,0,FALSE,FALSE,0.966266089184379,96.6266089184379,0,"4941;4943;4945;4947",1190,NA,NA,NA,NA,NA,""
"HPC","MD_BayesMVP_WCP","BayesMVP_NicoStan",50000,44,176,4,44,100,"3f8ed78629bdab9b833b52bd1450ea30","state_allocation_thread_setup_sampling_divergence_check","iteration_difference","main_scaling","two_run_difference",NA,4,4.1002525252526,4.14545454545459,0.187678425800671,0.175000000000011,4.23425000000009,0.133997474747485,0.041002525252526,0.185500000000047,4.28999999999985,0.144545454545262,0.0414545454545459,0,FALSE,FALSE,0.975549670505617,97.5549670505617,0,"4942;4944;4946;4948",1191,NA,NA,NA,NA,NA,""
