"device","algorithm","execution_backend","N","num_chunks","n_threads","n_chains","threads_per_chain","n_iter","dataset_md5","timing_scope","timing_estimator","benchmark_role","timing_method","stan_chunk_size","n_repeats","time_mean","time_median","time_sd","time_short_run_mean","time_long_run_mean","fixed_cost_mean","seconds_per_iteration_mean","time_short_run_median","time_long_run_median","fixed_cost_median","seconds_per_iteration_median","n_repeats_two_run_flagged","time_mean_not_positive","time_median_not_positive","chain_rate","total_iter_per_sec","max_divergences","case_ids","configuration_id","selected_best_chunks","relative_chunk_throughput"
"HPC","AD_Stan_WCP","NicoStan_BridgeStan",500,4,8,4,2,800,"5fff1836d43ae39c037ca22d13a50ed5","NicoStan_BridgeStan_state_allocation_thread_setup_sampling_model_load_divergence_check","iteration_difference","main_scaling","two_run_difference",125,4,1.7819774718398,1.78222778473092,0.0012598805899498,0.0147499999999994,1.7945,0.0125225281601996,0.00222747183979975,0.0145,1.7935,0.0122734668335419,0.00222778473091365,0,FALSE,FALSE,2.24469728894508,1795.75783115606,0,"2065;2067;2069;2071",517,TRUE,1
"HPC","AD_Stan_WCP","NicoStan_BridgeStan",500,4,16,8,2,800,"5fff1836d43ae39c037ca22d13a50ed5","NicoStan_BridgeStan_state_allocation_thread_setup_sampling_model_load_divergence_check","iteration_difference","main_scaling","two_run_difference",125,4,1.95219023779725,1.95193992490613,0.00250312891113769,0.0177500000000004,1.9675,0.0153097622027538,0.00244023779724656,0.017000000000003,1.967,0.0145600750938704,0.00243992490613266,0,FALSE,FALSE,4.09796127708681,3278.36902166945,0,"2073;2075;2077;2079",519,TRUE,1
"HPC","AD_Stan_WCP","NicoStan_BridgeStan",500,4,32,16,2,800,"5fff1836d43ae39c037ca22d13a50ed5","NicoStan_BridgeStan_state_allocation_thread_setup_sampling_model_load_divergence_check","iteration_difference","main_scaling","two_run_difference",125,4,2.22202753441802,2.21476846057572,0.0989851664736413,0.0200000000000031,2.23925,0.0172224655819806,0.00277753441802252,0.0200000000000031,2.2325,0.0172102628285388,0.00276846057571965,0,FALSE,FALSE,7.20063084375353,5760.50467500282,0,"2081;2083;2085;2087",521,TRUE,1
"HPC","AD_Stan_WCP","NicoStan_BridgeStan",500,4,64,32,2,400,"5fff1836d43ae39c037ca22d13a50ed5","NicoStan_BridgeStan_state_allocation_thread_setup_sampling_model_load_divergence_check","iteration_difference","main_scaling","two_run_difference",125,4,1.44310776942356,1.45112781954888,0.056452764813229,0.0257500000000022,1.46525,0.0221422305764433,0.00360776942355889,0.0265000000000057,1.4725,0.0227969924812088,0.00362781954887219,0,FALSE,FALSE,22.1743660993401,8869.74643973603,0,"2093;2095;2097;2099",524,TRUE,1
"HPC","AD_Stan_WCP","NicoStan_BridgeStan",500,4,96,48,2,400,"5fff1836d43ae39c037ca22d13a50ed5","NicoStan_BridgeStan_state_allocation_thread_setup_sampling_model_load_divergence_check","iteration_difference","main_scaling","two_run_difference",125,4,1.83483709273182,1.84611528822055,0.0400950288997866,0.0315000000000047,1.86175,0.0269129072681752,0.00458709273182955,0.0320000000000036,1.8705,0.0274862155388507,0.00461528822055137,0,FALSE,FALSE,26.1603606064746,10464.1442425899,0,"2105;2106;2107;2108",527,TRUE,1
"HPC","AD_Stan_WCP","NicoStan_BridgeStan",500,4,128,64,2,400,"5fff1836d43ae39c037ca22d13a50ed5","NicoStan_BridgeStan_state_allocation_thread_setup_sampling_model_load_divergence_check","iteration_difference","main_scaling","two_run_difference",125,4,2.26541353383459,2.23358395989975,0.0735385781719285,0.0330000000000013,2.29275,0.0273364661654148,0.00566353383458647,0.0335000000000036,2.2595,0.0279248120300788,0.00558395989974938,0,FALSE,FALSE,28.2509127115831,11300.3650846333,0,"2109;2110;2111;2112",528,TRUE,1
"HPC","AD_Stan_WCP","NicoStan_BridgeStan",500,10,16,4,4,800,"5fff1836d43ae39c037ca22d13a50ed5","NicoStan_BridgeStan_state_allocation_thread_setup_sampling_model_load_divergence_check","iteration_difference","main_scaling","two_run_difference",50,4,1.1712140175219,1.17396745932416,0.019179042758346,0.0105000000000004,1.18025,0.00903598247809802,0.00146401752190238,0.0114999999999981,1.184,0.0100325406758429,0.0014674593241552,0,FALSE,FALSE,3.41525967086984,2732.20773669587,0,"2118;2121;2124;2127",531,TRUE,1
"HPC","AD_Stan_WCP","NicoStan_BridgeStan",500,10,32,4,8,800,"5fff1836d43ae39c037ca22d13a50ed5","NicoStan_BridgeStan_state_allocation_thread_setup_sampling_model_load_divergence_check","iteration_difference","main_scaling","two_run_difference",50,4,0.874092615769713,0.87459324155194,0.00970749408243779,0.00900000000000034,0.882000000000001,0.0079073842302882,0.00109261576971214,0.00850000000000151,0.882000000000001,0.00740675844806158,0.00109324155193992,0,FALSE,FALSE,4.57617411225658,3660.93928980526,0,"2119;2122;2125;2128",532,TRUE,1
"HPC","AD_Stan_WCP","NicoStan_BridgeStan",500,10,32,8,4,800,"5fff1836d43ae39c037ca22d13a50ed5","NicoStan_BridgeStan_state_allocation_thread_setup_sampling_model_load_divergence_check","iteration_difference","main_scaling","two_run_difference",50,4,1.26107634543179,1.26057571964957,0.00580956034560649,0.0129999999999999,1.2725,0.0114236545682102,0.00157634543178974,0.0124999999999993,1.2715,0.0109242803504373,0.00157571964956196,0,FALSE,FALSE,6.34378721714966,5075.02977371973,0,"2130;2133;2136;2139",534,TRUE,1
"HPC","AD_Stan_WCP","NicoStan_BridgeStan",500,10,64,16,4,800,"5fff1836d43ae39c037ca22d13a50ed5","NicoStan_BridgeStan_state_allocation_thread_setup_sampling_model_load_divergence_check","iteration_difference","main_scaling","two_run_difference",50,4,1.56595744680851,1.56996245306633,0.0276026007551226,0.0167499999999983,1.58075,0.0147925531914876,0.00195744680851064,0.0165000000000006,1.5845,0.0145375469336677,0.00196245306633291,0,FALSE,FALSE,10.2173913043478,8173.91304347824,0,"2142;2146;2150;2154",537,TRUE,1
"HPC","AD_Stan_WCP","NicoStan_BridgeStan",500,10,96,24,4,400,"5fff1836d43ae39c037ca22d13a50ed5","NicoStan_BridgeStan_state_allocation_thread_setup_sampling_model_load_divergence_check","iteration_difference","main_scaling","two_run_difference",50,4,0.995238095238096,0.994486215538837,0.0118158310497771,0.0217500000000008,1.0145,0.0192619047619056,0.00248809523809524,0.0215000000000032,1.013,0.0190350877192943,0.00248621553884709,0,FALSE,FALSE,24.1148325358851,9645.93301435406,0,"2157;2158;2159;2160",540,TRUE,1
"HPC","AD_Stan_WCP","NicoStan_BridgeStan",500,10,128,32,4,400,"5fff1836d43ae39c037ca22d13a50ed5","NicoStan_BridgeStan_state_allocation_thread_setup_sampling_model_load_divergence_check","iteration_difference","main_scaling","two_run_difference",50,4,1.27944862155389,1.2781954887218,0.0125313283208058,0.0229999999999961,1.29925,0.0198013784461114,0.00319862155388472,0.0234999999999985,1.29849999999999,0.020304511278194,0.00319548872180449,0,FALSE,FALSE,25.0107737512242,10004.3095004897,0,"2162;2164;2166;2168",542,TRUE,1
"HPC","AD_Stan_WCP","NicoStan_BridgeStan",500,10,180,45,4,400,"5fff1836d43ae39c037ca22d13a50ed5","NicoStan_BridgeStan_state_allocation_thread_setup_sampling_model_load_divergence_check","iteration_difference","main_scaling","two_run_difference",50,4,1.63834586466166,1.62406015037594,0.0421002901148651,0.0262499999999974,1.6605,0.0221541353383433,0.00409586466165414,0.0264999999999986,1.646,0.0223634085213019,0.00406015037593986,0,FALSE,FALSE,27.466727856815,10986.691142726,0,"2169;2170;2171;2172",543,TRUE,1
"HPC","AD_Stan_WCP","NicoStan_BridgeStan",500,10,180,90,2,400,"5fff1836d43ae39c037ca22d13a50ed5","NicoStan_BridgeStan_state_allocation_thread_setup_sampling_model_load_divergence_check","iteration_difference","main_scaling","two_run_difference",50,4,3.06691729323309,3.06666666666668,0.0455919966590549,0.0339999999999989,3.09325,0.0263327067669162,0.00766729323308272,0.0335000000000036,3.09200000000001,0.0258245614035124,0.0076666666666667,0,FALSE,FALSE,29.3454278009315,11738.1711203726,0,"2181;2182;2183;2184",546,TRUE,1
"HPC","AD_Stan_WCP","NicoStan_BridgeStan",2500,4,8,4,2,200,"229e14792b0f4550a6f1e0887b422826","NicoStan_BridgeStan_state_allocation_thread_setup_sampling_model_load_divergence_check","iteration_difference","main_scaling","two_run_difference",625,4,1.94824120603015,1.94371859296483,0.0224205465752182,0.0470000000000006,1.9855,0.0372587939698499,0.00974120603015074,0.0489999999999924,1.978,0.0392185929648165,0.00971859296482414,0,FALSE,FALSE,2.05313386639154,410.626773278308,0,"2185;2187;2189;2191",547,TRUE,1
"HPC","AD_Stan_WCP","NicoStan_BridgeStan",2500,4,16,8,2,200,"229e14792b0f4550a6f1e0887b422826","NicoStan_BridgeStan_state_allocation_thread_setup_sampling_model_load_divergence_check","iteration_difference","main_scaling","two_run_difference",625,4,2.17336683417086,2.17738693467336,0.103520840397099,0.0554999999999986,2.218,0.0446331658291443,0.0108668341708543,0.0574999999999974,2.21849999999999,0.0466105527638165,0.0108869346733668,0,FALSE,FALSE,3.68092485549133,736.184971098265,0,"2193;2195;2197;2199",549,TRUE,1
"HPC","AD_Stan_WCP","NicoStan_BridgeStan",2500,10,16,4,4,200,"229e14792b0f4550a6f1e0887b422826","NicoStan_BridgeStan_state_allocation_thread_setup_sampling_model_load_divergence_check","iteration_difference","main_scaling","two_run_difference",250,4,1.09623115577889,1.0934673366834,0.0131392061433983,0.043250000000004,1.134,0.0377688442211095,0.00548115577889447,0.0474999999999994,1.137,0.0420552763819089,0.00546733668341702,0,FALSE,FALSE,3.64886545954618,729.773091909237,0,"2238;2241;2244;2247",561,TRUE,1
"HPC","AD_Stan_WCP","NicoStan_BridgeStan",2500,10,32,4,8,200,"229e14792b0f4550a6f1e0887b422826","NicoStan_BridgeStan_state_allocation_thread_setup_sampling_model_load_divergence_check","iteration_difference","main_scaling","two_run_difference",250,4,0.787688442211057,0.786432160804019,0.00958293784950924,0.0382499999999979,0.821999999999999,0.0343115577889426,0.00393844221105528,0.0380000000000038,0.822500000000005,0.0340804020100541,0.00393216080402009,0,FALSE,FALSE,5.07814992025517,1015.62998405103,0,"2239;2242;2245;2248",562,TRUE,1
"HPC","AD_Stan_WCP","NicoStan_BridgeStan",2500,10,32,8,4,200,"229e14792b0f4550a6f1e0887b422826","NicoStan_BridgeStan_state_allocation_thread_setup_sampling_model_load_divergence_check","iteration_difference","main_scaling","two_run_difference",250,4,1.28341708542713,1.28844221105527,0.0121714587099239,0.0495000000000019,1.3265,0.0430829145728662,0.00641708542713565,0.0480000000000018,1.32799999999999,0.0415577889447254,0.00644221105527636,0,FALSE,FALSE,6.23335943617857,1246.67188723571,0,"2250;2253;2256;2259",564,TRUE,1
"HPC","AD_Stan_WCP","NicoStan_BridgeStan",2500,10,32,16,2,200,"229e14792b0f4550a6f1e0887b422826","NicoStan_BridgeStan_state_allocation_thread_setup_sampling_model_load_divergence_check","iteration_difference","main_scaling","two_run_difference",250,4,2.43492462311557,2.44120603015074,0.105533620313809,0.058250000000001,2.48099999999999,0.0460753768844232,0.0121746231155779,0.0579999999999927,2.48699999999998,0.045793969849239,0.0122060301507537,0,FALSE,FALSE,6.57104529976268,1314.20905995254,0,"2261;2265;2269;2273",566,TRUE,1
"HPC","AD_Stan_WCP","NicoStan_BridgeStan",2500,10,64,16,4,200,"229e14792b0f4550a6f1e0887b422826","NicoStan_BridgeStan_state_allocation_thread_setup_sampling_model_load_divergence_check","iteration_difference","main_scaling","two_run_difference",250,4,1.52788944723619,1.5246231155779,0.0177024270892368,0.0589999999999975,1.57925,0.0513605527638166,0.00763944723618093,0.0589999999999975,1.57650000000001,0.0512914572864297,0.0076231155778895,0,FALSE,FALSE,10.4719618483802,2094.39236967603,0,"2262;2266;2270;2274",567,TRUE,1
"HPC","AD_Stan_WCP","NicoStan_BridgeStan",2500,10,64,32,2,100,"229e14792b0f4550a6f1e0887b422826","NicoStan_BridgeStan_state_allocation_thread_setup_sampling_model_load_divergence_check","iteration_difference","main_scaling","two_run_difference",250,4,1.59419191919193,1.58333333333333,0.0525341549047126,0.0734999999999957,1.65175000000001,0.0575580808080764,0.0159419191919193,0.0749999999999886,1.63900000000001,0.0592424242424126,0.0158333333333333,0,FALSE,FALSE,20.0728655156026,2007.28655156026,0,"2281;2283;2285;2287",571,TRUE,1
"HPC","AD_Stan_WCP","NicoStan_BridgeStan",2500,25,64,8,8,200,"229e14792b0f4550a6f1e0887b422826","NicoStan_BridgeStan_state_allocation_thread_setup_sampling_model_load_divergence_check","iteration_difference","main_scaling","two_run_difference",100,4,0.838442211055274,0.824623115577885,0.0403963011708699,0.046999999999997,0.881249999999994,0.0428077889447207,0.00419221105527637,0.0444999999999993,0.864499999999992,0.0402060301507531,0.00412311557788943,0,FALSE,FALSE,9.54150434522029,1908.30086904406,0,"2319;2322;2325;2328",582,TRUE,1
"HPC","AD_Stan_WCP","NicoStan_BridgeStan",2500,25,96,16,6,200,"229e14792b0f4550a6f1e0887b422826","NicoStan_BridgeStan_state_allocation_thread_setup_sampling_model_load_divergence_check","iteration_difference","main_scaling","two_run_difference",100,4,1.42914572864321,1.4321608040201,0.0266915702338871,0.0692500000000038,1.49125,0.0621042713567877,0.00714572864321607,0.0674999999999955,1.491,0.0604648241205984,0.00716080402010049,0,FALSE,FALSE,11.1954992967651,2239.09985935303,0,"2331;2335;2339;2343",585,TRUE,1
"HPC","AD_Stan_WCP","NicoStan_BridgeStan",2500,25,128,16,8,200,"229e14792b0f4550a6f1e0887b422826","NicoStan_BridgeStan_state_allocation_thread_setup_sampling_model_load_divergence_check","iteration_difference","main_scaling","two_run_difference",100,4,1.41633165829145,1.41758793969849,0.00552763819095169,0.065250000000006,1.4745,0.0581683417085488,0.00708165829145725,0.0655000000000001,1.476,0.0584271356784064,0.00708793969849246,0,FALSE,FALSE,11.2967890722016,2259.35781444032,0,"2332;2336;2340;2344",586,TRUE,1
"HPC","AD_Stan_WCP","NicoStan_BridgeStan",2500,25,96,24,4,100,"229e14792b0f4550a6f1e0887b422826","NicoStan_BridgeStan_state_allocation_thread_setup_sampling_model_load_divergence_check","iteration_difference","main_scaling","two_run_difference",100,4,1.04570707070708,1.04545454545454,0.0112593418230569,0.0730000000000075,1.10825000000001,0.0625429292929367,0.0104570707070708,0.0725000000000193,1.10900000000001,0.0621212121212317,0.0104545454545454,0,FALSE,FALSE,22.9509780246316,2295.09780246316,0,"2345;2346;2347;2348",587,TRUE,1
"HPC","AD_Stan_WCP","NicoStan_BridgeStan",2500,25,128,32,4,100,"229e14792b0f4550a6f1e0887b422826","NicoStan_BridgeStan_state_allocation_thread_setup_sampling_model_load_divergence_check","iteration_difference","main_scaling","two_run_difference",100,4,1.40202020202021,1.39444444444446,0.0262496730552625,0.0744999999999862,1.46249999999999,0.0604797979797842,0.0140202020202021,0.0745000000000005,1.45599999999999,0.0603585858585865,0.0139444444444446,0,FALSE,FALSE,22.8242074927953,2282.42074927953,0,"2350;2352;2354;2356",589,TRUE,1
"HPC","AD_Stan_WCP","NicoStan_BridgeStan",2500,25,180,45,4,100,"229e14792b0f4550a6f1e0887b422826","NicoStan_BridgeStan_state_allocation_thread_setup_sampling_model_load_divergence_check","iteration_difference","main_scaling","two_run_difference",100,4,1.79898989898992,1.78232323232323,0.0343533358671841,0.0844999999999771,1.8655,0.066510101010078,0.0179898989898992,0.0844999999999914,1.8485,0.0666818181818094,0.0178232323232323,0,FALSE,FALSE,25.0140370578324,2501.40370578324,0,"2357;2358;2359;2360",590,TRUE,1
"HPC","AD_Stan_WCP","NicoStan_BridgeStan",2500,25,96,48,2,100,"229e14792b0f4550a6f1e0887b422826","NicoStan_BridgeStan_state_allocation_thread_setup_sampling_model_load_divergence_check","iteration_difference","main_scaling","two_run_difference",100,4,2.07146464646461,2.0671717171717,0.0334746011713121,0.0852500000000163,2.13599999999998,0.0645353535353701,0.0207146464646461,0.0860000000000127,2.13249999999999,0.0653282828282958,0.020671717171717,0,FALSE,FALSE,23.1720102401564,2317.20102401564,0,"2361;2362;2363;2364",591,TRUE,1
"HPC","AD_Stan_WCP","NicoStan_BridgeStan",2500,25,128,64,2,100,"229e14792b0f4550a6f1e0887b422826","NicoStan_BridgeStan_state_allocation_thread_setup_sampling_model_load_divergence_check","iteration_difference","main_scaling","two_run_difference",100,4,2.619696969697,2.58888888888896,0.0742887919522916,0.0942499999999882,2.68775000000002,0.0680530303030181,0.02619696969697,0.0935000000000059,2.65800000000004,0.0671313131313021,0.0258888888888896,0,FALSE,FALSE,24.4303065355694,2443.03065355694,0,"2365;2366;2367;2368",592,TRUE,1
"HPC","AD_Stan_WCP","NicoStan_BridgeStan",2500,25,180,90,2,100,"229e14792b0f4550a6f1e0887b422826","NicoStan_BridgeStan_state_allocation_thread_setup_sampling_model_load_divergence_check","iteration_difference","main_scaling","two_run_difference",100,4,3.42348484848484,3.37222222222226,0.109884180894634,0.112250000000017,3.50150000000001,0.0780151515151689,0.0342348484848484,0.113499999999988,3.45250000000001,0.0797777777777651,0.0337222222222226,0,FALSE,FALSE,26.2890019915911,2628.90019915911,0,"2369;2370;2371;2372",593,TRUE,1
"HPC","AD_Stan_WCP","NicoStan_BridgeStan",10000,4,96,24,4,10,"b97502ef4c1796520d0acd01a82ea24d","NicoStan_BridgeStan_state_allocation_thread_setup_sampling_model_load_divergence_check","iteration_difference","main_scaling","two_run_difference",2500,4,0.989166666666613,0.988888888888874,0.0104772927109824,0.220000000000027,1.11024999999998,0.121083333333366,0.0989166666666613,0.22100000000006,1.11000000000001,0.122666666666734,0.0988888888888874,0,FALSE,FALSE,24.2628475147444,242.628475147444,0,"2601;2602;2603;2604",651,TRUE,1
"HPC","AD_Stan_WCP","NicoStan_BridgeStan",10000,4,128,32,4,10,"b97502ef4c1796520d0acd01a82ea24d","NicoStan_BridgeStan_state_allocation_thread_setup_sampling_model_load_divergence_check","iteration_difference","main_scaling","two_run_difference",2500,4,1.26111111111113,1.26444444444448,0.0232891998848693,0.266249999999957,1.40124999999998,0.140138888888844,0.126111111111113,0.26849999999996,1.4015,0.14322222222217,0.126444444444448,0,FALSE,FALSE,25.3744493392066,253.744493392066,0,"2606;2608;2610;2612",653,TRUE,1
"HPC","AD_Stan_WCP","NicoStan_BridgeStan",10000,4,180,45,4,10,"b97502ef4c1796520d0acd01a82ea24d","NicoStan_BridgeStan_state_allocation_thread_setup_sampling_model_load_divergence_check","iteration_difference","main_scaling","two_run_difference",2500,4,1.81388888888885,1.81333333333334,0.0259550101413345,0.353000000000009,1.98549999999997,0.171611111111124,0.181388888888885,0.352499999999964,1.98050000000001,0.173333333333296,0.181333333333334,0,FALSE,FALSE,24.8085758039822,248.085758039822,0,"2613;2614;2615;2616",654,TRUE,1
"HPC","AD_Stan_WCP","NicoStan_BridgeStan",10000,10,8,4,2,80,"b97502ef4c1796520d0acd01a82ea24d","NicoStan_BridgeStan_state_allocation_thread_setup_sampling_model_load_divergence_check","iteration_difference","main_scaling","two_run_difference",1000,4,2.92151898734175,2.91898734177212,0.0336369233238536,0.113,2.99799999999998,0.0764810126582277,0.0365189873417719,0.111500000000007,2.99849999999995,0.0750126582278551,0.0364873417721515,0,FALSE,FALSE,1.36915077989602,109.532062391682,0,"2629;2632;2635;2638",658,TRUE,1
"HPC","AD_Stan_WCP","NicoStan_BridgeStan",10000,10,16,8,2,80,"b97502ef4c1796520d0acd01a82ea24d","NicoStan_BridgeStan_state_allocation_thread_setup_sampling_model_load_divergence_check","iteration_difference","main_scaling","two_run_difference",1000,4,3.20025316455694,3.20202531645564,0.0717506051196805,0.122500000000016,3.28274999999999,0.0824968354430548,0.0400031645569617,0.120000000000005,3.28199999999998,0.0799556962025362,0.0400253164556956,0,FALSE,FALSE,2.49980223083619,199.984178466895,0,"2641;2644;2647;2650",661,TRUE,1
"HPC","AD_Stan_WCP","NicoStan_BridgeStan",10000,25,16,4,4,80,"b97502ef4c1796520d0acd01a82ea24d","NicoStan_BridgeStan_state_allocation_thread_setup_sampling_model_load_divergence_check","iteration_difference","main_scaling","two_run_difference",400,4,1.57696202531647,1.57873417721522,0.013135313185867,0.112499999999997,1.66975000000001,0.0927879746835413,0.0197120253164558,0.114499999999992,1.66550000000001,0.0947531645569545,0.0197341772151902,0,FALSE,FALSE,2.53652271632684,202.921817306147,0,"2698;2703;2708;2713",676,TRUE,1
"HPC","AD_Stan_WCP","NicoStan_BridgeStan",10000,25,32,8,4,80,"b97502ef4c1796520d0acd01a82ea24d","NicoStan_BridgeStan_state_allocation_thread_setup_sampling_model_load_divergence_check","iteration_difference","main_scaling","two_run_difference",400,4,1.83544303797467,1.84050632911392,0.0192582640683254,0.121000000000009,1.9335,0.098056962025326,0.0229430379746834,0.115999999999985,1.93349999999998,0.0929936708860614,0.023006329113924,0,FALSE,FALSE,4.35862068965521,348.689655172417,0,"2718;2724;2730;2736",681,TRUE,1
"HPC","AD_Stan_WCP","NicoStan_BridgeStan",10000,25,32,16,2,80,"b97502ef4c1796520d0acd01a82ea24d","NicoStan_BridgeStan_state_allocation_thread_setup_sampling_model_load_divergence_check","iteration_difference","main_scaling","two_run_difference",400,4,3.64708860759494,3.64506329113925,0.0930195165248642,0.140500000000003,3.742,0.0949113924050662,0.0455886075949367,0.138499999999993,3.74250000000001,0.0927151898734109,0.0455632911392406,0,FALSE,FALSE,4.38706094682771,350.964875746217,0,"2741;2746;2751;2756",686,TRUE,1
"HPC","AD_Stan_WCP","NicoStan_BridgeStan",10000,50,32,4,8,80,"b97502ef4c1796520d0acd01a82ea24d","NicoStan_BridgeStan_state_allocation_thread_setup_sampling_model_load_divergence_check","iteration_difference","main_scaling","two_run_difference",200,4,1.07822784810126,1.09367088607593,0.05861985090245,0.104500000000044,1.16925000000003,0.0910221518987785,0.0134778481012657,0.105500000000063,1.18100000000001,0.0914746835443677,0.0136708860759492,0,FALSE,FALSE,3.70979103075843,296.783282460674,0,"2791;2798;2805;2812",700,TRUE,1
"HPC","AD_Stan_WCP","NicoStan_BridgeStan",10000,50,96,8,12,80,"b97502ef4c1796520d0acd01a82ea24d","NicoStan_BridgeStan_state_allocation_thread_setup_sampling_model_load_divergence_check","iteration_difference","main_scaling","two_run_difference",200,4,1.27721518987346,1.26582278481018,0.0346024491589134,0.127749999999992,1.38900000000004,0.111784810126574,0.0159651898734183,0.127999999999986,1.37850000000003,0.112253164556948,0.0158227848101273,0,FALSE,FALSE,6.26362735381543,501.090188305234,0,"2820;2826;2832;2838",708,TRUE,1
"HPC","AD_Stan_WCP","NicoStan_BridgeStan",10000,50,128,8,16,80,"b97502ef4c1796520d0acd01a82ea24d","NicoStan_BridgeStan_state_allocation_thread_setup_sampling_model_load_divergence_check","iteration_difference","main_scaling","two_run_difference",200,4,1.3372151898734,1.30835443037972,0.0804558927009236,0.120249999999999,1.44074999999998,0.103534810126581,0.0167151898734175,0.121500000000026,1.40949999999998,0.104291139240533,0.0163544303797465,0,FALSE,FALSE,5.98258235516858,478.606588413487,0,"2821;2827;2833;2839",709,TRUE,1
"HPC","AD_Stan_WCP","NicoStan_BridgeStan",10000,50,64,16,4,80,"b97502ef4c1796520d0acd01a82ea24d","NicoStan_BridgeStan_state_allocation_thread_setup_sampling_model_load_divergence_check","iteration_difference","main_scaling","two_run_difference",200,4,2.3701265822785,2.37265822784812,0.0315986149540892,0.136999999999972,2.47749999999999,0.107373417721491,0.0296265822784813,0.137499999999989,2.48149999999998,0.108126582278469,0.0296582278481015,0,FALSE,FALSE,6.75069429609052,540.055543687242,0,"2842;2847;2852;2857",712,TRUE,1
"HPC","AD_Stan_WCP","NicoStan_BridgeStan",10000,50,96,16,6,80,"b97502ef4c1796520d0acd01a82ea24d","NicoStan_BridgeStan_state_allocation_thread_setup_sampling_model_load_divergence_check","iteration_difference","main_scaling","two_run_difference",200,4,2.17949367088611,2.18177215189872,0.0383687013039706,0.143749999999983,2.29600000000002,0.116506329113907,0.0272436708860764,0.14749999999998,2.29199999999997,0.120132911392384,0.027272151898734,0,FALSE,FALSE,7.34115460564513,587.29236845161,0,"2843;2848;2853;2858",713,TRUE,1
"HPC","AD_Stan_WCP","NicoStan_BridgeStan",10000,50,64,32,2,20,"b97502ef4c1796520d0acd01a82ea24d","NicoStan_BridgeStan_state_allocation_thread_setup_sampling_model_load_divergence_check","iteration_difference","main_scaling","two_run_difference",200,4,1.22973684210532,1.22473684210526,0.0209537149867535,0.186249999999916,1.35449999999997,0.12476315789465,0.0614868421052662,0.184499999999957,1.35149999999987,0.122763157894688,0.0612368421052631,0,FALSE,FALSE,26.0218275197933,520.436550395866,0,"2865;2867;2869;2871",717,TRUE,1
"HPC","AD_Stan_WCP","NicoStan_BridgeStan",10000,50,96,48,2,20,"b97502ef4c1796520d0acd01a82ea24d","NicoStan_BridgeStan_state_allocation_thread_setup_sampling_model_load_divergence_check","iteration_difference","main_scaling","two_run_difference",200,4,1.53552631578948,1.53263157894739,0.0154555329750091,0.228749999999991,1.6875,0.151973684210517,0.0767763157894742,0.227999999999838,1.68600000000004,0.15099999999996,0.0766315789473693,0,FALSE,FALSE,31.2596401028276,625.192802056551,0,"2877;2878;2879;2880",720,TRUE,1
"HPC","AD_Stan_WCP","NicoStan_BridgeStan",10000,100,64,4,16,80,"b97502ef4c1796520d0acd01a82ea24d","NicoStan_BridgeStan_state_allocation_thread_setup_sampling_model_load_divergence_check","iteration_difference","main_scaling","two_run_difference",100,4,0.970886075949348,0.959999999999979,0.0536573504148031,0.108250000000027,1.06700000000001,0.0961139240506598,0.0121360759493668,0.107000000000028,1.05349999999999,0.0950253164557243,0.0119999999999997,0,FALSE,FALSE,4.11994784876149,329.595827900919,0,"2892;2899;2906;2913",726,TRUE,1
"HPC","AD_Stan_WCP","NicoStan_BridgeStan",10000,100,96,4,24,80,"b97502ef4c1796520d0acd01a82ea24d","NicoStan_BridgeStan_state_allocation_thread_setup_sampling_model_load_divergence_check","iteration_difference","main_scaling","two_run_difference",100,4,1.02860759493673,1.03493670886081,0.0794850703509301,0.104749999999967,1.12049999999999,0.0918924050632581,0.0128575949367092,0.10549999999995,1.1275,0.0923354430379693,0.0129367088607601,0,FALSE,FALSE,3.888752153581,311.10017228648,0,"2893;2900;2907;2914",727,TRUE,1
"HPC","AD_Stan_WCP","NicoStan_BridgeStan",10000,100,128,4,32,80,"b97502ef4c1796520d0acd01a82ea24d","NicoStan_BridgeStan_state_allocation_thread_setup_sampling_model_load_divergence_check","iteration_difference","main_scaling","two_run_difference",100,4,1.07772151898733,1.08354430379746,0.0660761110300676,0.110750000000024,1.17500000000001,0.0972784810126827,0.0134715189873416,0.109500000000025,1.17650000000003,0.0967215189873672,0.0135443037974683,0,FALSE,FALSE,3.71153394409213,296.92271552737,0,"2894;2901;2908;2915",728,TRUE,1
"HPC","AD_Stan_WCP","NicoStan_BridgeStan",10000,100,64,8,8,80,"b97502ef4c1796520d0acd01a82ea24d","NicoStan_BridgeStan_state_allocation_thread_setup_sampling_model_load_divergence_check","iteration_difference","main_scaling","two_run_difference",100,4,1.32582278481015,1.3225316455696,0.0335593469971233,0.124249999999961,1.43349999999998,0.107677215189834,0.0165727848101268,0.124499999999955,1.42899999999997,0.108094936708816,0.01653164556962,0,FALSE,FALSE,6.03398892495694,482.719113996556,0,"2919;2925;2931;2937",732,TRUE,1
"HPC","AD_Stan_WCP","NicoStan_BridgeStan",10000,100,176,8,22,80,"b97502ef4c1796520d0acd01a82ea24d","NicoStan_BridgeStan_state_allocation_thread_setup_sampling_model_load_divergence_check","iteration_difference","main_scaling","two_run_difference",100,4,1.41265822784808,1.41265822784814,0.00584658500445989,0.121999999999986,1.51699999999997,0.104341772151885,0.017658227848101,0.122500000000002,1.51349999999996,0.104892405063294,0.0176582278481018,0,FALSE,FALSE,5.66308243727606,453.046594982085,0,"2922;2928;2934;2940",735,TRUE,1
"HPC","AD_Stan_WCP","NicoStan_BridgeStan",10000,100,128,16,8,80,"b97502ef4c1796520d0acd01a82ea24d","NicoStan_BridgeStan_state_allocation_thread_setup_sampling_model_load_divergence_check","iteration_difference","main_scaling","two_run_difference",100,4,2.11949367088607,2.11696202531648,0.0293845430451802,0.150999999999982,2.24399999999997,0.124506329113906,0.0264936708860758,0.148500000000013,2.2475,0.122069620253178,0.026462025316456,0,FALSE,FALSE,7.54897276636411,603.917821309129,0,"2944;2949;2954;2959",739,TRUE,1
"HPC","AD_Stan_WCP","NicoStan_BridgeStan",10000,100,176,16,11,80,"b97502ef4c1796520d0acd01a82ea24d","NicoStan_BridgeStan_state_allocation_thread_setup_sampling_model_load_divergence_check","iteration_difference","main_scaling","two_run_difference",100,4,2.10936708860756,2.10177215189877,0.0266003555170669,0.14425,2.22724999999997,0.117882911392405,0.0263670886075946,0.143000000000029,2.21850000000001,0.116746835443068,0.0262721518987346,0,FALSE,FALSE,7.58521363418158,606.817090734526,0,"2945;2950;2955;2960",740,TRUE,1
"HPC","AD_Stan_WCP","NicoStan_BridgeStan",10000,100,96,24,4,20,"b97502ef4c1796520d0acd01a82ea24d","NicoStan_BridgeStan_state_allocation_thread_setup_sampling_model_load_divergence_check","iteration_difference","main_scaling","two_run_difference",100,4,0.798421052631547,0.799999999999871,0.0105438450535094,0.164750000000083,0.923250000000053,0.124828947368506,0.0399210526315773,0.162500000000023,0.927000000000021,0.122736842105287,0.0399999999999935,0,FALSE,FALSE,30.0593276203044,601.186552406089,0,"2961;2962;2963;2964",741,TRUE,1
"HPC","AD_Stan_WCP","NicoStan_BridgeStan",10000,100,128,32,4,20,"b97502ef4c1796520d0acd01a82ea24d","NicoStan_BridgeStan_state_allocation_thread_setup_sampling_model_load_divergence_check","iteration_difference","main_scaling","two_run_difference",100,4,1.06342105263162,1.06263157894749,0.0173471427339969,0.194749999999999,1.20500000000004,0.141578947368418,0.0531710526315811,0.194000000000074,1.20500000000004,0.140789473684286,0.0531315789473745,0,FALSE,FALSE,30.0915614946783,601.831229893566,0,"2966;2968;2970;2972",743,TRUE,1
"HPC","AD_Stan_WCP","NicoStan_BridgeStan",10000,100,180,45,4,20,"b97502ef4c1796520d0acd01a82ea24d","NicoStan_BridgeStan_state_allocation_thread_setup_sampling_model_load_divergence_check","iteration_difference","main_scaling","two_run_difference",100,4,1.38368421052633,1.34578947368422,0.0811482689356514,0.238000000000056,1.55250000000007,0.16881578947374,0.0691842105263163,0.236500000000092,1.51250000000005,0.169368421052725,0.067289473684211,0,FALSE,FALSE,32.5218714340051,650.437428680102,0,"2973;2974;2975;2976",744,TRUE,1
"HPC","AD_Stan_WCP","NicoStan_BridgeStan",10000,100,128,64,2,20,"b97502ef4c1796520d0acd01a82ea24d","NicoStan_BridgeStan_state_allocation_thread_setup_sampling_model_load_divergence_check","iteration_difference","main_scaling","two_run_difference",100,4,1.9573684210526,1.93842105263146,0.0517433827137755,0.27800000000002,2.13749999999999,0.18013157894739,0.0978684210526299,0.27800000000002,2.1194999999999,0.180631578947411,0.0969210526315728,0,FALSE,FALSE,32.696961548804,653.93923097608,0,"2981;2982;2983;2984",746,TRUE,1
"HPC","AD_Stan_WCP","NicoStan_BridgeStan",10000,100,180,90,2,20,"b97502ef4c1796520d0acd01a82ea24d","NicoStan_BridgeStan_state_allocation_thread_setup_sampling_model_load_divergence_check","iteration_difference","main_scaling","two_run_difference",100,4,2.61263157894728,2.58315789473667,0.100532286035678,0.400250000000028,2.88224999999994,0.269618421052664,0.130631578947364,0.409000000000106,2.84299999999985,0.279394736842152,0.129157894736834,0,FALSE,FALSE,34.4480257856579,688.960515713158,0,"2985;2986;2987;2988",747,TRUE,1
"HPC","AD_Stan_WCP","NicoStan_BridgeStan",50000,50,8,4,2,20,"3f8ed78629bdab9b833b52bd1450ea30","NicoStan_BridgeStan_state_allocation_thread_setup_sampling_model_load_divergence_check","iteration_difference","main_scaling","two_run_difference",1000,4,3.71815789473676,3.70473684210514,0.216742227040338,0.523000000000025,4.05524999999994,0.337092105263187,0.185907894736838,0.524499999999989,4.04999999999995,0.336263157894803,0.185236842105257,0,FALSE,FALSE,1.07580154292592,21.5160308585184,0,"3449;3456;3463;3470",863,TRUE,1
"HPC","AD_Stan_WCP","NicoStan_BridgeStan",50000,50,16,8,2,20,"3f8ed78629bdab9b833b52bd1450ea30","NicoStan_BridgeStan_state_allocation_thread_setup_sampling_model_load_divergence_check","iteration_difference","main_scaling","two_run_difference",1000,4,3.94578947368425,3.94842105263155,0.115740021337555,0.59499999999997,4.34350000000001,0.397710526315758,0.197289473684212,0.591499999999996,4.34299999999996,0.394078947368419,0.197421052631578,0,FALSE,FALSE,2.02747765772974,40.5495531545948,0,"3477;3483;3489;3495",870,TRUE,1
"HPC","AD_Stan_WCP","NicoStan_BridgeStan",50000,100,16,4,4,20,"3f8ed78629bdab9b833b52bd1450ea30","NicoStan_BridgeStan_state_allocation_thread_setup_sampling_model_load_divergence_check","iteration_difference","main_scaling","two_run_difference",500,4,1.95578947368427,1.96157894736847,0.0340874980807602,0.429499999999905,2.28749999999997,0.331710526315691,0.0977894736842137,0.429499999999848,2.29299999999989,0.33155263157876,0.0980789473684234,0,FALSE,FALSE,2.04520990312157,40.9041980624314,0,"3550;3557;3564;3571",889,TRUE,1
"HPC","AD_Stan_WCP","NicoStan_BridgeStan",50000,250,32,4,8,20,"3f8ed78629bdab9b833b52bd1450ea30","NicoStan_BridgeStan_state_allocation_thread_setup_sampling_model_load_divergence_check","iteration_difference","main_scaling","two_run_difference",200,4,1.17368421052621,1.17263157894716,0.130067103925327,0.407500000000027,1.52249999999992,0.348815789473717,0.0586842105263103,0.408000000000129,1.51499999999987,0.345894736842249,0.0586315789473582,0,FALSE,FALSE,3.40807174887924,68.1614349775849,0,"3651;3658;3665;3672",915,TRUE,1
"HPC","AD_Stan_WCP","NicoStan_BridgeStan",50000,250,64,4,16,20,"3f8ed78629bdab9b833b52bd1450ea30","NicoStan_BridgeStan_state_allocation_thread_setup_sampling_model_load_divergence_check","iteration_difference","main_scaling","two_run_difference",200,4,0.95736842105267,0.952631578947459,0.0809933709085124,0.417249999999967,1.32675,0.369381578947334,0.0478684210526335,0.414499999999975,1.31700000000001,0.364368421052548,0.047631578947373,0,FALSE,FALSE,4.1781198460691,83.562396921382,0,"3652;3659;3666;3673",916,TRUE,1
"HPC","AD_Stan_WCP","NicoStan_BridgeStan",50000,250,96,4,24,20,"3f8ed78629bdab9b833b52bd1450ea30","NicoStan_BridgeStan_state_allocation_thread_setup_sampling_model_load_divergence_check","iteration_difference","main_scaling","two_run_difference",200,4,0.913947368421041,0.926315789473679,0.103134171994941,0.412000000000035,1.28025000000002,0.366302631578982,0.0456973684210521,0.415000000000077,1.28899999999999,0.369921052631657,0.046315789473684,0,FALSE,FALSE,4.37661963720132,87.5323927440264,0,"3653;3660;3667;3674",917,TRUE,1
"HPC","AD_Stan_WCP","NicoStan_BridgeStan",50000,250,128,4,32,20,"3f8ed78629bdab9b833b52bd1450ea30","NicoStan_BridgeStan_state_allocation_thread_setup_sampling_model_load_divergence_check","iteration_difference","main_scaling","two_run_difference",200,4,0.928947368421105,0.959473684210575,0.0838346876158016,0.413249999999948,1.29575,0.366802631578893,0.0464473684210553,0.414999999999964,1.32050000000004,0.366210526315752,0.0479736842105288,0,FALSE,FALSE,4.30594900849834,86.1189801699668,0,"3654;3661;3668;3675",918,TRUE,1
"HPC","AD_Stan_WCP","NicoStan_BridgeStan",50000,250,32,8,4,20,"3f8ed78629bdab9b833b52bd1450ea30","NicoStan_BridgeStan_state_allocation_thread_setup_sampling_model_load_divergence_check","iteration_difference","main_scaling","two_run_difference",200,4,2.27500000000006,2.28947368421048,0.0289473684210064,0.478499999999997,2.63975000000005,0.364749999999994,0.113750000000003,0.476999999999975,2.64999999999998,0.3639736842105,0.114473684210524,0,FALSE,FALSE,3.51648351648343,70.3296703296686,0,"3678;3684;3690;3696",921,TRUE,1
"HPC","AD_Stan_WCP","NicoStan_BridgeStan",50000,250,64,8,8,20,"3f8ed78629bdab9b833b52bd1450ea30","NicoStan_BridgeStan_state_allocation_thread_setup_sampling_model_load_divergence_check","iteration_difference","main_scaling","two_run_difference",200,4,1.49473684210534,1.49210526315803,0.0351122721112631,0.458249999999964,1.87825000000004,0.383513157894697,0.074736842105267,0.460500000000025,1.87850000000003,0.385552631578973,0.0746052631579017,0,FALSE,FALSE,5.35211267605606,107.042253521121,0,"3679;3685;3691;3697",922,TRUE,1
"HPC","AD_Stan_WCP","NicoStan_BridgeStan",50000,250,96,8,12,20,"3f8ed78629bdab9b833b52bd1450ea30","NicoStan_BridgeStan_state_allocation_thread_setup_sampling_model_load_divergence_check","iteration_difference","main_scaling","two_run_difference",200,4,1.45078947368425,1.44894736842102,0.0280136492257901,0.461250000000007,1.83950000000004,0.388710526315794,0.0725394736842125,0.458999999999946,1.84700000000009,0.385263157894674,0.0724473684210508,0,FALSE,FALSE,5.5142390712859,110.284781425718,0,"3680;3686;3692;3698",923,TRUE,1
"HPC","AD_Stan_WCP","NicoStan_BridgeStan",50000,250,32,16,2,20,"3f8ed78629bdab9b833b52bd1450ea30","NicoStan_BridgeStan_state_allocation_thread_setup_sampling_model_load_divergence_check","iteration_difference","main_scaling","two_run_difference",200,4,4.46105263157901,4.4684210526317,0.103665061906062,0.661499999999933,4.89949999999999,0.438447368420982,0.22305263157895,0.658999999999878,4.89499999999998,0.435578947368293,0.223421052631585,0,FALSE,FALSE,3.58659745162808,71.7319490325616,0,"3701;3706;3711;3716",926,TRUE,1
"HPC","AD_Stan_WCP","NicoStan_BridgeStan",50000,250,64,16,4,20,"3f8ed78629bdab9b833b52bd1450ea30","NicoStan_BridgeStan_state_allocation_thread_setup_sampling_model_load_divergence_check","iteration_difference","main_scaling","two_run_difference",200,4,2.81710526315794,2.82789473684213,0.0353154887952917,0.598749999999995,3.27500000000003,0.457894736842099,0.140855263157897,0.601499999999987,3.25900000000001,0.461947368421037,0.141394736842107,0,FALSE,FALSE,5.67958897711342,113.591779542268,0,"3702;3707;3712;3717",927,TRUE,1
"HPC","AD_Stan_WCP","NicoStan_BridgeStan",50000,250,96,16,6,20,"3f8ed78629bdab9b833b52bd1450ea30","NicoStan_BridgeStan_state_allocation_thread_setup_sampling_model_load_divergence_check","iteration_difference","main_scaling","two_run_difference",200,4,2.58157894736847,2.59105263157895,0.0708659014802771,0.59174999999999,3.04425000000003,0.462671052631567,0.129078947368423,0.593999999999937,3.04750000000001,0.46421052631572,0.129552631578947,0,FALSE,FALSE,6.19775739041783,123.955147808357,0,"3703;3708;3713;3718",928,TRUE,1
"HPC","AD_Stan_WCP","NicoStan_BridgeStan",50000,250,64,32,2,5,"3f8ed78629bdab9b833b52bd1450ea30","NicoStan_BridgeStan_state_allocation_thread_setup_sampling_model_load_divergence_check","iteration_difference","main_scaling","two_run_difference",200,4,1.17968750000003,1.17750000000001,0.0356980245718457,1.053,1.99675000000002,0.817062499999992,0.235937500000006,1.05299999999988,1.98900000000003,0.819124999999815,0.235500000000002,0,FALSE,FALSE,27.1258278145689,135.629139072844,0,"3725;3727;3729;3731",932,TRUE,1
"HPC","AD_Stan_WCP","NicoStan_BridgeStan",50000,500,176,4,44,20,"3f8ed78629bdab9b833b52bd1450ea30","NicoStan_BridgeStan_state_allocation_thread_setup_sampling_model_load_divergence_check","iteration_difference","main_scaling","two_run_difference",100,4,1.02868421052628,1.01263157894724,0.137376486958097,0.409999999999968,1.38724999999994,0.358565789473654,0.0514342105263142,0.40949999999998,1.37349999999992,0.360868421052685,0.0506315789473619,0,FALSE,FALSE,3.88846252238436,77.7692504476873,0,"3755;3762;3769;3776",944,TRUE,1
"HPC","AD_Stan_WCP","NicoStan_BridgeStan",50000,500,128,8,16,20,"3f8ed78629bdab9b833b52bd1450ea30","NicoStan_BridgeStan_state_allocation_thread_setup_sampling_model_load_divergence_check","iteration_difference","main_scaling","two_run_difference",100,4,1.47210526315791,1.47473684210521,0.0613934828906887,0.473750000000052,1.87225000000007,0.400144736842157,0.0736052631578954,0.475999999999999,1.87150000000008,0.403026315789463,0.0737368421052607,0,FALSE,FALSE,5.43439399356448,108.68787987129,0,"3781;3787;3793;3799",949,TRUE,1
"HPC","AD_Stan_WCP","NicoStan_BridgeStan",50000,500,176,8,22,20,"3f8ed78629bdab9b833b52bd1450ea30","NicoStan_BridgeStan_state_allocation_thread_setup_sampling_model_load_divergence_check","iteration_difference","main_scaling","two_run_difference",100,4,1.51421052631582,1.51210526315804,0.0366712831811291,0.46225000000004,1.90075000000007,0.386539473684249,0.0757105263157912,0.462999999999965,1.8995000000001,0.387394736842063,0.075605263157902,0,FALSE,FALSE,5.28328119568983,105.665623913797,0,"3782;3788;3794;3800",950,TRUE,1
"HPC","AD_Stan_WCP","NicoStan_BridgeStan",50000,500,128,16,8,20,"3f8ed78629bdab9b833b52bd1450ea30","NicoStan_BridgeStan_state_allocation_thread_setup_sampling_model_load_divergence_check","iteration_difference","main_scaling","two_run_difference",100,4,2.54368421052636,2.56052631578948,0.0554508092254881,0.58824999999996,3.00475,0.461065789473642,0.127184210526318,0.58949999999993,2.99000000000001,0.463157894736768,0.128026315789474,0,FALSE,FALSE,6.29008897165311,125.801779433062,0,"3804;3809;3814;3819",954,TRUE,1
"HPC","AD_Stan_WCP","NicoStan_BridgeStan",50000,500,176,16,11,20,"3f8ed78629bdab9b833b52bd1450ea30","NicoStan_BridgeStan_state_allocation_thread_setup_sampling_model_load_divergence_check","iteration_difference","main_scaling","two_run_difference",100,4,2.4876315789473,2.48157894736838,0.0479409840337483,0.59925000000004,2.96249999999998,0.474868421052675,0.124381578947365,0.601999999999975,2.96550000000002,0.477921052631557,0.124078947368419,0,FALSE,FALSE,6.43182058605751,128.63641172115,0,"3805;3810;3815;3820",955,TRUE,1
"HPC","AD_Stan_WCP","NicoStan_BridgeStan",50000,500,96,24,4,5,"3f8ed78629bdab9b833b52bd1450ea30","NicoStan_BridgeStan_state_allocation_thread_setup_sampling_model_load_divergence_check","iteration_difference","main_scaling","two_run_difference",100,4,0.791875000000033,0.796875000000057,0.097875878029092,0.770499999999856,1.40399999999988,0.61212499999985,0.158375000000007,0.809999999999945,1.45249999999987,0.635999999999967,0.159375000000011,0,FALSE,FALSE,30.3078137332268,151.539068666134,0,"3821;3822;3823;3824",956,TRUE,1
"HPC","AD_Stan_WCP","NicoStan_BridgeStan",50000,500,96,48,2,5,"3f8ed78629bdab9b833b52bd1450ea30","NicoStan_BridgeStan_state_allocation_thread_setup_sampling_model_load_divergence_check","iteration_difference","main_scaling","two_run_difference",100,4,1.67812500000011,1.66000000000054,0.15256658382468,1.53300000000002,2.8755000000001,1.19737499999999,0.335625000000022,1.53949999999986,2.86750000000029,1.1982499999998,0.332000000000107,0,FALSE,FALSE,28.6033519553054,143.016759776527,0,"3837;3838;3839;3840",960,TRUE,1
"HPC","AD_Stan_WCP","NicoStan_BridgeStan",50000,1000,128,32,4,5,"3f8ed78629bdab9b833b52bd1450ea30","NicoStan_BridgeStan_state_allocation_thread_setup_sampling_model_load_divergence_check","iteration_difference","main_scaling","two_run_difference",50,4,1.16406249999997,1.17750000000001,0.0534767765018601,1.02125000000001,1.95249999999999,0.788437500000015,0.232812499999994,0.998499999999922,1.94600000000014,0.76299999999992,0.235500000000002,0,FALSE,FALSE,27.4899328859067,137.449664429534,0,"3926;3928;3930;3932",983,TRUE,1
"HPC","AD_Stan_WCP","NicoStan_BridgeStan",50000,1000,180,45,4,5,"3f8ed78629bdab9b833b52bd1450ea30","NicoStan_BridgeStan_state_allocation_thread_setup_sampling_model_load_divergence_check","iteration_difference","main_scaling","two_run_difference",50,4,1.5774999999995,1.51937499999946,0.191830545881959,1.36275000000023,2.62474999999984,1.04725000000033,0.315499999999901,1.31800000000021,2.50999999999976,1.02725000000032,0.303874999999891,0,FALSE,FALSE,28.526148969898,142.63074484949,0,"3933;3934;3935;3936",984,TRUE,1
"HPC","AD_Stan_WCP","NicoStan_BridgeStan",50000,1000,128,64,2,5,"3f8ed78629bdab9b833b52bd1450ea30","NicoStan_BridgeStan_state_allocation_thread_setup_sampling_model_load_divergence_check","iteration_difference","main_scaling","two_run_difference",50,4,2.12812499999984,1.97999999999979,0.387454970502198,1.8420000000001,3.54449999999997,1.41637500000013,0.425624999999968,1.8755000000001,3.45949999999993,1.47950000000014,0.395999999999958,0,FALSE,FALSE,30.0734214390625,150.367107195312,0,"3941;3942;3943;3944",986,TRUE,1
"HPC","AD_Stan_WCP","NicoStan_BridgeStan",50000,1000,180,90,2,5,"3f8ed78629bdab9b833b52bd1450ea30","NicoStan_BridgeStan_state_allocation_thread_setup_sampling_model_load_divergence_check","iteration_difference","main_scaling","two_run_difference",50,4,2.83624999999986,2.66562499999992,0.451595550981729,2.52250000000004,4.79149999999993,1.95525000000006,0.567249999999973,2.57999999999993,4.69550000000004,2.04775000000001,0.533124999999984,0,FALSE,FALSE,31.7320405464978,158.660202732489,0,"3945;3946;3947;3948",987,TRUE,1
"HPC","AD_Stan_WCP","NicoStan_BridgeStan",500,8,64,8,8,800,"5fff1836d43ae39c037ca22d13a50ed5","NicoStan_BridgeStan_state_allocation_thread_setup_sampling_model_load_divergence_check","iteration_difference","main_scaling","two_run_difference",63,4,0.997496871088836,1.00325406758432,0.0746917337288237,0.0147500000000491,1.01100000000002,0.0135031289111881,0.00124687108886104,0.0145000000001119,1.01649999999995,0.0132459324156315,0.0012540675844804,0,FALSE,FALSE,8.02007528230886,6416.06022584709,0,"4153;4154;4155;4156",1039,TRUE,1
"HPC","AD_Stan_WCP","NicoStan_BridgeStan",500,6,96,16,6,800,"5fff1836d43ae39c037ca22d13a50ed5","NicoStan_BridgeStan_state_allocation_thread_setup_sampling_model_load_divergence_check","iteration_difference","main_scaling","two_run_difference",84,4,1.45782227784738,1.47784730913642,0.107232126041479,0.0249999999999773,1.48100000000005,0.023177722152668,0.00182227784730923,0.0254999999999654,1.50149999999996,0.0236526908635449,0.00184730913642052,0,FALSE,FALSE,10.9752747252742,8780.21978021933,0,"4157;4159;4161;4163",1040,TRUE,1
"HPC","AD_Stan_WCP","NicoStan_BridgeStan",500,8,128,16,8,800,"5fff1836d43ae39c037ca22d13a50ed5","NicoStan_BridgeStan_state_allocation_thread_setup_sampling_model_load_divergence_check","iteration_difference","main_scaling","two_run_difference",63,4,1.49536921151421,1.49586983729642,0.0856855309857919,0.0285000000001219,1.52199999999993,0.0266307884857291,0.00186921151439276,0.0280000000001337,1.52299999999991,0.0262040050063917,0.00186983729662053,0,FALSE,FALSE,10.6996986943435,8559.75895547479,0,"4158;4160;4162;4164",1041,TRUE,1
"HPC","AD_Stan_WCP","NicoStan_BridgeStan",10000,2,64,32,2,10,"b97502ef4c1796520d0acd01a82ea24d","NicoStan_BridgeStan_state_allocation_thread_setup_sampling_model_load_divergence_check","iteration_difference","main_scaling","two_run_difference",5000,4,1.41333333333334,1.41333333333334,0.0328608489078801,0.310249999999996,1.58225,0.168916666666662,0.141333333333334,0.308499999999995,1.5895,0.169388888888883,0.141333333333334,0,FALSE,FALSE,22.6415094339622,226.415094339622,0,"4221;4222;4223;4224",1056,TRUE,1
"HPC","AD_Stan_WCP","NicoStan_BridgeStan",10000,2,96,48,2,10,"b97502ef4c1796520d0acd01a82ea24d","NicoStan_BridgeStan_state_allocation_thread_setup_sampling_model_load_divergence_check","iteration_difference","main_scaling","two_run_difference",5000,4,2.05833333333332,2.08222222222222,0.0750555349946712,0.435750000000002,2.28824999999999,0.22991666666667,0.205833333333332,0.4375,2.2985,0.226777777777777,0.208222222222222,0,FALSE,FALSE,23.3198380566803,233.198380566803,0,"4225;4226;4227;4228",1057,TRUE,1
"HPC","AD_Stan_WCP","NicoStan_BridgeStan",10000,2,128,64,2,10,"b97502ef4c1796520d0acd01a82ea24d","NicoStan_BridgeStan_state_allocation_thread_setup_sampling_model_load_divergence_check","iteration_difference","main_scaling","two_run_difference",5000,4,2.6986111111111,2.69722222222222,0.0786740684946376,0.559750000000008,2.9885,0.289888888888898,0.26986111111111,0.548500000000004,2.976,0.284222222222237,0.269722222222222,0,FALSE,FALSE,23.7159032424087,237.159032424087,0,"4229;4230;4231;4232",1058,TRUE,1
"HPC","AD_Stan_WCP","NicoStan_BridgeStan",10000,2,180,90,2,10,"b97502ef4c1796520d0acd01a82ea24d","NicoStan_BridgeStan_state_allocation_thread_setup_sampling_model_load_divergence_check","iteration_difference","main_scaling","two_run_difference",5000,4,3.78861111111113,3.74388888888891,0.145385467486881,0.856749999999991,4.26650000000001,0.477888888888878,0.378861111111113,0.856499999999997,4.22600000000001,0.482111111111106,0.374388888888891,0,FALSE,FALSE,23.7554072879242,237.554072879242,0,"4233;4234;4235;4236",1059,TRUE,1
"HPC","AD_Stan_WCP","NicoStan_BridgeStan",10000,44,176,4,44,80,"b97502ef4c1796520d0acd01a82ea24d","NicoStan_BridgeStan_state_allocation_thread_setup_sampling_model_load_divergence_check","iteration_difference","main_scaling","two_run_difference",228,4,1.08886075949388,1.09316455696208,0.0164822894497496,0.101499999999874,1.17675000000008,0.0878892405062,0.0136107594936735,0.107499999999845,1.17900000000009,0.0940126582276886,0.013664556962026,0,FALSE,FALSE,3.67356428737431,293.885142989945,0,"4278;4280;4282;4284",1071,TRUE,1
"HPC","AD_Stan_WCP","NicoStan_BridgeStan",50000,4,96,24,4,3,"3f8ed78629bdab9b833b52bd1450ea30","NicoStan_BridgeStan_state_allocation_thread_setup_sampling_model_load_divergence_check","iteration_difference","main_scaling","two_run_difference",12500,4,1.76962499999999,1.81724999999998,0.214023509222706,1.27875000000001,2.4585,0.688875000000014,0.589874999999996,1.29400000000001,2.4115,0.688250000000018,0.605749999999993,0,FALSE,FALSE,13.5621953803773,40.6865861411319,0,"4325;4326;4327;4328",1082,TRUE,1
"HPC","AD_Stan_WCP","NicoStan_BridgeStan",50000,2,64,32,2,3,"3f8ed78629bdab9b833b52bd1450ea30","NicoStan_BridgeStan_state_allocation_thread_setup_sampling_model_load_divergence_check","iteration_difference","main_scaling","two_run_difference",25000,4,2.42024999999997,2.38424999999998,0.262119724553507,1.68475,3.29824999999998,0.878000000000011,0.80674999999999,1.679,3.30099999999997,0.884250000000009,0.794749999999993,0,FALSE,FALSE,13.2217746100611,39.6653238301833,0,"4329;4331;4333;4335",1083,TRUE,1
"HPC","AD_Stan_WCP","NicoStan_BridgeStan",50000,4,128,32,4,3,"3f8ed78629bdab9b833b52bd1450ea30","NicoStan_BridgeStan_state_allocation_thread_setup_sampling_model_load_divergence_check","iteration_difference","main_scaling","two_run_difference",12500,4,2.25525000000003,2.27850000000001,0.0751049266027264,1.40874999999999,2.91225000000001,0.656999999999982,0.751750000000008,1.41849999999999,2.8905,0.655749999999983,0.759500000000003,0,FALSE,FALSE,14.1891142888813,42.567342866644,0,"4330;4332;4334;4336",1084,TRUE,1
"HPC","AD_Stan_WCP","NicoStan_BridgeStan",50000,4,180,45,4,3,"3f8ed78629bdab9b833b52bd1450ea30","NicoStan_BridgeStan_state_allocation_thread_setup_sampling_model_load_divergence_check","iteration_difference","main_scaling","two_run_difference",12500,4,3.23362500000002,3.12975000000004,0.242751029863915,2.00975,4.16550000000001,0.931874999999991,1.07787500000001,2.03749999999999,4.14750000000001,1.00524999999999,1.04325000000001,0,FALSE,FALSE,13.9162704395221,41.7488113185664,0,"4337;4338;4339;4340",1085,TRUE,1
"HPC","AD_Stan_WCP","NicoStan_BridgeStan",50000,2,96,48,2,3,"3f8ed78629bdab9b833b52bd1450ea30","NicoStan_BridgeStan_state_allocation_thread_setup_sampling_model_load_divergence_check","iteration_difference","main_scaling","two_run_difference",25000,4,3.54075,3.55199999999995,0.318484301025968,2.38225000000001,4.74275000000002,1.20200000000001,1.18025,2.34300000000002,4.7535,1.14850000000001,1.18399999999998,0,FALSE,FALSE,13.5564499046812,40.6693497140436,0,"4341;4342;4343;4344",1086,TRUE,1
"HPC","AD_Stan_WCP","NicoStan_BridgeStan",50000,2,128,64,2,3,"3f8ed78629bdab9b833b52bd1450ea30","NicoStan_BridgeStan_state_allocation_thread_setup_sampling_model_load_divergence_check","iteration_difference","main_scaling","two_run_difference",25000,4,4.2465,4.33124999999998,0.661154671767502,3.3265,6.1575,1.91099999999999,1.4155,3.29900000000001,6.13299999999998,1.85525000000001,1.44374999999999,0,FALSE,FALSE,15.0712351348169,45.2137054044507,0,"4345;4346;4347;4348",1087,TRUE,1
"HPC","AD_Stan_WCP","NicoStan_BridgeStan",50000,2,180,90,2,3,"3f8ed78629bdab9b833b52bd1450ea30","NicoStan_BridgeStan_state_allocation_thread_setup_sampling_model_load_divergence_check","iteration_difference","main_scaling","two_run_difference",25000,4,6.26737500000001,6.16350000000006,0.444797215031785,4.56349999999998,8.74174999999998,2.47437499999997,2.089125,4.65099999999995,8.72349999999997,2.59649999999993,2.05450000000002,0,FALSE,FALSE,14.3600789804344,43.0802369413031,0,"4349;4350;4351;4352",1088,TRUE,1
"HPC","MD_BayesMVP_WCP","BayesMVP_NicoStan",500,2,16,8,2,2000,"5fff1836d43ae39c037ca22d13a50ed5","state_allocation_thread_setup_sampling_divergence_check","iteration_difference","main_scaling","two_run_difference",NA,4,4.68059029514725,4.66433216608264,0.0638461064299758,0.00750000000013262,4.68574999999981,0.005159704852559,0.00234029514757362,0.00799999999990497,4.66999999999996,0.0056678339173184,0.00233216608304132,0,FALSE,FALSE,1.70918612729131,3418.37225458261,0,"5914;5921;5928;5935",1426,TRUE,1
"HPC","MD_BayesMVP_WCP","BayesMVP_NicoStan",500,2,32,16,2,2000,"5fff1836d43ae39c037ca22d13a50ed5","state_allocation_thread_setup_sampling_divergence_check","iteration_difference","main_scaling","two_run_difference",NA,4,4.78964482241127,4.78539269634806,0.219071290296367,0.00950000000010931,4.79675000000017,0.00710517758890367,0.00239482241120564,0.00900000000000745,4.7930000000001,0.00663881940971218,0.00239269634817403,0,FALSE,FALSE,3.34053997597781,6681.07995195563,0,"5915;5922;5929;5936",1427,TRUE,1
"HPC","MD_BayesMVP_WCP","BayesMVP_NicoStan",500,2,64,32,2,2000,"5fff1836d43ae39c037ca22d13a50ed5","state_allocation_thread_setup_sampling_divergence_check","iteration_difference","main_scaling","two_run_difference",NA,4,5.42271135567784,5.2656328164082,0.414070136427427,0.0154999999999992,5.4355,0.0127886443221603,0.00271135567783892,0.0150000000000006,5.278,0.0123671835917965,0.0026328164082041,0,FALSE,FALSE,5.90110701107011,11802.2140221402,0,"5916;5923;5930;5937",1428,TRUE,1
"HPC","MD_BayesMVP_WCP","BayesMVP_NicoStan",500,2,96,48,2,2000,"5fff1836d43ae39c037ca22d13a50ed5","state_allocation_thread_setup_sampling_divergence_check","iteration_difference","main_scaling","two_run_difference",NA,4,6.85017508754378,6.847923961981,0.141261695248549,0.0212499999999962,6.868,0.0178249124562243,0.00342508754377189,0.0209999999999999,6.866,0.0176253126563218,0.0034239619809905,0,FALSE,FALSE,7.00712016650235,14014.2403330047,0,"5917;5924;5931;5938",1429,TRUE,1
"HPC","MD_BayesMVP_WCP","BayesMVP_NicoStan",500,2,180,90,2,2000,"5fff1836d43ae39c037ca22d13a50ed5","state_allocation_thread_setup_sampling_divergence_check","iteration_difference","main_scaling","two_run_difference",NA,4,10.1138069034517,10.1650825412706,0.195322958678937,0.0502499999999984,10.159,0.0451930965482725,0.00505690345172586,0.0514999999999972,10.209,0.0464687343671808,0.00508254127063532,0,FALSE,FALSE,8.8987263509336,17797.4527018672,0,"5919;5926;5933;5940",1431,TRUE,1
"HPC","MD_BayesMVP_WCP","BayesMVP_NicoStan",500,4,8,4,2,2000,"5fff1836d43ae39c037ca22d13a50ed5","state_allocation_thread_setup_sampling_divergence_check","iteration_difference","main_scaling","two_run_difference",NA,4,4.72361180590284,4.67383691845885,0.177690224611554,0.00425000000000342,4.7254999999999,0.001888194097052,0.00236180590295142,0.00449999999995221,4.67599999999957,0.00216308154072278,0.00233691845922942,0,FALSE,FALSE,0.846809637278282,1693.61927455656,0,"5941;5954;5967;5980",1432,TRUE,1
"HPC","MD_BayesMVP_WCP","BayesMVP_NicoStan",500,4,16,4,4,2000,"5fff1836d43ae39c037ca22d13a50ed5","state_allocation_thread_setup_sampling_divergence_check","iteration_difference","main_scaling","two_run_difference",NA,4,4.07503751875897,4.11405702851425,0.200935391617397,0.00450000000023199,4.07749999999983,0.0024624812408525,0.00203751875937949,0.00450000000000195,4.1165,0.00244297148574482,0.00205702851425713,0,FALSE,FALSE,0.981586054505376,1963.17210901075,0,"5942;5955;5968;5981",1433,TRUE,1
"HPC","MD_BayesMVP_WCP","BayesMVP_NicoStan",500,4,32,8,4,2000,"5fff1836d43ae39c037ca22d13a50ed5","state_allocation_thread_setup_sampling_divergence_check","iteration_difference","main_scaling","two_run_difference",NA,4,4.07328664332206,4.10255127563816,0.179714233710152,0.00749999999980311,4.07875000000021,0.00546335667814208,0.00203664332166103,0.0069999999996071,4.10900000000014,0.0050160080036087,0.00205127563781908,0,FALSE,FALSE,1.96401596561233,3928.03193122467,0,"5944;5957;5970;5983",1435,TRUE,1
"HPC","MD_BayesMVP_WCP","BayesMVP_NicoStan",500,4,64,16,4,2000,"5fff1836d43ae39c037ca22d13a50ed5","state_allocation_thread_setup_sampling_divergence_check","iteration_difference","main_scaling","two_run_difference",NA,4,4.30165082541262,4.30265132566273,0.229337267868911,0.00950000000005957,4.30899999999997,0.00734917458735326,0.00215082541270631,0.00950000000000983,4.3094999999999,0.00731515757879928,0.00215132566283136,0,FALSE,FALSE,3.71950226770562,7439.00453541124,0,"5946;5959;5972;5985",1437,TRUE,1
"HPC","MD_BayesMVP_WCP","BayesMVP_NicoStan",500,4,96,24,4,2000,"5fff1836d43ae39c037ca22d13a50ed5","state_allocation_thread_setup_sampling_divergence_check","iteration_difference","main_scaling","two_run_difference",NA,4,5.58304152076039,5.46973486743371,0.318143741312449,0.0132499999999851,5.59349999999999,0.0104584792396049,0.00279152076038019,0.012999999999991,5.47999999999999,0.0102651325662742,0.00273486743371686,0,FALSE,FALSE,4.298732135657,8597.464271314,0,"5947;5960;5973;5986",1438,TRUE,1
"HPC","MD_BayesMVP_WCP","BayesMVP_NicoStan",500,4,128,32,4,2000,"5fff1836d43ae39c037ca22d13a50ed5","state_allocation_thread_setup_sampling_divergence_check","iteration_difference","main_scaling","two_run_difference",NA,4,6.19884942471238,6.19759879939973,0.132147803650217,0.0147499999999994,6.21050000000002,0.0116505752876432,0.00309942471235619,0.0145000000000124,6.20950000000003,0.0113999499749857,0.00309879939969987,0,FALSE,FALSE,5.16224831537745,10324.4966307549,0,"5949;5962;5975;5988",1440,TRUE,1
"HPC","MD_BayesMVP_WCP","BayesMVP_NicoStan",500,4,180,45,4,2000,"5fff1836d43ae39c037ca22d13a50ed5","state_allocation_thread_setup_sampling_divergence_check","iteration_difference","main_scaling","two_run_difference",NA,4,7.92146073036517,7.92496248124058,0.0468529043480404,0.0310000000000059,7.9485,0.0270392696348233,0.00396073036518259,0.0310000000000201,7.95199999999998,0.0270375187593998,0.00396248124062029,0,FALSE,FALSE,5.6807704452163,11361.5408904326,0,"5950;5963;5976;5989",1441,TRUE,1
"HPC","MD_BayesMVP_WCP","BayesMVP_NicoStan",500,4,128,64,2,2000,"5fff1836d43ae39c037ca22d13a50ed5","state_allocation_thread_setup_sampling_divergence_check","iteration_difference","main_scaling","two_run_difference",NA,4,8.09329664832418,8.09204602301151,0.130680232069448,0.0209999999999866,8.11025,0.0169533516758245,0.00404664832416209,0.0209999999999866,8.10899999999999,0.0169539769884808,0.00404602301150576,0,FALSE,FALSE,7.90777884229068,15815.5576845814,0,"5952;5965;5978;5991",1443,TRUE,1
"HPC","MD_BayesMVP_WCP","BayesMVP_NicoStan",2500,4,8,4,2,400,"229e14792b0f4550a6f1e0887b422826","state_allocation_thread_setup_sampling_divergence_check","iteration_difference","main_scaling","two_run_difference",NA,4,2.43182957393489,2.43759398496254,0.0376207089642977,0.0115000000000336,2.43725000000009,0.00542042606519637,0.00607957393483723,0.0115000000000691,2.4445000000001,0.00546240601503566,0.00609398496240635,0,FALSE,FALSE,1.64485210759555,657.940843038221,0,"6089;6102;6115;6128",1469,TRUE,1
"HPC","MD_BayesMVP_WCP","BayesMVP_NicoStan",2500,4,16,4,4,400,"229e14792b0f4550a6f1e0887b422826","state_allocation_thread_setup_sampling_divergence_check","iteration_difference","main_scaling","two_run_difference",NA,4,1.72280701754355,1.72380952380909,0.0170622521790345,0.0102500000002621,1.72874999999995,0.00594298245640324,0.00430701754385886,0.0100000000002112,1.72999999999988,0.00570426065184073,0.00430952380952271,0,FALSE,FALSE,2.32179226069289,928.716904277155,0,"6090;6103;6116;6129",1470,TRUE,1
"HPC","MD_BayesMVP_WCP","BayesMVP_NicoStan",2500,4,32,8,4,400,"229e14792b0f4550a6f1e0887b422826","state_allocation_thread_setup_sampling_divergence_check","iteration_difference","main_scaling","two_run_difference",NA,4,1.7245614035088,1.74235588972419,0.0422115458533047,0.0200000000000884,1.74025000000012,0.0156885964913164,0.00431140350877201,0.0165000000001783,1.75450000000015,0.0122531328322583,0.00435588972431047,0,FALSE,FALSE,4.63886063072219,1855.54425228888,0,"6092;6105;6118;6131",1472,TRUE,1
"HPC","MD_BayesMVP_WCP","BayesMVP_NicoStan",2500,4,32,16,2,400,"229e14792b0f4550a6f1e0887b422826","state_allocation_thread_setup_sampling_divergence_check","iteration_difference","main_scaling","two_run_difference",NA,4,2.58746867167926,2.58796992481198,0.122045273635143,0.0272499999999667,2.60825000000003,0.0207813283207685,0.00646867167919815,0.0235000000000696,2.61350000000002,0.0170075187970622,0.00646992481202995,0,FALSE,FALSE,6.18364974815948,2473.45989926379,0,"6093;6106;6119;6132",1473,TRUE,1
"HPC","MD_BayesMVP_WCP","BayesMVP_NicoStan",2500,4,64,16,4,400,"229e14792b0f4550a6f1e0887b422826","state_allocation_thread_setup_sampling_divergence_check","iteration_difference","main_scaling","two_run_difference",NA,4,1.90075187969936,1.91528822055139,0.117599867666583,0.0332499999998959,1.92925000000001,0.0284981203006475,0.00475187969924841,0.0250000000001762,1.93550000000019,0.0202117794487977,0.00478822055137848,0,FALSE,FALSE,8.41772151898683,3367.08860759473,0,"6094;6107;6120;6133",1474,TRUE,1
"HPC","MD_BayesMVP_WCP","BayesMVP_NicoStan",2500,4,96,24,4,400,"229e14792b0f4550a6f1e0887b422826","state_allocation_thread_setup_sampling_divergence_check","iteration_difference","main_scaling","two_run_difference",NA,4,2.52030075187974,2.51779448621561,0.0230212927647369,0.0322499999999764,2.54625000000001,0.025949248120277,0.00630075187969934,0.0319999999999823,2.54500000000002,0.0257067669172754,0.00629448621553902,0,FALSE,FALSE,9.52267303102611,3809.06921241044,0,"6095;6108;6121;6134",1475,TRUE,1
"HPC","MD_BayesMVP_WCP","BayesMVP_NicoStan",2500,4,64,32,2,400,"229e14792b0f4550a6f1e0887b422826","state_allocation_thread_setup_sampling_divergence_check","iteration_difference","main_scaling","two_run_difference",NA,4,2.65012531328323,2.63859649122808,0.0590288084211146,0.0360000000000014,2.67950000000002,0.0293746867167933,0.00662531328320806,0.0360000000000014,2.66950000000003,0.0294699248120314,0.00659649122807019,0,FALSE,FALSE,12.0749006998297,4829.96027993188,0,"6096;6109;6122;6135",1476,TRUE,1
"HPC","MD_BayesMVP_WCP","BayesMVP_NicoStan",2500,4,128,32,4,400,"229e14792b0f4550a6f1e0887b422826","state_allocation_thread_setup_sampling_divergence_check","iteration_difference","main_scaling","two_run_difference",NA,4,2.89573934837089,2.87017543859643,0.0573535227685286,0.0380000000000109,2.92649999999998,0.0307606516290837,0.00723934837092723,0.0375000000000227,2.90049999999997,0.0303245614035317,0.00717543859649108,0,FALSE,FALSE,11.050718365934,4420.2873463736,0,"6097;6110;6123;6136",1477,TRUE,1
"HPC","MD_BayesMVP_WCP","BayesMVP_NicoStan",2500,4,180,45,4,400,"229e14792b0f4550a6f1e0887b422826","state_allocation_thread_setup_sampling_divergence_check","iteration_difference","main_scaling","two_run_difference",NA,4,3.82681704260649,3.81503759398496,0.0586637508975473,0.0805000000000007,3.89774999999997,0.0709329573934845,0.00956704260651622,0.0844999999999914,3.89249999999998,0.074963659147861,0.00953759398496239,0,FALSE,FALSE,11.7591197851858,4703.6479140743,0,"6098;6111;6124;6137",1478,TRUE,1
"HPC","MD_BayesMVP_WCP","BayesMVP_NicoStan",2500,4,128,64,2,400,"229e14792b0f4550a6f1e0887b422826","state_allocation_thread_setup_sampling_divergence_check","iteration_difference","main_scaling","two_run_difference",NA,4,4.79323308270682,4.79197994987472,0.0351056166313906,0.0542499999999677,4.83550000000002,0.0422669172932007,0.0119830827067671,0.05499999999995,4.83350000000002,0.0429837092731897,0.0119799498746868,0,FALSE,FALSE,13.3521568627449,5340.86274509797,0,"6100;6113;6126;6139",1480,TRUE,1
"HPC","MD_BayesMVP_WCP","BayesMVP_NicoStan",2500,10,16,8,2,400,"229e14792b0f4550a6f1e0887b422826","state_allocation_thread_setup_sampling_divergence_check","iteration_difference","main_scaling","two_run_difference",NA,4,2.48421052631569,2.47167919799498,0.0374298841155802,0.0175000000000125,2.49549999999991,0.0112894736842233,0.00621052631578923,0.0175000000000125,2.483,0.0113208020050251,0.00617919799498745,0,FALSE,FALSE,3.22033898305097,1288.13559322039,0,"6144;6161;6178;6195",1485,TRUE,1
"HPC","MD_BayesMVP_WCP","BayesMVP_NicoStan",2500,10,96,48,2,400,"229e14792b0f4550a6f1e0887b422826","state_allocation_thread_setup_sampling_divergence_check","iteration_difference","main_scaling","two_run_difference",NA,4,3.86065162907271,3.85914786967422,0.068645452919056,0.0379999999999825,3.88900000000001,0.0283483709273007,0.00965162907268177,0.0380000000000109,3.88600000000002,0.0282531328320911,0.00964786967418555,0,FALSE,FALSE,12.4331342508438,4973.25370033754,0,"6155;6172;6189;6206",1496,TRUE,1
"HPC","MD_BayesMVP_WCP","BayesMVP_NicoStan",2500,10,180,90,2,400,"229e14792b0f4550a6f1e0887b422826","state_allocation_thread_setup_sampling_divergence_check","iteration_difference","main_scaling","two_run_difference",NA,4,5.89122807017543,5.87919799498749,0.0646623017459602,0.0695000000000334,5.94600000000003,0.0547719298245948,0.0147280701754386,0.0730000000000359,5.94000000000005,0.0584010025063016,0.0146979949874687,0,FALSE,FALSE,15.276950565813,6110.7802263252,0,"6157;6174;6191;6208",1498,TRUE,1
"HPC","MD_BayesMVP_WCP","BayesMVP_NicoStan",10000,4,96,24,4,50,"b97502ef4c1796520d0acd01a82ea24d","state_allocation_thread_setup_sampling_divergence_check","iteration_difference","main_scaling","two_run_difference",NA,4,1.3816326530613,1.36530612244906,0.046671822963403,0.0832499999999357,1.43725000000001,0.0556173469387097,0.0276326530612259,0.0814999999998918,1.423,0.0536938775509224,0.0273061224489812,0,FALSE,FALSE,17.3707533234851,868.537666174253,0,"6283;6296;6309;6322",1522,TRUE,1
"HPC","MD_BayesMVP_WCP","BayesMVP_NicoStan",10000,4,128,32,4,50,"b97502ef4c1796520d0acd01a82ea24d","state_allocation_thread_setup_sampling_divergence_check","iteration_difference","main_scaling","two_run_difference",NA,4,2.01479591836721,2.01173469387743,0.0433603435721359,0.105750000000057,2.08024999999992,0.0654540816327131,0.0402959183673442,0.104000000000042,2.07949999999994,0.0643673469388195,0.0402346938775485,0,FALSE,FALSE,15.8825018992161,794.125094960804,0,"6285;6298;6311;6324",1524,TRUE,1
"HPC","MD_BayesMVP_WCP","BayesMVP_NicoStan",10000,4,180,45,4,50,"b97502ef4c1796520d0acd01a82ea24d","state_allocation_thread_setup_sampling_divergence_check","iteration_difference","main_scaling","two_run_difference",NA,4,3.18418367346938,3.18877551020408,0.0197249587310754,0.217750000000024,3.33825000000002,0.154066326530636,0.0636836734693876,0.230500000000006,3.34250000000009,0.166724489795925,0.0637755102040816,0,FALSE,FALSE,14.1323505848422,706.61752924211,0,"6286;6299;6312;6325",1525,TRUE,1
"HPC","MD_BayesMVP_WCP","BayesMVP_NicoStan",10000,10,8,4,2,200,"b97502ef4c1796520d0acd01a82ea24d","state_allocation_thread_setup_sampling_divergence_check","iteration_difference","main_scaling","two_run_difference",NA,4,4.05804020100518,4.0874371859301,0.0994632193159779,0.0295000000000059,4.06725000000016,0.00920979899497997,0.0202902010050259,0.0289999999999964,4.09750000000022,0.00903768844220586,0.0204371859296505,0,FALSE,FALSE,0.985697480032159,197.139496006432,0,"6329;6346;6363;6380",1529,TRUE,1
"HPC","MD_BayesMVP_WCP","BayesMVP_NicoStan",10000,10,16,8,2,200,"b97502ef4c1796520d0acd01a82ea24d","state_allocation_thread_setup_sampling_divergence_check","iteration_difference","main_scaling","two_run_difference",NA,4,3.99447236180915,3.96381909547758,0.0877139960749082,0.0515000000000256,4.02600000000013,0.0315276381909799,0.0199723618090458,0.0515000000000327,3.99300000000024,0.0318316582914889,0.0198190954773879,0,FALSE,FALSE,2.00276764372872,400.553528745744,0,"6332;6349;6366;6383",1532,TRUE,1
"HPC","MD_BayesMVP_WCP","BayesMVP_NicoStan",10000,10,32,16,2,200,"b97502ef4c1796520d0acd01a82ea24d","state_allocation_thread_setup_sampling_divergence_check","iteration_difference","main_scaling","two_run_difference",NA,4,4.26633165829144,4.17989949748746,0.283690187626983,0.0615000000001729,4.30650000000016,0.0401683417087157,0.0213316582914572,0.062500000000199,4.22150000000022,0.0407185929650254,0.0208994974874373,0,FALSE,FALSE,3.7502944640754,750.05889281508,0,"6335;6352;6369;6386",1535,TRUE,1
"HPC","MD_BayesMVP_WCP","BayesMVP_NicoStan",10000,25,176,8,22,200,"b97502ef4c1796520d0acd01a82ea24d","state_allocation_thread_setup_sampling_divergence_check","iteration_difference","main_scaling","two_run_difference",NA,4,2.695477386935,2.68793969849269,0.206890388624197,0.0849999999998516,2.76700000000018,0.0715226130651766,0.013477386934675,0.0845000000000198,2.76050000000021,0.0717964824120803,0.0134396984924634,0,FALSE,FALSE,2.96793437732999,593.586875465997,0,"6407;6430;6453;6476",1556,TRUE,1
"HPC","MD_BayesMVP_WCP","BayesMVP_NicoStan",10000,25,64,16,4,200,"b97502ef4c1796520d0acd01a82ea24d","state_allocation_thread_setup_sampling_divergence_check","iteration_difference","main_scaling","two_run_difference",NA,4,2.96984924623111,3.00100502512542,0.115103534623711,0.047499999999971,3.00249999999993,0.0326507537688155,0.0148492462311556,0.0464999999999236,3.03700000000003,0.0320653266330897,0.0150050251256271,0,FALSE,FALSE,5.38747884940786,1077.49576988157,0,"6409;6432;6455;6478",1558,TRUE,1
"HPC","MD_BayesMVP_WCP","BayesMVP_NicoStan",10000,25,128,16,8,200,"b97502ef4c1796520d0acd01a82ea24d","state_allocation_thread_setup_sampling_divergence_check","iteration_difference","main_scaling","two_run_difference",NA,4,3.1517587939698,3.22412060301507,0.176899649108673,0.0482499999999106,3.18424999999986,0.0324912060300616,0.015758793969849,0.0459999999999923,3.25249999999994,0.0297688442210978,0.0161206030150754,0,FALSE,FALSE,5.07653061224497,1015.30612244899,0,"6411;6434;6457;6480",1560,TRUE,1
"HPC","MD_BayesMVP_WCP","BayesMVP_NicoStan",10000,25,176,16,11,200,"b97502ef4c1796520d0acd01a82ea24d","state_allocation_thread_setup_sampling_divergence_check","iteration_difference","main_scaling","two_run_difference",NA,4,3.23944723618087,3.25979899497463,0.109823619545439,0.0652499999999776,3.28849999999994,0.0490527638190733,0.0161972361809043,0.0655000000000996,3.30899999999986,0.0492010050252264,0.0162989949748731,0,FALSE,FALSE,4.93911424804163,987.822849608325,0,"6412;6435;6458;6481",1561,TRUE,1
"HPC","MD_BayesMVP_WCP","BayesMVP_NicoStan",10000,25,96,24,4,100,"b97502ef4c1796520d0acd01a82ea24d","state_allocation_thread_setup_sampling_divergence_check","iteration_difference","main_scaling","two_run_difference",NA,4,2.02171717171708,2.04040404040402,0.102432742592867,0.0457499999999982,2.04724999999991,0.0255328282828274,0.0202171717171708,0.0464999999999236,2.06649999999991,0.0260959595958834,0.0204040404040402,0,FALSE,FALSE,11.8710966774924,1187.10966774924,0,"6413;6436;6459;6482",1562,TRUE,1
"HPC","MD_BayesMVP_WCP","BayesMVP_NicoStan",10000,25,64,32,2,100,"b97502ef4c1796520d0acd01a82ea24d","state_allocation_thread_setup_sampling_divergence_check","iteration_difference","main_scaling","two_run_difference",NA,4,2.4171717171718,2.37727272727278,0.114318565783771,0.0572500000000105,2.4502500000001,0.0330782828282924,0.024171717171718,0.0559999999999263,2.40850000000012,0.0325555555554805,0.0237727272727278,0,FALSE,FALSE,13.2386126201416,1323.86126201416,0,"6414;6437;6460;6483",1563,TRUE,1
"HPC","MD_BayesMVP_WCP","BayesMVP_NicoStan",10000,25,128,32,4,100,"b97502ef4c1796520d0acd01a82ea24d","state_allocation_thread_setup_sampling_divergence_check","iteration_difference","main_scaling","two_run_difference",NA,4,2.31363636363637,2.31313131313139,0.0211318024034688,0.0559999999999832,2.34649999999999,0.0328636363636194,0.0231363636363637,0.05600000000004,2.346,0.0328686868686124,0.0231313131313139,0,FALSE,FALSE,13.8310412573673,1383.10412573673,0,"6415;6438;6461;6484",1564,TRUE,1
"HPC","MD_BayesMVP_WCP","BayesMVP_NicoStan",10000,25,180,45,4,100,"b97502ef4c1796520d0acd01a82ea24d","state_allocation_thread_setup_sampling_divergence_check","iteration_difference","main_scaling","two_run_difference",NA,4,2.92904040404039,2.90050505050513,0.0834882755065763,0.0815000000000055,2.98124999999999,0.0522095959596016,0.0292904040404039,0.0835000000000719,2.95100000000002,0.0539242424243154,0.0290050505050513,0,FALSE,FALSE,15.3633933959825,1536.33933959825,0,"6416;6439;6462;6485",1565,TRUE,1
"HPC","MD_BayesMVP_WCP","BayesMVP_NicoStan",10000,25,96,48,2,100,"b97502ef4c1796520d0acd01a82ea24d","state_allocation_thread_setup_sampling_divergence_check","iteration_difference","main_scaling","two_run_difference",NA,4,3.39419191919193,3.36565656565667,0.075887094671245,0.0760000000000218,3.43625000000003,0.0420580808081026,0.0339419191919193,0.0715000000000146,3.40350000000001,0.0371818181818324,0.0336565656565667,0,FALSE,FALSE,14.1418049252287,1414.18049252287,0,"6417;6440;6463;6486",1566,TRUE,1
"HPC","MD_BayesMVP_WCP","BayesMVP_NicoStan",10000,25,128,64,2,100,"b97502ef4c1796520d0acd01a82ea24d","state_allocation_thread_setup_sampling_divergence_check","iteration_difference","main_scaling","two_run_difference",NA,4,4.1537878787879,4.14292929292928,0.0462546491585416,0.0840000000000032,4.19625000000002,0.0424621212121242,0.041537878787879,0.0860000000000127,4.18799999999999,0.0446515151515273,0.0414292929292928,0,FALSE,FALSE,15.4076235637424,1540.76235637424,0,"6418;6441;6464;6487",1567,TRUE,1
"HPC","MD_BayesMVP_WCP","BayesMVP_NicoStan",10000,50,16,4,4,200,"b97502ef4c1796520d0acd01a82ea24d","state_allocation_thread_setup_sampling_divergence_check","iteration_difference","main_scaling","two_run_difference",NA,4,2.70150753768832,2.70301507537689,0.0703469727974037,0.0254999999999654,2.71349999999984,0.0119924623115239,0.0135075376884416,0.0249999999999488,2.71899999999997,0.0117939698491963,0.0135150753768845,0,FALSE,FALSE,1.48065476190483,296.130952380966,0,"6490;6515;6540;6565",1570,TRUE,1
"HPC","MD_BayesMVP_WCP","BayesMVP_NicoStan",10000,50,64,4,16,200,"b97502ef4c1796520d0acd01a82ea24d","state_allocation_thread_setup_sampling_divergence_check","iteration_difference","main_scaling","two_run_difference",NA,4,1.5994974874372,1.59698492462294,0.0128836747224618,0.0219999999999061,1.61349999999992,0.0140025125627201,0.00799748743718598,0.0194999999998799,1.61199999999971,0.0115150753767652,0.00798492462311471,0,FALSE,FALSE,2.50078542255732,500.157084511464,0,"6492;6517;6542;6567",1572,TRUE,1
"HPC","MD_BayesMVP_WCP","BayesMVP_NicoStan",10000,50,128,4,32,200,"b97502ef4c1796520d0acd01a82ea24d","state_allocation_thread_setup_sampling_divergence_check","iteration_difference","main_scaling","two_run_difference",NA,4,2.0243718592965,1.98643216080424,0.108543876784971,0.0372499999998439,2.05149999999986,0.0271281407033614,0.0101218592964825,0.0324999999996294,2.00899999999984,0.0225678391956082,0.00993216080402118,0,FALSE,FALSE,1.97592155889287,395.184311778574,0,"6494;6519;6544;6569",1574,TRUE,1
"HPC","MD_BayesMVP_WCP","BayesMVP_NicoStan",10000,50,32,8,4,200,"b97502ef4c1796520d0acd01a82ea24d","state_allocation_thread_setup_sampling_divergence_check","iteration_difference","main_scaling","two_run_difference",NA,4,2.82437185929668,2.82914572864321,0.0465676704618916,0.0375000000000227,2.84775000000022,0.0233781407035393,0.0141218592964834,0.0395000000002312,2.85849999999999,0.025188442211287,0.0141457286432161,0,FALSE,FALSE,2.83248821279226,566.497642558452,0,"6497;6522;6547;6572",1577,TRUE,1
"HPC","MD_BayesMVP_WCP","BayesMVP_NicoStan",10000,50,96,8,12,200,"b97502ef4c1796520d0acd01a82ea24d","state_allocation_thread_setup_sampling_divergence_check","iteration_difference","main_scaling","two_run_difference",NA,4,2.14673366834178,2.13115577889444,0.0400079114756327,0.0247499999999405,2.16075000000001,0.0140163316582317,0.0107336683417089,0.0245000000001596,2.14500000000012,0.0138492462308596,0.0106557788944722,0,FALSE,FALSE,3.72659176029951,745.318352059902,0,"6499;6524;6549;6574",1579,TRUE,1
"HPC","MD_BayesMVP_WCP","BayesMVP_NicoStan",10000,50,96,16,6,200,"b97502ef4c1796520d0acd01a82ea24d","state_allocation_thread_setup_sampling_divergence_check","iteration_difference","main_scaling","two_run_difference",NA,4,3.20804020100494,3.13869346733653,0.196387498656107,0.0397499999999074,3.23174999999983,0.0237097989948826,0.0160402010050247,0.0374999999999837,3.16499999999968,0.0216256281405115,0.0156934673366827,0,FALSE,FALSE,4.98746867167933,997.493734335865,0,"6504;6529;6554;6579",1584,TRUE,1
"HPC","MD_BayesMVP_WCP","BayesMVP_NicoStan",10000,50,180,90,2,100,"b97502ef4c1796520d0acd01a82ea24d","state_allocation_thread_setup_sampling_divergence_check","iteration_difference","main_scaling","two_run_difference",NA,4,5.24368686868689,5.23484848484849,0.0355346491183763,0.114250000000027,5.30550000000005,0.0618131313131579,0.0524368686868689,0.113500000000045,5.29600000000005,0.0611919191919628,0.0523484848484849,0,FALSE,FALSE,17.1634962677582,1716.34962677582,0,"6513;6538;6563;6588",1593,TRUE,1
"HPC","MD_BayesMVP_WCP","BayesMVP_NicoStan",50000,4,96,24,4,12,"3f8ed78629bdab9b833b52bd1450ea30","state_allocation_thread_setup_sampling_divergence_check","iteration_difference","main_scaling","two_run_difference",NA,4,4.12527272727272,4.25072727272721,0.321755309729023,0.946750000000009,4.72825,0.602977272727282,0.343772727272727,0.782000000000039,4.72749999999996,0.423772727272752,0.354227272727268,0,FALSE,FALSE,5.81779717043502,69.8135660452203,0,"6695;6708;6721;6734",1625,TRUE,1
"HPC","MD_BayesMVP_WCP","BayesMVP_NicoStan",50000,4,128,32,4,12,"3f8ed78629bdab9b833b52bd1450ea30","state_allocation_thread_setup_sampling_divergence_check","iteration_difference","main_scaling","two_run_difference",NA,4,5.20581818181811,5.26418181818173,0.570999645395112,1.50375000000008,6.27575000000002,1.06993181818191,0.433818181818176,1.53650000000005,6.21899999999994,1.09750000000005,0.438681818181811,0,FALSE,FALSE,6.14696842693498,73.7636211232198,0,"6697;6710;6723;6736",1627,TRUE,1
"HPC","MD_BayesMVP_WCP","BayesMVP_NicoStan",50000,4,180,45,4,12,"3f8ed78629bdab9b833b52bd1450ea30","state_allocation_thread_setup_sampling_divergence_check","iteration_difference","main_scaling","two_run_difference",NA,4,8.78727272727292,8.76763636363665,0.69845733200243,1.77899999999994,9.83400000000012,1.0467272727272,0.732272727272743,1.84749999999997,9.70900000000017,1.10127272727268,0.730636363636387,0,FALSE,FALSE,5.12104283053992,61.4525139664791,0,"6698;6711;6724;6737",1628,TRUE,1
"HPC","MD_BayesMVP_WCP","BayesMVP_NicoStan",50000,50,8,4,2,100,"3f8ed78629bdab9b833b52bd1450ea30","state_allocation_thread_setup_sampling_divergence_check","iteration_difference","main_scaling","two_run_difference",NA,4,9.71161616161615,9.72727272727249,0.0558486300881151,0.135999999999996,9.75049999999999,0.0388838383838341,0.0971161616161615,0.135999999999967,9.76849999999979,0.0385454545454193,0.0972727272727249,0,FALSE,FALSE,0.411877892766135,41.1877892766135,0,"6901;6926;6951;6976",1672,TRUE,1
"HPC","MD_BayesMVP_WCP","BayesMVP_NicoStan",50000,50,64,4,16,100,"3f8ed78629bdab9b833b52bd1450ea30","state_allocation_thread_setup_sampling_divergence_check","iteration_difference","main_scaling","two_run_difference",NA,4,3.26161616161606,3.29040404040392,0.0971764070632983,0.0955000000001291,3.32450000000003,0.0628838383839685,0.0326161616161606,0.0940000000002783,3.35449999999986,0.0616717171719963,0.0329040404040392,0,FALSE,FALSE,1.22638587798084,122.638587798084,0,"6904;6929;6954;6979",1675,TRUE,1
"HPC","MD_BayesMVP_WCP","BayesMVP_NicoStan",50000,50,16,8,2,100,"3f8ed78629bdab9b833b52bd1450ea30","state_allocation_thread_setup_sampling_divergence_check","iteration_difference","main_scaling","two_run_difference",NA,4,9.69924242424228,9.62121212121216,0.354856957366264,0.173250000000138,9.77549999999999,0.0762575757577152,0.0969924242424228,0.175500000000284,9.69250000000005,0.0812272727275338,0.0962121212121216,0,FALSE,FALSE,0.824806685932997,82.4806685932997,0,"6908;6933;6958;6983",1679,TRUE,1
"HPC","MD_BayesMVP_WCP","BayesMVP_NicoStan",50000,50,64,8,8,100,"3f8ed78629bdab9b833b52bd1450ea30","state_allocation_thread_setup_sampling_divergence_check","iteration_difference","main_scaling","two_run_difference",NA,4,4.29898989898973,4.30050505050493,0.199630648984822,0.127000000000038,4.38299999999987,0.0840101010101407,0.0429898989898973,0.1280000000001,4.38249999999982,0.0853131313132326,0.0430050505050493,0,FALSE,FALSE,1.86090225563917,186.090225563917,0,"6910;6935;6960;6985",1681,TRUE,1
"HPC","MD_BayesMVP_WCP","BayesMVP_NicoStan",50000,100,16,4,4,100,"3f8ed78629bdab9b833b52bd1450ea30","state_allocation_thread_setup_sampling_divergence_check","iteration_difference","main_scaling","two_run_difference",NA,4,5.9159090909091,5.82171717171719,0.209251674560785,0.104250000000178,5.96100000000018,0.0450909090910871,0.059159090909091,0.10100000000017,5.87050000000022,0.0417828282831919,0.0582171717171719,0,FALSE,FALSE,0.676142912024586,67.6142912024586,0,"7002;7027;7052;7077",1698,TRUE,1
"HPC","MD_BayesMVP_WCP","BayesMVP_NicoStan",50000,100,32,8,4,100,"3f8ed78629bdab9b833b52bd1450ea30","state_allocation_thread_setup_sampling_divergence_check","iteration_difference","main_scaling","two_run_difference",NA,4,6.2444444444442,6.27222222222233,0.165707883978991,0.154250000000133,6.33624999999989,0.0918055555556905,0.062444444444442,0.156999999999869,6.36649999999997,0.0942777777776453,0.0627222222222233,0,FALSE,FALSE,1.28113879003564,128.113879003564,0,"7009;7034;7059;7084",1705,TRUE,1
"HPC","MD_BayesMVP_WCP","BayesMVP_NicoStan",50000,100,96,8,12,100,"3f8ed78629bdab9b833b52bd1450ea30","state_allocation_thread_setup_sampling_divergence_check","iteration_difference","main_scaling","two_run_difference",NA,4,4.83762626262642,4.82626262626299,0.120283691802209,0.142749999999864,4.93200000000002,0.0943737373736003,0.0483762626262642,0.1394999999996,4.91750000000002,0.0912373737369704,0.0482626262626299,0,FALSE,FALSE,1.65370360703654,165.370360703654,0,"7011;7036;7061;7086",1707,TRUE,1
"HPC","MD_BayesMVP_WCP","BayesMVP_NicoStan",50000,100,128,8,16,100,"3f8ed78629bdab9b833b52bd1450ea30","state_allocation_thread_setup_sampling_divergence_check","iteration_difference","main_scaling","two_run_difference",NA,4,5.06893939393976,5.13787878787879,0.186476747949944,0.136749999999807,5.15500000000017,0.0860606060604098,0.0506893939393976,0.133499999999856,5.22800000000001,0.0819999999995998,0.0513787878787879,0,FALSE,FALSE,1.57823942609464,157.823942609464,0,"7012;7037;7062;7087",1708,TRUE,1
"HPC","MD_BayesMVP_WCP","BayesMVP_NicoStan",50000,100,176,8,22,100,"3f8ed78629bdab9b833b52bd1450ea30","state_allocation_thread_setup_sampling_divergence_check","iteration_difference","main_scaling","two_run_difference",NA,4,4.97550505050461,5.03232323232286,0.202019149829267,0.170750000000254,5.09649999999982,0.120994949495208,0.0497550505050461,0.173000000000172,5.15049999999997,0.123813131313309,0.0503232323232286,0,FALSE,FALSE,1.60787697304993,160.787697304993,0,"7013;7038;7063;7088",1709,TRUE,1
"HPC","MD_BayesMVP_WCP","BayesMVP_NicoStan",50000,100,32,16,2,100,"3f8ed78629bdab9b833b52bd1450ea30","state_allocation_thread_setup_sampling_divergence_check","iteration_difference","main_scaling","two_run_difference",NA,4,10.5608585858586,10.6964646464645,0.361202456012696,0.25525000000016,10.7105000000002,0.149641414141574,0.105608585858586,0.258000000000209,10.8475000000001,0.151035353535564,0.106964646464645,0,FALSE,FALSE,1.51502833504698,151.502833504698,0,"7014;7039;7064;7089",1710,TRUE,1
"HPC","MD_BayesMVP_WCP","BayesMVP_NicoStan",50000,100,64,16,4,100,"3f8ed78629bdab9b833b52bd1450ea30","state_allocation_thread_setup_sampling_divergence_check","iteration_difference","main_scaling","two_run_difference",NA,4,6.78106060606025,6.7641414141412,0.0863321264906517,0.207250000000215,6.92049999999986,0.139439393939613,0.0678106060606025,0.200500000000261,6.91049999999996,0.132520202020468,0.067641414141412,0,FALSE,FALSE,2.35951290358632,235.951290358632,0,"7015;7040;7065;7090",1711,TRUE,1
"HPC","MD_BayesMVP_WCP","BayesMVP_NicoStan",50000,100,96,16,6,100,"3f8ed78629bdab9b833b52bd1450ea30","state_allocation_thread_setup_sampling_divergence_check","iteration_difference","main_scaling","two_run_difference",NA,4,7.13409090909108,7.206565656566,0.172660067261325,0.207249999999931,7.2700000000001,0.13590909090902,0.0713409090909108,0.197999999999865,7.32950000000028,0.125702020201883,0.07206565656566,0,FALSE,FALSE,2.2427524689391,224.27524689391,0,"7016;7041;7066;7091",1712,TRUE,1
"HPC","MD_BayesMVP_WCP","BayesMVP_NicoStan",50000,100,128,16,8,100,"3f8ed78629bdab9b833b52bd1450ea30","state_allocation_thread_setup_sampling_divergence_check","iteration_difference","main_scaling","two_run_difference",NA,4,7.25757575757562,7.22424242424253,0.22945677114054,0.211250000000007,7.39624999999987,0.138674242424251,0.0725757575757562,0.210000000000036,7.37399999999997,0.139262626262666,0.0722424242424253,0,FALSE,FALSE,2.20459290187896,220.459290187896,0,"7017;7042;7067;7092",1713,TRUE,1
"HPC","MD_BayesMVP_WCP","BayesMVP_NicoStan",50000,100,176,16,11,100,"3f8ed78629bdab9b833b52bd1450ea30","state_allocation_thread_setup_sampling_divergence_check","iteration_difference","main_scaling","two_run_difference",NA,4,7.03686868686834,7.12626262626235,0.290522446949009,0.24550000000022,7.21199999999988,0.175131313131537,0.0703686868686834,0.240500000000225,7.30649999999991,0.16912626262649,0.0712626262626235,0,FALSE,FALSE,2.27373860618686,227.373860618686,0,"7018;7043;7068;7093",1714,TRUE,1
"HPC","MD_BayesMVP_WCP","BayesMVP_NicoStan",50000,100,64,32,2,25,"3f8ed78629bdab9b833b52bd1450ea30","state_allocation_thread_setup_sampling_divergence_check","iteration_difference","main_scaling","two_run_difference",NA,4,2.96171875000013,2.9796875,0.0399052607080844,0.298249999999825,3.14149999999995,0.17978124999982,0.118468750000005,0.297999999999774,3.15300000000002,0.180249999999764,0.1191875,0,FALSE,FALSE,10.8045370614609,270.113426536522,0,"7020;7045;7070;7095",1716,TRUE,1
"HPC","MD_BayesMVP_WCP","BayesMVP_NicoStan",50000,100,128,32,4,25,"3f8ed78629bdab9b833b52bd1450ea30","state_allocation_thread_setup_sampling_divergence_check","iteration_difference","main_scaling","two_run_difference",NA,4,2.91666666666674,2.91510416666654,0.0440876520676335,0.291749999999979,3.09175000000005,0.17508333333331,0.116666666666669,0.292500000000018,3.09099999999989,0.175895833333357,0.116604166666662,0,FALSE,FALSE,10.9714285714283,274.285714285708,0,"7021;7046;7071;7096",1717,TRUE,1
"HPC","MD_BayesMVP_WCP","BayesMVP_NicoStan",50000,100,96,48,2,25,"3f8ed78629bdab9b833b52bd1450ea30","state_allocation_thread_setup_sampling_divergence_check","iteration_difference","main_scaling","two_run_difference",NA,4,4.35989583333338,4.34791666666664,0.0455285001806661,0.446749999999952,4.63225,0.272354166666616,0.174395833333335,0.441000000000031,4.61500000000001,0.267083333333365,0.173916666666666,0,FALSE,FALSE,11.0094373432086,275.235933580214,0,"7023;7048;7073;7098",1719,TRUE,1
"HPC","MD_BayesMVP_WCP","BayesMVP_NicoStan",50000,100,128,64,2,25,"3f8ed78629bdab9b833b52bd1450ea30","state_allocation_thread_setup_sampling_divergence_check","iteration_difference","main_scaling","two_run_difference",NA,4,5.65104166666686,5.6750000000001,0.146829435406652,0.557999999999879,5.98300000000006,0.331958333333205,0.226041666666674,0.555000000000064,6.00999999999999,0.331479166666725,0.227000000000004,0,FALSE,FALSE,11.3253456221194,283.133640552986,0,"7024;7049;7074;7099",1720,TRUE,1
"HPC","MD_BayesMVP_WCP","BayesMVP_NicoStan",50000,100,180,90,2,25,"3f8ed78629bdab9b833b52bd1450ea30","state_allocation_thread_setup_sampling_divergence_check","iteration_difference","main_scaling","two_run_difference",NA,4,6.81093750000012,6.79687500000033,0.266515392205133,0.737999999999943,7.27650000000006,0.465562499999938,0.272437500000005,0.736999999999853,7.25250000000005,0.468020833333308,0.271875000000013,0,FALSE,FALSE,13.214039917412,330.350997935301,0,"7025;7050;7075;7100",1721,TRUE,1
"HPC","MD_BayesMVP_WCP","BayesMVP_NicoStan",50000,250,32,4,8,100,"3f8ed78629bdab9b833b52bd1450ea30","state_allocation_thread_setup_sampling_divergence_check","iteration_difference","main_scaling","two_run_difference",NA,4,4.1739898989897,4.16414141414096,0.155341964953482,0.0805000000000575,4.21274999999986,0.0387601010101606,0.041739898989897,0.081000000000131,4.20049999999969,0.0404141414142767,0.0416414141414096,0,FALSE,FALSE,0.958315687579452,95.8315687579452,0,"7103;7128;7153;7178",1724,TRUE,1
"HPC","MD_BayesMVP_WCP","BayesMVP_NicoStan",50000,250,96,24,4,25,"3f8ed78629bdab9b833b52bd1450ea30","state_allocation_thread_setup_sampling_divergence_check","iteration_difference","main_scaling","two_run_difference",NA,4,2.39583333333293,2.39010416666616,0.0501516796547605,0.260750000000257,2.56074999999987,0.16491666666694,0.0958333333333172,0.265500000000202,2.5659999999998,0.171083333333542,0.0956041666666465,0,FALSE,FALSE,10.0173913043495,250.434782608738,0,"7119;7144;7169;7194",1740,TRUE,1
"HPC","MD_BayesMVP_WCP","BayesMVP_NicoStan",50000,500,128,4,32,100,"3f8ed78629bdab9b833b52bd1450ea30","state_allocation_thread_setup_sampling_divergence_check","iteration_difference","main_scaling","two_run_difference",NA,4,3.86994949494931,3.89393939393895,0.184997226314753,0.0944999999999538,3.92574999999977,0.0558005050504608,0.0386994949494931,0.0935000000000628,3.95299999999952,0.0560959595960261,0.0389393939393895,0,FALSE,FALSE,1.03360522022844,103.360522022844,0,"7206;7231;7256;7281",1752,TRUE,1
"HPC","MD_BayesMVP_WCP","BayesMVP_NicoStan",50000,500,180,45,4,25,"3f8ed78629bdab9b833b52bd1450ea30","state_allocation_thread_setup_sampling_divergence_check","iteration_difference","main_scaling","two_run_difference",NA,4,3.61510416666668,3.58854166666684,0.14053495059206,0.380499999999984,3.851,0.235895833333316,0.144604166666667,0.378999999999905,3.80700000000002,0.237562499999901,0.143541666666674,0,FALSE,FALSE,12.4477740959515,311.194352398788,0,"7222;7247;7272;7297",1768,TRUE,1
"HPC","MD_BayesMVP_WCP","BayesMVP_NicoStan",500,8,32,4,8,2000,"5fff1836d43ae39c037ca22d13a50ed5","state_allocation_thread_setup_sampling_divergence_check","iteration_difference","main_scaling","two_run_difference",NA,4,3.96898449224594,3.96198099049506,0.0582471047381005,0.00550000000006889,3.97249999999988,0.00351550775394593,0.00198449224612297,0.00500000000010914,3.96499999999986,0.00303651825923884,0.00198099049524753,0,FALSE,FALSE,1.00781446937237,2015.62893874474,0,"7401;7405;7409;7413",1797,TRUE,1
"HPC","MD_BayesMVP_WCP","BayesMVP_NicoStan",500,8,64,8,8,2000,"5fff1836d43ae39c037ca22d13a50ed5","state_allocation_thread_setup_sampling_divergence_check","iteration_difference","main_scaling","two_run_difference",NA,4,4.09529764882428,4.05552776388176,0.093024556281593,0.00925000000000864,4.10249999999988,0.0072023511755965,0.00204764882441214,0.00950000000011642,4.06399999999991,0.00747648824423867,0.00202776388194088,0,FALSE,FALSE,1.95345996457589,3906.91992915178,0,"7402;7406;7410;7414",1798,TRUE,1
"HPC","MD_BayesMVP_WCP","BayesMVP_NicoStan",500,6,96,16,6,2000,"5fff1836d43ae39c037ca22d13a50ed5","state_allocation_thread_setup_sampling_divergence_check","iteration_difference","main_scaling","two_run_difference",NA,4,5.01125562781418,5.06553276638318,0.349541221013051,0.0114999999997565,5.02025000000003,0.00899437218584939,0.00250562781390709,0.0114999999997849,5.07449999999972,0.00902151075516231,0.00253276638319159,0,FALSE,FALSE,3.19281257798834,6385.62515597669,0,"7403;7407;7411;7415",1799,TRUE,1
"HPC","MD_BayesMVP_WCP","BayesMVP_NicoStan",500,8,128,16,8,2000,"5fff1836d43ae39c037ca22d13a50ed5","state_allocation_thread_setup_sampling_divergence_check","iteration_difference","main_scaling","two_run_difference",NA,4,5.59979989995004,5.60680340170101,0.0933776411712155,0.0109999999999388,5.608,0.00820010004996382,0.00279989994997502,0.0109999999997967,5.61549999999988,0.00823911955957659,0.0028034017008505,0,FALSE,FALSE,2.85724495265317,5714.48990530635,0,"7404;7408;7412;7416",1800,TRUE,1
"HPC","MD_BayesMVP_WCP","BayesMVP_NicoStan",2500,8,32,4,8,400,"229e14792b0f4550a6f1e0887b422826","state_allocation_thread_setup_sampling_divergence_check","iteration_difference","main_scaling","two_run_difference",NA,4,1.42255639097748,1.39699248120314,0.0755236172884264,0.0102500000000703,1.42925000000011,0.00669360902262655,0.00355639097744371,0.0100000000002183,1.40300000000025,0.00634837092753745,0.00349248120300785,0,FALSE,FALSE,2.81183932346715,1124.73572938686,0,"7417;7421;7425;7429",1801,TRUE,1
"HPC","MD_BayesMVP_WCP","BayesMVP_NicoStan",2500,8,64,8,8,400,"229e14792b0f4550a6f1e0887b422826","state_allocation_thread_setup_sampling_divergence_check","iteration_difference","main_scaling","two_run_difference",NA,4,1.66466165413572,1.68370927318332,0.213296804053429,0.0177499999996371,1.67825000000002,0.0135883458642978,0.0041616541353393,0.0179999999995744,1.69749999999993,0.0137907268166161,0.00420927318295829,0,FALSE,FALSE,4.80578139114614,1922.31255645845,0,"7418;7422;7426;7430",1802,TRUE,1
"HPC","MD_BayesMVP_WCP","BayesMVP_NicoStan",2500,6,96,16,6,400,"229e14792b0f4550a6f1e0887b422826","state_allocation_thread_setup_sampling_divergence_check","iteration_difference","main_scaling","two_run_difference",NA,4,2.08095238095247,2.06766917293233,0.0463860057173249,0.0224999999998658,2.09824999999995,0.0172976190474847,0.00520238095238116,0.0220000000000482,2.08399999999972,0.0167167919799982,0.00516917293233083,0,FALSE,FALSE,7.68878718535438,3075.51487414175,0,"7419;7423;7427;7431",1803,TRUE,1
"HPC","MD_BayesMVP_WCP","BayesMVP_NicoStan",2500,8,128,16,8,400,"229e14792b0f4550a6f1e0887b422826","state_allocation_thread_setup_sampling_divergence_check","iteration_difference","main_scaling","two_run_difference",NA,4,2.3022556390979,2.32030075187965,0.109122856904898,0.0244999999998186,2.32099999999997,0.0187443609020738,0.00575563909774474,0.0244999999998754,2.34100000000001,0.0186904761903513,0.00580075187969913,0,FALSE,FALSE,6.94970607446068,2779.88242978427,0,"7420;7424;7428;7432",1804,TRUE,1
"HPC","MD_BayesMVP_WCP","BayesMVP_NicoStan",10000,2,64,32,2,50,"b97502ef4c1796520d0acd01a82ea24d","state_allocation_thread_setup_sampling_divergence_check","iteration_difference","main_scaling","two_run_difference",NA,4,2.32857142857135,2.3479591836734,0.0851577331268778,0.120000000000005,2.40199999999993,0.0734285714285775,0.046571428571427,0.120499999999993,2.41799999999989,0.0728163265306073,0.046959183673468,0,FALSE,FALSE,13.742331288344,687.1165644172,0,"7436;7443;7450;7457",1808,TRUE,1
"HPC","MD_BayesMVP_WCP","BayesMVP_NicoStan",10000,2,96,48,2,50,"b97502ef4c1796520d0acd01a82ea24d","state_allocation_thread_setup_sampling_divergence_check","iteration_difference","main_scaling","two_run_difference",NA,4,3.85408163265299,3.84591836734694,0.077030115939491,0.161500000000046,3.93849999999998,0.0844183673469866,0.0770816326530598,0.163999999999987,3.92450000000008,0.0862857142857017,0.0769183673469389,0,FALSE,FALSE,12.4543288324069,622.716441620345,0,"7437;7444;7451;7458",1809,TRUE,1
"HPC","MD_BayesMVP_WCP","BayesMVP_NicoStan",10000,2,128,64,2,50,"b97502ef4c1796520d0acd01a82ea24d","state_allocation_thread_setup_sampling_divergence_check","iteration_difference","main_scaling","two_run_difference",NA,4,5.58826530612244,5.55255102040807,0.128291726858624,0.209499999999935,5.68599999999992,0.0977346938774858,0.111765306122449,0.209999999999809,5.65549999999985,0.0986224489796518,0.111051020408161,0,FALSE,FALSE,11.4525700721264,572.628503606319,0,"7438;7445;7452;7459",1810,TRUE,1
"HPC","MD_BayesMVP_WCP","BayesMVP_NicoStan",10000,2,180,90,2,50,"b97502ef4c1796520d0acd01a82ea24d","state_allocation_thread_setup_sampling_divergence_check","iteration_difference","main_scaling","two_run_difference",NA,4,9.44872448979609,9.44489795918376,0.0140499248653885,0.324499999999944,9.58425000000011,0.135525510204022,0.188974489795922,0.322000000000116,9.58100000000013,0.132908163265423,0.188897959183675,0,FALSE,FALSE,9.52509516995582,476.254758497791,0,"7439;7446;7453;7460",1811,TRUE,1
"HPC","MD_BayesMVP_WCP","BayesMVP_NicoStan",10000,8,32,4,8,200,"b97502ef4c1796520d0acd01a82ea24d","state_allocation_thread_setup_sampling_divergence_check","iteration_difference","main_scaling","two_run_difference",NA,4,1.84296482412038,1.85326633165834,0.0264428585268625,0.0297500000000923,1.86349999999987,0.0205351758794904,0.00921482412060192,0.0284999999997808,1.87449999999978,0.0192236180902331,0.00926633165829171,0,FALSE,FALSE,2.17041581458785,434.08316291757,0,"7461;7465;7469;7473",1812,TRUE,1
"HPC","MD_BayesMVP_WCP","BayesMVP_NicoStan",10000,8,64,8,8,200,"b97502ef4c1796520d0acd01a82ea24d","state_allocation_thread_setup_sampling_divergence_check","iteration_difference","main_scaling","two_run_difference",NA,4,2.08969849246208,2.06733668341642,0.137095091443357,0.0467500000000882,2.12599999999986,0.0363015075377778,0.0104484924623104,0.0454999999998336,2.10499999999968,0.0349396984922948,0.0103366834170821,0,FALSE,FALSE,3.82830347481104,765.660694962209,0,"7462;7466;7470;7474",1813,TRUE,1
"HPC","MD_BayesMVP_WCP","BayesMVP_NicoStan",10000,24,96,4,24,200,"b97502ef4c1796520d0acd01a82ea24d","state_allocation_thread_setup_sampling_divergence_check","iteration_difference","main_scaling","two_run_difference",NA,4,1.82085427135669,1.81507537688446,0.124001190362746,0.0240000000001146,1.83575000000002,0.0148957286433312,0.00910427135678344,0.0240000000002283,1.82900000000006,0.0143793969851536,0.00907537688442231,0,FALSE,FALSE,2.19677107768744,439.354215537487,0,"7478;7484;7490;7496",1817,TRUE,1
"HPC","MD_BayesMVP_WCP","BayesMVP_NicoStan",10000,16,128,8,16,200,"b97502ef4c1796520d0acd01a82ea24d","state_allocation_thread_setup_sampling_divergence_check","iteration_difference","main_scaling","two_run_difference",NA,4,2.3718592964822,2.38442211055225,0.0919181423439159,0.0450000000000159,2.4049999999998,0.0331407035176049,0.011859296482411,0.0449999999999591,2.41799999999967,0.0333592964823727,0.0119221105527613,0,FALSE,FALSE,3.37288135593251,674.576271186502,0,"7480;7486;7492;7498",1819,TRUE,1
"HPC","MD_BayesMVP_WCP","BayesMVP_NicoStan",10000,44,176,4,44,200,"b97502ef4c1796520d0acd01a82ea24d","state_allocation_thread_setup_sampling_divergence_check","iteration_difference","main_scaling","two_run_difference",NA,4,2.52185929648231,2.53869346733652,0.217719427507314,0.0702500000000441,2.57949999999994,0.0576407035176326,0.0126092964824115,0.0625000000001137,2.60399999999981,0.0499748743719732,0.0126934673366826,0,FALSE,FALSE,1.58613131413776,317.226262827551,0,"7502;7504;7506;7508",1823,TRUE,1
"HPC","MD_BayesMVP_WCP","BayesMVP_NicoStan",50000,2,64,32,2,12,"3f8ed78629bdab9b833b52bd1450ea30","state_allocation_thread_setup_sampling_divergence_check","iteration_difference","main_scaling","two_run_difference",NA,4,6.60518181818171,6.37036363636368,0.599469765709511,0.941499999999905,6.9962499999998,0.391068181818096,0.550431818181809,0.942999999999984,6.77949999999987,0.381545454545238,0.53086363636364,0,FALSE,FALSE,4.84468117318367,58.136174078204,0,"7512;7519;7526;7533",1827,TRUE,1
"HPC","MD_BayesMVP_WCP","BayesMVP_NicoStan",50000,2,96,48,2,12,"3f8ed78629bdab9b833b52bd1450ea30","state_allocation_thread_setup_sampling_divergence_check","iteration_difference","main_scaling","two_run_difference",NA,4,10.8919090909093,10.4481818181819,1.04522237738285,1.82124999999985,11.8055000000001,0.913590909090741,0.907659090909109,1.3929999999998,11.8364999999999,0.50099999999977,0.870681818181827,0,FALSE,FALSE,4.40694093196776,52.8832911836131,0,"7513;7520;7527;7534",1828,TRUE,1
"HPC","MD_BayesMVP_WCP","BayesMVP_NicoStan",50000,2,128,64,2,12,"3f8ed78629bdab9b833b52bd1450ea30","state_allocation_thread_setup_sampling_divergence_check","iteration_difference","main_scaling","two_run_difference",NA,4,15.1554545454545,15.1898181818182,0.185991735353746,3.32875000000001,17.2212499999999,2.06579545454547,1.26295454545454,3.32799999999997,17.2535,2.06790909090908,1.26581818181818,0,FALSE,FALSE,4.2229020454682,50.6748245456184,0,"7514;7521;7528;7535",1829,TRUE,1
"HPC","MD_BayesMVP_WCP","BayesMVP_NicoStan",50000,2,180,90,2,12,"3f8ed78629bdab9b833b52bd1450ea30","state_allocation_thread_setup_sampling_divergence_check","iteration_difference","main_scaling","two_run_difference",NA,4,25.0753636363636,25.0134545454546,0.21977486602328,5.91875000000005,28.9045,3.82913636363641,2.08961363636363,5.96849999999995,28.8975,3.8746363636366,2.08445454545455,0,FALSE,FALSE,3.58918025298284,43.070163035794,0,"7515;7522;7529;7536",1830,TRUE,1
"HPC","MD_BayesMVP_WCP","BayesMVP_NicoStan",50000,24,96,4,24,100,"3f8ed78629bdab9b833b52bd1450ea30","state_allocation_thread_setup_sampling_divergence_check","iteration_difference","main_scaling","two_run_difference",NA,4,3.61287878787896,3.68434343434336,0.209544028290934,0.144249999999886,3.72100000000006,0.108121212121096,0.0361287878787896,0.128499999999804,3.7645,0.0931060606058605,0.0368434343434336,0,FALSE,FALSE,1.10715034598443,110.715034598443,0,"7554;7560;7566;7572",1836,TRUE,1
"HPC","MD_BayesMVP_WCP","BayesMVP_NicoStan",50000,44,176,4,44,100,"3f8ed78629bdab9b833b52bd1450ea30","state_allocation_thread_setup_sampling_divergence_check","iteration_difference","main_scaling","two_run_difference",NA,4,4.1002525252526,4.14545454545459,0.187678425800671,0.175000000000011,4.23425000000009,0.133997474747485,0.041002525252526,0.185500000000047,4.28999999999985,0.144545454545262,0.0414545454545459,0,FALSE,FALSE,0.975549670505617,97.5549670505617,0,"7578;7580;7582;7584",1842,TRUE,1
