unix_time,phase,Tctl,Tccd1,Tccd2,Tccd3,Tccd4,Tccd5,Tccd6,Tccd7,Tccd8,Tccd9,Tccd10,Tccd11,Tccd12,package_energy_joules,pswpin,pswpout
1791010276.868,idle_baseline,58.500,45.875,44.750,44.875,46.750,45.375,53.250,44.500,59.375,46.000,44.125,43.500,45.625,0.000,11349156,110757108
1791010277.870,idle_baseline,59.000,46.375,44.750,44.875,45.875,45.375,53.250,44.500,59.375,46.500,44.500,43.500,47.125,119.841,11349156,110757108
1791010278.871,idle_baseline,59.250,46.375,44.250,45.625,45.625,45.375,53.750,44.125,59.750,46.000,44.500,43.500,45.125,237.908,11349156,110757108
1791010279.872,idle_baseline,59.250,46.375,45.125,44.875,45.625,45.875,53.750,45.000,59.375,46.500,45.625,44.000,45.125,357.150,11349156,110757108
1791010280.873,idle_baseline,59.000,46.375,44.750,44.375,45.625,44.875,53.250,44.500,46.375,47.250,44.500,44.500,55.875,474.463,11349156,110757108
1791010281.874,idle_baseline,58.750,45.875,44.250,44.375,45.625,47.875,53.250,45.000,45.875,46.500,44.500,45.000,55.500,592.899,11349156,110757108
1791010282.875,idle_baseline,58.500,46.375,44.250,44.875,48.250,45.375,53.250,44.125,46.375,46.500,44.500,43.500,56.375,710.493,11349156,110757108
1791010283.876,idle_baseline,58.250,45.875,43.750,44.375,46.500,49.000,53.250,44.500,46.375,46.500,45.500,43.125,56.375,828.468,11349157,110757108
1791010284.877,idle_baseline,58.125,46.375,44.750,44.375,45.625,45.375,53.250,45.000,46.375,46.500,45.875,43.125,55.875,947.428,11349157,110757108
1791010285.879,idle_baseline,58.000,46.375,44.250,44.375,50.250,45.375,53.250,44.500,46.375,46.500,46.000,43.500,56.375,1064.519,11349157,110757108
1791010286.881,idle_baseline,57.750,46.375,45.250,44.375,45.625,45.375,52.750,44.500,46.375,46.000,44.500,43.500,56.375,1183.367,11349157,110757108
1791010287.882,idle_baseline,57.625,45.875,46.750,44.375,45.625,45.375,53.750,44.500,49.250,46.000,45.000,43.500,56.875,1305.311,11349157,110757108
1791010288.883,idle_baseline,57.625,51.250,47.500,44.375,45.625,45.875,53.750,44.500,46.375,56.750,44.500,43.500,45.125,1424.378,11349157,110757108
1791010289.884,idle_baseline,57.500,45.875,44.750,44.375,45.625,45.375,53.250,44.500,45.875,56.375,45.000,43.500,46.875,1542.178,11349157,110757108
1791010290.885,idle_baseline,57.500,45.875,44.750,44.375,46.000,45.875,52.750,45.000,45.875,56.375,44.500,46.125,45.125,1658.991,11349157,110757108
1791010291.886,idle_baseline,57.375,46.375,44.250,44.375,49.750,45.375,52.750,44.500,45.875,56.750,44.500,46.500,45.125,1777.496,11349157,110757108
1791010292.887,idle_baseline,57.375,48.625,44.250,44.375,45.625,45.875,53.250,44.500,55.750,47.000,45.000,44.000,44.750,1896.669,11349158,110757108
1791010293.888,idle_baseline,57.250,46.375,44.250,44.375,45.625,45.875,52.750,44.500,56.625,46.500,44.125,44.875,45.125,2014.089,11349158,110757108
1791010294.890,idle_baseline,57.125,45.875,44.250,44.375,45.625,45.375,53.250,45.000,56.625,46.500,48.875,44.500,45.125,2133.203,11349158,110757108
1791010295.891,idle_baseline,57.125,45.875,44.750,44.375,45.625,45.375,52.750,45.000,56.625,46.000,44.500,44.500,45.125,2253.789,11349158,110757108
1791010296.892,idle_baseline,57.000,46.375,44.250,44.375,46.000,46.375,53.250,44.500,56.250,46.500,44.125,48.250,45.125,2372.950,11349158,110757108
1791010297.893,idle_baseline,57.000,46.875,44.250,44.375,45.625,45.375,53.250,44.500,56.625,46.500,44.500,44.000,46.875,2492.042,11349158,110757108
1791010298.894,idle_baseline,56.875,46.375,47.875,44.375,47.875,45.375,52.750,44.500,56.625,46.500,44.125,43.500,47.250,2611.613,11349158,110757108
1791010299.895,idle_baseline,56.875,46.375,47.125,43.875,49.250,45.875,54.125,46.875,56.625,46.500,44.500,44.000,45.125,2734.458,11349158,110757108
1791010300.897,idle_baseline,56.875,48.000,44.250,44.875,46.500,45.875,53.250,47.750,57.500,46.500,44.125,44.500,45.125,2856.401,11349158,110757108
1791010301.898,idle_baseline,56.875,45.875,44.250,44.875,46.500,45.875,53.250,47.000,56.625,46.500,44.500,44.000,45.125,2976.532,11349158,110757108
1791010302.899,idle_baseline,56.875,45.875,44.250,44.375,49.750,45.375,53.250,44.500,56.625,46.000,44.500,44.000,45.125,3093.522,11349159,110757108
1791010303.900,idle_baseline,57.000,46.375,44.250,46.000,46.000,45.875,53.250,44.500,56.625,46.500,44.500,44.000,45.125,3213.609,11349159,110757108
1791010304.901,idle_baseline,56.875,45.875,44.250,46.375,45.625,45.375,53.250,45.000,56.625,46.000,44.500,44.000,44.750,3331.330,11349159,110757108
1791010305.903,idle_baseline,56.875,46.375,45.625,45.625,45.750,45.375,53.250,45.000,56.250,46.500,44.500,44.000,45.125,3450.819,11349159,110757108
1791010306.904,idle_baseline,56.875,45.875,44.750,44.875,46.000,45.375,53.750,45.250,56.250,46.500,44.500,44.000,46.750,3568.514,11349159,110757108
1791010307.905,idle_baseline,56.750,45.875,44.750,44.875,46.250,45.875,53.750,45.250,56.250,47.750,44.125,44.000,45.125,3687.457,11349159,110757108
1791010308.906,idle_baseline,56.750,45.875,44.250,44.875,46.000,45.375,53.250,46.500,56.625,47.750,44.500,43.500,45.125,3804.563,11349159,110757108
1791010309.907,idle_baseline,56.750,45.875,44.250,48.000,45.625,48.625,53.250,46.375,56.625,47.000,44.500,44.500,45.125,3923.585,11349159,110757108
1791010310.908,idle_baseline,56.750,46.375,44.250,44.375,45.625,46.375,53.250,44.500,56.625,46.500,44.125,43.500,45.125,4041.188,11349159,110757108
1791010311.909,idle_baseline,56.750,45.875,44.250,44.875,45.625,49.125,53.250,45.000,56.625,46.500,48.875,44.000,45.625,4161.444,11349160,110757108
1791010312.910,idle_baseline,56.750,46.875,44.250,44.375,45.625,45.875,53.250,44.500,56.250,46.000,45.000,43.500,46.875,4282.441,11349160,110757108
1791010313.911,idle_baseline,56.750,46.875,44.250,47.875,45.625,45.375,53.250,45.000,56.625,46.500,44.500,43.500,45.625,4402.062,11349160,110757108
1791010314.912,idle_baseline,56.750,46.375,44.750,44.875,45.625,45.375,52.750,45.500,56.625,46.000,44.125,43.500,46.500,4522.724,11349160,110757108
1791010315.914,idle_baseline,56.750,46.375,44.250,44.375,49.500,45.875,53.250,45.000,56.625,46.000,44.500,43.500,45.625,4641.390,11349160,110757108
1791010316.915,idle_baseline,56.750,46.375,44.750,44.375,45.625,45.875,53.250,44.500,56.625,46.500,44.125,44.500,45.125,4760.816,11349160,110757108
1791010317.916,idle_baseline,56.750,48.000,44.250,44.375,45.250,45.875,53.250,45.000,57.125,46.000,44.125,43.500,44.750,4877.327,11349160,110757108
1791010318.917,idle_baseline,56.750,47.750,44.250,44.875,45.625,45.875,53.250,44.500,57.125,46.000,44.125,43.500,45.125,4995.073,11349160,110757108
1791010319.918,idle_baseline,56.750,48.250,45.125,44.375,46.000,45.875,53.250,45.000,56.250,46.000,44.500,43.500,45.125,5110.839,11349160,110757108
1791010320.920,idle_baseline,56.750,45.875,46.750,44.375,45.625,45.375,53.250,45.000,56.625,46.500,44.500,43.500,45.625,5229.279,11349160,110757108
1791010321.921,idle_baseline,56.500,45.875,44.750,44.375,50.250,45.375,53.750,44.125,45.875,46.500,55.250,43.500,45.125,5345.828,11349160,110757108
1791010322.922,idle_baseline,56.125,45.875,44.250,46.875,45.625,45.375,53.250,45.000,51.250,45.625,55.250,43.500,45.125,5465.395,11349160,110757108
1791010323.923,idle_baseline,56.000,45.875,44.750,44.875,45.625,56.625,53.250,45.000,45.875,46.000,44.500,43.500,44.750,5583.184,11349160,110757108
1791010324.924,idle_baseline,56.500,45.875,44.250,45.250,45.625,45.875,52.750,45.000,55.750,46.500,44.500,46.500,45.125,5701.802,11349160,110757108
1791010325.925,idle_baseline,56.500,45.875,44.250,44.875,45.625,45.375,52.750,44.500,56.250,47.000,44.500,43.500,45.125,5818.444,11349160,110757108
1791010326.927,idle_baseline,56.500,45.875,44.250,45.500,46.000,45.875,53.250,44.500,56.625,46.500,46.750,44.000,53.625,5936.296,11349160,110757108
1791010327.928,idle_baseline,58.000,47.750,44.250,44.375,45.125,45.875,53.750,44.500,58.875,46.500,44.125,43.500,46.000,6054.315,11349160,110757108
1791010328.929,idle_baseline,58.750,50.875,44.250,44.375,45.625,45.875,52.750,46.875,59.375,46.500,44.125,44.000,45.125,6171.511,11349160,110757108
1791010329.930,idle_baseline,59.000,46.375,44.750,44.875,45.625,46.750,52.750,45.875,46.375,46.500,44.500,53.375,45.125,6290.398,11349160,110757108
1791010330.931,idle_baseline,58.500,48.000,44.750,44.375,45.625,45.875,52.750,44.500,46.375,46.500,44.500,53.875,44.750,6408.375,11349160,110757108
1791010331.933,idle_baseline,57.875,45.875,44.250,44.375,45.625,45.625,52.750,45.000,48.625,46.000,44.500,53.875,45.125,6528.160,11349160,110757108
1791010332.934,idle_baseline,57.500,48.000,44.250,44.375,45.625,45.875,53.250,44.500,45.875,46.000,45.000,53.875,44.750,6645.406,11349160,110757108
1791010333.935,idle_baseline,57.000,47.500,44.250,44.875,48.875,45.875,53.250,45.000,45.875,46.500,44.500,53.875,44.750,6764.565,11349160,110757108
1791010334.936,idle_baseline,56.750,46.375,44.250,43.875,57.625,45.875,52.750,45.625,47.250,46.500,44.500,44.500,44.750,6882.293,11349160,110757108
1791010335.937,idle_baseline,57.625,45.875,44.250,44.375,58.125,46.625,52.750,44.500,46.375,48.875,44.500,44.000,45.125,7002.658,11349160,110757108
1791010336.939,idle_baseline,57.625,46.375,44.250,55.125,45.625,45.875,53.250,44.500,45.875,46.500,44.500,43.500,45.750,7121.099,11349160,110757108
1791010337.940,idle_baseline,57.250,48.000,44.250,55.625,45.625,45.875,53.250,44.500,46.375,46.000,44.500,46.875,44.750,7241.721,11349160,110757108
1791010338.941,idle_baseline,56.875,45.875,44.250,55.625,45.125,45.875,52.750,44.500,45.875,47.625,44.500,43.500,44.750,7358.836,11349160,110757108
1791010339.942,idle_baseline,56.500,45.875,44.250,55.625,45.625,45.875,52.750,44.500,49.750,47.000,44.500,44.000,44.750,7476.809,11349160,110757108
1791010340.943,idle_baseline,56.125,45.875,44.250,55.625,45.625,45.375,52.750,44.500,45.875,46.000,44.125,44.750,44.750,7594.298,11349160,110757108
1791010341.944,idle_baseline,55.875,47.250,44.250,56.125,45.125,45.875,52.750,47.000,45.875,46.500,44.500,43.500,44.250,7711.871,11349160,110757108
1791010342.945,idle_baseline,55.750,46.375,43.750,55.125,45.125,45.875,53.250,45.000,45.875,46.000,44.500,44.500,44.750,7829.452,11349160,110757108
1791010343.946,idle_baseline,55.750,48.375,44.250,55.625,45.250,45.875,53.250,48.125,46.375,46.500,45.000,44.000,44.750,7947.464,11349160,110757108
1791010344.947,idle_baseline,55.750,45.875,44.250,55.625,45.125,45.375,53.250,47.250,45.875,46.000,45.000,43.500,44.750,8065.481,11349160,110757108
1791010345.948,idle_baseline,55.750,45.875,44.250,55.625,45.125,45.375,53.250,47.750,45.500,46.000,44.500,44.000,44.750,8181.743,11349160,110757108
1791010346.949,idle_baseline,55.750,50.500,47.000,55.625,45.625,45.875,53.250,49.250,45.875,46.500,44.500,44.000,50.375,8304.731,11349160,110757108
1791010347.950,idle_baseline,55.875,45.875,44.250,55.625,47.375,47.250,52.750,44.500,45.500,51.250,44.500,43.500,44.750,8421.742,11349160,110757108
1791010348.951,idle_baseline,55.625,46.375,44.250,44.875,45.125,45.875,52.750,54.625,45.875,46.500,44.500,45.625,44.750,8539.608,11349160,110757108
1791010349.952,idle_baseline,55.500,45.875,44.750,44.875,45.125,44.875,53.250,54.625,45.875,46.000,44.125,44.000,44.750,8660.620,11349160,110757108
1791010350.953,idle_baseline,55.500,46.375,44.750,44.375,45.125,46.750,52.750,54.625,45.875,46.000,44.500,44.000,44.750,8779.132,11349160,110757108
1791010351.955,idle_baseline,55.375,45.875,44.750,44.875,45.625,47.125,53.250,54.625,45.875,46.500,44.125,43.500,44.750,8896.093,11349160,110757108
1791010352.956,idle_baseline,55.500,45.875,44.250,55.625,45.125,46.625,53.250,45.000,45.875,46.500,44.125,43.500,45.125,9015.073,11349160,110757108
1791010353.956,idle_baseline,55.500,45.875,44.250,55.125,45.125,47.250,53.250,44.500,45.875,46.500,44.125,43.500,44.750,9131.699,11349160,110757108
1791010354.958,idle_baseline,55.500,45.875,43.750,55.625,45.625,46.375,53.250,44.500,45.875,46.500,48.500,43.500,44.750,9250.859,11349160,110757108
1791010355.959,idle_baseline,55.625,45.875,44.250,55.625,45.125,46.375,52.750,44.500,45.875,46.500,44.500,43.500,44.750,9368.106,11349160,110757108
1791010356.960,idle_baseline,55.625,47.000,44.250,55.625,45.125,45.375,53.250,45.000,45.875,46.000,45.500,43.500,44.750,9486.803,11349160,110757108
1791010357.961,idle_baseline,56.125,45.875,44.250,58.250,44.750,45.375,53.250,45.000,45.500,45.625,46.625,44.000,44.250,9604.480,11349160,110757108
1791010358.962,idle_baseline,57.500,45.875,44.250,58.750,45.125,45.375,53.250,47.000,47.250,46.500,44.500,43.500,45.125,9724.968,11349161,110757108
1791010359.963,idle_baseline,58.000,45.875,44.250,57.750,45.125,45.375,53.250,45.000,47.875,46.500,44.500,44.000,44.750,9843.156,11349161,110757108
1791010360.964,idle_baseline,58.125,45.875,44.750,58.250,45.125,45.375,53.250,45.000,50.375,46.000,44.125,43.500,45.125,9960.145,11349161,110757108
1791010361.965,idle_baseline,58.375,45.875,44.250,59.125,45.625,44.875,53.250,45.000,49.875,46.000,44.125,44.000,44.750,10078.568,11349161,110757108
1791010362.967,idle_baseline,58.500,45.875,46.500,58.250,45.625,44.875,53.250,45.000,45.875,46.500,44.500,43.500,46.500,10196.871,11349162,110757108
1791010363.968,idle_baseline,58.500,46.375,44.250,58.250,48.375,44.875,52.750,45.500,46.375,46.000,44.500,43.500,45.625,10315.483,11349163,110757108
1791010364.969,idle_baseline,58.625,45.875,44.250,58.750,45.625,45.375,53.250,45.000,46.375,46.000,44.125,44.000,47.375,10434.809,11349164,110757108
1791010365.970,idle_baseline,58.625,48.375,44.750,58.250,45.625,45.375,53.250,45.000,46.375,46.000,45.000,43.500,45.125,10553.691,11349164,110757108
1791010366.971,idle_baseline,58.625,45.875,44.250,58.250,49.875,44.875,52.750,45.500,45.875,47.000,44.500,44.000,45.125,10672.292,11349164,110757108
1791010367.972,idle_baseline,58.625,45.875,44.250,58.750,45.625,45.375,53.250,50.875,46.375,46.500,45.000,44.000,44.750,10793.745,11349164,110757108
1791010368.974,idle_baseline,58.625,45.875,44.750,57.750,45.125,44.875,53.750,45.000,45.500,46.000,44.500,43.500,44.750,10911.266,11349164,110757108
1791010369.975,idle_baseline,58.625,48.750,46.250,58.750,45.125,44.875,53.750,45.500,45.875,46.000,44.125,43.500,44.750,11030.218,11349164,110757108
1791010370.976,idle_baseline,58.625,45.875,44.250,58.750,45.125,46.500,53.250,45.000,45.875,46.000,44.500,43.500,44.750,11148.256,11349164,110757108
1791010371.977,idle_baseline,58.625,45.875,44.250,58.250,45.125,45.875,52.750,45.000,45.875,49.875,44.500,43.500,44.750,11265.921,11349164,110757108
1791010372.978,idle_baseline,58.625,46.375,44.250,59.125,45.625,45.375,53.250,45.500,46.375,46.500,44.500,44.000,45.125,11390.699,11349165,110757108
1791010373.980,idle_baseline,58.500,46.375,44.250,45.250,47.000,45.375,53.250,54.625,45.875,47.000,44.500,44.000,45.125,11511.017,11349165,110757108
1791010374.981,idle_baseline,58.125,45.875,44.250,44.375,45.125,45.375,53.250,55.125,45.875,48.750,44.500,44.500,44.750,11631.148,11349165,110757108
1791010375.982,idle_baseline,57.750,45.875,44.250,44.375,45.125,44.875,53.250,54.625,45.500,46.500,44.125,43.500,44.750,11749.074,11349165,110757108
1791010376.983,idle_baseline,57.500,45.875,45.750,44.875,45.125,45.375,53.250,54.625,45.875,46.500,44.125,43.500,44.750,11869.579,11349165,110757108
1791010377.984,idle_baseline,57.250,45.875,44.750,45.625,47.875,45.375,53.250,54.625,45.875,46.500,44.500,50.500,44.750,11988.838,11349165,110757108
1791010378.986,idle_baseline,57.000,45.875,44.750,44.375,46.000,45.375,53.250,55.125,46.375,46.000,44.125,44.000,44.750,12109.342,11349165,110757108
1791010379.987,idle_baseline,56.750,45.875,44.250,44.375,47.500,45.375,53.250,54.625,45.875,46.500,44.125,44.000,44.750,12227.238,11349165,110757108
1791010380.988,idle_baseline,56.500,45.875,44.750,44.375,45.125,46.375,53.250,54.625,45.500,47.000,44.125,44.000,44.750,12345.970,11349165,110757108
1791010381.989,idle_baseline,56.375,46.375,44.250,44.375,45.250,45.375,53.250,54.625,45.875,46.500,44.500,44.000,47.250,12464.950,11349165,110757108
1791010382.990,idle_baseline,56.250,45.375,44.250,44.375,45.625,50.250,52.750,54.625,45.875,46.500,44.500,44.000,45.625,12583.399,11349165,110757108
1791010383.991,idle_baseline,56.000,45.375,44.250,44.375,45.625,44.875,53.250,54.625,46.375,46.000,44.500,43.500,45.625,12700.233,11349165,110757108
1791010384.991,idle_baseline,55.875,45.875,44.250,48.000,46.500,44.875,53.250,54.625,45.875,46.000,44.125,44.000,44.750,12818.712,11349169,110757108
1791010385.993,idle_baseline,55.750,45.875,44.250,49.375,45.625,57.000,53.250,45.000,46.375,45.625,45.000,43.500,45.125,12937.068,11349169,110757108
1791010386.994,idle_baseline,55.875,45.875,44.250,48.125,45.125,57.000,53.250,44.500,45.875,46.500,44.125,44.000,45.875,13054.466,11349169,110757108
1791010387.995,idle_baseline,56.500,45.875,44.250,46.500,45.250,56.625,53.250,45.000,45.875,46.000,44.500,44.000,44.750,13171.819,11349169,110757108
1791010388.996,idle_baseline,56.875,46.375,44.750,44.375,45.125,57.500,53.250,45.000,45.875,46.500,48.500,43.500,44.750,13289.688,11349169,110757108
1791010389.997,idle_baseline,57.250,45.875,44.250,44.375,45.625,57.000,52.750,47.250,45.500,46.500,44.500,44.000,45.000,13405.910,11349169,110757108
1791010390.998,idle_baseline,57.375,46.375,44.750,44.375,45.625,57.500,52.750,44.500,45.875,46.500,44.500,43.500,44.750,13523.653,11349169,110757108
1791010391.999,idle_baseline,57.375,45.875,44.250,44.875,45.625,57.000,53.250,44.500,46.375,46.000,44.500,43.500,45.125,13641.047,11349169,110757108
1791010393.000,idle_baseline,57.375,45.875,43.750,44.375,47.625,57.000,53.250,44.500,46.375,46.000,44.500,43.500,45.125,13759.369,11349169,110757108
1791010394.002,idle_baseline,57.375,45.875,44.250,44.875,45.625,57.500,52.750,44.500,46.375,46.500,44.500,43.500,44.750,13876.960,11349169,110757108
1791010395.003,idle_baseline,57.500,45.875,44.750,44.375,45.125,57.500,52.750,44.500,45.500,46.000,44.500,43.500,47.750,13996.074,11349169,110757108
1791010396.004,idle_baseline,57.500,45.875,43.750,45.250,45.125,57.000,53.250,45.000,45.875,46.500,44.125,43.500,45.125,14114.643,11349169,110757108
1791010397.005,idle_baseline,57.500,48.000,44.250,44.375,45.125,58.000,52.750,44.500,45.875,46.500,44.125,43.500,44.750,14233.026,11349169,110757108
1791010398.006,idle_baseline,57.625,46.875,44.250,45.250,45.125,57.500,52.750,44.500,45.875,46.500,44.500,44.000,44.875,14356.370,11349169,110757108
1791010399.008,idle_baseline,57.625,45.875,44.250,44.375,45.125,57.500,53.250,44.125,45.875,46.500,45.500,44.000,44.750,14473.900,11349169,110757108
1791010400.009,idle_baseline,57.625,46.375,44.250,44.375,47.375,57.000,52.750,44.125,45.875,46.500,45.500,43.500,45.125,14591.064,11349169,110757108
1791010401.010,idle_baseline,57.625,46.375,44.250,44.875,45.125,57.500,52.750,44.500,48.375,46.500,44.500,43.500,45.625,14715.316,11349169,110757108
1791010402.011,idle_baseline,57.500,45.875,44.750,44.375,48.625,45.375,52.750,44.500,46.375,46.500,55.250,43.500,45.625,14833.228,11349169,110757108
1791010403.012,idle_baseline,57.250,46.375,43.750,44.375,45.625,45.375,53.250,44.500,45.875,56.375,45.875,44.000,47.250,14953.259,11349169,110757108
1791010404.013,idle_baseline,57.250,45.875,44.750,44.875,46.750,45.375,53.250,44.125,45.875,56.375,45.375,43.500,44.750,15072.588,11349169,110757108
1791010405.015,idle_baseline,57.125,45.875,44.250,44.375,48.125,45.875,53.250,44.500,46.375,56.750,44.500,44.000,45.125,15192.288,11349169,110757108
1791010406.016,idle_baseline,57.125,47.250,44.250,44.375,45.625,45.875,52.750,44.125,45.875,56.750,44.500,43.500,45.125,15311.526,11349169,110757108
1791010407.017,idle_baseline,57.125,45.875,44.250,44.375,45.125,47.750,53.250,48.625,45.875,56.750,45.000,44.000,46.875,15432.959,11349169,110757108
1791010408.018,idle_baseline,57.000,45.875,46.125,43.875,45.125,45.375,53.250,45.000,45.875,56.375,45.000,44.000,46.375,15551.608,11349169,110757108
1791010409.019,idle_baseline,57.000,45.875,43.750,44.875,45.625,45.375,52.375,44.500,45.875,56.750,44.500,45.125,45.125,15670.243,11349169,110757108
1791010410.021,idle_baseline,57.000,45.875,44.250,44.375,45.125,44.875,52.750,44.500,45.875,56.750,44.500,43.500,49.125,15789.488,11349169,110757108
1791010411.022,idle_baseline,56.875,46.375,44.250,44.375,45.625,45.375,52.750,44.125,45.500,56.375,44.500,47.250,45.125,15907.162,11349169,110757108
1791010412.023,idle_baseline,56.875,45.375,44.250,44.750,45.625,45.375,52.750,44.500,45.500,56.750,44.125,44.500,44.250,16025.651,11349169,110757108
1791010413.024,idle_baseline,56.875,46.375,44.250,44.375,45.125,47.750,52.750,44.500,45.500,56.375,44.500,44.000,44.750,16145.738,11349169,110757108
1791010414.025,idle_baseline,56.875,47.250,44.250,43.875,45.625,45.875,53.250,44.500,45.500,56.375,44.500,43.500,46.500,16266.481,11349169,110757108
1791010415.027,idle_baseline,56.875,46.375,44.250,44.375,45.625,45.875,53.250,44.500,46.125,56.750,44.500,44.000,44.750,16385.990,11349169,110757108
1791010416.028,idle_baseline,56.875,45.875,44.250,43.875,45.625,48.625,52.750,44.500,45.875,56.750,44.500,43.500,45.125,16504.936,11349169,110757108
1791010417.029,idle_baseline,56.875,45.875,47.500,44.375,45.125,48.000,52.750,45.000,45.875,56.750,44.500,43.500,44.750,16623.414,11349169,110757108
1791010418.030,idle_baseline,56.875,45.875,44.250,45.500,45.625,45.875,53.250,45.000,56.250,46.500,45.000,43.500,45.125,16745.828,11349169,110757108
1791010419.032,idle_baseline,56.875,45.875,43.750,44.375,45.625,45.375,53.250,44.125,56.250,46.500,44.500,43.500,46.000,16865.476,11349169,110757108
1791010420.033,idle_baseline,56.750,45.875,44.250,43.875,46.000,45.375,52.750,44.500,56.625,47.375,44.500,43.500,45.625,16987.794,11349169,110757108
1791010421.034,idle_baseline,56.750,46.375,44.250,46.625,45.625,45.875,53.250,44.500,56.625,46.500,44.125,43.500,45.125,17111.826,11349169,110757108
1791010422.036,idle_baseline,56.750,45.875,44.250,44.875,45.625,45.875,52.750,45.000,56.250,46.500,44.500,43.500,45.125,17231.059,11349169,110757108
1791010423.037,idle_baseline,56.750,45.875,44.250,44.375,45.625,44.875,52.750,44.500,56.250,46.000,44.500,43.500,46.500,17350.664,11349169,110757108
1791010424.038,idle_baseline,56.625,47.000,44.250,44.375,45.625,45.375,53.250,44.500,56.625,46.000,44.500,43.125,46.000,17470.310,11349169,110757108
1791010425.039,idle_baseline,56.750,46.375,44.750,44.375,45.250,45.375,52.750,47.500,56.250,46.500,44.125,44.000,45.125,17592.714,11349169,110757108
1791010426.041,idle_baseline,56.750,45.875,47.000,44.875,46.250,45.875,53.250,45.500,56.250,46.000,49.750,43.500,45.125,17712.824,11349169,110757108
1791010427.042,idle_baseline,56.750,45.875,52.500,44.375,49.750,45.375,52.750,45.000,56.625,46.000,44.500,43.500,45.125,17831.402,11349169,110757108
1791010428.043,idle_baseline,56.750,45.875,44.250,44.375,48.875,45.375,52.750,45.000,56.625,46.500,44.500,43.500,45.125,17951.017,11349169,110757108
1791010429.044,idle_baseline,56.750,45.875,44.750,44.375,46.000,45.375,52.750,44.500,56.625,46.500,45.000,43.500,45.125,18069.310,11349169,110757108
1791010430.045,idle_baseline,57.375,45.875,44.250,43.875,45.625,44.875,53.250,44.500,58.250,46.500,47.750,43.500,45.125,18187.793,11349169,110757108
1791010431.046,idle_baseline,57.875,45.875,44.250,44.375,45.125,45.875,53.250,44.500,58.250,47.500,44.500,44.000,45.625,18305.808,11349169,110757108
1791010432.048,idle_baseline,58.125,45.875,43.750,44.375,45.625,45.375,53.250,47.250,58.250,46.500,44.500,44.000,47.250,18425.717,11349169,110757108
1791010433.048,idle_baseline,58.375,45.875,44.250,44.375,45.125,45.375,53.250,47.250,58.250,46.500,44.500,44.000,45.625,18544.306,11349170,110757108
1791010434.049,idle_baseline,58.375,47.750,44.250,44.375,45.625,45.875,53.250,44.500,58.250,48.000,44.125,48.000,45.625,18666.838,11349170,110757108
1791010435.051,idle_baseline,58.500,45.375,44.250,44.375,45.625,45.375,52.750,44.500,58.250,47.375,44.125,43.500,45.625,18792.567,11349170,110757108
1791010436.052,idle_baseline,58.500,45.875,43.750,44.875,45.625,48.250,52.750,44.500,58.250,46.000,45.000,43.125,45.875,18910.563,11349170,110757108
1791010437.053,idle_baseline,58.625,45.875,44.250,52.750,45.125,45.375,53.250,44.500,58.750,46.000,44.125,43.500,45.625,19032.459,11349170,110757108
1791010438.054,idle_baseline,58.625,45.875,44.250,45.250,45.125,45.875,52.750,45.875,58.750,46.000,44.500,43.500,45.625,19149.985,11349170,110757108
1791010439.055,idle_baseline,58.625,46.375,44.250,44.375,45.625,44.875,52.750,45.000,58.250,46.000,45.000,44.000,45.625,19269.541,11349170,110757108
1791010440.057,idle_baseline,58.625,45.875,44.750,44.375,45.125,45.375,52.375,46.500,58.750,46.000,44.500,44.000,45.625,19386.799,11349170,110757108
1791010441.058,idle_baseline,58.625,45.375,43.750,44.375,45.625,45.375,53.250,44.500,58.250,46.500,46.375,43.500,46.750,19508.275,11349170,110757108
1791010442.059,idle_baseline,58.500,46.500,43.750,44.375,45.125,44.875,53.250,44.125,58.250,47.500,44.125,43.500,45.125,19623.761,11349170,110757108
1791010443.060,idle_baseline,58.500,47.000,43.750,44.375,45.125,46.375,53.250,44.500,58.250,47.000,44.125,43.500,45.625,19742.749,11349170,110757108
1791010444.061,idle_baseline,58.625,45.875,46.250,44.375,45.625,45.375,53.250,44.125,58.250,46.500,44.125,43.125,45.625,19863.896,11349170,110757108
1791010445.063,idle_baseline,58.625,45.875,45.500,44.375,45.125,45.875,52.750,44.500,58.250,46.500,44.500,44.500,45.625,19982.660,11349170,110757108
1791010446.064,idle_baseline,58.625,45.875,44.250,43.875,45.125,47.500,53.250,44.500,58.250,47.000,44.125,43.500,45.875,20098.713,11349170,110757108
1791010447.065,idle_baseline,58.625,46.375,46.125,44.375,45.125,45.875,53.250,44.500,58.750,46.000,44.125,43.500,46.375,20217.440,11349170,110757108
1791010448.066,idle_baseline,58.625,45.875,46.500,43.875,45.625,45.375,53.250,44.500,58.250,46.500,47.000,43.500,45.625,20334.047,11349170,110757108
1791010449.068,idle_baseline,58.625,45.375,46.125,44.375,45.125,45.375,52.750,47.500,58.250,46.500,44.125,43.500,45.625,20452.898,11349170,110757108
1791010450.069,idle_baseline,58.625,45.875,44.250,43.875,45.625,45.875,52.750,44.500,58.750,47.000,44.125,43.500,45.625,20573.490,11349170,110757108
1791010451.070,idle_baseline,58.625,45.875,44.250,44.375,45.625,45.375,53.250,47.250,58.250,48.000,44.500,44.000,45.625,20696.606,11349170,110757108
1791010452.071,idle_baseline,58.625,45.875,44.250,44.375,45.125,45.375,52.750,47.000,57.875,46.000,44.125,44.000,45.625,20815.498,11349170,110757108
1791010453.072,idle_baseline,58.625,48.000,43.750,45.625,46.000,45.375,53.250,45.000,58.750,46.500,44.125,43.500,47.250,20932.295,11349170,110757108
1791010454.073,idle_baseline,58.625,45.875,44.250,44.375,45.625,45.375,53.250,45.500,58.750,46.000,44.500,44.000,45.875,21052.455,11349170,110757108
1791010455.075,idle_baseline,58.625,48.750,44.250,44.375,45.625,45.375,52.750,44.125,58.750,46.000,44.500,43.500,48.625,21174.407,11349170,110757108
1791010456.076,idle_baseline,58.625,45.375,44.250,44.375,45.625,45.375,53.250,44.500,58.750,46.000,44.125,44.000,45.125,21294.274,11349170,110757108
1791010457.077,idle_baseline,58.625,45.875,43.750,43.875,45.625,47.750,53.750,44.500,58.250,45.625,45.500,43.500,45.625,21411.322,11349170,110757108
1791010458.078,idle_baseline,58.625,45.875,43.750,44.375,45.125,45.375,53.250,44.500,58.250,46.500,45.500,43.500,45.125,21530.798,11349170,110757108
1791010459.079,idle_baseline,58.500,46.375,44.250,44.375,45.125,53.750,53.250,44.125,58.250,46.500,44.500,43.500,45.125,21649.405,11349170,110757108
1791010460.080,idle_baseline,58.500,48.250,44.250,44.375,45.625,45.875,53.250,44.500,58.250,46.000,44.500,43.500,45.625,21775.972,11349170,110757108
1791010461.082,idle_baseline,58.500,48.250,44.250,44.375,45.625,45.875,52.750,44.125,58.250,46.000,44.125,43.500,45.625,21891.857,11349170,110757108
1791010462.083,idle_baseline,58.625,50.125,44.750,46.000,46.000,46.375,53.250,45.625,58.750,46.000,44.500,44.000,46.000,22014.725,11349170,110757108
1791010463.083,idle_baseline,58.625,45.875,52.875,44.375,45.625,45.375,52.750,45.500,58.250,46.000,44.125,43.500,45.125,22134.394,11349170,110757108
1791010464.085,idle_baseline,58.625,45.875,44.250,44.375,49.000,45.375,52.750,44.500,58.250,50.625,44.125,44.000,45.625,22254.188,11349171,110757108
1791010465.086,idle_baseline,58.625,48.875,44.250,44.375,45.625,45.875,52.750,45.125,58.250,46.000,44.125,43.500,45.625,22375.312,11349172,110757108
1791010466.087,idle_baseline,58.500,45.875,44.750,44.375,45.625,45.375,52.750,46.125,58.250,46.000,44.500,44.000,45.125,22494.078,11349172,110757108
1791010467.088,idle_baseline,58.500,48.250,43.750,44.375,45.125,45.375,52.750,44.500,57.875,46.000,44.125,44.000,45.625,22614.301,11349172,110757108
1791010468.089,idle_baseline,58.500,46.375,44.250,44.375,45.625,45.375,53.250,44.500,58.250,46.500,46.875,43.500,45.625,22731.954,11349172,110757108
1791010469.090,idle_baseline,58.500,45.875,43.750,44.375,46.250,45.375,53.250,44.500,58.250,46.000,44.500,44.000,45.625,22851.577,11349172,110757108
1791010470.091,idle_baseline,58.500,46.500,44.250,44.375,45.625,45.875,53.250,44.500,58.250,46.000,44.125,46.750,45.625,22971.140,11349172,110757108
1791010471.092,idle_baseline,58.500,48.250,44.750,46.625,45.625,47.250,53.250,45.250,58.250,46.000,44.500,44.000,55.250,23094.565,11349172,110757108
1791010472.094,idle_baseline,58.625,45.875,47.625,44.875,45.625,47.750,52.750,44.500,58.250,46.500,44.125,44.000,45.625,23217.355,11349172,110757108
1791010473.095,idle_baseline,58.625,45.875,44.250,44.375,47.875,45.375,53.250,44.500,58.250,46.000,44.500,44.500,45.625,23337.717,11349172,110757108
1791010474.096,idle_baseline,58.625,46.375,44.250,44.375,45.625,45.875,52.750,44.500,58.250,46.000,46.625,45.875,46.000,23454.941,11349172,110757108
1791010475.097,idle_baseline,58.625,45.875,43.750,43.875,47.000,45.375,53.250,44.500,58.250,46.500,44.500,43.500,46.000,23574.191,11349172,110757108
1791010476.098,idle_baseline,58.625,48.750,43.750,43.875,45.625,45.375,52.750,44.500,58.750,46.000,44.125,43.500,45.625,23692.182,11349172,110757108
1791010477.099,idle_baseline,58.625,45.875,44.250,44.375,45.625,48.625,53.250,44.500,58.250,46.500,44.125,44.000,45.625,23812.363,11349172,110757108
1791010478.100,idle_baseline,58.625,45.875,44.250,44.375,45.125,45.375,52.750,44.500,58.250,45.625,44.125,44.000,45.875,23929.619,11349172,110757108
1791010479.101,idle_baseline,58.625,47.250,44.250,45.625,45.125,45.375,52.750,45.000,57.875,46.000,44.500,43.500,45.625,24053.562,11349172,110757108
1791010480.102,idle_baseline,58.625,45.875,44.250,44.375,49.250,45.375,52.750,44.500,58.750,46.000,44.125,43.500,46.000,24171.925,11349172,110757108
1791010481.103,idle_baseline,58.625,46.375,44.250,44.875,46.250,45.375,52.750,44.125,58.250,48.875,44.500,43.500,45.625,24292.884,11349172,110757108
1791010482.104,idle_baseline,58.625,45.875,44.250,44.375,45.625,45.875,52.750,44.125,58.250,46.000,44.500,44.500,45.625,24413.276,11349172,110757108
1791010483.106,idle_baseline,58.625,46.375,44.250,44.375,45.125,45.875,52.750,44.500,58.750,48.125,44.500,43.750,45.625,24534.539,11349172,110757108
1791010484.107,idle_baseline,58.625,47.500,44.250,44.375,45.125,45.875,53.250,44.500,58.750,46.000,44.125,44.000,45.625,24656.377,11349172,110757108
1791010485.108,idle_baseline,58.625,45.875,48.750,44.375,45.125,45.875,52.750,44.500,58.250,46.000,47.500,43.500,45.625,24774.852,11349172,110757108
1791010486.109,idle_baseline,58.625,45.875,43.750,44.375,45.125,45.375,53.250,44.500,58.250,47.500,44.125,43.500,45.125,24892.935,11349172,110757108
1791010487.110,idle_baseline,58.625,48.875,44.250,44.375,45.125,45.875,53.250,44.500,58.250,48.875,44.500,43.500,45.625,25010.579,11349172,110757108
1791010488.112,idle_baseline,58.625,55.750,44.250,44.375,45.250,45.875,53.250,44.500,58.250,46.000,44.125,43.500,45.125,25127.384,11349172,110757108
1791010489.113,idle_baseline,58.625,45.875,44.250,43.875,47.500,45.875,52.750,44.500,58.250,48.750,44.125,43.125,45.125,25244.829,11349172,110757108
1791010490.114,idle_baseline,58.625,45.875,44.250,44.375,46.500,45.375,53.250,44.125,58.750,46.000,44.125,43.500,45.625,25365.277,11349172,110757108
1791010491.115,idle_baseline,58.625,45.875,43.750,44.375,45.625,45.375,52.750,45.000,58.750,46.500,44.125,44.000,45.125,25482.383,11349172,110757108
1791010492.116,idle_baseline,58.625,45.875,44.250,44.375,45.125,45.375,52.750,46.125,58.250,46.500,44.500,44.000,45.125,25600.400,11349172,110757108
1791010493.118,idle_baseline,58.625,45.875,44.250,45.500,45.625,45.375,52.750,45.000,58.250,46.000,44.500,54.625,45.625,25720.981,11349173,110757108
1791010494.119,idle_baseline,58.625,45.875,44.250,46.500,45.125,45.375,52.750,44.500,58.250,46.500,43.625,43.500,45.625,25843.428,11349173,110757108
1791010495.120,idle_baseline,58.625,45.875,44.250,44.375,46.000,45.375,52.750,44.125,58.750,46.000,44.125,43.500,45.125,25962.751,11349173,110757108
1791010496.121,idle_baseline,58.625,45.875,44.250,44.375,46.750,45.375,52.750,44.500,58.750,45.625,44.125,44.000,45.625,26081.807,11349173,110757108
1791010497.122,idle_baseline,58.625,46.375,44.250,44.375,45.125,45.875,52.750,44.125,58.750,46.000,44.125,44.000,45.625,26198.895,11349173,110757108
1791010498.123,idle_baseline,58.625,45.875,44.750,44.375,45.125,45.875,52.750,44.500,58.750,46.000,44.125,44.000,45.625,26316.616,11349174,110757108
1791010499.125,idle_baseline,58.625,45.875,45.375,44.375,45.125,45.375,52.750,44.125,58.250,46.000,44.125,44.000,45.125,26435.025,11349174,110757108
1791010500.126,idle_baseline,58.625,49.750,45.250,45.000,47.500,45.875,52.750,44.500,58.250,46.000,44.500,43.500,46.875,26554.399,11349174,110757108
1791010501.127,idle_baseline,58.500,45.875,47.625,44.375,46.500,45.375,52.375,54.625,46.375,46.000,44.500,43.500,46.000,26674.120,11349174,110757108
1791010502.128,idle_baseline,58.000,47.500,44.875,46.125,45.125,45.375,52.750,55.625,46.375,46.000,44.500,44.000,44.750,26792.577,11349174,110757108
1791010503.129,idle_baseline,57.500,46.875,44.250,44.375,45.625,44.875,52.750,55.625,45.875,46.000,44.500,44.000,45.125,26910.904,11349174,110757108
1791010504.130,idle_baseline,57.000,46.125,44.250,44.875,52.125,47.750,52.750,55.625,45.875,46.000,44.125,43.500,45.125,27028.002,11349174,110757108
1791010505.131,idle_baseline,56.625,46.375,44.250,44.375,45.625,55.625,52.750,55.625,45.875,46.000,44.125,44.000,48.125,27148.554,11349174,110757108
1791010506.132,idle_baseline,56.375,45.875,44.250,44.375,48.375,45.375,52.750,55.625,46.375,46.000,44.500,46.375,45.125,27270.392,11349174,110757108
1791010507.134,idle_baseline,56.000,46.375,44.250,44.375,45.625,45.375,53.250,55.625,45.875,46.000,47.250,44.000,44.750,27389.527,11349174,110757108
1791010508.135,idle_baseline,55.750,45.875,44.250,46.500,46.500,45.375,52.750,55.625,45.875,46.500,44.500,44.000,44.750,27508.194,11349174,110757108
1791010509.136,idle_baseline,55.500,47.750,44.250,44.375,45.125,45.375,52.750,55.125,45.875,46.500,44.500,44.000,44.750,27626.655,11349174,110757108
1791010510.138,idle_baseline,55.625,48.875,44.250,45.250,45.125,45.375,52.750,55.125,45.875,46.000,44.500,44.000,44.750,27743.464,11349174,110757108
1791010511.139,idle_baseline,55.500,48.000,43.750,44.375,45.625,45.375,52.750,55.125,45.500,45.625,44.125,44.000,44.750,27861.146,11349174,110757108
1791010512.140,idle_baseline,55.500,47.500,44.250,44.875,45.625,45.875,52.750,55.625,45.500,46.000,44.125,44.000,44.750,27982.953,11349174,110757108
1791010513.141,idle_baseline,55.500,45.875,44.250,44.375,45.625,44.875,53.250,55.625,45.875,46.000,44.500,45.375,45.125,28101.775,11349174,110757108
1791010514.142,idle_baseline,55.500,51.250,44.250,48.375,45.125,45.375,52.375,55.125,45.875,46.000,44.500,44.000,44.750,28220.208,11349174,110757108
1791010515.144,idle_baseline,55.500,48.000,43.750,44.375,45.625,45.875,52.750,55.125,45.875,50.625,44.125,44.000,44.750,28338.526,11349174,110757108
1791010516.145,idle_baseline,55.500,46.375,44.250,44.375,45.125,45.875,52.750,55.625,45.875,46.000,44.500,44.000,45.125,28457.189,11349174,110757108
1791010517.146,idle_baseline,55.500,46.375,44.250,44.375,45.625,45.375,52.750,55.625,45.875,46.000,44.500,44.500,44.750,28574.448,11349174,110757108
1791010518.147,idle_baseline,55.500,46.375,44.250,45.750,45.625,45.875,52.750,55.625,45.500,46.000,44.125,44.000,44.750,28691.507,11349174,110757108
1791010519.148,idle_baseline,55.500,45.875,44.250,55.125,45.125,44.875,52.750,45.000,45.875,52.500,45.125,44.000,45.625,28811.445,11349174,110757108
1791010520.149,idle_baseline,55.500,45.875,44.250,55.125,46.500,45.375,52.750,44.500,46.750,46.500,44.125,43.500,45.125,28928.838,11349174,110757108
1791010521.151,idle_baseline,55.500,45.875,43.750,55.625,45.625,45.375,52.750,47.000,48.125,46.000,44.500,44.000,45.125,29047.099,11349174,110757108
1791010522.152,idle_baseline,55.500,45.875,43.750,55.625,47.000,45.375,52.750,44.500,45.875,46.000,44.125,45.875,44.750,29164.505,11349174,110757108
1791010523.153,idle_baseline,55.500,46.375,44.250,55.125,48.875,45.375,52.750,47.250,46.375,46.000,44.125,43.500,47.125,29283.283,11349174,110757108
1791010524.154,idle_baseline,55.375,45.875,55.625,44.875,45.625,45.875,53.250,44.500,50.500,46.000,47.625,44.000,45.125,29404.581,11349174,110757108
1791010525.155,idle_baseline,55.875,45.875,56.125,44.375,45.625,48.625,52.750,45.000,47.875,46.500,44.500,45.000,44.750,29527.778,11349174,110757108
1791010526.156,idle_baseline,56.000,45.875,56.500,44.375,45.125,44.875,53.250,45.500,45.500,46.000,44.125,45.000,44.750,29655.695,11349174,110757108
1791010527.158,idle_baseline,56.125,53.375,56.125,43.875,45.625,44.875,52.750,44.500,45.875,46.000,44.500,45.875,44.750,29776.193,11349174,110757108
1791010528.159,idle_baseline,56.250,46.375,56.125,46.500,45.125,53.375,53.250,44.500,46.375,46.000,44.125,43.500,45.125,29898.661,11349174,110757108
1791010529.160,idle_baseline,56.250,45.875,56.125,44.875,45.625,47.750,53.750,44.500,45.875,51.000,44.500,45.000,44.750,30021.568,11349174,110757108
1791010530.161,idle_baseline,56.250,46.375,56.125,44.375,45.125,56.750,53.250,44.500,45.875,46.500,44.125,46.250,45.125,30146.253,11349174,110757108
1791010531.162,idle_baseline,56.250,45.875,56.125,44.875,56.750,45.375,53.250,44.500,45.875,46.625,44.125,45.875,45.125,30268.516,11349174,110757108
1791010532.163,idle_baseline,56.375,46.375,44.750,44.375,45.625,57.125,53.250,44.500,55.750,46.500,44.125,44.000,44.750,30392.094,11349174,110757108
1791010533.164,idle_baseline,56.625,46.875,44.250,44.375,45.625,55.750,53.250,44.500,56.250,46.000,45.000,44.000,44.750,30516.046,11349174,110757108
1791010534.165,idle_baseline,56.750,45.875,43.750,43.875,46.000,45.375,53.250,45.000,56.625,49.750,45.000,44.000,45.125,30640.059,11349174,110757108
1791010535.166,idle_baseline,56.750,45.875,44.250,44.875,45.625,45.375,52.750,44.500,53.625,56.375,46.125,45.000,45.125,30762.871,11349174,110757108
1791010536.167,idle_baseline,56.750,45.875,44.250,44.875,45.125,48.625,52.750,45.000,45.875,56.750,45.000,46.375,45.125,30884.274,11349174,110757108
1791010537.169,idle_baseline,56.750,46.375,43.750,44.375,45.625,45.375,52.750,44.500,45.875,56.750,44.500,44.500,44.750,31001.760,11349174,110757108
1791010538.170,idle_baseline,56.750,45.875,44.250,44.375,45.125,45.375,53.250,49.125,46.375,56.375,45.000,43.500,44.750,31120.906,11349174,110757108
1791010539.171,idle_baseline,56.750,45.875,44.250,45.250,45.125,45.375,52.750,45.000,45.875,57.250,44.500,44.000,44.750,31240.111,11349174,110757108
1791010540.172,idle_baseline,56.875,48.375,44.250,44.375,57.625,45.875,53.250,44.500,49.500,46.000,44.125,43.500,44.750,31357.311,11349174,110757108
1791010541.173,idle_baseline,57.250,45.875,44.250,46.875,57.625,45.375,53.250,45.000,45.875,46.000,44.500,43.500,44.750,31474.444,11349174,110757108
1791010542.174,idle_baseline,57.500,45.875,44.250,44.875,57.625,45.375,53.250,45.625,45.875,45.625,44.125,48.250,44.750,31592.815,11349174,110757108
1791010543.176,idle_baseline,57.500,47.750,44.250,44.375,57.625,45.375,53.250,44.500,45.875,46.000,44.125,43.500,44.750,31709.069,11349174,110757108
1791010544.177,idle_baseline,57.125,47.750,44.750,55.625,45.625,45.375,53.250,44.500,45.500,46.000,44.125,43.500,44.750,31826.099,11349176,110757108
1791010545.178,idle_baseline,56.750,47.250,44.250,56.125,45.125,45.375,53.250,44.500,45.500,46.000,44.125,43.500,52.750,31947.185,11349176,110757108
1791010546.179,idle_baseline,56.375,46.375,45.250,55.625,46.500,45.375,53.250,44.500,46.750,46.000,44.125,43.500,44.750,32067.942,11349176,110757108
1791010547.180,idle_baseline,56.125,49.000,47.625,55.125,46.500,48.000,53.250,44.500,48.125,46.000,44.125,43.500,49.625,32190.117,11349176,110757108
1791010548.181,idle_baseline,55.750,47.125,44.250,55.625,45.625,45.875,52.375,44.125,45.875,46.000,47.000,43.500,44.750,32308.165,11349176,110757108
1791010549.183,idle_baseline,55.500,46.375,46.125,55.625,45.125,45.875,52.375,44.125,48.750,46.000,44.125,43.500,44.750,32426.363,11349176,110757108
1791010550.184,idle_baseline,55.500,46.375,44.250,44.875,44.750,46.375,52.750,54.250,45.500,46.500,44.125,43.500,44.750,32542.321,11349176,110757108
1791010551.185,idle_baseline,55.375,46.375,43.750,47.125,46.000,45.375,52.750,54.250,45.875,46.000,44.500,44.000,45.500,32660.756,11349176,110757108
1791010552.186,idle_baseline,55.625,45.875,44.250,44.375,45.125,45.375,52.750,44.500,45.875,56.375,44.125,45.000,45.125,32776.553,11349176,110757108
1791010553.187,idle_baseline,56.250,45.875,44.250,44.375,47.875,45.375,52.750,44.500,45.875,56.750,46.875,45.375,44.750,32893.837,11349176,110757108
1791010554.189,idle_baseline,56.375,45.875,43.750,44.375,45.125,48.625,53.250,44.125,45.500,56.750,44.125,43.500,45.125,33011.756,11349176,110757108
1791010555.189,idle_baseline,56.625,45.875,44.875,44.375,45.625,45.375,52.750,44.500,45.500,56.750,44.125,44.000,44.750,33128.518,11349177,110757108
1791010556.190,idle_baseline,56.625,45.875,44.250,44.375,45.125,45.375,52.750,44.500,45.500,56.750,46.750,43.500,44.750,33244.814,11349177,110757108
1791010557.192,idle_baseline,56.625,45.875,43.750,44.375,45.125,44.875,52.750,45.625,45.875,56.750,44.500,44.000,44.750,33364.048,11349177,110757108
1791010558.192,idle_baseline,56.625,45.875,44.250,44.375,45.625,44.875,52.750,45.000,45.875,56.750,44.500,43.500,44.750,33480.644,11349177,110757108
1791010559.193,idle_baseline,56.625,45.875,43.750,44.375,45.625,45.375,53.250,45.625,46.375,56.375,44.125,44.000,44.750,33598.389,11349177,110757108
1791010560.194,idle_baseline,56.750,46.125,43.750,44.375,45.625,45.375,53.250,44.500,45.500,56.750,44.125,43.500,44.750,33715.999,11349177,110757108
1791010561.196,idle_baseline,56.375,45.875,43.750,44.875,51.625,45.375,52.750,45.500,45.875,46.500,54.875,43.500,54.375,33831.490,11349177,110757108
1791010562.197,idle_baseline,56.125,45.875,44.250,44.375,50.250,44.875,53.250,45.625,45.875,46.500,54.875,44.000,44.750,33949.921,11349177,110757108
1791010563.198,idle_baseline,55.750,45.375,43.750,44.375,44.750,45.375,53.250,45.000,45.875,45.625,55.250,44.500,44.750,34066.693,11349177,110757108
1791010564.199,idle_baseline,55.500,46.375,44.250,43.875,45.125,45.375,52.750,44.125,45.875,46.000,54.875,45.875,44.750,34183.381,11349178,110757108
1791010565.200,idle_baseline,55.250,45.875,44.750,44.375,45.125,45.375,52.750,44.500,45.875,45.625,54.875,44.000,52.125,34301.916,11349178,110757108
1791010566.202,idle_baseline,55.125,45.875,44.250,44.375,48.625,45.375,52.750,46.375,46.625,46.500,55.250,44.000,44.750,34422.463,11349178,110757108
1791010567.203,idle_baseline,55.125,45.875,44.250,44.375,45.625,45.375,52.750,44.500,45.875,46.000,54.875,43.500,48.250,34543.656,11349178,110757108
1791010568.204,idle_baseline,55.125,45.875,43.750,45.750,45.125,45.375,52.750,46.375,45.875,46.000,54.875,43.500,45.125,34661.106,11349178,110757108
1791010569.205,idle_baseline,55.000,45.875,44.250,45.250,45.625,45.375,52.750,45.000,45.500,46.000,44.125,53.875,45.125,34778.462,11349178,110757108
1791010570.206,idle_baseline,54.875,45.875,44.250,44.375,45.125,45.375,53.250,44.500,45.875,55.875,44.500,45.000,44.750,34896.044,11349178,110757108
1791010571.207,idle_baseline,55.625,45.875,44.250,44.375,45.125,45.375,53.250,44.500,45.875,56.375,44.125,44.000,45.500,35012.680,11349178,110757108
1791010572.209,idle_baseline,56.125,45.875,43.750,44.375,47.000,45.375,52.750,44.500,46.375,56.375,44.500,44.000,44.750,35128.208,11349178,110757108
1791010573.210,idle_baseline,56.250,45.875,43.750,44.250,45.625,45.375,52.750,44.500,45.875,56.375,45.500,43.500,44.750,35243.926,11349178,110757108
1791010574.211,idle_baseline,56.375,45.875,44.250,43.875,48.125,45.375,52.375,43.625,45.875,56.750,44.125,43.500,44.750,35361.500,11349178,110757108
1791010575.212,idle_baseline,56.375,45.875,43.750,44.375,45.625,45.375,52.750,44.125,45.500,56.750,45.500,43.500,44.750,35477.211,11349178,110757108
1791010576.214,idle_baseline,56.500,45.875,43.750,44.375,45.625,45.375,52.375,44.125,46.750,56.375,44.125,43.500,46.875,35594.033,11349178,110757108
1791010577.275,idle_before_Mplus_standard,56.625,45.875,43.750,44.375,45.625,57.000,52.750,44.500,45.875,46.500,44.125,44.500,46.375,35721.958,11349178,110757108
1791010578.277,idle_before_Mplus_standard,56.875,45.875,43.750,44.375,45.125,57.500,51.875,44.125,45.875,46.000,44.125,43.500,48.125,35838.463,11349178,110757108
1791010579.278,idle_before_Mplus_standard,57.000,45.875,43.750,44.375,45.125,57.500,52.375,44.125,45.875,46.000,44.125,43.500,50.500,35954.561,11349178,110757108
1791010580.279,idle_before_Mplus_standard,57.125,45.875,44.250,44.375,45.125,57.000,52.750,45.125,45.875,46.500,44.125,44.000,44.750,36071.873,11349178,110757108
1791010581.280,idle_before_Mplus_standard,57.250,45.875,43.750,44.375,45.125,57.500,52.750,44.125,48.000,46.500,44.125,43.500,44.750,36190.345,11349178,110757108
1791010582.282,idle_before_Mplus_standard,57.250,45.875,44.250,49.750,45.625,57.000,52.750,44.125,47.875,46.000,43.625,43.500,45.125,36307.669,11349178,110757108
1791010583.283,idle_before_Mplus_standard,57.250,46.375,44.250,44.375,45.625,57.500,52.750,44.500,45.875,46.000,44.125,45.000,44.750,36426.445,11349178,110757108
1791010584.283,idle_before_Mplus_standard,57.375,46.375,44.250,44.375,45.125,57.000,52.750,44.500,45.875,46.000,45.125,43.500,44.750,36542.963,11349178,110757108
1791010585.285,idle_before_Mplus_standard,57.375,45.875,43.750,44.375,49.750,57.000,52.750,45.625,45.500,46.000,45.875,43.500,44.750,36661.756,11349179,110757108
1791010586.286,idle_before_Mplus_standard,57.250,46.375,43.750,44.375,45.125,45.875,52.750,44.500,56.250,46.500,44.500,43.125,45.125,36779.517,11349179,110757108
1791010587.287,idle_before_Mplus_standard,57.000,49.125,44.250,44.375,45.625,48.625,52.750,46.500,46.375,46.500,44.125,53.875,44.750,36897.369,11349179,110757108
1791010588.288,idle_before_Mplus_standard,56.500,45.875,43.750,55.125,48.375,45.375,52.750,44.500,46.375,46.000,44.125,44.000,44.750,37016.434,11349179,110757108
1791010589.289,idle_before_Mplus_standard,56.125,45.875,44.250,55.625,45.625,47.500,53.250,45.000,45.875,48.375,44.125,44.000,44.750,37139.510,11349179,110757108
1791010590.291,idle_before_Mplus_standard,55.875,45.875,46.125,55.625,44.750,45.875,52.750,44.125,46.750,46.500,44.125,44.000,44.750,37262.532,11349179,110757108
1791010591.292,idle_before_Mplus_standard,55.625,45.875,44.250,44.875,45.125,47.375,53.250,44.500,45.500,46.500,44.125,43.500,55.500,37383.122,11349179,110757108
1791010592.293,idle_before_Mplus_standard,55.750,46.125,44.750,44.375,45.125,46.375,52.750,45.000,45.875,46.875,46.500,44.000,55.875,37506.133,11349179,110757108
1791010593.294,idle_before_Mplus_standard,56.000,46.375,43.750,44.375,45.625,45.375,52.375,44.500,47.375,46.500,44.500,43.500,56.375,37629.624,11349179,110757108
1791010594.295,idle_before_Mplus_standard,56.250,45.875,44.750,44.875,45.125,44.875,53.250,46.375,45.875,56.375,44.125,44.000,45.125,37750.624,11349179,110757108
1791010595.297,idle_before_Mplus_standard,56.375,46.375,43.750,44.375,45.625,44.875,52.750,45.000,45.500,56.375,44.500,43.500,44.750,37870.576,11349179,110757108
1791010596.298,idle_before_Mplus_standard,56.500,45.875,43.750,44.375,45.625,45.375,52.750,44.500,45.500,56.375,44.125,43.500,46.750,37990.357,11349179,110757108
1791010597.299,idle_before_Mplus_standard,56.125,45.875,44.250,44.875,45.125,44.875,52.750,45.000,45.500,46.000,55.250,43.500,44.750,38109.203,11349179,110757108
1791010598.300,idle_before_Mplus_standard,55.875,45.875,44.250,44.375,45.125,45.375,52.750,44.500,45.500,46.500,55.250,44.750,44.750,38227.562,11349179,110757108
1791010599.301,idle_before_Mplus_standard,55.500,45.875,44.250,44.875,45.750,45.375,53.250,44.500,45.875,46.000,54.875,43.500,44.750,38346.766,11349179,110757108
1791010600.303,idle_before_Mplus_standard,55.250,46.875,44.250,44.375,45.625,48.250,52.750,45.875,45.500,46.500,54.875,43.500,45.125,38463.976,11349179,110757108
1791010601.304,idle_before_Mplus_standard,55.125,46.875,43.750,44.375,45.625,51.000,53.250,44.500,45.875,46.500,55.250,45.625,48.125,38583.574,11349179,110757108
1791010602.305,idle_before_Mplus_standard,55.125,45.875,43.750,44.375,45.125,44.875,52.750,44.500,45.500,46.000,54.875,45.125,47.250,38700.510,11349179,110757108
1791010603.306,idle_before_Mplus_standard,55.125,45.875,44.250,44.375,45.625,44.875,53.250,46.375,45.875,46.500,54.875,44.000,45.125,38818.569,11349179,110757108
1791010604.307,idle_before_Mplus_standard,55.125,45.875,43.750,44.375,45.125,45.375,53.250,44.500,45.500,48.750,55.250,43.500,44.250,38937.469,11349179,110757108
1791010605.308,idle_before_Mplus_standard,55.125,45.875,43.750,46.000,45.125,45.375,53.250,45.000,45.875,46.000,44.500,43.500,55.875,39056.073,11349179,110757108
1791010606.309,idle_before_Mplus_standard,55.375,45.875,43.750,44.375,46.500,45.000,52.750,44.125,45.875,46.000,44.500,44.000,55.875,39174.480,11349179,110757108
1791010607.310,idle_before_Mplus_standard,56.000,56.750,44.250,44.375,45.125,45.375,52.750,44.500,45.500,46.000,47.500,44.000,45.125,39297.988,11349179,110757108
1791010608.311,idle_before_Mplus_standard,56.375,56.250,43.750,44.875,45.375,45.375,52.375,44.500,45.500,46.500,45.625,43.500,44.750,39416.698,11349180,110757108
1791010609.312,idle_before_Mplus_standard,56.500,56.750,43.750,44.375,49.000,45.375,52.750,44.500,45.875,46.500,45.250,44.000,44.750,39535.561,11349180,110757108
1791010610.313,idle_before_Mplus_standard,56.625,56.750,44.250,45.000,45.625,45.375,52.750,44.125,45.875,46.000,44.125,43.500,44.750,39653.801,11349180,110757108
1791010611.314,idle_before_Mplus_standard,56.625,56.750,44.250,44.375,45.625,45.375,52.750,44.125,45.875,47.375,45.000,48.125,43.875,39773.300,11349180,110757108
1791010612.315,idle_before_Mplus_standard,56.625,46.375,44.250,44.375,45.125,45.875,52.375,44.500,45.500,46.000,44.125,43.500,55.000,39892.282,11349180,110757108
1791010613.316,idle_before_Mplus_standard,56.625,45.875,43.750,44.875,46.000,45.375,52.750,44.500,46.750,48.875,44.125,43.500,55.500,40010.833,11349180,110757108
1791010614.317,idle_before_Mplus_standard,56.500,46.375,43.750,44.375,45.125,45.875,52.750,44.500,45.500,46.500,44.125,43.500,55.875,40129.945,11349180,110757108
1791010615.318,idle_before_Mplus_standard,56.500,45.875,43.750,43.875,49.250,46.375,52.750,44.500,45.875,49.000,44.125,43.125,55.875,40247.434,11349180,110757108
1791010616.319,idle_before_Mplus_standard,56.375,45.875,43.750,44.875,45.625,45.375,52.750,44.500,46.375,46.500,45.000,43.500,55.875,40371.016,11349180,110757108
1791010617.321,idle_before_Mplus_standard,56.375,45.375,43.750,44.375,45.125,45.375,52.750,44.125,45.875,47.000,44.125,43.500,55.875,40489.584,11349180,110757108
1791010618.322,idle_before_Mplus_standard,56.375,46.375,43.750,44.375,45.125,46.375,52.750,44.125,45.875,46.500,44.500,43.500,56.375,40610.310,11349180,110757108
1791010619.323,idle_before_Mplus_standard,56.250,45.875,44.250,44.375,48.125,45.375,52.750,44.500,45.875,46.500,44.125,43.500,55.500,40728.674,11349180,110757108
1791010620.324,idle_before_Mplus_standard,56.250,46.375,44.250,44.875,45.125,45.375,52.375,44.125,45.875,46.000,44.125,45.625,55.875,40848.150,11349180,110757108
1791010621.325,idle_before_Mplus_standard,56.250,45.375,43.750,43.875,45.125,47.250,52.750,44.500,45.875,46.500,44.125,43.500,55.875,40965.184,11349180,110757108
1791010622.326,idle_before_Mplus_standard,56.250,45.875,43.750,44.375,45.125,47.750,52.375,44.125,45.875,50.875,43.625,44.000,55.500,41083.068,11349180,110757108
1791010623.328,idle_before_Mplus_standard,56.250,46.375,43.750,45.250,46.000,45.375,52.375,44.500,46.375,45.625,43.625,43.500,55.875,41201.043,11349180,110757108
1791010624.329,idle_before_Mplus_standard,56.250,46.375,44.750,44.375,47.875,45.375,52.750,44.125,46.375,46.000,44.125,43.125,55.875,41319.246,11349180,110757108
1791010625.330,idle_before_Mplus_standard,56.250,45.875,43.750,44.375,45.625,44.875,52.750,44.500,46.375,46.000,44.125,43.500,56.375,41437.557,11349180,110757108
1791010626.331,idle_before_Mplus_standard,56.250,45.875,47.500,44.375,45.625,45.375,52.750,45.000,45.875,46.500,44.125,44.000,55.875,41556.120,11349180,110757108
1791010627.332,idle_before_Mplus_standard,56.250,45.875,44.250,44.375,45.125,45.375,52.750,44.625,46.375,46.000,44.125,44.000,56.375,41676.773,11349180,110757108
1791010628.334,idle_before_Mplus_standard,56.250,45.875,44.250,44.375,49.750,51.250,52.750,44.500,45.875,46.500,44.500,44.250,56.375,41800.724,11349180,110757108
1791010629.335,idle_before_Mplus_standard,56.250,45.875,44.250,44.375,45.125,46.625,52.375,45.500,45.500,46.000,46.500,44.000,56.375,41926.489,11349182,110757108
1791010630.336,idle_before_Mplus_standard,56.250,45.875,43.750,44.375,45.625,45.375,52.750,45.000,47.625,46.000,44.125,46.750,56.375,42046.987,11349182,110757108
1791010631.337,idle_before_Mplus_standard,56.250,46.500,44.250,44.375,47.500,45.875,52.750,44.500,45.875,46.000,44.125,44.000,56.375,42166.847,11349182,110757108
1791010632.338,idle_before_Mplus_standard,56.250,45.875,43.750,44.375,48.875,45.375,52.750,44.125,55.750,46.000,44.125,43.125,45.625,42285.135,11349182,110757108
1791010633.339,idle_before_Mplus_standard,56.500,45.875,43.750,43.875,47.000,45.375,52.750,44.500,56.625,46.000,44.125,43.500,45.125,42405.615,11349182,110757108
1791010634.341,idle_before_Mplus_standard,56.500,45.875,43.750,43.875,46.000,45.375,52.750,44.500,56.250,46.000,44.500,43.500,48.625,42528.472,11349183,110757108
1791010635.342,idle_before_Mplus_standard,56.500,45.875,43.750,44.375,45.250,44.875,51.875,44.125,56.250,46.000,52.625,43.125,48.625,42647.824,11349183,110757108
1791010636.343,idle_before_Mplus_standard,56.500,45.875,44.250,44.375,45.625,45.375,53.250,44.125,56.250,53.625,44.125,43.125,47.250,42768.903,11349183,110757108
1791010637.344,idle_before_Mplus_standard,56.500,46.375,44.750,50.875,45.625,45.375,53.750,44.500,56.625,46.000,44.500,43.500,46.750,42890.844,11349183,110757108
1791010638.345,idle_before_Mplus_standard,56.500,45.875,43.750,43.875,45.625,44.875,52.750,44.125,56.250,47.000,44.500,43.125,45.125,43008.959,11349183,110757108
1791010639.346,idle_before_Mplus_standard,56.500,45.875,44.250,44.375,45.125,45.375,53.250,44.125,56.250,46.500,44.500,43.500,45.125,43130.803,11349183,110757108
1791010640.347,idle_before_Mplus_standard,56.500,45.875,43.750,44.375,45.125,44.875,52.750,44.500,55.750,46.000,44.125,43.500,45.125,43250.376,11349183,110757108
1791010641.348,idle_before_Mplus_standard,56.500,45.875,44.250,44.375,52.125,45.375,52.375,44.500,55.750,46.000,47.500,43.500,45.125,43369.079,11349183,110757108
1791010642.349,idle_before_Mplus_standard,56.500,48.250,44.250,43.875,45.625,45.375,52.375,44.125,55.750,45.625,43.625,43.500,44.750,43490.407,11349183,110757108
1791010643.350,idle_before_Mplus_standard,56.500,45.875,43.750,44.375,45.125,44.875,52.750,44.500,56.250,49.500,44.500,43.500,45.125,43609.475,11349183,110757108
1791010644.351,idle_before_Mplus_standard,56.500,45.875,44.250,44.375,45.250,47.000,52.750,45.500,56.625,46.000,44.125,44.000,44.750,43728.900,11349183,110757108
1791010645.352,idle_before_Mplus_standard,56.500,45.875,44.250,46.875,46.750,45.375,52.750,44.500,56.625,46.000,44.125,44.000,45.125,43851.824,11349183,110757108
1791010646.353,idle_before_Mplus_standard,56.500,45.875,44.750,44.875,45.125,45.375,53.250,44.500,56.250,46.000,43.625,43.500,44.750,43971.006,11349183,110757108
1791010647.354,idle_before_Mplus_standard,56.500,48.875,44.750,44.375,45.125,45.375,53.250,44.500,56.250,46.000,44.500,43.500,44.625,44091.024,11349183,110757108
1791010648.355,idle_before_Mplus_standard,56.500,45.875,44.250,46.000,45.625,44.875,52.750,44.500,56.625,46.000,44.125,43.500,44.250,44212.840,11349183,110757108
1791010649.356,idle_before_Mplus_standard,56.500,46.375,44.250,44.875,45.625,44.875,52.375,44.500,56.250,45.625,44.125,43.500,44.750,44331.745,11349183,110757108
1791010650.357,idle_before_Mplus_standard,56.500,46.375,44.250,44.375,45.625,45.875,52.375,44.125,56.250,46.000,44.125,43.500,44.750,44453.261,11349183,110757108
1791010651.359,idle_before_Mplus_standard,56.375,45.875,43.750,44.375,44.875,45.375,52.750,45.000,55.750,46.000,44.125,44.000,45.125,44572.738,11349183,110757108
1791010652.361,idle_before_Mplus_standard,56.250,45.875,43.750,44.875,46.000,45.375,52.750,45.500,45.875,46.000,44.125,53.875,44.750,44693.739,11349183,110757108
1791010653.362,idle_before_Mplus_standard,56.000,45.875,44.250,44.875,49.250,44.875,52.750,45.000,45.500,45.625,44.125,44.500,55.500,44812.747,11349183,110757108
1791010654.364,idle_before_Mplus_standard,56.375,46.375,44.250,46.875,45.625,57.000,52.750,45.000,45.500,46.500,45.625,43.500,44.750,44934.217,11349183,110757108
1791010655.365,idle_before_Mplus_standard,56.750,45.875,44.250,44.875,45.125,58.000,52.750,45.000,45.500,46.000,44.125,44.000,44.750,45053.127,11349186,110757108
1791010656.366,idle_before_Mplus_standard,56.750,45.875,43.750,50.875,45.125,45.375,52.750,46.500,46.375,46.000,44.125,44.000,55.875,45176.702,11349186,110757108
1791010657.367,idle_before_Mplus_standard,56.500,45.875,44.250,56.000,45.125,56.625,52.750,46.500,45.500,45.625,44.125,44.000,44.250,45300.611,11349186,110757108
1791010658.368,idle_before_Mplus_standard,56.750,46.375,44.250,50.375,45.250,57.000,52.750,45.000,47.250,46.500,44.125,43.500,47.375,45422.650,11349186,110757108
1791010659.369,idle_before_Mplus_standard,56.875,46.375,44.250,50.375,45.125,57.500,53.250,45.000,46.375,46.000,45.000,44.000,46.875,45550.944,11349186,110757108
1791010660.371,idle_before_Mplus_standard,57.000,46.375,43.750,50.875,47.500,57.000,53.250,47.250,45.875,46.500,44.125,44.500,44.750,45673.053,11349186,110757108
1791010661.372,idle_before_Mplus_standard,57.000,46.875,44.750,49.875,45.125,57.000,53.250,44.500,45.500,46.500,45.000,43.500,44.750,45797.508,11349186,110757108
1791010662.373,idle_before_Mplus_standard,57.125,45.875,46.625,49.875,45.250,57.000,52.750,44.500,46.750,46.500,44.125,43.500,44.750,45918.474,11349186,110757108
1791010663.374,idle_before_Mplus_standard,57.250,45.875,44.250,50.875,45.125,57.000,53.250,44.500,46.375,46.000,43.625,44.000,44.750,46041.107,11349186,110757108
1791010664.375,idle_before_Mplus_standard,57.250,47.625,44.250,49.875,45.125,57.000,52.750,45.000,46.375,46.000,43.625,43.500,45.125,46161.816,11349186,110757108
1791010665.376,idle_before_Mplus_standard,57.000,45.875,44.250,49.500,45.625,45.375,53.250,44.500,46.375,46.000,54.875,43.500,45.125,46286.882,11349186,110757108
1791010666.377,idle_before_Mplus_standard,56.625,45.875,44.750,54.125,46.000,45.375,53.250,44.500,45.875,46.000,55.750,43.500,45.125,46410.103,11349189,110757108
1791010667.379,idle_before_Mplus_standard,56.250,45.875,54.000,50.500,47.250,45.375,52.750,44.500,46.375,46.500,55.250,44.000,44.750,46536.264,11349189,110757108
1791010668.380,idle_before_Mplus_standard,55.875,45.875,44.250,54.375,45.125,44.875,52.750,46.125,45.500,45.625,55.250,44.000,44.750,46660.376,11349189,110757108
1791010669.381,idle_before_Mplus_standard,55.625,45.875,44.250,48.625,45.125,45.375,52.750,45.625,46.125,46.000,54.875,47.000,47.250,46784.639,11349189,110757108
1791010670.382,idle_before_Mplus_standard,55.375,45.875,46.250,49.500,45.625,44.875,52.750,50.875,45.875,46.000,54.875,44.500,44.750,46910.179,11349189,110757108
1791010671.383,idle_before_Mplus_standard,55.250,45.875,45.750,49.125,44.750,48.625,53.250,45.500,45.000,46.000,55.250,44.000,44.750,47034.063,11349189,110757108
1791010672.385,idle_before_Mplus_standard,55.500,45.875,44.750,48.625,57.125,45.375,53.750,44.500,45.500,46.000,44.500,44.000,44.750,47157.023,11349189,110757108
1791010673.386,idle_before_Mplus_standard,56.875,45.875,44.750,49.125,57.625,44.875,52.750,44.500,48.125,46.125,44.125,43.500,44.750,47279.593,11349189,110757108
1791010674.387,idle_before_Mplus_standard,57.375,45.875,44.250,50.000,57.625,45.375,52.750,44.500,45.875,46.000,44.500,43.500,47.750,47401.345,11349189,110757108
1791010675.388,idle_before_Mplus_standard,57.500,46.375,44.250,49.500,57.625,45.375,54.250,44.500,46.375,45.625,45.875,43.500,45.625,47523.207,11349189,110757108
1791010676.389,idle_before_Mplus_standard,57.625,46.750,44.250,50.000,57.625,45.375,54.250,44.500,46.375,46.000,44.500,43.500,45.625,47645.507,11349189,110757108
1791010677.390,idle_before_Mplus_standard,57.750,46.375,44.250,52.000,57.625,45.375,54.250,44.500,46.375,46.500,44.125,44.000,46.750,47766.870,11349189,110757108
1791010678.392,idle_before_Mplus_standard,57.750,46.375,44.750,52.750,45.625,56.625,54.250,45.000,45.500,46.000,44.125,43.500,45.125,47892.264,11349189,110757108
1791010679.393,idle_before_Mplus_standard,57.750,46.750,44.250,56.000,46.500,57.500,53.875,45.000,51.250,49.750,44.125,43.500,45.125,48015.056,11349189,110757108
1791010680.394,idle_before_Mplus_standard,57.750,48.625,44.250,49.875,45.625,57.500,54.250,46.375,45.875,46.000,44.125,43.500,44.750,48139.358,11349189,110757108
1791010681.395,idle_before_Mplus_standard,57.750,46.875,44.250,49.500,46.500,57.500,54.250,44.500,45.500,46.500,44.500,43.500,44.750,48261.468,11349189,110757108
1791010682.396,idle_before_Mplus_standard,57.750,48.250,44.750,49.500,45.125,57.500,54.250,44.500,45.500,49.000,44.500,43.500,44.750,48383.521,11349189,110757108
1791010683.398,idle_before_Mplus_standard,57.750,48.875,44.250,49.875,45.625,58.000,54.250,44.125,46.375,46.500,44.500,43.500,44.750,48505.835,11349189,110757108
1791010684.399,idle_before_Mplus_standard,57.750,45.875,43.750,49.875,45.625,57.500,54.750,47.500,45.500,46.000,48.750,43.500,44.750,48627.433,11349189,110757108
1791010685.400,idle_before_Mplus_standard,57.750,48.875,44.250,51.375,45.125,58.000,51.625,45.000,45.500,46.000,44.500,43.500,44.750,48749.511,11349189,110757108
1791010686.401,idle_before_Mplus_standard,57.750,46.375,44.250,49.500,47.625,57.500,52.500,44.500,46.375,47.250,44.125,43.125,45.125,48872.001,11349189,110757108
1791010687.402,idle_before_Mplus_standard,57.750,45.875,44.250,49.875,45.125,57.500,52.500,44.500,45.875,46.000,47.875,43.500,45.125,48995.344,11349189,110757108
1791010688.404,idle_before_Mplus_standard,57.750,46.875,44.250,52.750,45.125,57.500,52.125,44.500,45.500,46.000,46.375,43.500,44.750,49120.135,11349189,110757108
1791010689.405,idle_before_Mplus_standard,57.750,48.250,44.250,44.375,45.625,57.500,52.500,44.500,45.500,46.500,44.500,43.500,44.750,49246.334,11349189,110757108
1791010690.406,idle_before_Mplus_standard,57.750,48.750,43.750,44.875,45.625,57.500,52.500,44.500,45.875,46.000,44.500,43.500,44.750,49367.368,11349189,110757108
1791010691.407,idle_before_Mplus_standard,57.750,46.375,44.250,44.375,47.250,57.500,52.500,44.500,46.375,46.500,44.500,43.500,44.750,49488.004,11349189,110757108
1791010692.409,idle_before_Mplus_standard,57.750,46.375,44.750,44.375,45.125,58.000,52.500,45.000,45.500,46.500,45.000,43.500,45.125,49608.509,11349189,110757108
1791010693.411,idle_before_Mplus_standard,57.625,46.375,44.250,44.875,46.250,57.500,52.500,45.000,46.375,46.500,44.500,43.500,44.750,49731.137,11349189,110757108
1791010694.412,idle_before_Mplus_standard,57.625,45.875,44.250,44.875,45.125,57.500,52.500,45.000,45.875,46.000,44.500,44.000,44.750,49851.565,11349189,110757108
1791010695.412,idle_before_Mplus_standard,57.625,46.375,44.250,44.375,46.750,57.500,52.500,44.500,46.375,46.500,44.125,43.500,46.375,49970.981,11349189,110757108
1791010696.414,idle_before_Mplus_standard,57.625,46.375,48.000,44.875,45.625,57.500,52.500,45.000,45.875,46.000,44.500,44.000,44.750,50090.368,11349189,110757108
1791010697.421,Mplus_standard,57.625,48.750,44.250,50.250,45.625,57.500,52.500,45.000,49.500,46.000,44.500,44.500,45.125,50218.524,11349195,110757108
1791010698.422,Mplus_standard,57.625,46.375,44.250,54.000,45.625,57.500,52.500,46.375,45.875,46.500,44.500,48.750,44.750,50347.080,11349195,110757108
1791010699.423,Mplus_standard,57.625,45.875,44.750,55.375,45.625,57.500,52.500,47.000,49.250,46.000,44.500,44.000,44.750,50473.147,11349195,110757108
1791010700.425,Mplus_standard,57.500,49.125,44.250,55.875,45.125,57.500,52.500,46.500,45.875,46.500,46.250,44.000,44.750,50600.679,11349196,110757108
1791010701.426,Mplus_standard,57.375,49.625,49.375,52.125,50.875,56.625,51.625,48.250,53.000,53.375,48.000,52.375,50.875,50809.688,11349197,110757108
1791010702.427,Mplus_standard,57.250,50.000,50.875,52.625,53.000,55.625,52.500,49.500,53.500,51.750,49.625,53.375,52.750,51071.640,11349197,110757108
1791010703.428,Mplus_standard,57.250,51.750,49.875,58.750,53.000,56.125,53.000,51.750,53.375,54.000,49.625,54.750,50.875,51333.754,11349197,110757108
1791010704.429,Mplus_standard,57.375,50.750,52.625,55.000,51.125,56.750,54.875,53.500,55.625,51.750,49.625,53.375,51.875,51595.948,11349197,110757108
1791010705.430,Mplus_standard,57.625,55.000,51.375,52.125,51.125,58.500,53.500,50.500,52.500,55.250,49.750,53.875,53.625,51861.464,11349197,110757108
1791010706.431,Mplus_standard,57.875,53.250,50.750,55.875,53.250,56.625,55.375,50.500,56.625,54.125,53.875,55.250,52.250,52128.050,11349197,110757108
1791010707.432,Mplus_standard,58.250,52.125,50.000,54.375,51.625,56.625,53.875,58.125,54.375,54.500,54.125,52.000,54.125,52395.155,11349197,110757108
1791010708.433,Mplus_standard,58.250,52.000,50.875,50.375,51.625,56.125,54.875,50.500,54.875,53.500,49.875,53.875,53.250,52659.558,11349197,110757108
1791010709.434,Mplus_standard,58.375,51.250,53.750,52.125,52.500,56.625,53.500,51.375,55.125,54.750,50.750,56.125,52.750,52924.009,11349197,110757108
1791010710.435,Mplus_standard,58.750,52.125,50.750,51.125,52.125,58.875,54.375,54.500,56.250,54.750,54.750,50.500,52.750,53188.709,11349197,110757108
1791010711.436,Mplus_standard,58.875,53.375,51.250,56.875,53.125,57.000,54.375,51.875,53.750,56.000,50.625,51.500,53.625,53453.820,11349197,110757108
1791010712.437,Mplus_standard,59.125,54.875,51.750,51.125,52.125,58.500,53.875,53.125,55.125,53.375,53.375,57.125,55.000,53719.739,11349197,110757108
1791010713.438,Mplus_standard,59.375,53.250,56.000,53.000,53.125,57.500,56.250,52.250,58.375,54.125,52.875,51.500,54.500,53985.775,11349197,110757108
1791010714.439,Mplus_standard,59.375,55.750,55.250,52.125,53.500,57.500,54.375,51.875,54.250,54.750,50.500,51.000,54.500,54249.738,11349197,110757108
1791010715.440,Mplus_standard,59.375,53.000,51.125,54.000,53.125,57.500,57.125,51.875,55.125,53.750,50.875,52.875,55.875,54512.069,11349197,110757108
1791010716.440,Mplus_standard,59.250,54.625,53.750,55.500,53.000,57.500,55.375,53.250,55.625,52.875,49.875,52.875,54.500,54771.244,11349197,110757108
1791010717.442,Mplus_standard,59.250,52.125,50.875,51.625,55.375,57.500,55.500,53.125,54.875,53.375,51.625,50.125,59.125,55031.500,11349197,110757108
1791010718.443,Mplus_standard,59.375,56.125,54.250,52.625,54.375,58.000,56.375,51.875,59.250,57.750,54.375,52.000,53.625,55291.991,11349197,110757108
1791010719.444,Mplus_standard,59.500,52.750,51.500,52.250,53.500,58.000,56.000,51.875,56.000,53.750,52.125,50.375,53.625,55551.734,11349197,110757108
1791010720.445,Mplus_standard,59.750,52.250,51.875,52.500,54.000,59.375,56.375,52.750,54.250,54.125,53.125,55.625,57.125,55812.551,11349197,110757108
1791010721.446,Mplus_standard,59.750,52.250,52.375,53.000,53.875,58.000,56.000,54.500,55.125,56.000,51.000,51.375,56.625,56072.150,11349197,110757108
1791010722.448,Mplus_standard,59.750,53.000,53.250,52.750,54.000,58.500,56.000,55.000,55.125,53.750,51.250,51.125,54.375,56331.803,11349197,110757108
1791010723.449,Mplus_standard,59.875,54.125,51.500,53.875,53.875,59.875,56.375,52.250,56.000,53.750,51.500,51.125,54.375,56593.371,11349197,110757108
1791010724.450,Mplus_standard,59.875,56.875,51.500,52.125,57.125,58.500,56.000,52.250,60.125,55.625,55.375,51.000,55.250,56853.804,11349201,110757108
1791010725.451,Mplus_standard,60.250,54.500,53.250,53.500,53.500,61.250,56.375,52.750,55.625,55.500,52.250,50.500,56.375,57113.660,11349202,110757108
1791010726.452,Mplus_standard,60.375,54.000,52.125,55.875,58.500,58.500,58.250,53.000,62.500,54.250,52.125,51.500,60.250,57372.853,11349202,110757108
1791010727.453,Mplus_standard,60.500,53.000,52.625,52.125,54.875,58.500,56.375,55.500,54.750,55.625,53.250,51.125,54.500,57631.298,11349202,110757108
1791010728.454,Mplus_standard,60.375,53.500,52.250,53.500,54.375,58.875,56.375,54.125,59.625,57.750,52.000,51.500,57.250,57890.091,11349202,110757108
1791010729.455,Mplus_standard,60.375,53.500,54.625,52.750,54.375,59.375,56.375,52.750,55.125,54.750,54.375,57.125,55.375,58148.860,11349202,110757108
1791010730.456,Mplus_standard,60.625,54.000,53.250,56.000,57.125,59.375,56.000,59.500,56.250,57.125,54.375,58.000,58.500,58410.499,11349202,110757108
1791010731.457,Mplus_standard,61.000,59.125,55.125,52.125,55.375,59.375,56.875,54.500,54.875,54.750,51.875,59.000,59.375,58679.752,11349202,110757108
1791010732.458,Mplus_standard,61.500,59.375,53.750,52.625,55.875,60.750,56.375,55.000,59.375,54.375,53.125,60.125,56.375,58953.742,11349202,110757108
1791010733.459,Mplus_standard,61.750,62.750,54.625,53.000,58.125,59.875,56.375,54.125,55.750,54.000,52.875,59.875,55.000,59227.635,11349202,110757108
1791010734.460,Mplus_standard,62.125,59.500,51.750,54.000,55.750,59.875,56.875,59.500,55.125,55.250,54.000,58.750,54.500,59500.834,11349206,110757108
1791010735.461,Mplus_standard,62.500,62.625,55.250,57.000,58.500,62.125,57.250,58.000,57.000,55.375,60.500,59.625,55.875,59778.123,11349206,110757108
1791010736.462,Mplus_standard,62.750,61.875,51.875,52.750,60.875,60.250,56.875,55.000,59.375,56.000,54.875,54.625,56.875,60046.827,11349206,110757108
1791010737.463,Mplus_standard,63.500,53.625,53.375,53.625,57.625,59.875,60.000,54.625,54.875,57.000,53.375,54.875,55.500,60308.087,11349206,110757108
1791010738.463,Mplus_standard,63.250,60.875,52.625,53.500,57.125,59.875,59.500,53.000,56.250,54.250,53.375,53.000,54.500,60558.926,11349206,110757108
1791010739.464,Mplus_standard,63.000,59.500,53.250,55.375,59.500,59.375,60.000,52.000,55.750,55.125,58.625,54.000,54.500,60811.772,11349206,110757108
1791010740.465,Mplus_standard,62.750,56.250,52.375,58.750,56.250,61.750,59.500,53.125,55.375,55.625,52.875,52.625,54.500,61062.711,11349206,110757108
1791010741.466,Mplus_standard,62.625,56.625,52.750,53.750,55.875,60.250,60.000,52.250,56.000,56.500,51.875,53.000,55.250,61314.835,11349206,110757108
1791010742.467,Mplus_standard,62.875,57.500,54.125,54.000,62.625,59.875,60.000,54.000,56.500,57.125,56.000,52.250,59.375,61570.564,11349206,110757108
1791010743.468,Mplus_standard,63.625,54.500,53.625,54.000,62.750,59.875,60.000,52.250,55.250,56.500,53.250,55.625,59.875,61828.815,11349206,110757108
1791010744.469,Mplus_standard,64.250,56.375,57.750,53.000,54.000,60.250,60.000,55.625,59.000,61.250,54.500,52.375,56.875,62084.932,11349206,110757108
1791010745.469,Mplus_standard,65.000,54.750,53.500,53.250,57.625,60.750,60.500,58.750,55.375,62.250,51.250,52.625,56.625,62337.109,11349208,110757108
1791010746.470,Mplus_standard,65.625,58.625,52.000,57.625,55.000,65.000,59.500,52.250,55.250,65.500,54.750,50.750,55.750,62586.265,11349208,110757108
1791010747.471,Mplus_standard,65.625,53.250,51.750,52.125,60.875,65.000,60.000,57.750,58.750,54.250,53.375,51.625,58.125,62827.817,11349208,110757108
1791010748.472,Mplus_standard,65.500,53.625,51.750,51.625,57.125,65.000,59.500,52.250,54.250,57.000,51.750,51.625,55.750,63061.105,11349208,110757108
1791010749.472,Mplus_standard,65.500,52.750,52.125,52.625,56.250,64.500,62.250,53.125,54.375,54.500,51.625,53.375,64.250,63290.702,11349218,110757108
1791010750.473,Mplus_standard,65.375,53.625,51.875,52.750,52.625,65.000,61.375,52.375,53.750,54.750,51.625,49.125,53.250,63496.799,11349218,110757108
1791010751.474,Mplus_standard,65.250,52.000,51.250,50.875,51.125,64.000,58.625,52.875,53.500,52.875,51.250,50.125,53.000,63681.938,11349218,110757108
1791010752.475,Mplus_standard,65.250,53.375,48.500,53.625,50.500,64.500,59.125,51.000,61.875,53.750,51.375,51.000,51.875,63854.370,11349218,110757108
1791010753.475,Mplus_standard,65.125,51.625,48.875,48.625,50.125,63.625,58.250,49.250,50.875,51.375,50.875,48.250,51.375,63997.498,11349218,110757108
1791010754.476,Mplus_standard,64.875,52.625,48.500,48.625,50.500,62.125,57.250,50.625,50.375,51.000,48.250,50.125,51.375,64129.773,11349218,110757108
1791010755.477,Mplus_standard,64.625,51.625,48.000,48.625,52.500,62.125,57.750,49.250,50.375,51.000,47.375,48.750,51.250,64267.080,11349218,110757108
1791010756.478,Mplus_standard,64.375,50.500,48.000,49.125,54.375,63.125,57.250,52.375,50.375,51.375,47.750,47.750,51.750,64399.965,11349218,110757108
1791010757.480,Mplus_standard,64.375,59.125,54.000,53.000,54.375,60.250,56.875,52.375,55.250,54.250,53.875,56.125,55.250,64620.388,11349218,110757108
1791010758.481,Mplus_standard,64.000,54.000,53.625,52.625,55.750,60.250,57.250,54.625,56.625,55.750,52.250,56.625,55.250,64882.663,11349218,110757108
1791010759.482,Mplus_standard,63.625,55.000,54.000,53.250,54.875,60.250,57.750,55.500,56.250,56.500,52.625,57.625,55.250,65144.097,11349219,110757108
1791010760.483,Mplus_standard,63.375,55.500,53.625,55.000,55.875,60.750,57.750,53.125,55.250,57.125,56.875,54.250,55.500,65404.592,11349219,110757108
1791010761.484,Mplus_standard,63.250,55.000,55.375,56.750,55.375,60.750,57.750,56.125,57.000,60.125,53.625,57.375,55.250,65669.016,11349219,110757108
1791010762.485,Mplus_standard,63.250,54.625,53.750,53.500,55.875,60.750,58.250,55.875,61.875,56.000,53.375,52.250,54.875,65936.022,11349219,110757108
1791010763.486,Mplus_standard,63.125,59.125,54.500,53.875,54.875,62.625,58.250,53.625,56.500,56.375,53.375,57.500,55.375,66199.197,11349219,110757108
1791010764.487,Mplus_standard,63.000,55.000,54.625,54.875,58.500,63.625,57.750,55.000,60.500,57.375,55.875,56.125,57.500,66461.849,11349219,110757108
1791010765.488,Mplus_standard,62.875,54.625,54.000,55.875,55.750,63.125,57.250,57.000,56.500,57.125,54.500,57.625,58.500,66723.306,11349219,110757108
1791010766.489,Mplus_standard,62.750,55.000,53.500,55.500,58.500,60.750,58.625,56.750,61.000,56.500,53.375,53.875,55.875,66984.498,11349219,110757108
1791010767.490,Mplus_standard,62.750,57.375,55.875,55.000,55.750,61.250,56.875,57.375,56.000,58.000,53.375,56.250,56.625,67247.445,11349219,110757108
1791010768.491,Mplus_standard,62.750,56.625,53.500,54.375,56.250,61.250,58.250,54.500,59.750,56.000,54.125,56.625,56.250,67508.685,11349219,110757108
1791010769.492,Mplus_standard,62.625,55.750,54.250,58.250,55.750,60.750,59.125,55.125,59.625,57.750,55.250,53.625,58.000,67770.632,11349219,110757108
1791010770.493,Mplus_standard,62.750,59.500,54.625,54.500,57.625,61.750,58.625,53.750,57.375,56.125,53.375,54.750,56.375,68032.186,11349219,110757108
1791010771.494,Mplus_standard,62.750,56.000,54.000,55.875,59.000,61.250,58.625,53.625,56.625,56.500,53.875,54.000,56.625,68293.245,11349219,110757108
1791010772.495,Mplus_standard,63.000,57.750,59.250,55.000,60.000,62.750,58.625,54.500,57.000,56.125,54.125,53.000,56.375,68554.212,11349219,110757108
1791010773.496,Mplus_standard,63.000,57.375,54.500,54.375,57.625,63.625,58.625,54.125,57.375,56.625,53.625,53.875,56.375,68817.093,11349219,110757108
1791010774.497,Mplus_standard,63.000,58.750,55.875,55.000,56.250,61.250,59.125,58.000,57.125,57.750,53.625,57.250,57.750,69077.505,11349219,110757108
1791010775.498,Mplus_standard,62.875,54.875,54.625,53.875,56.250,61.250,58.625,54.250,60.250,57.375,56.125,55.250,57.125,69335.959,11349219,110757108
1791010776.499,Mplus_standard,63.000,55.875,54.250,54.000,55.750,61.750,59.500,53.750,56.250,57.625,54.000,58.250,60.375,69592.947,11349219,110757108
1791010777.500,Mplus_standard,63.250,55.875,54.250,54.000,55.875,61.750,58.625,55.000,59.375,57.250,55.000,52.875,55.875,69849.591,11349219,110757108
1791010778.501,Mplus_standard,63.125,56.125,54.750,57.750,56.250,61.750,59.500,54.125,57.125,56.500,53.375,52.875,58.500,70107.697,11349219,110757108
1791010779.502,Mplus_standard,63.125,56.375,55.125,55.625,60.375,61.750,59.500,54.250,57.125,60.875,56.125,53.625,61.625,70366.429,11349220,110757108
1791010780.503,Mplus_standard,63.250,60.500,53.500,55.375,57.625,63.625,58.250,55.875,57.250,57.625,56.250,57.625,56.625,70626.536,11349220,110757108
1791010781.504,Mplus_standard,63.250,55.750,58.750,53.500,56.250,61.750,59.125,54.125,56.000,59.750,53.500,59.875,56.250,70882.357,11349220,110757108
1791010782.505,Mplus_standard,63.250,56.125,53.500,55.375,56.750,62.125,59.125,54.125,57.500,56.625,56.750,53.500,57.500,71138.773,11349220,110757108
1791010783.506,Mplus_standard,63.375,56.250,53.750,55.500,57.125,61.750,60.500,54.500,56.250,58.000,57.125,52.750,57.125,71394.831,11349220,110757108
1791010784.506,Mplus_standard,63.375,56.250,54.625,57.875,56.750,64.000,59.125,54.125,57.375,57.000,53.750,54.375,56.750,71653.203,11349220,110757108
1791010785.507,Mplus_standard,63.375,56.625,53.500,53.500,59.000,61.750,59.125,56.375,59.625,58.000,54.375,53.500,56.875,71911.289,11349220,110757108
1791010786.508,Mplus_standard,63.375,57.375,53.125,55.000,58.125,61.750,59.125,54.500,58.250,58.000,54.500,52.875,57.500,72168.235,11349220,110757108
1791010787.509,Mplus_standard,63.500,56.250,54.500,53.875,56.375,62.125,59.125,54.125,57.000,57.500,54.875,53.500,60.875,72425.305,11349220,110757108
1791010788.510,Mplus_standard,63.625,56.750,55.250,54.000,59.000,65.000,58.625,56.375,57.375,56.625,53.500,56.625,56.375,72682.578,11349220,110757108
1791010789.511,Mplus_standard,63.625,56.750,53.750,55.875,57.125,62.125,59.125,55.500,59.250,57.625,53.625,54.125,59.375,72939.743,11349220,110757108
1791010790.513,Mplus_standard,63.625,56.875,53.750,55.875,57.625,63.000,57.250,55.000,58.250,57.125,55.750,54.000,59.875,73198.243,11349220,110757108
1791010791.515,Mplus_standard,63.625,57.250,53.750,55.000,57.125,61.750,60.500,55.875,61.625,62.375,54.625,53.125,56.625,73456.067,11349220,110757108
1791010792.516,Mplus_standard,63.500,56.625,54.500,56.250,56.250,64.000,59.125,58.750,57.000,57.125,54.125,57.125,56.750,73711.869,11349220,110757108
1791010793.517,Mplus_standard,63.500,57.625,55.125,55.000,56.750,62.125,60.875,58.125,57.500,56.625,54.875,54.625,63.875,73968.344,11349220,110757108
1791010794.518,Mplus_standard,63.750,56.750,56.125,54.500,59.000,62.125,61.375,62.250,58.125,56.750,56.625,54.250,59.750,74225.182,11349220,110757108
1791010795.519,Mplus_standard,63.750,56.250,56.125,55.375,58.125,61.750,59.500,55.500,63.375,57.250,54.500,53.000,56.375,74482.418,11349220,110757108
1791010796.520,Mplus_standard,65.250,56.250,54.250,53.500,58.125,66.375,59.500,54.500,60.750,58.000,54.250,53.875,59.500,74742.374,11349220,110757108
1791010797.521,Mplus_standard,66.000,57.750,54.500,54.000,56.750,67.250,59.125,55.000,57.000,57.625,54.125,53.125,56.875,75001.117,11349220,110757108
1791010798.522,Mplus_standard,66.000,59.500,53.500,55.375,58.500,62.625,59.125,54.500,58.750,57.125,53.750,58.500,57.250,75258.878,11349220,110757108
1791010799.523,Mplus_standard,66.250,57.750,54.000,54.375,56.750,66.875,59.500,56.375,57.875,57.000,53.750,53.375,57.250,75519.668,11349220,110757108
1791010800.524,Mplus_standard,66.375,57.250,56.875,59.625,57.125,65.875,61.375,57.750,58.750,57.875,54.875,54.625,58.500,75779.865,11349220,110757108
1791010801.525,Mplus_standard,66.625,57.625,54.625,55.875,60.375,66.375,61.375,56.625,57.875,58.625,53.250,54.750,62.000,76040.914,11349220,110757108
1791010802.526,Mplus_standard,66.750,58.750,55.375,55.000,62.250,66.875,60.875,55.125,57.500,57.125,54.500,54.875,58.000,76302.234,11349220,110757108
1791010803.527,Mplus_standard,66.875,58.000,57.000,55.000,57.625,66.875,60.000,55.500,60.625,59.500,60.000,56.750,57.500,76562.724,11349221,110757108
1791010804.528,Mplus_standard,66.875,57.250,54.000,57.875,57.125,66.875,60.000,54.625,57.000,61.250,54.750,55.375,57.125,76823.424,11349221,110757108
1791010805.529,Mplus_standard,66.875,58.125,57.000,55.375,57.625,66.875,61.875,55.000,57.125,58.500,54.125,56.625,57.250,77084.176,11349221,110757108
1791010806.529,Mplus_standard,66.875,56.250,59.625,53.500,59.000,66.875,61.375,54.125,58.750,58.125,53.625,54.750,57.250,77342.741,11349221,110757108
1791010807.530,Mplus_standard,66.875,56.250,54.875,54.500,57.625,66.375,61.375,55.875,59.250,59.125,55.750,54.750,56.375,77600.953,11349221,110757108
1791010808.531,Mplus_standard,66.875,57.625,55.125,54.000,57.625,66.875,60.875,60.250,61.125,61.000,52.875,55.625,57.500,77855.001,11349221,110757108
1791010809.532,Mplus_standard,66.875,57.750,56.000,57.375,56.750,66.375,60.875,54.125,58.250,58.750,56.625,55.625,58.500,78103.394,11349221,110757108
1791010810.533,Mplus_standard,66.875,55.750,54.250,53.625,56.750,65.875,60.875,54.500,56.625,57.375,53.625,50.500,57.250,78329.667,11349221,110757108
1791010811.535,Mplus_standard,66.750,55.875,52.375,52.750,57.625,65.875,60.000,58.500,55.250,55.125,54.125,50.750,54.500,78525.247,11349221,110757108
1791010812.536,Mplus_standard,66.625,54.500,53.750,52.750,56.250,65.875,60.000,51.000,54.875,54.250,52.500,51.000,62.750,78711.091,11349221,110757108
1791010813.538,Mplus_standard,66.250,55.875,50.375,54.000,57.125,53.750,60.000,51.000,57.125,54.250,52.000,61.375,53.250,78887.670,11349221,110757108
1791010814.539,Mplus_standard,65.625,52.625,50.375,50.500,53.875,53.375,59.500,51.000,53.000,54.250,51.500,60.875,53.250,79036.222,11349221,110757108
1791010815.540,Mplus_standard,65.000,53.000,50.375,50.000,54.875,53.125,59.125,50.625,52.625,56.000,49.625,60.875,54.125,79181.024,11349230,110757108
1791010816.541,Mplus_standard,64.375,55.875,54.000,53.500,58.125,60.375,57.750,53.625,55.625,56.375,53.875,57.250,55.000,79357.286,11349230,110757108
1791010817.542,Mplus_standard,63.875,55.750,54.500,54.500,57.125,58.125,59.125,54.625,56.625,57.000,53.875,58.125,56.625,79616.579,11349230,110757108
1791010818.543,Mplus_standard,63.625,55.750,56.750,55.875,57.625,59.875,58.625,55.875,57.250,57.125,54.375,58.125,56.375,79876.055,11349230,110757108
1791010819.544,Mplus_standard,63.250,56.625,54.875,55.875,58.125,58.000,59.125,55.875,57.000,57.000,54.125,57.625,56.375,80134.411,11349230,110757108
1791010820.545,Mplus_standard,63.000,59.500,55.375,55.875,59.500,59.000,59.500,54.125,58.250,60.125,55.250,58.125,57.125,80394.751,11349230,110757108
1791010821.546,Mplus_standard,62.875,60.500,54.500,54.875,56.750,62.750,60.500,54.500,57.000,61.000,59.875,58.125,57.250,80654.370,11349230,110757108
1791010822.547,Mplus_standard,62.875,56.625,54.875,55.375,56.750,61.750,60.000,55.500,57.500,57.625,54.500,58.125,56.875,80919.487,11349230,110757108
1791010823.548,Mplus_standard,62.750,57.500,55.375,55.125,58.125,58.125,59.125,55.500,56.625,59.125,55.250,58.625,57.750,81179.148,11349230,110757108
1791010824.549,Mplus_standard,62.375,59.000,56.375,55.375,58.125,58.500,60.000,55.500,57.375,60.125,54.375,60.000,63.375,81437.959,11349230,110757108
1791010825.551,Mplus_standard,62.250,57.125,56.875,55.375,57.625,59.000,59.500,54.500,57.375,56.500,54.375,58.625,57.125,81694.752,11349230,110757108
1791010826.552,Mplus_standard,62.125,56.250,55.625,55.875,57.125,60.375,59.500,55.000,58.000,57.750,55.375,58.625,56.875,81954.002,11349230,110757108
1791010827.553,Mplus_standard,62.125,61.375,57.250,55.875,60.375,57.125,59.500,55.875,57.375,57.250,54.875,58.125,59.375,82216.155,11349230,110757108
1791010828.554,Mplus_standard,62.125,60.125,59.250,58.750,58.500,58.000,59.500,59.125,57.250,58.500,54.125,58.625,60.375,82475.726,11349230,110757108
1791010829.559,Mplus_standard,62.125,56.750,55.875,55.125,57.625,57.625,59.125,56.625,57.000,56.875,58.500,58.625,57.125,82736.592,11349231,110757108
1791010830.560,Mplus_standard,62.000,56.625,57.750,55.000,58.125,58.125,60.000,54.500,57.875,57.750,54.750,58.625,57.250,82994.902,11349231,110757108
1791010831.561,Mplus_standard,61.875,57.125,58.375,55.375,57.125,58.500,61.875,54.500,57.875,62.250,55.875,58.625,57.750,83252.804,11349231,110757108
1791010832.564,Mplus_standard,61.875,57.250,55.375,55.875,57.625,58.500,65.875,55.500,62.375,58.375,58.500,58.625,57.750,83512.528,11349231,110757108
1791010833.565,Mplus_standard,62.000,58.000,56.750,57.250,58.500,58.375,60.000,55.500,58.875,61.250,56.125,59.125,60.375,83774.329,11349231,110757108
1791010834.566,Mplus_standard,62.000,56.250,55.875,60.125,57.625,57.625,59.500,58.625,60.500,57.500,55.875,58.625,57.625,84032.307,11349231,110757108
1791010835.567,Mplus_standard,61.875,58.500,59.500,58.250,57.125,58.000,59.125,54.500,57.875,56.625,57.375,60.875,58.875,84289.972,11349231,110757108
1791010836.568,Mplus_standard,61.750,57.750,54.000,55.375,58.125,57.625,60.000,54.500,57.250,58.750,54.500,58.625,57.125,84546.234,11349231,110757108
1791010837.569,Mplus_standard,61.875,60.500,55.625,54.375,58.125,59.000,60.000,55.500,57.875,60.000,54.750,58.625,56.875,84800.647,11349232,110757108
1791010838.573,Mplus_standard,62.250,57.250,56.375,57.375,59.000,59.000,59.500,56.375,58.375,61.000,56.750,60.500,59.000,85058.625,11349232,110757108
1791010839.574,Mplus_standard,62.500,56.750,53.750,56.000,57.125,59.250,58.250,54.500,58.000,57.750,54.500,58.625,57.250,85315.780,11349232,110757108
1791010840.575,Mplus_standard,62.250,56.750,54.625,60.125,61.375,59.000,59.125,55.500,57.250,57.875,54.625,58.625,60.500,85569.592,11349232,110757108
1791010841.576,Mplus_standard,62.125,56.750,54.250,58.750,57.125,58.125,61.000,55.500,57.250,57.625,54.750,58.125,59.125,85822.930,11349232,110757108
1791010842.577,Mplus_standard,62.250,56.250,57.500,55.000,64.625,60.375,61.375,54.500,57.875,57.625,56.625,58.625,62.625,86077.832,11349232,110757108
1791010843.578,Mplus_standard,62.250,57.750,54.750,59.125,58.125,58.750,61.000,54.625,64.750,58.125,58.000,58.625,57.125,86334.429,11349232,110757108
1791010844.579,Mplus_standard,62.625,57.375,54.750,61.125,57.125,59.000,59.125,55.000,58.000,60.625,55.375,58.625,57.625,86592.221,11349232,110757108
1791010845.580,Mplus_standard,62.500,57.750,55.625,54.500,58.125,58.125,59.625,55.875,58.375,58.000,54.500,59.125,57.250,86846.276,11349235,110757108
1791010846.581,Mplus_standard,62.375,56.250,54.875,54.500,60.875,59.750,59.625,56.750,57.625,58.000,55.375,60.500,60.375,87101.664,11349235,110757108
1791010847.582,Mplus_standard,62.250,57.375,54.875,54.500,58.125,58.125,59.125,54.625,58.000,58.125,56.125,59.125,57.125,87356.246,11349235,110757108
1791010848.583,Mplus_standard,62.250,58.000,55.250,55.000,58.125,58.125,58.500,54.500,57.875,57.250,55.250,58.625,62.125,87611.620,11349235,110757108
1791010849.584,Mplus_standard,62.250,62.625,57.625,60.625,58.125,58.875,60.375,55.875,57.375,60.250,55.000,60.875,61.625,87868.818,11349235,110757108
1791010850.584,Mplus_standard,62.375,56.750,55.125,55.875,58.500,58.500,59.000,58.000,57.875,57.875,54.500,58.625,57.750,88126.967,11349235,110757108
1791010851.585,Mplus_standard,62.375,57.250,57.000,55.875,57.625,59.500,58.500,56.375,59.250,58.000,57.125,59.125,58.125,88383.665,11349235,110757108
1791010852.586,Mplus_standard,62.250,58.750,55.500,54.500,58.125,58.500,60.375,55.000,58.250,61.875,55.250,61.375,60.875,88638.850,11349235,110757108
1791010853.587,Mplus_standard,62.250,57.250,57.625,55.875,57.125,57.625,58.500,58.500,60.250,59.750,54.125,58.625,58.125,88894.778,11349235,110757108
1791010854.588,Mplus_standard,62.375,56.750,55.375,55.000,58.125,58.500,59.000,55.500,62.500,57.875,54.750,59.125,57.500,89151.798,11349235,110757108
1791010855.589,Mplus_standard,62.625,57.375,55.625,56.375,57.125,60.750,60.875,60.000,58.250,61.750,54.375,60.500,59.875,89410.520,11349235,110757108
1791010856.592,Mplus_standard,62.625,57.375,58.875,56.875,57.625,59.875,59.000,55.875,61.625,58.625,54.125,58.625,57.750,89669.123,11349235,110757108
1791010857.593,Mplus_standard,62.750,56.750,56.125,55.500,60.875,61.250,60.875,55.000,64.125,57.750,55.875,58.625,59.000,89927.984,11349235,110757108
1791010858.594,Mplus_standard,62.625,57.250,57.000,57.250,58.125,61.750,60.875,55.000,58.375,57.875,55.125,61.375,57.750,90184.797,11349235,110757108
1791010859.594,Mplus_standard,62.500,56.625,56.000,55.375,60.875,58.500,58.500,55.000,58.375,59.500,55.750,59.125,58.500,90443.722,11349235,110757108
1791010860.595,Mplus_standard,62.500,56.375,55.375,58.750,58.125,59.500,58.500,58.375,61.000,58.000,58.125,58.625,60.375,90702.383,11349235,110757108
1791010861.596,Mplus_standard,62.500,56.750,59.250,55.500,57.625,58.125,60.000,55.875,57.375,57.250,55.750,60.500,58.125,90960.216,11349235,110757108
1791010862.597,Mplus_standard,62.500,57.250,56.000,57.250,58.500,58.500,59.000,55.875,59.250,57.875,55.000,58.625,57.125,91216.436,11349235,110757108
1791010863.598,Mplus_standard,62.625,59.125,54.625,56.875,58.500,58.500,59.000,55.500,59.625,59.125,55.375,58.625,60.625,91473.420,11349235,110757108
1791010864.599,Mplus_standard,62.500,59.125,57.375,55.375,58.125,59.500,58.500,55.125,57.875,57.875,54.500,59.125,57.625,91729.114,11349236,110757108
1791010865.600,Mplus_standard,62.500,56.750,54.750,54.500,59.875,61.375,59.000,59.500,61.500,60.500,55.375,58.625,58.000,91988.585,11349236,110757108
1791010866.602,Mplus_standard,62.625,60.875,55.375,59.625,57.625,58.125,60.875,60.875,58.250,59.125,59.875,58.625,60.250,92248.830,11349237,110757108
1791010867.603,Mplus_standard,62.625,59.375,57.000,59.750,58.500,60.250,60.875,56.375,58.250,62.750,56.125,59.125,64.750,92504.997,11349237,110757108
1791010868.604,Mplus_standard,62.500,59.500,57.500,55.375,58.500,58.125,59.000,55.500,58.500,57.250,55.000,62.750,60.750,92762.701,11349237,110757108
1791010869.605,Mplus_standard,63.000,56.875,54.625,56.875,60.375,60.625,59.000,55.500,58.250,58.625,56.750,63.750,59.125,93019.502,11349238,110757108
1791010870.606,Mplus_standard,63.500,57.625,54.875,57.250,57.750,62.750,61.375,59.250,61.000,62.375,58.250,63.750,59.375,93278.158,11349238,110757108
1791010871.606,Mplus_standard,63.625,56.625,54.750,61.625,56.750,60.750,60.000,55.500,59.375,60.000,54.000,63.750,56.625,93526.865,11349238,110757108
1791010872.607,Mplus_standard,63.750,55.750,52.875,53.500,63.500,56.625,60.000,54.250,58.250,57.125,51.125,63.750,63.125,93738.425,11349238,110757108
1791010873.608,Mplus_standard,63.625,54.500,51.750,52.625,55.375,54.250,59.500,52.250,55.250,55.000,54.125,61.875,55.000,93912.722,11349238,110757108
1791010874.610,Mplus_standard,63.500,55.375,57.500,52.125,55.375,54.875,59.000,58.625,55.250,54.500,53.625,61.375,54.125,94074.827,11349238,110757108
1791010875.611,Mplus_standard,63.250,54.875,51.250,52.125,54.500,53.750,59.500,51.875,55.625,54.500,52.500,61.375,53.625,94234.549,11349238,110757108
1791010876.612,Mplus_standard,63.125,53.000,50.750,50.500,54.375,56.625,59.000,50.875,55.125,55.250,52.750,60.875,53.625,94391.329,11349252,110757108
1791010877.613,Mplus_standard,62.875,54.000,50.750,50.625,53.875,52.875,59.000,50.000,52.750,53.625,52.875,61.375,53.625,94538.742,11349252,110757108
1791010878.614,Mplus_standard,62.750,54.750,51.500,50.500,53.875,52.875,58.500,50.500,52.750,53.250,50.125,61.375,54.125,94685.380,11349252,110757108
1791010879.616,Mplus_standard,62.500,53.000,51.250,59.125,53.875,52.875,58.500,50.500,53.125,53.625,51.125,60.875,54.125,94829.113,11349252,110757108
1791010880.617,Mplus_standard,62.250,58.125,53.625,54.500,57.125,56.750,57.625,53.625,57.000,57.000,55.250,57.125,56.875,95030.394,11349252,110757108
1791010881.618,Mplus_standard,62.000,56.875,53.750,55.375,57.125,60.625,58.125,54.500,56.500,58.250,55.375,57.500,57.250,95290.235,11349252,110757108
1791010882.619,Mplus_standard,61.750,57.125,55.125,54.500,57.625,57.125,57.625,55.500,57.875,59.375,55.250,57.500,56.875,95550.651,11349255,110757108
1791010883.620,Mplus_standard,61.500,57.500,57.500,57.000,58.125,57.500,58.125,54.125,57.000,57.625,54.750,59.000,56.750,95810.168,11349255,110757108
1791010884.621,Mplus_standard,61.375,56.125,54.750,54.500,58.125,57.625,58.125,55.000,57.500,57.875,54.750,58.000,57.125,96068.667,11349256,110757108
1791010885.622,Mplus_standard,61.500,56.250,57.625,56.000,59.000,60.000,58.500,55.000,57.250,58.250,54.500,58.500,60.750,96331.393,11349256,110757108
1791010886.623,Mplus_standard,61.625,56.125,57.500,56.875,58.125,58.000,58.125,56.750,58.750,57.875,55.000,59.875,56.875,96595.959,11349256,110757108
1791010887.624,Mplus_standard,61.500,56.625,56.125,55.375,57.125,57.625,58.500,55.000,58.000,57.125,56.250,58.500,58.000,96854.331,11349256,110757108
1791010888.625,Mplus_standard,61.375,55.875,57.875,56.000,58.125,58.000,58.125,61.750,57.875,59.250,56.625,58.500,58.000,97112.502,11349256,110757108
1791010889.626,Mplus_standard,61.375,56.875,54.875,56.875,57.625,58.500,58.125,59.500,56.625,57.875,54.750,58.500,57.500,97371.071,11349256,110757108
1791010890.627,Mplus_standard,61.875,56.125,54.250,55.375,62.625,58.125,58.500,55.875,57.875,58.375,54.500,58.500,59.375,97631.453,11349256,110757108
1791010891.628,Mplus_standard,62.250,57.125,54.125,56.875,58.125,58.125,58.500,55.500,58.125,57.875,58.000,60.375,57.125,97893.970,11349256,110757108
1791010892.629,Mplus_standard,62.125,56.250,56.125,55.375,61.250,60.000,58.500,55.875,57.500,58.625,54.625,58.500,57.750,98155.332,11349256,110757108
1791010893.630,Mplus_standard,62.000,56.750,54.750,55.000,58.125,60.625,60.375,56.375,57.125,57.750,54.750,59.000,61.125,98413.101,11349256,110757108
1791010894.631,Mplus_standard,61.875,57.500,54.250,55.875,57.625,58.125,59.000,59.125,58.000,57.750,55.750,58.500,58.125,98670.811,11349256,110757108
1791010895.632,Mplus_standard,62.000,60.875,57.000,55.000,62.750,58.125,60.875,55.875,58.375,60.000,59.500,58.000,58.125,98933.010,11349256,110757108
1791010896.633,Mplus_standard,62.375,57.250,54.875,55.375,60.875,58.500,59.000,57.250,61.625,61.875,55.250,61.750,57.750,99195.097,11349257,110757108
1791010897.634,Mplus_standard,62.500,58.500,57.000,60.625,59.500,58.125,58.500,57.250,58.250,58.000,54.500,58.500,59.375,99456.163,11349257,110757108
1791010898.635,Mplus_standard,62.500,59.625,54.125,55.875,58.500,58.125,58.500,58.625,58.375,58.125,55.250,58.500,58.500,99715.656,11349257,110757108
1791010899.636,Mplus_standard,62.375,58.125,54.875,60.625,62.750,58.125,60.375,56.750,63.250,57.750,54.750,58.000,56.875,99975.290,11349257,110757108
1791010900.637,Mplus_standard,62.500,57.125,54.625,55.875,57.125,58.125,58.500,55.000,59.750,61.375,58.500,58.500,57.125,100234.208,11349257,110757108
1791010901.638,Mplus_standard,62.500,62.250,55.125,56.875,61.250,61.750,59.000,55.125,60.625,58.000,58.500,58.000,59.875,100495.442,11349257,110757108
1791010902.639,Mplus_standard,62.625,57.125,54.250,55.875,59.500,59.500,60.125,55.875,58.000,59.500,54.875,58.000,58.500,100754.698,11349257,110757108
1791010903.640,Mplus_standard,62.500,59.125,55.375,58.375,58.125,58.500,58.500,55.875,57.500,61.750,59.375,59.375,58.125,101014.402,11349257,110757108
1791010904.641,Mplus_standard,62.500,58.625,54.000,57.750,57.625,62.250,59.000,56.375,57.875,57.000,57.250,58.000,57.750,101272.169,11349257,110757108
1791010905.642,Mplus_standard,62.500,56.875,54.250,58.250,57.125,58.500,58.500,59.125,57.875,57.875,54.125,58.000,58.500,101528.280,11349257,110757108
1791010906.643,Mplus_standard,62.750,56.750,54.500,56.000,62.250,58.125,60.375,56.375,62.875,59.375,54.625,57.500,57.500,101786.100,11349257,110757108
1791010907.644,Mplus_standard,62.750,56.750,55.500,54.500,57.625,58.500,58.500,55.875,58.250,63.250,56.750,58.000,58.500,102045.259,11349258,110757108
1791010908.645,Mplus_standard,62.750,56.875,55.000,55.375,58.125,59.875,58.500,58.125,61.125,61.000,53.625,58.000,58.000,102303.746,11349258,110757108
1791010909.646,Mplus_standard,62.625,57.625,55.125,54.625,58.125,58.500,58.500,54.500,58.000,58.500,54.375,57.500,61.625,102562.663,11349258,110757108
1791010910.647,Mplus_standard,62.500,57.125,56.500,55.500,59.500,58.125,58.500,55.000,58.375,58.500,54.875,58.000,58.500,102821.720,11349259,110757108
1791010911.648,Mplus_standard,62.875,61.375,56.000,55.500,58.500,58.500,58.500,55.500,60.625,61.750,55.250,58.125,57.250,103081.621,11349259,110757108
1791010912.649,Mplus_standard,62.875,56.125,54.625,59.750,59.000,58.875,59.000,55.000,59.375,57.625,54.375,58.000,57.750,103341.205,11349259,110757108
1791010913.650,Mplus_standard,62.750,60.500,55.875,55.125,58.125,59.500,58.500,55.875,58.375,58.500,54.000,58.000,58.125,103598.635,11349259,110757108
1791010914.651,Mplus_standard,62.625,57.625,54.625,57.000,58.125,59.000,58.500,60.000,58.250,60.875,59.500,58.500,59.875,103859.019,11349259,110757108
1791010915.652,Mplus_standard,62.625,57.250,55.500,56.500,59.500,60.000,58.125,55.500,58.375,57.875,55.250,59.875,58.000,104117.589,11349259,110757108
1791010916.653,Mplus_standard,62.625,57.250,56.125,54.875,60.750,60.000,59.000,55.500,57.625,58.500,54.375,57.500,57.500,104377.708,11349259,110757108
1791010917.654,Mplus_standard,62.625,60.125,54.625,55.000,58.500,60.250,59.000,58.125,57.500,58.500,55.750,57.500,57.750,104638.599,11349259,110757108
1791010918.655,Mplus_standard,62.500,59.000,56.500,54.125,59.000,60.375,60.375,59.125,58.375,59.375,55.875,58.125,58.625,104898.280,11349259,110757108
1791010919.656,Mplus_standard,62.375,57.625,56.375,55.125,59.500,59.000,59.000,56.750,58.375,59.500,60.250,62.250,59.375,105157.209,11349259,110757108
1791010920.657,Mplus_standard,62.375,56.375,55.875,57.250,58.125,59.000,58.500,55.625,58.750,60.250,57.625,59.375,59.375,105416.714,11349259,110757108
1791010921.658,Mplus_standard,62.500,56.875,59.125,55.875,58.500,59.500,58.500,55.875,63.375,62.375,54.000,58.000,59.500,105676.183,11349259,110757108
1791010922.659,Mplus_standard,62.625,56.750,54.500,58.375,58.125,60.375,60.000,55.875,57.125,58.625,57.875,57.500,59.500,105934.505,11349259,110757108
1791010923.660,Mplus_standard,62.625,57.625,54.750,55.375,59.000,62.250,60.375,59.125,59.250,57.875,58.250,57.500,58.875,106193.023,11349259,110757108
1791010924.661,Mplus_standard,62.500,57.750,54.000,55.375,58.125,60.375,58.500,55.500,59.750,57.250,55.750,59.000,60.375,106450.257,11349259,110757108
1791010925.662,Mplus_standard,62.625,56.750,53.750,54.875,57.125,59.500,58.125,59.125,58.750,62.750,54.500,57.500,57.750,106709.905,11349259,110757108
1791010926.663,Mplus_standard,62.625,59.125,54.250,54.625,59.875,65.000,58.125,54.250,58.000,58.375,59.125,58.000,60.375,106969.395,11349259,110757108
1791010927.664,Mplus_standard,62.625,62.375,54.250,55.375,58.125,58.125,58.500,56.000,57.500,57.625,60.000,57.500,57.750,107229.124,11349259,110757108
1791010928.665,Mplus_standard,62.625,58.000,55.125,54.000,57.125,59.000,58.500,57.875,58.375,58.375,54.500,57.500,57.625,107487.198,11349259,110757108
1791010929.666,Mplus_standard,62.625,56.375,54.125,54.500,58.500,57.875,58.500,55.500,62.000,59.250,57.125,57.500,57.125,107744.840,11349259,110757108
1791010930.666,Mplus_standard,62.875,57.625,53.500,57.250,61.750,57.000,60.000,54.500,58.500,57.750,54.875,65.000,57.750,108005.574,11349259,110757108
1791010931.669,Mplus_standard,63.250,59.375,53.500,55.875,61.750,56.750,60.000,54.625,59.750,58.125,54.000,61.750,61.250,108269.237,11349259,110757108
1791010932.670,Mplus_standard,63.250,57.750,54.250,53.500,56.250,58.375,59.125,53.750,57.500,57.875,60.375,62.250,59.875,108518.104,11349259,110757108
1791010933.671,Mplus_standard,63.125,54.875,53.250,53.500,54.875,59.375,61.375,52.750,56.250,56.000,52.000,61.750,58.625,108748.728,11349259,110757108
1791010934.672,Mplus_standard,62.750,60.375,61.125,53.000,55.375,56.625,60.875,52.750,58.375,55.875,53.375,61.250,55.500,108958.171,11349263,110757108
1791010935.673,Mplus_standard,62.625,62.875,51.375,52.625,54.375,55.500,60.000,59.500,57.375,54.375,51.625,61.250,54.500,109145.903,11349263,110757108
1791010936.674,Mplus_standard,62.375,55.375,51.875,52.125,56.750,53.750,59.500,51.750,54.750,53.625,52.875,60.375,56.375,109322.408,11349263,110757108
1791010937.675,Mplus_standard,62.125,54.250,52.500,51.125,53.875,53.750,59.125,50.000,53.375,53.375,51.375,60.375,54.000,109484.750,11349263,110757108
1791010938.677,Mplus_standard,62.000,52.875,53.750,49.750,54.875,52.875,58.625,51.750,52.875,53.875,49.750,60.375,51.375,109636.913,11349263,110757108
1791010939.678,Mplus_standard,62.000,55.250,52.625,54.500,55.375,59.375,57.750,53.250,55.250,55.125,52.875,52.250,55.875,109814.664,11349263,110757108
1791010940.679,Mplus_standard,61.875,55.750,53.125,54.875,55.750,59.875,58.250,55.500,56.250,56.000,53.875,52.750,60.500,110075.265,11349263,110757108
1791010941.680,Mplus_standard,62.125,55.500,54.000,54.500,56.750,63.625,58.625,55.500,57.000,57.750,58.125,52.750,56.750,110335.698,11349264,110757108
1791010942.681,Mplus_standard,62.750,56.625,55.125,57.875,56.750,62.125,58.625,54.500,56.625,56.375,56.625,52.750,56.750,110596.366,11349264,110757108
1791010943.682,Mplus_standard,62.625,56.125,53.750,57.375,57.125,60.375,58.625,57.250,56.625,57.125,55.875,54.125,56.875,110857.054,11349264,110757108
1791010944.683,Mplus_standard,62.875,59.500,57.000,55.125,58.125,61.750,61.875,57.000,57.500,57.125,54.875,57.750,57.250,111121.135,11349265,110757108
1791010945.684,Mplus_standard,62.750,56.250,56.750,54.125,56.750,62.125,59.125,55.500,57.125,60.000,56.375,53.000,56.875,111383.381,11349267,110757108
1791010946.687,Mplus_standard,62.625,56.750,54.750,53.500,56.750,61.750,58.625,56.375,57.500,58.750,55.375,53.625,55.875,111643.822,11349267,110757108
1791010947.688,Mplus_standard,62.500,56.750,56.500,54.000,57.125,60.375,58.625,55.875,57.500,57.875,54.750,53.500,58.000,111902.075,11349267,110757108
1791010948.689,Mplus_standard,62.500,57.625,54.000,53.625,57.625,61.250,59.125,54.500,57.500,57.125,58.625,58.125,57.625,112161.300,11349267,110757108
1791010949.690,Mplus_standard,62.625,59.625,54.500,55.000,60.875,60.375,59.125,56.375,60.625,57.875,55.750,54.750,59.375,112422.724,11349267,110757108
1791010950.691,Mplus_standard,62.750,56.750,55.875,54.500,57.125,60.375,59.125,58.625,57.500,58.000,54.750,53.500,58.000,112685.163,11349267,110757108
1791010951.692,Mplus_standard,62.625,56.750,54.500,55.500,57.625,60.750,59.500,54.125,57.250,62.375,54.375,53.875,59.750,112945.058,11349267,110757108
1791010952.693,Mplus_standard,62.500,56.750,54.875,56.375,57.125,62.625,59.000,64.500,58.875,57.250,53.750,55.000,56.750,113205.002,11349267,110757108
1791010953.694,Mplus_standard,62.500,58.125,53.750,53.625,57.625,62.125,60.375,55.625,58.375,59.250,56.750,53.125,57.125,113465.648,11349267,110757108
1791010954.695,Mplus_standard,62.500,60.625,54.125,54.500,57.625,60.750,58.125,56.625,60.625,60.000,54.375,54.375,56.375,113727.475,11349268,110757108
1791010955.696,Mplus_standard,62.625,57.125,54.500,54.500,61.750,60.375,58.125,57.500,58.000,57.875,53.875,56.875,56.750,113988.830,11349268,110757108
1791010956.697,Mplus_standard,62.625,56.875,55.000,59.625,57.625,60.750,58.500,54.125,59.250,60.875,55.750,53.125,57.125,114251.611,11349268,110757108
1791010957.698,Mplus_standard,62.625,56.875,54.250,57.750,57.125,64.625,59.500,54.125,61.875,57.250,52.750,54.000,56.750,114510.242,11349268,110757108
1791010958.699,Mplus_standard,62.625,56.750,55.000,53.250,56.750,62.125,58.125,54.500,59.375,57.625,56.250,54.125,57.750,114768.463,11349268,110757108
1791010959.700,Mplus_standard,62.750,57.625,55.125,54.625,56.750,61.250,58.500,53.625,60.500,58.000,53.375,57.375,57.250,115029.828,11349268,110757108
1791010960.701,Mplus_standard,62.875,55.875,55.000,56.000,59.500,61.250,57.625,54.500,57.500,58.375,53.625,58.000,58.125,115290.090,11349268,110757108
1791010961.702,Mplus_standard,62.875,57.625,55.000,55.500,57.625,62.125,58.125,57.000,62.875,62.250,59.125,57.750,57.125,115550.038,11349268,110757108
1791010962.703,Mplus_standard,62.875,61.375,54.125,55.500,57.625,60.750,58.125,55.125,57.000,58.375,54.500,54.125,56.375,115807.564,11349268,110757108
1791010963.704,Mplus_standard,62.875,56.250,54.250,58.750,58.500,60.750,58.125,57.875,57.125,56.500,54.500,52.625,57.500,116063.695,11349268,110757108
1791010964.705,Mplus_standard,62.750,57.125,54.250,54.375,60.000,60.750,58.125,56.500,57.375,57.000,57.125,53.875,56.625,116320.269,11349268,110757108
1791010965.706,Mplus_standard,62.875,56.750,54.250,54.500,57.625,62.125,59.500,53.625,57.125,58.000,55.875,55.000,57.250,116578.634,11349268,110757108
1791010966.707,Mplus_standard,62.875,57.125,54.625,55.375,57.625,60.750,60.375,59.500,57.000,57.625,54.000,54.750,57.500,116839.498,11349268,110757108
1791010967.708,Mplus_standard,62.875,56.750,59.750,54.500,56.750,60.750,58.125,53.625,56.625,58.375,53.500,53.375,58.875,117097.099,11349268,110757108
1791010968.709,Mplus_standard,62.875,56.250,54.500,54.875,57.125,60.375,58.500,54.125,57.875,57.000,54.375,53.000,58.625,117355.040,11349268,110757108
1791010969.710,Mplus_standard,62.750,56.375,53.500,54.500,57.125,60.375,57.625,54.125,57.000,56.875,54.000,52.375,57.250,117612.180,11349268,110757108
1791010970.711,Mplus_standard,62.875,55.875,54.500,53.625,58.125,59.875,59.500,53.625,62.875,60.125,54.000,52.625,56.875,117870.384,11349268,110757108
1791010971.712,Mplus_standard,63.000,56.625,54.625,54.500,60.875,62.250,58.125,55.000,59.250,56.500,53.500,53.375,57.625,118129.650,11349268,110757108
1791010972.719,Mplus_standard,62.875,56.750,55.625,54.000,59.500,60.750,60.000,54.125,57.250,62.875,53.125,53.000,56.375,118390.949,11349268,110757108
1791010973.720,Mplus_standard,62.750,56.375,54.500,56.500,56.250,62.625,60.375,54.500,57.375,57.750,54.500,52.125,56.625,118649.649,11349268,110757108
1791010974.721,Mplus_standard,62.750,55.875,54.125,54.000,57.625,60.375,60.000,53.625,58.750,57.125,53.750,52.625,56.375,118908.392,11349268,110757108
1791010975.722,Mplus_standard,62.625,56.625,53.500,54.000,57.625,60.750,57.625,54.125,58.750,57.125,55.000,53.500,58.500,119166.252,11349268,110757108
1791010976.723,Mplus_standard,62.625,56.250,54.000,56.375,59.875,60.750,60.875,53.625,57.500,56.875,53.500,54.125,57.500,119424.951,11349268,110757108
1791010977.724,Mplus_standard,62.625,56.375,56.375,54.625,56.750,60.750,58.625,55.000,57.125,57.625,53.375,57.250,56.875,119683.870,11349268,110757108
1791010978.725,Mplus_standard,62.750,57.375,57.000,56.750,60.750,60.750,59.125,55.000,65.125,61.250,55.375,55.000,58.875,119942.312,11349268,110757108
1791010979.726,Mplus_standard,62.750,56.625,53.750,55.375,57.625,60.750,59.125,55.500,58.875,58.500,57.875,58.250,61.750,120200.199,11349268,110757108
1791010980.727,Mplus_standard,62.625,56.750,54.250,53.500,57.125,62.125,59.125,57.875,59.375,58.000,57.625,52.625,56.875,120457.089,11349268,110757108
1791010981.728,Mplus_standard,62.625,56.000,54.500,54.500,57.625,62.125,59.125,56.500,66.000,57.625,55.000,54.125,56.375,120715.948,11349268,110757108
1791010982.729,Mplus_standard,62.625,55.875,54.500,54.375,57.125,60.750,58.625,54.500,57.375,58.375,55.250,54.125,57.125,120973.876,11349268,110757108
1791010983.731,Mplus_standard,62.750,56.625,53.750,53.500,57.625,60.375,59.125,53.625,58.750,59.000,54.750,53.500,60.250,121233.133,11349268,110757108
1791010984.732,Mplus_standard,62.750,57.375,53.250,54.000,58.125,60.375,60.500,56.625,59.625,56.500,55.250,54.250,56.875,121491.375,11349268,110757108
1791010985.733,Mplus_standard,62.750,60.875,54.625,54.000,57.625,60.750,59.125,54.125,58.250,58.125,55.000,53.875,56.750,121749.965,11349268,110757108
1791010986.734,Mplus_standard,63.000,56.625,54.125,54.000,58.125,60.375,58.625,58.125,59.625,57.250,53.875,56.125,56.375,122010.439,11349268,110757108
1791010987.735,Mplus_standard,62.875,56.250,57.875,54.000,57.625,60.375,58.625,55.875,61.625,57.500,53.125,53.500,57.250,122265.111,11349268,110757108
1791010988.736,Mplus_standard,62.875,56.625,53.750,53.500,59.000,60.750,59.500,55.875,58.000,56.500,53.625,54.250,59.000,122519.820,11349268,110757108
1791010989.736,Mplus_standard,62.750,55.875,54.625,53.250,60.375,62.125,58.625,54.250,58.000,61.500,53.125,53.875,56.375,122774.216,11349268,110757108
1791010990.737,Mplus_standard,63.000,58.500,58.750,54.000,59.000,61.250,59.125,54.500,58.875,57.500,53.375,53.000,57.750,123029.070,11349268,110757108
1791010991.738,Mplus_standard,64.125,54.875,54.250,55.125,57.625,64.500,60.875,59.250,59.250,61.375,62.250,52.875,60.625,123282.429,11349268,110757108
1791010992.739,Mplus_standard,64.250,54.000,52.125,53.000,56.750,64.000,60.000,54.625,56.625,57.000,54.625,53.875,57.250,123508.565,11349268,110757108
1791010993.740,Mplus_standard,64.500,54.125,51.750,52.750,55.375,63.625,60.000,53.250,56.625,57.125,50.125,51.000,64.500,123715.632,11349268,110757108
1791010994.741,Mplus_standard,64.500,54.500,52.875,51.750,56.250,63.125,59.125,55.500,56.250,56.000,51.250,52.000,54.875,123894.822,11349268,110757108
1791010995.742,Mplus_standard,64.375,53.000,50.375,60.125,59.500,62.625,59.125,51.750,57.125,54.500,50.875,49.125,53.125,124064.146,11349268,110757108
1791010996.743,Mplus_standard,64.125,52.375,49.875,49.875,53.875,62.125,58.625,50.000,53.000,52.875,49.250,50.125,54.875,124210.713,11349268,110757108
1791010997.745,Mplus_standard,64.000,52.125,49.375,49.875,53.500,61.750,58.250,50.000,52.500,53.375,48.750,49.125,53.125,124354.174,11349268,110757108
1791010998.746,Mplus_standard,63.750,59.000,49.375,49.875,53.000,61.750,58.250,50.000,52.125,53.375,50.125,48.750,53.125,124497.583,11349268,110757108
1791010999.747,Mplus_standard,63.625,51.500,49.375,49.625,53.500,61.750,58.250,50.375,52.500,53.375,48.750,57.125,51.250,124638.307,11349268,110757108
1791011000.748,Mplus_standard,63.250,51.500,50.500,49.625,54.375,51.875,58.625,59.375,52.625,53.625,48.750,47.750,51.750,124779.777,11349268,110757108
1791011001.751,Mplus_standard,62.750,51.500,48.875,59.750,51.000,51.875,58.250,59.375,52.125,52.750,49.250,51.625,51.375,124946.432,11349272,110757108
1791011002.752,Mplus_standard,62.250,51.500,48.500,60.250,51.000,50.000,57.750,59.000,50.875,51.375,50.500,47.750,50.125,125072.845,11349272,110757108
1791011003.753,Mplus_standard,61.750,51.000,48.000,57.375,50.875,50.500,56.250,59.000,50.875,51.000,48.750,47.750,49.625,125196.356,11349272,110757108
1791011004.755,Mplus_standard,61.250,55.250,50.625,53.625,53.875,56.125,55.750,55.125,54.250,53.250,51.875,52.250,53.250,125347.012,11349272,110757108
1791011005.756,Mplus_standard,61.000,54.000,52.125,52.125,55.375,56.125,56.750,56.125,55.625,55.625,55.875,51.375,54.875,125605.340,11349272,110757108
1791011006.757,Mplus_standard,60.750,59.000,52.875,55.125,56.250,58.875,57.125,56.625,56.625,56.125,52.250,56.000,58.000,125863.490,11349273,110757108
1791011007.758,Mplus_standard,60.500,54.875,53.625,54.625,56.750,57.375,58.500,58.500,56.625,56.125,54.000,53.125,56.875,126121.029,11349273,110757108
1791011008.759,Mplus_standard,60.375,54.875,53.125,53.500,55.375,58.125,56.750,56.625,56.625,55.625,54.000,52.750,55.500,126378.683,11349273,110757108
1791011009.760,Mplus_standard,60.625,59.125,54.000,53.375,55.875,57.000,58.250,56.625,59.250,61.375,55.250,52.375,56.250,126640.276,11349273,110757108
1791011010.761,Mplus_standard,60.625,56.625,53.250,54.625,56.750,57.000,56.750,58.500,57.000,57.625,54.625,54.625,56.625,126905.257,11349273,110757108
1791011011.762,Mplus_standard,60.500,56.000,53.750,52.875,56.750,58.500,56.750,56.625,57.000,59.500,54.000,52.750,55.500,127163.559,11349273,110757108
1791011012.763,Mplus_standard,60.375,56.125,57.750,52.625,55.750,57.625,57.125,57.000,57.000,58.125,54.750,53.625,55.750,127421.811,11349273,110757108
1791011013.764,Mplus_standard,60.375,55.875,53.125,55.125,56.250,56.750,59.000,59.000,57.375,60.375,55.250,54.625,55.500,127680.066,11349273,110757108
1791011014.765,Mplus_standard,60.625,59.500,55.875,53.000,56.750,57.000,57.125,57.000,59.250,56.375,55.250,53.000,56.875,127940.570,11349273,110757108
1791011015.766,Mplus_standard,61.000,60.875,57.500,54.500,62.625,63.000,57.625,57.000,57.500,56.625,54.500,54.375,57.125,128206.169,11349273,110757108
1791011016.767,Mplus_standard,61.000,55.375,53.750,54.625,57.125,57.500,57.625,58.500,56.625,56.500,54.125,57.500,56.750,128464.993,11349273,110757108
1791011017.768,Mplus_standard,61.000,56.875,54.000,54.500,55.750,57.875,57.625,57.000,56.250,56.375,54.750,52.625,56.375,128722.909,11349273,110757108
1791011018.769,Mplus_standard,61.000,54.875,53.250,54.375,55.750,57.125,57.125,57.500,56.500,56.625,56.625,52.750,55.875,128982.206,11349273,110757108
1791011019.775,Mplus_standard,61.000,56.250,53.250,53.875,56.750,56.750,57.125,59.000,57.125,56.625,56.125,52.750,55.500,129243.628,11349284,110757108
1791011020.776,Mplus_standard,61.125,59.125,56.000,53.500,56.250,60.750,63.250,57.500,57.875,57.000,54.375,53.625,58.500,129504.672,11349284,110757108
1791011021.777,Mplus_standard,61.375,54.875,55.875,54.625,57.625,57.000,57.625,57.500,56.625,60.500,54.375,53.500,56.875,129766.930,11349284,110757108
1791011022.778,Mplus_standard,61.250,57.625,53.750,54.500,57.125,57.125,57.625,59.375,59.375,57.375,53.375,54.625,56.375,130025.686,11349284,110757108
1791011023.779,Mplus_standard,61.125,55.375,54.500,54.625,57.125,58.125,57.625,59.500,57.375,56.375,53.875,54.625,56.625,130285.243,11349284,110757108
1791011024.780,Mplus_standard,61.375,56.125,53.125,54.125,56.250,58.875,57.625,57.500,57.625,56.875,58.125,54.250,56.750,130547.254,11349285,110757108
1791011025.781,Mplus_standard,61.500,56.375,54.625,58.375,56.750,63.125,58.500,59.375,57.875,57.875,53.875,54.125,61.250,130807.851,11349285,110757108
1791011026.782,Mplus_standard,61.625,56.875,52.875,54.625,59.000,58.125,57.625,57.000,57.875,60.000,53.500,56.750,57.125,131070.523,11349285,110757108
1791011027.783,Mplus_standard,61.625,60.625,53.375,55.375,59.875,58.875,57.625,57.500,58.875,58.000,56.250,58.250,57.125,131330.315,11349285,110757108
1791011028.784,Mplus_standard,61.500,55.250,54.000,54.000,57.125,59.875,57.625,57.500,56.625,55.875,53.875,52.750,56.875,131587.413,11349285,110757108
1791011029.785,Mplus_standard,61.500,56.250,53.125,54.375,57.125,57.500,57.625,57.500,56.750,57.875,55.375,57.125,56.375,131843.004,11349285,110757108
1791011030.786,Mplus_standard,61.375,58.500,53.750,54.500,56.750,57.125,57.625,57.500,61.500,57.625,53.625,55.500,57.750,132100.037,11349285,110757108
1791011031.787,Mplus_standard,61.375,57.750,55.625,57.375,59.000,57.500,58.125,59.500,58.875,57.875,55.000,53.500,57.250,132356.779,11349285,110757108
1791011032.788,Mplus_standard,61.625,55.750,53.125,55.000,58.125,57.125,58.125,57.500,57.500,56.375,58.500,55.375,55.875,132615.248,11349285,110757108
1791011033.789,Mplus_standard,61.625,56.125,54.000,53.500,59.000,58.000,58.125,57.500,57.250,57.625,56.750,53.375,60.750,132874.134,11349285,110757108
1791011034.790,Mplus_standard,61.625,55.750,56.875,54.625,56.750,60.625,59.500,57.500,58.000,61.000,61.250,56.375,58.500,133132.164,11349285,110757108
1791011035.791,Mplus_standard,61.875,59.375,54.250,55.000,60.875,57.625,57.625,58.000,56.625,57.250,62.750,53.000,59.375,133389.440,11349285,110757108
1791011036.792,Mplus_standard,62.000,56.250,53.375,54.000,64.125,60.375,57.625,59.875,58.000,57.750,57.625,57.125,59.125,133646.121,11349287,110757108
1791011037.793,Mplus_standard,61.875,56.375,53.750,55.000,57.625,58.375,58.125,58.000,58.375,57.625,54.375,54.125,56.875,133902.755,11349287,110757108
1791011038.794,Mplus_standard,61.750,56.625,53.125,56.000,58.125,57.375,58.125,58.000,60.625,57.250,57.375,54.000,57.500,134162.301,11349288,110757108
1791011039.795,Mplus_standard,61.750,60.875,56.125,53.875,58.500,60.250,58.125,57.500,58.500,57.750,56.250,55.250,57.750,134422.636,11349289,110757108
1791011040.796,Mplus_standard,61.875,56.375,54.500,54.000,59.000,57.500,58.125,58.000,58.000,57.000,54.375,53.875,56.750,134683.082,11349289,110757108
1791011041.797,Mplus_standard,61.875,57.125,54.125,54.000,58.125,58.000,58.500,59.875,57.500,57.250,54.625,54.125,56.875,134941.040,11349289,110757108
1791011042.798,Mplus_standard,61.875,55.875,58.375,54.125,59.000,58.750,59.125,58.000,57.125,59.625,55.750,53.000,59.375,135199.423,11349289,110757108
1791011043.799,Mplus_standard,61.875,56.750,56.000,56.625,58.125,58.375,61.375,58.000,57.375,56.875,58.500,55.625,57.750,135457.991,11349289,110757108
1791011044.801,Mplus_standard,61.875,56.625,55.125,55.125,57.625,58.750,60.875,59.875,57.500,57.875,55.250,54.625,57.750,135716.336,11349289,110757108
1791011045.802,Mplus_standard,61.875,56.375,54.500,56.500,57.125,59.750,59.125,58.000,60.625,57.125,56.625,54.125,57.250,135974.544,11349289,110757108
1791011046.803,Mplus_standard,62.125,57.250,54.250,61.500,58.125,59.000,59.125,58.500,57.500,63.250,53.875,54.625,57.125,136231.094,11349289,110757108
1791011047.804,Mplus_standard,62.125,56.250,57.375,56.500,62.750,60.250,59.125,59.375,57.875,61.000,56.125,58.500,57.500,136489.150,11349290,110757108
1791011048.805,Mplus_standard,62.250,56.125,54.250,54.125,60.000,58.125,59.125,58.500,61.500,57.750,54.375,53.875,58.500,136747.378,11349290,110757108
1791011049.806,Mplus_standard,62.125,56.375,54.500,54.125,58.125,63.625,61.375,58.000,58.375,58.000,54.125,55.000,57.625,137003.818,11349290,110757108
1791011050.807,Mplus_standard,62.250,57.125,54.875,58.250,58.500,60.750,59.500,58.500,58.375,57.750,54.500,53.500,60.375,137260.891,11349290,110757108
1791011051.808,Mplus_standard,62.250,57.250,57.500,56.375,57.625,59.000,60.000,58.000,58.000,57.250,54.500,53.125,60.250,137518.054,11349290,110757108
1791011052.809,Mplus_standard,62.375,56.750,54.250,57.875,57.125,58.750,59.500,58.500,58.750,57.125,53.625,54.250,57.125,137777.238,11349290,110757108
1791011053.810,Mplus_standard,62.375,61.000,54.625,54.500,57.625,59.500,59.500,58.500,57.375,57.875,54.500,56.750,58.125,138035.263,11349290,110757108
1791011054.811,Mplus_standard,62.375,57.250,54.125,55.375,57.625,59.500,62.750,58.500,58.250,57.375,54.250,58.000,57.250,138290.988,11349290,110757108
1791011055.812,Mplus_standard,62.500,57.250,54.000,54.500,58.625,59.375,59.500,58.000,57.500,57.250,54.750,53.500,59.500,138548.411,11349290,110757108
1791011056.813,Mplus_standard,62.500,60.875,54.750,55.375,59.500,59.500,59.500,62.750,57.375,58.125,56.875,53.500,57.125,138809.132,11349295,110757108
1791011057.814,Mplus_standard,62.625,61.000,53.500,58.250,57.625,62.500,61.375,63.250,59.250,60.500,55.250,55.250,58.125,139064.543,11349295,110757108
1791011058.815,Mplus_standard,64.375,59.375,61.125,65.750,64.125,56.125,60.000,62.250,57.375,60.125,53.875,61.375,55.000,139308.828,11349295,110757108
1791011059.816,Mplus_standard,64.375,53.500,61.875,51.750,54.875,57.500,60.500,62.250,61.125,60.000,52.000,55.375,57.750,139513.509,11349295,110757108
1791011060.817,Mplus_standard,64.125,54.875,50.375,52.000,54.875,53.375,60.500,61.375,54.750,60.000,52.500,51.500,54.875,139681.570,11349295,110757108
1791011061.818,Mplus_standard,63.750,54.875,49.875,54.125,54.000,55.500,59.500,60.375,57.500,53.125,53.625,51.500,54.000,139828.254,11349295,110757108
1791011062.819,Mplus_standard,63.375,55.375,54.125,54.375,56.750,57.375,58.625,58.000,56.500,58.000,54.750,55.500,56.250,140065.540,11349295,110757108
1791011063.820,Mplus_standard,63.000,57.125,54.125,59.250,57.625,61.625,59.125,59.875,57.375,56.750,55.375,57.375,59.750,140323.270,11349295,110757108
1791011064.821,Mplus_standard,62.750,56.625,55.000,54.875,57.625,57.875,59.500,58.000,60.250,56.625,56.250,55.500,60.500,140582.454,11349295,110757108
1791011065.822,Mplus_standard,62.500,57.250,53.625,55.500,57.625,59.875,60.875,58.000,57.500,57.250,56.125,54.000,56.875,140841.733,11349295,110757108
1791011066.823,Mplus_standard,62.250,58.125,55.375,56.250,57.625,58.125,59.125,58.500,58.000,56.875,55.750,54.000,58.875,141099.131,11349295,110757108
1791011067.824,Mplus_standard,62.250,57.250,54.250,55.125,60.875,59.000,60.875,58.500,57.875,58.625,54.625,53.375,56.875,141365.284,11349295,110757108
1791011068.825,Mplus_standard,62.125,56.375,54.125,55.500,57.625,58.500,59.500,60.375,57.250,57.750,54.750,53.375,58.625,141624.785,11349295,110757108
1791011069.826,Mplus_standard,62.000,56.625,54.500,58.750,57.625,57.625,59.500,58.500,57.875,57.875,54.125,55.250,56.875,141881.741,11349295,110757108
1791011070.827,Mplus_standard,61.750,56.750,54.750,54.875,57.625,57.625,59.500,58.500,58.000,57.125,55.875,58.125,57.125,142137.992,11349295,110757108
1791011071.828,Mplus_standard,61.625,55.875,55.000,58.750,58.500,58.125,59.500,58.000,61.000,56.875,55.375,54.375,58.000,142394.362,11349295,110757108
1791011072.829,Mplus_standard,61.875,56.875,59.125,58.875,60.875,60.000,60.000,59.000,58.250,59.875,54.500,56.750,57.625,142655.682,11349295,110757108
1791011073.830,Mplus_standard,62.000,56.750,54.250,56.375,60.375,57.625,59.500,66.375,57.375,58.500,54.375,55.375,59.500,142917.296,11349295,110757108
1791011074.831,Mplus_standard,62.000,57.250,54.000,57.375,57.125,58.000,61.375,59.000,57.500,61.125,55.875,55.375,58.500,143175.298,11349295,110757108
1791011075.832,Mplus_standard,61.875,57.500,55.625,56.250,58.125,58.125,59.500,60.375,58.250,57.000,56.000,56.750,57.125,143431.871,11349295,110757108
1791011076.833,Mplus_standard,61.750,58.000,55.625,56.250,57.625,59.000,59.500,58.500,58.375,59.000,56.750,56.750,57.125,143688.509,11349295,110757108
1791011077.834,Mplus_standard,62.125,57.625,54.250,55.000,59.000,57.875,59.500,58.500,57.500,58.000,56.375,54.375,57.250,143947.739,11349295,110757108
1791011078.835,Mplus_standard,62.250,59.625,54.125,55.375,61.750,60.750,60.000,59.000,58.250,64.625,54.500,54.375,58.125,144208.859,11349295,110757108
1791011079.836,Mplus_standard,62.375,57.375,57.500,55.000,58.500,60.750,59.500,59.000,58.250,58.125,55.000,56.375,57.625,144469.055,11349295,110757108
1791011080.837,Mplus_standard,62.375,57.500,55.125,56.375,58.125,58.000,60.000,58.500,57.875,57.750,55.250,58.000,56.875,144727.525,11349295,110757108
1791011081.838,Mplus_standard,62.125,57.375,54.875,57.875,57.125,58.500,59.500,59.000,58.250,57.125,58.000,55.500,61.750,144985.916,11349295,110757108
1791011082.839,Mplus_standard,62.125,56.625,54.250,55.375,58.125,59.000,61.375,60.875,58.375,57.875,57.375,54.375,57.500,145241.009,11349295,110757108
1791011083.840,Mplus_standard,62.250,56.750,58.875,55.500,59.000,57.625,59.500,59.375,58.750,58.000,53.875,53.625,59.375,145498.379,11349295,110757108
1791011084.841,Mplus_standard,62.500,57.375,57.500,55.875,58.500,60.375,59.125,58.500,58.250,60.875,54.375,54.875,60.250,145757.314,11349295,110757108
1791011085.842,Mplus_standard,62.500,56.250,54.000,56.000,57.625,58.125,59.500,60.875,61.875,57.750,57.125,54.625,56.750,146014.528,11349295,110757108
1791011086.843,Mplus_standard,62.375,62.375,54.000,55.500,58.125,62.125,59.500,59.000,57.875,58.000,57.750,54.875,56.875,146270.028,11349295,110757108
1791011087.844,Mplus_standard,62.375,57.375,56.000,56.125,58.125,58.125,60.000,58.500,61.875,57.125,56.125,54.250,60.375,146526.625,11349295,110757108
1791011088.845,Mplus_standard,62.375,56.750,54.750,55.875,58.125,58.750,59.500,59.875,58.750,61.125,54.125,57.125,61.625,146783.269,11349295,110757108
1791011089.846,Mplus_standard,62.500,59.875,56.875,60.625,58.500,59.000,60.000,59.000,59.250,58.875,56.250,54.625,57.250,147041.883,11349297,110757108
1791011090.847,Mplus_standard,62.875,57.750,54.625,54.500,58.125,58.500,60.000,59.000,58.750,58.125,56.125,54.750,57.500,147299.884,11349297,110757108
1791011091.848,Mplus_standard,62.750,59.625,59.125,54.500,59.500,59.875,61.375,58.500,62.875,58.375,54.500,54.375,57.750,147555.153,11349298,110757108
1791011092.849,Mplus_standard,62.750,57.250,54.625,54.500,58.125,61.625,59.500,59.000,57.500,60.875,54.875,53.875,58.125,147809.610,11349298,110757108
1791011093.850,Mplus_standard,62.750,58.125,54.625,56.125,58.125,58.125,60.000,59.000,58.500,57.500,54.250,54.125,56.875,148065.269,11349298,110757108
1791011094.851,Mplus_standard,62.625,57.125,55.875,55.000,58.500,58.500,59.500,58.500,58.000,58.625,55.750,54.375,56.875,148320.266,11349299,110757108
1791011095.852,Mplus_standard,62.625,57.625,54.250,55.000,58.125,59.375,61.375,58.500,64.375,57.625,54.500,57.500,60.375,148575.296,11349299,110757108
1791011096.853,Mplus_standard,62.750,57.375,55.000,55.375,58.125,58.375,60.000,58.500,57.500,58.500,60.375,54.250,56.875,148833.808,11349299,110757108
1791011097.854,Mplus_standard,62.625,56.875,58.750,55.375,58.500,60.000,59.500,60.375,58.125,58.000,57.875,54.750,56.875,149089.212,11349299,110757108
1791011098.855,Mplus_standard,62.500,58.250,56.500,54.500,57.125,59.000,60.000,58.500,62.750,57.625,54.500,53.625,58.625,149344.430,11349299,110757108
1791011099.856,Mplus_standard,62.500,57.625,54.500,60.125,58.500,57.625,59.500,60.375,58.375,57.250,55.375,54.000,57.125,149600.581,11349299,110757108
1791011100.857,Mplus_standard,62.375,57.500,54.250,55.375,58.500,59.000,61.375,58.500,57.500,59.625,54.750,53.625,57.125,149856.007,11349299,110757108
1791011101.858,Mplus_standard,62.250,59.125,54.250,57.000,58.125,58.125,59.125,58.500,57.875,62.375,58.625,55.000,57.125,150113.518,11349299,110757108
1791011102.859,Mplus_standard,62.500,57.250,55.000,59.625,57.125,60.750,59.500,58.500,61.125,57.875,55.250,58.500,58.500,150370.950,11349299,110757108
1791011103.860,Mplus_standard,62.625,56.375,55.500,55.125,61.750,59.000,59.500,58.500,57.500,57.875,56.125,54.375,59.375,150626.867,11349307,110757108
1791011104.861,Mplus_standard,62.500,58.625,55.375,55.875,57.625,58.500,61.875,58.500,57.500,57.875,57.875,54.000,62.000,150882.052,11349307,110757108
1791011105.862,Mplus_standard,62.750,58.125,58.250,55.000,58.125,58.500,59.500,59.000,58.000,60.375,54.375,54.875,59.750,151137.926,11349307,110757108
1791011106.863,Mplus_standard,62.625,56.375,55.375,55.375,58.500,59.000,60.000,58.500,58.750,57.625,54.875,54.625,58.125,151393.617,11349307,110757108
1791011107.864,Mplus_standard,62.625,57.125,56.500,55.500,60.375,58.500,60.000,58.500,60.625,61.000,54.625,56.625,57.250,151649.851,11349307,110757108
1791011108.865,Mplus_standard,62.750,56.625,54.750,55.375,60.875,58.125,60.000,58.500,58.750,57.375,55.500,56.375,58.625,151906.226,11349307,110757108
1791011109.866,Mplus_standard,62.750,62.625,54.750,54.500,58.125,58.500,59.500,58.500,58.000,58.250,56.625,58.625,56.875,152161.455,11349307,110757108
1791011110.869,Mplus_standard,62.625,59.500,54.875,59.250,63.125,58.875,59.500,59.000,58.000,58.625,54.875,58.250,56.375,152416.735,11349307,110757108
1791011111.870,Mplus_standard,62.500,57.625,56.125,55.125,58.125,59.500,60.000,58.500,58.000,58.375,55.375,53.875,56.875,152672.316,11349307,110757108
1791011112.871,Mplus_standard,62.625,57.250,54.000,55.500,58.500,59.000,61.875,59.000,58.375,58.375,55.875,57.500,57.500,152928.349,11349307,110757108
1791011113.872,Mplus_standard,62.625,58.500,54.625,55.000,61.250,58.500,60.000,60.875,57.875,63.250,54.250,55.375,58.000,153187.778,11349307,110757108
1791011114.873,Mplus_standard,63.250,59.500,58.250,54.500,62.750,59.875,60.000,58.500,57.500,58.000,54.250,54.250,59.375,153441.698,11349307,110757108
1791011115.873,Mplus_standard,63.750,66.375,54.750,55.875,59.000,59.500,60.000,59.000,58.000,59.625,55.000,53.375,62.125,153697.829,11349307,110757108
1791011116.874,Mplus_standard,63.625,56.000,54.125,61.625,57.625,58.125,61.875,58.500,57.375,56.375,58.000,53.125,57.125,153939.677,11349307,110757108
1791011117.875,Mplus_standard,63.375,56.125,55.625,57.375,57.125,57.125,61.375,58.500,58.750,59.500,54.625,53.000,56.375,154173.738,11349307,110757108
1791011118.876,Mplus_standard,63.250,56.125,53.750,52.750,58.125,60.250,62.750,63.625,57.125,63.750,52.625,54.125,55.500,154401.380,11349307,110757108
1791011119.876,Mplus_standard,63.125,54.875,52.500,52.750,54.875,54.750,60.875,62.375,58.000,57.875,53.375,54.875,55.250,154594.874,11349307,110757108
1791011120.877,Mplus_standard,63.000,54.000,54.250,53.250,56.750,54.125,59.500,61.875,55.125,54.875,50.625,52.000,57.500,154755.690,11349307,110757108
1791011121.878,Mplus_standard,62.875,58.000,51.375,51.000,55.375,54.750,59.125,61.375,55.625,57.000,50.125,50.500,54.875,154907.179,11349311,110757108
1791011122.879,Mplus_standard,62.750,56.750,52.250,51.000,52.625,54.125,59.125,61.375,52.625,54.000,55.875,52.000,51.875,155046.537,11349312,110757108
1791011123.881,Mplus_standard,62.500,56.250,52.750,53.500,57.125,56.750,58.250,58.750,57.000,57.000,52.875,52.750,56.625,155229.381,11349312,110757108
1791011124.882,Mplus_standard,62.250,59.125,57.875,56.500,56.750,58.125,59.125,59.125,57.000,56.875,54.125,55.500,56.375,155486.921,11349312,110757108
1791011125.883,Mplus_standard,62.125,57.625,54.875,55.125,57.125,58.125,59.500,63.625,57.125,57.750,54.125,54.625,56.750,155742.815,11349313,110757108
1791011126.884,Mplus_standard,61.875,57.625,54.500,54.625,60.375,61.125,59.500,60.125,58.750,59.875,55.375,54.000,56.375,155998.405,11349313,110757108
1791011127.885,Mplus_standard,61.750,58.125,55.000,55.375,60.750,58.125,58.375,59.625,58.875,57.875,55.250,53.875,56.875,156254.165,11349313,110757108
1791011128.886,Mplus_standard,62.000,59.500,55.000,56.875,57.125,57.625,60.500,59.625,58.250,59.125,59.000,54.750,58.875,156514.519,11349313,110757108
1791011129.887,Mplus_standard,62.250,59.875,54.875,55.875,58.500,57.625,61.375,60.125,57.375,57.375,56.750,54.875,61.625,156777.091,11349313,110757108
1791011130.888,Mplus_standard,62.125,59.500,54.250,56.000,57.625,57.625,61.375,60.125,58.000,57.750,56.125,54.125,56.875,157034.577,11349313,110757108
1791011131.889,Mplus_standard,62.000,58.125,54.625,55.000,57.625,58.125,60.000,60.125,58.875,58.000,57.125,54.250,59.125,157292.111,11349313,110757108
1791011132.890,Mplus_standard,61.875,56.750,59.250,58.750,57.625,60.375,60.000,60.125,57.375,57.750,55.000,55.000,57.750,157548.532,11349313,110757108
1791011133.891,Mplus_standard,62.125,60.625,54.875,55.000,58.500,59.000,59.500,62.375,58.875,57.750,55.000,58.125,57.500,157807.702,11349313,110757108
1791011134.892,Mplus_standard,62.250,57.500,54.750,55.000,57.125,58.125,60.875,61.000,58.000,58.125,54.750,56.625,57.125,158068.334,11349313,110757108
1791011135.893,Mplus_standard,62.125,58.125,54.250,57.375,57.125,60.375,60.000,60.125,58.250,57.750,55.875,56.000,58.125,158329.354,11349313,110757108
1791011136.894,Mplus_standard,62.125,58.625,54.875,55.500,58.125,59.000,59.500,59.625,57.125,56.875,56.125,54.625,58.125,158587.683,11349314,110757108
1791011137.895,Mplus_standard,62.125,57.250,54.250,56.875,58.500,59.000,59.500,60.125,61.000,57.125,59.000,56.375,58.000,158845.745,11349314,110757108
1791011138.896,Mplus_standard,62.375,56.875,54.875,55.000,60.375,57.625,59.500,62.375,60.250,58.375,54.500,54.625,57.750,159104.607,11349314,110757108
1791011139.897,Mplus_standard,62.375,57.250,54.625,55.500,60.875,60.625,59.500,60.125,60.125,59.875,59.375,54.250,58.125,159364.157,11349314,110757108
1791011140.898,Mplus_standard,62.250,60.500,55.375,58.125,59.000,57.625,61.375,60.125,58.000,58.000,56.125,54.250,58.500,159623.894,11349314,110757108
1791011141.899,Mplus_standard,62.250,56.750,54.250,60.125,58.125,58.125,59.500,60.500,58.500,58.125,56.625,54.625,57.125,159885.590,11349314,110757108
1791011142.900,Mplus_standard,62.250,60.000,54.250,56.500,59.000,61.750,59.500,60.125,58.250,57.875,54.875,56.125,57.750,160143.975,11349314,110757108
1791011143.901,Mplus_standard,62.375,56.750,58.375,57.875,58.125,61.750,59.500,64.500,58.375,58.750,54.875,55.500,57.250,160402.563,11349314,110757108
1791011144.902,Mplus_standard,62.500,60.000,54.625,55.000,59.000,59.375,60.000,60.125,57.625,58.750,54.750,54.625,56.875,160659.547,11349314,110757108
1791011145.905,Mplus_standard,62.625,58.125,57.750,55.125,58.125,58.125,61.875,60.125,58.000,58.125,55.250,54.250,58.000,160917.886,11349315,110757108
1791011146.906,Mplus_standard,62.500,58.125,55.000,55.125,58.125,59.500,62.250,60.125,57.500,57.750,55.375,56.000,59.125,161175.867,11349316,110757108
1791011147.907,Mplus_standard,62.625,56.875,54.750,55.875,58.125,58.500,61.875,60.125,57.625,58.625,56.250,54.625,58.125,161437.194,11349316,110757108
1791011148.908,Mplus_standard,62.625,56.875,54.625,55.000,59.500,58.125,61.875,62.375,59.750,57.750,55.250,53.500,57.750,161694.952,11349316,110757108
1791011149.909,Mplus_standard,62.750,57.250,54.500,58.375,60.375,58.125,61.875,60.125,61.625,57.250,53.875,54.625,57.250,161953.470,11349316,110757108
1791011150.910,Mplus_standard,62.625,57.250,54.500,56.875,58.125,59.000,61.375,59.625,61.500,61.125,58.125,55.000,58.625,162208.644,11349316,110757108
1791011151.911,Mplus_standard,62.750,61.875,59.125,55.875,59.000,59.500,65.375,60.125,60.500,58.750,55.875,54.625,61.625,162466.061,11349316,110757108
1791011152.912,Mplus_standard,62.625,56.750,54.250,56.750,61.750,58.375,61.875,60.125,62.125,58.375,55.000,54.875,59.125,162721.862,11349316,110757108
1791011153.913,Mplus_standard,62.750,56.625,58.875,55.875,58.125,58.875,62.250,60.125,59.750,58.625,55.000,55.000,57.250,162979.413,11349316,110757108
1791011154.914,Mplus_standard,62.750,58.125,54.875,57.625,59.500,59.000,62.250,59.625,59.625,57.375,54.125,57.625,59.125,163236.826,11349317,110757108
1791011155.915,Mplus_standard,62.750,56.625,54.250,55.000,58.500,58.500,61.875,60.125,60.500,57.000,58.000,54.875,57.250,163492.456,11349317,110757108
1791011156.916,Mplus_standard,62.750,60.375,55.875,55.125,62.250,58.125,62.250,59.625,59.250,57.375,54.125,54.625,60.625,163748.765,11349317,110757108
1791011157.917,Mplus_standard,62.750,57.625,55.125,55.000,58.125,59.500,61.875,60.125,58.000,59.000,53.500,53.125,58.000,164004.082,11349317,110757108
1791011158.918,Mplus_standard,62.625,56.750,55.875,54.000,58.125,59.500,62.250,60.125,58.250,58.125,58.000,56.625,60.875,164259.388,11349317,110757108
1791011159.919,Mplus_standard,62.750,56.750,55.500,59.625,60.000,62.500,60.875,60.125,58.500,57.375,55.000,54.875,60.000,164516.065,11349317,110757108
1791011160.920,Mplus_standard,62.750,56.750,57.875,55.375,58.125,58.500,61.875,59.625,58.125,60.875,54.500,53.875,59.500,164772.000,11349317,110757108
1791011161.921,Mplus_standard,62.625,56.125,54.000,54.500,61.375,58.125,61.875,60.125,59.375,59.375,55.250,53.625,58.125,165027.831,11349317,110757108
1791011162.922,Mplus_standard,62.750,56.250,55.875,55.000,60.375,58.375,62.250,60.125,59.375,58.125,55.250,53.875,57.750,165285.059,11349317,110757108
1791011163.923,Mplus_standard,62.625,57.375,55.875,55.375,61.750,58.125,61.375,62.375,62.500,58.625,56.125,59.125,61.250,165539.738,11349317,110757108
1791011164.924,Mplus_standard,62.625,56.750,55.375,54.500,58.500,58.375,62.250,60.125,57.625,58.000,54.000,56.625,62.000,165794.680,11349317,110757108
1791011165.925,Mplus_standard,62.625,56.125,58.000,59.250,59.000,59.500,62.750,59.625,58.250,58.250,55.250,55.000,58.125,166051.068,11349317,110757108
1791011166.926,Mplus_standard,63.375,57.500,55.625,56.875,57.125,58.500,62.250,60.125,61.625,57.875,55.375,59.625,59.125,166310.354,11349317,110757108
1791011167.927,Mplus_standard,63.375,57.250,56.000,55.375,61.750,58.125,62.250,60.125,58.750,57.625,56.875,54.875,57.625,166566.363,11349317,110757108
1791011168.928,Mplus_standard,63.250,63.750,56.625,55.000,59.500,58.500,61.875,60.500,60.500,58.625,54.750,53.875,59.125,166822.285,11349317,110757108
1791011169.929,Mplus_standard,63.125,57.250,54.750,58.375,58.125,59.500,61.875,62.750,58.375,58.125,54.500,54.375,58.000,167077.268,11349317,110757108
1791011170.931,Mplus_standard,63.000,58.125,56.375,55.875,59.500,61.250,62.250,62.375,61.875,57.375,56.375,55.625,58.125,167332.630,11349317,110757108
1791011171.932,Mplus_standard,63.000,59.125,57.750,55.000,62.750,64.500,61.875,60.125,62.125,59.000,54.500,55.375,59.375,167589.277,11349317,110757108
1791011172.936,Mplus_standard,63.125,58.250,55.375,55.875,58.125,58.125,61.375,60.125,61.625,61.375,60.000,56.625,58.625,167845.752,11349317,110757108
1791011173.937,Mplus_standard,63.000,58.250,55.000,57.250,59.000,60.250,62.750,60.125,58.375,59.750,60.750,55.250,61.750,168101.076,11349317,110757108
1791011174.938,Mplus_standard,63.000,57.625,55.375,54.500,59.500,58.125,61.875,60.125,58.750,57.375,54.750,54.875,59.500,168356.321,11349317,110757108
1791011175.939,Mplus_standard,62.875,57.625,55.000,56.375,58.125,59.000,62.250,62.375,59.625,57.875,55.000,53.500,57.750,168611.721,11349317,110757108
1791011176.940,Mplus_standard,63.000,58.125,54.750,55.000,57.625,58.125,60.500,61.375,58.750,60.375,57.250,58.500,59.375,168866.751,11349317,110757108
1791011177.941,Mplus_standard,63.125,64.125,54.875,56.375,63.125,58.125,61.875,62.375,58.750,59.000,54.000,53.500,58.000,169116.478,11349317,110757108
1791011178.942,Mplus_standard,64.750,60.500,54.625,54.375,58.500,58.125,60.875,67.250,58.125,60.375,55.375,54.375,63.875,169356.094,11349317,110757108
1791011179.943,Mplus_standard,65.250,56.250,52.250,54.000,57.125,58.125,60.875,65.375,56.250,57.875,60.375,52.375,55.500,169561.672,11349320,110757108
1791011180.944,Mplus_standard,65.375,56.250,55.000,54.000,56.250,62.625,60.500,65.875,55.250,55.625,53.375,51.500,56.375,169756.984,11349320,110757108
1791011181.945,Mplus_standard,65.375,54.750,57.375,54.125,65.000,55.625,60.875,64.500,56.250,56.000,54.500,51.125,58.875,169944.895,11349320,110757108
1791011182.946,Mplus_standard,65.375,53.875,51.375,56.500,55.375,55.000,59.500,65.000,56.500,55.750,54.500,53.000,55.500,170118.003,11349320,110757108
1791011183.946,Mplus_standard,65.250,52.875,50.375,50.500,55.875,53.750,58.625,64.500,55.750,55.750,50.625,51.500,52.750,170264.694,11349320,110757108
1791011184.948,Mplus_standard,64.875,56.125,55.875,60.125,57.125,59.875,59.500,60.875,57.125,56.875,53.875,53.125,56.875,170494.035,11349320,110757108
1791011185.949,Mplus_standard,64.625,59.000,54.750,57.750,57.625,61.250,59.500,61.375,58.375,57.250,58.625,54.000,57.750,170749.946,11349320,110757108
1791011186.950,Mplus_standard,64.250,58.000,54.750,56.875,57.125,66.875,59.500,60.875,57.500,57.000,59.000,56.875,57.750,171009.800,11349320,110757108
1791011187.951,Mplus_standard,64.000,58.000,55.125,57.750,57.625,62.750,59.500,61.375,57.500,57.250,54.875,53.875,56.875,171268.468,11349320,110757108
1791011188.952,Mplus_standard,63.875,57.250,54.625,55.375,59.500,60.375,60.000,61.375,61.875,58.375,54.625,54.625,57.750,171526.088,11349320,110757108
1791011189.953,Mplus_standard,63.750,58.500,54.875,57.000,57.750,61.750,60.000,61.375,59.375,58.375,60.375,54.875,60.875,171788.670,11349320,110757108
1791011190.954,Mplus_standard,63.875,59.500,54.875,61.125,58.125,61.750,60.500,61.375,58.875,59.250,54.125,54.625,58.125,172053.461,11349320,110757108
1791011191.955,Mplus_standard,63.875,61.875,55.375,56.375,58.125,62.250,60.000,61.750,60.250,58.500,56.125,54.625,57.500,172312.489,11349320,110757108
1791011192.956,Mplus_standard,63.875,57.125,55.375,56.375,58.125,61.125,60.000,61.750,58.750,59.625,54.625,57.250,57.750,172570.706,11349320,110757108
1791011193.957,Mplus_standard,63.625,56.625,54.875,56.375,57.625,60.000,60.000,61.375,58.250,61.500,54.625,53.125,57.500,172825.941,11349320,110757108
1791011194.958,Mplus_standard,63.625,60.375,62.250,59.250,59.000,60.750,60.000,65.000,57.875,60.000,55.750,54.000,58.500,173088.302,11349321,110757108
1791011195.959,Mplus_standard,63.750,57.375,54.875,56.375,59.875,63.250,60.000,62.250,58.375,58.750,54.750,54.875,57.625,173348.713,11349321,110757108
1791011196.960,Mplus_standard,63.750,60.500,54.750,57.125,58.125,60.250,60.000,61.750,58.250,59.125,54.375,56.875,57.625,173610.593,11349321,110757108
1791011197.961,Mplus_standard,63.625,58.500,56.000,57.250,57.625,59.500,60.500,61.375,58.125,57.875,55.000,54.375,58.500,173869.069,11349321,110757108
1791011198.962,Mplus_standard,63.500,57.625,57.500,60.125,58.125,60.875,60.000,61.750,58.375,58.250,54.625,54.750,58.625,174127.011,11349321,110757108
1791011199.963,Mplus_standard,63.500,59.125,55.500,55.375,60.375,61.750,61.875,61.375,58.250,59.250,57.125,58.750,58.125,174387.846,11349321,110757108
1791011200.964,Mplus_standard,63.625,62.750,55.125,55.625,60.875,61.250,62.250,61.375,59.250,58.750,55.250,54.125,58.875,174649.455,11349321,110757108
1791011201.965,Mplus_standard,63.625,59.875,59.125,59.250,57.625,59.000,62.250,61.750,58.875,58.625,55.250,54.375,58.125,174910.632,11349322,110757108
1791011202.966,Mplus_standard,63.500,61.250,55.500,57.750,62.125,59.500,63.125,60.875,65.125,57.875,57.625,57.500,61.375,175171.930,11349322,110757108
1791011203.967,Mplus_standard,63.500,59.375,55.125,59.125,58.500,59.000,61.875,61.750,58.250,58.375,54.500,55.000,58.625,175431.989,11349322,110757108
1791011204.968,Mplus_standard,63.500,60.875,55.375,56.375,58.125,59.250,62.750,61.750,58.375,57.750,55.500,55.375,58.125,175689.762,11349322,110757108
1791011205.969,Mplus_standard,63.375,57.750,56.500,55.875,58.500,59.000,60.125,61.375,59.250,58.250,57.500,54.375,57.250,175946.781,11349322,110757108
1791011206.970,Mplus_standard,63.375,59.000,57.375,62.000,58.500,59.000,60.625,61.375,60.250,60.500,54.500,54.250,61.250,176202.692,11349322,110757108
1791011207.971,Mplus_standard,63.375,61.750,54.625,58.375,57.625,59.000,60.625,61.375,58.125,58.250,54.500,57.625,60.000,176459.630,11349322,110757108
1791011208.972,Mplus_standard,63.375,58.750,55.000,57.250,61.750,58.500,61.000,61.750,58.750,57.875,54.500,54.750,62.875,176716.013,11349322,110757108
1791011209.973,Mplus_standard,63.375,57.125,59.250,56.375,59.500,58.750,60.625,64.000,59.625,58.875,55.375,54.250,57.250,176971.703,11349322,110757108
1791011210.974,Mplus_standard,63.375,57.625,55.125,57.250,61.750,60.375,60.125,63.625,58.125,58.000,58.500,54.875,58.125,177226.988,11349322,110757108
1791011211.975,Mplus_standard,63.250,59.625,55.500,59.250,58.500,59.500,60.625,61.750,59.375,58.375,59.500,54.625,57.250,177482.253,11349322,110757108
1791011212.976,Mplus_standard,63.375,58.000,55.000,57.250,58.500,59.500,60.125,61.750,58.250,58.500,54.625,54.750,59.375,177738.001,11349322,110757108
1791011213.977,Mplus_standard,63.375,61.875,55.000,56.875,58.125,58.125,60.125,61.375,58.375,58.000,57.125,56.125,57.750,177993.520,11349322,110757108
1791011214.978,Mplus_standard,63.375,57.250,56.000,60.625,58.125,58.875,61.875,61.750,59.625,61.375,58.500,55.500,57.625,178248.536,11349322,110757108
1791011215.979,Mplus_standard,63.375,57.625,56.000,55.500,59.000,58.125,61.875,62.250,58.000,59.125,55.875,54.875,57.250,178503.389,11349322,110757108
1791011216.980,Mplus_standard,63.250,62.375,58.625,55.875,60.375,58.875,60.125,63.625,62.000,60.500,55.250,54.375,57.750,178759.899,11349322,110757108
1791011217.982,Mplus_standard,63.375,59.500,55.375,55.500,61.750,60.375,60.125,61.750,65.500,57.500,54.500,55.500,62.750,179014.668,11349322,110757108
1791011218.983,Mplus_standard,63.375,57.625,56.000,55.125,61.375,58.500,60.125,61.375,61.625,57.875,55.250,54.125,57.500,179269.921,11349322,110757108
1791011219.984,Mplus_standard,63.375,56.750,56.375,58.750,58.500,59.875,60.125,61.375,58.000,58.375,55.125,56.375,57.750,179525.678,11349322,110757108
1791011220.985,Mplus_standard,63.375,59.500,55.125,57.250,59.000,59.000,60.125,61.375,58.875,57.875,56.375,55.250,62.250,179781.426,11349322,110757108
1791011221.986,Mplus_standard,63.375,58.000,54.500,55.000,59.000,59.000,60.125,61.750,62.375,59.125,55.250,54.250,60.375,180036.312,11349322,110757108
1791011222.987,Mplus_standard,63.500,59.500,55.500,57.750,62.125,60.000,60.625,65.000,58.250,58.750,56.000,55.500,58.000,180292.410,11349322,110757108
1791011223.988,Mplus_standard,63.500,57.250,59.250,55.375,63.500,61.250,61.000,61.750,58.250,58.000,54.625,54.000,59.375,180546.987,11349322,110757108
1791011224.989,Mplus_standard,63.500,60.375,54.750,55.875,58.500,62.125,62.875,61.750,58.875,58.000,56.125,60.875,61.375,180802.353,11349322,110757108
1791011225.990,Mplus_standard,63.500,58.000,55.375,55.375,57.625,60.250,60.125,61.750,58.875,58.750,54.500,55.000,59.500,181058.415,11349322,110757108
1791011226.991,Mplus_standard,63.500,59.875,54.250,57.750,59.000,65.000,60.125,61.750,63.750,59.125,54.625,57.125,63.625,181313.718,11349325,110757108
1791011227.992,Mplus_standard,63.375,58.250,55.375,58.875,61.250,58.500,60.125,61.750,58.250,58.625,58.500,55.250,58.625,181569.012,11349325,110757108
1791011228.992,Mplus_standard,63.500,60.875,54.625,55.875,59.000,63.125,59.625,63.125,57.875,58.500,56.625,55.875,58.500,181823.339,11349325,110757108
1791011229.993,Mplus_standard,63.375,58.250,55.875,55.875,58.500,58.500,60.125,61.750,58.375,58.125,55.750,55.500,58.500,182078.655,11349325,110757108
1791011230.994,Mplus_standard,63.500,57.625,55.375,59.250,58.500,59.500,60.625,61.750,59.250,57.750,58.250,54.375,57.250,182333.096,11349325,110757108
1791011231.995,Mplus_standard,63.500,59.625,56.375,55.000,59.500,58.875,60.625,61.375,58.125,58.750,55.750,54.375,60.000,182587.274,11349325,110757108
1791011232.996,Mplus_standard,63.375,62.750,55.875,55.875,58.500,60.000,60.125,61.750,57.875,58.750,55.000,54.000,58.125,182841.815,11349325,110757108
1791011233.997,Mplus_standard,63.625,59.500,57.875,55.500,58.500,59.000,63.125,64.000,57.875,58.750,55.750,55.625,58.625,183100.340,11349325,110757108
1791011234.998,Mplus_standard,63.500,57.375,57.375,56.000,58.125,61.250,62.750,61.375,59.250,61.125,56.375,54.875,58.500,183355.030,11349325,110757108
1791011235.999,Mplus_standard,64.125,57.625,58.875,56.875,64.875,62.125,62.250,61.750,58.875,63.125,55.250,56.000,65.875,183615.478,11349325,110757108
1791011237.000,Mplus_standard,65.625,56.750,54.625,59.625,58.500,58.875,62.250,61.750,58.500,59.125,54.500,54.000,59.375,183873.136,11349325,110757108
1791011238.001,Mplus_standard,65.375,61.750,54.625,57.875,58.125,59.250,61.875,64.250,61.625,57.125,54.750,60.750,61.625,184124.649,11349325,110757108
1791011239.002,Mplus_standard,65.000,56.750,56.125,56.625,64.375,57.625,61.875,64.625,62.750,59.500,53.375,61.750,60.000,184376.414,11349325,110757108
1791011240.003,Mplus_standard,64.750,57.625,54.750,55.375,58.500,57.875,61.875,64.250,58.750,57.250,54.625,52.750,58.125,184614.410,11349325,110757108
1791011241.004,Mplus_standard,64.500,57.250,55.000,53.875,56.250,58.875,60.875,64.250,57.625,58.375,55.500,53.125,58.500,184817.286,11349325,110757108
1791011242.005,Mplus_standard,64.375,54.500,51.750,52.000,55.750,55.250,59.500,63.250,54.875,54.875,51.500,51.625,58.125,184986.719,11349325,110757108
1791011243.007,Mplus_standard,64.250,54.750,51.750,52.000,55.375,53.375,64.500,53.750,54.875,54.500,51.000,52.625,53.000,185142.166,11349325,110757108
1791011244.008,Mplus_standard,64.250,53.375,53.750,52.750,55.750,54.750,64.500,57.250,56.500,54.750,52.250,51.000,55.875,185291.906,11349325,110757108
1791011245.009,Mplus_standard,64.125,58.250,53.500,58.250,58.125,58.000,61.875,55.125,57.125,57.000,56.125,57.125,57.250,185487.076,11349328,110757108
1791011246.010,Mplus_standard,63.750,56.875,54.250,55.000,57.125,59.500,60.500,55.000,57.500,58.000,56.125,57.500,58.625,185746.302,11349329,110757108
1791011247.011,Mplus_standard,63.500,56.750,55.875,59.125,58.500,59.500,60.000,54.625,58.000,58.500,55.250,57.500,58.125,186005.957,11349329,110757108
1791011248.012,Mplus_standard,63.250,58.125,54.500,56.375,57.125,59.000,60.625,55.125,58.750,58.125,54.750,57.125,58.875,186265.446,11349329,110757108
1791011249.013,Mplus_standard,63.000,59.500,54.250,57.375,57.625,58.500,60.000,55.875,58.125,58.250,55.750,59.375,60.750,186524.748,11349329,110757108
1791011250.014,Mplus_standard,63.000,57.500,55.625,55.875,58.500,60.250,62.375,60.875,62.875,62.375,57.500,58.000,59.375,186788.485,11349330,110757108
1791011251.015,Mplus_standard,62.875,59.125,55.625,59.250,59.000,58.875,62.375,56.750,57.500,57.375,54.875,58.000,58.500,187053.211,11349330,110757108
1791011252.016,Mplus_standard,63.000,56.750,57.375,55.125,60.875,58.750,62.375,58.125,58.000,58.000,54.750,58.000,57.625,187313.397,11349330,110757108
1791011253.017,Mplus_standard,62.750,57.500,55.375,60.125,58.125,59.875,60.000,57.750,59.250,57.375,57.875,57.500,58.125,187574.249,11349330,110757108
1791011254.018,Mplus_standard,62.625,61.250,54.625,57.000,58.500,59.500,60.000,56.000,58.375,58.250,55.500,59.375,58.125,187833.462,11349330,110757108
1791011255.019,Mplus_standard,62.625,57.125,58.875,55.125,58.125,58.125,60.500,56.625,61.125,59.625,57.250,59.125,57.500,188096.604,11349330,110757108
1791011256.020,Mplus_standard,62.750,61.875,55.375,59.125,58.125,58.500,60.500,56.375,58.000,58.125,57.125,58.000,58.125,188359.629,11349330,110757108
1791011257.021,Mplus_standard,63.000,58.000,55.500,59.250,58.500,61.250,60.000,55.875,58.000,61.750,54.750,59.375,58.125,188621.116,11349331,110757108
1791011258.022,Mplus_standard,62.750,59.000,55.125,57.750,63.500,58.125,60.000,59.125,58.500,60.000,54.875,58.000,60.625,188880.236,11349331,110757108
1791011259.023,Mplus_standard,62.875,61.000,55.375,57.750,58.500,58.500,62.250,59.125,58.375,58.625,54.375,58.000,59.000,189140.171,11349331,110757108
1791011260.024,Mplus_standard,62.875,59.375,60.625,56.500,57.625,58.125,61.875,59.000,62.375,59.000,55.750,58.000,58.625,189401.236,11349331,110757108
1791011261.025,Mplus_standard,63.000,60.625,55.875,57.250,59.000,58.500,62.250,60.375,62.000,58.625,54.375,58.000,57.750,189662.716,11349331,110757108
1791011262.026,Mplus_standard,63.000,58.500,56.375,55.500,59.000,60.375,62.250,56.375,58.875,58.625,55.250,57.500,58.125,189923.055,11349331,110757108
1791011263.027,Mplus_standard,63.250,57.250,55.875,55.125,58.500,60.250,58.250,56.000,58.250,58.750,59.000,58.500,58.125,190183.145,11349331,110757108
1791011264.028,Mplus_standard,63.250,57.625,57.375,57.625,59.500,61.250,60.000,60.000,60.500,58.750,54.500,58.125,58.500,190442.438,11349331,110757108
1791011265.029,Mplus_standard,63.125,58.500,58.375,57.000,58.500,59.000,60.875,55.875,60.250,59.125,56.625,58.500,58.125,190701.730,11349331,110757108
1791011266.030,Mplus_standard,63.125,57.500,55.125,55.375,60.750,59.500,60.500,56.375,62.500,63.250,56.625,58.500,58.125,190962.930,11349331,110757108
1791011267.031,Mplus_standard,63.125,56.875,57.750,55.875,58.500,58.500,60.000,56.375,57.500,58.750,59.000,58.500,57.625,191223.452,11349331,110757108
1791011268.032,Mplus_standard,63.250,57.625,56.750,55.875,62.250,58.500,62.250,57.750,59.625,58.500,55.750,59.625,60.750,191483.850,11349331,110757108
1791011269.033,Mplus_standard,63.500,57.375,55.125,57.000,58.500,61.625,60.000,57.250,59.750,59.125,55.250,59.000,58.000,191743.195,11349331,110757108
1791011270.034,Mplus_standard,63.375,57.500,55.000,55.875,58.500,59.250,60.500,58.625,58.875,60.500,54.250,59.875,60.750,192000.580,11349331,110757108
1791011271.035,Mplus_standard,63.250,58.125,56.500,56.375,59.000,58.375,62.250,56.375,58.750,57.750,56.375,58.500,58.875,192258.783,11349331,110757108
1791011272.036,Mplus_standard,63.375,57.625,55.125,55.875,58.500,58.500,60.500,56.375,59.250,63.375,55.000,59.500,58.125,192516.036,11349331,110757108
1791011273.037,Mplus_standard,63.250,61.375,54.625,55.375,58.125,58.875,60.000,55.500,58.875,64.625,57.250,58.500,58.125,192774.490,11349331,110757108
1791011274.038,Mplus_standard,63.250,57.500,56.375,55.875,58.125,58.500,62.250,58.375,58.875,58.000,58.000,59.000,58.875,193033.026,11349331,110757108
1791011275.039,Mplus_standard,63.250,57.500,59.750,55.500,58.500,60.000,60.000,56.875,58.375,62.375,57.125,58.500,57.750,193291.677,11349331,110757108
1791011276.040,Mplus_standard,63.250,57.375,55.000,55.375,59.500,58.750,60.500,56.625,58.875,57.750,59.875,58.500,58.500,193550.178,11349331,110757108
1791011277.041,Mplus_standard,63.250,57.500,55.625,59.750,61.375,58.500,60.500,55.875,59.750,61.875,59.500,58.500,58.500,193808.676,11349331,110757108
1791011278.042,Mplus_standard,63.125,57.625,55.625,57.750,58.500,59.000,60.500,55.875,60.250,58.375,57.250,59.875,58.625,194066.813,11349331,110757108
1791011279.043,Mplus_standard,63.125,60.500,57.250,55.875,58.500,60.375,61.875,58.500,59.750,58.750,56.875,58.500,58.500,194324.102,11349331,110757108
1791011280.044,Mplus_standard,63.125,61.250,57.750,55.375,59.500,65.500,60.000,57.750,59.250,59.250,55.125,59.000,59.125,194583.072,11349331,110757108
1791011281.045,Mplus_standard,63.125,57.250,55.500,55.500,59.500,63.125,60.500,59.250,59.250,58.250,55.250,59.000,61.750,194840.057,11349331,110757108
1791011282.045,Mplus_standard,63.125,57.500,54.625,55.875,58.125,58.125,60.875,56.375,59.250,58.750,55.000,58.500,58.625,195097.002,11349331,110757108
1791011283.046,Mplus_standard,63.125,57.250,56.125,56.375,58.500,59.000,60.875,56.750,58.875,58.250,59.500,59.000,57.500,195357.237,11349331,110757108
1791011284.047,Mplus_standard,63.250,60.875,55.500,55.375,58.500,61.750,60.500,60.375,59.375,57.750,55.250,59.000,57.750,195613.775,11349331,110757108
1791011285.048,Mplus_standard,63.250,58.125,55.875,55.375,60.375,58.500,63.625,56.750,58.875,60.125,55.750,58.500,63.125,195871.313,11349331,110757108
1791011286.049,Mplus_standard,63.375,58.125,55.875,55.875,59.000,62.125,61.875,56.375,58.750,59.000,55.125,58.500,58.875,196128.572,11349331,110757108
1791011287.050,Mplus_standard,63.375,59.125,56.375,56.375,59.000,59.000,60.875,58.500,60.625,59.250,54.750,58.500,62.500,196386.320,11349331,110757108
1791011288.051,Mplus_standard,63.375,58.125,57.875,55.375,59.500,58.500,60.875,55.500,58.750,58.000,58.500,59.000,59.125,196644.662,11349331,110757108
1791011289.051,Mplus_standard,63.375,58.125,55.125,63.375,59.500,59.000,60.875,56.750,61.625,58.750,56.000,59.000,59.125,196902.104,11349331,110757108
1791011290.053,Mplus_standard,63.375,60.500,55.375,56.875,61.375,59.000,60.875,56.750,59.750,58.750,55.375,59.375,58.125,197161.761,11349332,110757108
1791011291.054,Mplus_standard,63.500,58.125,55.500,55.875,60.000,60.000,60.875,57.250,58.875,58.250,55.750,60.750,58.625,197419.791,11349332,110757108
1791011292.055,Mplus_standard,63.500,59.125,56.875,56.500,59.500,58.500,60.500,57.250,60.125,64.125,55.500,60.375,58.625,197676.738,11349332,110757108
1791011293.056,Mplus_standard,63.500,58.625,55.500,56.375,58.125,62.125,63.125,56.750,60.250,63.750,57.625,60.375,61.750,197936.213,11349332,110757108
1791011294.057,Mplus_standard,63.625,57.250,55.625,55.375,60.875,58.500,60.500,55.875,59.375,59.250,55.750,59.000,58.125,198193.321,11349332,110757108
1791011295.058,Mplus_standard,63.500,57.500,55.375,55.375,58.125,58.500,60.500,60.375,59.000,59.500,56.875,58.500,59.375,198449.310,11349332,110757108
1791011296.059,Mplus_standard,63.625,57.625,55.000,56.875,61.750,60.000,60.500,56.000,61.000,60.500,55.875,59.000,58.625,198707.517,11349333,110757108
1791011297.060,Mplus_standard,63.750,58.500,56.375,60.750,60.500,63.125,60.875,56.000,61.875,59.500,57.250,59.000,59.375,198965.167,11349333,110757108
1791011298.061,Mplus_standard,64.000,61.250,54.875,56.375,64.000,60.750,62.250,54.500,63.375,58.250,57.250,65.000,59.375,199219.903,11349333,110757108
1791011299.062,Mplus_standard,64.375,57.750,54.750,55.375,58.500,59.500,62.375,55.875,57.875,57.125,54.875,64.125,63.875,199451.321,11349333,110757108
1791011300.063,Mplus_standard,64.375,63.250,54.625,53.875,56.250,56.000,61.875,52.250,56.500,56.625,52.250,64.500,57.250,199639.220,11349334,110757108
1791011301.064,Mplus_standard,64.375,54.500,51.250,53.250,56.250,54.750,61.000,52.750,56.750,56.625,55.250,64.500,55.375,199811.374,11349334,110757108
1791011302.065,Mplus_standard,64.250,59.000,56.750,57.250,60.000,59.500,61.875,56.750,62.875,60.125,56.375,63.125,60.375,199955.876,11349334,110757108
1791011303.066,Mplus_standard,64.125,53.375,50.375,50.500,52.500,52.875,61.000,50.500,61.625,54.875,50.625,63.125,52.750,200107.869,11349334,110757108
1791011304.073,idle_before_MD_BayesMVP_chunking_500,64.000,52.875,50.375,50.500,52.375,52.375,60.625,50.875,53.500,55.000,50.125,63.125,52.250,200236.519,11349334,110757108
1791011305.074,idle_before_MD_BayesMVP_chunking_500,63.875,52.375,50.375,50.500,52.375,55.375,60.125,50.500,52.625,54.125,49.625,62.250,51.375,200358.077,11349335,110757108
1791011306.075,idle_before_MD_BayesMVP_chunking_500,63.750,52.375,50.375,51.625,52.375,52.375,59.625,50.500,58.250,53.625,49.625,62.250,51.375,200478.676,11349335,110757108
1791011307.077,idle_before_MD_BayesMVP_chunking_500,63.500,52.375,49.875,50.500,51.875,51.875,59.625,50.500,52.125,55.250,49.625,62.250,51.375,200599.897,11349335,110757108
1791011308.078,idle_before_MD_BayesMVP_chunking_500,63.375,52.375,49.875,50.000,53.500,51.875,59.625,50.000,52.125,53.625,49.250,61.750,51.375,200720.323,11349335,110757108
1791011309.079,idle_before_MD_BayesMVP_chunking_500,63.250,52.375,49.875,49.625,51.500,51.500,59.625,49.500,51.750,55.500,49.250,62.250,51.375,200840.574,11349335,110757108
1791011310.080,idle_before_MD_BayesMVP_chunking_500,63.125,52.375,50.625,50.500,51.500,51.875,59.250,50.000,56.625,53.125,49.250,62.250,51.000,200961.201,11349335,110757108
1791011311.081,idle_before_MD_BayesMVP_chunking_500,62.875,52.000,49.375,50.000,51.000,51.500,59.625,49.500,51.750,52.875,60.750,48.750,51.000,201082.780,11349335,110757108
1791011312.082,idle_before_MD_BayesMVP_chunking_500,62.750,52.000,49.875,50.000,51.500,51.000,59.625,49.500,55.125,52.750,60.750,48.250,50.500,201205.108,11349335,110757108
1791011313.083,idle_before_MD_BayesMVP_chunking_500,62.375,52.000,48.875,51.375,51.000,51.000,59.250,59.375,51.250,52.750,49.250,48.250,51.000,201330.435,11349335,110757108
1791011314.084,idle_before_MD_BayesMVP_chunking_500,62.125,52.625,50.875,49.625,51.000,51.000,58.750,59.375,51.250,52.250,48.750,48.250,50.500,201452.527,11349335,110757108
1791011315.086,idle_before_MD_BayesMVP_chunking_500,62.000,51.500,48.875,49.625,51.125,51.500,58.750,59.875,51.250,53.375,48.750,48.875,50.500,201576.447,11349335,110757108
1791011316.087,idle_before_MD_BayesMVP_chunking_500,61.750,52.375,49.375,49.125,53.000,50.500,58.750,59.875,51.250,51.875,48.750,48.750,50.500,201697.510,11349335,110757108
1791011317.088,idle_before_MD_BayesMVP_chunking_500,61.500,52.625,48.875,49.625,53.875,51.000,59.250,49.125,51.750,61.875,49.250,47.750,50.500,201819.178,11349335,110757108
1791011318.089,idle_before_MD_BayesMVP_chunking_500,61.500,52.875,48.875,48.625,50.250,51.500,58.750,48.625,50.875,61.875,48.250,47.750,50.125,201938.193,11349335,110757108
1791011319.090,idle_before_MD_BayesMVP_chunking_500,61.875,51.500,48.875,49.125,50.500,51.000,58.375,50.500,50.875,61.875,48.250,48.250,50.125,202058.696,11349335,110757108
1791011320.091,idle_before_MD_BayesMVP_chunking_500,61.875,51.000,48.500,49.500,50.250,50.500,58.750,48.625,53.375,51.375,48.250,47.750,61.375,202178.375,11349336,110757108
1791011321.093,idle_before_MD_BayesMVP_chunking_500,62.000,51.500,48.500,48.625,50.500,50.000,58.375,52.250,53.375,51.000,48.250,47.750,61.750,202299.397,11349336,110757108
1791011322.094,idle_before_MD_BayesMVP_chunking_500,62.000,50.500,48.000,49.125,50.125,50.000,57.875,48.125,51.250,52.125,47.750,47.250,61.750,202418.440,11349336,110757108
1791011323.095,idle_before_MD_BayesMVP_chunking_500,61.875,50.500,56.000,48.625,52.625,50.500,58.750,48.625,50.875,51.375,48.250,49.625,61.750,202540.340,11349336,110757108
1791011324.097,idle_before_MD_BayesMVP_chunking_500,61.875,51.000,48.500,49.125,50.125,50.000,57.875,48.125,50.875,51.375,48.250,47.250,61.375,202664.188,11349336,110757108
1791011325.098,idle_before_MD_BayesMVP_chunking_500,62.000,51.000,48.000,51.375,50.125,62.125,58.375,48.625,50.875,51.625,49.500,46.875,49.625,202784.484,11349336,110757108
1791011326.099,idle_before_MD_BayesMVP_chunking_500,62.125,50.500,48.000,48.625,49.750,62.625,58.375,48.625,50.375,51.000,49.500,46.875,49.125,202907.342,11349336,110757108
1791011327.100,idle_before_MD_BayesMVP_chunking_500,62.250,50.500,48.000,50.125,49.250,61.750,58.375,48.125,52.500,51.000,48.875,47.250,49.625,203026.802,11349337,110757108
1791011328.101,idle_before_MD_BayesMVP_chunking_500,62.250,51.000,48.000,48.125,61.750,49.625,57.875,48.125,50.375,51.000,48.250,46.875,49.625,203151.523,11349337,110757108
1791011329.102,idle_before_MD_BayesMVP_chunking_500,62.125,61.375,48.000,48.375,49.625,49.625,57.875,48.125,49.875,51.250,48.000,47.250,49.625,203271.716,11349337,110757108
1791011330.104,idle_before_MD_BayesMVP_chunking_500,62.125,61.875,48.000,48.625,49.250,52.375,57.000,48.125,50.375,51.000,47.750,46.375,49.125,203393.202,11349337,110757108
1791011331.105,idle_before_MD_BayesMVP_chunking_500,61.625,50.500,48.000,48.125,49.625,49.625,58.625,48.125,49.875,50.500,48.125,46.875,51.000,203510.964,11349337,110757108
1791011332.106,idle_before_MD_BayesMVP_chunking_500,61.500,50.500,48.000,48.125,62.250,49.625,57.500,47.750,49.875,50.125,48.625,47.250,50.750,203631.361,11349337,110757108
1791011333.107,idle_before_MD_BayesMVP_chunking_500,61.375,50.500,47.500,48.125,60.875,49.625,57.000,47.750,50.375,50.125,48.125,46.875,51.250,203757.649,11349337,110757108
1791011334.108,idle_before_MD_BayesMVP_chunking_500,61.500,50.500,50.500,48.750,61.750,49.625,57.500,48.125,50.375,51.375,48.625,46.875,53.125,203882.324,11349337,110757108
1791011335.110,idle_before_MD_BayesMVP_chunking_500,61.625,50.125,47.500,48.125,61.750,49.625,57.500,47.750,50.875,50.500,47.625,46.875,49.625,204003.884,11349337,110757108
1791011336.111,idle_before_MD_BayesMVP_chunking_500,61.625,49.625,47.500,47.625,61.375,49.125,57.500,47.750,49.875,51.250,47.375,46.375,52.125,204122.763,11349337,110757108
1791011337.112,idle_before_MD_BayesMVP_chunking_500,61.625,49.625,47.500,47.625,61.375,49.125,57.000,47.750,49.875,50.125,47.375,46.375,51.250,204242.648,11349337,110757108
1791011338.113,idle_before_MD_BayesMVP_chunking_500,61.625,50.125,47.500,50.000,50.625,61.250,57.000,47.750,49.875,50.125,46.875,47.750,49.500,204363.156,11349337,110757108
1791011339.114,idle_before_MD_BayesMVP_chunking_500,61.625,49.625,48.625,52.875,50.250,61.750,57.500,47.750,49.500,50.125,47.375,46.875,48.750,204482.228,11349337,110757108
1791011340.116,idle_before_MD_BayesMVP_chunking_500,61.500,50.125,47.500,47.250,52.625,49.625,57.000,56.625,49.500,50.125,47.375,46.375,49.000,204609.166,11349337,110757108
1791011341.117,idle_before_MD_BayesMVP_chunking_500,61.000,49.625,47.000,47.625,54.000,49.125,57.000,57.500,49.500,49.625,46.875,46.375,48.250,204728.514,11349337,110757108
1791011342.118,idle_before_MD_BayesMVP_chunking_500,60.500,49.625,47.125,47.625,50.625,48.625,57.000,57.500,49.000,49.625,46.875,46.375,48.250,204845.411,11349337,110757108
1791011343.119,idle_before_MD_BayesMVP_chunking_500,60.000,49.625,47.000,47.625,48.750,49.125,57.000,57.500,51.500,49.625,46.875,46.375,48.750,204963.613,11349337,110757108
1791011344.120,idle_before_MD_BayesMVP_chunking_500,59.625,49.625,47.000,47.250,48.750,48.625,57.000,47.250,49.000,50.125,47.375,56.625,49.500,205082.042,11349337,110757108
1791011345.122,idle_before_MD_BayesMVP_chunking_500,59.250,49.625,47.000,48.125,48.375,49.125,57.000,47.250,49.500,49.375,47.375,56.625,49.875,205199.926,11349337,110757108
1791011346.123,idle_before_MD_BayesMVP_chunking_500,58.875,50.500,47.000,54.500,50.250,49.625,56.500,47.250,49.000,49.625,46.875,56.625,48.625,205318.358,11349337,110757108
1791011347.124,idle_before_MD_BayesMVP_chunking_500,58.500,49.125,47.000,47.625,48.750,49.125,57.000,47.250,48.625,49.625,46.875,56.625,49.500,205438.172,11349337,110757108
1791011348.125,idle_before_MD_BayesMVP_chunking_500,58.250,49.125,46.625,47.250,48.250,48.625,56.500,46.875,48.625,49.125,46.875,56.625,49.875,205556.183,11349337,110757108
1791011349.126,idle_before_MD_BayesMVP_chunking_500,59.000,49.125,46.625,47.250,48.750,48.250,57.000,46.875,60.250,49.125,46.375,49.750,49.500,205676.985,11349337,110757108
1791011350.128,idle_before_MD_BayesMVP_chunking_500,59.500,49.125,46.625,47.250,48.250,49.125,56.500,46.875,59.750,49.125,46.875,45.875,50.000,205796.580,11349337,110757108
1791011351.129,idle_before_MD_BayesMVP_chunking_500,59.625,49.125,46.625,46.750,50.375,48.625,56.125,46.875,59.750,49.125,46.375,45.875,50.375,205913.931,11349337,110757108
1791011352.130,idle_before_MD_BayesMVP_chunking_500,59.750,48.750,46.625,47.250,48.250,50.250,57.000,46.875,60.250,49.125,46.375,45.875,48.750,206029.304,11349337,110757108
1791011353.131,idle_before_MD_BayesMVP_chunking_500,59.875,49.125,46.125,48.000,48.250,48.625,57.000,46.875,59.750,50.625,46.375,46.375,47.875,206145.835,11349337,110757108
1791011354.132,idle_before_MD_BayesMVP_chunking_500,59.875,49.125,46.625,47.250,48.250,48.250,56.500,48.000,59.750,49.125,46.875,46.375,48.250,206265.484,11349337,110757108
1791011355.134,idle_before_MD_BayesMVP_chunking_500,60.125,49.125,46.625,46.750,60.375,48.250,56.500,46.875,48.625,49.125,46.875,45.875,50.500,206383.610,11349337,110757108
1791011356.135,idle_before_MD_BayesMVP_chunking_500,60.250,48.750,46.625,47.625,60.000,48.250,57.000,46.875,50.875,49.125,46.875,46.375,47.875,206507.960,11349337,110757108
1791011357.136,idle_before_MD_BayesMVP_chunking_500,60.375,48.750,46.625,47.250,60.000,47.750,56.500,46.875,49.000,48.750,47.375,46.375,47.875,206629.510,11349337,110757108
1791011358.137,idle_before_MD_BayesMVP_chunking_500,60.375,48.750,47.625,46.750,60.375,48.250,56.500,46.875,48.625,49.125,46.375,46.875,47.375,206748.388,11349337,110757108
1791011359.138,idle_before_MD_BayesMVP_chunking_500,60.375,48.750,46.125,46.750,60.375,48.500,56.500,46.375,48.625,49.125,46.375,45.875,47.875,206866.907,11349337,110757108
1791011360.140,idle_before_MD_BayesMVP_chunking_500,60.375,48.750,46.125,46.750,60.000,48.250,56.500,46.375,48.625,48.750,46.375,45.375,49.875,206984.577,11349337,110757108
1791011361.141,idle_before_MD_BayesMVP_chunking_500,60.000,48.750,46.625,50.250,47.875,48.250,56.500,57.000,48.625,48.750,46.375,45.875,47.375,207103.977,11349337,110757108
1791011362.142,idle_before_MD_BayesMVP_chunking_500,59.500,48.750,49.000,46.750,47.375,48.250,56.500,57.000,48.125,51.750,46.375,45.875,50.375,207221.195,11349337,110757108
1791011363.143,idle_before_MD_BayesMVP_chunking_500,59.125,49.125,46.625,46.250,47.500,47.750,56.125,56.625,48.125,48.750,46.375,45.875,51.250,207339.679,11349337,110757108
1791011364.144,idle_before_MD_BayesMVP_chunking_500,58.625,48.750,46.125,46.750,47.375,47.750,56.125,57.000,48.125,48.375,45.875,49.375,49.625,207456.003,11349337,110757108
1791011365.145,idle_before_MD_BayesMVP_chunking_500,58.250,50.500,46.625,47.375,48.250,47.750,56.125,57.000,48.625,48.750,46.875,51.375,47.000,207580.087,11349337,110757108
1791011366.147,idle_before_MD_BayesMVP_chunking_500,58.000,51.000,46.125,46.750,47.875,49.625,56.125,56.625,48.625,48.750,46.375,45.875,47.375,207699.325,11349337,110757108
1791011367.148,idle_before_MD_BayesMVP_chunking_500,57.625,48.750,46.125,46.750,47.875,50.000,56.125,57.000,48.625,48.250,46.375,47.500,47.375,207820.391,11349337,110757108
1791011368.149,idle_before_MD_BayesMVP_chunking_500,57.375,48.250,55.250,46.750,47.000,47.750,56.500,57.000,48.125,48.250,46.375,45.375,50.500,207939.573,11349337,110757108
1791011369.150,idle_before_MD_BayesMVP_chunking_500,57.875,48.750,46.125,46.250,47.500,59.375,56.125,46.375,47.625,49.125,45.875,45.875,50.500,208058.225,11349337,110757108
1791011370.151,idle_before_MD_BayesMVP_chunking_500,58.875,48.250,46.125,46.250,48.375,59.875,56.125,46.375,49.000,48.750,45.875,45.750,47.375,208176.590,11349337,110757108
1791011371.152,idle_before_MD_BayesMVP_chunking_500,59.375,48.250,46.625,46.250,47.375,59.375,56.125,46.375,48.125,48.250,45.875,45.375,49.125,208294.232,11349337,110757108
1791011372.154,idle_before_MD_BayesMVP_chunking_500,60.250,48.750,46.125,46.250,47.875,59.875,56.500,46.375,49.500,48.750,46.375,48.000,47.000,208417.867,11349338,110757108
1791011373.155,idle_before_MD_BayesMVP_chunking_500,60.125,48.250,46.125,46.250,47.875,47.250,56.125,46.375,58.375,48.750,45.875,46.375,46.500,208537.489,11349343,110757108
1791011374.156,idle_before_MD_BayesMVP_chunking_500,60.000,48.250,46.125,46.250,47.375,46.750,56.125,46.375,58.875,48.250,45.875,46.375,47.000,208658.881,11349343,110757108
1791011375.157,idle_before_MD_BayesMVP_chunking_500,59.875,48.750,46.125,45.750,47.875,47.250,56.125,46.375,58.875,47.875,46.375,46.375,47.000,208778.735,11349343,110757108
1791011376.158,idle_before_MD_BayesMVP_chunking_500,59.625,48.250,46.125,45.750,47.375,47.250,57.000,46.375,49.500,48.250,57.500,45.375,47.000,208898.395,11349343,110757108
1791011377.159,idle_before_MD_BayesMVP_chunking_500,59.250,48.250,46.125,46.250,48.625,47.750,56.125,56.125,52.125,48.750,46.375,45.375,47.000,209020.344,11349343,110757108
1791011378.161,idle_before_MD_BayesMVP_chunking_500,58.875,48.250,46.125,46.750,51.125,47.250,55.625,56.125,48.125,47.875,45.875,45.375,46.500,209139.693,11349343,110757108
1791011379.162,idle_before_MD_BayesMVP_chunking_500,58.375,47.750,45.625,46.250,47.875,47.250,56.125,56.125,52.000,48.250,46.375,45.375,46.500,209256.662,11349343,110757108
1791011380.163,idle_before_MD_BayesMVP_chunking_500,58.000,48.250,45.625,46.250,47.375,47.250,55.625,56.125,47.625,48.250,45.875,45.375,47.750,209374.208,11349343,110757108
1791011381.164,idle_before_MD_BayesMVP_chunking_500,57.625,47.750,46.125,52.625,48.625,47.250,56.125,56.625,47.625,51.375,45.875,45.000,46.500,209491.735,11349343,110757108
1791011382.165,idle_before_MD_BayesMVP_chunking_500,57.375,48.250,45.625,46.250,51.125,47.250,55.625,56.125,47.625,48.250,45.875,45.875,46.500,209611.369,11349343,110757108
1791011383.167,idle_before_MD_BayesMVP_chunking_500,57.500,48.250,45.125,45.750,47.375,46.750,56.125,47.500,58.000,50.875,46.375,45.000,46.500,209728.575,11349343,110757108
1791011384.168,idle_before_MD_BayesMVP_chunking_500,58.125,48.250,46.125,46.250,50.625,47.250,56.125,45.875,58.375,53.875,45.875,45.375,47.000,209847.499,11349343,110757108
1791011385.169,idle_before_MD_BayesMVP_chunking_500,58.500,48.250,46.125,45.750,49.875,46.750,56.125,45.875,58.875,48.250,45.875,45.000,47.000,209965.040,11349343,110757108
1791011386.170,idle_before_MD_BayesMVP_chunking_500,58.750,47.750,45.625,45.750,51.125,47.250,55.250,45.875,58.875,48.250,45.875,45.375,46.500,210082.522,11349343,110757108
1791011387.171,idle_before_MD_BayesMVP_chunking_500,58.750,47.750,46.125,46.875,48.500,46.750,55.250,45.875,58.375,47.875,45.875,45.000,47.000,210199.873,11349343,110757108
1791011388.173,idle_before_MD_BayesMVP_chunking_500,58.750,49.625,45.625,48.250,47.875,47.250,55.250,45.875,58.375,48.250,46.375,45.000,47.000,210318.465,11349343,110757108
1791011389.174,idle_before_MD_BayesMVP_chunking_500,58.375,47.750,46.125,49.250,47.375,46.750,55.625,56.625,47.625,48.250,45.875,45.375,46.500,210437.785,11349343,110757108
1791011390.175,idle_before_MD_BayesMVP_chunking_500,58.375,48.250,50.375,46.250,52.500,58.875,55.625,47.500,49.250,49.250,46.375,48.250,46.500,210559.686,11349344,110757108
1791011391.176,idle_before_MD_BayesMVP_chunking_500,58.750,47.750,46.125,46.250,47.000,58.875,55.625,46.375,47.250,48.250,47.625,45.000,46.000,210680.264,11349344,110757108
1791011392.177,idle_before_MD_BayesMVP_chunking_500,58.875,47.750,47.625,46.250,46.500,58.875,56.125,45.875,51.500,48.250,47.750,45.000,46.500,210797.778,11349344,110757108
1791011393.179,idle_before_MD_BayesMVP_chunking_500,58.875,47.750,45.625,46.250,47.000,58.500,55.625,45.875,49.000,47.875,45.875,45.000,47.000,210916.296,11349344,110757108
1791011394.180,idle_before_MD_BayesMVP_chunking_500,59.000,48.250,45.625,45.750,50.250,58.500,56.125,45.875,47.625,50.250,45.875,45.000,46.750,211033.075,11349344,110757108
1791011395.182,idle_before_MD_BayesMVP_chunking_500,59.125,48.250,48.125,45.750,47.000,59.375,55.625,45.875,47.250,48.250,46.375,45.000,46.500,211150.799,11349344,110757108
1791011396.183,idle_before_MD_BayesMVP_chunking_500,59.125,48.250,45.625,46.000,47.000,59.375,56.125,45.875,47.250,48.250,45.875,45.000,46.000,211267.802,11349345,110757108
1791011397.184,idle_before_MD_BayesMVP_chunking_500,59.125,48.250,45.625,46.250,47.375,59.375,55.625,45.875,47.625,47.875,45.875,45.375,46.500,211391.729,11349346,110757108
1791011398.185,idle_before_MD_BayesMVP_chunking_500,59.125,47.750,45.625,48.375,47.000,58.875,55.250,45.875,47.250,48.250,45.875,45.000,46.000,211508.226,11349346,110757108
1791011399.186,idle_before_MD_BayesMVP_chunking_500,59.125,47.750,45.125,46.750,48.375,58.875,55.250,45.875,47.625,47.875,45.875,45.000,49.125,211625.868,11349346,110757108
1791011400.188,idle_before_MD_BayesMVP_chunking_500,59.125,47.750,45.625,45.750,47.000,58.500,55.625,45.875,50.375,48.250,45.875,45.000,47.000,211743.848,11349346,110757108
1791011401.189,idle_before_MD_BayesMVP_chunking_500,58.875,47.750,45.625,57.125,48.875,46.750,54.750,45.875,48.125,47.875,45.875,45.000,46.500,211863.917,11349346,110757108
1791011402.190,idle_before_MD_BayesMVP_chunking_500,58.500,47.750,45.625,57.625,47.000,46.750,52.250,46.375,49.000,47.875,45.875,45.375,46.500,211982.266,11349346,110757108
1791011403.191,idle_before_MD_BayesMVP_chunking_500,58.000,48.250,45.625,57.125,47.000,46.750,53.625,45.875,49.000,47.875,45.500,45.375,46.500,212100.759,11349346,110757108
1791011404.192,idle_before_MD_BayesMVP_chunking_500,57.625,47.750,45.625,57.125,47.000,46.375,53.625,46.375,49.500,47.875,45.875,45.000,46.500,212218.236,11349346,110757108
1791011405.193,idle_before_MD_BayesMVP_chunking_500,57.375,47.750,45.625,57.125,46.500,46.750,53.625,45.875,47.250,50.625,45.875,46.875,50.000,212336.603,11349346,110757108
1791011406.195,idle_before_MD_BayesMVP_chunking_500,57.375,48.250,45.625,57.625,46.500,47.250,53.125,47.000,46.750,47.375,45.500,45.000,46.000,212455.347,11349346,110757108
1791011407.196,idle_before_MD_BayesMVP_chunking_500,57.375,47.250,45.625,57.125,47.000,46.375,53.625,45.875,48.125,47.375,45.500,44.500,51.250,212572.988,11349346,110757108
1791011408.197,idle_before_MD_BayesMVP_chunking_500,57.375,47.250,46.125,57.125,47.000,46.750,54.000,46.375,47.250,47.375,45.875,45.875,46.000,212694.329,11349346,110757108
1791011409.198,idle_before_MD_BayesMVP_chunking_500,57.375,47.250,45.625,57.125,47.000,46.750,53.625,45.875,47.250,47.375,48.125,45.000,46.500,212811.726,11349346,110757108
1791011410.199,idle_before_MD_BayesMVP_chunking_500,57.375,47.750,45.625,56.625,46.500,46.375,53.125,45.875,47.625,47.375,45.500,45.000,46.000,212930.047,11349346,110757108
1791011411.201,idle_before_MD_BayesMVP_chunking_500,57.250,47.750,45.625,45.750,46.500,46.375,53.125,55.625,49.750,47.375,45.500,45.000,46.000,213046.363,11349346,110757108
1791011412.202,idle_before_MD_BayesMVP_chunking_500,57.125,47.750,45.625,46.250,47.375,46.375,53.625,56.625,47.250,47.375,45.500,45.000,46.000,213164.196,11349346,110757108
1791011413.203,idle_before_MD_BayesMVP_chunking_500,57.000,47.750,45.625,45.250,46.500,46.750,53.625,55.625,47.250,47.875,45.500,45.000,45.625,213280.996,11349346,110757108
1791011414.204,idle_before_MD_BayesMVP_chunking_500,56.875,46.875,45.625,45.750,47.000,46.750,52.625,55.625,47.250,47.375,45.875,45.000,46.000,213399.156,11349346,110757108
1791011415.205,idle_before_MD_BayesMVP_chunking_500,56.875,47.250,45.625,45.750,46.500,46.375,53.625,55.625,47.875,47.375,45.500,45.000,46.375,213515.188,11349346,110757108
1791011416.207,idle_before_MD_BayesMVP_chunking_500,56.750,47.250,45.625,46.250,47.000,46.375,53.125,56.125,50.250,47.875,45.500,45.000,46.500,213634.521,11349347,110757108
1791011417.208,idle_before_MD_BayesMVP_chunking_500,56.750,48.250,45.125,45.750,46.500,46.750,53.625,45.875,48.000,47.000,45.500,54.250,46.500,213752.107,11349347,110757108
1791011418.209,idle_before_MD_BayesMVP_chunking_500,56.500,47.250,54.750,45.750,46.000,46.375,53.125,45.875,47.250,47.375,45.875,55.250,48.125,213870.117,11349347,110757108
1791011419.210,idle_before_MD_BayesMVP_chunking_500,56.375,47.250,45.625,45.250,46.500,46.375,53.125,45.875,47.250,48.250,45.000,55.250,46.000,213987.694,11349347,110757108
1791011420.211,idle_before_MD_BayesMVP_chunking_500,56.250,48.875,45.125,45.250,46.500,46.750,53.125,45.875,47.250,48.875,45.875,54.750,46.000,214105.234,11349347,110757108
1791011421.213,idle_before_MD_BayesMVP_chunking_500,56.125,48.750,45.125,45.250,47.000,46.375,53.125,45.875,46.750,47.375,45.875,54.750,46.000,214223.283,11349347,110757108
1791011422.214,idle_before_MD_BayesMVP_chunking_500,56.000,48.000,45.125,46.875,48.875,49.125,53.125,46.375,47.250,47.375,45.875,54.750,46.000,214341.572,11349347,110757108
1791011423.214,idle_before_MD_BayesMVP_chunking_500,55.875,49.375,45.125,45.250,46.500,46.375,53.625,45.875,46.750,47.375,45.500,55.625,45.625,214461.033,11349347,110757108
1791011424.216,idle_before_MD_BayesMVP_chunking_500,55.875,47.250,45.125,45.250,46.500,46.750,53.125,45.875,48.000,47.375,50.500,54.750,46.750,214579.441,11349347,110757108
1791011425.217,idle_before_MD_BayesMVP_chunking_500,55.750,47.250,45.125,45.750,46.500,46.375,53.125,45.875,48.375,47.000,45.875,55.250,46.500,214699.341,11349347,110757108
1791011426.218,idle_before_MD_BayesMVP_chunking_500,55.625,47.250,45.625,45.250,46.500,46.375,53.625,45.000,47.250,47.375,45.000,54.750,46.000,214817.423,11349347,110757108
1791011427.219,idle_before_MD_BayesMVP_chunking_500,55.750,47.250,45.625,56.625,46.500,46.375,53.125,45.875,47.250,47.375,45.875,45.375,45.625,214936.722,11349349,110757108
1791011428.220,idle_before_MD_BayesMVP_chunking_500,56.375,47.250,45.125,56.625,46.000,46.750,52.625,45.875,46.750,47.375,45.875,44.500,46.250,215054.240,11349349,110757108
1791011429.221,idle_before_MD_BayesMVP_chunking_500,56.750,46.875,45.125,57.125,46.000,48.625,53.125,45.875,46.750,47.375,45.875,45.000,45.625,215172.176,11349349,110757108
1791011430.222,idle_before_MD_BayesMVP_chunking_500,56.625,47.250,53.250,45.250,46.500,45.875,53.125,45.500,46.750,47.000,47.750,44.500,57.250,215291.416,11349349,110757108
1791011431.223,idle_before_MD_BayesMVP_chunking_500,56.375,47.250,45.125,45.750,46.500,46.375,53.625,46.375,46.375,50.250,46.875,44.500,56.875,215409.880,11349349,110757108
1791011432.225,idle_before_MD_BayesMVP_chunking_500,56.250,47.250,45.125,45.250,46.000,46.375,53.125,45.875,47.625,47.000,45.875,54.750,46.000,215527.279,11349349,110757108
1791011433.227,idle_before_MD_BayesMVP_chunking_500,56.125,47.250,45.125,45.250,46.500,46.375,52.625,49.250,46.750,47.375,47.250,54.750,45.625,215645.608,11349349,110757108
1791011434.228,idle_before_MD_BayesMVP_chunking_500,56.000,49.750,46.625,45.250,46.500,46.375,53.125,45.875,46.750,47.000,45.500,55.250,45.625,215763.876,11349349,110757108
1791011435.230,idle_before_MD_BayesMVP_chunking_500,55.875,47.250,45.125,45.250,47.000,57.500,53.125,45.875,46.750,47.375,45.500,45.375,50.000,215881.094,11349349,110757108
1791011436.231,idle_before_MD_BayesMVP_chunking_500,57.375,49.375,45.125,45.250,46.000,58.500,53.125,45.500,46.750,47.375,45.875,44.500,45.625,216000.223,11349349,110757108
1791011437.232,idle_before_MD_BayesMVP_chunking_500,58.000,47.500,45.125,45.250,46.500,58.500,53.125,45.875,46.750,47.375,45.875,45.375,45.625,216121.343,11349349,110757108
1791011438.233,idle_before_MD_BayesMVP_chunking_500,58.250,46.875,45.125,45.750,47.000,58.500,53.125,45.875,46.750,47.875,56.750,45.000,46.000,216243.248,11349349,110757108
1791011439.234,idle_before_MD_BayesMVP_chunking_500,58.375,47.750,45.125,45.250,47.500,58.000,53.125,45.500,46.375,47.375,46.375,45.000,46.000,216365.337,11349349,110757108
1791011440.235,idle_before_MD_BayesMVP_chunking_500,58.375,47.250,45.125,45.250,46.500,58.500,53.125,45.875,50.375,47.375,45.875,44.500,46.000,216484.868,11349349,110757108
1791011441.236,idle_before_MD_BayesMVP_chunking_500,58.375,47.250,45.125,45.250,46.000,46.750,53.125,45.500,49.000,47.875,45.500,44.500,56.875,216603.399,11349349,110757108
1791011442.239,idle_before_MD_BayesMVP_chunking_500,58.250,46.875,45.125,45.250,46.000,46.375,53.125,45.875,46.750,47.000,47.375,44.500,56.875,216721.413,11349349,110757108
1791011443.240,idle_before_MD_BayesMVP_chunking_500,58.125,46.875,45.125,45.750,46.000,46.750,53.125,45.875,47.000,47.000,45.875,46.375,56.875,216839.543,11349349,110757108
1791011444.242,idle_before_MD_BayesMVP_chunking_500,58.000,51.250,45.625,45.250,46.500,46.750,53.625,45.500,46.750,47.875,45.875,44.500,57.250,216962.225,11349349,110757108
1791011445.243,idle_before_MD_BayesMVP_chunking_500,58.000,47.250,45.125,45.750,46.000,46.375,53.625,45.500,46.375,47.375,45.000,45.375,57.750,217082.364,11349349,110757108
1791011446.245,idle_before_MD_BayesMVP_chunking_500,57.875,47.750,45.125,45.250,49.250,46.750,53.125,45.500,46.750,47.375,45.875,44.500,56.875,217201.334,11349349,110757108
1791011447.246,idle_before_MD_BayesMVP_chunking_500,57.750,46.875,45.125,45.750,47.500,46.375,53.125,45.500,47.250,47.375,45.500,44.500,56.875,217320.811,11349349,110757108
1791011448.247,idle_before_MD_BayesMVP_chunking_500,57.750,46.875,54.875,45.250,46.000,46.750,53.125,45.500,46.750,47.375,45.000,44.500,57.750,217438.674,11349349,110757108
1791011449.248,idle_before_MD_BayesMVP_chunking_500,57.375,47.250,45.125,45.250,46.500,46.750,53.625,55.625,46.375,47.375,45.875,45.000,45.625,217563.018,11349349,110757108
1791011450.249,idle_before_MD_BayesMVP_chunking_500,57.000,46.875,45.125,45.750,45.625,46.375,53.625,55.625,46.375,47.375,45.875,45.000,45.625,217681.502,11349349,110757108
1791011451.250,idle_before_MD_BayesMVP_chunking_500,56.750,47.250,45.125,45.750,46.500,46.375,53.125,55.625,46.750,47.375,48.500,45.000,46.000,217801.391,11349349,110757108
1791011452.251,idle_before_MD_BayesMVP_chunking_500,56.500,47.250,45.125,45.250,46.000,46.375,53.625,56.125,46.375,47.375,47.250,44.500,45.625,217925.106,11349349,110757108
1791011453.252,idle_before_MD_BayesMVP_chunking_500,56.125,46.875,45.125,45.250,46.000,46.375,53.125,55.625,46.375,49.750,45.000,45.000,45.625,218043.587,11349349,110757108
1791011454.253,idle_before_MD_BayesMVP_chunking_500,58.000,47.250,47.125,45.250,46.000,46.375,52.625,45.500,59.750,49.250,45.000,44.500,46.000,218161.505,11349349,110757108
1791011455.254,idle_before_MD_BayesMVP_chunking_500,59.000,46.875,45.125,45.750,58.500,46.375,53.125,48.125,46.750,47.000,45.500,45.000,45.625,218278.515,11349350,110757108
1791011456.256,idle_before_MD_BayesMVP_chunking_500,58.875,46.875,45.125,45.250,58.500,46.375,53.125,48.125,46.750,47.000,45.500,45.000,45.625,218396.050,11349350,110757108
1791011457.257,idle_before_MD_BayesMVP_chunking_500,58.875,46.875,44.750,45.750,58.500,45.875,52.625,46.875,46.750,47.000,47.250,45.000,49.000,218513.989,11349350,110757108
1791011458.258,idle_before_MD_BayesMVP_chunking_500,58.750,46.875,44.750,45.750,58.500,46.375,52.625,45.500,46.750,48.875,47.375,44.500,45.625,218631.973,11349350,110757108
1791011459.259,idle_before_MD_BayesMVP_chunking_500,58.750,46.875,44.750,45.250,58.125,46.375,53.125,50.000,46.750,48.875,44.500,45.000,45.625,218750.957,11349350,110757108
1791011460.260,idle_before_MD_BayesMVP_chunking_500,58.750,46.875,45.125,45.250,58.500,46.375,53.125,45.500,46.375,48.250,45.000,44.500,45.625,218868.347,11349351,110757108
1791011461.262,idle_before_MD_BayesMVP_chunking_500,58.375,46.875,44.750,56.625,47.500,46.375,53.125,48.000,46.750,47.375,45.000,44.500,45.625,218985.529,11349351,110757108
1791011462.263,idle_before_MD_BayesMVP_chunking_500,57.875,46.875,50.000,56.125,46.000,45.875,53.125,45.875,46.750,47.375,45.000,44.000,46.000,219103.054,11349351,110757108
1791011463.264,idle_before_MD_BayesMVP_chunking_500,57.500,46.875,44.750,56.625,49.500,46.375,53.125,45.500,46.750,47.375,45.000,44.500,45.625,219221.119,11349351,110757108
1791011464.265,idle_before_MD_BayesMVP_chunking_500,57.125,46.875,44.750,56.625,46.000,46.375,52.625,45.500,46.375,48.250,44.500,44.000,45.125,219338.253,11349351,110757108
1791011465.266,idle_before_MD_BayesMVP_chunking_500,56.750,46.875,45.125,56.625,45.625,46.375,53.125,46.375,46.375,47.375,45.000,48.750,48.000,219457.338,11349351,110757108
1791011466.268,idle_before_MD_BayesMVP_chunking_500,56.500,46.875,44.750,56.625,45.625,46.375,53.125,45.500,46.750,48.750,45.000,45.000,47.250,219577.143,11349352,110757108
1791011467.269,idle_before_MD_BayesMVP_chunking_500,56.500,46.875,45.125,56.625,45.625,46.375,53.125,45.500,47.250,53.875,45.500,44.500,46.750,219699.532,11349352,110757108
1791011468.270,idle_before_MD_BayesMVP_chunking_500,56.625,46.875,44.750,56.625,46.000,46.375,52.625,45.875,48.625,47.375,44.500,44.500,45.625,219817.667,11349352,110757108
1791011469.271,idle_before_MD_BayesMVP_chunking_500,56.625,46.875,45.125,56.625,46.500,46.375,53.125,45.500,46.375,47.875,45.000,44.500,45.625,219935.205,11349352,110757108
1791011470.272,idle_before_MD_BayesMVP_chunking_500,56.625,46.875,44.750,56.125,46.500,46.375,53.125,45.875,46.375,47.375,45.000,46.250,45.625,220052.183,11349353,110757108
1791011471.274,idle_before_MD_BayesMVP_chunking_500,56.625,48.750,44.750,56.625,46.500,46.750,53.125,45.500,46.375,47.375,46.250,44.500,45.625,220171.147,11349353,110757108
1791011472.275,idle_before_MD_BayesMVP_chunking_500,56.625,47.250,44.750,56.625,46.000,50.000,53.125,45.000,46.375,50.875,45.500,44.000,45.625,220289.132,11349353,110757108
1791011473.276,idle_before_MD_BayesMVP_chunking_500,56.500,46.875,45.125,53.250,46.000,46.750,53.125,45.000,46.750,49.625,45.000,44.000,56.875,220408.363,11349353,110757108
1791011474.277,idle_before_MD_BayesMVP_chunking_500,56.250,46.875,44.750,44.875,46.500,47.750,52.625,49.500,46.375,47.375,45.000,44.500,56.875,220527.178,11349353,110757108
1791011475.278,idle_before_MD_BayesMVP_chunking_500,56.250,47.250,47.000,56.125,46.000,47.500,53.125,45.500,46.375,47.375,45.000,44.500,45.625,220645.419,11349353,110757108
1791011476.279,idle_before_MD_BayesMVP_chunking_500,56.375,46.875,44.750,56.625,46.000,46.375,52.625,45.875,46.375,47.375,45.875,47.250,45.625,220763.569,11349353,110757108
1791011477.281,idle_before_MD_BayesMVP_chunking_500,56.500,46.875,45.125,56.625,45.625,46.375,52.625,47.000,46.750,47.000,45.000,45.000,45.625,220882.737,11349354,110757108
1791011478.282,idle_before_MD_BayesMVP_chunking_500,56.625,47.250,45.125,56.625,45.625,46.375,53.125,45.500,46.750,48.875,45.500,44.500,45.125,221002.303,11349354,110757108
1791011479.283,idle_before_MD_BayesMVP_chunking_500,56.625,46.375,44.750,57.125,45.625,45.875,52.625,45.500,46.375,47.875,45.000,44.500,45.125,221120.795,11349354,110757108
1791011480.284,idle_before_MD_BayesMVP_chunking_500,56.750,47.250,44.750,45.250,58.125,46.375,52.625,45.000,46.375,50.000,44.500,44.500,45.125,221240.869,11349354,110757108
1791011481.285,idle_before_MD_BayesMVP_chunking_500,57.750,47.250,44.750,52.000,58.125,46.375,52.625,45.500,46.750,48.750,45.000,44.500,46.250,221363.054,11349354,110757108
1791011482.287,idle_before_MD_BayesMVP_chunking_500,58.000,46.875,45.125,45.250,58.125,49.125,53.125,45.500,46.750,47.375,45.000,44.500,46.750,221486.344,11349354,110757108
1791011483.288,idle_before_MD_BayesMVP_chunking_500,58.250,46.875,44.750,44.875,58.125,46.375,53.125,45.000,46.375,48.875,45.500,44.500,45.625,221604.994,11349354,110757108
1791011484.289,idle_before_MD_BayesMVP_chunking_500,58.250,46.875,44.750,45.250,58.125,46.375,53.125,45.500,49.000,47.000,45.000,44.500,45.625,221724.579,11349354,110757108
1791011485.290,idle_before_MD_BayesMVP_chunking_500,58.375,46.875,49.375,46.125,58.500,46.375,52.625,45.500,48.125,47.000,45.000,44.500,46.000,221843.442,11349354,110757108
1791011486.291,idle_before_MD_BayesMVP_chunking_500,58.375,46.875,45.125,45.250,58.125,45.875,53.125,45.500,46.750,46.500,45.000,44.500,50.375,221967.772,11349354,110757108
1791011487.293,idle_before_MD_BayesMVP_chunking_500,58.375,46.875,44.750,44.875,58.500,46.375,52.625,48.625,46.750,47.000,45.000,44.500,47.875,222085.264,11349354,110757108
1791011488.294,idle_before_MD_BayesMVP_chunking_500,58.500,46.875,44.750,44.875,58.500,47.250,53.125,45.000,46.375,47.000,44.500,44.000,45.625,222207.392,11349354,110757108
1791011489.295,idle_before_MD_BayesMVP_chunking_500,58.500,46.875,46.500,44.875,58.500,46.375,52.625,45.000,47.625,47.000,45.000,44.500,45.625,222327.546,11349354,110757108
1791011490.296,idle_before_MD_BayesMVP_chunking_500,58.500,46.875,44.750,45.250,58.500,46.375,52.625,45.000,46.750,47.500,45.000,44.500,45.125,222446.420,11349354,110757108
1791011491.297,idle_before_MD_BayesMVP_chunking_500,58.500,46.875,44.750,44.875,58.500,45.875,52.625,45.500,46.750,47.750,45.000,46.875,45.125,222563.696,11349355,110757108
1791011492.299,idle_before_MD_BayesMVP_chunking_500,58.500,46.875,44.750,45.250,58.500,46.375,52.625,45.000,50.875,47.000,45.500,44.000,45.625,222681.871,11349355,110757108
1791011493.300,idle_before_MD_BayesMVP_chunking_500,58.500,46.875,44.750,44.875,59.000,46.750,52.625,45.000,48.875,47.000,45.000,44.500,46.000,222801.177,11349355,110757108
1791011494.301,idle_before_MD_BayesMVP_chunking_500,58.500,46.875,44.750,50.875,58.500,46.375,52.625,45.875,47.625,47.000,44.500,45.000,45.625,222922.268,11349355,110757108
1791011495.302,idle_before_MD_BayesMVP_chunking_500,58.500,46.875,45.125,45.250,58.125,45.875,53.125,45.500,47.500,47.000,45.000,44.500,46.500,223046.681,11349355,110757108
1791011496.303,idle_before_MD_BayesMVP_chunking_500,58.500,46.875,45.125,44.875,58.500,46.375,52.625,45.500,47.875,47.000,45.000,44.500,45.625,223165.430,11349355,110757108
1791011497.305,idle_before_MD_BayesMVP_chunking_500,58.500,46.875,46.125,44.875,58.500,46.375,52.250,45.000,46.750,47.000,45.000,44.500,45.625,223283.916,11349355,110757108
1791011498.306,idle_before_MD_BayesMVP_chunking_500,58.375,47.250,45.750,44.875,53.500,46.375,53.125,45.500,49.500,51.875,45.000,44.500,56.875,223413.747,11349356,110757108
1791011499.307,idle_before_MD_BayesMVP_chunking_500,58.250,47.250,45.125,44.875,46.500,46.375,53.125,50.875,48.000,52.750,45.000,44.500,56.875,223544.526,11349356,110757108
1791011500.308,idle_before_MD_BayesMVP_chunking_500,58.125,48.250,45.125,47.625,46.000,46.750,53.125,45.500,46.750,47.000,45.000,49.750,56.875,223668.383,11349356,110757108
1791011501.309,idle_before_MD_BayesMVP_chunking_500,58.000,48.250,45.125,44.875,46.000,46.750,53.125,45.000,48.125,47.000,45.000,44.500,56.875,223789.075,11349356,110757108
1791011502.311,idle_before_MD_BayesMVP_chunking_500,57.875,47.250,44.750,45.250,46.500,46.750,53.125,45.500,46.375,49.375,45.000,44.500,56.875,223909.005,11349356,110757108
1791011503.312,idle_before_MD_BayesMVP_chunking_500,57.625,47.750,44.750,44.875,46.000,46.750,52.625,45.000,46.750,47.000,45.000,53.875,45.625,224028.606,11349356,110757108
1791011504.313,idle_before_MD_BayesMVP_chunking_500,57.250,46.375,46.250,44.875,45.625,45.875,53.125,45.000,45.875,46.500,45.000,54.250,45.125,224147.808,11349356,110757108
1791011505.314,idle_before_MD_BayesMVP_chunking_500,56.875,46.375,47.000,44.875,46.000,46.375,53.125,45.500,45.875,46.500,45.000,54.250,45.125,224270.902,11349356,110757108
1791011506.315,idle_before_MD_BayesMVP_chunking_500,56.500,46.875,45.125,45.250,46.000,48.875,52.625,45.000,46.375,47.000,45.500,54.250,45.625,224389.105,11349356,110757108
1791011507.317,idle_before_MD_BayesMVP_chunking_500,56.250,46.875,45.125,44.875,46.000,48.250,53.125,45.500,46.375,47.000,45.000,54.750,45.125,224508.122,11349356,110757108
1791011508.318,idle_before_MD_BayesMVP_chunking_500,56.125,46.875,45.125,44.875,48.625,46.375,52.625,44.500,46.375,47.000,44.500,54.750,45.125,224627.028,11349356,110757108
1791011509.319,idle_before_MD_BayesMVP_chunking_500,55.875,46.875,44.750,45.250,46.500,46.375,53.625,45.500,46.375,46.500,45.500,54.250,45.125,224746.282,11349356,110757108
1791011510.320,idle_before_MD_BayesMVP_chunking_500,55.625,47.750,44.750,44.875,46.000,45.875,52.625,45.500,45.875,46.500,45.000,54.250,45.125,224864.525,11349356,110757108
1791011511.321,idle_before_MD_BayesMVP_chunking_500,55.375,49.625,44.750,45.250,45.625,45.875,52.625,45.500,54.875,46.500,46.875,54.750,45.625,224984.771,11349356,110757108
1791011512.322,idle_before_MD_BayesMVP_chunking_500,55.250,46.375,45.625,44.875,46.000,45.875,52.625,45.000,46.750,47.750,45.000,54.250,45.125,225103.439,11349356,110757108
1791011513.324,idle_before_MD_BayesMVP_chunking_500,56.500,57.625,44.750,45.250,45.625,46.375,52.625,45.000,46.375,47.375,47.875,45.750,45.625,225222.194,11349356,110757108
1791011514.325,idle_before_MD_BayesMVP_chunking_500,57.000,57.250,44.750,44.875,46.000,45.875,52.625,45.000,45.875,47.000,45.000,44.500,48.625,225341.308,11349356,110757108
1791011515.326,idle_before_MD_BayesMVP_chunking_500,57.250,57.250,45.125,45.250,46.000,46.375,52.625,45.500,46.375,47.000,47.500,44.000,46.000,225460.903,11349356,110757108
1791011516.327,idle_before_MD_BayesMVP_chunking_500,57.375,57.625,44.750,44.875,46.000,46.375,52.250,45.000,48.125,47.000,45.000,44.000,48.625,225578.897,11349356,110757108
1791011517.328,idle_before_MD_BayesMVP_chunking_500,57.500,57.625,44.250,44.875,46.000,46.375,52.625,45.000,46.375,47.000,45.000,44.500,48.500,225697.907,11349356,110757108
1791011518.329,idle_before_MD_BayesMVP_chunking_500,57.500,57.250,44.750,44.875,45.625,46.375,53.125,45.500,46.375,46.500,45.000,44.000,47.125,225817.275,11349358,110757108
1791011519.330,idle_before_MD_BayesMVP_chunking_500,57.500,57.625,44.750,44.875,45.625,46.375,52.625,45.500,47.000,46.500,46.875,44.000,45.625,225935.831,11349358,110757108
1791011520.331,idle_before_MD_BayesMVP_chunking_500,57.500,57.250,44.750,44.875,46.000,46.375,52.625,45.000,46.375,47.000,45.000,44.500,47.750,226054.449,11349358,110757108
1791011521.333,idle_before_MD_BayesMVP_chunking_500,57.500,57.625,49.875,44.875,46.000,45.875,52.250,45.000,46.375,47.000,45.000,44.500,48.000,226172.386,11349359,110757108
1791011522.334,idle_before_MD_BayesMVP_chunking_500,57.250,47.250,44.750,44.875,45.625,46.375,52.250,55.125,46.750,47.375,44.500,44.500,46.625,226291.414,11349359,110757108
1791011523.335,idle_before_MD_BayesMVP_chunking_500,56.875,49.000,56.500,44.875,45.625,45.875,52.625,45.500,46.375,47.000,45.000,44.500,46.000,226415.750,11349359,110757108
1791011524.336,idle_before_MD_BayesMVP_chunking_500,56.625,46.875,56.500,44.875,45.625,46.375,52.625,49.125,46.375,47.000,44.500,44.500,46.500,226533.604,11349359,110757108
1791011525.337,idle_before_MD_BayesMVP_chunking_500,56.500,46.375,56.500,44.875,45.625,45.875,52.250,45.500,46.375,47.000,45.000,46.375,46.000,226652.035,11349359,110757108
1791011526.338,idle_before_MD_BayesMVP_chunking_500,56.625,46.875,56.500,45.250,49.625,45.875,52.625,45.000,46.375,46.500,46.125,44.500,48.625,226771.776,11349360,110757108
1791011527.339,idle_before_MD_BayesMVP_chunking_500,56.750,46.375,56.500,44.875,46.000,45.875,52.625,44.500,45.875,46.500,45.000,44.000,49.625,226889.628,11349360,110757108
1791011528.340,idle_before_MD_BayesMVP_chunking_500,56.875,46.875,57.000,44.875,45.625,46.375,52.625,45.000,46.375,48.750,45.000,44.500,46.875,227010.213,11349360,110757108
1791011529.341,idle_before_MD_BayesMVP_chunking_500,56.875,46.875,57.000,44.875,45.625,45.875,52.625,44.500,46.375,47.000,45.000,43.500,47.625,227128.322,11349360,110757108
1791011530.342,idle_before_MD_BayesMVP_chunking_500,56.875,46.375,56.500,44.875,45.625,47.375,52.625,45.000,46.375,47.375,45.000,44.000,45.625,227246.757,11349360,110757108
1791011531.343,idle_before_MD_BayesMVP_chunking_500,56.500,46.375,44.750,44.875,46.000,46.375,52.625,45.000,46.375,48.375,45.000,44.500,56.875,227364.540,11349360,110757108
1791011532.344,idle_before_MD_BayesMVP_chunking_500,56.625,46.375,44.750,45.000,45.750,46.375,52.250,45.000,57.500,47.000,44.500,44.000,46.500,227483.979,11349360,110757108
1791011533.346,idle_before_MD_BayesMVP_chunking_500,57.000,46.875,44.750,44.875,45.625,45.875,52.625,45.000,57.125,47.000,45.000,44.000,46.750,227601.969,11349360,110757108
1791011534.346,idle_before_MD_BayesMVP_chunking_500,57.250,46.375,44.750,44.875,45.625,45.875,52.625,45.000,57.500,46.500,45.000,44.000,46.500,227722.181,11349360,110757108
1791011535.347,idle_before_MD_BayesMVP_chunking_500,57.250,46.375,44.250,45.250,46.000,45.875,52.250,45.000,57.125,47.000,45.000,44.000,48.625,227839.892,11349360,110757108
1791011536.349,idle_before_MD_BayesMVP_chunking_500,57.375,46.875,44.250,44.875,47.375,45.875,52.625,44.500,57.125,47.000,44.500,44.000,46.500,227958.534,11349360,110757108
1791011537.350,idle_before_MD_BayesMVP_chunking_500,57.250,47.250,45.125,45.250,45.625,45.875,52.625,55.625,46.750,50.500,45.000,44.000,45.625,228078.059,11349360,110757108
1791011538.351,idle_before_MD_BayesMVP_chunking_500,56.875,46.875,44.750,45.250,48.875,46.375,52.625,55.625,46.375,47.000,44.500,44.000,45.625,228196.609,11349360,110757108
1791011539.352,idle_before_MD_BayesMVP_chunking_500,56.625,47.750,44.250,44.875,45.625,46.375,52.625,55.125,49.750,47.375,45.000,44.500,45.625,228317.694,11349360,110757108
1791011540.353,idle_before_MD_BayesMVP_chunking_500,56.250,46.875,44.750,45.250,47.875,47.125,52.250,55.125,46.375,47.375,45.000,44.000,45.125,228436.455,11349360,110757108
1791011541.355,idle_before_MD_BayesMVP_chunking_500,56.000,46.375,44.750,44.875,46.000,46.500,53.125,55.625,46.375,47.375,47.625,45.375,45.125,228554.623,11349360,110757108
1791011542.356,idle_before_MD_BayesMVP_chunking_500,55.750,46.375,44.250,44.875,46.250,45.875,52.625,55.125,48.250,46.500,44.500,44.000,45.625,228675.207,11349360,110757108
1791011543.357,idle_before_MD_BayesMVP_chunking_500,55.750,46.875,44.250,44.750,45.625,46.375,52.625,44.500,46.375,57.250,44.500,44.000,45.125,228793.906,11349360,110757108
1791011544.358,idle_before_MD_BayesMVP_chunking_500,56.625,46.875,45.125,44.875,46.250,46.375,52.625,45.000,46.375,57.250,45.000,44.500,45.125,228916.317,11349360,110757108
1791011545.359,idle_before_MD_BayesMVP_chunking_500,57.125,46.375,44.750,44.875,48.875,45.875,52.625,45.000,46.375,57.250,44.500,44.000,45.125,229035.259,11349360,110757108
1791011546.361,idle_before_MD_BayesMVP_chunking_500,58.375,46.875,44.750,44.875,46.000,45.875,52.625,45.500,46.375,59.625,44.500,46.500,45.125,229153.528,11349360,110757108
1791011547.362,idle_before_MD_BayesMVP_chunking_500,59.250,46.875,44.750,44.875,46.000,45.875,52.250,47.250,45.875,59.625,44.500,44.000,45.125,229272.210,11349360,110757108
1791011548.363,idle_before_MD_BayesMVP_chunking_500,59.625,46.875,44.250,44.875,46.000,45.875,52.250,47.000,46.375,60.125,44.500,47.000,45.125,229390.281,11349361,110757108
1791011549.364,idle_before_MD_BayesMVP_chunking_500,59.750,46.875,44.750,44.875,55.375,46.375,52.625,45.000,47.875,59.625,45.000,44.000,45.625,229512.339,11349361,110757108
1791011550.365,idle_before_MD_BayesMVP_chunking_500,59.750,46.375,44.750,44.875,45.625,45.875,52.625,45.000,50.875,59.625,44.500,45.000,46.375,229630.295,11349361,110757108
1791011551.366,idle_before_MD_BayesMVP_chunking_500,59.875,46.875,44.750,44.875,47.000,45.875,52.250,45.000,46.375,60.125,45.000,44.000,45.125,229749.319,11349361,110757108
1791011552.368,idle_before_MD_BayesMVP_chunking_500,60.000,46.375,45.625,44.875,46.000,45.875,52.250,44.500,49.500,60.125,44.500,44.500,45.125,229870.537,11349361,110757108
1791011553.369,idle_before_MD_BayesMVP_chunking_500,60.000,46.375,45.250,44.875,45.625,45.875,52.625,45.000,46.000,60.125,47.375,44.500,45.125,229993.923,11349361,110757108
1791011554.370,idle_before_MD_BayesMVP_chunking_500,60.000,46.375,45.125,44.875,45.625,45.875,52.625,45.500,45.875,60.125,45.000,44.000,45.625,230114.675,11349361,110757108
1791011555.371,idle_before_MD_BayesMVP_chunking_500,60.000,46.375,44.750,45.250,46.750,45.875,52.625,45.500,56.250,47.375,45.000,44.500,45.625,230238.422,11349361,110757108
1791011556.372,idle_before_MD_BayesMVP_chunking_500,59.625,46.875,44.750,45.250,45.625,45.375,52.625,45.500,56.625,46.500,45.000,44.500,45.625,230357.773,11349361,110757108
1791011557.374,idle_before_MD_BayesMVP_chunking_500,59.375,46.375,44.750,45.250,45.625,45.875,52.625,45.500,57.125,46.500,45.000,45.375,45.125,230479.135,11349365,110757108
1791011558.375,idle_before_MD_BayesMVP_chunking_500,59.125,46.875,44.250,44.875,45.625,45.875,52.250,47.750,56.625,46.500,44.500,44.000,45.625,230598.584,11349365,110757108
1791011559.376,idle_before_MD_BayesMVP_chunking_500,58.875,46.375,44.750,44.875,45.625,45.875,52.625,45.500,57.125,46.500,45.000,47.750,45.625,230716.972,11349365,110757108
1791011560.377,idle_before_MD_BayesMVP_chunking_500,58.625,46.875,44.750,45.250,45.625,45.875,52.625,45.000,56.250,46.500,44.500,45.000,45.625,230834.922,11349365,110757108
1791011561.378,idle_before_MD_BayesMVP_chunking_500,58.500,46.875,45.125,45.250,46.500,46.375,52.625,45.875,56.625,46.500,48.625,44.500,45.625,230955.220,11349365,110757108
1791011562.380,idle_before_MD_BayesMVP_chunking_500,58.250,46.375,44.750,45.250,45.625,45.875,52.250,55.500,57.125,46.500,45.000,44.500,45.625,231073.542,11349365,110757108
1791011563.381,idle_before_MD_BayesMVP_chunking_500,58.125,46.375,44.750,45.250,45.625,45.875,52.250,46.500,56.625,46.000,44.500,48.875,45.125,231192.158,11349365,110757108
1791011564.382,idle_before_MD_BayesMVP_chunking_500,58.000,54.250,44.750,45.250,45.625,48.250,52.625,45.500,56.625,46.500,45.000,44.500,45.625,231311.461,11349365,110757108
1791011565.383,idle_before_MD_BayesMVP_chunking_500,57.875,46.375,44.750,44.875,46.000,47.750,52.250,44.500,56.250,49.875,45.000,44.500,45.125,231430.859,11349365,110757108
1791011566.384,idle_before_MD_BayesMVP_chunking_500,57.750,46.375,44.750,44.875,45.625,45.375,52.625,44.500,56.625,46.500,45.875,44.500,45.625,231549.306,11349365,110757108
1791011567.385,idle_before_MD_BayesMVP_chunking_500,57.625,46.375,44.250,44.875,45.625,45.875,52.625,45.500,56.250,46.500,45.000,44.000,45.125,231668.713,11349366,110757108
1791011568.387,idle_before_MD_BayesMVP_chunking_500,57.500,46.375,48.125,44.875,45.625,45.875,52.625,45.000,56.625,47.000,45.500,44.000,45.625,231792.751,11349366,110757108
1791011569.388,idle_before_MD_BayesMVP_chunking_500,57.375,46.375,53.750,44.875,45.625,45.375,53.125,45.500,56.625,46.500,45.000,44.000,45.125,231916.575,11349366,110757108
1791011570.389,idle_before_MD_BayesMVP_chunking_500,57.375,46.375,44.750,44.875,51.125,45.375,53.125,45.000,56.625,46.500,45.500,44.000,44.750,232035.126,11349366,110757108
1791011571.390,idle_before_MD_BayesMVP_chunking_500,57.250,46.375,44.250,44.875,46.500,45.375,52.250,45.000,57.125,46.500,44.500,44.000,45.125,232152.219,11349366,110757108
1791011572.391,idle_before_MD_BayesMVP_chunking_500,57.250,46.375,44.750,45.250,46.000,45.375,52.250,47.250,57.125,46.500,45.000,44.500,45.625,232270.269,11349366,110757108
1791011573.393,idle_before_MD_BayesMVP_chunking_500,57.125,46.875,44.750,44.875,45.125,45.375,52.625,47.500,56.625,47.000,45.000,44.000,45.625,232386.403,11349366,110757108
1791011574.394,idle_before_MD_BayesMVP_chunking_500,57.125,46.875,45.625,44.875,45.750,46.375,52.250,45.000,56.625,47.000,44.500,44.500,45.125,232504.253,11349366,110757108
1791011575.395,idle_before_MD_BayesMVP_chunking_500,57.125,46.375,44.750,44.875,47.875,45.375,52.250,45.000,56.250,46.500,45.000,44.000,45.625,232622.476,11349371,110757108
1791011576.396,idle_before_MD_BayesMVP_chunking_500,57.125,55.875,44.750,45.250,46.000,46.375,52.625,56.125,46.375,49.500,45.625,44.000,48.500,232744.569,11349372,110757108
1791011577.398,idle_before_MD_BayesMVP_chunking_500,56.750,46.875,46.125,45.250,45.625,45.875,52.250,56.625,45.875,47.000,44.500,44.500,45.125,232866.417,11349372,110757108
1791011578.399,idle_before_MD_BayesMVP_chunking_500,56.375,46.375,45.750,46.125,45.625,48.625,53.125,45.000,45.875,46.500,44.500,53.875,45.125,232986.400,11349372,110757108
1791011579.399,idle_before_MD_BayesMVP_chunking_500,56.000,46.500,45.125,45.250,45.625,45.875,52.625,45.500,45.500,47.000,45.875,54.750,44.750,233106.611,11349372,110757108
1791011580.401,idle_before_MD_BayesMVP_chunking_500,56.125,46.875,44.750,44.875,45.125,45.875,52.250,45.000,45.875,47.000,44.500,44.000,56.375,233225.445,11349372,110757108
1791011581.402,idle_before_MD_BayesMVP_chunking_500,56.125,46.875,56.125,44.875,45.625,45.875,52.625,45.625,45.875,46.500,44.500,44.500,45.625,233347.176,11349372,110757108
1791011582.403,idle_before_MD_BayesMVP_chunking_500,56.000,46.375,56.500,44.875,45.625,45.375,52.625,45.000,45.875,46.000,44.500,44.500,44.750,233465.653,11349372,110757108
1791011583.404,idle_before_MD_BayesMVP_chunking_500,56.500,46.375,57.500,44.875,45.625,45.875,52.625,44.500,46.375,46.500,44.500,44.500,45.125,233586.919,11349372,110757108
1791011584.405,idle_before_MD_BayesMVP_chunking_500,56.250,46.375,44.750,45.250,45.250,45.875,52.625,45.000,45.875,46.000,44.500,45.000,56.375,233704.973,11349372,110757108
1791011585.407,idle_before_MD_BayesMVP_chunking_500,56.250,46.375,44.750,44.875,45.625,46.375,52.250,45.000,46.375,46.500,45.000,44.000,56.375,233824.003,11349372,110757108
1791011586.408,idle_before_MD_BayesMVP_chunking_500,56.375,46.875,44.750,45.750,45.625,47.000,52.625,44.500,46.375,47.000,44.500,44.000,56.375,233942.704,11349372,110757108
1791011587.409,idle_before_MD_BayesMVP_chunking_500,56.500,46.375,44.750,46.500,45.625,47.000,52.250,45.000,49.500,46.500,45.000,44.000,56.375,234064.002,11349372,110757108
1791011588.411,idle_before_MD_BayesMVP_chunking_500,56.625,46.375,44.250,45.375,46.000,45.375,52.625,54.250,45.875,48.000,44.500,43.500,47.250,234185.422,11349372,110757108
1791011589.412,idle_before_MD_BayesMVP_chunking_500,56.250,46.375,44.750,44.875,50.375,45.875,52.625,55.125,45.875,47.000,44.500,44.500,45.625,234304.244,11349372,110757108
1791011590.413,idle_before_MD_BayesMVP_chunking_500,56.000,46.875,44.750,45.250,45.625,45.875,52.625,55.125,45.875,46.500,45.000,44.500,46.875,234423.746,11349372,110757108
1791011591.414,idle_before_MD_BayesMVP_chunking_500,55.750,46.375,44.750,46.000,47.500,45.375,52.625,55.125,46.375,49.625,45.000,44.000,45.875,234542.998,11349373,110757108
1791011592.415,idle_before_MD_BayesMVP_chunking_500,55.500,46.375,44.750,45.250,45.250,45.875,52.250,55.125,45.500,46.500,45.000,44.500,46.750,234661.779,11349373,110757108
1791011593.417,idle_before_MD_BayesMVP_chunking_500,55.375,46.375,45.750,47.125,45.250,45.875,52.250,55.125,45.875,46.500,44.500,44.000,44.750,234782.229,11349373,110757108
1791011594.418,idle_before_MD_BayesMVP_chunking_500,55.500,46.375,44.250,47.375,45.625,45.875,52.625,55.625,45.875,46.500,45.000,44.000,45.125,234902.241,11349373,110757108
1791011595.419,idle_before_MD_BayesMVP_chunking_500,55.500,46.375,44.750,45.250,45.625,45.375,52.625,55.625,46.375,46.500,44.500,44.000,44.750,235021.634,11349373,110757108
1791011596.420,idle_before_MD_BayesMVP_chunking_500,55.500,46.375,53.375,44.875,45.125,45.375,52.625,55.125,45.875,46.500,45.000,43.500,47.750,235140.574,11349374,110757108
1791011597.421,idle_before_MD_BayesMVP_chunking_500,55.875,46.375,44.750,56.625,45.625,52.500,52.625,45.500,45.875,46.500,44.500,44.000,46.875,235262.415,11349374,110757108
1791011598.423,idle_before_MD_BayesMVP_chunking_500,55.750,46.875,44.750,45.250,45.625,45.875,52.625,45.500,46.375,56.750,45.000,44.000,48.250,235383.067,11349374,110757108
1791011599.424,idle_before_MD_BayesMVP_chunking_500,56.250,46.375,56.125,44.875,45.625,45.375,52.625,44.500,45.875,46.500,45.000,43.500,46.000,235501.047,11349374,110757108
1791011600.425,idle_before_MD_BayesMVP_chunking_500,56.125,46.875,56.500,45.750,45.625,45.375,52.625,45.500,46.375,49.500,44.500,45.875,45.125,235626.682,11349374,110757108
1791011601.426,idle_before_MD_BayesMVP_chunking_500,56.375,46.500,56.500,45.250,45.625,45.375,52.625,45.000,45.875,46.500,45.000,44.000,45.625,235750.797,11349375,110757108
1791011602.427,idle_before_MD_BayesMVP_chunking_500,56.500,46.375,56.500,48.500,45.125,45.875,52.250,45.875,45.875,46.000,45.000,46.375,44.750,235870.962,11349375,110757108
1791011603.429,idle_before_MD_BayesMVP_chunking_500,56.500,46.375,56.500,46.875,45.125,45.375,52.625,45.500,45.875,46.500,45.000,44.000,44.750,235990.240,11349375,110757108
1791011604.436,MD_BayesMVP_chunking_500,56.625,48.000,56.500,47.750,45.125,45.375,52.625,49.125,45.875,56.625,44.500,44.000,45.125,236116.251,11349375,110757108
1791011605.437,MD_BayesMVP_chunking_500,56.625,46.875,56.500,47.125,45.625,45.875,52.625,45.000,46.375,57.125,44.500,44.000,45.125,236240.474,11349375,110757108
1791011606.438,MD_BayesMVP_chunking_500,56.625,46.875,56.500,44.875,46.500,45.875,52.250,45.375,46.375,57.125,45.000,43.500,44.750,236363.840,11349375,110757108
1791011607.439,MD_BayesMVP_chunking_500,56.750,46.875,56.500,44.875,49.250,46.375,52.625,44.500,46.375,56.625,44.500,44.000,45.625,236490.949,11349376,110757108
1791011608.441,MD_BayesMVP_chunking_500,56.750,46.875,56.500,44.875,46.000,46.375,52.625,45.000,46.375,56.625,45.000,44.000,45.625,236614.802,11349376,110757108
1791011609.442,MD_BayesMVP_chunking_500,56.750,46.875,56.500,45.250,45.750,45.875,52.625,45.500,45.875,47.000,45.000,44.000,49.875,236741.079,11349376,110757108
1791011610.443,MD_BayesMVP_chunking_500,56.625,46.875,46.250,44.875,45.625,45.875,52.625,45.000,46.375,56.750,45.000,44.000,52.625,236864.343,11349377,110757108
1791011611.444,MD_BayesMVP_chunking_500,56.875,46.375,44.750,45.250,45.625,48.250,52.250,45.000,46.375,56.750,46.625,44.250,45.625,236986.994,11349377,110757108
1791011612.445,MD_BayesMVP_chunking_500,57.000,46.375,44.750,45.250,45.625,45.875,53.125,46.500,45.875,57.250,46.250,44.500,45.125,237110.702,11349377,110757108
1791011613.446,MD_BayesMVP_chunking_500,57.000,46.375,45.625,45.250,45.625,45.375,52.625,46.500,48.125,56.750,45.000,46.375,46.250,237232.927,11349377,110757108
1791011614.448,MD_BayesMVP_chunking_500,57.000,54.000,52.625,53.000,54.875,56.750,52.125,54.125,55.625,55.125,52.500,52.125,55.500,237453.284,11349377,110757108
1791011615.449,MD_BayesMVP_chunking_500,57.750,49.750,44.750,45.250,46.000,46.750,52.625,45.875,51.250,57.750,45.500,44.500,46.000,237617.986,11349377,110757108
1791011616.451,MD_BayesMVP_chunking_500,57.750,47.250,44.750,45.250,46.000,46.375,52.250,48.000,46.750,57.250,45.500,44.500,46.000,237741.371,11349377,110757108
1791011617.452,MD_BayesMVP_chunking_500,57.750,46.875,45.125,45.250,45.625,45.875,52.625,48.000,46.375,57.750,45.500,44.500,45.625,237864.520,11349377,110757108
1791011618.453,MD_BayesMVP_chunking_500,57.625,46.875,49.250,44.875,46.000,46.375,52.625,48.000,48.250,57.250,45.000,44.500,46.000,237988.594,11349378,110757108
1791011619.454,MD_BayesMVP_chunking_500,57.625,53.000,50.750,52.625,52.625,55.750,51.250,52.250,54.000,54.375,52.125,50.500,52.750,238147.859,11349378,110757108
1791011620.455,MD_BayesMVP_chunking_500,57.750,55.375,53.500,55.000,56.750,58.125,53.750,55.000,57.000,57.125,54.000,53.500,57.250,238517.121,11349378,110757108
1791011621.457,MD_BayesMVP_chunking_500,58.375,55.875,54.625,55.375,57.125,58.500,55.625,55.875,57.125,57.625,54.875,54.125,57.750,238886.705,11349378,110757108
1791011622.459,MD_BayesMVP_chunking_500,58.875,55.750,54.625,56.375,58.125,58.125,55.625,56.375,58.000,58.000,55.500,54.250,58.625,239256.294,11349378,110757108
1791011623.461,MD_BayesMVP_chunking_500,59.625,56.750,55.375,55.875,57.625,60.375,56.500,56.750,58.000,59.000,56.375,55.250,59.125,239625.888,11349381,110757108
1791011624.462,MD_BayesMVP_chunking_500,60.000,56.125,55.875,56.875,58.125,60.875,57.000,57.250,58.750,59.000,55.875,55.250,59.125,239995.098,11349381,110757108
1791011625.464,MD_BayesMVP_chunking_500,60.375,56.750,55.875,56.875,57.625,60.875,57.000,57.250,59.250,59.000,56.500,56.000,59.500,240364.689,11349381,110757108
1791011626.466,MD_BayesMVP_chunking_500,60.625,57.625,56.375,57.250,59.500,60.875,57.000,57.750,59.625,59.500,56.750,56.000,58.875,240734.278,11349381,110757108
1791011627.467,MD_BayesMVP_chunking_500,61.125,58.125,56.000,57.250,59.500,61.375,57.875,57.250,59.625,59.875,57.250,56.125,60.500,241103.505,11349381,110757108
1791011628.469,MD_BayesMVP_chunking_500,61.500,58.125,56.375,57.750,58.500,61.750,57.875,58.125,59.750,59.875,57.250,56.625,59.375,241473.090,11349381,110757108
1791011629.471,MD_BayesMVP_chunking_500,61.750,58.125,56.375,57.250,59.500,62.250,57.875,58.625,59.750,60.125,57.375,56.625,60.500,241842.677,11349381,110757108
1791011630.472,MD_BayesMVP_chunking_500,62.000,58.625,57.250,58.250,59.875,62.250,58.375,58.625,60.125,60.375,57.625,57.250,60.500,242211.899,11349381,110757108
1791011631.474,MD_BayesMVP_chunking_500,62.375,59.125,57.375,58.250,60.375,62.750,58.375,58.125,60.500,61.250,58.125,57.375,60.875,242581.505,11349381,110757108
1791011632.476,MD_BayesMVP_chunking_500,62.625,59.500,57.750,58.250,60.750,63.250,58.375,59.125,61.000,61.250,57.750,57.250,61.375,242951.073,11349381,110757108
1791011633.477,MD_BayesMVP_chunking_500,62.625,59.500,57.750,58.750,60.750,62.750,58.750,58.625,61.000,61.750,58.125,57.375,61.375,243320.301,11349381,110757108
1791011634.478,MD_BayesMVP_chunking_500,62.875,59.125,57.375,58.750,61.250,63.250,59.250,59.125,61.500,61.250,58.125,57.500,62.250,243689.528,11349381,110757108
1791011635.480,MD_BayesMVP_chunking_500,63.125,59.500,57.375,59.125,60.750,63.625,58.750,59.125,61.125,61.750,58.500,58.000,62.250,244059.118,11349381,110757108
1791011636.482,MD_BayesMVP_chunking_500,63.375,59.500,58.625,59.125,60.875,63.625,57.875,58.625,61.250,61.500,58.625,58.000,62.250,244428.337,11349381,110757108
1791011637.484,MD_BayesMVP_chunking_500,63.625,60.000,58.250,59.125,61.375,64.125,58.375,60.375,61.875,61.875,59.125,58.250,62.250,244797.933,11349381,110757108
1791011638.486,MD_BayesMVP_chunking_500,63.875,60.000,58.250,59.625,61.750,64.125,58.375,60.375,62.375,62.375,59.125,58.250,62.750,245167.523,11349381,110757108
1791011639.487,MD_BayesMVP_chunking_500,64.000,60.500,58.250,59.625,61.750,62.750,59.250,60.000,62.375,62.750,59.125,58.625,62.750,245536.742,11349381,110757108
1791011640.489,MD_BayesMVP_chunking_500,63.875,60.500,59.125,59.125,62.125,63.625,58.625,60.375,62.375,62.750,59.125,58.500,63.125,245906.327,11349381,110757108
1791011641.490,MD_BayesMVP_chunking_500,64.375,60.875,59.125,59.625,62.125,64.625,59.125,60.000,62.500,62.875,59.000,59.125,63.125,246275.920,11349381,110757108
1791011642.492,MD_BayesMVP_chunking_500,64.625,60.875,59.125,60.125,62.625,64.625,58.625,60.875,62.500,62.375,59.125,59.000,63.125,246645.149,11349381,110757108
1791011643.494,MD_BayesMVP_chunking_500,64.750,61.375,59.500,59.125,62.125,65.000,58.750,60.375,62.875,63.125,60.000,59.125,63.625,247014.739,11349381,110757108
1791011644.495,MD_BayesMVP_chunking_500,64.750,61.875,59.125,59.125,62.625,64.625,59.250,60.875,63.750,63.125,60.000,59.125,63.625,247383.955,11349381,110757108
1791011645.497,MD_BayesMVP_chunking_500,64.750,61.875,59.500,59.625,62.750,64.125,59.250,60.875,63.375,63.125,59.500,59.375,63.625,247753.548,11349381,110757108
1791011646.498,MD_BayesMVP_chunking_500,64.750,60.875,60.000,61.125,63.125,65.000,60.625,60.875,63.375,63.625,60.000,59.625,64.125,248122.768,11349381,110757108
1791011647.500,MD_BayesMVP_chunking_500,65.125,61.000,59.625,60.625,63.125,65.500,60.625,61.375,63.750,63.625,60.000,59.625,64.125,248492.358,11349381,110757108
1791011648.501,MD_BayesMVP_chunking_500,65.375,61.500,60.500,61.125,63.625,65.500,59.625,60.875,63.750,64.125,59.500,59.375,64.125,248861.580,11349381,110757108
1791011649.503,MD_BayesMVP_chunking_500,65.625,62.375,60.500,60.625,63.500,66.000,59.625,60.875,64.250,64.125,60.375,59.875,64.125,249231.172,11349381,110757108
1791011650.505,MD_BayesMVP_chunking_500,66.000,61.500,60.875,61.500,64.000,66.375,60.000,61.750,64.625,64.625,60.375,60.625,64.500,249600.738,11349381,110757108
1791011651.506,MD_BayesMVP_chunking_500,66.375,62.250,60.875,62.000,64.000,66.875,60.125,61.750,65.125,65.000,61.000,60.125,65.000,249969.942,11349381,110757108
1791011652.508,MD_BayesMVP_chunking_500,66.625,62.000,60.875,61.500,64.375,66.875,60.000,62.250,64.750,64.625,60.500,60.375,64.500,250339.547,11349381,110757108
1791011653.510,MD_BayesMVP_chunking_500,66.750,62.375,61.000,62.500,64.375,66.875,60.625,62.250,64.750,65.000,60.750,60.375,64.375,250709.123,11349381,110757108
1791011654.512,MD_BayesMVP_chunking_500,67.000,63.250,61.375,62.000,64.000,67.375,60.625,62.250,64.750,65.000,60.875,60.375,65.000,251078.720,11349381,110757108
1791011655.514,MD_BayesMVP_chunking_500,67.000,63.250,60.875,62.000,65.375,66.875,61.000,62.250,65.500,65.000,61.375,60.875,65.375,251448.313,11349381,110757108
1791011656.516,MD_BayesMVP_chunking_500,67.125,62.375,61.375,62.000,64.875,66.875,60.625,62.750,65.500,65.000,60.875,61.000,65.875,251817.899,11349381,110757108
1791011657.518,MD_BayesMVP_chunking_500,67.250,62.875,61.375,62.000,64.875,67.375,61.000,62.250,65.625,65.500,61.375,61.000,65.875,252187.511,11349381,110757108
1791011658.519,MD_BayesMVP_chunking_500,67.375,63.250,61.875,62.500,65.375,67.875,61.000,62.750,66.000,66.000,61.750,60.875,65.875,252556.723,11349381,110757108
1791011659.521,MD_BayesMVP_chunking_500,67.625,63.625,61.875,62.500,65.750,67.875,61.500,62.750,66.000,66.000,61.750,61.375,66.375,252926.272,11349381,110757108
1791011660.522,MD_BayesMVP_chunking_500,67.750,64.625,62.875,63.875,64.875,67.375,60.875,61.875,66.500,66.875,62.125,62.625,65.625,253295.394,11349381,110757108
1791011661.523,MD_BayesMVP_chunking_500,69.625,65.000,63.375,53.875,59.875,57.125,63.750,54.500,57.500,70.000,55.250,54.750,58.125,253626.427,11349382,110757108
1791011662.524,MD_BayesMVP_chunking_500,69.500,63.625,51.750,52.375,54.625,67.250,61.875,52.250,58.875,56.625,52.500,52.000,54.500,253752.213,11349382,110757108
1791011663.526,MD_BayesMVP_chunking_500,69.000,63.625,51.250,63.500,54.000,54.250,61.000,51.875,57.500,58.125,51.500,51.000,53.625,253878.303,11349382,110757108
1791011664.527,MD_BayesMVP_chunking_500,68.250,54.250,51.250,63.875,53.750,53.750,60.500,51.375,57.500,55.000,51.500,52.375,53.250,254000.955,11349382,110757108
1791011665.528,MD_BayesMVP_chunking_500,67.500,57.375,51.250,63.875,53.750,53.750,60.000,51.375,57.125,54.500,52.625,50.500,53.250,254128.013,11349382,110757108
1791011666.529,MD_BayesMVP_chunking_500,66.750,53.875,51.250,63.000,53.000,53.750,60.000,51.875,57.500,54.500,51.000,50.125,52.750,254252.874,11349383,110757108
1791011667.530,MD_BayesMVP_chunking_500,66.125,53.375,50.750,63.000,52.750,52.875,60.000,50.875,56.625,57.250,51.375,50.125,53.250,254376.314,11349383,110757108
1791011668.531,MD_BayesMVP_chunking_500,65.500,53.375,50.750,62.500,52.750,53.625,59.625,50.875,58.000,56.250,50.625,49.625,52.750,254501.722,11349383,110757108
1791011669.532,MD_BayesMVP_chunking_500,65.000,53.375,50.375,63.000,55.000,52.875,59.625,50.500,55.750,54.125,50.625,49.625,52.750,254631.067,11349383,110757108
1791011670.533,MD_BayesMVP_chunking_500,64.375,52.875,49.875,62.500,52.375,52.875,59.625,50.500,56.250,53.625,52.250,49.125,52.250,254754.460,11349383,110757108
1791011671.534,MD_BayesMVP_chunking_500,63.875,52.875,49.875,62.000,52.375,52.375,59.625,50.500,55.750,53.125,52.250,49.125,51.875,254876.823,11349383,110757108
1791011672.537,MD_BayesMVP_chunking_500,63.625,60.500,58.625,59.125,62.125,64.125,57.750,59.500,61.875,61.250,57.250,57.250,60.625,255100.214,11349383,110757108
1791011673.538,MD_BayesMVP_chunking_500,64.375,61.875,59.500,60.125,63.125,65.000,58.625,60.375,63.750,63.125,59.125,58.500,62.500,255469.441,11349383,110757108
1791011674.540,MD_BayesMVP_chunking_500,65.250,62.375,59.625,61.125,63.500,66.000,59.500,60.000,64.125,64.125,59.875,59.125,63.875,255839.038,11349383,110757108
1791011675.541,MD_BayesMVP_chunking_500,65.750,62.750,60.500,61.500,64.375,66.875,60.500,60.875,64.625,64.625,59.500,59.375,63.875,256208.202,11349383,110757108
1791011676.543,MD_BayesMVP_chunking_500,66.375,63.250,60.500,61.500,64.375,66.875,60.500,61.375,64.625,65.000,60.750,60.375,65.000,256577.815,11349383,110757108
1791011677.545,MD_BayesMVP_chunking_500,66.750,63.750,60.875,61.500,64.875,66.375,61.875,62.250,65.125,65.000,60.875,60.375,65.125,256947.013,11349383,110757108
1791011678.546,MD_BayesMVP_chunking_500,67.000,63.250,61.500,62.000,65.375,66.375,61.875,62.250,65.500,65.000,61.000,60.625,65.375,257316.596,11349383,110757108
1791011679.548,MD_BayesMVP_chunking_500,67.125,63.750,61.375,62.500,65.375,67.375,61.875,62.250,65.625,65.000,61.375,60.875,65.625,257686.197,11349383,110757108
1791011680.550,MD_BayesMVP_chunking_500,67.500,64.125,61.500,62.000,65.375,67.375,61.000,62.750,66.000,66.000,61.625,61.250,65.875,258055.787,11349383,110757108
1791011681.552,MD_BayesMVP_chunking_500,67.750,63.750,60.875,62.000,65.375,67.875,61.000,62.250,66.000,65.500,61.625,60.875,65.125,258425.371,11349383,110757108
1791011682.554,MD_BayesMVP_chunking_500,68.000,62.875,60.875,62.500,66.250,68.250,61.500,63.125,66.375,66.000,61.750,61.375,65.625,258794.592,11349383,110757108
1791011683.555,MD_BayesMVP_chunking_500,68.125,64.125,61.375,62.500,65.750,68.250,61.875,63.125,66.500,66.000,61.625,61.500,66.000,259163.817,11349383,110757108
1791011684.557,MD_BayesMVP_chunking_500,68.250,63.750,61.000,62.000,65.750,68.250,61.875,63.125,66.000,66.375,61.875,61.750,65.875,259533.407,11349383,110757108
1791011685.558,MD_BayesMVP_chunking_500,68.375,64.625,62.375,63.000,66.250,68.250,61.875,62.750,66.000,66.375,62.125,61.750,66.000,259903.009,11349383,110757108
1791011686.560,MD_BayesMVP_chunking_500,68.375,63.750,61.875,63.000,65.750,66.000,62.250,63.625,66.000,66.375,62.250,61.750,66.000,260272.580,11349383,110757108
1791011687.562,MD_BayesMVP_chunking_500,68.250,63.125,61.875,63.000,65.375,66.375,62.250,63.625,66.875,66.375,61.875,61.750,66.500,260641.797,11349383,110757108
1791011688.564,MD_BayesMVP_chunking_500,68.375,64.125,62.250,62.000,66.250,69.250,61.875,63.625,66.875,66.875,62.125,62.000,66.125,261011.401,11349383,110757108
1791011689.566,MD_BayesMVP_chunking_500,68.625,65.125,61.875,63.000,66.250,68.750,62.250,63.625,67.375,66.875,61.750,62.000,66.500,261381.345,11349383,110757108
1791011690.575,MD_BayesMVP_chunking_500,68.750,64.625,62.250,63.875,66.250,68.250,62.250,63.625,67.000,66.875,62.500,61.875,66.375,261753.176,11349383,110757108
1791011691.576,MD_BayesMVP_chunking_500,69.000,65.125,61.875,63.375,66.250,68.750,62.250,64.000,67.375,66.375,62.375,62.000,67.000,262122.384,11349383,110757108
1791011692.578,MD_BayesMVP_chunking_500,69.000,65.625,62.375,63.375,66.750,69.250,62.375,64.000,67.375,66.875,62.500,62.250,67.000,262491.996,11349383,110757108
1791011693.580,MD_BayesMVP_chunking_500,69.125,65.125,62.375,63.875,66.750,69.250,62.375,64.000,67.375,66.875,62.625,62.375,67.000,262861.570,11349383,110757108
1791011694.582,MD_BayesMVP_chunking_500,69.125,65.125,62.375,63.875,66.750,69.250,62.375,63.625,67.375,66.875,63.000,62.375,67.000,263231.525,11349384,110757108
1791011695.584,MD_BayesMVP_chunking_500,69.250,65.625,62.875,63.375,66.750,70.125,62.875,63.625,67.875,67.375,63.000,62.375,67.000,263600.758,11349384,110757108
1791011696.586,MD_BayesMVP_chunking_500,69.375,65.625,62.875,63.375,66.750,69.250,63.125,64.000,67.875,66.875,62.750,62.375,66.625,263970.341,11349384,110757108
1791011697.588,MD_BayesMVP_chunking_500,69.500,65.625,62.750,63.875,66.750,69.625,62.750,64.500,67.750,67.375,62.750,62.375,67.375,264339.918,11349384,110757108
1791011698.589,MD_BayesMVP_chunking_500,69.500,65.625,61.875,63.875,67.125,68.750,62.375,64.500,67.750,67.875,62.500,62.625,67.500,264709.133,11349384,110757108
1791011699.590,MD_BayesMVP_chunking_500,69.500,66.000,62.500,63.875,67.625,69.625,63.250,64.000,67.750,67.875,63.500,62.625,67.375,265078.389,11349384,110757108
1791011700.591,MD_BayesMVP_chunking_500,69.500,65.125,62.375,64.375,67.125,69.250,63.750,64.500,67.750,67.375,63.500,62.750,67.375,265447.617,11349385,110757108
1791011701.593,MD_BayesMVP_chunking_500,69.625,66.000,62.500,63.875,67.625,69.625,64.125,64.500,67.750,67.875,63.125,62.875,67.500,265817.193,11349385,110757108
1791011702.594,MD_BayesMVP_chunking_500,69.750,66.000,63.250,63.875,67.125,70.125,64.125,64.500,67.875,67.875,63.250,62.875,67.750,266186.419,11349385,110757108
1791011703.596,MD_BayesMVP_chunking_500,69.750,66.000,63.000,64.375,67.125,69.625,63.750,64.500,68.250,67.875,63.250,62.875,67.875,266556.008,11349385,110757108
1791011704.598,MD_BayesMVP_chunking_500,69.875,66.500,63.250,64.375,67.625,70.125,63.750,64.500,66.500,68.250,63.125,62.875,67.875,266925.594,11349385,110757108
1791011705.600,MD_BayesMVP_chunking_500,70.125,66.500,63.625,64.375,67.625,70.125,62.875,64.500,67.875,68.250,63.500,62.875,67.750,267295.176,11349385,110757108
1791011706.601,MD_BayesMVP_chunking_500,70.125,66.000,63.250,64.375,67.625,70.125,62.750,64.500,67.875,68.250,63.500,63.250,68.125,267664.410,11349387,110757108
1791011707.603,MD_BayesMVP_chunking_500,70.250,66.500,63.625,64.375,67.875,70.125,63.125,64.500,67.875,68.750,63.500,62.875,68.125,268034.007,11349387,110757108
1791011708.605,MD_BayesMVP_chunking_500,70.375,66.000,63.625,64.875,68.500,70.125,63.625,65.000,68.625,68.750,63.375,63.125,68.250,268403.589,11349389,110757108
1791011709.607,MD_BayesMVP_chunking_500,70.500,66.500,62.125,64.875,68.000,70.625,63.250,65.000,68.625,68.250,63.500,63.375,68.625,268773.167,11349389,110757108
1791011710.609,MD_BayesMVP_chunking_500,70.625,66.500,63.250,64.375,68.000,70.625,63.250,65.000,68.625,67.875,63.500,63.375,68.375,269142.772,11349389,110757108
1791011711.611,MD_BayesMVP_chunking_500,70.625,66.500,64.125,63.375,68.500,70.625,64.125,65.000,68.625,68.250,63.125,63.375,68.625,269512.324,11349389,110757108
1791011712.612,MD_BayesMVP_chunking_500,70.875,67.375,63.375,65.750,68.500,71.500,64.125,65.375,69.125,69.250,64.000,63.750,69.250,269881.546,11349389,110757108
1791011713.614,MD_BayesMVP_chunking_500,71.750,67.875,66.250,69.125,69.875,72.500,63.625,70.000,70.500,72.000,63.000,67.875,71.375,270250.419,11349389,110757108
1791011714.615,MD_BayesMVP_chunking_500,72.625,61.250,59.125,67.375,65.500,58.000,66.375,55.500,67.875,58.500,60.750,54.750,58.125,270460.777,11349390,110757108
1791011715.616,MD_BayesMVP_chunking_500,72.125,57.125,54.125,65.875,58.125,59.375,64.125,54.125,66.500,57.625,53.875,53.375,56.750,270588.231,11349390,110757108
1791011716.617,MD_BayesMVP_chunking_500,71.375,61.000,53.625,65.875,56.250,56.125,63.625,54.125,60.250,57.250,53.375,56.250,56.250,270713.888,11349390,110757108
1791011717.619,MD_BayesMVP_chunking_500,70.625,56.625,53.125,65.875,56.000,56.125,63.125,54.125,60.500,56.750,52.500,52.375,56.250,270840.590,11349390,110757108
1791011718.620,MD_BayesMVP_chunking_500,69.875,56.625,53.125,65.375,56.000,56.125,63.125,53.625,60.625,60.375,52.875,52.000,55.875,270964.742,11349390,110757108
1791011719.621,MD_BayesMVP_chunking_500,69.125,56.125,52.625,64.875,61.375,55.625,62.750,52.750,55.750,55.875,52.500,52.875,55.375,271088.569,11349390,110757108
1791011720.622,MD_BayesMVP_chunking_500,68.500,56.125,54.125,64.875,61.375,55.250,62.750,53.125,55.750,56.250,52.500,54.750,54.500,271212.258,11349390,110757108
1791011721.623,MD_BayesMVP_chunking_500,67.875,59.625,52.625,64.375,55.000,55.625,62.750,53.125,55.750,55.875,52.000,54.250,54.500,271337.930,11349391,110757108
1791011722.624,MD_BayesMVP_chunking_500,67.250,58.750,52.625,64.875,54.625,55.125,61.875,52.250,54.875,56.250,52.000,52.625,54.500,271460.102,11349391,110757108
1791011723.626,MD_BayesMVP_chunking_500,66.750,59.125,52.625,64.375,55.000,55.125,61.875,53.750,54.875,55.875,51.500,52.000,54.125,271585.801,11349391,110757108
1791011724.627,MD_BayesMVP_chunking_500,66.625,64.125,61.375,62.000,64.875,66.875,60.875,61.750,64.750,64.625,60.250,60.125,64.500,271901.644,11349391,110757108
1791011725.628,MD_BayesMVP_chunking_500,67.250,64.125,60.250,63.000,66.250,66.000,61.875,62.250,66.000,65.500,60.750,60.875,65.375,272270.811,11349391,110757108
1791011726.629,MD_BayesMVP_chunking_500,67.750,63.750,62.250,62.500,66.250,68.750,61.875,63.625,65.625,66.000,61.625,61.375,66.000,272640.077,11349391,110757108
1791011727.633,MD_BayesMVP_chunking_500,68.250,65.125,61.875,63.000,66.250,68.750,61.875,63.125,66.500,66.375,61.250,61.375,66.375,273010.422,11349391,110757108
1791011728.634,MD_BayesMVP_chunking_500,68.750,65.625,62.750,63.375,66.750,69.250,62.750,63.625,66.500,67.375,61.750,62.250,66.500,273379.578,11349391,110757108
1791011729.636,MD_BayesMVP_chunking_500,69.125,65.625,62.875,63.875,66.750,70.125,62.750,64.000,66.875,66.875,62.375,62.375,67.500,273749.181,11349391,110757108
1791011730.638,MD_BayesMVP_chunking_500,69.375,66.000,62.750,63.875,67.625,69.625,62.750,64.500,67.750,67.375,62.625,62.375,67.250,274118.769,11349391,110757108
1791011731.640,MD_BayesMVP_chunking_500,69.500,66.500,62.875,64.375,67.125,69.625,62.875,64.000,67.375,66.375,62.625,62.375,67.375,274488.347,11349392,110757108
1791011732.642,MD_BayesMVP_chunking_500,69.625,66.500,63.250,63.875,67.625,69.250,63.625,63.625,67.000,66.750,62.750,62.750,67.750,274857.941,11349392,110757108
1791011733.644,MD_BayesMVP_chunking_500,69.625,66.500,63.625,64.375,67.125,69.625,63.125,64.500,67.375,67.375,62.625,62.875,67.750,275227.163,11349392,110757108
1791011734.646,MD_BayesMVP_chunking_500,69.750,66.000,63.250,64.375,67.625,70.125,63.125,65.000,67.750,67.250,62.125,62.875,67.750,275597.134,11349392,110757108
1791011735.648,MD_BayesMVP_chunking_500,69.875,66.500,63.625,63.875,67.625,70.125,63.625,65.000,68.250,67.875,63.000,63.125,67.875,275966.348,11349392,110757108
1791011736.649,MD_BayesMVP_chunking_500,70.000,66.500,63.625,64.375,67.625,69.625,63.625,64.500,68.250,67.875,63.000,62.875,67.875,276335.588,11349392,110757108
1791011737.650,MD_BayesMVP_chunking_500,70.125,66.500,63.250,64.375,67.625,70.125,63.750,65.000,68.250,68.250,63.250,63.125,68.125,276704.800,11349392,110757108
1791011738.652,MD_BayesMVP_chunking_500,70.125,66.000,63.625,64.375,68.000,70.125,63.250,65.000,68.250,67.375,63.500,63.375,68.125,277074.375,11349392,110757108
1791011739.653,MD_BayesMVP_chunking_500,70.250,66.500,63.625,64.875,68.000,70.125,63.250,65.000,68.250,68.250,63.500,63.125,67.875,277443.626,11349392,110757108
1791011740.655,MD_BayesMVP_chunking_500,70.375,66.500,63.250,64.375,68.000,70.625,63.250,65.000,68.250,67.375,63.500,63.375,68.125,277813.205,11349392,110757108
1791011741.657,MD_BayesMVP_chunking_500,70.500,67.000,63.250,64.875,68.500,71.125,62.875,65.000,68.250,68.750,63.500,63.625,68.250,278182.806,11349392,110757108
1791011742.659,MD_BayesMVP_chunking_500,70.500,66.000,63.375,64.375,68.500,71.125,63.250,65.000,68.250,68.250,63.500,63.375,68.125,278552.360,11349392,110757108
1791011743.660,MD_BayesMVP_chunking_500,70.625,67.000,63.625,64.375,68.500,70.625,63.750,65.000,68.250,68.250,63.000,63.750,68.625,278921.591,11349392,110757108
1791011744.662,MD_BayesMVP_chunking_500,70.625,66.500,64.125,65.375,68.000,70.625,63.750,65.375,68.250,68.250,63.500,63.750,68.375,279291.193,11349392,110757108
1791011745.666,MD_BayesMVP_chunking_500,70.750,67.000,63.625,64.375,68.500,70.625,63.750,65.000,68.250,68.750,63.875,63.750,68.625,279661.537,11349392,110757108
1791011746.667,MD_BayesMVP_chunking_500,70.750,67.000,64.250,64.375,69.000,71.125,63.250,65.375,68.625,68.250,63.875,63.625,68.750,280030.757,11349392,110757108
1791011747.669,MD_BayesMVP_chunking_500,70.875,67.000,63.750,65.375,68.500,70.625,63.750,65.000,68.750,68.750,64.250,63.750,68.750,280400.322,11349392,110757108
1791011748.671,MD_BayesMVP_chunking_500,71.000,67.375,64.250,64.875,68.500,70.125,63.750,65.375,68.625,68.750,63.875,63.750,68.375,280769.930,11349392,110757108
1791011749.673,MD_BayesMVP_chunking_500,71.000,67.000,64.250,64.875,68.500,71.125,63.750,65.000,68.625,68.750,63.875,63.750,68.250,281139.536,11349392,110757108
1791011750.676,MD_BayesMVP_chunking_500,71.125,67.000,64.250,65.375,68.500,71.125,64.125,65.000,68.625,69.250,64.375,63.750,67.875,281509.493,11349392,110757108
1791011751.678,MD_BayesMVP_chunking_500,71.250,67.375,64.625,64.875,69.000,71.500,63.750,65.375,68.625,69.250,64.375,63.750,68.750,281879.075,11349392,110757108
1791011752.680,MD_BayesMVP_chunking_500,71.250,67.875,64.625,65.375,69.000,71.125,64.500,65.375,68.625,69.250,63.875,64.125,69.250,282248.664,11349392,110757108
1791011753.682,MD_BayesMVP_chunking_500,71.375,67.375,64.625,65.375,69.375,71.125,64.500,65.375,69.125,69.250,64.000,63.750,69.250,282618.256,11349392,110757108
1791011754.683,MD_BayesMVP_chunking_500,71.375,67.875,64.625,65.750,69.375,71.500,64.500,65.375,69.125,69.250,64.375,64.125,69.250,282987.478,11349392,110757108
1791011755.684,MD_BayesMVP_chunking_500,71.500,67.375,64.250,65.750,69.375,71.500,64.625,65.375,69.125,68.625,63.750,63.625,69.000,283356.708,11349392,110757108
1791011756.686,MD_BayesMVP_chunking_500,71.625,67.000,65.000,65.750,69.000,70.125,64.500,65.875,69.125,69.750,64.375,63.625,69.250,283726.294,11349392,110757108
1791011757.687,MD_BayesMVP_chunking_500,71.375,67.375,64.625,65.750,69.000,71.500,64.500,65.375,69.125,69.125,64.375,64.250,69.500,284095.520,11349392,110757108
1791011758.689,MD_BayesMVP_chunking_500,71.500,67.000,65.000,65.750,68.750,72.000,65.000,65.875,69.625,69.125,64.250,64.250,69.250,284465.109,11349392,110757108
1791011759.692,MD_BayesMVP_chunking_500,71.750,67.000,64.625,65.750,69.000,71.500,65.000,65.875,69.125,69.125,63.875,64.125,69.500,284835.041,11349392,110757108
1791011760.695,MD_BayesMVP_chunking_500,71.875,67.000,64.625,65.750,69.375,72.000,65.375,65.375,69.625,69.125,64.375,63.750,69.625,285205.015,11349393,110757108
1791011761.696,MD_BayesMVP_chunking_500,71.875,67.875,64.625,66.250,69.375,72.000,65.375,65.875,69.625,69.750,64.375,64.125,69.500,285574.243,11349393,110757108
1791011762.697,MD_BayesMVP_chunking_500,72.000,67.875,64.625,65.750,69.375,72.500,64.625,65.000,69.625,69.000,64.625,64.500,69.250,285943.459,11349393,110757108
1791011763.699,MD_BayesMVP_chunking_500,72.250,68.375,65.625,65.750,69.250,72.875,64.625,66.750,69.625,69.250,64.625,64.500,69.625,286313.021,11349393,110757108
1791011764.701,MD_BayesMVP_chunking_500,72.750,68.875,66.500,66.750,70.125,73.375,65.500,66.375,70.500,69.500,65.250,64.625,70.500,286682.518,11349393,110757108
1791011765.702,MD_BayesMVP_chunking_500,74.125,60.375,76.125,68.875,70.875,60.750,69.000,58.125,77.750,61.625,67.500,57.500,63.000,287036.201,11349393,110757108
1791011766.703,MD_BayesMVP_chunking_500,73.375,58.500,67.875,59.250,58.250,58.500,63.750,55.500,59.375,59.375,55.250,61.250,58.500,287174.135,11349393,110757108
1791011767.705,MD_BayesMVP_chunking_500,72.500,58.000,67.500,58.750,57.750,58.000,63.250,55.000,58.000,60.125,54.750,54.750,57.625,287302.260,11349393,110757108
1791011768.706,MD_BayesMVP_chunking_500,71.750,58.000,67.000,58.250,56.875,57.500,62.375,54.500,57.500,61.875,53.875,53.875,56.750,287428.372,11349393,110757108
1791011769.707,MD_BayesMVP_chunking_500,71.000,57.500,66.125,59.250,56.875,57.500,62.375,57.750,57.500,61.375,53.375,53.375,57.250,287554.295,11349394,110757108
1791011770.709,MD_BayesMVP_chunking_500,70.250,57.500,54.125,65.875,56.375,57.000,61.875,54.125,57.125,58.500,53.875,63.625,56.250,287684.228,11349394,110757108
1791011771.710,MD_BayesMVP_chunking_500,69.625,57.125,53.625,54.375,59.500,57.000,62.375,58.500,57.125,57.250,55.500,63.625,59.125,287809.723,11349394,110757108
1791011772.711,MD_BayesMVP_chunking_500,69.000,58.125,54.125,65.875,56.250,56.625,61.875,54.125,56.625,57.250,53.875,52.375,59.125,287934.083,11349394,110757108
1791011773.712,MD_BayesMVP_chunking_500,68.500,57.125,65.125,53.375,59.500,56.125,61.875,54.625,56.625,57.250,53.375,52.375,59.500,288057.946,11349394,110757108
1791011774.714,MD_BayesMVP_chunking_500,67.875,56.625,66.125,53.375,56.000,56.125,61.375,53.125,61.250,56.750,54.750,52.000,60.000,288184.199,11349394,110757108
1791011775.715,MD_BayesMVP_chunking_500,67.625,64.625,62.250,63.000,66.250,66.875,61.375,62.750,66.000,66.000,61.250,60.875,65.875,288494.239,11349394,110757108
1791011776.717,MD_BayesMVP_chunking_500,68.375,65.625,62.375,63.375,67.125,69.250,61.875,63.625,66.875,66.875,61.625,61.875,66.750,288863.829,11349394,110757108
1791011777.719,MD_BayesMVP_chunking_500,69.000,66.000,63.250,63.375,67.625,67.750,62.375,64.000,67.375,67.375,62.375,62.000,67.250,289233.421,11349394,110757108
1791011778.721,MD_BayesMVP_chunking_500,69.500,66.500,63.250,64.375,67.625,70.125,62.875,64.000,68.250,67.875,63.000,62.625,67.375,289602.962,11349394,110757108
1791011779.723,MD_BayesMVP_chunking_500,69.875,65.125,62.750,63.875,67.625,70.125,62.375,64.000,68.250,67.875,62.500,62.375,67.375,289972.590,11349394,110757108
1791011780.725,MD_BayesMVP_chunking_500,70.250,66.000,63.625,64.375,68.000,70.625,63.250,65.000,68.750,68.750,63.125,63.125,68.125,290342.165,11349394,110757108
1791011781.727,MD_BayesMVP_chunking_500,70.625,67.000,63.750,64.875,68.000,71.125,62.875,65.000,68.625,68.250,63.125,63.125,68.625,290711.362,11349394,110757108
1791011782.728,MD_BayesMVP_chunking_500,70.875,66.500,63.750,65.375,68.500,70.125,63.250,65.000,69.125,68.250,63.500,63.625,68.375,291080.977,11349394,110757108
1791011783.730,MD_BayesMVP_chunking_500,70.875,66.500,63.750,65.375,68.500,71.500,63.750,65.000,69.125,69.250,63.500,63.625,68.625,291450.185,11349394,110757108
1791011784.731,MD_BayesMVP_chunking_500,71.000,66.500,63.750,65.375,68.500,71.125,63.750,65.000,68.625,68.750,63.125,63.750,68.625,291819.397,11349394,110757108
1791011785.733,MD_BayesMVP_chunking_500,71.000,67.000,64.625,65.375,68.000,70.625,64.125,65.375,69.125,68.750,64.000,63.750,68.625,292188.999,11349394,110757108
1791011786.734,MD_BayesMVP_chunking_500,71.000,67.000,64.250,64.000,68.500,71.125,63.750,65.375,69.125,69.250,63.875,63.750,68.625,292558.217,11349394,110757108
1791011787.736,MD_BayesMVP_chunking_500,71.125,67.375,64.250,64.375,68.500,71.125,64.125,65.375,69.125,69.250,64.375,63.375,68.625,292927.801,11349394,110757108
1791011788.737,MD_BayesMVP_chunking_500,71.250,67.375,64.625,64.875,68.500,71.500,64.625,65.375,68.750,69.250,64.375,63.750,68.375,293297.039,11349394,110757108
1791011789.739,MD_BayesMVP_chunking_500,71.125,67.375,63.875,64.000,68.500,71.125,64.125,65.375,68.625,68.750,64.375,64.125,68.750,293666.603,11349394,110757108
1791011790.740,MD_BayesMVP_chunking_500,71.250,67.375,64.250,64.375,68.500,71.500,64.500,65.375,69.625,68.750,64.375,64.125,69.250,294035.827,11349394,110757108
1791011791.742,MD_BayesMVP_chunking_500,71.250,67.375,64.625,65.375,69.000,71.500,64.625,65.375,69.625,68.750,64.375,64.250,68.750,294405.424,11349395,110757108
1791011792.744,MD_BayesMVP_chunking_500,71.375,67.000,64.250,64.375,69.375,71.125,64.125,65.375,69.625,69.250,64.000,64.250,69.250,294775.015,11349395,110757108
1791011793.745,MD_BayesMVP_chunking_500,71.500,67.375,64.625,65.375,68.750,71.500,65.500,65.375,69.125,69.250,64.375,63.750,69.000,295144.242,11349395,110757108
1791011794.747,MD_BayesMVP_chunking_500,71.500,67.375,64.625,64.375,68.250,71.500,65.500,65.875,69.250,69.750,64.625,64.125,69.250,295513.829,11349395,110757108
1791011795.749,MD_BayesMVP_chunking_500,71.625,67.875,64.625,64.875,69.375,72.000,66.000,65.875,69.625,69.750,64.375,64.500,69.250,295883.791,11349395,110757108
1791011796.751,MD_BayesMVP_chunking_500,71.625,67.375,65.000,64.375,69.375,71.500,66.000,65.875,69.250,69.750,64.750,64.500,69.250,296253.010,11349396,110757108
1791011797.753,MD_BayesMVP_chunking_500,71.750,67.375,64.625,64.375,69.000,71.500,64.625,66.375,69.625,69.750,64.750,64.125,69.500,296622.611,11349396,110757108
1791011798.754,MD_BayesMVP_chunking_500,71.625,67.375,65.000,66.250,69.375,71.500,64.625,66.375,69.125,69.250,64.625,64.500,69.500,296991.820,11349396,110757108
1791011799.756,MD_BayesMVP_chunking_500,71.500,67.375,65.000,66.250,69.875,69.625,64.625,66.375,69.625,69.750,64.375,64.750,69.250,297361.057,11349396,110757108
1791011800.757,MD_BayesMVP_chunking_500,71.375,67.875,65.000,64.875,69.250,71.500,64.625,65.875,70.125,69.750,64.750,64.750,69.625,297730.659,11349396,110757108
1791011801.758,MD_BayesMVP_chunking_500,71.625,67.875,65.000,65.750,69.375,72.000,64.625,65.875,70.500,69.750,64.375,64.500,69.625,298099.877,11349396,110757108
1791011802.760,MD_BayesMVP_chunking_500,71.875,67.875,65.000,66.250,69.375,72.500,64.625,66.375,69.625,70.125,64.625,64.500,69.625,298469.455,11349396,110757108
1791011803.762,MD_BayesMVP_chunking_500,72.125,68.375,65.000,65.750,69.375,71.125,64.625,66.375,69.625,70.625,64.750,64.750,69.625,298839.066,11349396,110757108
1791011804.764,MD_BayesMVP_chunking_500,72.125,68.375,65.500,66.250,69.875,72.000,64.625,66.750,69.625,69.750,64.750,64.500,70.125,299208.644,11349396,110757108
1791011805.766,MD_BayesMVP_chunking_500,72.250,67.875,65.500,66.250,69.875,72.000,64.625,66.375,69.625,70.125,64.750,65.000,69.625,299578.231,11349396,110757108
1791011806.768,MD_BayesMVP_chunking_500,72.375,68.375,65.500,66.250,69.875,72.500,65.000,66.375,70.000,69.750,64.750,65.000,69.625,299947.836,11349396,110757108
1791011807.769,MD_BayesMVP_chunking_500,72.500,68.375,65.125,66.250,70.375,72.500,65.000,66.375,69.625,70.125,64.750,64.625,69.625,300317.057,11349396,110757108
1791011808.771,MD_BayesMVP_chunking_500,72.500,68.875,65.500,66.750,69.875,72.000,65.000,66.375,70.125,70.625,64.625,64.500,69.625,300686.648,11349398,110757108
1791011809.772,MD_BayesMVP_chunking_500,72.375,68.875,65.625,65.750,70.375,72.000,65.500,66.750,70.125,70.125,64.750,64.500,70.125,301055.853,11349401,110757108
1791011810.774,MD_BayesMVP_chunking_500,72.375,68.875,65.500,65.000,69.625,72.500,65.000,66.375,70.500,69.750,64.875,65.000,69.625,301425.439,11349401,110757108
1791011811.776,MD_BayesMVP_chunking_500,72.500,68.875,65.625,65.750,69.625,72.500,65.500,66.750,70.125,70.625,65.125,64.750,70.125,301795.028,11349401,110757108
1791011812.777,MD_BayesMVP_chunking_500,72.625,68.875,65.125,66.250,70.375,72.500,65.500,66.750,70.500,69.750,65.250,64.500,70.125,302164.256,11349401,110757108
1791011813.779,MD_BayesMVP_chunking_500,72.750,67.875,65.625,65.375,70.375,72.875,65.500,66.750,70.500,70.625,65.250,65.000,70.000,302533.841,11349401,110757108
1791011814.780,MD_BayesMVP_chunking_500,72.875,68.875,65.625,66.250,70.375,72.875,65.000,66.375,70.500,70.625,65.250,65.000,70.625,302903.029,11349401,110757108
1791011815.781,MD_BayesMVP_chunking_500,73.125,68.375,66.875,68.125,71.625,73.375,65.375,67.250,72.750,72.000,66.500,66.000,71.875,303272.176,11349401,110757108
1791011816.782,MD_BayesMVP_chunking_500,74.750,69.625,73.875,70.000,76.625,64.000,69.250,70.875,75.375,63.000,69.250,58.000,77.250,303630.254,11349401,110757108
1791011817.783,MD_BayesMVP_chunking_500,74.500,69.250,68.375,56.750,59.125,59.375,64.250,55.875,63.875,59.875,55.750,55.250,59.875,303766.704,11349401,110757108
1791011818.784,MD_BayesMVP_chunking_500,73.750,62.625,68.375,56.250,58.625,58.875,66.000,56.875,59.375,59.875,55.750,54.750,59.000,303897.077,11349401,110757108
1791011819.785,MD_BayesMVP_chunking_500,72.875,62.250,67.500,55.750,60.875,58.500,63.250,55.000,58.000,59.000,54.750,54.750,57.625,304021.230,11349401,110757108
1791011820.786,MD_BayesMVP_chunking_500,72.000,62.250,67.875,55.750,57.750,58.500,63.250,56.000,58.000,58.500,54.750,53.875,58.125,304146.871,11349401,110757108
1791011821.787,MD_BayesMVP_chunking_500,71.250,62.250,67.500,55.750,57.250,57.500,62.875,56.375,57.500,58.125,54.375,53.875,56.750,304270.472,11349401,110757108
1791011822.788,MD_BayesMVP_chunking_500,70.625,58.000,67.000,54.750,63.250,57.500,62.375,54.500,59.750,58.125,55.875,53.875,57.625,304398.402,11349401,110757108
1791011823.789,MD_BayesMVP_chunking_500,70.000,57.500,67.000,54.750,61.750,57.000,62.375,54.125,60.375,57.625,53.875,52.875,57.250,304522.350,11349401,110757108
1791011824.790,MD_BayesMVP_chunking_500,69.375,57.500,66.500,54.750,61.375,56.625,62.375,54.125,60.250,64.125,53.875,53.875,57.625,304647.188,11349401,110757108
1791011825.791,MD_BayesMVP_chunking_500,68.750,57.125,66.500,54.375,62.250,56.625,61.875,54.500,58.375,57.250,53.375,52.875,56.250,304773.004,11349401,110757108
1791011826.793,MD_BayesMVP_chunking_500,68.625,66.000,63.250,63.375,67.125,67.875,62.375,63.625,67.375,66.375,62.125,61.750,66.375,305130.685,11349401,110757108
1791011827.794,MD_BayesMVP_chunking_500,68.750,67.000,63.250,64.875,68.000,68.250,63.125,64.000,67.750,67.375,62.750,62.625,67.250,305499.914,11349401,110757108
1791011828.796,MD_BayesMVP_chunking_500,69.375,66.500,63.625,64.875,68.000,68.750,62.875,64.000,68.250,68.250,63.000,62.625,68.125,305869.505,11349402,110757108
1791011829.798,MD_BayesMVP_chunking_500,69.500,67.000,63.625,64.375,68.500,70.625,63.625,64.500,68.625,68.250,63.125,62.625,67.250,306239.089,11349402,110757108
1791011830.800,MD_BayesMVP_chunking_500,69.750,67.375,64.625,65.750,69.000,69.125,64.125,65.375,69.625,68.750,62.500,63.375,68.625,306608.631,11349402,110757108
1791011831.802,MD_BayesMVP_chunking_500,69.875,67.875,64.250,65.375,69.000,69.250,64.125,65.875,69.125,68.750,63.750,63.750,68.625,306978.203,11349402,110757108
1791011832.803,MD_BayesMVP_chunking_500,69.875,67.375,65.000,65.750,69.375,69.250,64.125,65.375,69.125,68.750,63.875,63.750,68.750,307347.460,11349402,110757108
1791011833.805,MD_BayesMVP_chunking_500,70.000,67.875,64.625,65.750,69.000,69.625,64.125,65.875,69.625,69.250,63.875,64.250,69.000,307716.676,11349402,110757108
1791011834.806,MD_BayesMVP_chunking_500,70.625,67.875,64.625,65.375,69.375,72.000,64.125,65.375,69.625,68.750,64.250,64.125,68.750,308085.906,11349402,110757108
1791011835.808,MD_BayesMVP_chunking_500,71.375,67.875,65.000,66.250,68.250,72.000,64.500,65.875,69.625,69.750,64.375,63.750,68.750,308455.498,11349402,110757108
1791011836.810,MD_BayesMVP_chunking_500,71.750,67.375,64.625,65.750,68.250,71.500,64.125,65.875,69.125,68.625,64.375,64.125,69.250,308825.061,11349402,110757108
1791011837.812,MD_BayesMVP_chunking_500,71.875,67.875,65.125,65.750,68.750,72.000,64.625,65.875,69.125,69.250,63.875,64.250,69.250,309194.662,11349402,110757108
1791011838.813,MD_BayesMVP_chunking_500,72.125,67.875,65.125,65.750,68.750,72.000,64.625,66.375,69.625,69.125,64.750,64.750,69.250,309564.256,11349402,110757108
1791011839.815,MD_BayesMVP_chunking_500,72.125,67.875,65.125,65.750,69.375,72.000,65.000,66.375,69.625,69.500,64.375,64.500,69.250,309933.474,11349402,110757108
1791011840.817,MD_BayesMVP_chunking_500,72.250,67.875,65.500,65.750,69.875,71.500,65.000,66.375,70.125,69.250,64.750,64.750,69.500,310303.073,11349402,110757108
1791011841.819,MD_BayesMVP_chunking_500,72.250,67.875,65.000,65.750,69.875,72.000,66.000,66.375,70.000,69.750,64.875,64.750,69.625,310672.655,11349402,110757108
1791011842.820,MD_BayesMVP_chunking_500,72.375,67.000,64.625,66.250,69.375,71.500,65.500,65.000,70.000,69.250,64.625,64.750,70.125,311041.873,11349402,110757108
1791011843.822,MD_BayesMVP_chunking_500,72.375,68.375,65.125,66.250,69.875,72.500,66.000,66.375,70.125,69.750,64.375,64.750,70.125,311411.481,11349402,110757108
1791011844.823,MD_BayesMVP_chunking_500,72.375,67.875,65.125,66.250,69.875,72.000,66.375,66.750,70.125,69.750,64.375,64.750,69.625,311780.694,11349402,110757108
1791011845.831,MD_BayesMVP_chunking_500,72.375,67.875,65.125,66.250,69.875,72.000,66.000,66.375,70.500,69.750,64.750,64.750,69.625,312152.505,11349402,110757108
1791011846.832,MD_BayesMVP_chunking_500,72.500,68.375,65.125,66.750,69.875,72.500,66.000,66.750,70.875,70.125,64.750,64.250,69.625,312521.717,11349402,110757108
1791011847.833,MD_BayesMVP_chunking_500,72.500,67.875,65.500,66.750,69.875,72.500,66.375,66.750,70.875,70.125,65.250,65.000,69.500,312890.948,11349402,110757108
1791011848.835,MD_BayesMVP_chunking_500,72.500,68.375,65.500,65.750,69.875,72.500,66.375,66.750,70.125,70.125,65.250,65.125,69.250,313260.528,11349402,110757108
1791011849.837,MD_BayesMVP_chunking_500,72.625,67.875,65.125,66.250,69.875,72.500,66.375,66.375,70.500,70.125,65.250,64.500,70.125,313630.132,11349402,110757108
1791011850.839,MD_BayesMVP_chunking_500,72.750,68.375,65.625,66.250,70.375,72.875,66.375,66.750,70.125,69.625,65.250,64.750,70.125,313999.720,11349402,110757108
1791011851.841,MD_BayesMVP_chunking_500,72.875,68.875,65.125,65.375,70.375,72.875,66.375,66.750,70.875,70.125,65.625,65.125,69.625,314369.299,11349402,110757108
1791011852.843,MD_BayesMVP_chunking_500,73.000,68.875,65.500,64.875,70.375,72.875,66.375,66.750,70.875,70.625,65.625,64.500,70.125,314738.901,11349402,110757108
1791011853.845,MD_BayesMVP_chunking_500,73.000,68.375,66.000,66.250,70.375,72.875,66.375,65.875,70.875,70.625,65.250,64.750,70.125,315108.490,11349402,110757108
1791011854.847,MD_BayesMVP_chunking_500,73.125,68.375,65.500,67.250,70.375,72.875,66.375,66.750,70.875,70.125,65.250,65.500,70.000,315478.081,11349402,110757108
1791011855.849,MD_BayesMVP_chunking_500,73.125,68.875,66.000,66.750,70.375,73.375,66.375,67.250,70.500,70.625,65.250,65.000,70.000,315847.670,11349402,110757108
1791011856.851,MD_BayesMVP_chunking_500,73.125,69.250,65.000,66.750,69.875,73.375,66.375,66.375,70.875,70.625,65.625,65.000,70.125,316217.259,11349403,110757108
1791011857.852,MD_BayesMVP_chunking_500,73.250,68.875,66.000,66.750,70.375,73.375,66.375,66.000,70.500,70.625,65.625,65.125,70.125,316586.485,11349403,110757108
1791011858.854,MD_BayesMVP_chunking_500,73.250,68.875,66.000,66.750,70.375,72.875,66.875,67.250,70.875,70.625,65.250,65.625,70.125,316956.069,11349403,110757108
1791011859.856,MD_BayesMVP_chunking_500,73.250,68.875,66.000,67.250,70.375,72.875,66.875,66.750,70.875,70.625,64.625,65.125,70.375,317325.665,11349403,110757108
1791011860.857,MD_BayesMVP_chunking_500,73.250,69.250,66.500,66.250,70.375,73.375,66.875,66.750,71.000,71.125,65.375,65.625,70.375,317694.885,11349403,110757108
1791011861.859,MD_BayesMVP_chunking_500,73.250,68.875,66.500,67.250,70.375,73.375,66.875,67.250,70.875,70.125,64.750,65.500,70.125,318064.472,11349404,110757108
1791011862.861,MD_BayesMVP_chunking_500,73.250,68.375,66.500,66.250,70.375,72.875,65.375,66.750,70.875,71.125,65.625,65.125,70.125,318434.068,11349404,110757108
1791011863.863,MD_BayesMVP_chunking_500,73.250,68.875,66.250,65.500,70.750,73.875,65.375,67.250,70.875,70.625,65.625,65.500,70.625,318803.654,11349404,110757108
1791011864.865,MD_BayesMVP_chunking_500,73.375,68.750,66.500,66.750,71.250,73.875,66.875,66.750,71.375,71.125,65.625,65.500,70.500,319173.248,11349404,110757108
1791011865.867,MD_BayesMVP_chunking_500,73.625,69.250,66.500,67.250,71.250,73.875,65.500,67.250,71.375,70.250,66.125,65.500,71.000,319542.804,11349404,110757108
1791011866.868,MD_BayesMVP_chunking_500,74.125,69.750,67.375,68.125,71.625,75.250,66.750,67.750,72.250,71.375,67.000,65.000,71.750,319911.941,11349404,110757108
1791011867.870,MD_BayesMVP_chunking_500,75.750,60.875,71.500,58.125,72.500,61.750,68.250,58.125,62.875,62.500,59.000,57.125,63.000,320232.012,11349404,110757108
1791011868.870,MD_BayesMVP_chunking_500,75.250,59.875,68.375,56.750,70.125,59.375,65.500,56.375,60.250,60.375,58.500,55.625,59.875,320357.523,11349404,110757108
1791011869.872,MD_BayesMVP_chunking_500,74.375,59.000,68.375,56.250,64.125,58.875,65.000,55.875,63.750,59.375,55.750,54.750,59.375,320486.514,11349404,110757108
1791011870.873,MD_BayesMVP_chunking_500,73.500,59.000,68.375,56.250,63.625,58.500,64.500,57.250,59.375,59.000,54.750,54.750,58.500,320610.244,11349404,110757108
1791011871.874,MD_BayesMVP_chunking_500,72.625,62.750,67.875,55.750,58.250,58.000,64.500,56.000,60.125,59.000,54.750,54.750,58.125,320735.078,11349404,110757108
1791011872.875,MD_BayesMVP_chunking_500,71.875,63.250,67.875,55.750,57.250,58.000,64.500,55.000,58.000,60.500,54.375,53.875,57.625,320857.786,11349404,110757108
1791011873.877,MD_BayesMVP_chunking_500,71.125,58.500,67.500,57.625,57.250,58.500,64.125,55.000,58.000,58.500,54.375,55.625,57.250,320983.447,11349404,110757108
1791011874.878,MD_BayesMVP_chunking_500,70.500,57.500,67.500,59.125,57.625,57.500,64.125,55.000,57.500,58.125,54.375,55.875,57.250,321106.536,11349404,110757108
1791011875.879,MD_BayesMVP_chunking_500,69.875,61.875,67.000,54.750,56.875,58.000,63.625,54.500,57.500,61.750,54.750,54.750,57.250,321230.714,11349404,110757108
1791011876.880,MD_BayesMVP_chunking_500,69.250,61.875,66.500,55.250,56.875,57.500,63.125,54.500,57.500,57.625,53.875,53.875,56.750,321354.641,11349404,110757108
1791011877.884,MD_BayesMVP_chunking_500,68.750,62.750,62.000,61.125,64.375,64.125,62.750,60.375,63.375,64.125,59.000,58.000,64.125,321498.841,11349404,110757108
1791011878.885,MD_BayesMVP_chunking_500,69.000,66.000,63.625,64.875,68.000,69.625,63.625,64.000,67.750,67.375,62.750,62.250,66.750,321868.684,11349404,110757108
1791011879.887,MD_BayesMVP_chunking_500,69.750,67.000,63.625,64.875,68.500,70.625,63.750,64.500,67.875,67.875,62.750,63.125,67.750,322238.283,11349404,110757108
1791011880.888,MD_BayesMVP_chunking_500,70.000,67.000,63.750,64.875,68.500,69.250,64.500,64.000,68.250,68.250,63.000,62.875,67.875,322607.508,11349405,110757108
1791011881.890,MD_BayesMVP_chunking_500,70.000,67.000,64.625,65.375,68.250,71.125,65.000,65.000,68.625,69.250,63.750,64.125,68.625,322976.695,11349405,110757108
1791011882.892,MD_BayesMVP_chunking_500,70.000,67.000,64.625,65.375,67.875,68.750,65.375,65.375,68.625,69.250,63.875,63.750,68.125,323346.690,11349405,110757108
1791011883.893,MD_BayesMVP_chunking_500,70.500,67.000,64.250,65.375,68.250,71.500,65.000,65.375,68.625,68.750,63.875,63.750,68.375,323715.912,11349405,110757108
1791011884.898,MD_BayesMVP_chunking_500,71.000,67.375,64.625,65.375,69.000,71.125,65.375,65.375,68.750,69.250,63.500,64.125,68.375,324086.229,11349406,110757108
1791011885.900,MD_BayesMVP_chunking_500,71.375,67.875,64.625,65.750,69.375,71.500,65.875,65.375,69.625,68.750,64.250,64.125,69.250,324455.797,11349406,110757108
1791011886.902,MD_BayesMVP_chunking_500,71.625,67.375,64.625,65.750,69.000,71.500,65.875,65.875,69.625,69.250,64.375,64.250,69.250,324825.370,11349406,110757108
1791011887.906,MD_BayesMVP_chunking_500,71.875,67.875,65.000,65.750,69.000,71.500,65.375,65.875,69.625,69.250,64.625,64.500,69.625,325195.718,11349406,110757108
1791011888.907,MD_BayesMVP_chunking_500,71.875,67.375,65.000,65.750,68.750,72.000,65.875,65.375,69.125,69.750,64.375,64.250,69.250,325564.916,11349407,110757108
1791011889.908,MD_BayesMVP_chunking_500,72.125,67.875,65.000,66.250,69.250,72.500,66.375,65.875,70.000,69.500,64.375,64.250,69.625,325934.510,11349408,110757108
1791011890.910,MD_BayesMVP_chunking_500,72.250,67.500,65.500,64.375,69.250,72.000,66.375,65.875,70.500,69.625,65.125,64.250,69.625,326303.737,11349408,110757108
1791011891.912,MD_BayesMVP_chunking_500,72.375,67.875,65.000,64.875,69.250,72.500,65.875,65.875,70.500,69.000,64.750,64.625,69.625,326673.312,11349408,110757108
1791011892.914,MD_BayesMVP_chunking_500,72.375,67.875,65.500,65.375,68.750,72.500,65.875,66.000,70.500,68.750,65.250,64.625,69.625,327042.929,11349408,110757108
1791011893.916,MD_BayesMVP_chunking_500,72.375,68.375,65.500,64.875,69.250,70.125,66.375,66.750,70.125,69.625,64.875,65.000,69.625,327412.494,11349408,110757108
1791011894.918,MD_BayesMVP_chunking_500,72.250,67.750,65.500,65.750,69.625,70.125,66.375,66.750,70.125,70.125,64.875,64.750,69.625,327782.113,11349452,110757108
1791011895.919,MD_BayesMVP_chunking_500,72.375,67.875,65.625,65.000,69.875,72.000,66.375,66.750,70.500,69.625,64.875,65.000,69.625,328151.331,11349452,110757108
1791011896.920,MD_BayesMVP_chunking_500,72.375,67.500,65.625,65.750,69.250,71.500,66.375,66.375,70.500,70.125,64.875,65.125,70.125,328520.552,11349452,110757108
1791011897.922,MD_BayesMVP_chunking_500,72.500,68.375,66.000,66.250,69.250,72.875,66.375,66.750,70.500,70.625,65.250,64.750,70.125,328890.142,11349453,110757108
1791011898.924,MD_BayesMVP_chunking_500,72.625,68.375,65.625,66.250,70.375,72.500,66.375,66.750,70.875,69.625,65.625,65.125,70.125,329259.721,11349453,110757108
1791011899.926,MD_BayesMVP_chunking_500,72.625,68.375,66.000,65.750,69.625,72.875,66.375,66.750,70.500,70.125,65.250,65.125,69.625,329629.312,11349453,110757108
1791011900.928,MD_BayesMVP_chunking_500,72.750,68.375,66.000,65.375,69.375,72.875,66.750,67.250,70.125,69.750,65.250,65.125,69.625,329998.921,11349453,110757108
1791011901.930,MD_BayesMVP_chunking_500,72.875,67.875,66.000,67.250,70.375,72.875,66.375,65.875,70.000,70.125,65.250,65.625,70.125,330368.493,11349453,110757108
1791011902.932,MD_BayesMVP_chunking_500,72.875,68.875,66.000,66.250,70.375,72.875,66.375,66.375,70.500,70.625,65.625,65.500,70.125,330738.102,11349453,110757108
1791011903.934,MD_BayesMVP_chunking_500,72.875,68.875,66.000,66.750,70.375,73.875,66.750,66.750,70.500,70.625,64.375,65.125,70.125,331107.660,11349453,110757108
1791011904.936,MD_BayesMVP_chunking_500,73.000,68.375,66.000,66.750,70.375,72.875,66.375,66.750,70.500,70.000,65.625,65.125,70.125,331477.270,11349453,110757108
1791011905.938,MD_BayesMVP_chunking_500,73.000,67.875,66.000,66.750,70.375,72.875,66.750,66.375,70.500,70.625,65.375,65.500,70.125,331846.864,11349516,110757108
1791011906.940,MD_BayesMVP_chunking_500,73.125,68.875,66.000,66.000,70.375,72.875,66.750,66.750,70.875,70.625,64.875,65.625,70.125,332216.466,11349516,110757108
1791011907.942,MD_BayesMVP_chunking_500,73.125,68.875,65.500,66.750,69.625,73.375,66.375,66.750,70.500,70.000,65.250,65.625,70.625,332586.028,11349517,110757108
1791011908.943,MD_BayesMVP_chunking_500,73.125,68.875,66.000,67.250,70.375,71.125,66.375,67.250,70.875,70.000,65.250,65.500,70.375,332955.265,11349519,110757108
1791011909.948,MD_BayesMVP_chunking_500,73.000,68.875,66.000,67.250,70.375,71.125,66.750,67.250,70.875,70.000,65.250,65.500,70.625,333325.961,11349519,110757108
1791011910.949,MD_BayesMVP_chunking_500,72.875,67.500,66.000,67.250,69.625,71.000,65.000,67.250,71.375,70.625,65.625,65.625,70.625,333695.186,11349519,110757108
1791011911.951,MD_BayesMVP_chunking_500,72.750,68.875,66.000,67.250,70.125,71.000,66.750,67.250,71.375,70.000,65.625,65.625,71.000,334064.393,11349519,110757108
1791011912.952,MD_BayesMVP_chunking_500,72.625,69.250,66.500,67.250,70.125,71.125,66.750,67.750,71.375,71.125,65.625,66.125,70.625,334433.621,11349519,110757108
1791011913.955,MD_BayesMVP_chunking_500,72.500,69.250,66.500,67.250,69.250,71.500,66.750,67.750,71.375,70.625,65.625,65.625,70.625,334803.956,11349519,110757108
1791011914.956,MD_BayesMVP_chunking_500,72.375,69.750,66.500,67.250,70.125,71.500,66.750,67.250,71.375,71.125,65.625,65.500,71.000,335173.175,11349519,110757108
1791011915.958,MD_BayesMVP_chunking_500,72.375,69.750,66.500,67.250,71.250,70.500,67.250,67.250,71.875,71.125,65.625,66.000,70.500,335542.387,11349519,110757108
1791011916.959,MD_BayesMVP_chunking_500,72.250,68.000,65.750,67.625,70.125,71.500,66.750,67.750,71.875,71.125,65.750,66.125,70.500,335911.993,11349519,110757108
1791011917.960,MD_BayesMVP_chunking_500,72.625,68.375,66.000,67.250,70.625,74.250,65.500,67.750,72.250,72.000,66.125,66.125,71.500,336281.166,11349519,110757108
1791011918.962,MD_BayesMVP_chunking_500,73.500,67.750,68.750,66.750,70.125,72.375,66.000,69.500,74.125,72.500,65.625,67.875,73.250,336650.192,11349519,110757108
1791011919.963,MD_BayesMVP_chunking_500,75.000,60.375,70.250,57.625,61.875,66.375,67.250,59.500,67.750,62.375,67.000,57.125,62.125,336924.902,11349519,110757108
1791011920.964,MD_BayesMVP_chunking_500,74.000,59.875,69.250,56.750,59.125,61.750,65.875,56.375,59.750,60.750,61.250,55.625,59.375,337050.332,11349519,110757108
1791011921.965,MD_BayesMVP_chunking_500,73.250,59.000,69.250,56.250,61.750,60.625,65.000,56.375,59.375,59.875,59.000,55.250,58.500,337170.881,11349519,110757108
1791011922.966,MD_BayesMVP_chunking_500,72.375,59.375,68.375,58.750,58.250,58.875,64.500,55.875,59.375,59.875,58.500,54.750,58.125,337296.612,11349519,110757108
1791011923.967,MD_BayesMVP_chunking_500,71.750,59.000,68.375,56.500,63.250,59.875,64.500,55.875,58.875,59.375,57.625,54.750,58.125,337421.599,11349520,110757108
1791011924.969,MD_BayesMVP_chunking_500,71.000,58.500,67.500,55.750,58.250,58.000,63.625,55.500,58.500,59.000,59.000,56.250,57.625,337545.574,11349520,110757108
1791011925.970,MD_BayesMVP_chunking_500,70.375,60.000,67.500,55.750,58.125,58.000,63.625,55.500,58.000,58.500,54.750,59.500,61.750,337667.397,11349520,110757108
1791011926.971,MD_BayesMVP_chunking_500,69.750,59.125,67.000,54.750,57.250,58.000,63.125,60.375,57.500,58.125,54.375,56.250,62.250,337789.474,11349520,110757108
1791011927.972,MD_BayesMVP_chunking_500,69.250,59.000,67.000,55.250,57.250,57.500,63.625,54.500,58.000,58.125,53.875,55.375,61.750,337912.690,11349520,110757108
1791011928.974,MD_BayesMVP_chunking_500,68.875,65.625,63.625,63.000,66.375,69.250,63.625,63.125,67.750,66.375,61.875,61.750,66.375,338147.274,11349520,110757108
1791011929.976,MD_BayesMVP_chunking_500,69.625,67.000,63.750,64.375,67.875,70.625,64.125,64.500,68.250,67.750,63.000,62.875,67.875,338516.871,11349520,110757108
1791011930.977,MD_BayesMVP_chunking_500,70.500,67.375,63.750,64.875,68.750,71.500,64.500,65.375,68.625,68.750,63.750,63.375,68.375,338886.108,11349520,110757108
1791011931.979,MD_BayesMVP_chunking_500,71.000,67.000,63.875,64.875,68.500,71.500,64.125,65.000,69.625,68.625,63.500,63.750,68.125,339255.684,11349520,110757108
1791011932.981,MD_BayesMVP_chunking_500,71.375,67.875,64.625,65.375,68.750,72.000,63.750,65.375,69.625,69.250,63.875,63.750,69.000,339624.919,11349520,110757108
1791011933.982,MD_BayesMVP_chunking_500,71.750,67.875,65.000,65.750,69.000,72.500,65.500,65.875,70.000,68.625,63.875,64.250,68.750,339994.460,11349520,110757108
1791011934.984,MD_BayesMVP_chunking_500,71.875,67.375,64.625,65.375,68.250,72.000,65.500,65.875,70.000,68.625,63.875,64.125,68.625,340363.717,11349541,110757108
1791011935.985,MD_BayesMVP_chunking_500,72.000,67.875,65.000,65.375,69.375,72.000,65.500,65.875,70.000,68.625,64.375,63.750,69.250,340732.961,11349541,110757108
1791011936.986,MD_BayesMVP_chunking_500,72.000,67.875,64.625,65.375,69.375,72.000,65.000,65.875,70.000,69.125,64.375,64.125,69.250,341102.172,11349541,110757108
1791011937.988,MD_BayesMVP_chunking_500,72.125,66.500,65.125,65.375,69.375,72.500,66.375,66.750,69.625,70.125,64.625,64.750,69.250,341471.696,11349542,110757108
1791011938.989,MD_BayesMVP_chunking_500,72.375,68.375,65.125,65.750,69.250,72.500,66.000,66.375,70.500,69.750,64.750,65.000,69.625,341840.950,11349542,110757108
1791011939.991,MD_BayesMVP_chunking_500,72.500,68.375,66.000,66.250,69.625,72.500,66.375,66.375,70.000,70.125,64.875,64.250,69.500,342210.545,11349542,110757108
1791011940.993,MD_BayesMVP_chunking_500,72.500,68.375,65.625,66.250,69.875,72.500,66.375,65.875,70.125,70.125,65.125,64.500,70.125,342580.135,11349542,110757108
1791011941.994,MD_BayesMVP_chunking_500,72.625,68.375,66.000,65.750,69.375,72.500,66.375,66.375,70.500,70.125,65.250,65.000,70.125,342949.351,11349542,110757108
1791011942.996,MD_BayesMVP_chunking_500,72.625,68.375,65.625,66.250,70.375,71.125,66.375,66.375,70.500,70.625,65.250,65.125,70.125,343318.917,11349542,110757108
1791011943.998,MD_BayesMVP_chunking_500,72.750,68.375,65.625,66.750,70.375,72.875,66.375,66.750,70.500,69.750,64.750,65.000,70.125,343688.537,11349542,110757108
1791011944.999,MD_BayesMVP_chunking_500,72.750,67.875,66.000,66.750,70.375,72.875,65.000,66.375,70.500,70.125,64.750,65.000,70.125,344057.753,11349542,110757108
1791011946.001,MD_BayesMVP_chunking_500,72.750,69.250,65.625,66.750,70.375,72.875,65.500,66.375,70.500,70.125,65.625,64.750,70.125,344427.348,11349542,110757108
1791011947.003,MD_BayesMVP_chunking_500,72.875,68.875,66.000,66.750,69.875,72.875,65.500,66.750,70.000,70.625,65.375,65.000,70.000,344796.929,11349542,110757108
1791011948.005,MD_BayesMVP_chunking_500,72.875,68.875,65.625,66.750,70.375,72.875,66.000,66.750,71.000,70.625,65.250,65.000,70.125,345166.527,11349582,110757108
1791011949.006,MD_BayesMVP_chunking_500,73.000,68.875,66.000,66.750,69.875,72.500,65.625,66.750,70.500,70.625,65.250,65.500,70.125,345535.749,11349582,110757108
1791011950.007,MD_BayesMVP_chunking_500,73.000,68.875,66.000,67.250,70.375,72.875,65.875,66.750,70.875,70.625,65.250,65.125,70.500,345904.971,11349582,110757108
1791011951.009,MD_BayesMVP_chunking_500,73.125,67.500,66.000,66.250,70.375,73.375,66.000,67.250,71.000,71.125,65.625,65.125,70.625,346274.553,11349582,110757108
1791011952.010,MD_BayesMVP_chunking_500,73.125,68.375,66.000,67.250,70.375,73.875,65.875,67.750,71.375,71.125,65.625,65.625,70.625,346643.784,11349583,110757108
1791011953.013,MD_BayesMVP_chunking_500,73.375,69.250,66.000,67.250,70.375,73.875,65.500,66.750,71.375,71.125,65.625,65.000,70.625,347013.742,11349583,110757108
1791011954.015,MD_BayesMVP_chunking_500,73.375,69.250,66.500,66.750,70.375,73.375,66.000,67.250,71.000,70.250,65.625,65.625,70.125,347383.334,11349594,110757108
1791011955.018,MD_BayesMVP_chunking_500,73.500,68.875,66.500,67.625,70.375,73.375,66.000,67.750,70.875,71.125,65.250,65.500,70.125,347752.920,11349594,110757108
1791011956.019,MD_BayesMVP_chunking_500,73.500,68.875,66.000,67.250,70.375,73.375,65.875,67.750,71.000,70.625,65.625,65.625,70.125,348122.509,11349594,110757108
1791011957.020,MD_BayesMVP_chunking_500,73.500,68.875,66.875,67.250,70.375,73.375,65.875,66.375,71.000,70.625,65.625,66.000,70.125,348491.730,11349594,110757108
1791011958.022,MD_BayesMVP_chunking_500,73.500,69.250,66.875,67.250,70.750,73.875,66.000,67.750,71.375,71.500,66.000,65.500,71.000,348861.338,11349596,110757108
1791011959.024,MD_BayesMVP_chunking_500,73.625,69.250,66.500,67.250,70.125,73.375,65.875,67.250,71.375,71.125,65.625,65.500,70.625,349230.905,11349596,110757108
1791011960.026,MD_BayesMVP_chunking_500,73.625,69.250,66.500,67.250,70.125,73.375,65.875,67.250,71.375,70.375,65.625,65.625,70.625,349600.504,11349596,110757108
1791011961.028,MD_BayesMVP_chunking_500,73.625,69.250,66.500,67.250,70.625,73.875,65.875,67.750,71.375,71.125,65.625,64.750,71.000,349970.096,11349596,110757108
1791011962.030,MD_BayesMVP_chunking_500,73.750,68.875,66.500,67.250,70.125,73.875,65.875,67.750,71.375,71.125,65.625,65.625,71.000,350339.683,11349597,110757108
1791011963.031,MD_BayesMVP_chunking_500,73.750,69.250,66.500,67.625,70.125,73.875,66.000,67.750,71.375,71.500,65.625,65.500,71.500,350708.905,11349597,110757108
1791011964.033,MD_BayesMVP_chunking_500,73.750,69.750,66.500,67.625,70.125,73.375,66.000,67.750,71.375,71.500,65.625,66.000,71.000,351078.123,11349597,110757108
1791011965.034,MD_BayesMVP_chunking_500,73.750,69.250,66.500,67.250,70.625,73.875,65.875,67.750,71.875,71.500,66.125,66.125,71.000,351447.716,11349597,110757108
1791011966.036,MD_BayesMVP_chunking_500,73.875,69.750,66.500,67.625,70.125,73.875,67.250,67.750,71.875,71.500,66.125,66.125,71.000,351817.305,11349597,110757108
1791011967.038,MD_BayesMVP_chunking_500,74.000,68.875,66.500,67.625,70.125,74.250,65.875,67.750,72.250,71.500,66.125,66.000,71.000,352186.894,11349597,110757108
1791011968.039,MD_BayesMVP_chunking_500,74.125,68.875,66.875,67.625,71.125,74.250,65.875,67.750,72.250,70.500,66.125,66.125,70.875,352556.079,11349597,110757108
1791011969.040,MD_BayesMVP_chunking_500,74.625,68.875,67.875,68.625,72.000,75.750,66.875,69.000,72.750,71.125,67.500,66.500,71.875,352925.243,11349597,110757108
1791011970.041,MD_BayesMVP_chunking_500,76.500,70.625,73.750,70.000,77.125,81.250,70.375,72.250,75.000,73.375,68.750,72.125,78.125,353293.947,11349597,110757108
1791011971.042,MD_BayesMVP_chunking_500,77.125,60.375,70.250,57.625,60.000,61.250,67.750,57.750,60.625,61.250,57.125,56.625,65.875,353472.574,11349597,110757108
1791011972.043,MD_BayesMVP_chunking_500,76.000,59.875,69.250,57.125,64.000,59.875,66.375,56.750,60.250,61.250,58.000,55.250,64.500,353595.252,11349597,110757108
1791011973.045,MD_BayesMVP_chunking_500,75.000,59.875,68.375,56.750,58.625,59.375,66.000,56.375,61.625,59.875,55.750,55.250,64.500,353716.638,11349597,110757108
1791011974.046,MD_BayesMVP_chunking_500,74.125,63.250,68.375,56.750,61.250,58.500,66.000,55.875,59.375,59.875,55.250,55.250,65.000,353838.923,11349597,110757108
1791011975.047,MD_BayesMVP_chunking_500,73.250,59.000,67.875,59.625,58.250,61.750,66.000,55.500,62.875,59.000,55.750,58.125,65.000,353965.941,11349597,110757108
1791011976.048,MD_BayesMVP_chunking_500,72.375,62.375,67.875,56.250,58.625,58.500,65.000,55.500,60.625,59.000,54.750,54.250,58.500,354094.127,11349597,110757108
1791011977.050,MD_BayesMVP_chunking_500,71.625,62.375,67.875,57.750,61.375,58.500,65.000,55.500,58.875,59.000,54.750,54.250,57.625,354218.904,11349597,110757108
1791011978.051,MD_BayesMVP_chunking_500,70.875,62.875,67.500,55.750,57.750,57.500,64.625,55.000,58.500,59.000,57.250,54.375,61.125,354343.452,11349597,110757108
1791011979.052,MD_BayesMVP_chunking_500,70.625,67.000,64.250,64.375,68.000,71.125,64.125,65.000,68.625,67.750,62.500,62.625,67.375,354676.707,11349597,110757108
1791011980.053,MD_BayesMVP_chunking_500,70.875,67.375,64.250,65.375,69.375,69.625,65.000,65.000,68.750,68.250,63.500,63.625,68.750,355045.949,11349597,110757108
1791011981.056,MD_BayesMVP_chunking_500,71.250,66.375,65.000,64.875,69.000,71.500,65.000,65.875,69.625,68.625,64.000,63.750,69.250,355416.264,11349597,110757108
1791011982.057,MD_BayesMVP_chunking_500,71.625,68.875,65.125,64.125,69.875,72.500,66.000,65.875,70.500,69.750,64.750,64.125,69.250,355785.416,11349597,110757108
1791011983.059,MD_BayesMVP_chunking_500,71.750,68.375,65.500,66.750,69.875,70.500,66.000,66.375,70.500,70.125,64.750,64.750,69.625,356154.682,11349597,110757108
1791011984.061,MD_BayesMVP_chunking_500,71.875,68.875,65.625,65.750,69.875,72.500,66.375,66.375,70.500,70.125,64.750,64.750,70.125,356524.248,11349597,110757108
1791011985.063,MD_BayesMVP_chunking_500,72.125,68.375,65.625,66.250,69.875,72.875,64.625,66.375,70.000,69.250,64.375,64.500,69.625,356893.855,11349597,110757108
1791011986.065,MD_BayesMVP_chunking_500,72.375,68.875,65.625,66.750,70.375,72.000,65.125,66.750,70.000,70.125,64.750,65.125,70.125,357263.436,11349597,110757108
1791011987.069,MD_BayesMVP_chunking_500,72.625,68.875,65.500,66.750,70.375,72.500,65.375,66.750,70.500,70.125,65.250,65.000,70.125,357633.753,11349597,110757108
1791011988.070,MD_BayesMVP_chunking_500,72.750,68.875,65.625,66.750,69.625,72.875,65.375,66.375,70.500,70.625,64.375,64.750,70.125,358003.002,11349597,110757108
1791011989.071,MD_BayesMVP_chunking_500,72.875,68.875,66.000,66.250,70.375,72.875,65.125,67.250,70.500,70.125,64.875,65.125,70.125,358372.219,11349597,110757108
1791011990.072,MD_BayesMVP_chunking_500,72.875,69.250,66.000,66.750,69.625,73.375,65.000,66.750,70.875,70.125,64.875,65.125,70.125,358741.413,11349597,110757108
1791011991.074,MD_BayesMVP_chunking_500,73.000,69.250,66.000,66.250,70.375,72.875,65.500,66.750,70.500,70.625,64.875,65.500,70.625,359111.032,11349597,110757108
1791011992.075,MD_BayesMVP_chunking_500,73.125,68.875,66.500,67.250,70.750,73.375,65.500,66.750,71.375,70.625,64.750,65.125,70.625,359480.243,11349598,110757108
1791011993.077,MD_BayesMVP_chunking_500,73.125,68.875,66.000,66.750,70.375,72.000,65.500,67.750,71.000,70.625,65.500,65.500,70.125,359849.846,11349598,110757108
1791011994.079,MD_BayesMVP_chunking_500,73.250,69.250,66.000,67.250,70.750,73.375,65.875,67.250,70.875,71.125,65.625,65.625,70.625,360219.424,11349598,110757108
1791011995.081,MD_BayesMVP_chunking_500,73.125,69.250,66.000,66.750,70.375,71.000,65.500,66.750,71.375,70.125,65.625,66.125,70.125,360589.005,11349598,110757108
1791011996.082,MD_BayesMVP_chunking_500,72.875,68.875,66.500,66.750,70.750,71.125,65.875,66.750,71.375,70.625,65.625,65.125,70.625,360958.246,11349598,110757108
1791011997.083,MD_BayesMVP_chunking_500,73.000,68.375,66.500,67.250,70.750,73.375,65.875,67.250,71.375,70.125,65.625,65.500,70.625,361327.470,11349598,110757108
1791011998.085,MD_BayesMVP_chunking_500,73.250,69.250,66.500,67.250,70.375,73.375,66.000,67.250,71.375,71.125,65.625,65.500,70.625,361697.057,11349599,110757108
1791011999.087,MD_BayesMVP_chunking_500,73.250,69.250,66.000,66.750,71.250,73.375,66.000,67.250,71.375,70.625,65.625,65.500,70.125,362066.647,11349599,110757108
1791012000.089,MD_BayesMVP_chunking_500,73.375,69.250,66.500,67.250,70.750,73.375,66.000,67.750,71.375,71.125,66.125,65.500,70.625,362436.229,11349601,110757108
1791012001.091,MD_BayesMVP_chunking_500,73.375,68.375,66.500,67.250,70.375,73.375,66.000,66.750,71.375,70.625,65.750,65.500,70.500,362805.834,11349601,110757108
1791012002.093,MD_BayesMVP_chunking_500,73.500,68.875,66.500,67.625,70.375,73.875,66.375,67.750,71.375,70.125,65.250,65.625,70.625,363175.418,11349601,110757108
1791012003.095,MD_BayesMVP_chunking_500,73.500,68.375,66.500,67.625,70.125,73.875,66.000,67.250,71.375,71.500,66.125,65.500,71.500,363545.012,11349601,110757108
1791012004.097,MD_BayesMVP_chunking_500,73.625,68.875,66.875,67.250,69.625,73.875,66.000,67.750,71.375,71.125,66.125,65.500,70.500,363914.602,11349601,110757108
1791012005.099,MD_BayesMVP_chunking_500,73.625,69.250,66.500,67.625,70.750,73.875,65.625,67.750,71.375,71.500,65.625,65.625,71.000,364284.188,11349601,110757108
1791012006.101,MD_BayesMVP_chunking_500,73.750,69.750,66.500,67.625,71.250,73.875,65.625,68.125,71.375,70.500,66.125,65.625,70.625,364653.791,11349601,110757108
1791012007.103,MD_BayesMVP_chunking_500,73.750,69.250,66.500,67.625,70.750,73.875,66.000,67.750,71.375,70.000,66.125,65.500,70.625,365023.384,11349602,110757108
1791012008.105,MD_BayesMVP_chunking_500,73.750,69.250,66.500,67.625,70.375,73.875,66.375,67.250,71.875,71.500,66.125,65.500,70.875,365392.968,11349602,110757108
1791012009.107,MD_BayesMVP_chunking_500,73.750,69.250,66.875,68.125,70.750,73.375,66.375,67.750,71.875,70.500,66.125,66.000,71.000,365762.551,11349602,110757108
1791012010.108,MD_BayesMVP_chunking_500,73.750,69.250,66.875,67.625,71.250,73.375,66.375,67.750,71.875,71.500,66.500,65.625,71.500,366131.752,11349602,110757108
1791012011.110,MD_BayesMVP_chunking_500,73.750,69.250,66.500,67.625,71.625,73.875,66.500,68.125,71.875,72.000,66.125,66.500,71.375,366500.980,11349602,110757108
1791012012.111,MD_BayesMVP_chunking_500,73.875,69.375,66.500,67.625,71.625,74.250,66.875,68.125,72.250,72.000,65.625,66.500,71.500,366870.187,11349602,110757108
1791012013.112,MD_BayesMVP_chunking_500,74.250,69.750,66.500,67.625,71.625,74.250,66.500,67.250,72.250,72.000,66.500,66.375,71.500,367239.435,11349602,110757108
1791012014.113,MD_BayesMVP_chunking_500,74.250,70.625,66.500,68.125,71.625,74.250,66.375,68.125,72.250,71.500,66.125,66.500,71.500,367609.002,11349602,110757108
1791012015.115,MD_BayesMVP_chunking_500,74.500,69.750,66.500,68.125,71.625,74.750,66.375,68.125,72.375,71.375,66.125,66.500,71.875,367978.595,11349602,110757108
1791012016.117,MD_BayesMVP_chunking_500,74.625,70.250,66.125,68.125,71.625,74.750,66.750,68.125,72.250,72.000,67.000,66.000,71.500,368347.832,11349602,110757108
1791012017.119,MD_BayesMVP_chunking_500,74.625,70.250,66.500,67.625,70.750,74.750,66.375,68.125,72.375,72.000,66.500,66.375,71.500,368717.406,11349602,110757108
1791012018.121,MD_BayesMVP_chunking_500,74.750,70.625,66.875,68.125,72.125,75.250,66.750,68.625,73.125,72.500,67.000,66.500,71.375,369086.978,11349603,110757108
1791012019.122,MD_BayesMVP_chunking_500,74.750,71.625,68.750,70.000,72.125,71.500,68.625,70.000,73.625,73.000,68.750,65.625,72.250,369456.052,11349603,110757108
1791012020.123,MD_BayesMVP_chunking_500,76.000,61.250,72.500,58.125,72.500,61.750,67.875,59.125,62.875,65.000,59.000,57.500,62.125,369753.679,11349603,110757108
1791012021.125,MD_BayesMVP_chunking_500,75.125,60.375,70.250,57.125,65.000,59.875,65.625,57.250,63.250,61.625,56.625,56.625,60.375,369878.336,11349603,110757108
1791012022.126,MD_BayesMVP_chunking_500,74.250,63.750,69.250,59.750,65.500,59.375,65.125,56.750,60.250,63.125,56.125,59.125,61.625,370003.231,11349603,110757108
1791012023.127,MD_BayesMVP_chunking_500,73.375,61.875,68.875,56.750,64.625,59.375,64.625,56.375,59.750,60.375,56.125,55.250,59.375,370129.427,11349603,110757108
1791012024.128,MD_BayesMVP_chunking_500,72.625,59.375,68.375,56.750,64.625,58.875,64.250,55.875,59.375,60.750,55.750,55.250,58.500,370257.393,11349603,110757108
1791012025.129,MD_BayesMVP_chunking_500,71.875,62.250,67.875,56.250,58.250,58.875,63.750,55.875,59.375,59.875,54.750,54.750,61.125,370382.182,11349603,110757108
1791012026.131,MD_BayesMVP_chunking_500,71.250,61.750,67.875,55.750,58.250,60.375,63.250,55.000,58.500,59.875,54.750,54.750,58.125,370503.051,11349603,110757108
1791012027.132,MD_BayesMVP_chunking_500,70.875,61.750,67.875,59.250,57.750,60.000,63.250,55.000,61.625,59.000,54.375,54.750,57.625,370625.674,11349603,110757108
1791012028.133,MD_BayesMVP_chunking_500,70.625,63.625,67.000,62.000,64.000,66.375,66.000,57.250,60.750,61.375,61.250,62.000,63.500,370758.295,11349603,110757108
1791012029.135,MD_BayesMVP_chunking_500,70.625,67.000,64.125,65.375,68.250,71.125,64.625,65.000,68.625,68.250,63.375,63.125,67.875,371128.586,11349603,110757108
1791012030.137,MD_BayesMVP_chunking_500,71.000,67.875,64.625,65.750,69.875,71.500,64.625,65.875,69.625,68.250,63.500,63.750,68.625,371498.179,11349604,110757108
1791012031.138,MD_BayesMVP_chunking_500,71.250,67.875,64.625,65.750,68.750,71.500,65.000,65.875,69.625,69.250,63.750,63.625,68.250,371867.412,11349604,110757108
1791012032.140,MD_BayesMVP_chunking_500,71.625,68.375,65.000,65.750,69.375,72.000,65.500,66.375,69.625,69.750,64.250,64.125,68.625,372236.619,11349604,110757108
1791012033.141,MD_BayesMVP_chunking_500,72.000,68.375,65.125,65.750,69.875,72.500,65.500,66.375,70.500,69.750,63.625,65.000,68.750,372606.225,11349604,110757108
1791012034.145,MD_BayesMVP_chunking_500,72.125,67.875,65.000,65.750,69.375,72.000,65.500,66.375,70.000,69.750,64.750,64.500,69.250,372976.170,11349604,110757108
1791012035.146,MD_BayesMVP_chunking_500,72.250,68.375,65.125,66.250,70.375,72.500,66.000,66.375,70.500,70.125,64.625,64.500,69.625,373345.770,11349604,110757108
1791012036.147,MD_BayesMVP_chunking_500,72.500,68.875,65.125,66.250,70.375,72.875,65.000,66.750,70.500,70.125,65.250,65.125,69.625,373714.944,11349605,110757108
1791012037.148,MD_BayesMVP_chunking_500,72.750,69.250,65.625,66.750,71.250,73.375,65.875,66.750,70.875,70.125,65.250,65.500,70.625,374084.155,11349605,110757108
1791012038.150,MD_BayesMVP_chunking_500,72.875,68.875,66.000,66.750,70.375,73.375,66.750,66.750,70.875,70.625,65.625,65.000,70.125,374453.742,11349605,110757108
1791012039.152,MD_BayesMVP_chunking_500,73.125,69.250,66.000,66.250,70.750,72.000,66.375,67.250,71.375,70.125,65.625,65.625,70.625,374823.323,11349605,110757108
1791012040.154,MD_BayesMVP_chunking_500,73.250,69.250,66.000,66.750,70.750,73.375,67.250,66.375,71.000,71.125,65.625,65.500,70.625,375192.559,11349605,110757108
1791012041.156,MD_BayesMVP_chunking_500,73.250,69.250,65.625,66.750,70.375,73.375,66.000,67.250,71.375,71.125,65.625,65.125,70.625,375562.158,11349605,110757108
1791012042.157,MD_BayesMVP_chunking_500,73.250,68.875,65.625,67.250,71.250,73.375,67.250,66.375,71.000,70.125,65.625,66.000,70.625,375931.366,11349605,110757108
1791012043.159,MD_BayesMVP_chunking_500,73.375,68.875,65.250,66.750,70.125,73.375,66.750,66.750,71.375,71.500,65.625,65.625,70.625,376300.976,11349605,110757108
1791012044.161,MD_BayesMVP_chunking_500,73.375,69.250,65.625,67.250,70.750,73.375,66.375,67.250,71.000,71.500,65.625,65.625,70.125,376670.563,11349608,110757108
1791012045.162,MD_BayesMVP_chunking_500,73.500,69.250,65.625,66.750,71.250,73.375,66.750,67.250,71.375,71.125,66.125,65.625,71.000,377039.789,11349608,110757108
1791012046.164,MD_BayesMVP_chunking_500,73.500,69.750,65.625,67.250,70.750,73.875,66.750,67.750,71.375,71.125,65.625,66.125,70.625,377409.380,11349608,110757108
1791012047.166,MD_BayesMVP_chunking_500,73.625,69.250,65.625,66.750,71.250,73.875,65.625,67.250,71.375,71.125,65.750,66.125,70.500,377778.965,11349608,110757108
1791012048.167,MD_BayesMVP_chunking_500,73.750,69.250,65.625,68.125,70.125,73.875,65.375,67.250,71.875,71.500,65.625,66.000,70.500,378148.191,11349608,110757108
1791012049.169,MD_BayesMVP_chunking_500,73.750,69.750,66.500,67.625,70.750,73.875,66.000,67.250,71.375,71.125,65.375,65.625,71.000,378517.405,11349609,110757108
1791012050.170,MD_BayesMVP_chunking_500,73.750,69.750,66.875,67.250,70.625,73.875,66.000,66.375,71.375,71.125,65.750,66.125,71.000,378886.995,11349611,110757108
1791012051.172,MD_BayesMVP_chunking_500,73.750,69.750,67.375,67.250,70.375,73.875,66.000,67.750,71.375,71.125,65.625,66.125,71.000,379256.593,11349611,110757108
1791012052.174,MD_BayesMVP_chunking_500,73.625,69.250,67.375,67.625,70.750,72.875,66.000,66.750,71.375,71.500,66.125,66.000,71.000,379626.182,11349611,110757108
1791012053.176,MD_BayesMVP_chunking_500,73.625,69.250,66.000,67.625,71.250,72.875,66.000,67.750,71.375,71.125,65.625,66.000,71.000,379995.777,11349611,110757108
1791012054.177,MD_BayesMVP_chunking_500,73.625,69.250,66.000,67.625,70.750,73.875,66.000,67.750,71.875,71.125,66.125,66.125,70.500,380364.997,11349611,110757108
1791012055.179,MD_BayesMVP_chunking_500,73.625,69.750,66.500,67.250,71.250,73.875,66.375,67.750,71.875,71.125,66.500,66.000,71.000,380734.582,11349611,110757108
1791012056.181,MD_BayesMVP_chunking_500,73.750,69.750,66.000,67.625,71.250,73.875,66.375,67.250,71.875,70.875,65.625,66.125,71.000,381104.174,11349611,110757108
1791012057.183,MD_BayesMVP_chunking_500,73.875,69.750,66.500,67.625,71.250,73.875,66.000,68.125,72.250,70.875,66.125,66.125,71.375,381473.775,11349611,110757108
1791012058.185,MD_BayesMVP_chunking_500,74.000,69.750,65.875,66.750,71.250,73.875,66.000,67.250,72.250,71.375,66.500,66.125,71.000,381843.347,11349611,110757108
1791012059.187,MD_BayesMVP_chunking_500,74.125,69.750,67.375,66.750,71.250,73.875,66.000,67.750,72.250,72.000,66.375,66.375,71.500,382212.939,11349611,110757108
1791012060.189,MD_BayesMVP_chunking_500,74.250,70.250,67.875,66.750,71.500,74.250,66.375,67.750,72.250,72.000,66.875,66.500,71.875,382582.520,11349611,110757108
1791012061.191,MD_BayesMVP_chunking_500,74.375,70.250,67.875,66.750,71.250,74.250,66.500,68.125,71.875,72.000,66.125,66.500,71.875,382952.093,11349611,110757108
1791012062.192,MD_BayesMVP_chunking_500,74.500,70.625,67.875,67.250,72.125,74.250,66.500,68.125,71.875,72.000,66.500,66.375,71.875,383321.336,11349611,110757108
1791012063.194,MD_BayesMVP_chunking_500,74.500,70.625,68.250,66.375,72.125,74.750,66.500,68.125,72.250,72.000,66.625,66.500,71.875,383690.917,11349611,110757108
1791012064.196,MD_BayesMVP_chunking_500,74.625,70.250,68.250,68.625,70.625,74.750,66.500,68.125,72.250,72.500,66.625,66.500,71.875,384060.517,11349611,110757108
1791012065.198,MD_BayesMVP_chunking_500,74.625,70.625,68.250,67.250,70.375,73.875,66.500,67.750,72.250,72.500,66.500,66.500,71.875,384429.726,11349611,110757108
1791012066.200,MD_BayesMVP_chunking_500,74.750,70.625,68.250,68.125,71.125,75.250,66.500,67.750,72.250,72.500,66.500,66.500,71.875,384799.330,11349611,110757108
1791012067.201,MD_BayesMVP_chunking_500,74.875,70.625,68.250,67.250,72.125,75.250,66.375,67.750,72.250,72.500,67.000,66.500,71.875,385168.549,11349611,110757108
1791012068.202,MD_BayesMVP_chunking_500,75.125,71.125,67.375,69.125,72.625,75.250,66.500,68.125,73.250,72.750,66.625,66.500,72.250,385537.712,11349612,110757108
1791012069.203,MD_BayesMVP_chunking_500,75.375,72.000,70.000,70.500,70.125,73.375,68.625,71.375,74.125,74.500,67.125,68.250,74.625,385906.712,11349612,110757108
1791012070.205,MD_BayesMVP_chunking_500,76.500,66.875,72.000,59.500,61.000,61.750,68.125,58.625,62.000,63.000,61.125,58.000,62.500,386174.891,11349612,110757108
1791012071.206,MD_BayesMVP_chunking_500,75.625,64.125,69.625,58.125,60.375,60.750,66.375,57.750,60.625,64.125,60.750,56.625,60.375,386305.347,11349612,110757108
1791012072.207,MD_BayesMVP_chunking_500,74.750,64.125,69.250,59.750,59.500,59.875,65.875,57.250,60.250,61.250,56.125,55.625,59.375,386428.647,11349612,110757108
1791012073.208,MD_BayesMVP_chunking_500,73.875,60.375,69.250,57.125,59.125,59.875,65.375,56.750,59.750,60.375,58.500,55.625,62.125,386553.585,11349612,110757108
1791012074.209,MD_BayesMVP_chunking_500,73.000,59.375,69.250,57.125,59.125,59.375,65.000,56.375,59.750,60.375,57.125,59.875,59.000,386680.384,11349612,110757108
1791012075.210,MD_BayesMVP_chunking_500,72.250,59.375,68.250,57.625,63.625,58.875,64.500,55.875,59.375,59.875,55.250,54.750,58.500,386804.335,11349612,110757108
1791012076.212,MD_BayesMVP_chunking_500,71.625,59.000,68.250,56.750,63.625,58.875,64.500,55.875,58.875,59.875,55.250,56.625,58.500,386931.092,11349612,110757108
1791012077.213,MD_BayesMVP_chunking_500,71.000,59.000,67.875,56.250,63.625,58.500,64.125,55.500,58.875,59.375,58.000,54.250,58.125,387053.681,11349612,110757108
1791012078.215,MD_BayesMVP_chunking_500,70.500,66.125,64.625,63.875,66.750,69.625,64.500,65.000,68.250,66.375,61.250,62.250,66.750,387302.588,11349612,110757108
1791012079.217,MD_BayesMVP_chunking_500,70.750,67.875,65.500,65.375,69.375,71.125,63.750,65.375,69.625,68.250,63.875,63.750,68.625,387672.090,11349612,110757108
1791012080.218,MD_BayesMVP_chunking_500,71.375,68.375,66.000,65.750,69.875,71.500,64.625,65.875,70.000,69.125,64.375,64.125,69.250,388041.314,11349612,110757108
1791012081.220,MD_BayesMVP_chunking_500,71.625,68.375,66.500,65.750,69.375,70.625,64.625,65.875,69.625,69.000,64.375,64.250,69.000,388410.885,11349612,110757108
1791012082.222,MD_BayesMVP_chunking_500,71.750,68.375,66.000,65.750,69.875,72.000,65.000,65.875,70.000,69.625,64.750,64.750,69.625,388780.482,11349612,110757108
1791012083.224,MD_BayesMVP_chunking_500,72.000,68.375,66.000,65.750,69.000,72.000,64.625,66.750,70.500,70.000,64.750,64.500,69.625,389150.074,11349612,110757108
1791012084.225,MD_BayesMVP_chunking_500,72.250,68.875,66.500,66.250,70.375,72.875,65.125,65.875,70.500,70.000,64.875,64.750,69.625,389519.299,11349612,110757108
1791012085.227,MD_BayesMVP_chunking_500,72.500,69.250,66.875,66.750,70.375,72.875,65.625,66.750,71.000,70.000,65.500,65.500,70.125,389888.850,11349613,110757108
1791012086.229,MD_BayesMVP_chunking_500,72.750,69.250,66.875,67.250,70.750,73.375,65.625,66.750,71.375,70.375,66.125,65.625,70.500,390258.437,11349613,110757108
1791012087.231,MD_BayesMVP_chunking_500,73.000,69.750,66.875,67.250,70.375,72.875,65.625,67.250,71.375,70.500,65.375,65.500,71.000,390628.036,11349613,110757108
1791012088.233,MD_BayesMVP_chunking_500,73.125,69.250,67.375,66.750,70.375,73.375,65.625,67.250,71.875,71.125,65.375,65.625,70.500,390997.599,11349613,110757108
1791012089.235,MD_BayesMVP_chunking_500,73.125,69.250,66.875,66.750,70.125,72.875,66.000,67.250,71.375,70.625,65.625,65.500,70.125,391367.185,11349613,110757108
1791012090.237,MD_BayesMVP_chunking_500,73.250,69.250,66.875,67.250,70.750,73.375,65.500,67.750,71.375,71.125,66.125,66.000,70.875,391736.427,11349613,110757108
1791012091.239,MD_BayesMVP_chunking_500,73.500,69.750,66.875,67.250,70.750,73.375,66.000,67.750,71.875,71.500,65.625,65.625,70.500,392106.003,11349613,110757108
1791012092.241,MD_BayesMVP_chunking_500,73.500,69.750,67.375,66.750,70.750,73.875,66.375,67.750,71.875,71.125,65.625,66.000,71.000,392475.619,11349613,110757108
1791012093.242,MD_BayesMVP_chunking_500,73.500,69.750,67.375,67.250,70.750,73.875,66.000,67.750,71.375,71.500,66.125,65.500,70.875,392844.843,11349613,110757108
1791012094.244,MD_BayesMVP_chunking_500,73.625,69.750,67.375,67.250,70.750,73.875,66.000,67.750,71.000,71.125,66.125,66.000,70.875,393214.404,11349613,110757108
1791012095.246,MD_BayesMVP_chunking_500,73.750,70.250,67.375,67.625,70.750,73.875,66.375,68.125,71.375,71.500,66.500,66.125,71.000,393584.026,11349613,110757108
1791012096.247,MD_BayesMVP_chunking_500,73.875,69.750,67.375,67.250,70.375,73.875,66.000,67.750,71.375,71.125,66.500,66.000,71.000,393953.239,11349613,110757108
1791012097.249,MD_BayesMVP_chunking_500,73.875,69.750,67.375,67.250,70.625,73.875,66.000,67.750,71.375,71.500,66.500,66.125,70.625,394322.836,11349613,110757108
1791012098.251,MD_BayesMVP_chunking_500,74.000,69.750,67.875,67.625,71.250,73.875,66.000,68.125,71.375,71.500,66.500,66.125,70.625,394692.421,11349613,110757108
1791012099.252,MD_BayesMVP_chunking_500,74.000,69.750,67.875,66.750,71.625,73.875,66.000,67.750,71.375,71.125,66.125,66.000,71.000,395061.646,11349613,110757108
1791012100.254,MD_BayesMVP_chunking_500,74.000,70.250,67.875,67.625,71.250,74.250,66.375,67.750,71.875,71.500,66.125,66.375,71.000,395431.234,11349614,110757108
1791012101.256,MD_BayesMVP_chunking_500,74.000,69.750,68.250,67.625,70.625,73.875,66.375,68.125,71.000,71.500,66.500,66.000,70.875,395800.828,11349614,110757108
1791012102.257,MD_BayesMVP_chunking_500,74.125,70.250,67.875,67.625,70.750,74.250,66.000,68.125,71.375,72.000,66.500,66.500,71.000,396170.050,11349614,110757108
1791012103.258,MD_BayesMVP_chunking_500,74.125,69.750,67.875,67.625,71.625,74.750,66.500,68.125,71.375,71.500,66.500,66.500,71.000,396539.267,11349614,110757108
1791012104.260,MD_BayesMVP_chunking_500,74.125,69.750,67.875,68.125,71.625,74.250,66.000,68.125,71.875,71.500,66.125,66.125,70.500,396908.492,11349614,110757108
1791012105.261,MD_BayesMVP_chunking_500,74.125,69.750,67.875,67.625,71.250,73.375,66.000,67.750,71.875,72.000,66.500,66.500,71.000,397278.076,11349614,110757108
1791012106.263,MD_BayesMVP_chunking_500,74.125,69.750,67.875,67.625,71.250,74.250,66.500,68.125,71.875,72.000,66.500,65.625,71.500,397647.673,11349614,110757108
1791012107.264,MD_BayesMVP_chunking_500,74.250,70.250,67.875,67.625,71.250,74.250,67.250,68.125,71.375,72.000,66.500,66.375,71.500,398016.889,11349614,110757108
1791012108.266,MD_BayesMVP_chunking_500,74.375,69.750,67.875,68.125,71.625,74.250,67.250,68.125,71.875,72.500,66.500,66.375,71.875,398386.109,11349614,110757108
1791012109.267,MD_BayesMVP_chunking_500,74.500,70.250,68.250,68.125,72.125,74.750,68.250,68.125,72.250,72.000,66.500,66.000,71.875,398755.685,11349614,110757108
1791012110.270,MD_BayesMVP_chunking_500,74.625,70.625,68.250,68.125,71.625,74.250,67.750,68.625,72.250,72.000,67.000,66.375,71.875,399125.647,11349614,110757108
1791012111.271,MD_BayesMVP_chunking_500,74.625,70.625,68.250,68.625,72.125,74.750,67.750,68.125,72.250,72.000,66.375,66.375,71.500,399494.861,11349614,110757108
1791012112.274,MD_BayesMVP_chunking_500,74.750,70.625,66.500,68.625,72.625,75.250,68.250,68.625,72.750,72.500,66.125,66.875,71.875,399864.473,11349615,110757108
1791012113.275,MD_BayesMVP_chunking_500,74.875,70.625,67.000,68.625,72.125,75.250,68.250,68.625,72.250,72.500,66.500,66.375,71.750,400233.660,11349615,110757108
1791012114.277,MD_BayesMVP_chunking_500,75.000,70.625,68.250,68.625,71.625,75.250,68.250,68.625,72.750,72.000,66.500,66.500,71.875,400603.287,11349615,110757108
1791012115.279,MD_BayesMVP_chunking_500,75.125,70.625,68.250,68.625,71.625,75.250,66.875,68.125,72.375,72.000,67.000,66.500,71.750,400972.843,11349615,110757108
1791012116.283,MD_BayesMVP_chunking_500,75.125,70.625,68.250,68.625,72.125,75.250,66.750,68.625,72.750,72.500,65.625,66.500,71.750,401343.179,11349615,110757108
1791012117.285,MD_BayesMVP_chunking_500,75.250,70.625,67.375,69.125,73.000,75.250,66.750,69.000,72.750,73.000,66.875,66.875,71.875,401712.758,11349615,110757108
1791012118.286,MD_BayesMVP_chunking_500,75.750,71.125,68.375,69.500,71.250,77.125,67.000,70.000,73.625,73.375,66.125,67.375,73.250,402081.885,11349615,110757108
1791012119.287,MD_BayesMVP_chunking_500,78.125,74.875,74.750,67.750,62.750,81.250,70.875,74.000,73.250,78.125,72.500,70.625,77.625,402447.216,11349615,110757108
1791012120.288,MD_BayesMVP_chunking_500,77.250,61.250,70.625,58.125,60.875,65.875,66.875,58.125,62.500,62.125,59.875,57.500,61.625,402592.245,11349615,110757108
1791012121.289,MD_BayesMVP_chunking_500,76.250,60.375,69.625,57.625,64.125,65.375,66.000,57.250,60.625,61.250,56.625,56.625,60.375,402716.939,11349615,110757108
1791012122.290,MD_BayesMVP_chunking_500,75.250,60.375,69.250,57.125,62.750,64.875,65.000,57.250,60.250,60.750,59.375,55.625,59.375,402839.263,11349615,110757108
1791012123.291,MD_BayesMVP_chunking_500,74.250,59.875,68.750,56.750,59.125,64.875,65.000,56.375,60.250,60.750,56.125,55.250,59.375,402962.846,11349615,110757108
1791012124.293,MD_BayesMVP_chunking_500,73.625,59.875,68.250,56.750,59.125,59.375,65.000,62.250,59.750,60.375,55.750,56.625,59.375,403088.912,11349615,110757108
1791012125.294,MD_BayesMVP_chunking_500,72.750,59.375,70.125,56.750,58.625,59.375,64.625,60.000,59.625,59.875,55.750,55.625,58.500,403213.686,11349615,110757108
1791012126.295,MD_BayesMVP_chunking_500,72.000,59.375,67.875,55.750,61.375,58.875,64.125,59.500,59.625,59.375,55.250,56.625,59.750,403336.250,11349615,110757108
1791012127.298,MD_BayesMVP_chunking_500,71.375,65.625,62.750,63.375,67.125,68.250,62.375,63.625,66.875,66.375,62.000,61.750,65.375,403500.353,11349615,110757108
1791012128.300,MD_BayesMVP_chunking_500,71.375,67.875,64.250,65.750,69.375,71.500,64.250,65.375,69.125,69.250,63.750,63.625,68.375,403869.593,11349615,110757108
1791012129.301,MD_BayesMVP_chunking_500,71.625,68.375,65.000,64.875,69.875,72.000,64.625,65.875,70.125,69.250,64.375,63.625,69.250,404239.193,11349615,110757108
1791012130.303,MD_BayesMVP_chunking_500,72.000,68.375,65.125,65.375,70.375,72.000,65.125,66.375,70.500,69.750,64.750,64.125,69.625,404608.775,11349615,110757108
1791012131.306,MD_BayesMVP_chunking_500,72.375,68.375,65.125,66.250,70.375,72.500,65.125,66.375,70.500,69.750,64.750,64.750,69.625,404978.724,11349615,110757108
1791012132.307,MD_BayesMVP_chunking_500,72.625,68.875,65.625,66.750,70.375,72.500,65.125,66.375,70.125,70.125,65.125,65.125,70.125,405347.938,11349615,110757108
1791012133.310,MD_BayesMVP_chunking_500,72.875,68.875,65.625,67.250,70.375,73.375,65.625,67.250,71.375,71.125,65.625,65.625,70.625,405717.872,11349615,110757108
1791012134.311,MD_BayesMVP_chunking_500,73.125,69.250,66.000,66.750,70.375,73.875,66.000,67.250,71.375,71.125,65.625,66.000,70.625,406087.088,11349615,110757108
1791012135.313,MD_BayesMVP_chunking_500,73.375,69.250,66.500,66.250,70.375,73.375,65.875,67.750,71.375,71.125,66.125,65.625,70.625,406456.693,11349615,110757108
1791012136.315,MD_BayesMVP_chunking_500,73.625,69.250,66.000,67.250,70.375,73.375,66.000,67.750,71.000,70.875,65.750,66.000,71.000,406825.908,11349616,110757108
1791012137.317,MD_BayesMVP_chunking_500,73.750,69.250,66.000,67.625,70.625,73.375,66.000,67.250,71.000,70.500,66.125,66.125,71.000,407195.482,11349616,110757108
1791012138.318,MD_BayesMVP_chunking_500,73.750,69.750,65.750,67.625,70.125,73.375,66.000,67.250,70.875,70.625,66.125,66.000,70.625,407564.711,11349617,110757108
1791012139.319,MD_BayesMVP_chunking_500,73.750,69.750,66.500,67.625,70.375,73.375,66.000,67.250,70.875,71.125,66.125,65.625,70.875,407933.912,11349617,110757108
1791012140.321,MD_BayesMVP_chunking_500,73.750,68.875,66.000,67.250,70.625,73.375,66.000,67.750,71.375,70.375,66.125,66.000,71.000,408303.519,11349617,110757108
1791012141.323,MD_BayesMVP_chunking_500,73.750,69.250,66.500,67.250,70.625,73.875,66.000,67.750,71.000,70.625,66.125,66.000,71.000,408673.119,11349617,110757108
1791012142.324,MD_BayesMVP_chunking_500,73.750,69.750,66.875,67.250,70.750,73.875,66.000,67.750,71.375,71.125,65.625,66.000,71.000,409042.336,11349617,110757108
1791012143.326,MD_BayesMVP_chunking_500,73.750,69.750,66.000,66.750,70.750,73.875,66.375,67.750,71.375,71.500,66.500,66.125,71.500,409411.921,11349617,110757108
1791012144.327,MD_BayesMVP_chunking_500,73.750,69.750,66.500,67.625,71.625,72.875,66.750,67.750,71.000,71.500,66.125,66.125,71.000,409781.153,11349617,110757108
1791012145.328,MD_BayesMVP_chunking_500,73.750,69.750,67.000,67.625,71.250,73.875,66.750,67.750,71.000,70.625,66.500,66.000,71.500,410150.364,11349617,110757108
1791012146.330,MD_BayesMVP_chunking_500,73.750,69.750,66.875,67.250,71.250,73.875,66.750,67.750,71.375,71.125,66.250,66.125,71.500,410519.964,11349617,110757108
1791012147.332,MD_BayesMVP_chunking_500,73.750,69.750,66.875,67.625,71.250,72.375,66.750,68.125,71.375,71.500,66.125,66.375,71.000,410889.551,11349617,110757108
1791012148.334,MD_BayesMVP_chunking_500,73.625,69.750,67.000,68.125,71.250,73.875,66.375,68.125,71.875,71.125,65.750,66.375,71.000,411259.135,11349617,110757108
1791012149.336,MD_BayesMVP_chunking_500,73.750,69.750,66.500,67.250,70.625,74.250,66.375,68.125,71.875,71.500,66.125,66.375,71.500,411628.736,11349617,110757108
1791012150.338,MD_BayesMVP_chunking_500,73.875,69.750,66.000,67.250,71.250,72.000,66.375,68.125,71.375,71.500,66.500,66.500,71.500,411998.326,11349617,110757108
1791012151.340,MD_BayesMVP_chunking_500,73.750,69.250,66.500,68.125,71.125,71.500,66.750,68.125,71.875,71.500,66.500,66.500,71.500,412367.917,11349617,110757108
1791012152.342,MD_BayesMVP_chunking_500,73.875,69.250,67.000,67.625,71.625,74.250,66.750,68.125,72.250,71.500,66.500,66.125,71.500,412737.507,11349617,110757108
1791012153.343,MD_BayesMVP_chunking_500,74.000,70.250,66.500,67.625,71.625,74.250,66.750,68.125,72.250,72.000,66.500,66.375,71.500,413106.740,11349617,110757108
1791012154.345,MD_BayesMVP_chunking_500,74.125,69.750,66.875,67.625,71.625,72.875,66.375,68.125,72.250,72.000,66.500,66.125,71.500,413476.317,11349617,110757108
1791012155.375,MD_BayesMVP_chunking_500,74.125,70.250,66.875,67.625,71.625,74.250,66.750,68.125,71.875,72.000,66.500,66.375,71.500,413856.241,11349617,110757108
1791012156.377,MD_BayesMVP_chunking_500,74.375,69.750,67.000,67.625,72.125,74.750,66.750,67.750,72.250,72.000,66.500,66.375,71.500,414225.829,11349617,110757108
1791012157.378,MD_BayesMVP_chunking_500,74.500,70.250,67.000,67.625,71.625,74.750,67.250,68.125,72.750,71.875,67.000,66.500,71.875,414595.042,11349617,110757108
1791012158.380,MD_BayesMVP_chunking_500,74.625,70.625,67.375,68.625,71.625,74.750,67.250,68.125,72.375,72.000,67.000,66.500,71.500,414964.633,11349617,110757108
1791012159.381,MD_BayesMVP_chunking_500,74.750,70.625,66.875,68.125,72.625,74.250,66.875,68.625,72.750,72.500,67.000,66.500,71.750,415333.840,11349617,110757108
1791012160.383,MD_BayesMVP_chunking_500,74.875,70.625,67.375,68.625,72.625,74.750,67.250,69.000,72.375,72.500,67.000,66.375,71.875,415703.065,11349617,110757108
1791012161.384,MD_BayesMVP_chunking_500,75.000,70.625,67.375,68.125,72.625,75.250,67.250,68.125,73.125,72.000,67.000,66.375,72.375,416072.280,11349617,110757108
1791012162.385,MD_BayesMVP_chunking_500,75.125,70.250,67.375,68.125,72.125,74.750,67.250,68.125,72.750,72.500,66.500,66.875,71.875,416441.522,11349617,110757108
1791012163.386,MD_BayesMVP_chunking_500,75.125,70.625,67.875,68.125,72.125,74.750,67.250,68.625,72.750,72.500,67.000,66.500,71.875,416811.089,11349617,110757108
1791012164.388,MD_BayesMVP_chunking_500,75.125,70.625,67.875,68.125,72.625,74.750,67.250,68.625,73.125,72.500,67.000,66.875,71.500,417180.313,11349617,110757108
1791012165.389,MD_BayesMVP_chunking_500,75.125,70.250,67.375,68.625,73.000,75.250,66.875,68.625,73.125,72.500,67.000,67.000,71.875,417549.536,11349617,110757108
1791012166.684,MD_BayesMVP_chunking_500,75.250,70.625,67.875,68.625,72.125,75.750,66.875,68.625,73.125,73.000,66.625,67.000,72.375,418027.562,11349617,110757108
1791012167.686,MD_BayesMVP_chunking_500,75.625,70.250,68.750,69.500,74.000,76.125,67.000,69.500,73.625,73.375,67.125,68.000,73.250,418396.697,11349617,110757108
1791012168.687,MD_BayesMVP_chunking_500,76.750,62.750,68.250,70.250,77.625,77.500,72.625,74.500,75.875,79.000,74.000,72.000,79.000,418763.893,11349618,110757108
1791012169.689,MD_BayesMVP_chunking_500,76.750,61.250,65.875,61.125,61.375,61.250,67.625,62.250,61.625,73.875,58.000,57.500,61.250,418920.514,11349618,110757108
1791012170.690,MD_BayesMVP_chunking_500,76.375,60.875,57.750,58.125,60.375,60.750,68.125,61.375,65.125,73.000,57.625,56.625,60.375,419049.685,11349621,110757108
1791012171.690,MD_BayesMVP_chunking_500,76.000,60.375,56.875,57.625,59.625,60.250,67.000,60.875,60.625,72.500,58.250,56.125,59.875,419180.485,11349621,110757108
1791012172.691,MD_BayesMVP_chunking_500,75.625,60.375,56.875,57.125,62.750,59.875,66.500,60.375,59.750,72.125,57.125,55.625,64.250,419306.680,11349621,110757108
1791012173.692,MD_BayesMVP_chunking_500,75.250,59.875,56.875,56.750,59.125,59.375,66.000,56.375,59.750,71.625,59.375,55.625,59.375,419433.767,11349621,110757108
1791012174.693,MD_BayesMVP_chunking_500,74.875,59.375,56.375,56.250,63.500,59.375,65.625,56.375,62.500,71.125,58.500,55.250,59.000,419559.538,11349621,110757108
1791012175.695,MD_BayesMVP_chunking_500,74.500,59.375,57.375,56.250,58.625,58.875,65.625,55.875,59.375,71.125,58.875,54.750,59.375,419684.693,11349621,110757108
1791012176.696,MD_BayesMVP_chunking_500,74.125,65.625,62.750,63.375,67.125,69.250,62.375,63.125,66.875,66.875,62.375,61.750,66.000,419852.646,11349621,110757108
1791012177.697,MD_BayesMVP_chunking_500,73.750,67.375,64.625,65.375,69.375,72.000,64.250,65.375,70.000,69.250,63.875,63.625,68.250,420221.897,11349621,110757108
1791012178.699,MD_BayesMVP_chunking_500,73.625,67.375,64.625,65.375,69.625,72.500,65.000,66.375,70.500,69.250,64.375,64.250,69.000,420591.471,11349621,110757108
1791012179.700,MD_BayesMVP_chunking_500,73.500,67.750,65.125,65.750,70.375,72.500,65.000,66.375,70.500,70.125,64.375,64.750,69.625,420960.702,11349621,110757108
1791012180.701,MD_BayesMVP_chunking_500,73.375,68.375,65.125,66.250,70.375,72.875,65.375,66.375,70.500,69.750,64.750,64.750,69.625,421329.921,11349621,110757108
1791012181.702,MD_BayesMVP_chunking_500,73.375,67.875,65.625,65.375,70.375,72.875,65.375,66.750,70.875,70.625,64.750,64.750,69.625,421699.136,11349621,110757108
1791012182.704,MD_BayesMVP_chunking_500,73.375,68.875,66.000,65.375,70.750,73.375,65.500,66.750,70.875,70.625,65.625,64.750,70.125,422068.737,11349621,110757108
1791012183.705,MD_BayesMVP_chunking_500,73.250,68.875,66.000,65.375,70.375,73.375,65.875,67.250,71.375,70.625,65.375,65.125,70.625,422437.936,11349621,110757108
1791012184.707,MD_BayesMVP_chunking_500,73.375,68.875,66.000,65.500,70.375,73.375,65.000,66.750,70.875,70.625,65.250,65.625,70.125,422807.513,11349621,110757108
1791012185.709,MD_BayesMVP_chunking_500,73.500,69.250,66.000,65.750,70.750,73.875,65.500,66.750,71.375,71.125,65.375,66.000,70.125,423177.116,11349621,110757108
1791012186.710,MD_BayesMVP_chunking_500,73.625,68.750,66.500,66.250,70.750,73.375,65.500,67.250,71.375,71.125,65.625,66.125,70.625,423546.346,11349621,110757108
1791012187.712,MD_BayesMVP_chunking_500,73.625,69.250,66.500,67.250,70.750,73.375,65.500,67.750,71.375,71.125,65.625,65.625,71.000,423915.937,11349621,110757108
1791012188.714,MD_BayesMVP_chunking_500,73.750,69.750,66.875,67.250,71.250,73.875,66.000,67.250,72.250,72.000,65.625,66.000,71.000,424285.497,11349621,110757108
1791012189.716,MD_BayesMVP_chunking_500,73.875,68.875,66.500,67.250,70.750,73.875,66.000,67.750,71.375,71.500,66.125,66.125,70.375,424655.088,11349621,110757108
1791012190.718,MD_BayesMVP_chunking_500,74.000,69.750,66.000,67.625,71.250,73.875,66.375,67.750,72.375,72.000,65.625,66.375,71.000,425024.658,11349621,110757108
1791012191.720,MD_BayesMVP_chunking_500,74.125,70.250,66.875,67.625,71.625,74.750,66.875,67.750,71.375,71.375,66.500,66.500,71.000,425394.254,11349621,110757108
1791012192.721,MD_BayesMVP_chunking_500,74.250,69.250,66.500,67.625,71.250,74.250,66.000,68.125,72.250,72.000,66.125,66.375,71.500,425763.490,11349621,110757108
1791012193.723,MD_BayesMVP_chunking_500,74.375,69.750,67.000,68.125,71.625,74.750,66.750,67.750,72.250,72.000,66.250,66.375,71.000,426133.057,11349621,110757108
1791012194.725,MD_BayesMVP_chunking_500,74.375,69.750,66.500,67.625,71.250,74.750,66.000,68.625,71.875,71.500,66.500,66.500,71.875,426502.262,11349622,110757108
1791012195.727,MD_BayesMVP_chunking_500,74.500,70.250,67.000,67.625,71.250,74.250,66.375,68.625,72.750,72.000,66.500,66.375,71.500,426872.260,11349622,110757108
1791012196.729,MD_BayesMVP_chunking_500,74.500,70.250,67.375,67.625,71.625,74.250,66.375,68.125,72.375,71.500,66.500,66.375,71.875,427241.460,11349622,110757108
1791012197.731,MD_BayesMVP_chunking_500,74.625,70.250,66.875,67.625,72.125,74.750,66.375,68.125,72.750,72.000,66.125,66.375,71.375,427611.063,11349622,110757108
1791012198.732,MD_BayesMVP_chunking_500,74.625,69.750,67.000,67.625,72.125,74.750,66.375,68.625,72.750,72.000,66.500,66.875,71.875,427980.290,11349622,110757108
1791012199.734,MD_BayesMVP_chunking_500,74.625,70.250,66.875,68.125,72.125,74.750,66.375,68.125,71.875,72.000,67.000,66.375,71.500,428349.859,11349622,110757108
1791012200.736,MD_BayesMVP_chunking_500,74.625,70.250,66.875,67.625,71.250,74.250,66.875,68.125,71.875,72.000,67.000,66.375,71.500,428719.461,11349623,110757108
1791012201.738,MD_BayesMVP_chunking_500,74.625,70.250,67.375,67.625,71.625,74.250,66.375,68.625,72.250,72.500,66.500,66.875,71.500,429089.056,11349623,110757108
1791012202.740,MD_BayesMVP_chunking_500,74.750,70.625,67.000,68.125,72.125,74.750,66.875,68.625,72.250,72.000,66.500,66.875,71.875,429458.652,11349623,110757108
1791012203.742,MD_BayesMVP_chunking_500,74.750,70.250,67.375,68.125,72.125,74.750,66.375,68.125,72.250,71.500,66.500,66.875,71.500,429828.240,11349623,110757108
1791012204.743,MD_BayesMVP_chunking_500,74.750,70.250,66.875,68.125,71.625,75.250,66.375,68.625,72.250,71.750,67.000,66.875,71.500,430197.463,11349623,110757108
1791012205.745,MD_BayesMVP_chunking_500,74.875,70.250,67.375,67.625,71.125,74.750,66.875,68.625,72.750,72.500,66.500,67.000,71.875,430567.052,11349623,110757108
1791012206.746,MD_BayesMVP_chunking_500,74.875,69.750,67.375,68.125,72.125,74.750,66.875,68.625,72.750,72.000,66.500,67.000,71.375,430936.257,11349623,110757108
1791012207.748,MD_BayesMVP_chunking_500,75.000,70.625,67.000,68.625,71.625,74.750,66.875,68.625,72.250,72.500,66.625,66.875,71.375,431305.867,11349623,110757108
1791012208.750,MD_BayesMVP_chunking_500,75.000,70.625,67.000,68.125,72.125,74.750,66.875,68.125,72.750,72.500,67.000,67.000,71.875,431675.450,11349624,110757108
1791012209.751,MD_BayesMVP_chunking_500,75.000,70.625,67.000,68.125,72.125,75.250,66.875,68.125,72.750,72.000,66.500,67.000,71.750,432044.674,11349624,110757108
1791012210.752,MD_BayesMVP_chunking_500,75.000,70.250,67.375,68.625,72.125,74.750,66.875,68.625,72.750,72.000,66.500,66.875,71.875,432413.899,11349624,110757108
1791012211.754,MD_BayesMVP_chunking_500,75.000,70.625,66.875,68.125,72.625,75.250,67.250,68.625,72.750,72.250,67.000,66.875,71.875,432783.488,11349624,110757108
1791012212.756,MD_BayesMVP_chunking_500,75.125,70.625,66.875,68.125,72.125,75.250,66.875,68.625,72.750,72.000,67.000,67.000,71.875,433153.079,11349624,110757108
1791012213.758,MD_BayesMVP_chunking_500,75.125,71.125,67.000,67.625,72.125,75.250,66.875,68.125,73.125,72.000,67.000,66.500,71.875,433522.663,11349624,110757108
1791012214.760,MD_BayesMVP_chunking_500,75.125,70.625,67.000,68.125,73.000,75.250,66.875,68.250,73.125,71.875,67.375,67.375,72.375,433892.245,11349624,110757108
1791012215.761,MD_BayesMVP_chunking_500,75.250,70.625,67.375,68.625,72.625,75.750,67.250,68.625,72.750,72.500,67.000,67.500,71.875,434261.483,11349624,110757108
1791012216.762,MD_BayesMVP_chunking_500,75.375,71.125,68.250,69.125,72.625,75.250,67.625,68.250,73.125,73.000,67.500,67.750,72.750,434630.663,11349624,110757108
1791012217.763,MD_BayesMVP_chunking_500,76.250,71.625,70.000,71.000,73.500,79.000,68.250,70.000,73.625,74.875,67.375,69.250,72.750,434999.661,11349624,110757108
1791012218.764,MD_BayesMVP_chunking_500,77.625,61.750,58.750,58.625,61.375,62.125,67.875,59.500,62.500,74.875,68.250,58.000,62.875,435241.745,11349625,110757108
1791012219.765,MD_BayesMVP_chunking_500,77.250,60.875,59.750,57.625,60.500,60.750,66.375,57.750,61.125,73.875,60.375,56.625,60.750,435365.779,11349626,110757108
1791012220.766,MD_BayesMVP_chunking_500,76.875,60.500,57.750,57.625,59.500,60.750,66.375,57.750,60.625,72.500,59.875,56.625,61.125,435487.011,11349626,110757108
1791012221.768,MD_BayesMVP_chunking_500,76.375,60.375,59.750,57.125,59.500,59.875,65.500,57.250,60.250,72.375,56.625,56.125,64.125,435614.027,11349626,110757108
1791012222.769,MD_BayesMVP_chunking_500,76.000,59.375,59.625,57.125,59.125,59.375,65.500,56.750,59.750,71.375,56.125,55.625,64.500,435735.885,11349626,110757108
1791012223.770,MD_BayesMVP_chunking_500,75.500,61.375,56.375,56.750,59.500,59.875,64.625,56.375,59.750,71.375,57.625,55.625,59.000,435860.398,11349626,110757108
1791012224.771,idle_before_AD_Stan_tape_chunked_250,75.125,59.375,58.375,56.250,60.000,59.875,64.625,55.875,66.000,71.000,55.750,55.250,58.500,435984.748,11349626,110757108
1791012225.779,idle_before_AD_Stan_tape_chunked_250,74.750,59.000,58.375,58.125,59.000,58.500,64.625,55.875,59.375,70.500,55.250,55.250,58.125,436104.181,11349626,110757108
1791012226.780,idle_before_AD_Stan_tape_chunked_250,74.250,59.000,55.875,55.750,58.125,58.500,64.125,55.500,58.500,70.500,55.750,54.250,58.125,436221.965,11349626,110757108
1791012227.780,idle_before_AD_Stan_tape_chunked_250,73.875,60.125,55.500,55.750,58.250,58.875,64.125,55.500,58.500,70.500,56.750,54.750,62.500,436341.407,11349626,110757108
1791012228.781,idle_before_AD_Stan_tape_chunked_250,73.500,59.000,55.500,57.375,60.875,58.500,63.625,55.500,58.500,70.125,54.750,54.250,57.625,436460.152,11349626,110757108
1791012229.782,idle_before_AD_Stan_tape_chunked_250,73.250,58.000,55.500,55.250,59.500,58.500,63.625,55.500,58.875,70.125,54.375,58.125,57.625,436584.360,11349626,110757108
1791012230.784,idle_before_AD_Stan_tape_chunked_250,72.875,63.750,55.000,55.250,58.125,58.000,63.250,55.000,58.000,69.625,54.375,53.875,61.125,436702.324,11349626,110757108
1791012231.785,idle_before_AD_Stan_tape_chunked_250,72.500,61.875,55.500,55.250,59.500,58.000,63.250,55.000,58.500,69.625,54.500,53.875,57.250,436826.879,11349626,110757108
1791012232.786,idle_before_AD_Stan_tape_chunked_250,72.250,57.500,54.500,54.750,56.875,58.000,63.250,54.125,57.500,69.125,53.375,53.875,56.750,436945.653,11349626,110757108
1791012233.787,idle_before_AD_Stan_tape_chunked_250,71.875,57.500,55.000,54.750,56.875,57.000,63.250,54.125,57.500,69.125,53.875,53.375,56.750,437063.322,11349626,110757108
1791012234.788,idle_before_AD_Stan_tape_chunked_250,71.625,56.625,55.500,54.375,59.000,57.000,62.750,53.625,57.125,68.750,53.375,52.875,56.250,437179.822,11349626,110757108
1791012235.789,idle_before_AD_Stan_tape_chunked_250,71.375,57.125,54.125,55.250,62.625,57.000,62.250,55.000,57.125,67.875,53.375,53.375,56.250,437298.939,11349626,110757108
1791012236.791,idle_before_AD_Stan_tape_chunked_250,71.125,57.125,54.125,53.875,58.125,56.625,61.750,54.125,60.125,68.250,52.875,52.875,56.250,437415.989,11349626,110757108
1791012237.792,idle_before_AD_Stan_tape_chunked_250,70.750,56.625,53.625,53.375,58.500,56.625,61.750,53.625,57.125,67.875,52.875,52.375,55.375,437532.231,11349626,110757108
1791012238.793,idle_before_AD_Stan_tape_chunked_250,70.500,56.625,53.125,53.375,56.000,57.500,61.750,53.125,56.250,67.875,54.500,52.375,55.375,437650.738,11349626,110757108
1791012239.794,idle_before_AD_Stan_tape_chunked_250,70.250,56.125,53.125,53.375,57.125,56.125,61.375,53.125,56.250,67.875,52.875,52.375,56.375,437767.709,11349626,110757108
1791012240.795,idle_before_AD_Stan_tape_chunked_250,70.000,56.125,53.125,53.375,59.500,56.125,60.875,56.375,56.250,67.375,52.500,52.000,55.875,437889.279,11349626,110757108
1791012241.797,idle_before_AD_Stan_tape_chunked_250,69.750,55.750,53.125,53.375,55.000,55.625,60.875,52.750,56.250,67.375,54.250,52.375,55.875,438006.419,11349626,110757108
1791012242.799,idle_before_AD_Stan_tape_chunked_250,69.500,56.125,52.625,53.375,55.375,58.500,60.875,52.750,55.750,67.375,55.875,51.500,55.000,438124.027,11349626,110757108
1791012243.800,idle_before_AD_Stan_tape_chunked_250,69.250,58.625,52.625,52.875,54.875,55.625,60.875,52.750,55.750,67.000,52.000,52.000,55.000,438241.658,11349626,110757108
1791012244.801,idle_before_AD_Stan_tape_chunked_250,69.125,55.750,53.250,52.875,55.000,55.125,60.875,52.250,55.250,67.000,52.000,51.500,55.000,438358.588,11349630,110757108
1791012245.802,idle_before_AD_Stan_tape_chunked_250,68.875,55.750,52.250,52.875,54.625,55.125,60.375,52.250,55.750,67.000,54.000,51.500,55.000,438477.846,11349630,110757108
1791012246.803,idle_before_AD_Stan_tape_chunked_250,68.625,56.125,52.250,52.625,54.375,54.750,60.875,52.250,55.250,66.500,52.000,51.500,54.500,438595.064,11349630,110757108
1791012247.804,idle_before_AD_Stan_tape_chunked_250,68.375,57.625,52.250,52.375,54.625,55.125,60.000,52.250,54.875,66.500,54.625,51.000,54.500,438712.064,11349630,110757108
1791012248.805,idle_before_AD_Stan_tape_chunked_250,68.250,55.250,53.750,52.375,54.125,55.125,60.375,52.250,54.875,66.500,51.500,51.500,54.125,438828.285,11349630,110757108
1791012249.806,idle_before_AD_Stan_tape_chunked_250,68.000,56.125,52.250,52.000,54.125,54.750,60.000,51.875,54.875,66.000,51.500,52.625,54.125,438948.265,11349630,110757108
1791012250.808,idle_before_AD_Stan_tape_chunked_250,67.750,55.250,51.750,52.000,54.125,54.750,60.000,51.875,54.375,65.625,51.000,51.500,53.625,439065.011,11349630,110757108
1791012251.809,idle_before_AD_Stan_tape_chunked_250,67.625,55.250,56.375,52.000,54.125,54.750,60.375,52.750,54.875,65.625,51.500,51.500,53.625,439198.488,11349630,110757108
1791012252.810,idle_before_AD_Stan_tape_chunked_250,67.375,56.875,51.750,52.375,53.875,55.125,60.375,52.250,54.875,66.000,51.500,51.000,54.125,439335.712,11349630,110757108
1791012253.811,idle_before_AD_Stan_tape_chunked_250,67.250,55.375,55.625,52.000,54.125,54.750,60.000,52.750,54.375,65.625,52.000,52.875,55.750,439471.960,11349630,110757108
1791012254.812,idle_before_AD_Stan_tape_chunked_250,67.125,54.250,52.375,52.000,53.750,53.750,60.375,51.375,54.375,65.625,52.750,50.500,56.625,439592.694,11349630,110757108
1791012255.813,idle_before_AD_Stan_tape_chunked_250,66.875,53.875,51.750,51.500,53.250,57.000,60.000,53.125,54.000,65.125,51.500,50.500,53.625,439715.726,11349630,110757108
1791012256.814,idle_before_AD_Stan_tape_chunked_250,66.750,53.875,51.250,51.500,53.750,53.750,60.000,51.375,55.750,65.125,51.000,50.500,53.625,439837.390,11349630,110757108
1791012257.815,idle_before_AD_Stan_tape_chunked_250,66.625,55.250,51.250,51.500,53.250,53.750,59.500,50.875,54.000,64.750,50.625,50.500,54.125,439960.068,11349630,110757108
1791012258.816,idle_before_AD_Stan_tape_chunked_250,66.500,55.750,51.250,51.500,53.125,53.375,60.000,51.375,54.000,65.125,50.625,50.500,55.000,440080.460,11349630,110757108
1791012259.817,idle_before_AD_Stan_tape_chunked_250,66.250,54.250,50.750,51.500,53.250,53.375,59.000,52.250,54.375,65.125,50.625,50.500,52.750,440208.681,11349630,110757108
1791012260.819,idle_before_AD_Stan_tape_chunked_250,66.125,56.250,51.250,51.000,53.250,53.750,59.000,50.875,53.500,64.750,50.125,50.125,52.750,440326.320,11349630,110757108
1791012261.820,idle_before_AD_Stan_tape_chunked_250,66.000,53.875,50.750,51.000,52.750,53.375,59.000,50.875,55.750,64.750,51.000,50.125,52.250,440443.413,11349630,110757108
1791012262.821,idle_before_AD_Stan_tape_chunked_250,65.875,59.625,50.750,51.000,53.000,53.375,59.500,50.875,53.500,64.250,50.625,49.625,52.250,440561.189,11349630,110757108
1791012263.822,idle_before_AD_Stan_tape_chunked_250,65.625,53.875,50.750,54.375,53.625,53.750,59.500,51.375,54.375,54.125,51.500,50.500,64.500,440691.884,11349630,110757108
1791012264.823,idle_before_AD_Stan_tape_chunked_250,65.500,53.375,50.750,51.000,56.750,53.375,58.500,51.375,53.500,54.125,50.625,50.125,64.500,440845.032,11349630,110757108
1791012265.824,idle_before_AD_Stan_tape_chunked_250,65.375,52.875,62.000,51.000,53.000,53.875,58.500,50.500,53.000,54.125,50.625,49.625,52.750,440962.092,11349630,110757108
1791012266.825,idle_before_AD_Stan_tape_chunked_250,64.750,52.875,53.750,51.000,51.875,52.375,59.000,50.875,62.500,53.625,50.625,49.125,53.500,441080.661,11349630,110757108
1791012267.826,idle_before_AD_Stan_tape_chunked_250,64.625,52.375,50.375,51.000,51.875,51.875,59.000,50.500,63.750,53.125,51.250,49.125,52.250,441199.257,11349630,110757108
1791012268.827,idle_before_AD_Stan_tape_chunked_250,64.500,54.000,53.375,51.000,52.375,52.375,58.500,50.500,63.750,52.750,50.125,49.125,52.750,441317.286,11349630,110757108
1791012269.828,idle_before_AD_Stan_tape_chunked_250,64.500,52.375,50.375,52.875,52.500,51.875,58.125,50.500,63.375,53.125,49.625,49.125,52.250,441438.753,11349630,110757108
1791012270.830,idle_before_AD_Stan_tape_chunked_250,64.375,52.875,50.375,51.000,52.500,52.375,58.500,50.500,63.750,53.125,50.125,49.625,53.125,441566.692,11349632,110757108
1791012271.831,idle_before_AD_Stan_tape_chunked_250,64.125,53.375,51.125,52.125,54.875,57.000,58.500,51.375,54.000,55.000,52.500,59.000,54.125,441697.336,11349632,110757108
1791012272.832,idle_before_AD_Stan_tape_chunked_250,63.750,52.375,50.375,50.500,53.000,51.875,58.500,50.000,63.750,54.750,49.625,49.750,51.875,441829.961,11349632,110757108
1791012273.833,idle_before_AD_Stan_tape_chunked_250,63.750,52.375,49.875,50.000,51.875,52.375,58.500,50.000,63.375,52.750,49.625,49.625,51.375,441946.411,11349632,110757108
1791012274.834,idle_before_AD_Stan_tape_chunked_250,63.625,52.000,50.375,58.625,51.625,51.875,58.500,50.500,63.375,52.250,49.625,49.125,51.375,442066.401,11349635,110757108
1791012275.835,idle_before_AD_Stan_tape_chunked_250,63.625,54.625,49.875,50.000,54.875,51.875,58.125,50.000,63.375,57.875,49.500,49.125,51.375,442186.965,11349635,110757108
1791012276.836,idle_before_AD_Stan_tape_chunked_250,63.625,52.750,49.875,50.000,51.500,51.500,58.125,49.500,62.875,52.250,49.625,49.125,51.375,442307.824,11349635,110757108
1791012277.838,idle_before_AD_Stan_tape_chunked_250,63.500,52.375,49.875,50.500,51.500,51.875,58.125,50.000,62.875,52.750,48.750,49.125,51.375,442424.172,11349635,110757108
1791012278.839,idle_before_AD_Stan_tape_chunked_250,63.500,52.375,50.375,50.500,51.875,51.875,58.500,50.000,62.875,52.750,49.625,49.125,51.875,442554.848,11349635,110757108
1791012279.840,idle_before_AD_Stan_tape_chunked_250,63.375,52.375,50.375,50.000,51.875,52.375,58.500,50.000,63.375,56.750,50.125,49.750,51.875,442689.107,11349635,110757108
1791012280.841,idle_before_AD_Stan_tape_chunked_250,63.500,52.375,50.875,50.000,51.500,51.500,58.125,50.000,63.375,55.875,49.250,49.125,51.375,442822.468,11349635,110757108
1791012281.842,idle_before_AD_Stan_tape_chunked_250,63.375,52.000,49.875,49.625,51.500,51.500,58.125,49.500,62.875,52.750,49.500,48.250,51.375,442940.982,11349635,110757108
1791012282.842,idle_before_AD_Stan_tape_chunked_250,63.375,52.000,50.500,49.625,51.250,51.500,58.125,49.500,62.875,51.875,49.250,48.750,51.000,443062.694,11349635,110757108
1791012283.843,idle_before_AD_Stan_tape_chunked_250,63.375,55.250,53.750,49.625,51.500,51.500,58.125,49.500,62.875,52.250,49.625,48.250,51.000,443182.061,11349635,110757108
1791012284.844,idle_before_AD_Stan_tape_chunked_250,63.125,55.000,48.875,49.625,55.750,54.875,57.125,49.125,55.625,51.875,59.750,48.250,53.250,443303.054,11349635,110757108
1791012285.845,idle_before_AD_Stan_tape_chunked_250,62.625,51.500,50.500,49.625,51.125,51.500,57.625,49.125,53.750,51.875,60.250,48.250,51.375,443423.527,11349635,110757108
1791012286.846,idle_before_AD_Stan_tape_chunked_250,62.250,51.500,49.375,49.125,56.250,51.000,57.625,49.500,55.000,51.875,59.750,48.250,51.250,443543.543,11349635,110757108
1791012287.847,idle_before_AD_Stan_tape_chunked_250,61.750,54.625,48.875,49.625,51.500,51.000,57.125,59.375,52.875,51.875,49.250,48.250,53.500,443663.333,11349636,110757108
1791012288.849,idle_before_AD_Stan_tape_chunked_250,61.375,53.500,49.375,49.625,51.125,51.000,57.625,59.875,51.750,51.875,48.750,48.250,51.000,443784.833,11349636,110757108
1791012289.850,idle_before_AD_Stan_tape_chunked_250,61.000,51.000,48.875,49.125,50.625,51.500,57.125,59.375,51.250,52.250,48.750,48.250,50.500,443904.411,11349636,110757108
1791012290.851,idle_before_AD_Stan_tape_chunked_250,60.750,51.500,50.125,49.625,52.125,51.500,57.125,59.375,53.500,56.125,49.750,48.250,51.375,444040.682,11349637,110757108
1791012291.851,idle_before_AD_Stan_tape_chunked_250,60.375,51.000,49.375,49.625,51.000,51.000,57.625,59.875,50.875,51.375,50.125,48.250,50.500,444197.694,11349641,110757108
1791012292.853,idle_before_AD_Stan_tape_chunked_250,60.125,51.500,48.875,49.125,50.500,50.500,58.125,59.375,51.250,51.875,49.250,48.250,50.500,444315.569,11349643,110757108
1791012293.854,idle_before_AD_Stan_tape_chunked_250,60.000,51.000,48.875,49.125,50.125,50.000,57.625,59.875,50.375,51.000,49.250,48.250,49.625,444433.750,11349643,110757108
1791012294.855,idle_before_AD_Stan_tape_chunked_250,60.000,50.500,49.750,49.125,56.750,50.500,57.625,59.000,50.875,52.875,49.250,48.250,50.125,444551.732,11349643,110757108
1791012295.857,idle_before_AD_Stan_tape_chunked_250,59.875,51.000,48.875,49.125,50.125,50.000,58.125,59.875,50.875,51.375,48.750,48.250,52.250,444671.090,11349643,110757108
1791012296.858,idle_before_AD_Stan_tape_chunked_250,59.875,51.000,48.875,49.125,52.250,50.500,57.125,59.000,50.875,51.375,48.750,51.000,53.125,444789.241,11349643,110757108
1791012297.859,idle_before_AD_Stan_tape_chunked_250,60.000,51.000,48.875,48.625,50.125,51.500,58.125,59.375,50.875,51.375,48.250,48.250,50.125,444912.657,11349643,110757108
1791012298.860,idle_before_AD_Stan_tape_chunked_250,59.875,51.750,48.500,48.625,50.625,52.375,57.125,59.875,50.375,51.000,52.500,48.250,50.125,445031.356,11349643,110757108
1791012299.861,idle_before_AD_Stan_tape_chunked_250,59.875,51.000,48.500,48.625,49.750,49.625,57.125,59.375,50.375,54.000,49.250,47.750,49.625,445151.090,11349643,110757108
1791012300.863,idle_before_AD_Stan_tape_chunked_250,59.750,51.000,48.500,49.125,50.500,50.500,57.125,59.000,50.375,51.375,48.750,50.125,49.625,445271.440,11349644,110757108
1791012301.864,idle_before_AD_Stan_tape_chunked_250,59.750,51.000,48.500,48.625,50.125,52.250,57.125,59.000,50.375,51.000,48.250,48.250,50.125,445389.998,11349644,110757108
1791012302.865,idle_before_AD_Stan_tape_chunked_250,59.625,52.000,48.500,48.625,50.250,52.375,56.750,59.375,50.375,51.000,48.250,48.250,49.625,445507.457,11349644,110757108
1791012303.866,idle_before_AD_Stan_tape_chunked_250,59.625,50.500,50.500,48.625,49.625,49.625,56.750,59.000,50.375,50.500,48.250,47.750,49.625,445627.173,11349644,110757108
1791012304.867,idle_before_AD_Stan_tape_chunked_250,59.500,50.125,48.500,48.625,50.125,49.625,56.750,59.000,50.375,50.500,48.250,48.250,49.125,445748.003,11349644,110757108
1791012305.869,idle_before_AD_Stan_tape_chunked_250,59.500,50.500,48.500,49.125,49.625,49.625,56.750,59.375,50.375,51.000,48.750,49.125,49.625,445870.543,11349644,110757108
1791012306.870,idle_before_AD_Stan_tape_chunked_250,59.500,50.500,48.500,48.625,49.750,49.625,56.250,59.375,50.375,51.375,47.750,49.625,49.125,445989.558,11349644,110757108
1791012307.871,idle_before_AD_Stan_tape_chunked_250,59.375,50.500,48.500,48.625,50.625,49.625,56.250,59.000,49.875,53.500,48.250,47.750,49.125,446111.333,11349644,110757108
1791012308.872,idle_before_AD_Stan_tape_chunked_250,59.250,50.125,48.500,48.625,52.500,49.625,56.750,48.625,50.875,51.375,47.750,47.250,60.875,446228.949,11349644,110757108
1791012309.873,idle_before_AD_Stan_tape_chunked_250,60.250,60.875,48.875,48.625,49.750,49.625,56.750,48.625,50.375,52.250,47.750,47.250,49.625,446348.569,11349644,110757108
1791012310.875,idle_before_AD_Stan_tape_chunked_250,60.875,60.875,48.625,48.625,49.625,49.625,56.250,48.125,53.000,50.500,47.750,47.750,49.125,446467.038,11349644,110757108
1791012311.876,idle_before_AD_Stan_tape_chunked_250,61.125,61.375,48.000,48.125,49.625,50.000,56.750,48.625,49.875,53.625,50.500,47.250,49.625,446585.498,11349644,110757108
1791012312.877,idle_before_AD_Stan_tape_chunked_250,61.250,60.875,48.000,48.125,49.250,52.875,56.250,48.125,57.625,51.000,47.375,46.875,49.125,446705.325,11349644,110757108
1791012313.878,idle_before_AD_Stan_tape_chunked_250,61.375,61.375,53.250,48.125,49.625,54.250,56.250,48.625,49.875,52.750,47.750,47.250,48.750,446822.464,11349644,110757108
1791012314.879,idle_before_AD_Stan_tape_chunked_250,61.375,60.875,49.375,48.125,49.500,49.625,56.250,48.125,49.875,50.500,47.375,47.250,49.125,446940.056,11349644,110757108
1791012315.880,idle_before_AD_Stan_tape_chunked_250,61.375,61.375,48.000,48.125,49.250,49.625,55.750,50.875,50.500,52.250,47.750,47.250,49.125,447057.572,11349644,110757108
1791012316.882,idle_before_AD_Stan_tape_chunked_250,61.250,61.375,48.000,48.125,49.500,50.500,56.250,48.125,49.500,51.000,47.375,47.250,49.125,447175.742,11349644,110757108
1791012317.883,idle_before_AD_Stan_tape_chunked_250,61.250,60.875,48.000,48.125,49.250,49.625,56.250,49.125,49.875,50.125,47.750,47.750,49.125,447293.101,11349644,110757108
1791012318.884,idle_before_AD_Stan_tape_chunked_250,61.250,60.875,48.000,48.125,49.625,49.625,55.750,48.125,50.125,51.000,47.375,46.875,49.125,447413.147,11349644,110757108
1791012319.885,idle_before_AD_Stan_tape_chunked_250,61.250,61.375,48.000,48.125,49.250,49.625,56.750,48.125,49.875,50.125,48.250,46.875,48.250,447530.366,11349644,110757108
1791012320.886,idle_before_AD_Stan_tape_chunked_250,61.250,60.875,48.000,48.125,49.250,49.625,55.750,47.750,49.500,53.250,47.375,46.875,49.125,447648.807,11349644,110757108
1791012321.888,idle_before_AD_Stan_tape_chunked_250,61.250,61.375,47.500,48.125,49.250,49.625,55.750,48.125,49.500,52.750,47.750,46.875,48.750,447769.796,11349644,110757108
1791012322.889,idle_before_AD_Stan_tape_chunked_250,61.250,50.500,47.500,47.625,49.750,49.625,55.375,47.750,50.625,52.500,57.500,48.125,49.125,447888.947,11349644,110757108
1791012323.890,idle_before_AD_Stan_tape_chunked_250,60.750,49.625,47.500,47.625,49.250,50.500,55.750,48.125,49.500,50.500,58.000,46.875,48.750,448006.097,11349644,110757108
1791012324.891,idle_before_AD_Stan_tape_chunked_250,60.500,50.125,48.000,47.625,49.750,53.125,55.750,48.125,49.500,51.000,47.375,46.875,60.000,448124.555,11349644,110757108
1791012325.892,idle_before_AD_Stan_tape_chunked_250,60.500,50.125,47.500,47.625,49.750,49.125,55.375,47.750,49.500,52.750,47.375,46.875,60.000,448241.467,11349644,110757108
1791012326.893,idle_before_AD_Stan_tape_chunked_250,60.375,52.000,47.500,47.625,50.625,49.125,55.750,47.750,49.875,50.125,47.375,46.875,60.500,448358.293,11349644,110757108
1791012327.895,idle_before_AD_Stan_tape_chunked_250,60.375,49.625,47.500,47.625,49.750,48.625,55.750,47.750,54.375,49.625,46.875,46.875,60.500,448474.944,11349644,110757108
1791012328.896,idle_before_AD_Stan_tape_chunked_250,60.375,49.625,47.500,47.625,50.250,49.125,55.750,47.750,51.500,49.625,47.375,47.250,60.000,448593.113,11349644,110757108
1791012329.897,idle_before_AD_Stan_tape_chunked_250,60.375,49.625,47.500,47.625,53.125,49.125,55.750,47.750,49.875,49.625,47.375,46.875,60.500,448710.982,11349644,110757108
1791012330.898,idle_before_AD_Stan_tape_chunked_250,60.500,60.500,47.500,47.625,49.625,49.125,55.750,47.750,51.500,49.625,47.375,46.875,49.125,448829.289,11349644,110757108
1791012331.899,idle_before_AD_Stan_tape_chunked_250,60.625,60.875,47.500,47.625,48.750,49.125,55.750,47.750,49.000,50.125,47.375,46.375,50.375,448947.272,11349644,110757108
1791012332.900,idle_before_AD_Stan_tape_chunked_250,60.750,60.500,47.500,47.625,49.250,49.125,55.750,47.875,49.500,50.125,47.750,46.875,48.750,449063.207,11349644,110757108
1791012333.902,idle_before_AD_Stan_tape_chunked_250,60.750,60.500,47.500,47.625,49.250,50.875,55.375,47.250,49.500,49.625,47.375,46.875,48.750,449183.542,11349644,110757108
1791012334.903,idle_before_AD_Stan_tape_chunked_250,60.750,60.875,47.500,47.625,49.250,51.000,55.750,47.750,49.000,50.125,48.500,46.875,48.250,449302.025,11349644,110757108
1791012335.904,idle_before_AD_Stan_tape_chunked_250,60.750,60.500,47.500,47.250,49.250,49.625,55.375,47.750,49.500,49.625,47.375,46.875,48.250,449419.962,11349644,110757108
1791012336.905,idle_before_AD_Stan_tape_chunked_250,60.750,60.500,50.625,47.250,49.250,49.125,55.375,47.250,49.000,49.625,46.875,46.875,47.875,449535.918,11349644,110757108
1791012337.906,idle_before_AD_Stan_tape_chunked_250,60.750,60.500,50.750,47.625,48.875,49.125,55.375,47.750,49.000,49.625,47.750,50.375,48.250,449654.643,11349644,110757108
1791012338.910,idle_before_AD_Stan_tape_chunked_250,60.625,60.000,47.500,47.625,48.875,48.625,55.375,47.750,49.000,49.625,47.375,48.750,47.875,449773.069,11349644,110757108
1791012339.912,idle_before_AD_Stan_tape_chunked_250,60.625,60.500,47.500,47.250,49.250,49.125,55.375,50.875,51.750,49.625,46.875,46.875,48.250,449893.233,11349644,110757108
1791012340.913,idle_before_AD_Stan_tape_chunked_250,60.625,60.000,47.000,47.625,51.875,48.625,55.375,47.250,49.500,49.625,47.375,46.375,48.250,450009.752,11349644,110757108
1791012341.914,idle_before_AD_Stan_tape_chunked_250,60.625,60.500,47.500,47.625,49.250,48.625,55.375,49.500,49.500,49.125,47.750,50.000,48.250,450127.877,11349644,110757108
1791012342.915,idle_before_AD_Stan_tape_chunked_250,60.500,60.500,47.000,47.250,48.875,49.125,55.375,49.500,49.000,48.750,46.875,46.375,47.875,450244.312,11349644,110757108
1791012343.916,idle_before_AD_Stan_tape_chunked_250,60.500,60.500,50.375,47.250,49.750,48.625,55.375,48.125,49.000,49.125,47.375,46.375,48.250,450361.938,11349644,110757108
1791012344.917,idle_before_AD_Stan_tape_chunked_250,60.500,60.000,47.000,47.250,48.250,48.625,55.375,49.125,49.000,49.125,46.875,46.875,47.875,450479.348,11349644,110757108
1791012345.919,idle_before_AD_Stan_tape_chunked_250,60.375,60.000,47.000,47.250,48.250,48.625,55.375,47.750,48.625,49.125,47.375,46.875,48.250,450595.850,11349644,110757108
1791012346.920,idle_before_AD_Stan_tape_chunked_250,60.375,60.000,47.000,48.125,48.500,48.625,55.375,47.750,49.000,49.125,47.375,46.875,48.250,450713.333,11349644,110757108
1791012347.922,idle_before_AD_Stan_tape_chunked_250,60.375,60.500,47.000,47.250,50.250,48.625,55.375,47.250,48.625,49.125,47.375,46.875,47.875,450830.803,11349644,110757108
1791012348.923,idle_before_AD_Stan_tape_chunked_250,60.375,60.000,47.000,46.750,48.250,48.625,55.375,47.250,49.000,49.125,47.375,46.875,47.875,450951.251,11349644,110757108
1791012349.923,idle_before_AD_Stan_tape_chunked_250,60.375,60.000,46.625,47.250,49.250,48.625,55.375,48.500,48.625,49.125,46.375,46.875,47.875,451069.842,11349644,110757108
1791012350.925,idle_before_AD_Stan_tape_chunked_250,60.375,59.500,47.000,47.250,52.125,48.625,54.875,47.750,49.500,49.625,46.875,46.875,48.250,451190.523,11349644,110757108
1791012351.926,idle_before_AD_Stan_tape_chunked_250,60.375,60.500,51.875,47.250,48.750,48.625,55.375,53.625,48.625,49.125,46.875,46.875,48.250,451311.521,11349644,110757108
1791012352.927,idle_before_AD_Stan_tape_chunked_250,60.250,60.000,47.000,47.250,48.875,48.250,55.375,47.750,52.250,48.750,47.375,46.875,47.875,451434.089,11349644,110757108
1791012353.928,idle_before_AD_Stan_tape_chunked_250,60.250,60.000,47.500,47.250,48.375,48.625,55.750,47.750,48.625,49.625,46.875,46.875,47.875,451554.042,11349644,110757108
1791012354.930,idle_before_AD_Stan_tape_chunked_250,60.250,59.500,47.000,47.250,49.500,48.625,55.375,47.250,53.500,49.125,48.250,46.375,47.875,451674.136,11349644,110757108
1791012355.931,idle_before_AD_Stan_tape_chunked_250,60.125,59.500,47.000,47.250,48.375,48.625,55.375,47.750,49.000,49.125,46.875,45.875,47.875,451791.525,11349644,110757108
1791012356.933,idle_before_AD_Stan_tape_chunked_250,60.125,59.500,46.625,46.750,48.250,51.875,55.375,48.500,49.000,48.750,46.875,46.375,47.875,451911.913,11349644,110757108
1791012357.934,idle_before_AD_Stan_tape_chunked_250,60.000,59.500,47.000,47.250,47.875,48.250,55.375,47.750,48.625,49.125,47.375,46.375,47.875,452029.707,11349644,110757108
1791012358.935,idle_before_AD_Stan_tape_chunked_250,60.000,49.125,46.625,46.750,60.375,48.250,54.875,46.875,48.625,49.625,48.875,46.375,48.000,452147.627,11349644,110757108
1791012359.936,idle_before_AD_Stan_tape_chunked_250,60.250,48.750,47.000,46.750,60.375,48.250,54.875,46.375,48.625,50.250,46.875,45.875,47.875,452265.083,11349644,110757108
1791012360.937,idle_before_AD_Stan_tape_chunked_250,60.375,48.750,46.625,47.250,60.375,48.250,55.750,46.875,49.000,52.000,46.375,46.375,47.875,452384.593,11349644,110757108
1791012361.938,idle_before_AD_Stan_tape_chunked_250,60.625,48.750,46.625,47.250,60.875,48.250,55.375,46.875,50.875,49.125,46.375,46.375,48.250,452502.950,11349644,110757108
1791012362.940,idle_before_AD_Stan_tape_chunked_250,60.750,48.750,46.625,47.250,60.875,48.250,54.875,46.875,50.875,48.750,46.875,46.375,47.875,452621.461,11349644,110757108
1791012363.941,idle_before_AD_Stan_tape_chunked_250,60.750,48.750,47.000,46.750,60.875,47.750,55.375,47.250,49.000,49.125,46.375,45.875,47.875,452739.402,11349644,110757108
1791012364.942,idle_before_AD_Stan_tape_chunked_250,60.750,48.750,46.625,46.750,60.375,48.250,54.875,46.875,48.625,50.125,46.875,45.875,47.875,452856.465,11349644,110757108
1791012365.943,idle_before_AD_Stan_tape_chunked_250,60.750,48.750,50.375,46.750,60.375,48.250,54.375,46.875,48.625,50.000,46.875,45.875,47.875,452978.424,11349644,110757108
1791012366.944,idle_before_AD_Stan_tape_chunked_250,60.750,49.125,47.000,46.750,60.375,48.625,54.875,47.250,48.625,51.000,46.375,45.875,47.375,453098.993,11349644,110757108
1791012367.946,idle_before_AD_Stan_tape_chunked_250,60.750,51.500,46.625,46.750,50.250,48.250,54.875,47.750,49.000,55.875,46.375,45.875,48.250,453215.569,11349644,110757108
1791012368.947,idle_before_AD_Stan_tape_chunked_250,60.500,48.750,46.625,46.750,47.875,48.250,54.875,49.500,48.125,59.125,45.875,46.375,47.875,453334.337,11349644,110757108
1791012369.947,idle_before_AD_Stan_tape_chunked_250,60.375,50.250,46.625,46.750,47.875,48.250,54.875,47.250,48.625,59.125,46.375,48.000,47.375,453451.440,11349644,110757108
1791012370.949,idle_before_AD_Stan_tape_chunked_250,60.250,49.125,53.250,46.750,47.875,48.250,55.375,46.875,49.000,59.125,46.375,46.500,49.000,453569.547,11349644,110757108
1791012371.949,idle_before_AD_Stan_tape_chunked_250,60.125,48.750,46.625,46.750,51.625,48.250,54.375,46.875,48.625,59.125,46.375,45.875,47.875,453686.277,11349644,110757108
1791012372.950,idle_before_AD_Stan_tape_chunked_250,60.125,48.750,46.625,46.750,48.250,48.625,54.375,47.250,48.625,59.125,46.375,46.375,49.500,453805.101,11349644,110757108
1791012373.952,idle_before_AD_Stan_tape_chunked_250,60.000,49.125,47.000,47.250,47.875,48.625,55.375,47.250,48.625,59.125,47.750,45.875,47.875,453930.967,11349644,110757108
1791012374.953,idle_before_AD_Stan_tape_chunked_250,59.875,48.750,46.625,46.750,47.500,48.250,55.375,46.875,48.125,59.500,46.375,45.875,47.875,454051.174,11349644,110757108
1791012375.954,idle_before_AD_Stan_tape_chunked_250,59.875,48.750,46.625,46.750,47.500,48.250,55.375,47.250,48.125,59.125,46.375,48.750,47.375,454171.716,11349644,110757108
1791012376.955,idle_before_AD_Stan_tape_chunked_250,59.875,49.125,46.625,46.750,47.875,48.250,54.875,46.875,48.625,59.125,46.375,46.375,47.875,454293.400,11349645,110757108
1791012377.956,idle_before_AD_Stan_tape_chunked_250,59.750,48.750,46.625,46.750,47.500,48.625,55.750,46.375,48.625,59.125,46.375,45.875,47.375,454412.075,11349645,110757108
1791012378.957,idle_before_AD_Stan_tape_chunked_250,59.750,48.750,48.875,46.750,47.500,48.250,54.875,46.875,48.625,59.125,46.875,49.750,47.875,454533.351,11349645,110757108
1791012379.958,idle_before_AD_Stan_tape_chunked_250,59.625,48.250,48.125,46.750,47.500,49.375,55.375,46.375,48.125,59.125,46.375,45.375,47.375,454651.482,11349646,110757108
1791012380.959,idle_before_AD_Stan_tape_chunked_250,59.625,48.750,46.625,46.750,47.875,48.625,54.875,48.125,48.125,59.125,46.375,46.500,47.375,454769.101,11349646,110757108
1791012381.960,idle_before_AD_Stan_tape_chunked_250,59.500,48.750,46.625,46.750,47.375,47.750,54.375,48.125,48.125,59.125,46.375,45.875,49.875,454887.716,11349646,110757108
1791012382.961,idle_before_AD_Stan_tape_chunked_250,59.500,51.500,46.625,46.250,47.375,48.250,54.875,46.875,48.125,59.500,45.875,45.875,49.875,455003.344,11349646,110757108
1791012383.962,idle_before_AD_Stan_tape_chunked_250,59.500,48.750,46.125,46.250,47.500,48.250,54.375,47.750,48.625,59.500,46.375,45.375,51.875,455121.011,11349646,110757108
1791012384.963,idle_before_AD_Stan_tape_chunked_250,59.375,48.250,46.625,46.750,47.375,55.500,54.875,48.625,48.125,59.125,49.750,45.375,50.375,455239.244,11349649,110757108
1791012385.965,idle_before_AD_Stan_tape_chunked_250,59.375,50.750,46.625,46.250,47.875,48.250,54.875,46.875,48.625,59.500,46.375,45.875,47.875,455364.502,11349649,110757108
1791012386.966,idle_before_AD_Stan_tape_chunked_250,59.375,48.250,46.625,46.750,47.500,47.750,54.875,46.875,48.625,59.125,46.375,45.875,48.500,455482.394,11349650,110757108
1791012387.967,idle_before_AD_Stan_tape_chunked_250,59.375,50.750,46.625,46.750,51.750,48.250,54.375,48.125,48.125,59.500,45.875,45.875,47.375,455600.204,11349650,110757108
1791012388.968,idle_before_AD_Stan_tape_chunked_250,59.375,48.250,46.625,46.750,47.375,47.750,54.375,46.875,48.125,59.500,45.875,45.875,48.625,455720.279,11349650,110757108
1791012389.969,idle_before_AD_Stan_tape_chunked_250,59.375,48.750,46.625,46.250,47.500,47.750,54.375,46.375,49.000,59.125,46.875,45.375,53.500,455838.235,11349651,110757108
1791012390.970,idle_before_AD_Stan_tape_chunked_250,59.375,48.250,46.625,45.750,47.500,47.750,54.875,46.375,48.125,59.125,46.375,45.375,47.875,455955.955,11349653,110757108
1791012391.972,idle_before_AD_Stan_tape_chunked_250,59.250,48.250,46.625,46.750,47.375,47.250,54.875,47.250,48.625,59.500,46.375,45.875,49.000,456075.059,11349654,110757108
1791012392.973,idle_before_AD_Stan_tape_chunked_250,59.250,48.250,46.625,46.750,47.500,47.750,54.875,46.375,48.125,59.125,46.375,45.375,49.000,456193.019,11349654,110757108
1791012393.974,idle_before_AD_Stan_tape_chunked_250,59.250,48.750,54.125,46.250,52.500,48.250,54.875,48.625,48.125,59.500,46.375,45.375,47.375,456311.277,11349654,110757108
1791012394.975,idle_before_AD_Stan_tape_chunked_250,59.250,48.250,46.625,46.750,47.125,47.750,54.375,48.625,51.000,58.625,46.375,45.875,47.375,456431.777,11349654,110757108
1791012395.976,idle_before_AD_Stan_tape_chunked_250,59.250,48.250,46.125,46.250,47.500,47.750,54.375,47.250,48.125,59.125,45.875,45.875,47.375,456549.063,11349654,110757108
1791012396.977,idle_before_AD_Stan_tape_chunked_250,59.125,48.750,50.875,46.750,47.500,47.750,54.875,46.875,48.625,59.125,45.875,45.875,47.375,456669.741,11349654,110757108
1791012397.979,idle_before_AD_Stan_tape_chunked_250,59.125,48.750,46.625,46.250,48.875,47.750,54.375,46.375,50.250,58.625,46.375,45.875,47.875,456787.171,11349654,110757108
1791012398.980,idle_before_AD_Stan_tape_chunked_250,59.125,48.250,46.125,46.250,47.375,47.750,54.375,46.375,47.625,59.125,47.875,45.375,47.875,456906.832,11349654,110757108
1791012399.981,idle_before_AD_Stan_tape_chunked_250,59.125,48.250,48.000,46.250,51.625,47.750,54.875,46.875,48.125,59.125,46.375,45.875,47.375,457026.479,11349654,110757108
1791012400.982,idle_before_AD_Stan_tape_chunked_250,59.000,48.750,46.125,46.250,47.500,47.750,54.375,46.375,50.375,58.625,45.875,45.375,47.375,457147.072,11349654,110757108
1791012401.982,idle_before_AD_Stan_tape_chunked_250,59.000,48.250,46.125,46.250,47.625,47.750,54.375,46.875,48.125,58.625,46.750,45.375,49.375,457264.305,11349654,110757108
1791012402.984,idle_before_AD_Stan_tape_chunked_250,59.000,48.250,52.625,46.750,47.000,48.250,54.375,46.375,48.125,58.625,45.875,45.875,50.375,457382.235,11349654,110757108
1791012403.985,idle_before_AD_Stan_tape_chunked_250,59.000,48.250,46.125,46.750,48.875,47.750,54.375,47.250,47.625,58.125,46.375,45.375,49.500,457500.545,11349654,110757108
1791012404.986,idle_before_AD_Stan_tape_chunked_250,59.000,48.250,46.125,46.250,47.000,49.125,54.875,46.375,47.625,59.125,45.875,45.375,47.375,457621.336,11349655,110757108
1791012405.987,idle_before_AD_Stan_tape_chunked_250,59.500,48.250,46.125,47.750,52.500,48.250,54.375,47.250,47.625,61.750,45.875,45.375,47.000,457740.099,11349655,110757108
1791012406.988,idle_before_AD_Stan_tape_chunked_250,60.750,48.250,46.125,50.375,48.625,47.750,54.375,46.375,48.125,61.250,45.875,45.875,47.375,457860.750,11349655,110757108
1791012407.989,idle_before_AD_Stan_tape_chunked_250,61.250,48.250,46.125,46.250,47.000,49.125,54.375,46.375,47.625,61.250,45.875,45.375,47.000,457978.979,11349655,110757108
1791012408.991,idle_before_AD_Stan_tape_chunked_250,61.500,48.750,46.125,46.250,47.375,50.875,54.875,46.375,47.625,61.750,45.500,45.375,47.000,458098.756,11349655,110757108
1791012409.992,idle_before_AD_Stan_tape_chunked_250,61.625,48.250,46.625,46.750,47.875,48.250,54.375,46.375,47.625,61.750,45.875,45.375,47.375,458219.298,11349655,110757108
1791012410.993,idle_before_AD_Stan_tape_chunked_250,61.625,48.250,46.625,45.750,47.000,48.250,54.375,46.875,47.625,61.750,45.875,45.375,47.000,458337.909,11349656,110757108
1791012411.994,idle_before_AD_Stan_tape_chunked_250,61.625,48.250,46.125,46.250,47.000,47.750,54.375,46.875,47.250,61.250,45.875,45.375,47.000,458456.987,11349656,110757108
1791012412.995,idle_before_AD_Stan_tape_chunked_250,61.625,48.250,46.625,46.250,47.375,47.250,54.375,47.500,47.250,61.250,45.875,45.375,47.000,458576.274,11349656,110757108
1791012413.997,idle_before_AD_Stan_tape_chunked_250,61.625,47.750,47.750,46.750,50.875,47.750,54.375,46.375,47.625,61.250,45.875,45.375,47.000,458698.634,11349656,110757108
1791012414.998,idle_before_AD_Stan_tape_chunked_250,61.500,48.250,46.125,45.750,47.375,47.750,54.875,46.375,49.500,61.750,46.375,45.000,47.375,458819.513,11349656,110757108
1791012415.999,idle_before_AD_Stan_tape_chunked_250,61.500,48.250,46.625,46.250,47.000,47.750,54.375,46.375,47.625,61.250,48.250,45.375,47.375,458941.932,11349656,110757108
1791012417.000,idle_before_AD_Stan_tape_chunked_250,61.750,47.750,46.125,46.250,46.625,47.250,54.375,46.375,47.625,62.250,46.375,45.375,47.375,459060.219,11349656,110757108
1791012418.001,idle_before_AD_Stan_tape_chunked_250,61.750,48.250,46.125,46.250,47.375,47.750,54.375,46.375,47.625,61.250,46.875,45.375,47.000,459181.410,11349656,110757108
1791012419.003,idle_before_AD_Stan_tape_chunked_250,61.625,48.250,46.125,46.250,47.000,48.625,54.375,46.875,47.625,61.250,46.375,45.375,46.500,459300.135,11349656,110757108
1791012420.004,idle_before_AD_Stan_tape_chunked_250,61.625,48.750,46.125,45.750,47.875,48.250,54.375,46.375,48.125,61.250,45.875,45.375,47.000,459419.973,11349656,110757108
1791012421.005,idle_before_AD_Stan_tape_chunked_250,61.625,48.750,46.625,46.250,47.500,47.750,54.375,46.375,49.875,61.250,45.875,45.000,47.000,459539.673,11349656,110757108
1791012422.006,idle_before_AD_Stan_tape_chunked_250,61.625,48.250,46.625,47.875,47.000,47.250,54.375,46.375,47.625,61.750,49.375,45.375,47.000,459660.819,11349656,110757108
1791012423.007,idle_before_AD_Stan_tape_chunked_250,61.500,48.250,46.125,47.625,47.500,47.750,54.375,46.375,47.625,61.250,46.375,45.375,47.375,459781.777,11349656,110757108
1791012424.008,idle_before_AD_Stan_tape_chunked_250,61.500,50.750,46.125,46.750,47.500,47.750,54.375,46.375,47.625,61.250,45.875,45.375,47.250,459906.158,11349656,110757108
1791012425.010,idle_before_AD_Stan_tape_chunked_250,61.500,48.250,46.125,48.125,47.000,47.250,54.375,46.375,48.125,61.250,45.875,45.375,47.000,460025.848,11349656,110757108
1791012426.011,idle_before_AD_Stan_tape_chunked_250,61.500,48.250,46.125,47.125,46.500,47.750,54.375,46.375,47.625,61.250,45.875,45.375,47.000,460142.934,11349656,110757108
1791012427.012,idle_before_AD_Stan_tape_chunked_250,61.500,47.750,52.250,46.750,47.375,47.250,54.375,46.875,47.625,61.250,45.875,45.000,47.000,460263.066,11349656,110757108
1791012428.013,idle_before_AD_Stan_tape_chunked_250,61.375,48.250,46.125,46.750,47.000,47.750,54.375,46.875,47.250,61.250,45.500,45.000,47.000,460381.968,11349656,110757108
1791012429.014,idle_before_AD_Stan_tape_chunked_250,61.375,47.750,45.625,46.750,47.000,47.250,54.375,46.375,47.625,61.250,45.875,45.000,46.500,460499.096,11349656,110757108
1791012430.015,idle_before_AD_Stan_tape_chunked_250,61.375,47.750,48.000,46.625,49.000,52.375,54.375,46.875,47.625,60.875,45.875,45.375,47.000,460616.997,11349656,110757108
1791012431.017,idle_before_AD_Stan_tape_chunked_250,61.375,48.750,46.125,45.750,47.375,47.750,54.375,46.375,47.625,60.875,45.875,45.375,47.000,460737.429,11349656,110757108
1791012432.018,idle_before_AD_Stan_tape_chunked_250,61.375,47.750,46.125,46.250,47.000,47.250,54.375,45.875,47.250,61.250,45.875,45.375,47.000,460855.812,11349656,110757108
1791012433.019,idle_before_AD_Stan_tape_chunked_250,61.375,47.750,46.625,46.250,47.000,47.750,54.375,46.375,47.625,60.875,45.875,45.000,46.500,460976.103,11349656,110757108
1791012434.020,idle_before_AD_Stan_tape_chunked_250,61.250,47.750,46.125,46.625,47.000,47.250,54.375,46.375,47.625,61.250,45.875,45.375,46.875,461099.932,11349656,110757108
1791012435.021,idle_before_AD_Stan_tape_chunked_250,61.250,50.125,46.125,46.250,47.000,47.750,54.375,46.375,47.250,61.250,45.875,48.000,46.500,461221.216,11349656,110757108
1791012436.022,idle_before_AD_Stan_tape_chunked_250,61.250,47.750,46.125,46.250,47.000,47.250,54.375,45.875,48.875,61.250,45.875,45.375,47.000,461339.830,11349656,110757108
1791012437.024,idle_before_AD_Stan_tape_chunked_250,61.250,51.000,46.125,48.500,47.000,47.750,54.375,46.375,47.625,60.875,45.875,45.000,47.000,461459.364,11349656,110757108
1791012438.025,idle_before_AD_Stan_tape_chunked_250,61.250,47.750,46.125,45.750,49.500,47.250,53.875,45.875,47.625,61.250,45.875,45.375,46.500,461577.898,11349656,110757108
1791012439.026,idle_before_AD_Stan_tape_chunked_250,61.125,47.750,46.125,47.125,50.250,47.750,54.375,46.375,47.625,60.875,45.875,45.375,47.000,461699.491,11349657,110757108
1791012440.027,idle_before_AD_Stan_tape_chunked_250,61.125,47.750,46.125,45.250,51.125,47.250,54.375,45.875,47.625,61.250,45.875,45.375,47.000,461818.945,11349657,110757108
1791012441.028,idle_before_AD_Stan_tape_chunked_250,61.125,47.750,45.625,46.250,51.125,47.750,54.375,45.875,47.625,61.250,45.500,45.375,47.000,461936.546,11349657,110757108
1791012442.030,idle_before_AD_Stan_tape_chunked_250,61.125,47.750,46.125,45.750,50.250,47.250,54.375,45.875,47.250,61.250,45.875,45.375,46.000,462055.583,11349657,110757108
1791012443.031,idle_before_AD_Stan_tape_chunked_250,61.125,47.750,46.125,46.250,47.375,47.250,54.375,46.375,47.250,61.250,46.375,45.000,47.000,462175.238,11349657,110757108
1791012444.032,idle_before_AD_Stan_tape_chunked_250,61.125,48.250,45.625,45.750,47.375,47.750,54.375,46.375,47.250,61.250,45.875,45.000,46.500,462293.512,11349657,110757108
1791012445.033,idle_before_AD_Stan_tape_chunked_250,61.125,47.750,46.125,46.250,49.750,47.750,54.375,46.375,47.625,60.875,45.875,45.000,46.500,462413.870,11349657,110757108
1791012446.034,idle_before_AD_Stan_tape_chunked_250,61.125,47.750,45.625,45.750,50.250,53.500,54.375,45.875,47.625,60.875,45.500,45.375,46.500,462532.375,11349657,110757108
1791012447.035,idle_before_AD_Stan_tape_chunked_250,61.000,47.750,45.625,45.750,47.375,59.750,53.875,46.375,47.625,48.250,45.500,44.500,46.500,462649.006,11349657,110757108
1791012448.036,idle_before_AD_Stan_tape_chunked_250,60.875,47.750,45.625,45.750,47.875,59.750,53.875,45.875,47.250,48.250,45.500,48.250,46.500,462766.511,11349657,110757108
1791012449.037,idle_before_AD_Stan_tape_chunked_250,60.750,47.750,45.625,45.750,47.375,59.750,53.875,46.375,47.625,48.250,46.375,45.000,46.500,462884.273,11349657,110757108
1791012450.038,idle_before_AD_Stan_tape_chunked_250,60.750,48.250,46.125,45.750,46.500,59.750,53.875,45.875,48.125,48.250,45.500,46.375,46.500,463002.260,11349657,110757108
1791012451.039,idle_before_AD_Stan_tape_chunked_250,60.625,48.375,45.625,45.750,46.500,60.250,54.375,45.875,47.250,48.750,45.875,45.000,46.000,463120.661,11349657,110757108
1791012452.041,idle_before_AD_Stan_tape_chunked_250,60.500,47.750,45.625,45.250,47.000,59.750,54.375,45.875,52.125,48.250,45.875,45.000,46.500,463239.140,11349657,110757108
1791012453.042,idle_before_AD_Stan_tape_chunked_250,60.500,47.750,45.625,45.750,46.500,59.750,53.500,45.875,47.625,48.750,45.500,45.000,47.000,463356.743,11349657,110757108
1791012454.043,idle_before_AD_Stan_tape_chunked_250,60.375,48.250,45.625,45.750,49.250,59.750,53.500,45.875,48.750,47.875,45.500,45.000,46.500,463475.752,11349657,110757108
1791012455.044,idle_before_AD_Stan_tape_chunked_250,60.250,51.750,45.625,45.250,50.625,59.750,53.875,46.375,47.625,48.250,45.500,45.000,46.500,463593.625,11349657,110757108
1791012456.046,idle_before_AD_Stan_tape_chunked_250,60.250,47.750,45.625,46.250,49.500,59.250,53.500,45.875,47.625,48.750,45.500,45.000,46.000,463709.862,11349657,110757108
1791012457.047,idle_before_AD_Stan_tape_chunked_250,60.125,48.250,46.125,45.250,47.000,58.875,53.875,45.875,47.625,48.250,45.875,45.375,46.500,463828.036,11349657,110757108
1791012458.048,idle_before_AD_Stan_tape_chunked_250,60.000,48.250,45.625,46.625,49.250,59.375,53.875,45.875,47.250,47.875,45.875,45.375,46.500,463946.613,11349657,110757108
1791012459.049,idle_before_AD_Stan_tape_chunked_250,59.875,48.250,45.625,45.750,49.875,58.875,53.875,45.875,47.625,48.250,45.500,49.375,46.000,464065.135,11349657,110757108
1791012460.051,idle_before_AD_Stan_tape_chunked_250,59.750,47.750,45.625,46.625,48.125,58.875,53.875,45.500,46.750,48.250,45.875,45.000,46.500,464185.094,11349657,110757108
1791012461.052,idle_before_AD_Stan_tape_chunked_250,59.625,47.750,45.625,45.750,50.250,58.875,53.875,45.875,51.250,47.875,45.500,45.000,46.000,464305.126,11349657,110757108
1791012462.053,idle_before_AD_Stan_tape_chunked_250,59.625,47.250,45.625,45.250,47.500,58.875,53.875,45.875,47.250,47.875,45.500,45.000,46.500,464423.725,11349657,110757108
1791012463.054,idle_before_AD_Stan_tape_chunked_250,59.500,47.750,45.625,45.750,48.625,58.875,53.500,45.500,47.250,47.875,45.000,48.875,46.000,464541.900,11349657,110757108
1791012464.055,idle_before_AD_Stan_tape_chunked_250,59.375,47.750,45.625,45.250,50.875,58.500,53.500,45.500,47.625,47.875,45.500,45.000,46.500,464660.530,11349657,110757108
1791012465.057,idle_before_AD_Stan_tape_chunked_250,59.375,47.750,46.125,45.250,49.250,59.375,53.875,45.500,47.625,50.250,45.500,44.500,46.500,464780.190,11349657,110757108
1791012466.058,idle_before_AD_Stan_tape_chunked_250,59.250,47.750,46.125,47.250,47.000,58.875,53.875,51.375,47.250,47.875,45.500,44.500,46.500,464901.983,11349657,110757108
1791012467.059,idle_before_AD_Stan_tape_chunked_250,59.250,47.750,46.625,45.250,47.000,58.875,53.875,45.875,47.250,47.875,45.500,45.000,46.500,465022.459,11349657,110757108
1791012468.060,idle_before_AD_Stan_tape_chunked_250,59.375,48.250,46.750,45.750,46.500,59.250,53.875,46.375,52.750,47.875,45.500,45.000,46.500,465142.365,11349657,110757108
1791012469.061,idle_before_AD_Stan_tape_chunked_250,59.375,47.250,45.625,45.250,46.500,59.750,54.375,46.875,47.250,48.250,45.000,45.000,46.500,465262.711,11349657,110757108
1791012470.063,idle_before_AD_Stan_tape_chunked_250,59.500,47.750,45.625,45.750,47.000,59.250,53.875,46.375,47.250,47.875,45.875,45.000,46.500,465383.037,11349657,110757108
1791012471.064,idle_before_AD_Stan_tape_chunked_250,59.500,47.250,45.625,45.250,46.500,59.250,53.875,45.875,46.750,48.750,45.875,45.000,46.500,465504.050,11349657,110757108
1791012472.065,idle_before_AD_Stan_tape_chunked_250,59.625,47.250,46.750,45.250,47.000,59.750,54.375,46.375,46.750,47.875,45.875,45.000,46.000,465624.134,11349657,110757108
1791012473.066,idle_before_AD_Stan_tape_chunked_250,59.500,47.500,45.625,45.750,59.000,46.750,53.875,45.875,46.750,47.375,48.125,45.000,46.000,465744.065,11349657,110757108
1791012474.067,idle_before_AD_Stan_tape_chunked_250,59.500,47.750,45.125,45.750,59.500,46.750,54.375,45.875,47.250,47.875,45.500,45.375,46.500,465863.945,11349657,110757108
1791012475.069,idle_before_AD_Stan_tape_chunked_250,59.375,47.750,45.125,45.750,59.000,46.750,53.500,45.875,47.250,47.375,45.500,46.375,46.500,465984.824,11349657,110757108
1791012476.070,idle_before_AD_Stan_tape_chunked_250,59.375,47.250,45.625,45.750,59.500,46.750,53.500,46.375,49.250,47.375,46.625,45.375,46.500,466103.970,11349657,110757108
1791012477.070,idle_before_AD_Stan_tape_chunked_250,59.375,47.250,45.125,46.875,59.000,46.750,53.875,46.375,47.250,47.000,45.500,45.375,46.000,466221.293,11349657,110757108
1791012478.071,idle_before_AD_Stan_tape_chunked_250,59.250,47.250,45.125,49.000,59.000,46.750,53.500,45.875,46.750,47.375,46.750,45.000,46.500,466340.046,11349657,110757108
1791012479.072,idle_before_AD_Stan_tape_chunked_250,59.250,47.250,45.125,45.750,59.000,46.375,53.500,45.875,47.250,47.375,45.875,45.375,46.000,466459.217,11349657,110757108
1791012480.074,idle_before_AD_Stan_tape_chunked_250,59.250,47.250,49.500,45.750,58.500,47.250,53.875,46.375,47.250,47.375,45.500,45.875,46.500,466579.847,11349657,110757108
1791012481.074,idle_before_AD_Stan_tape_chunked_250,59.125,48.000,46.125,45.750,46.750,46.750,54.375,45.875,46.750,57.750,45.500,45.000,46.875,466699.488,11349657,110757108
1791012482.075,idle_before_AD_Stan_tape_chunked_250,59.000,47.250,45.125,45.750,46.500,47.875,53.875,46.375,46.375,57.750,45.875,44.500,46.000,466818.254,11349657,110757108
1791012483.076,idle_before_AD_Stan_tape_chunked_250,58.875,46.875,45.625,45.250,46.500,46.750,54.375,45.875,46.750,58.125,45.625,47.000,46.500,466939.000,11349660,110757108
1791012484.077,idle_before_AD_Stan_tape_chunked_250,58.625,47.750,45.625,45.250,46.500,47.250,53.500,45.500,49.125,47.375,55.750,45.000,46.500,467059.885,11349660,110757108
1791012485.078,idle_before_AD_Stan_tape_chunked_250,58.500,47.750,46.125,45.750,46.500,58.500,53.500,45.875,47.250,47.375,45.500,45.000,46.500,467182.496,11349660,110757108
1791012486.079,idle_before_AD_Stan_tape_chunked_250,58.500,49.125,45.625,45.250,46.000,58.500,53.500,45.875,46.750,47.375,45.875,44.500,46.500,467302.401,11349660,110757108
1791012487.081,idle_before_AD_Stan_tape_chunked_250,58.500,48.125,45.625,45.250,46.500,58.500,53.875,45.875,48.625,47.375,45.875,45.000,46.000,467423.592,11349660,110757108
1791012488.082,idle_before_AD_Stan_tape_chunked_250,58.500,47.250,45.625,47.625,46.000,58.500,53.875,45.875,46.750,47.375,45.000,44.500,46.000,467541.579,11349660,110757108
1791012489.083,idle_before_AD_Stan_tape_chunked_250,58.500,47.750,45.625,49.000,46.500,58.000,53.500,45.875,46.750,47.375,45.500,44.500,46.000,467660.842,11349660,110757108
1791012490.084,idle_before_AD_Stan_tape_chunked_250,58.500,47.250,45.625,45.250,46.000,58.500,53.875,45.500,46.750,47.375,45.875,47.500,46.000,467781.042,11349660,110757108
1791012491.085,idle_before_AD_Stan_tape_chunked_250,58.250,47.250,45.625,56.625,46.000,46.750,53.500,45.875,47.250,47.375,45.500,48.250,46.000,467900.938,11349662,110757108
1791012492.087,idle_before_AD_Stan_tape_chunked_250,57.875,47.250,45.625,57.125,50.250,46.750,53.875,45.875,47.250,47.375,45.500,45.000,46.000,468023.296,11349662,110757108
1791012493.088,idle_before_AD_Stan_tape_chunked_250,57.875,49.750,45.625,49.000,46.500,58.000,53.500,45.875,46.750,47.375,45.500,44.500,46.000,468142.706,11349662,110757108
1791012494.089,idle_before_AD_Stan_tape_chunked_250,58.250,48.250,45.625,44.875,46.000,58.500,54.375,45.875,46.750,47.375,45.500,45.375,46.000,468263.340,11349662,110757108
1791012495.090,AD_Stan_tape_chunked_250,58.375,47.250,45.625,47.875,49.000,58.500,53.500,50.125,47.250,47.375,45.875,45.375,45.625,468383.440,11349662,110757108
1791012496.097,AD_Stan_tape_chunked_250,58.375,47.250,45.625,45.250,46.500,58.500,53.500,45.500,54.875,47.375,48.500,45.000,46.500,468510.864,11349662,110757108
1791012497.098,AD_Stan_tape_chunked_250,58.500,47.250,45.625,45.250,46.500,58.500,53.875,45.875,54.375,47.875,45.500,44.500,46.000,468635.246,11349662,110757108
1791012498.099,AD_Stan_tape_chunked_250,58.625,47.750,45.125,45.750,46.625,46.750,53.875,45.875,59.375,47.375,45.875,46.875,46.500,468760.992,11349662,110757108
1791012499.100,AD_Stan_tape_chunked_250,59.250,47.250,48.375,53.750,46.500,46.750,53.500,45.500,59.375,47.375,45.875,44.500,47.000,468884.431,11349662,110757108
1791012500.101,AD_Stan_tape_chunked_250,59.250,47.250,45.625,53.750,58.500,46.750,53.500,45.875,47.250,49.625,45.500,45.000,46.500,469008.029,11349662,110757108
1791012501.103,AD_Stan_tape_chunked_250,59.250,47.750,45.125,45.250,58.500,46.750,53.500,53.250,47.250,47.875,45.000,45.000,46.000,469135.734,11349662,110757108
1791012502.104,AD_Stan_tape_chunked_250,59.125,47.250,45.625,45.750,59.000,46.375,53.875,52.250,48.875,47.000,45.500,45.000,46.375,469258.414,11349662,110757108
1791012503.105,AD_Stan_tape_chunked_250,59.125,47.250,47.500,45.750,59.000,46.375,53.875,55.625,47.250,47.375,45.500,44.500,46.500,469380.543,11349662,110757108
1791012504.106,AD_Stan_tape_chunked_250,59.125,47.250,46.250,45.750,59.000,46.750,53.875,46.125,46.750,47.375,45.500,45.000,46.000,469503.924,11349662,110757108
1791012505.107,AD_Stan_tape_chunked_250,59.125,47.250,47.000,55.625,47.000,49.125,53.500,58.000,46.375,47.000,45.875,45.000,46.000,469624.998,11349662,110757108
1791012506.108,AD_Stan_tape_chunked_250,58.750,47.250,45.625,45.750,51.125,58.500,53.875,50.875,47.250,47.375,45.500,45.000,46.000,469748.165,11349662,110757108
1791012507.110,AD_Stan_tape_chunked_250,58.625,47.250,45.625,45.250,46.500,46.750,53.875,48.500,46.750,57.250,45.500,44.500,46.000,469872.459,11349662,110757108
1791012508.111,AD_Stan_tape_chunked_250,58.500,47.250,49.750,51.375,46.500,46.750,53.875,47.500,46.750,58.125,45.500,45.000,46.000,469994.874,11349662,110757108
1791012509.112,AD_Stan_tape_chunked_250,58.500,55.375,54.875,55.000,56.750,58.125,53.375,55.500,56.500,56.375,54.500,53.875,55.500,470154.637,11349663,110757108
1791012510.113,AD_Stan_tape_chunked_250,59.500,55.375,54.000,53.000,55.875,57.625,54.375,54.500,57.375,57.750,54.625,52.750,57.500,470520.338,11349663,110757108
1791012511.116,AD_Stan_tape_chunked_250,59.375,56.625,55.000,55.375,56.750,58.500,55.750,56.750,57.500,59.500,54.500,54.000,58.125,470890.216,11349663,110757108
1791012512.118,AD_Stan_tape_chunked_250,59.875,48.750,46.125,46.750,47.500,48.250,54.375,47.250,49.000,59.125,46.875,45.875,47.375,471032.513,11349663,110757108
1791012513.120,AD_Stan_tape_chunked_250,59.750,47.750,45.625,46.250,47.375,51.000,54.375,49.500,47.625,59.125,46.375,45.375,47.000,471156.054,11349663,110757108
1791012514.121,AD_Stan_tape_chunked_250,59.625,48.250,45.625,46.250,47.000,49.375,54.375,49.125,48.125,59.125,45.875,45.875,46.500,471278.481,11349663,110757108
1791012515.122,AD_Stan_tape_chunked_250,59.500,47.750,45.625,46.250,50.625,47.250,54.375,49.500,48.125,58.625,45.875,45.375,46.500,471401.931,11349663,110757108
1791012516.123,AD_Stan_tape_chunked_250,59.375,47.750,46.125,45.750,50.375,47.250,54.375,49.125,47.625,58.125,45.875,45.375,46.500,471523.328,11349663,110757108
1791012517.125,AD_Stan_tape_chunked_250,59.250,47.250,45.625,46.000,47.000,47.250,53.875,49.500,47.625,57.750,45.500,46.375,46.500,471645.861,11349663,110757108
1791012518.126,AD_Stan_tape_chunked_250,59.125,47.750,45.625,45.750,47.000,53.500,53.875,49.500,50.250,58.125,45.875,45.000,47.375,471770.053,11349663,110757108
1791012519.127,AD_Stan_tape_chunked_250,59.125,47.750,45.625,47.375,47.000,47.250,53.500,49.125,47.625,57.750,45.500,45.000,46.500,471892.596,11349663,110757108
1791012520.128,AD_Stan_tape_chunked_250,59.000,47.750,45.625,47.625,48.625,47.250,53.875,49.125,47.625,58.125,45.500,45.000,46.500,472014.524,11349663,110757108
1791012521.130,AD_Stan_tape_chunked_250,59.625,57.125,55.875,56.000,59.000,58.500,55.625,57.250,58.000,57.875,55.750,55.500,58.625,472290.999,11349663,110757108
1791012522.132,AD_Stan_tape_chunked_250,60.125,56.750,55.125,54.000,59.000,59.000,55.000,55.500,57.375,58.125,55.000,54.250,56.875,472660.046,11349663,110757108
1791012523.135,AD_Stan_tape_chunked_250,60.125,56.750,54.500,55.375,58.125,60.000,54.750,55.875,58.500,57.750,55.000,54.625,57.750,473029.978,11349663,110757108
1791012524.137,AD_Stan_tape_chunked_250,60.250,56.375,55.000,56.875,59.000,61.375,56.875,56.750,58.250,59.625,56.250,55.875,58.000,473399.501,11349663,110757108
1791012525.140,AD_Stan_tape_chunked_250,60.250,57.625,55.875,55.375,58.125,59.500,56.375,56.500,59.375,60.500,55.750,55.875,58.000,473769.453,11349663,110757108
1791012526.142,AD_Stan_tape_chunked_250,60.500,57.500,55.500,55.875,59.500,63.625,57.000,57.750,59.750,60.000,56.750,56.250,60.000,474139.085,11349663,110757108
1791012527.144,AD_Stan_tape_chunked_250,60.750,57.625,56.000,58.250,59.875,60.375,56.875,57.250,59.000,59.500,57.625,55.375,59.125,474508.691,11349663,110757108
1791012528.147,AD_Stan_tape_chunked_250,60.875,58.625,56.375,57.250,59.000,60.250,57.250,57.250,60.250,60.500,56.750,56.750,59.375,474878.640,11349663,110757108
1791012529.149,AD_Stan_tape_chunked_250,61.000,58.625,57.000,57.250,60.000,60.875,57.250,57.250,59.875,59.625,56.250,56.625,59.125,475248.250,11349663,110757108
1791012530.151,AD_Stan_tape_chunked_250,61.250,59.125,56.500,57.250,59.500,61.750,57.750,57.875,60.250,60.500,56.250,56.125,59.000,475617.453,11349663,110757108
1791012531.153,AD_Stan_tape_chunked_250,61.500,59.625,57.750,57.250,59.500,61.750,57.750,58.125,60.375,59.875,58.625,56.250,60.000,475987.058,11349663,110757108
1791012532.155,AD_Stan_tape_chunked_250,61.750,58.625,57.250,57.375,60.375,61.250,59.125,59.125,61.000,62.250,56.875,56.750,60.000,476356.995,11349663,110757108
1791012533.158,AD_Stan_tape_chunked_250,62.000,59.500,58.625,58.250,60.375,62.250,57.750,58.750,60.625,62.375,56.875,56.625,60.000,476726.921,11349663,110757108
1791012534.160,AD_Stan_tape_chunked_250,62.250,59.500,57.500,59.125,60.375,61.250,58.625,58.125,61.125,61.375,56.750,57.250,60.250,477096.550,11349663,110757108
1791012535.166,AD_Stan_tape_chunked_250,62.375,59.500,57.375,57.750,61.250,63.250,58.625,59.500,61.500,62.375,57.875,57.375,60.000,477467.241,11349663,110757108
1791012536.168,AD_Stan_tape_chunked_250,62.500,60.500,57.750,57.375,60.875,61.625,59.125,58.125,60.500,62.375,58.125,57.500,60.875,477836.836,11349663,110757108
1791012537.170,AD_Stan_tape_chunked_250,62.625,59.625,57.750,57.750,61.375,63.250,59.625,59.125,61.125,62.750,57.625,57.750,60.500,478206.424,11349663,110757108
1791012538.176,AD_Stan_tape_chunked_250,62.875,60.875,58.250,58.750,60.875,63.250,60.500,60.375,61.625,62.750,59.250,57.625,60.500,478577.445,11349663,110757108
1791012539.178,AD_Stan_tape_chunked_250,63.000,60.500,58.250,59.625,61.375,63.250,59.125,59.500,62.000,62.375,57.750,57.625,60.750,478947.100,11349663,110757108
1791012540.180,AD_Stan_tape_chunked_250,63.250,60.000,58.750,58.750,60.875,63.625,60.000,59.500,62.500,61.750,58.500,57.625,61.375,479316.699,11349663,110757108
1791012541.182,AD_Stan_tape_chunked_250,63.375,60.000,59.125,59.125,62.250,63.250,60.000,60.000,63.250,62.250,59.000,57.500,61.375,479686.312,11349663,110757108
1791012542.184,AD_Stan_tape_chunked_250,63.500,60.875,59.125,58.875,61.375,63.625,60.500,60.000,61.875,63.125,58.250,58.625,61.125,480055.872,11349663,110757108
1791012543.187,AD_Stan_tape_chunked_250,63.750,61.375,59.500,59.250,61.750,64.125,60.125,59.625,65.125,64.250,59.125,59.125,61.625,480425.818,11349663,110757108
1791012544.189,AD_Stan_tape_chunked_250,64.000,61.375,59.250,59.625,63.125,63.125,61.000,60.000,62.875,63.250,58.500,58.500,61.375,480795.449,11349663,110757108
1791012545.192,AD_Stan_tape_chunked_250,64.125,60.875,60.000,60.125,62.250,64.625,60.500,60.125,62.500,63.750,59.125,58.500,61.750,481165.408,11349663,110757108
1791012546.194,AD_Stan_tape_chunked_250,64.250,61.875,60.125,58.875,62.750,64.625,61.000,60.875,62.500,62.875,59.000,58.750,61.750,481535.001,11349663,110757108
1791012547.196,AD_Stan_tape_chunked_250,64.375,60.500,59.750,60.125,62.625,64.125,61.375,61.000,63.375,63.750,59.125,58.625,62.250,481904.599,11349663,110757108
1791012548.200,AD_Stan_tape_chunked_250,64.750,61.000,59.625,58.875,64.000,65.500,59.250,60.875,62.875,63.750,59.375,58.000,62.125,482274.907,11349663,110757108
1791012549.202,AD_Stan_tape_chunked_250,65.000,61.875,60.500,60.125,63.250,63.625,61.875,60.000,63.750,65.625,59.500,59.375,64.750,482644.458,11349663,110757108
1791012550.204,AD_Stan_tape_chunked_250,65.125,62.750,60.000,60.125,63.250,65.000,61.000,60.875,64.250,63.750,59.500,58.500,63.125,483014.078,11349663,110757108
1791012551.206,AD_Stan_tape_chunked_250,65.250,62.750,60.875,59.625,64.125,64.000,61.875,61.375,64.125,65.125,60.000,60.375,63.125,483383.594,11349663,110757108
1791012552.208,AD_Stan_tape_chunked_250,65.500,61.875,60.500,60.625,63.250,64.625,61.375,60.875,63.750,64.250,59.500,60.000,63.000,483753.266,11349663,110757108
1791012553.210,AD_Stan_tape_chunked_250,65.625,62.375,60.125,61.125,64.125,64.625,60.875,61.750,64.125,64.625,59.875,59.375,63.625,484122.820,11349663,110757108
1791012554.212,AD_Stan_tape_chunked_250,65.750,63.250,60.125,60.625,63.625,63.625,61.375,61.375,64.750,64.625,60.000,59.875,63.125,484492.463,11349663,110757108
1791012555.214,AD_Stan_tape_chunked_250,65.875,63.250,60.625,60.125,64.125,65.500,61.375,62.250,65.125,64.625,61.875,59.875,63.000,484862.007,11349664,110757108
1791012556.216,AD_Stan_tape_chunked_250,65.875,62.375,60.000,61.500,63.625,65.500,62.375,61.750,64.625,65.500,61.000,60.000,63.125,485231.583,11349664,110757108
1791012557.218,AD_Stan_tape_chunked_250,66.000,63.250,60.500,61.500,63.625,64.625,63.125,60.875,65.125,65.125,60.875,59.375,63.875,485601.183,11349664,110757108
1791012558.220,AD_Stan_tape_chunked_250,66.125,64.125,61.500,62.500,64.375,66.375,60.125,62.750,65.125,65.625,60.375,60.875,63.875,485970.756,11349664,110757108
1791012559.222,AD_Stan_tape_chunked_250,66.375,65.125,59.750,61.125,64.875,66.875,63.125,61.750,65.500,66.000,60.000,59.875,63.625,486340.404,11349664,110757108
1791012560.225,AD_Stan_tape_chunked_250,66.500,63.750,60.875,62.125,64.625,65.500,61.000,61.375,65.125,66.000,61.750,60.625,65.875,486710.360,11349664,110757108
1791012561.227,AD_Stan_tape_chunked_250,67.375,55.750,52.625,52.875,55.375,55.625,60.500,53.125,55.750,67.000,53.375,53.500,55.000,486903.870,11349664,110757108
1791012562.228,AD_Stan_tape_chunked_250,67.250,54.750,52.250,52.375,54.125,54.250,61.000,52.750,54.375,66.000,52.500,55.375,54.125,487029.161,11349664,110757108
1791012563.229,AD_Stan_tape_chunked_250,67.125,54.750,58.125,56.000,53.750,54.250,59.625,52.250,58.750,65.625,52.000,55.375,54.125,487157.346,11349664,110757108
1791012564.230,AD_Stan_tape_chunked_250,67.000,54.250,51.250,51.500,53.250,53.750,59.625,51.875,54.000,65.125,53.125,54.875,53.250,487280.594,11349664,110757108
1791012565.231,AD_Stan_tape_chunked_250,66.750,53.875,51.250,51.000,53.750,53.750,59.625,51.375,54.375,65.125,53.375,54.375,53.250,487407.853,11349664,110757108
1791012566.233,AD_Stan_tape_chunked_250,66.625,53.875,51.250,51.500,56.250,53.375,59.625,51.375,54.000,65.125,51.500,54.375,52.750,487532.279,11349664,110757108
1791012567.233,AD_Stan_tape_chunked_250,66.500,53.375,50.750,55.125,52.750,53.375,59.125,50.875,53.500,65.125,51.875,55.375,53.250,487657.072,11349664,110757108
1791012568.235,AD_Stan_tape_chunked_250,66.250,52.875,50.750,52.625,52.500,52.875,59.125,51.375,53.000,64.250,50.625,55.375,52.250,487781.518,11349664,110757108
1791012569.236,AD_Stan_tape_chunked_250,66.125,52.875,50.750,51.000,55.500,54.250,59.125,50.875,53.500,64.625,53.625,50.125,53.250,487909.109,11349664,110757108
1791012570.237,AD_Stan_tape_chunked_250,65.875,52.875,50.750,51.750,56.000,53.375,58.625,50.500,53.000,64.250,50.125,49.625,52.250,488033.737,11349664,110757108
1791012571.238,AD_Stan_tape_chunked_250,65.750,55.875,57.125,50.500,59.500,56.625,58.250,55.000,56.625,63.750,53.375,54.000,51.875,488160.228,11349664,110757108
1791012572.239,AD_Stan_tape_chunked_250,65.625,56.250,50.375,51.125,53.000,52.875,57.750,50.500,53.000,64.250,50.125,49.125,52.250,488288.596,11349664,110757108
1791012573.240,AD_Stan_tape_chunked_250,65.375,52.375,49.875,50.500,52.500,52.375,57.750,50.500,52.125,63.250,50.125,51.500,53.625,488412.038,11349664,110757108
1791012574.242,AD_Stan_tape_chunked_250,65.250,52.875,50.375,53.000,51.875,51.875,56.875,50.000,52.625,63.750,49.625,51.500,52.250,488537.780,11349664,110757108
1791012575.243,AD_Stan_tape_chunked_250,65.125,52.375,49.875,52.000,51.750,51.875,57.250,50.875,52.125,63.750,49.250,49.125,51.375,488661.226,11349664,110757108
1791012576.244,AD_Stan_tape_chunked_250,65.000,52.375,49.875,51.000,51.500,51.875,57.750,52.250,52.625,63.750,49.250,49.125,53.000,488787.720,11349664,110757108
1791012577.246,AD_Stan_tape_chunked_250,65.125,63.125,63.750,59.125,60.375,63.125,62.375,62.750,64.625,66.000,63.000,57.500,62.500,489036.472,11349664,110757108
1791012578.249,AD_Stan_tape_chunked_250,65.250,63.750,60.500,60.125,61.750,64.125,61.375,59.500,62.375,64.250,58.625,58.625,62.500,489406.727,11349664,110757108
1791012579.252,AD_Stan_tape_chunked_250,65.250,61.375,58.625,59.625,63.125,64.125,61.375,60.375,62.500,62.250,58.250,58.250,61.750,489776.738,11349665,110757108
1791012580.255,AD_Stan_tape_chunked_250,65.125,63.250,60.500,59.250,62.250,64.500,61.875,60.125,64.125,65.125,58.625,58.625,62.750,490146.333,11349665,110757108
1791012581.257,AD_Stan_tape_chunked_250,65.125,60.875,60.875,59.625,62.250,64.625,61.375,60.375,62.875,64.625,59.000,59.000,62.500,490516.291,11349665,110757108
1791012582.260,AD_Stan_tape_chunked_250,65.250,63.750,59.500,59.625,63.250,63.625,61.875,60.375,62.875,65.125,60.000,58.750,63.125,490886.242,11349665,110757108
1791012583.262,AD_Stan_tape_chunked_250,65.250,62.750,59.500,60.625,64.125,65.500,61.875,60.375,62.875,65.125,59.375,61.000,63.000,491255.844,11349665,110757108
1791012584.264,AD_Stan_tape_chunked_250,65.500,62.625,60.125,59.625,63.625,64.125,62.250,61.375,63.250,65.625,59.500,59.125,62.875,491625.453,11349665,110757108
1791012585.266,AD_Stan_tape_chunked_250,65.500,62.750,60.000,60.125,63.625,65.500,62.750,62.250,63.750,63.750,60.000,60.125,64.125,491995.004,11349665,110757108
1791012586.268,AD_Stan_tape_chunked_250,65.750,62.875,60.500,59.625,63.125,64.500,62.250,60.875,63.750,64.250,61.625,59.625,63.125,492364.634,11349665,110757108
1791012587.270,AD_Stan_tape_chunked_250,65.750,63.750,60.500,61.500,64.000,65.000,60.875,60.875,64.250,65.625,61.625,60.125,64.250,492733.858,11349665,110757108
1791012588.272,AD_Stan_tape_chunked_250,65.750,63.250,61.000,60.625,63.625,65.000,62.750,60.875,63.750,66.000,60.250,59.500,63.625,493103.784,11349665,110757108
1791012589.275,AD_Stan_tape_chunked_250,65.875,63.125,60.500,61.125,64.625,66.375,63.125,60.875,64.750,66.500,60.750,60.875,64.125,493473.704,11349665,110757108
1791012590.278,AD_Stan_tape_chunked_250,66.000,63.250,60.875,61.625,64.625,64.000,64.125,62.250,64.750,66.000,60.375,59.375,64.375,493843.705,11349665,110757108
1791012591.281,AD_Stan_tape_chunked_250,66.125,63.250,60.875,60.625,64.625,66.000,60.875,61.375,64.250,66.500,60.250,59.375,63.875,494213.646,11349666,110757108
1791012592.283,AD_Stan_tape_chunked_250,66.250,62.375,61.000,62.000,64.125,66.000,63.625,61.750,65.125,66.000,61.625,60.500,63.625,494583.291,11349666,110757108
1791012593.285,AD_Stan_tape_chunked_250,66.375,63.250,61.000,61.125,64.875,66.875,60.875,62.250,65.125,66.000,61.250,60.375,64.125,494952.822,11349667,110757108
1791012594.288,AD_Stan_tape_chunked_250,66.500,63.750,60.125,61.500,64.875,66.875,62.250,61.750,65.125,66.000,60.875,60.000,64.750,495322.465,11349668,110757108
1791012595.290,AD_Stan_tape_chunked_250,66.625,63.250,60.500,63.875,64.375,65.000,62.250,61.375,65.625,67.000,60.750,60.375,64.000,495692.398,11349672,110757108
1791012596.292,AD_Stan_tape_chunked_250,66.875,64.125,63.250,62.000,65.375,66.875,62.250,61.375,66.000,67.375,60.750,60.875,64.500,496061.623,11349672,110757108
1791012597.294,AD_Stan_tape_chunked_250,67.000,64.125,61.875,60.750,65.375,65.375,63.125,62.375,65.625,66.000,60.875,60.375,64.250,496431.229,11349672,110757108
1791012598.296,AD_Stan_tape_chunked_250,67.000,63.250,61.500,61.500,65.000,66.875,63.625,63.125,66.875,66.000,60.750,61.750,64.500,496800.839,11349672,110757108
1791012599.299,AD_Stan_tape_chunked_250,67.125,64.125,61.500,62.000,65.000,67.875,63.625,62.750,65.625,67.000,61.375,61.000,64.750,497170.776,11349672,110757108
1791012600.301,AD_Stan_tape_chunked_250,67.375,64.125,61.375,61.500,65.500,67.375,62.750,64.000,65.625,67.000,61.375,61.000,65.000,497540.741,11349673,110757108
1791012601.308,AD_Stan_tape_chunked_250,67.500,64.625,61.375,61.500,65.375,67.875,62.375,63.125,66.000,67.375,61.875,61.500,64.500,497911.787,11349673,110757108
1791012602.311,AD_Stan_tape_chunked_250,67.500,63.750,61.375,62.500,65.500,67.375,63.750,63.625,66.375,66.375,61.250,60.625,65.375,498281.790,11349673,110757108
1791012603.314,AD_Stan_tape_chunked_250,67.625,64.250,61.875,63.000,65.750,66.375,63.250,62.750,66.500,67.875,61.250,61.000,65.875,498652.057,11349673,110757108
1791012604.317,AD_Stan_tape_chunked_250,67.750,64.625,62.250,62.000,65.375,67.875,63.250,62.750,68.250,67.375,61.250,61.375,65.000,499021.679,11349673,110757108
1791012605.322,AD_Stan_tape_chunked_250,67.750,65.125,61.875,62.625,66.750,66.875,63.250,62.750,66.000,67.375,62.125,61.750,64.750,499392.353,11349673,110757108
1791012606.324,AD_Stan_tape_chunked_250,68.000,64.625,62.250,63.000,65.500,67.875,63.250,62.250,65.625,67.000,62.125,61.000,65.250,499761.991,11349673,110757108
1791012607.326,AD_Stan_tape_chunked_250,68.000,66.000,61.500,61.750,66.000,65.375,62.750,64.500,66.375,67.000,61.375,61.250,65.875,500131.589,11349673,110757108
1791012608.332,AD_Stan_tape_chunked_250,68.125,64.125,62.750,62.500,66.375,68.250,64.125,63.125,66.375,67.375,62.125,61.250,65.625,500502.263,11349673,110757108
1791012609.333,AD_Stan_tape_chunked_250,68.250,65.125,63.250,62.500,66.000,66.250,66.000,63.125,66.375,67.000,62.125,61.375,65.875,500871.833,11349673,110757108
1791012610.335,AD_Stan_tape_chunked_250,68.375,64.125,61.875,62.500,65.750,68.250,64.625,63.125,67.000,68.375,61.750,62.000,66.000,501241.454,11349673,110757108
1791012611.338,AD_Stan_tape_chunked_250,68.375,64.625,63.375,63.375,69.250,69.125,64.625,65.000,67.000,67.375,61.625,61.750,65.750,501611.354,11349673,110757108
1791012612.341,AD_Stan_tape_chunked_250,68.625,66.000,62.750,62.625,66.750,71.125,65.000,63.125,66.875,68.375,61.375,62.375,66.375,501981.357,11349673,110757108
1791012613.344,AD_Stan_tape_chunked_250,68.750,64.625,63.250,63.375,66.250,68.750,64.625,63.625,67.000,67.375,61.625,62.000,66.375,502351.304,11349673,110757108
1791012614.347,AD_Stan_tape_chunked_250,69.000,66.000,62.375,63.000,66.250,69.625,64.125,63.125,66.000,67.000,63.250,61.250,66.375,502721.297,11349673,110757108
1791012615.349,AD_Stan_tape_chunked_250,69.000,65.500,63.250,65.375,66.375,67.875,65.000,64.000,66.500,68.375,63.000,61.500,66.375,503090.872,11349673,110757108
1791012616.356,AD_Stan_tape_chunked_250,69.125,65.625,62.625,63.375,66.750,68.250,65.500,63.125,67.375,68.375,64.375,62.250,68.250,503462.272,11349673,110757108
1791012617.358,AD_Stan_tape_chunked_250,69.875,59.500,54.500,54.750,62.750,59.875,65.500,55.000,57.500,69.750,56.250,53.375,56.750,503673.735,11349673,110757108
1791012618.359,AD_Stan_tape_chunked_250,69.875,57.125,53.625,54.375,62.250,59.500,64.125,54.500,57.125,68.375,53.375,52.875,56.250,503801.782,11349673,110757108
1791012619.361,AD_Stan_tape_chunked_250,69.750,56.625,53.625,53.375,61.750,56.125,63.750,54.125,57.125,67.875,52.875,52.375,57.500,503929.415,11349673,110757108
1791012620.362,AD_Stan_tape_chunked_250,69.500,56.125,53.125,53.375,61.750,57.375,63.250,55.875,56.625,67.875,52.875,55.625,55.875,504056.019,11349673,110757108
1791012621.363,AD_Stan_tape_chunked_250,69.375,56.125,53.125,53.375,55.500,55.625,62.875,56.750,56.250,68.375,52.500,55.250,55.375,504180.143,11349673,110757108
1791012622.364,AD_Stan_tape_chunked_250,69.250,57.250,52.625,53.375,58.500,55.750,62.875,53.125,55.750,67.375,52.500,56.625,55.000,504306.000,11349673,110757108
1791012623.365,AD_Stan_tape_chunked_250,69.000,55.750,52.625,52.875,55.000,55.125,62.875,57.250,55.250,67.375,52.000,57.125,55.375,504431.699,11349673,110757108
1791012624.366,AD_Stan_tape_chunked_250,68.875,55.250,52.250,55.875,55.000,54.750,62.375,52.750,54.875,67.000,64.125,51.500,57.250,504556.345,11349673,110757108
1791012625.367,AD_Stan_tape_chunked_250,68.625,56.125,52.250,52.375,54.625,54.750,62.375,54.500,55.250,67.000,54.375,51.500,54.500,504681.572,11349673,110757108
1791012626.368,AD_Stan_tape_chunked_250,68.500,55.250,52.250,52.375,54.625,57.000,61.875,53.250,54.875,66.500,54.375,51.000,54.125,504806.007,11349673,110757108
1791012627.369,AD_Stan_tape_chunked_250,68.250,54.750,51.750,52.375,54.625,54.250,61.875,52.750,54.375,66.500,54.375,51.500,54.500,504930.275,11349673,110757108
1791012628.371,AD_Stan_tape_chunked_250,68.125,54.750,51.250,52.000,53.875,54.250,61.875,52.250,54.000,66.500,54.375,50.500,54.500,505055.227,11349673,110757108
1791012629.372,AD_Stan_tape_chunked_250,67.875,56.750,51.750,52.000,54.125,54.250,61.500,51.875,54.000,66.500,53.875,51.000,53.625,505180.856,11349673,110757108
1791012630.373,AD_Stan_tape_chunked_250,67.750,54.750,51.750,52.000,56.250,55.125,61.000,52.250,54.000,66.500,53.375,50.500,53.625,505305.136,11349673,110757108
1791012631.374,AD_Stan_tape_chunked_250,67.500,54.250,51.250,51.500,57.125,54.250,61.000,51.875,54.375,65.000,53.875,50.500,53.625,505429.689,11349673,110757108
1791012632.376,AD_Stan_tape_chunked_250,67.250,62.625,60.875,60.625,64.125,65.500,59.250,60.875,63.375,64.125,59.875,59.625,63.625,505577.591,11349673,110757108
1791012633.377,AD_Stan_tape_chunked_250,67.500,61.375,58.750,59.625,63.500,65.000,62.875,60.875,63.250,64.625,60.375,58.125,62.750,505946.562,11349673,110757108
1791012634.379,AD_Stan_tape_chunked_250,67.375,63.750,60.625,61.125,64.000,65.500,61.500,63.250,66.375,66.000,60.375,60.125,65.875,506316.079,11349673,110757108
1791012635.381,AD_Stan_tape_chunked_250,67.375,62.750,60.125,62.500,64.375,65.500,64.125,60.375,65.125,65.500,59.875,59.875,64.000,506685.779,11349673,110757108
1791012636.386,AD_Stan_tape_chunked_250,67.250,63.250,61.375,61.125,65.000,64.500,63.750,61.375,64.625,64.625,60.000,60.000,64.500,507056.421,11349673,110757108
1791012637.389,AD_Stan_tape_chunked_250,67.125,63.250,61.000,60.750,65.000,66.375,63.750,62.250,65.125,65.500,60.000,60.125,64.125,507426.426,11349673,110757108
1791012638.391,AD_Stan_tape_chunked_250,67.125,64.625,60.625,61.500,65.000,67.375,61.875,61.750,65.250,66.375,61.375,62.250,65.625,507795.974,11349673,110757108
1791012639.393,AD_Stan_tape_chunked_250,67.250,63.250,61.500,61.125,65.000,66.875,61.500,61.750,65.125,66.375,60.250,60.000,65.000,508165.562,11349673,110757108
1791012640.396,AD_Stan_tape_chunked_250,67.375,63.750,62.375,62.500,65.000,67.875,63.750,62.250,65.625,67.875,61.000,60.500,65.000,508535.470,11349673,110757108
1791012641.398,AD_Stan_tape_chunked_250,67.875,63.250,61.375,63.375,64.875,65.375,62.875,62.750,65.625,66.000,62.500,60.500,64.500,508905.119,11349673,110757108
1791012642.400,AD_Stan_tape_chunked_250,67.750,64.125,63.250,62.000,65.375,67.375,61.875,63.125,65.625,66.875,61.625,60.875,65.000,509274.746,11349673,110757108
1791012643.403,AD_Stan_tape_chunked_250,68.000,63.750,62.375,62.500,65.375,67.375,63.750,62.375,65.625,68.250,61.250,61.250,64.500,509644.679,11349673,110757108
1791012644.405,AD_Stan_tape_chunked_250,68.125,63.750,62.375,62.500,65.375,67.875,64.125,62.750,66.000,66.375,62.125,60.875,65.875,510014.281,11349673,110757108
1791012645.407,AD_Stan_tape_chunked_250,68.500,64.625,62.250,62.125,65.750,67.375,64.125,62.750,66.000,66.375,61.625,60.875,65.375,510383.514,11349673,110757108
1791012646.409,AD_Stan_tape_chunked_250,68.375,64.625,63.250,63.375,65.375,65.875,64.125,63.625,66.000,68.250,61.625,62.000,65.375,510753.059,11349673,110757108
1791012647.411,AD_Stan_tape_chunked_250,68.375,64.125,62.250,62.500,66.000,67.375,63.750,62.250,66.000,67.250,63.125,61.375,66.375,511122.659,11349673,110757108
1791012648.416,AD_Stan_tape_chunked_250,68.250,64.250,62.875,63.875,66.250,66.375,63.250,62.750,66.000,66.875,61.250,61.000,65.625,511493.372,11349673,110757108
1791012649.418,AD_Stan_tape_chunked_250,68.250,66.000,61.875,63.375,65.750,67.875,63.250,64.500,66.000,66.875,61.750,61.500,66.000,511863.331,11349674,110757108
1791012650.420,AD_Stan_tape_chunked_250,68.375,64.625,62.750,62.625,66.250,66.375,64.625,63.125,66.375,66.875,61.625,60.875,65.625,512232.578,11349674,110757108
1791012651.423,AD_Stan_tape_chunked_250,68.500,65.125,62.875,63.500,66.375,67.875,65.000,62.750,66.375,67.750,62.000,60.875,66.000,512602.878,11349674,110757108
1791012652.426,AD_Stan_tape_chunked_250,68.875,65.125,62.750,62.625,66.875,67.875,64.125,63.125,66.000,67.250,61.250,61.750,65.875,512972.483,11349674,110757108
1791012653.430,AD_Stan_tape_chunked_250,68.875,65.125,61.875,63.000,66.375,70.125,65.000,63.125,66.375,67.250,62.125,61.000,65.875,513342.829,11349674,110757108
1791012654.433,AD_Stan_tape_chunked_250,69.125,65.625,62.250,63.000,66.750,68.750,62.875,63.625,66.375,67.750,61.625,61.375,66.375,513712.783,11349674,110757108
1791012655.436,AD_Stan_tape_chunked_250,69.250,65.125,63.250,62.500,66.000,68.250,62.875,64.500,66.875,67.750,62.125,61.500,65.875,514082.731,11349674,110757108
1791012656.439,AD_Stan_tape_chunked_250,69.125,65.625,62.750,63.000,66.000,65.875,63.250,63.625,66.500,67.750,62.125,62.375,66.375,514452.695,11349674,110757108
1791012657.442,AD_Stan_tape_chunked_250,69.125,64.750,62.125,63.375,66.000,69.250,63.625,65.375,66.000,68.250,62.875,62.250,65.625,514822.650,11349674,110757108
1791012658.444,AD_Stan_tape_chunked_250,69.125,65.625,62.750,63.000,66.750,68.750,63.625,64.500,67.375,68.625,61.875,61.375,67.000,515192.225,11349674,110757108
1791012659.447,AD_Stan_tape_chunked_250,69.125,65.625,62.750,64.000,67.875,69.250,63.625,64.500,67.375,69.125,61.875,62.000,66.375,515562.173,11349674,110757108
1791012660.449,AD_Stan_tape_chunked_250,69.125,65.625,62.500,63.000,66.750,68.750,64.625,63.625,67.000,68.625,62.500,62.875,67.000,515931.776,11349674,110757108
1791012661.451,AD_Stan_tape_chunked_250,69.125,65.625,63.250,63.625,67.875,69.250,63.625,64.000,67.375,67.750,63.125,62.000,66.375,516301.341,11349674,110757108
1791012662.453,AD_Stan_tape_chunked_250,69.125,65.625,63.250,63.375,67.625,68.250,63.250,63.125,67.375,68.625,62.125,61.500,66.625,516670.972,11349674,110757108
1791012663.455,AD_Stan_tape_chunked_250,69.250,66.500,63.000,63.875,67.375,69.625,62.250,64.000,67.750,68.625,62.125,62.250,67.000,517040.519,11349674,110757108
1791012664.458,AD_Stan_tape_chunked_250,69.250,65.625,63.250,64.000,67.875,69.625,64.625,64.000,67.375,68.625,62.500,62.375,66.500,517410.524,11349674,110757108
1791012665.461,AD_Stan_tape_chunked_250,69.250,66.000,63.750,64.375,67.625,68.750,64.625,63.625,67.000,68.625,62.875,63.750,67.000,517780.469,11349674,110757108
1791012666.463,AD_Stan_tape_chunked_250,69.375,67.375,63.250,63.375,67.375,68.750,63.250,64.250,69.125,68.625,62.375,62.000,67.375,518150.056,11349674,110757108
1791012667.466,AD_Stan_tape_chunked_250,69.500,65.625,63.625,63.375,67.125,68.750,64.625,64.000,67.750,69.125,61.875,62.250,67.000,518520.034,11349674,110757108
1791012668.469,AD_Stan_tape_chunked_250,69.500,66.000,63.625,63.875,66.875,69.250,63.625,63.625,67.875,69.625,62.500,62.375,67.750,518889.991,11349674,110757108
1791012669.472,AD_Stan_tape_chunked_250,69.625,65.125,63.625,63.875,67.375,68.250,64.500,64.000,67.750,68.625,62.500,61.875,67.000,519259.958,11349675,110757108
1791012670.475,AD_Stan_tape_chunked_250,69.625,66.500,63.750,64.375,67.875,69.250,63.625,64.000,67.750,68.625,62.375,62.000,67.000,519629.550,11349675,110757108
1791012671.477,AD_Stan_tape_chunked_250,69.625,65.625,63.375,64.375,67.375,70.125,63.625,64.000,68.250,68.625,64.000,62.250,67.250,519999.488,11349675,110757108
1791012672.479,AD_Stan_tape_chunked_250,70.125,59.375,58.625,56.750,58.625,59.375,65.000,56.750,62.375,71.375,58.750,55.625,59.875,520311.025,11349675,110757108
1791012673.481,AD_Stan_tape_chunked_250,70.250,58.000,56.875,59.750,57.750,58.000,63.250,57.250,61.875,69.625,57.375,54.250,58.125,520436.957,11349675,110757108
1791012674.482,AD_Stan_tape_chunked_250,70.250,57.500,55.500,54.375,57.250,58.000,63.250,55.000,57.500,69.125,56.875,53.375,56.750,520562.904,11349675,110757108
1791012675.483,AD_Stan_tape_chunked_250,70.125,57.125,54.125,54.375,56.375,57.000,62.750,55.000,56.625,68.625,56.875,53.875,56.250,520687.048,11349675,110757108
1791012676.484,AD_Stan_tape_chunked_250,70.000,58.625,55.500,53.375,56.375,56.625,62.750,54.125,57.125,68.250,56.375,52.875,56.250,520811.966,11349675,110757108
1791012677.485,AD_Stan_tape_chunked_250,69.750,56.625,53.625,53.375,66.000,62.750,61.750,53.625,57.125,68.250,56.000,52.375,56.250,520936.862,11349675,110757108
1791012678.486,AD_Stan_tape_chunked_250,69.625,56.625,53.625,53.375,55.500,56.125,61.750,53.125,56.250,68.250,57.875,55.250,55.875,521061.536,11349676,110757108
1791012679.488,AD_Stan_tape_chunked_250,69.500,56.750,56.500,53.375,55.375,56.125,61.750,53.625,56.250,67.750,56.875,52.375,55.375,521187.125,11349676,110757108
1791012680.489,AD_Stan_tape_chunked_250,69.250,56.125,53.125,56.250,55.500,55.625,61.375,53.625,56.250,67.750,52.500,52.875,55.000,521313.374,11349676,110757108
1791012681.490,AD_Stan_tape_chunked_250,69.125,59.125,52.625,55.375,55.000,55.125,61.375,53.125,55.750,66.875,52.500,52.875,54.500,521437.497,11349678,110757108
1791012682.491,AD_Stan_tape_chunked_250,69.000,56.125,52.625,55.875,54.625,55.625,61.375,53.125,55.250,69.125,52.500,52.000,55.000,521563.031,11349678,110757108
1791012683.492,AD_Stan_tape_chunked_250,69.125,55.750,52.625,55.875,54.625,54.750,61.375,52.250,55.250,69.125,52.000,51.500,54.500,521686.694,11349678,110757108
1791012684.493,AD_Stan_tape_chunked_250,69.125,55.250,52.625,53.375,59.500,60.625,60.875,52.750,55.250,69.125,51.500,51.500,54.125,521809.812,11349678,110757108
1791012685.495,AD_Stan_tape_chunked_250,69.000,54.750,52.250,52.375,54.625,54.250,60.875,52.250,58.375,68.625,51.500,52.875,54.125,521933.128,11349678,110757108
1791012686.496,AD_Stan_tape_chunked_250,69.000,54.750,52.250,52.875,54.125,54.250,60.875,53.750,58.875,68.625,51.000,51.500,54.125,522060.729,11349678,110757108
1791012687.497,AD_Stan_tape_chunked_250,69.000,54.750,52.250,52.375,54.125,54.250,60.375,51.875,58.000,68.250,51.500,50.500,57.125,522185.372,11349678,110757108
1791012688.498,AD_Stan_tape_chunked_250,68.875,64.125,61.125,61.500,65.000,66.375,61.875,62.750,65.625,66.375,60.375,60.125,64.500,522452.829,11349678,110757108
1791012689.501,AD_Stan_tape_chunked_250,68.750,62.250,60.125,62.000,64.625,66.375,61.375,60.875,65.125,64.625,59.500,59.625,63.625,522822.572,11349679,110757108
1791012690.504,AD_Stan_tape_chunked_250,68.750,62.750,61.000,61.500,64.125,65.500,60.875,61.750,65.500,67.750,60.000,59.500,64.125,523192.518,11349679,110757108
1791012691.506,AD_Stan_tape_chunked_250,68.750,64.125,61.500,64.375,66.250,68.750,62.250,62.750,66.000,69.125,61.375,61.000,65.875,523562.040,11349680,110757108
1791012692.509,AD_Stan_tape_chunked_250,68.625,63.250,61.375,62.500,66.875,66.875,63.250,62.250,65.125,68.625,61.250,60.625,64.875,523932.028,11349680,110757108
1791012693.512,AD_Stan_tape_chunked_250,68.750,64.125,63.000,62.500,65.750,67.375,62.750,61.875,66.000,69.125,61.375,60.375,65.250,524301.971,11349680,110757108
1791012694.515,AD_Stan_tape_chunked_250,68.750,64.750,61.875,62.500,64.625,66.875,61.750,62.250,66.000,68.625,61.250,61.000,65.625,524671.995,11349680,110757108
1791012695.517,AD_Stan_tape_chunked_250,68.875,63.750,61.625,62.500,65.000,66.875,62.250,62.750,66.000,69.125,61.000,60.000,65.875,525041.547,11349680,110757108
1791012696.519,AD_Stan_tape_chunked_250,69.000,64.125,61.875,62.500,65.500,67.875,62.750,62.250,66.000,69.625,61.875,61.000,66.750,525411.132,11349680,110757108
1791012697.521,AD_Stan_tape_chunked_250,69.125,63.625,61.125,62.000,65.375,66.875,62.250,63.125,66.000,69.125,60.875,60.875,65.375,525780.726,11349680,110757108
1791012698.523,AD_Stan_tape_chunked_250,69.125,64.125,62.250,63.000,65.000,66.875,63.625,61.875,66.000,69.625,61.375,61.500,65.375,526150.343,11349680,110757108
1791012699.526,AD_Stan_tape_chunked_250,69.250,65.125,62.750,62.500,65.500,67.375,63.250,62.750,66.000,69.125,61.250,61.250,65.000,526519.921,11349680,110757108
1791012700.528,AD_Stan_tape_chunked_250,69.250,64.250,62.875,63.000,66.375,66.875,63.250,63.125,66.000,69.625,62.250,61.500,66.375,526889.492,11349680,110757108
1791012701.530,AD_Stan_tape_chunked_250,69.375,64.250,61.875,62.000,66.250,67.875,62.750,62.750,66.375,69.125,61.625,60.875,65.625,527259.501,11349680,110757108
1791012702.534,AD_Stan_tape_chunked_250,69.375,64.750,62.875,63.375,67.375,66.250,62.750,63.625,67.000,66.875,63.000,61.250,66.250,527629.391,11349680,110757108
1791012703.542,AD_Stan_tape_chunked_250,69.500,65.500,63.250,62.500,66.750,68.250,63.625,63.125,66.375,69.625,61.625,61.250,65.875,528001.261,11349680,110757108
1791012704.544,AD_Stan_tape_chunked_250,69.500,65.500,62.500,64.375,66.250,66.375,63.250,63.125,67.000,70.000,62.250,62.250,67.500,528370.818,11349680,110757108
1791012705.546,AD_Stan_tape_chunked_250,69.625,65.625,62.375,64.875,67.625,69.250,64.125,62.750,67.375,70.500,61.625,61.500,65.625,528740.399,11349680,110757108
1791012706.549,AD_Stan_tape_chunked_250,69.750,65.625,62.500,63.500,65.500,68.250,63.250,64.000,66.500,69.625,61.625,61.375,66.750,529110.399,11349680,110757108
1791012707.552,AD_Stan_tape_chunked_250,69.750,65.125,63.375,63.375,67.625,68.250,64.125,64.000,67.375,67.750,62.500,62.250,66.625,529480.663,11349680,110757108
1791012708.555,AD_Stan_tape_chunked_250,69.875,65.625,62.125,63.000,66.875,69.250,64.625,63.125,67.375,70.500,63.000,62.625,66.625,529850.274,11349680,110757108
1791012709.558,AD_Stan_tape_chunked_250,70.000,65.625,62.750,64.375,67.125,68.750,63.625,63.625,67.750,69.125,62.125,62.250,66.500,530220.281,11349681,110757108
1791012710.560,AD_Stan_tape_chunked_250,70.000,65.625,63.750,63.875,66.875,68.750,63.250,64.000,67.000,70.500,62.500,62.000,66.750,530589.871,11349681,110757108
1791012711.563,AD_Stan_tape_chunked_250,70.125,65.500,63.250,64.375,67.125,67.375,63.625,64.500,67.000,70.500,61.375,61.750,67.875,530959.829,11349681,110757108
1791012712.566,AD_Stan_tape_chunked_250,70.250,65.625,63.625,63.375,66.375,69.250,64.625,64.000,66.500,70.500,62.125,62.000,68.125,531329.749,11349681,110757108
1791012713.569,AD_Stan_tape_chunked_250,70.250,65.625,62.750,63.875,67.125,69.250,63.625,63.625,67.875,70.500,62.125,62.625,66.125,531699.376,11349681,110757108
1791012714.570,AD_Stan_tape_chunked_250,70.375,66.000,62.625,63.375,67.125,66.875,63.625,63.625,68.750,69.125,62.750,61.750,67.250,532068.964,11349681,110757108
1791012715.573,AD_Stan_tape_chunked_250,70.375,66.000,63.250,63.875,67.625,68.750,64.125,65.000,68.250,70.000,63.000,62.250,67.375,532438.920,11349681,110757108
1791012716.575,AD_Stan_tape_chunked_250,70.500,66.000,63.625,63.875,67.625,70.625,63.750,63.625,68.250,70.875,62.125,62.375,67.250,532808.507,11349681,110757108
1791012717.578,AD_Stan_tape_chunked_250,70.500,66.500,63.000,64.375,68.250,68.750,65.000,64.000,67.375,69.625,62.375,62.625,67.000,533178.448,11349681,110757108
1791012718.581,AD_Stan_tape_chunked_250,70.500,65.625,63.250,64.375,68.500,69.625,64.500,64.500,68.250,70.500,63.375,62.250,67.500,533548.415,11349681,110757108
1791012719.583,AD_Stan_tape_chunked_250,70.625,65.125,63.250,64.375,67.875,69.625,66.375,64.000,69.125,70.875,63.125,62.625,67.375,533917.987,11349681,110757108
1791012720.586,AD_Stan_tape_chunked_250,70.625,66.500,63.875,63.875,67.625,69.625,65.875,63.625,67.750,70.500,62.500,62.625,67.250,534287.983,11349681,110757108
1791012721.588,AD_Stan_tape_chunked_250,70.625,66.125,63.625,64.875,67.625,69.625,65.375,64.500,68.250,70.500,63.500,62.250,67.500,534657.563,11349681,110757108
1791012722.590,AD_Stan_tape_chunked_250,70.750,66.875,63.250,64.875,69.000,68.250,65.375,63.625,67.875,70.500,62.750,62.875,67.500,535027.163,11349681,110757108
1791012723.592,AD_Stan_tape_chunked_250,70.875,67.000,65.125,65.750,69.000,69.625,64.500,64.500,68.625,70.875,63.625,62.375,67.250,535396.746,11349681,110757108
1791012724.594,AD_Stan_tape_chunked_250,71.000,66.500,63.625,63.875,67.625,68.250,65.375,64.500,68.625,70.875,63.750,62.250,67.500,535766.329,11349681,110757108
1791012725.596,AD_Stan_tape_chunked_250,71.125,66.500,64.625,65.375,68.500,69.250,65.875,64.500,68.250,71.375,63.125,62.875,68.625,536135.924,11349681,110757108
1791012726.598,AD_Stan_tape_chunked_250,71.125,67.000,64.625,64.875,67.625,70.125,65.875,64.125,67.875,70.000,63.375,62.625,68.625,536505.510,11349681,110757108
1791012727.601,AD_Stan_tape_chunked_250,71.125,68.250,64.250,65.500,68.250,70.625,66.375,64.625,69.250,70.500,63.750,63.125,67.375,536875.476,11349681,110757108
1791012728.603,AD_Stan_tape_chunked_250,72.375,58.500,55.875,58.250,58.500,58.500,65.000,56.375,58.875,72.750,54.750,54.750,62.750,537035.685,11349681,110757108
1791012729.604,AD_Stan_tape_chunked_250,72.500,58.000,55.000,57.125,58.500,57.500,64.500,55.000,58.000,71.875,53.875,53.875,61.375,537157.689,11349681,110757108
1791012730.606,AD_Stan_tape_chunked_250,72.375,57.500,55.000,55.250,57.125,57.000,64.500,58.625,58.000,71.375,53.875,53.875,61.375,537281.651,11349681,110757108
1791012731.607,AD_Stan_tape_chunked_250,72.250,57.125,54.500,55.625,57.625,56.625,64.125,54.125,57.125,71.375,53.875,53.375,60.875,537402.377,11349681,110757108
1791012732.608,AD_Stan_tape_chunked_250,72.125,57.125,54.500,54.750,65.000,56.625,64.500,54.125,57.125,70.875,54.875,55.250,60.875,537524.340,11349681,110757108
1791012733.609,AD_Stan_tape_chunked_250,72.000,56.625,54.125,54.375,56.375,56.625,64.125,55.000,57.125,70.875,53.375,52.875,61.750,537648.786,11349681,110757108
1791012734.610,AD_Stan_tape_chunked_250,71.875,56.625,54.625,53.875,60.750,56.125,63.625,53.125,57.125,70.500,53.375,55.625,61.375,537771.810,11349681,110757108
1791012735.611,AD_Stan_tape_chunked_250,71.750,56.125,53.625,54.375,56.375,56.125,63.625,53.625,56.625,70.500,54.125,64.125,55.375,537897.643,11349681,110757108
1791012736.612,AD_Stan_tape_chunked_250,71.625,57.625,53.125,53.375,55.750,56.125,63.125,52.750,56.250,70.000,52.875,54.250,55.375,538018.306,11349681,110757108
1791012737.613,AD_Stan_tape_chunked_250,71.375,56.125,53.125,53.375,55.375,57.125,63.125,52.750,55.750,70.000,52.500,54.250,55.000,538140.261,11349681,110757108
1791012738.615,AD_Stan_tape_chunked_250,71.250,55.750,54.625,53.375,57.625,55.125,62.750,53.625,55.750,69.625,52.500,53.875,55.000,538261.371,11349681,110757108
1791012739.616,AD_Stan_tape_chunked_250,71.125,55.750,54.750,53.375,55.375,55.125,63.125,52.750,55.750,70.000,52.000,54.250,55.000,538389.269,11349681,110757108
1791012740.617,AD_Stan_tape_chunked_250,70.875,55.250,53.125,52.875,54.875,55.125,62.750,52.750,55.250,69.125,52.000,54.250,54.500,538509.134,11349681,110757108
1791012741.618,AD_Stan_tape_chunked_250,70.750,55.250,54.125,52.875,54.875,54.750,63.125,52.750,54.875,69.625,51.500,54.250,54.125,538630.864,11349681,110757108
1791012742.619,AD_Stan_tape_chunked_250,70.500,55.250,52.625,52.375,54.375,54.750,62.250,52.250,54.875,69.125,51.500,53.875,54.125,538751.048,11349681,110757108
1791012743.621,AD_Stan_tape_chunked_250,70.250,64.625,63.250,63.000,65.750,67.875,61.875,63.125,65.500,66.000,61.875,61.750,65.375,538921.521,11349681,110757108
1791012744.622,AD_Stan_tape_chunked_250,70.125,63.250,61.000,61.500,64.625,66.375,62.750,61.375,64.625,64.125,62.125,59.125,64.125,539291.054,11349681,110757108
1791012745.624,AD_Stan_tape_chunked_250,69.875,64.125,61.125,64.375,66.000,68.250,61.500,61.750,66.000,65.000,63.500,61.250,65.125,539660.630,11349681,110757108
1791012746.626,AD_Stan_tape_chunked_250,69.625,64.625,61.500,62.000,65.375,68.750,61.875,62.750,65.625,65.500,60.250,60.625,64.750,540030.212,11349681,110757108
1791012747.629,AD_Stan_tape_chunked_250,69.625,64.625,60.875,62.500,65.375,68.750,62.750,63.125,65.500,65.000,61.250,61.000,67.250,540400.169,11349681,110757108
1791012748.632,AD_Stan_tape_chunked_250,69.625,66.000,63.375,61.125,65.750,68.250,61.875,63.125,65.625,66.000,60.750,60.625,64.500,540770.158,11349681,110757108
1791012749.635,AD_Stan_tape_chunked_250,69.750,65.125,61.875,61.500,65.500,68.750,64.625,62.750,66.000,66.000,63.500,61.000,65.125,541140.079,11349681,110757108
1791012750.638,AD_Stan_tape_chunked_250,70.000,64.625,61.875,63.000,66.000,67.750,64.625,63.125,65.625,66.000,61.375,61.375,67.000,541510.063,11349681,110757108
1791012751.640,AD_Stan_tape_chunked_250,69.875,65.625,62.250,62.125,65.500,68.750,65.000,62.750,67.875,66.375,61.625,61.500,65.625,541879.672,11349681,110757108
1791012752.643,AD_Stan_tape_chunked_250,69.750,64.125,62.750,62.500,66.375,68.750,64.625,62.750,66.500,66.000,62.375,60.875,65.125,542249.621,11349681,110757108
1791012753.645,AD_Stan_tape_chunked_250,69.750,64.625,62.875,63.875,66.250,69.625,64.625,63.125,66.500,66.000,63.125,61.500,65.875,542619.193,11349682,110757108
1791012754.648,AD_Stan_tape_chunked_250,69.750,64.625,61.625,63.375,66.750,69.250,66.000,63.125,67.000,65.875,61.625,62.000,66.750,542989.147,11349682,110757108
1791012755.651,AD_Stan_tape_chunked_250,69.750,65.625,63.875,64.875,66.750,69.125,63.750,62.250,66.500,66.875,62.875,62.375,66.375,543359.108,11349682,110757108
1791012756.654,AD_Stan_tape_chunked_250,69.750,65.125,62.875,63.875,66.375,70.125,65.500,63.125,66.500,66.000,63.000,61.500,66.125,543728.731,11349682,110757108
1791012757.657,AD_Stan_tape_chunked_250,69.750,65.125,63.250,63.375,66.750,69.625,65.500,63.125,66.500,66.750,63.500,61.750,65.750,544098.662,11349682,110757108
1791012758.662,AD_Stan_tape_chunked_250,69.750,64.250,62.750,63.000,66.875,69.250,66.000,64.000,67.875,65.875,63.000,62.250,66.375,544469.388,11349682,110757108
1791012759.664,AD_Stan_tape_chunked_250,69.750,65.125,62.875,63.375,68.250,69.250,65.000,63.625,68.250,67.875,62.125,62.375,66.125,544838.973,11349682,110757108
1791012760.667,AD_Stan_tape_chunked_250,69.750,65.625,63.250,63.500,67.125,70.125,64.500,64.000,67.375,66.875,62.500,61.750,67.375,545209.307,11349682,110757108
1791012761.670,AD_Stan_tape_chunked_250,69.875,65.625,63.375,64.375,67.125,69.625,64.500,63.625,68.250,66.750,63.125,62.375,66.750,545578.903,11349682,110757108
1791012762.673,AD_Stan_tape_chunked_250,69.875,65.125,62.375,64.375,68.000,70.625,64.500,64.000,67.375,66.000,62.125,62.250,68.750,545948.847,11349682,110757108
1791012763.676,AD_Stan_tape_chunked_250,70.000,64.750,63.625,64.375,66.875,69.625,65.000,63.625,68.250,68.250,63.500,62.250,68.625,546319.186,11349682,110757108
1791012764.679,AD_Stan_tape_chunked_250,70.125,66.000,63.250,64.875,68.750,69.625,64.125,64.500,68.750,66.875,62.500,62.250,66.750,546688.765,11349682,110757108
1791012765.682,AD_Stan_tape_chunked_250,70.125,66.000,63.625,63.875,68.500,70.125,65.000,64.000,67.875,66.875,62.500,62.250,66.375,547058.740,11349682,110757108
1791012766.684,AD_Stan_tape_chunked_250,70.250,67.000,63.750,64.875,67.375,71.125,65.375,65.000,68.625,66.875,62.750,61.875,67.500,547428.297,11349682,110757108
1791012767.687,AD_Stan_tape_chunked_250,70.375,67.000,63.625,64.375,68.250,70.125,66.375,65.000,68.250,67.375,63.125,62.250,67.500,547798.250,11349682,110757108
1791012768.690,AD_Stan_tape_chunked_250,70.500,66.000,63.000,64.875,68.250,70.625,65.375,64.500,67.875,67.375,63.750,62.250,67.000,548168.242,11349682,110757108
1791012769.693,AD_Stan_tape_chunked_250,70.500,67.375,63.625,66.750,67.875,70.625,65.000,64.000,67.750,67.250,63.875,62.625,67.000,548538.192,11349682,110757108
1791012770.695,AD_Stan_tape_chunked_250,70.500,66.500,63.250,65.375,68.250,70.625,65.375,65.000,68.625,67.875,63.125,62.625,68.125,548907.759,11349682,110757108
1791012771.698,AD_Stan_tape_chunked_250,70.750,67.875,66.000,63.875,67.875,70.500,65.375,64.500,68.250,67.875,63.750,62.625,66.750,549277.746,11349682,110757108
1791012772.700,AD_Stan_tape_chunked_250,70.875,67.000,64.125,63.875,68.250,71.125,65.000,65.000,67.750,69.250,63.000,62.250,68.125,549647.321,11349682,110757108
1791012773.702,AD_Stan_tape_chunked_250,71.000,67.000,64.125,63.875,68.250,71.125,65.000,64.500,69.625,68.750,63.000,62.625,67.875,550016.925,11349682,110757108
1791012774.705,AD_Stan_tape_chunked_250,71.250,66.500,64.000,64.000,69.625,70.125,66.375,64.500,69.125,67.750,63.125,62.750,68.125,550386.876,11349682,110757108
1791012775.708,AD_Stan_tape_chunked_250,71.250,66.875,63.625,64.000,69.000,70.625,64.125,65.000,68.750,67.875,63.875,62.875,67.500,550756.830,11349682,110757108
1791012776.711,AD_Stan_tape_chunked_250,71.375,66.500,66.000,64.375,68.000,70.625,65.875,64.625,68.250,67.750,63.875,63.750,67.375,551126.807,11349682,110757108
1791012777.714,AD_Stan_tape_chunked_250,71.250,66.500,64.625,64.125,69.000,71.000,66.750,64.000,68.625,69.250,63.250,62.625,67.000,551496.770,11349682,110757108
1791012778.716,AD_Stan_tape_chunked_250,71.250,67.375,64.625,64.875,69.250,70.125,66.750,65.000,68.625,68.625,65.625,62.750,67.875,551866.366,11349682,110757108
1791012779.719,AD_Stan_tape_chunked_250,71.375,67.750,63.750,64.625,69.875,71.125,66.750,64.500,69.625,68.250,63.375,62.875,68.250,552236.289,11349682,110757108
1791012780.722,AD_Stan_tape_chunked_250,71.375,68.375,63.875,64.875,68.250,71.500,66.375,65.000,69.125,69.250,64.125,62.875,68.625,552606.293,11349682,110757108
1791012781.725,AD_Stan_tape_chunked_250,71.625,68.375,65.625,65.375,69.000,72.000,64.625,65.375,68.750,68.250,64.875,62.875,68.750,552976.190,11349684,110757108
1791012782.727,AD_Stan_tape_chunked_250,71.750,67.875,64.250,67.625,69.000,72.000,66.000,66.375,68.250,67.750,64.125,64.125,68.125,553345.808,11349684,110757108
1791012783.730,AD_Stan_tape_chunked_250,72.625,59.375,55.875,56.750,59.125,72.875,65.000,59.375,60.250,60.750,59.000,56.125,59.375,553602.347,11349689,110757108
1791012784.731,AD_Stan_tape_chunked_250,72.500,58.500,55.500,57.375,58.250,58.000,64.125,59.000,73.250,59.375,56.250,55.250,58.125,553728.743,11349689,110757108
1791012785.732,AD_Stan_tape_chunked_250,72.750,58.500,55.000,56.250,59.000,57.500,63.250,58.000,72.750,59.000,54.375,54.250,59.750,553855.083,11349689,110757108
1791012786.733,AD_Stan_tape_chunked_250,72.125,59.500,67.000,55.625,57.750,62.125,63.625,58.500,58.000,60.500,58.625,54.250,57.625,553985.407,11349689,110757108
1791012787.735,AD_Stan_tape_chunked_250,71.375,57.500,67.000,56.125,56.875,61.750,63.250,58.000,57.500,58.500,53.375,53.875,57.250,554111.409,11349689,110757108
1791012788.736,AD_Stan_tape_chunked_250,70.625,57.500,67.000,57.250,57.250,56.625,63.250,57.500,57.500,57.625,53.875,53.375,61.125,554236.120,11349690,110757108
1791012789.737,AD_Stan_tape_chunked_250,70.000,57.125,66.125,54.750,56.375,56.125,62.750,58.500,57.125,57.625,53.875,55.250,56.250,554359.278,11349690,110757108
1791012790.738,AD_Stan_tape_chunked_250,69.375,57.125,66.500,54.750,57.625,56.125,62.750,58.500,57.125,58.125,53.375,53.375,56.250,554483.566,11349690,110757108
1791012791.739,AD_Stan_tape_chunked_250,69.000,56.625,66.125,53.875,56.875,56.125,62.250,54.125,60.250,57.250,53.375,52.875,56.250,554609.340,11349690,110757108
1791012792.741,AD_Stan_tape_chunked_250,68.375,56.625,66.125,54.375,56.000,58.000,63.250,53.625,59.375,57.250,52.875,54.750,55.875,554732.996,11349690,110757108
1791012793.742,AD_Stan_tape_chunked_250,67.875,56.625,66.125,53.875,55.750,55.625,62.250,53.625,59.750,56.750,52.875,54.250,55.875,554857.467,11349690,110757108
1791012794.743,AD_Stan_tape_chunked_250,67.375,56.125,65.625,53.375,56.000,55.625,62.250,53.125,59.375,56.750,52.500,54.250,55.375,554981.151,11349690,110757108
1791012795.744,AD_Stan_tape_chunked_250,66.875,56.125,65.625,53.375,58.125,55.125,62.250,53.625,56.250,56.250,52.875,52.375,59.125,555106.370,11349690,110757108
1791012796.745,AD_Stan_tape_chunked_250,66.750,55.750,65.625,54.000,55.750,55.125,61.750,53.125,56.250,56.500,52.000,52.375,59.125,555229.929,11349690,110757108
1791012797.746,AD_Stan_tape_chunked_250,66.625,55.750,65.125,53.375,59.000,54.750,61.375,53.125,56.250,56.250,52.500,51.500,58.625,555355.797,11349690,110757108
1791012798.748,AD_Stan_tape_chunked_250,66.500,55.750,65.125,53.375,56.250,56.000,61.375,52.750,56.625,56.500,52.500,51.500,58.625,555485.116,11349690,110757108
1791012799.748,AD_Stan_tape_chunked_250,66.250,66.000,63.625,64.875,67.375,69.250,63.125,64.500,67.875,66.875,63.000,62.875,66.750,555711.799,11349690,110757108
1791012800.749,AD_Stan_tape_chunked_250,67.375,64.125,62.250,64.875,64.875,67.750,63.625,63.125,66.875,66.000,61.250,63.125,64.875,556080.774,11349690,110757108
1791012801.752,AD_Stan_tape_chunked_250,67.500,63.750,61.500,62.000,65.000,67.875,61.500,61.750,65.625,64.625,60.500,61.250,64.250,556450.820,11349690,110757108
1791012802.754,AD_Stan_tape_chunked_250,67.625,64.625,61.625,62.625,66.375,66.875,63.250,63.625,67.375,66.875,62.875,63.250,65.875,556820.360,11349690,110757108
1791012803.786,AD_Stan_tape_chunked_250,67.625,64.625,61.500,63.625,66.375,67.875,62.250,62.750,66.500,66.000,61.250,63.125,65.375,557200.681,11349690,110757108
1791012804.788,AD_Stan_tape_chunked_250,67.750,65.125,62.750,63.375,65.750,66.875,63.125,63.625,67.750,66.000,61.375,62.625,66.500,557570.278,11349690,110757108
1791012805.790,AD_Stan_tape_chunked_250,67.875,65.125,62.250,63.000,67.625,66.250,62.750,63.125,67.375,65.500,61.875,61.875,66.125,557940.231,11349690,110757108
1791012806.792,AD_Stan_tape_chunked_250,68.000,65.625,63.250,62.625,66.000,67.875,62.875,63.625,67.375,66.000,62.125,62.000,66.125,558309.825,11349690,110757108
1791012807.794,AD_Stan_tape_chunked_250,68.250,66.000,62.750,63.000,66.250,69.625,63.750,63.625,67.000,66.875,63.125,62.250,65.875,558679.416,11349690,110757108
1791012808.796,AD_Stan_tape_chunked_250,68.250,64.625,62.375,62.125,66.000,66.875,63.625,63.125,66.500,67.875,62.750,63.625,67.125,559049.026,11349690,110757108
1791012809.798,AD_Stan_tape_chunked_250,68.375,65.625,63.250,63.375,66.875,68.250,64.250,64.000,67.875,66.000,62.500,62.250,66.125,559418.578,11349692,110757108
1791012810.800,AD_Stan_tape_chunked_250,68.500,66.000,65.125,63.375,66.875,68.250,65.125,62.750,67.875,66.875,63.625,64.125,67.250,559788.196,11349692,110757108
1791012811.803,AD_Stan_tape_chunked_250,68.625,64.625,63.250,63.375,67.375,71.125,64.625,65.000,67.000,66.875,62.500,62.625,65.875,560157.780,11349692,110757108
1791012812.806,AD_Stan_tape_chunked_250,68.875,66.500,62.750,63.000,67.875,69.125,64.250,64.000,68.250,67.375,62.125,63.125,66.250,560528.100,11349692,110757108
1791012813.809,AD_Stan_tape_chunked_250,69.000,66.375,63.250,63.125,67.125,71.125,64.625,62.750,68.250,67.875,63.000,63.125,67.250,560897.706,11349692,110757108
1791012814.814,AD_Stan_tape_chunked_250,69.125,66.000,63.625,64.875,67.625,68.250,64.625,63.625,68.250,68.250,63.875,64.500,66.375,561268.401,11349692,110757108
1791012815.816,AD_Stan_tape_chunked_250,69.250,66.000,63.250,63.000,68.500,69.250,64.250,64.500,67.375,66.375,63.125,64.125,67.875,561637.982,11349692,110757108
1791012816.819,AD_Stan_tape_chunked_250,69.375,66.500,62.625,64.875,67.375,69.625,64.250,64.000,67.375,67.875,62.375,64.500,67.000,562007.962,11349692,110757108
1791012817.821,AD_Stan_tape_chunked_250,69.375,66.500,63.250,63.000,68.000,67.750,64.625,63.625,68.250,66.875,64.625,64.125,67.000,562377.551,11349692,110757108
1791012818.823,AD_Stan_tape_chunked_250,69.500,65.625,63.250,65.375,68.250,69.625,64.250,64.500,68.625,67.875,62.750,64.125,67.000,562747.136,11349693,110757108
1791012819.826,AD_Stan_tape_chunked_250,69.500,65.625,64.250,64.625,67.375,67.250,63.750,64.500,67.875,67.750,63.250,64.125,67.875,563117.110,11349693,110757108
1791012820.829,AD_Stan_tape_chunked_250,69.625,66.000,63.250,64.875,67.125,69.125,62.750,64.500,67.750,68.250,63.625,64.500,67.000,563487.066,11349693,110757108
1791012821.831,AD_Stan_tape_chunked_250,69.625,66.125,63.000,64.875,67.875,69.625,64.625,64.500,68.250,68.750,63.375,64.500,67.250,563856.643,11349693,110757108
1791012822.834,AD_Stan_tape_chunked_250,69.625,67.375,64.250,64.375,67.625,69.625,64.625,65.000,69.250,67.375,63.500,63.750,66.625,564226.615,11349693,110757108
1791012823.836,AD_Stan_tape_chunked_250,69.875,67.000,64.250,64.875,68.250,70.625,64.500,64.000,67.875,68.250,63.375,64.125,67.750,564596.166,11349693,110757108
1791012824.839,AD_Stan_tape_chunked_250,70.000,66.000,63.375,64.500,67.875,68.125,65.875,65.000,68.625,68.125,63.500,64.500,67.500,564966.157,11349693,110757108
1791012825.841,AD_Stan_tape_chunked_250,70.000,66.375,63.500,64.375,69.000,70.625,64.500,63.750,68.625,68.250,63.500,63.625,67.750,565336.125,11349693,110757108
1791012826.844,AD_Stan_tape_chunked_250,70.125,66.500,63.875,65.750,68.000,67.250,66.375,64.500,68.625,67.875,64.375,65.500,67.250,565705.701,11349693,110757108
1791012827.846,AD_Stan_tape_chunked_250,70.125,67.000,64.125,64.875,68.500,71.125,66.375,65.375,68.625,68.750,63.500,63.625,68.250,566075.262,11349693,110757108
1791012828.848,AD_Stan_tape_chunked_250,70.125,67.000,63.625,64.375,68.500,69.250,66.750,64.625,68.625,68.750,63.375,64.125,68.250,566444.898,11349693,110757108
1791012829.850,AD_Stan_tape_chunked_250,70.125,66.875,64.125,65.375,68.500,68.250,65.875,65.000,68.250,70.125,63.875,64.500,67.375,566814.471,11349693,110757108
1791012830.853,AD_Stan_tape_chunked_250,70.125,67.000,66.500,64.375,69.000,68.125,66.375,64.500,69.625,68.250,64.250,64.125,67.250,567184.429,11349693,110757108
1791012831.855,AD_Stan_tape_chunked_250,70.250,67.375,65.500,65.375,67.875,70.500,66.750,66.000,69.625,68.250,64.125,64.500,67.875,567553.976,11349693,110757108
1791012832.857,AD_Stan_tape_chunked_250,70.250,67.375,65.000,64.875,69.250,71.000,64.500,64.625,69.125,69.750,63.375,64.500,68.125,567923.980,11349693,110757108
1791012833.860,AD_Stan_tape_chunked_250,70.500,67.375,65.000,65.750,69.000,70.125,67.250,65.375,68.625,68.250,64.000,64.500,68.625,568293.578,11349693,110757108
1791012834.862,AD_Stan_tape_chunked_250,70.625,67.000,66.125,64.875,69.625,70.625,65.625,66.375,69.125,69.250,64.375,64.500,68.750,568663.151,11349693,110757108
1791012835.864,AD_Stan_tape_chunked_250,70.750,67.875,63.875,65.750,69.000,70.625,65.500,65.375,68.750,68.750,64.625,64.500,68.625,569032.707,11349693,110757108
1791012836.867,AD_Stan_tape_chunked_250,70.875,67.000,64.250,65.375,68.750,70.625,65.000,65.875,70.125,68.750,64.625,65.000,68.750,569402.704,11349693,110757108
1791012837.869,AD_Stan_tape_chunked_250,70.875,67.000,64.625,65.375,68.250,71.000,65.000,65.000,69.625,70.125,63.875,64.500,67.875,569772.300,11349693,110757108
1791012838.873,AD_Stan_tape_chunked_250,70.875,67.750,64.875,65.000,69.000,69.625,65.000,66.375,69.125,68.125,64.125,65.125,68.125,570142.626,11349693,110757108
1791012839.875,AD_Stan_tape_chunked_250,70.625,64.625,56.375,57.750,59.500,59.875,66.000,57.250,60.250,60.750,56.125,66.875,59.875,570392.733,11349693,110757108
1791012840.876,AD_Stan_tape_chunked_250,70.125,64.125,55.500,59.250,61.750,58.875,64.625,55.875,59.375,59.375,55.250,66.000,58.125,570516.395,11349694,110757108
1791012841.877,AD_Stan_tape_chunked_250,69.625,63.250,55.500,56.250,58.625,59.875,63.625,55.500,58.875,59.000,54.375,65.000,57.625,570640.301,11349694,110757108
1791012842.878,AD_Stan_tape_chunked_250,69.125,60.000,55.000,55.750,57.750,58.000,64.125,55.000,58.000,58.500,58.000,64.500,57.250,570760.023,11349694,110757108
1791012843.879,AD_Stan_tape_chunked_250,69.000,58.000,55.000,55.250,57.750,70.500,63.250,54.500,58.000,58.500,58.000,56.875,57.250,570883.051,11349694,110757108
1791012844.880,AD_Stan_tape_chunked_250,69.750,58.000,55.000,55.250,56.875,70.125,63.250,55.000,57.500,58.125,59.000,53.875,56.750,571004.927,11349694,110757108
1791012845.881,AD_Stan_tape_chunked_250,69.875,58.625,54.500,54.750,57.750,70.125,63.250,54.500,58.000,58.125,53.875,53.875,61.750,571128.817,11349694,110757108
1791012846.882,AD_Stan_tape_chunked_250,69.875,57.125,54.125,55.250,56.875,69.625,63.250,54.125,59.625,57.625,53.375,52.875,62.750,571251.219,11349694,110757108
1791012847.884,AD_Stan_tape_chunked_250,69.875,57.500,57.625,54.375,57.250,69.625,62.750,54.125,57.125,61.875,52.875,52.875,56.250,571376.330,11349694,110757108
1791012848.885,AD_Stan_tape_chunked_250,69.875,57.125,57.125,53.875,56.375,69.125,62.750,53.625,60.125,57.625,52.875,53.000,56.250,571497.026,11349694,110757108
1791012849.886,AD_Stan_tape_chunked_250,69.750,59.500,54.125,53.375,57.125,69.125,62.250,54.500,58.250,57.625,52.875,52.375,56.250,571619.761,11349694,110757108
1791012850.887,AD_Stan_tape_chunked_250,69.625,59.500,53.125,53.375,56.000,68.750,61.750,53.125,56.625,57.750,52.875,52.000,55.875,571741.337,11349694,110757108
1791012851.889,AD_Stan_tape_chunked_250,69.625,59.500,53.625,56.750,56.875,68.750,61.750,53.125,56.625,57.625,52.500,51.500,55.875,571862.350,11349694,110757108
1791012852.890,AD_Stan_tape_chunked_250,69.500,59.500,53.125,53.375,56.000,68.250,61.750,53.625,56.250,56.750,52.000,52.000,56.875,571984.086,11349694,110757108
1791012853.891,AD_Stan_tape_chunked_250,69.375,59.125,53.125,53.375,56.875,68.750,61.375,52.750,56.625,56.750,52.500,51.500,58.500,572109.987,11349694,110757108
1791012854.892,AD_Stan_tape_chunked_250,69.250,59.500,53.125,52.875,55.500,68.250,61.375,52.750,56.250,56.750,52.000,51.500,57.625,572231.238,11349694,110757108
1791012855.894,AD_Stan_tape_chunked_250,69.500,66.000,63.250,63.875,65.750,69.250,61.875,63.125,67.500,66.875,61.875,61.500,65.875,572522.043,11349694,110757108
1791012856.896,AD_Stan_tape_chunked_250,69.375,63.750,61.000,61.500,66.000,68.250,62.750,61.750,65.500,64.500,61.000,60.125,65.375,572891.908,11349694,110757108
1791012857.898,AD_Stan_tape_chunked_250,69.250,64.125,61.875,62.500,67.125,68.250,62.250,62.750,68.250,64.625,60.750,60.375,65.250,573261.496,11349694,110757108
1791012858.900,AD_Stan_tape_chunked_250,69.250,65.125,62.375,63.125,66.375,68.750,61.500,62.750,66.875,66.000,61.625,60.500,66.000,573631.052,11349694,110757108
1791012859.902,AD_Stan_tape_chunked_250,69.250,64.500,62.250,62.500,67.125,69.250,62.250,63.125,67.375,66.000,61.250,61.750,66.375,574000.664,11349694,110757108
1791012860.905,AD_Stan_tape_chunked_250,69.250,65.625,62.000,63.875,65.500,69.625,62.750,63.125,67.375,66.375,61.750,61.750,67.375,574370.604,11349705,110757108
1791012861.907,AD_Stan_tape_chunked_250,69.250,64.625,63.875,63.000,67.125,68.750,63.250,63.125,67.375,66.000,62.125,62.000,65.875,574739.829,11349705,110757108
1791012862.910,AD_Stan_tape_chunked_250,69.250,65.125,63.250,63.375,66.750,68.750,64.625,64.000,66.500,66.000,61.625,61.750,67.000,575110.166,11349705,110757108
1791012863.913,AD_Stan_tape_chunked_250,69.375,65.000,63.375,63.875,67.375,69.625,64.625,63.125,67.375,66.375,63.875,62.000,67.000,575480.127,11349705,110757108
1791012864.916,AD_Stan_tape_chunked_250,69.375,65.500,64.250,63.875,66.875,69.125,65.000,63.625,67.375,66.875,62.125,62.750,66.750,575850.035,11349705,110757108
1791012865.919,AD_Stan_tape_chunked_250,69.625,66.500,63.625,63.875,67.375,69.250,64.125,63.625,67.375,67.875,62.250,62.625,66.500,576219.662,11349705,110757108
1791012866.921,AD_Stan_tape_chunked_250,69.750,65.500,63.625,63.875,67.125,70.125,64.625,64.000,67.750,66.875,62.125,61.375,66.500,576589.611,11349705,110757108
1791012867.924,AD_Stan_tape_chunked_250,70.000,66.500,63.250,64.375,67.625,68.750,65.500,64.000,68.250,66.875,64.750,62.000,66.625,576959.239,11349705,110757108
1791012868.926,AD_Stan_tape_chunked_250,70.125,66.000,63.500,63.375,66.875,69.625,64.625,64.500,68.625,66.875,62.750,63.750,66.500,577329.171,11349705,110757108
1791012869.929,AD_Stan_tape_chunked_250,70.125,66.000,63.250,64.375,67.625,69.625,64.625,63.625,67.875,66.875,62.125,62.000,67.250,577698.811,11349705,110757108
1791012870.932,AD_Stan_tape_chunked_250,70.250,66.000,62.750,64.375,67.125,70.625,64.125,65.000,67.750,66.875,63.500,63.750,67.000,578069.104,11349705,110757108
1791012871.935,AD_Stan_tape_chunked_250,70.375,65.625,63.250,64.375,67.625,70.125,64.125,64.000,67.750,67.250,62.500,62.625,67.375,578438.739,11349705,110757108
1791012872.937,AD_Stan_tape_chunked_250,70.500,66.500,63.000,65.375,67.375,70.125,65.000,64.000,67.750,67.375,63.375,62.875,67.000,578809.032,11349706,110757108
1791012873.942,AD_Stan_tape_chunked_250,70.500,67.000,63.750,64.375,67.875,69.625,65.000,64.000,68.625,67.750,63.500,62.875,67.250,579178.969,11349706,110757108
1791012874.944,AD_Stan_tape_chunked_250,70.625,66.500,63.625,64.875,67.625,72.500,65.000,64.500,69.125,67.375,62.500,62.250,67.250,579548.627,11349706,110757108
1791012875.947,AD_Stan_tape_chunked_250,70.750,67.000,64.000,64.875,68.000,70.625,64.625,65.000,68.250,68.625,63.125,62.375,67.125,579918.529,11349706,110757108
1791012876.949,AD_Stan_tape_chunked_250,70.875,66.500,63.875,64.375,68.000,71.125,65.125,65.000,69.125,67.375,63.500,63.375,68.375,580288.140,11349706,110757108
1791012877.951,AD_Stan_tape_chunked_250,71.000,68.875,64.125,64.875,67.875,70.625,65.125,65.000,68.250,66.875,63.375,62.875,67.500,580657.708,11349706,110757108
1791012878.954,AD_Stan_tape_chunked_250,71.000,66.500,63.875,65.375,68.250,70.125,66.000,65.000,69.125,69.250,63.875,63.750,67.875,581027.679,11349706,110757108
1791012879.956,AD_Stan_tape_chunked_250,71.000,67.000,64.125,65.375,67.875,70.125,65.125,64.625,68.625,68.250,62.750,64.125,67.375,581397.263,11349706,110757108
1791012880.958,AD_Stan_tape_chunked_250,71.125,67.000,63.375,64.375,68.250,71.125,66.000,65.000,68.625,67.875,63.875,63.125,68.750,581766.852,11349706,110757108
1791012881.960,AD_Stan_tape_chunked_250,71.125,67.000,64.125,64.875,68.500,71.500,65.875,65.000,68.250,67.375,62.125,62.875,69.500,582136.458,11349709,110757108
1791012882.963,AD_Stan_tape_chunked_250,71.375,67.000,64.625,65.375,68.250,71.500,66.750,65.000,69.125,67.375,63.500,63.125,67.750,582506.416,11349710,110757108
1791012883.965,AD_Stan_tape_chunked_250,71.375,66.500,63.875,64.375,68.750,71.500,66.375,65.375,69.625,68.250,62.875,63.375,67.750,582875.980,11349710,110757108
1791012884.968,AD_Stan_tape_chunked_250,71.500,67.375,64.250,64.000,67.875,71.500,65.875,65.375,68.250,68.250,63.750,63.625,68.375,583245.951,11349710,110757108
1791012885.971,AD_Stan_tape_chunked_250,71.750,67.375,64.125,64.875,69.000,71.125,65.875,65.000,68.625,67.875,63.750,64.125,68.750,583615.913,11349710,110757108
1791012886.973,AD_Stan_tape_chunked_250,71.750,67.375,63.875,66.250,69.375,71.500,65.875,65.000,68.625,68.250,64.250,63.250,68.125,583985.491,11349710,110757108
1791012887.975,AD_Stan_tape_chunked_250,71.625,67.375,65.000,66.750,68.250,71.125,67.250,64.500,69.125,68.625,63.750,63.750,68.625,584355.086,11349710,110757108
1791012888.977,AD_Stan_tape_chunked_250,71.625,67.750,65.625,65.375,69.000,71.125,66.375,66.375,68.750,69.250,63.875,63.750,70.375,584724.666,11349710,110757108
1791012889.978,AD_Stan_tape_chunked_250,71.750,67.500,64.625,64.500,69.000,72.000,66.375,65.875,68.750,69.250,63.875,63.750,70.125,585093.901,11349710,110757108
1791012890.980,AD_Stan_tape_chunked_250,71.750,67.375,66.875,64.875,69.000,72.000,65.625,65.375,68.625,68.125,63.750,63.750,68.750,585463.472,11349710,110757108
1791012891.983,AD_Stan_tape_chunked_250,71.875,68.375,63.875,65.375,70.375,72.875,65.625,65.375,69.625,68.625,63.250,63.750,68.500,585833.443,11349710,110757108
1791012892.985,AD_Stan_tape_chunked_250,72.125,67.375,64.125,64.375,68.750,72.000,66.000,65.000,69.125,69.250,63.875,63.250,68.750,586203.029,11349710,110757108
1791012893.987,AD_Stan_tape_chunked_250,72.125,67.375,66.750,65.375,69.000,72.000,64.625,65.000,68.750,68.250,64.750,63.750,70.125,586572.629,11349710,110757108
1791012894.989,AD_Stan_tape_chunked_250,72.500,69.250,66.125,65.375,71.125,73.875,68.250,66.750,70.625,69.250,66.125,65.625,71.000,586941.517,11349710,110757108
1791012895.990,AD_Stan_tape_chunked_250,73.125,59.375,55.875,56.250,59.125,72.375,65.000,56.375,63.375,62.750,55.750,55.625,59.000,587075.725,11349710,110757108
1791012896.990,AD_Stan_tape_chunked_250,73.000,59.000,55.500,56.250,58.625,72.000,63.625,55.875,62.875,60.875,55.250,54.750,58.500,587197.934,11349710,110757108
1791012897.992,AD_Stan_tape_chunked_250,72.875,58.500,55.500,55.750,58.250,71.500,63.625,55.875,62.875,59.375,54.750,54.750,58.125,587319.866,11349710,110757108
1791012898.993,AD_Stan_tape_chunked_250,72.750,58.500,55.500,55.750,58.250,71.000,63.625,55.500,62.000,59.000,54.750,55.875,57.625,587445.989,11349710,110757108
1791012899.994,AD_Stan_tape_chunked_250,72.500,58.000,55.000,55.250,57.750,71.000,63.250,58.125,62.000,59.000,53.875,54.250,57.250,587567.989,11349710,110757108
1791012900.995,AD_Stan_tape_chunked_250,72.375,57.500,55.000,55.250,62.750,70.125,62.750,54.500,63.375,58.125,54.375,53.875,58.500,587692.008,11349710,110757108
1791012901.996,AD_Stan_tape_chunked_250,72.125,64.125,54.500,55.250,57.250,70.125,62.250,56.500,62.875,58.125,53.875,53.875,57.250,587815.478,11349710,110757108
1791012902.998,AD_Stan_tape_chunked_250,71.875,59.000,54.500,54.750,57.250,69.625,62.750,54.500,58.875,58.125,53.875,56.125,60.500,587941.941,11349710,110757108
1791012903.999,AD_Stan_tape_chunked_250,71.750,57.125,54.125,53.875,56.875,69.625,62.250,54.125,57.500,58.125,55.875,52.875,60.000,588064.229,11349710,110757108
1791012905.000,AD_Stan_tape_chunked_250,71.500,56.625,54.125,54.375,56.375,69.625,62.250,55.500,57.125,59.500,53.375,53.375,60.000,588187.133,11349710,110757108
1791012906.002,AD_Stan_tape_chunked_250,71.250,56.625,54.125,54.375,56.375,69.125,61.750,56.125,56.625,57.250,52.875,53.375,59.500,588309.262,11349710,110757108
1791012907.004,AD_Stan_tape_chunked_250,71.000,58.625,53.625,53.875,56.000,69.125,62.250,55.500,59.875,57.250,52.875,52.375,59.500,588431.836,11349710,110757108
1791012908.005,AD_Stan_tape_chunked_250,70.875,56.625,53.625,53.375,56.000,68.750,61.750,53.125,56.250,60.125,52.875,52.375,59.500,588553.999,11349710,110757108
1791012909.006,AD_Stan_tape_chunked_250,70.625,56.125,53.125,53.375,56.375,68.750,61.375,53.125,56.250,57.250,52.500,52.000,59.125,588674.957,11349710,110757108
1791012910.007,AD_Stan_tape_chunked_250,70.375,56.125,53.125,53.375,55.750,68.750,61.750,52.750,56.250,56.750,54.625,52.000,59.125,588797.291,11349710,110757108
1791012911.008,AD_Stan_tape_chunked_250,70.250,65.625,63.250,63.375,67.625,69.250,62.375,63.125,66.375,66.375,62.250,62.250,66.625,588962.219,11349710,110757108
1791012912.010,AD_Stan_tape_chunked_250,70.250,64.625,61.375,61.500,66.000,67.875,63.625,62.250,66.000,65.500,60.750,60.375,64.750,589331.342,11349710,110757108
1791012913.013,AD_Stan_tape_chunked_250,70.125,64.250,62.250,63.875,67.125,69.125,61.875,64.000,67.750,68.750,62.625,60.875,67.750,589701.268,11349710,110757108
1791012914.016,AD_Stan_tape_chunked_250,70.000,65.125,63.250,63.875,65.750,68.750,62.750,62.750,66.500,66.875,61.250,61.375,65.125,590071.275,11349710,110757108
1791012915.018,AD_Stan_tape_chunked_250,70.000,66.125,62.250,61.750,68.750,68.750,63.250,63.125,66.375,68.750,63.500,63.125,65.375,590440.862,11349710,110757108
1791012916.035,AD_Stan_tape_chunked_250,70.000,65.000,63.250,63.000,66.875,69.250,63.625,63.625,68.375,66.875,62.125,61.500,66.125,590815.575,11349710,110757108
1791012917.037,AD_Stan_tape_chunked_250,69.875,65.125,63.250,63.000,68.750,69.250,63.625,63.125,67.375,67.875,62.125,61.500,66.625,591185.556,11349710,110757108
1791012918.040,AD_Stan_tape_chunked_250,69.875,64.625,63.375,63.000,66.375,69.625,64.625,63.625,67.000,67.875,62.750,62.250,65.750,591555.560,11349710,110757108
1791012919.042,AD_Stan_tape_chunked_250,69.875,65.125,63.250,63.000,67.125,69.250,63.625,64.500,68.250,65.500,62.125,62.375,66.125,591924.765,11349710,110757108
1791012920.044,AD_Stan_tape_chunked_250,69.875,65.125,63.250,62.625,66.875,69.250,64.625,64.000,67.000,67.375,62.750,62.250,66.125,592294.350,11349710,110757108
1791012921.046,AD_Stan_tape_chunked_250,70.000,65.625,63.625,63.375,66.875,70.625,64.625,64.125,68.250,66.375,62.625,62.375,66.000,592664.272,11349710,110757108
1791012922.048,AD_Stan_tape_chunked_250,70.250,66.500,63.875,63.500,67.125,69.625,64.625,64.000,67.375,66.875,62.375,62.250,66.125,593033.918,11349710,110757108
1791012923.050,AD_Stan_tape_chunked_250,70.375,66.000,63.750,64.875,68.000,70.625,63.250,64.000,67.375,67.875,62.250,62.625,67.000,593403.480,11349710,110757108
1791012924.112,AD_Stan_tape_chunked_250,70.375,66.000,63.750,63.000,67.875,69.250,64.125,63.625,67.750,67.000,62.500,62.625,66.500,593794.841,11349710,110757108
1791012925.116,AD_Stan_tape_chunked_250,70.500,66.500,64.125,64.375,68.000,70.625,64.625,64.000,68.250,67.250,62.500,63.125,67.000,594165.171,11349710,110757108
1791012926.118,AD_Stan_tape_chunked_250,70.500,66.375,65.500,63.500,68.000,70.125,65.500,64.000,67.375,66.875,62.500,61.875,67.875,594534.807,11349710,110757108
1791012927.144,AD_Stan_tape_chunked_250,70.500,66.000,64.250,64.375,68.000,70.625,65.000,64.000,68.250,66.875,63.000,62.375,67.000,594913.210,11349710,110757108
1791012928.147,AD_Stan_tape_chunked_250,70.500,66.500,64.125,63.500,67.625,70.625,65.000,64.000,68.625,68.375,62.250,64.500,66.750,595283.159,11349710,110757108
1791012929.150,AD_Stan_tape_chunked_250,70.500,66.000,64.250,64.375,68.000,69.625,65.000,64.000,68.625,67.375,63.125,63.250,67.000,595653.125,11349710,110757108
1791012930.152,AD_Stan_tape_chunked_250,70.500,66.500,65.000,63.875,68.000,70.625,65.000,65.375,68.625,67.875,63.000,62.750,67.000,596022.716,11349710,110757108
1791012931.154,AD_Stan_tape_chunked_250,70.625,66.000,66.000,64.375,67.625,70.625,65.500,65.000,68.625,68.250,63.500,62.625,67.375,596392.299,11349710,110757108
1791012932.156,AD_Stan_tape_chunked_250,70.875,66.000,63.750,64.500,68.500,70.500,66.375,65.000,69.125,67.875,63.500,63.250,67.375,596761.855,11349710,110757108
1791012933.158,AD_Stan_tape_chunked_250,70.875,67.000,64.125,63.875,68.250,71.125,65.500,64.500,68.625,68.250,63.375,62.625,67.500,597131.483,11349710,110757108
1791012934.160,AD_Stan_tape_chunked_250,71.000,67.000,64.625,65.375,69.375,71.500,65.000,65.000,69.125,69.750,64.125,63.250,67.375,597501.043,11349710,110757108
1791012935.162,AD_Stan_tape_chunked_250,71.000,68.375,63.625,65.750,68.250,70.625,65.625,65.000,68.250,67.875,63.125,62.625,67.750,597870.664,11349710,110757108
1791012936.164,AD_Stan_tape_chunked_250,71.000,67.000,64.750,65.750,68.000,71.000,65.625,65.375,68.750,67.000,63.250,63.625,67.500,598240.257,11349710,110757108
1791012937.167,AD_Stan_tape_chunked_250,71.125,67.375,63.500,64.375,67.875,71.000,65.125,65.000,68.625,68.250,63.000,63.625,67.500,598609.843,11349710,110757108
1791012938.171,AD_Stan_tape_chunked_250,71.250,66.375,65.000,65.750,68.250,71.500,65.125,64.625,68.250,67.250,64.375,63.250,67.750,598980.178,11349710,110757108
1791012939.172,AD_Stan_tape_chunked_250,71.250,67.875,64.250,65.375,69.000,71.000,66.000,64.125,68.250,68.250,63.875,63.625,67.875,599349.738,11349710,110757108
1791012940.175,AD_Stan_tape_chunked_250,71.250,67.375,64.125,65.750,68.500,71.125,65.625,64.500,68.625,67.875,63.375,63.250,69.000,599719.720,11349710,110757108
1791012941.179,AD_Stan_tape_chunked_250,71.250,67.375,63.875,65.750,69.375,71.125,65.125,65.000,68.750,68.750,63.250,63.750,68.125,600090.057,11349710,110757108
1791012942.182,AD_Stan_tape_chunked_250,71.375,67.375,67.125,65.750,68.250,72.000,66.375,65.375,69.125,70.125,63.875,64.125,68.625,600459.976,11349710,110757108
1791012943.184,AD_Stan_tape_chunked_250,71.375,67.375,64.750,64.875,68.250,71.500,66.500,67.250,68.750,69.250,63.875,63.375,67.875,600829.597,11349710,110757108
1791012944.186,AD_Stan_tape_chunked_250,71.375,67.375,64.125,65.500,69.000,71.500,65.625,65.375,68.250,67.875,64.750,63.750,67.875,601199.556,11349710,110757108
1791012945.190,AD_Stan_tape_chunked_250,71.500,67.375,64.125,65.375,69.875,71.500,65.125,65.000,69.125,67.875,63.875,64.500,68.125,601569.518,11349711,110757108
1791012946.196,AD_Stan_tape_chunked_250,71.625,67.375,65.625,64.875,69.875,71.500,65.125,64.250,69.625,68.250,63.500,63.750,67.500,601940.586,11349711,110757108
1791012947.221,AD_Stan_tape_chunked_250,71.750,67.375,64.875,66.250,69.625,72.000,66.000,65.125,68.750,68.250,64.250,64.125,68.250,602318.650,11349711,110757108
1791012948.223,AD_Stan_tape_chunked_250,71.875,69.250,64.625,65.500,69.375,72.000,66.000,65.875,69.625,68.750,63.625,64.750,69.625,602688.252,11349711,110757108
1791012949.226,AD_Stan_tape_chunked_250,72.000,68.375,64.625,65.000,69.250,72.500,66.000,65.875,70.125,69.250,63.750,63.750,68.750,603058.207,11349711,110757108
1791012950.228,AD_Stan_tape_chunked_250,72.000,68.875,64.375,65.375,69.250,72.000,66.000,66.500,69.625,70.125,64.750,64.625,69.500,603427.788,11349711,110757108
1791012951.230,AD_Stan_tape_chunked_250,73.125,65.625,57.375,57.125,59.625,73.375,65.125,56.750,60.250,60.750,56.625,56.625,59.875,603664.234,11349711,110757108
1791012952.231,AD_Stan_tape_chunked_250,73.125,64.625,55.875,56.250,58.625,72.375,63.750,56.375,59.375,59.875,55.750,55.250,59.000,603789.993,11349711,110757108
1791012953.232,AD_Stan_tape_chunked_250,73.000,63.750,62.250,56.250,61.375,72.000,63.750,55.875,59.375,59.375,55.250,54.750,58.125,603914.414,11349712,110757108
1791012954.233,AD_Stan_tape_chunked_250,72.875,64.125,55.500,55.750,60.375,72.000,62.875,55.500,58.875,59.375,54.375,54.250,57.625,604037.804,11349712,110757108
1791012955.234,AD_Stan_tape_chunked_250,72.750,63.750,54.500,55.250,58.500,71.500,63.250,55.000,61.625,59.000,53.875,54.250,57.625,604160.078,11349712,110757108
1791012956.236,AD_Stan_tape_chunked_250,72.625,64.125,56.875,54.750,58.125,58.000,62.875,64.625,58.000,59.000,55.250,53.375,57.250,604284.710,11349712,110757108
1791012957.237,AD_Stan_tape_chunked_250,71.750,59.125,54.500,54.750,59.875,57.500,62.875,64.625,58.500,58.125,54.750,53.375,57.250,604408.076,11349712,110757108
1791012958.238,AD_Stan_tape_chunked_250,71.000,57.500,55.625,66.875,57.625,57.000,62.875,55.000,58.000,66.875,65.625,53.875,61.375,604536.347,11349712,110757108
1791012959.239,AD_Stan_tape_chunked_250,70.375,57.500,54.500,66.875,60.000,56.625,62.375,54.500,57.500,58.125,56.375,53.375,56.750,604663.035,11349712,110757108
1791012960.240,AD_Stan_tape_chunked_250,69.625,57.500,54.500,66.875,57.625,56.625,62.375,56.875,57.125,59.875,56.375,53.375,56.250,604787.243,11349713,110757108
1791012961.242,AD_Stan_tape_chunked_250,69.000,59.500,66.500,54.375,56.375,56.625,61.875,54.125,60.250,57.625,53.375,52.875,56.250,604910.466,11349713,110757108
1791012962.243,AD_Stan_tape_chunked_250,68.500,57.125,66.500,53.875,56.375,56.625,61.875,53.625,59.750,57.250,53.875,52.875,55.875,605035.175,11349713,110757108
1791012963.244,AD_Stan_tape_chunked_250,67.875,56.625,66.125,53.375,59.500,56.125,61.375,53.625,60.250,57.250,52.875,52.375,55.875,605157.498,11349713,110757108
1791012964.245,AD_Stan_tape_chunked_250,67.375,56.625,66.125,53.375,55.750,56.250,61.875,53.125,59.750,56.750,54.750,52.375,55.875,605280.355,11349713,110757108
1791012965.246,AD_Stan_tape_chunked_250,66.875,56.125,65.625,53.375,55.500,55.625,61.375,54.125,59.375,56.750,52.875,52.375,55.875,605402.344,11349713,110757108
1791012966.248,AD_Stan_tape_chunked_250,66.500,56.125,65.625,53.375,55.500,56.125,61.375,53.125,59.375,58.750,52.875,52.375,55.375,605527.431,11349713,110757108
1791012967.249,AD_Stan_tape_chunked_250,67.875,63.250,66.125,65.750,66.000,68.250,63.250,64.625,70.125,64.125,66.000,60.500,67.625,605848.536,11349713,110757108
1791012968.250,AD_Stan_tape_chunked_250,68.000,64.125,63.375,62.500,67.125,67.875,62.375,62.250,66.375,66.000,61.000,60.875,66.375,606218.278,11349713,110757108
1791012969.252,AD_Stan_tape_chunked_250,68.125,64.625,64.250,63.375,67.375,66.875,64.625,62.250,66.375,65.500,62.125,64.125,66.000,606587.826,11349713,110757108
1791012970.254,AD_Stan_tape_chunked_250,68.250,65.625,64.250,62.125,67.125,68.250,63.750,62.750,67.750,66.000,62.125,62.250,66.625,606957.437,11349713,110757108
1791012971.257,AD_Stan_tape_chunked_250,68.375,64.500,65.000,64.875,66.375,67.875,64.250,63.125,66.500,66.875,62.125,62.625,66.375,607327.406,11349713,110757108
1791012972.259,AD_Stan_tape_chunked_250,68.375,64.625,63.875,63.000,66.875,67.875,63.750,63.250,66.875,66.375,62.750,62.375,65.625,607697.019,11349713,110757108
1791012973.262,AD_Stan_tape_chunked_250,68.625,67.375,64.250,63.500,67.875,69.250,64.625,63.625,67.375,67.375,63.000,62.625,66.500,608066.575,11349713,110757108
1791012974.263,AD_Stan_tape_chunked_250,68.625,65.625,64.750,63.875,66.375,68.750,64.625,63.250,67.500,66.375,62.125,61.500,66.375,608435.788,11349713,110757108
1791012975.267,AD_Stan_tape_chunked_250,68.750,65.125,65.125,63.875,66.875,69.250,64.250,64.000,67.000,67.875,62.500,61.750,67.375,608806.515,11349713,110757108
1791012976.270,AD_Stan_tape_chunked_250,69.000,65.625,64.750,64.375,67.625,69.250,63.750,64.000,67.375,68.250,63.000,62.250,66.625,609176.467,11349713,110757108
1791012977.273,AD_Stan_tape_chunked_250,69.125,66.500,64.750,63.875,67.125,69.625,64.625,65.375,66.875,66.875,62.500,62.000,66.250,609546.434,11349713,110757108
1791012978.275,AD_Stan_tape_chunked_250,69.250,66.000,65.125,64.375,66.875,66.875,64.250,65.000,67.375,66.875,62.250,62.250,66.750,609916.037,11349713,110757108
1791012979.278,AD_Stan_tape_chunked_250,69.375,66.000,64.750,63.875,68.250,67.250,64.625,65.375,69.125,67.375,63.125,63.125,67.875,610285.584,11349713,110757108
1791012980.281,AD_Stan_tape_chunked_250,69.500,65.625,64.750,64.375,67.375,70.125,64.625,65.000,68.250,67.375,62.375,62.875,66.625,610655.593,11349713,110757108
1791012981.284,AD_Stan_tape_chunked_250,69.625,66.500,64.250,63.875,69.250,69.625,65.125,64.500,68.250,66.875,63.250,62.375,67.000,611025.548,11349713,110757108
1791012982.286,AD_Stan_tape_chunked_250,69.625,67.000,65.125,64.375,68.000,69.250,65.125,65.375,68.625,67.375,62.750,62.625,67.750,611395.121,11349714,110757108
1791012983.289,AD_Stan_tape_chunked_250,69.875,66.500,65.625,65.375,67.875,68.250,64.625,64.500,68.250,66.375,63.000,62.875,67.000,611765.085,11349714,110757108
1791012984.292,AD_Stan_tape_chunked_250,69.750,66.000,65.625,65.750,68.250,69.250,64.625,64.500,67.750,67.750,62.875,63.375,67.250,612135.038,11349715,110757108
1791012985.294,AD_Stan_tape_chunked_250,70.125,66.500,65.125,64.375,69.375,70.125,64.625,65.000,68.250,67.375,63.125,63.125,67.000,612504.643,11349715,110757108
1791012986.296,AD_Stan_tape_chunked_250,70.250,67.375,66.125,65.750,68.000,70.625,65.625,65.500,68.625,68.250,63.625,63.375,69.875,612874.183,11349715,110757108
1791012987.299,AD_Stan_tape_chunked_250,70.250,67.750,64.750,65.375,69.375,70.125,64.625,65.000,68.625,67.875,63.000,64.125,67.875,613244.205,11349715,110757108
1791012988.302,AD_Stan_tape_chunked_250,70.500,66.500,65.125,64.875,68.250,70.125,63.625,64.125,67.875,67.250,64.000,62.875,67.375,613614.159,11349715,110757108
1791012989.304,AD_Stan_tape_chunked_250,70.500,67.000,66.500,64.875,68.500,69.625,66.000,65.000,68.750,67.375,62.625,62.625,69.500,613984.113,11349715,110757108
1791012990.307,AD_Stan_tape_chunked_250,70.500,67.000,65.625,65.375,69.000,68.750,66.375,65.000,68.250,67.875,63.375,64.250,68.625,614353.661,11349715,110757108
1791012991.310,AD_Stan_tape_chunked_250,70.625,68.375,65.625,64.500,69.375,72.000,65.500,65.000,69.625,67.375,63.500,63.375,68.125,614724.012,11349715,110757108
1791012992.314,AD_Stan_tape_chunked_250,70.750,66.875,65.625,64.875,68.250,70.625,66.000,64.625,68.625,68.750,65.375,63.125,67.875,615093.602,11349715,110757108
1791012993.316,AD_Stan_tape_chunked_250,70.750,66.875,65.625,65.000,69.000,70.625,66.000,65.375,70.125,68.250,63.625,62.875,68.625,615463.565,11349715,110757108
1791012994.319,AD_Stan_tape_chunked_250,70.750,66.500,65.500,64.875,68.750,71.000,65.000,65.000,68.250,67.875,63.375,63.750,68.375,615833.576,11349715,110757108
1791012995.321,AD_Stan_tape_chunked_250,70.750,69.750,65.625,64.500,68.500,70.125,66.000,66.750,69.625,68.250,64.375,63.750,68.250,616203.155,11349715,110757108
1791012996.323,AD_Stan_tape_chunked_250,70.750,67.375,66.500,65.750,68.750,71.500,64.125,65.375,70.125,68.250,64.250,63.625,68.375,616572.689,11349715,110757108
1791012997.326,AD_Stan_tape_chunked_250,70.750,67.875,66.125,65.375,68.750,70.125,66.000,65.375,69.125,69.250,63.875,63.250,69.000,616942.693,11349715,110757108
1791012998.329,AD_Stan_tape_chunked_250,70.875,67.000,66.125,65.375,69.000,70.125,66.000,65.000,69.125,68.250,64.375,64.125,68.250,617312.621,11349715,110757108
1791012999.331,AD_Stan_tape_chunked_250,71.000,67.375,66.125,65.750,68.750,70.125,66.875,65.375,68.750,69.125,64.375,63.625,68.750,617682.214,11349715,110757108
1791013000.337,AD_Stan_tape_chunked_250,71.125,67.875,66.125,65.375,69.625,71.500,66.000,65.875,70.500,69.125,64.375,63.750,67.875,618053.272,11349715,110757108
1791013001.339,AD_Stan_tape_chunked_250,71.000,67.375,66.125,65.750,69.250,70.625,67.250,66.750,69.625,69.250,64.375,64.125,68.375,618424.327,11349715,110757108
1791013002.345,AD_Stan_tape_chunked_250,71.000,67.875,66.125,65.375,68.500,70.625,66.875,65.000,69.625,68.250,63.500,63.625,67.875,618793.932,11349715,110757108
1791013003.347,AD_Stan_tape_chunked_250,71.125,67.875,66.125,66.750,69.250,71.500,64.500,65.000,70.125,69.250,63.875,65.500,69.500,619163.530,11349715,110757108
1791013004.350,AD_Stan_tape_chunked_250,71.500,67.000,66.500,65.500,69.250,72.000,67.375,65.875,69.625,70.000,64.125,63.625,68.750,619533.488,11349715,110757108
1791013005.352,AD_Stan_tape_chunked_250,71.500,68.750,67.875,66.250,69.625,71.125,66.500,66.750,69.125,69.250,66.000,65.125,68.750,619903.045,11349715,110757108
1791013006.354,AD_Stan_tape_chunked_250,71.500,61.250,71.125,58.625,60.875,61.250,66.500,58.625,66.500,62.500,61.000,57.500,61.625,620227.892,11349715,110757108
1791013007.354,AD_Stan_tape_chunked_250,71.000,59.375,69.250,57.250,58.625,58.875,65.125,58.375,63.375,59.875,56.125,55.625,59.000,620352.886,11349715,110757108
1791013008.356,AD_Stan_tape_chunked_250,70.500,59.000,68.375,56.250,58.625,58.500,64.250,60.875,62.875,59.375,55.750,55.250,58.500,620474.780,11349715,110757108
1791013009.357,AD_Stan_tape_chunked_250,69.875,59.000,67.875,55.750,58.250,58.000,63.750,55.875,62.000,61.500,55.250,55.250,58.125,620597.821,11349715,110757108
1791013010.357,AD_Stan_tape_chunked_250,69.625,58.500,67.875,55.250,58.625,57.500,63.750,55.500,62.500,58.500,54.750,55.875,58.125,620722.400,11349715,110757108
1791013011.359,AD_Stan_tape_chunked_250,69.375,58.500,67.875,55.250,59.500,57.500,63.250,55.500,62.000,58.125,54.375,54.250,57.250,620844.980,11349715,110757108
1791013012.360,AD_Stan_tape_chunked_250,69.250,58.000,67.500,59.125,58.500,57.500,62.875,55.500,62.875,58.500,54.375,53.875,57.250,620968.922,11349715,110757108
1791013013.361,AD_Stan_tape_chunked_250,69.000,57.500,67.500,54.750,56.875,57.000,62.875,55.000,62.875,58.125,53.875,53.875,59.125,621091.586,11349715,110757108
1791013014.362,AD_Stan_tape_chunked_250,68.875,57.500,67.000,54.750,62.250,57.000,62.875,54.500,58.000,58.125,53.875,54.750,56.750,621218.075,11349715,110757108
1791013015.364,AD_Stan_tape_chunked_250,68.625,57.500,67.000,54.375,60.875,56.625,62.375,54.500,60.625,58.750,54.375,52.875,56.750,621340.152,11349715,110757108
1791013016.365,AD_Stan_tape_chunked_250,68.500,57.500,67.500,54.375,60.875,57.125,62.875,54.125,62.875,57.625,53.875,53.375,56.250,621462.877,11349715,110757108
1791013017.366,AD_Stan_tape_chunked_250,68.375,60.000,66.500,56.500,57.125,56.125,61.875,54.125,57.875,57.250,53.375,52.875,56.250,621584.189,11349715,110757108
1791013018.367,AD_Stan_tape_chunked_250,68.125,59.500,66.125,54.375,56.375,56.625,62.375,54.125,56.625,57.250,55.000,53.375,55.875,621707.901,11349715,110757108
1791013019.369,AD_Stan_tape_chunked_250,67.875,59.500,66.125,53.375,56.375,56.125,61.875,53.625,56.625,56.750,53.500,53.625,55.375,621829.749,11349715,110757108
1791013020.371,AD_Stan_tape_chunked_250,67.750,59.500,66.125,53.375,56.375,56.125,61.375,56.750,56.625,56.750,54.000,52.375,57.500,621951.546,11349715,110757108
1791013021.371,AD_Stan_tape_chunked_250,67.625,59.500,65.625,53.875,56.000,55.625,61.375,52.750,56.625,56.250,54.000,53.500,55.375,622073.687,11349715,110757108
1791013022.372,AD_Stan_tape_chunked_250,67.375,67.000,65.000,64.875,68.500,70.625,63.750,65.000,68.750,67.875,63.375,63.375,67.750,622299.295,11349715,110757108
1791013023.373,AD_Stan_tape_chunked_250,67.625,65.125,63.375,63.000,66.000,66.375,63.750,62.750,66.000,68.250,60.875,61.250,64.875,622668.413,11349715,110757108
1791013024.376,AD_Stan_tape_chunked_250,67.875,64.625,63.375,62.125,66.375,66.875,62.875,63.125,66.000,65.500,62.125,60.625,65.250,623038.432,11349715,110757108
1791013025.381,AD_Stan_tape_chunked_250,68.000,64.625,65.625,65.375,66.375,68.750,62.875,63.125,67.875,68.625,61.500,62.000,66.375,623408.692,11349715,110757108
1791013026.389,AD_Stan_tape_chunked_250,68.250,64.750,63.875,63.875,66.375,67.875,62.875,63.625,67.875,65.500,62.125,60.750,66.500,623780.858,11349715,110757108
1791013027.482,AD_Stan_tape_chunked_250,68.500,66.000,64.250,64.375,66.250,67.250,63.750,63.625,66.875,66.875,62.500,62.250,65.625,624184.059,11349715,110757108
1791013028.485,AD_Stan_tape_chunked_250,68.625,66.000,64.750,64.125,66.875,68.750,63.750,64.000,67.750,67.375,63.000,62.250,65.875,624553.997,11349715,110757108
1791013029.488,AD_Stan_tape_chunked_250,68.625,65.125,63.875,64.375,66.875,66.875,64.250,64.500,67.375,66.875,64.250,61.875,66.125,624923.998,11349715,110757108
1791013030.490,AD_Stan_tape_chunked_250,68.750,67.000,64.750,63.125,67.125,69.250,65.375,64.500,67.375,66.500,62.875,62.250,66.625,625293.571,11349716,110757108
1791013031.493,AD_Stan_tape_chunked_250,68.875,65.625,65.125,63.875,67.375,68.750,65.375,64.000,67.375,67.000,62.375,62.875,66.625,625663.550,11349716,110757108
1791013032.495,AD_Stan_tape_chunked_250,69.375,65.625,65.625,64.000,67.625,68.750,65.375,64.000,67.375,66.875,62.500,62.875,66.750,626033.084,11349716,110757108
1791013033.498,AD_Stan_tape_chunked_250,69.500,67.000,65.125,64.375,66.875,69.250,63.250,64.500,67.875,66.750,63.000,62.625,67.000,626402.744,11349716,110757108
1791013034.500,AD_Stan_tape_chunked_250,69.625,65.500,65.625,63.500,67.625,69.250,63.750,64.000,67.875,66.375,63.875,62.250,67.000,626772.698,11349716,110757108
1791013035.507,AD_Stan_tape_chunked_250,69.750,67.000,66.500,64.875,67.875,69.625,65.125,64.000,67.375,66.875,62.625,62.625,67.000,627144.130,11349716,110757108
1791013036.509,AD_Stan_tape_chunked_250,70.000,67.000,66.125,64.000,67.875,69.250,63.250,64.500,68.625,67.375,62.750,61.875,67.500,627513.358,11349718,110757108
1791013037.512,AD_Stan_tape_chunked_250,70.000,67.000,66.125,63.875,68.250,69.250,64.250,65.000,67.875,67.375,62.250,63.125,67.375,627883.311,11349718,110757108
1791013038.515,AD_Stan_tape_chunked_250,70.000,67.375,65.000,65.750,67.875,69.250,64.625,64.500,68.625,67.375,63.250,65.000,67.750,628253.242,11349718,110757108
1791013039.518,AD_Stan_tape_chunked_250,70.125,66.000,65.625,64.500,68.750,67.750,64.625,65.000,67.875,68.750,63.500,63.125,67.375,628623.216,11349718,110757108
1791013040.525,AD_Stan_tape_chunked_250,70.125,67.375,66.500,64.125,67.875,69.625,65.000,65.375,68.625,66.875,63.375,62.875,68.125,628994.609,11349718,110757108
1791013041.527,AD_Stan_tape_chunked_250,70.250,67.000,65.625,64.875,67.875,68.750,64.625,65.000,68.250,67.875,63.500,62.875,67.750,629364.248,11349718,110757108
1791013042.533,AD_Stan_tape_chunked_250,70.375,67.375,66.125,64.000,68.500,69.625,64.625,65.375,68.625,67.875,63.625,62.750,68.625,629735.303,11349718,110757108
1791013043.536,AD_Stan_tape_chunked_250,70.500,67.375,67.000,65.500,69.000,70.125,64.625,64.625,68.250,68.250,64.000,63.125,67.375,630105.282,11349718,110757108
1791013044.548,AD_Stan_tape_chunked_250,70.500,68.250,67.000,64.375,67.625,70.625,65.500,65.375,68.625,68.250,64.375,63.250,67.125,630478.866,11349718,110757108
1791013045.584,AD_Stan_tape_chunked_250,70.625,67.375,65.125,64.375,68.500,69.625,64.125,64.625,68.625,68.625,63.875,64.125,67.500,630860.719,11349718,110757108
1791013046.586,AD_Stan_tape_chunked_250,70.500,66.875,66.500,65.375,67.875,70.625,65.500,65.000,68.625,67.875,63.625,64.125,67.500,631230.274,11349718,110757108
1791013047.591,AD_Stan_tape_chunked_250,70.500,67.000,67.000,64.625,69.250,70.125,65.500,65.000,69.625,68.750,63.500,63.125,67.875,631600.959,11349718,110757108
1791013048.594,AD_Stan_tape_chunked_250,70.500,66.875,67.000,65.750,68.250,70.625,65.000,65.375,68.625,67.750,63.875,63.375,68.125,631970.922,11349718,110757108
1791013049.599,AD_Stan_tape_chunked_250,70.750,67.000,66.500,65.375,69.250,70.625,66.000,65.375,68.625,68.750,64.375,63.625,67.875,632341.990,11349718,110757108
1791013050.602,AD_Stan_tape_chunked_250,70.750,67.500,65.625,65.875,69.000,69.625,66.000,65.000,68.250,68.750,64.375,64.125,68.125,632711.593,11349718,110757108
1791013051.622,AD_Stan_tape_chunked_250,70.750,67.000,66.500,66.250,68.750,70.625,65.125,65.000,68.375,69.750,63.875,63.750,68.500,633087.803,11349718,110757108
1791013052.624,AD_Stan_tape_chunked_250,71.000,67.375,66.500,66.250,68.500,73.375,65.000,65.375,69.625,69.250,64.375,64.125,68.250,633458.853,11349718,110757108
1791013053.631,AD_Stan_tape_chunked_250,71.000,67.875,67.000,65.750,68.750,70.125,66.000,65.875,68.625,68.125,63.625,63.625,68.500,633828.838,11349718,110757108
1791013054.636,AD_Stan_tape_chunked_250,71.125,67.375,67.000,65.375,69.250,70.625,66.000,65.875,70.500,69.750,64.375,65.000,69.000,634199.534,11349718,110757108
1791013055.639,AD_Stan_tape_chunked_250,71.125,67.875,67.000,66.000,68.750,72.000,66.500,65.375,69.625,68.750,63.875,63.750,68.375,634569.116,11349718,110757108
1791013056.641,AD_Stan_tape_chunked_250,71.125,67.375,66.500,65.875,68.750,71.125,67.000,65.375,69.125,69.250,63.875,63.625,68.375,634939.078,11349718,110757108
1791013057.644,AD_Stan_tape_chunked_250,71.125,67.375,66.125,65.750,69.875,71.125,65.625,65.375,69.625,68.375,63.875,64.125,68.500,635309.040,11349718,110757108
1791013058.646,AD_Stan_tape_chunked_250,71.250,68.375,66.125,65.750,68.750,71.125,65.625,65.875,68.750,68.625,63.875,65.000,68.250,635678.650,11349718,110757108
1791013059.649,AD_Stan_tape_chunked_250,71.375,67.375,66.125,64.625,70.125,71.125,67.000,65.875,69.250,69.250,64.250,63.375,68.750,636048.580,11349718,110757108
1791013060.651,AD_Stan_tape_chunked_250,71.375,68.875,66.125,65.750,69.375,70.625,67.000,65.500,69.625,70.625,64.000,64.125,69.250,636418.179,11349718,110757108
1791013061.656,AD_Stan_tape_chunked_250,71.500,68.750,67.875,66.375,70.625,68.750,67.000,67.250,69.625,70.125,64.625,64.125,70.500,636788.700,11349718,110757108
1791013062.657,AD_Stan_tape_chunked_250,71.125,64.125,56.875,68.750,59.500,59.375,66.000,57.750,59.750,60.750,56.125,56.125,59.375,636933.562,11349718,110757108
1791013063.659,AD_Stan_tape_chunked_250,70.500,63.750,55.875,68.250,58.250,59.375,65.125,55.875,63.375,59.875,55.750,55.250,59.000,637057.020,11349718,110757108
1791013064.660,AD_Stan_tape_chunked_250,70.125,62.750,55.875,56.250,58.625,58.500,64.625,55.500,60.125,70.250,55.250,54.750,58.500,637180.084,11349718,110757108
1791013065.661,AD_Stan_tape_chunked_250,70.375,62.750,55.500,55.750,57.750,58.500,65.125,55.000,58.875,70.625,55.250,54.250,58.125,637302.639,11349722,110757108
1791013066.662,AD_Stan_tape_chunked_250,70.375,62.375,55.000,55.750,57.750,58.000,64.625,55.000,58.000,70.250,55.250,53.875,57.625,637425.411,11349722,110757108
1791013067.663,AD_Stan_tape_chunked_250,70.250,63.250,57.500,54.750,57.125,58.500,64.250,54.500,58.000,70.250,54.750,53.875,57.250,637549.096,11349722,110757108
1791013068.664,AD_Stan_tape_chunked_250,70.250,64.125,55.000,55.250,57.250,57.500,64.250,54.500,58.000,69.250,54.750,56.000,57.250,637671.876,11349722,110757108
1791013069.666,AD_Stan_tape_chunked_250,70.375,57.500,54.500,54.750,71.500,57.500,63.750,54.500,58.000,69.250,54.375,53.375,56.750,637797.915,11349722,110757108
1791013070.667,AD_Stan_tape_chunked_250,70.375,57.500,54.500,54.750,61.375,57.000,63.750,54.125,68.250,59.000,53.875,53.375,57.250,637920.917,11349722,110757108
1791013071.668,AD_Stan_tape_chunked_250,70.250,57.125,54.125,54.750,61.375,56.625,63.250,53.625,67.375,57.625,53.875,52.875,57.750,638043.943,11349722,110757108
1791013072.669,AD_Stan_tape_chunked_250,70.125,57.125,54.125,57.125,60.875,57.000,62.750,54.125,68.250,57.625,53.875,52.875,56.250,638167.915,11349723,110757108
1791013073.670,AD_Stan_tape_chunked_250,69.875,58.625,53.625,53.875,61.750,57.500,62.750,54.125,68.750,57.250,53.375,52.375,56.250,638291.085,11349724,110757108
1791013074.672,AD_Stan_tape_chunked_250,69.750,57.125,53.625,53.375,60.875,68.750,62.750,53.125,57.125,57.250,53.375,52.375,58.500,638412.679,11349724,110757108
1791013075.673,AD_Stan_tape_chunked_250,69.625,56.625,56.875,53.375,60.875,68.750,62.750,53.125,57.125,56.750,55.750,52.375,56.250,638536.513,11349724,110757108
1791013076.674,AD_Stan_tape_chunked_250,69.500,56.625,53.125,55.375,60.375,68.750,61.875,53.125,56.625,56.750,52.875,52.000,55.375,638657.705,11349724,110757108
1791013077.676,AD_Stan_tape_chunked_250,69.375,57.125,54.125,53.875,61.375,67.750,62.750,60.875,57.500,58.375,53.375,52.750,56.875,638784.838,11349725,110757108
1791013078.680,AD_Stan_tape_chunked_250,70.000,64.125,61.125,62.000,65.500,68.250,62.750,61.750,66.000,65.000,61.250,60.375,65.375,639154.679,11349725,110757108
1791013079.682,AD_Stan_tape_chunked_250,69.875,65.125,61.500,62.500,65.750,69.250,64.250,62.750,66.375,66.875,61.250,60.875,66.125,639524.184,11349725,110757108
1791013080.684,AD_Stan_tape_chunked_250,69.875,65.125,61.875,62.500,65.750,69.250,64.625,63.125,67.000,66.375,61.750,60.875,65.375,639893.773,11349725,110757108
1791013081.688,AD_Stan_tape_chunked_250,69.875,64.625,63.000,63.375,66.750,69.250,64.250,63.125,66.875,67.875,61.875,60.875,65.375,640264.111,11349725,110757108
1791013082.691,AD_Stan_tape_chunked_250,69.875,65.125,63.750,63.375,66.875,69.625,64.250,63.125,67.375,66.375,62.250,63.125,68.250,640634.046,11349725,110757108
1791013083.693,AD_Stan_tape_chunked_250,69.875,66.000,63.500,63.000,66.375,69.250,64.250,63.625,67.000,67.500,63.125,63.375,65.875,641003.692,11349725,110757108
1791013084.701,AD_Stan_tape_chunked_250,70.000,65.625,63.875,63.375,67.875,69.625,63.750,63.625,68.250,66.875,62.375,63.750,68.500,641375.109,11349725,110757108
1791013085.704,AD_Stan_tape_chunked_250,70.000,65.125,63.625,63.875,67.125,69.625,64.625,63.625,67.375,66.875,62.250,61.500,66.125,641745.455,11349725,110757108
1791013086.709,AD_Stan_tape_chunked_250,70.000,65.625,63.625,65.750,66.875,70.125,65.875,63.625,67.375,67.375,62.500,61.875,66.375,642116.131,11349725,110757108
1791013087.714,AD_Stan_tape_chunked_250,70.000,66.500,62.750,64.375,66.750,69.125,65.000,63.625,67.000,67.375,62.500,62.000,66.625,642486.847,11349725,110757108
1791013088.720,AD_Stan_tape_chunked_250,70.000,66.500,63.625,64.375,67.375,70.125,65.375,63.625,67.375,66.875,62.500,62.375,66.125,642857.539,11349725,110757108
1791013089.723,AD_Stan_tape_chunked_250,70.125,66.500,63.875,65.375,67.375,70.125,65.375,64.250,67.875,68.750,63.000,62.750,66.500,643227.495,11349725,110757108
1791013090.725,AD_Stan_tape_chunked_250,70.125,66.375,64.625,65.375,67.625,70.625,63.750,64.500,67.875,67.375,63.000,63.125,66.750,643597.079,11349725,110757108
1791013091.727,AD_Stan_tape_chunked_250,70.250,66.500,64.125,64.375,66.875,69.625,63.750,64.500,67.875,67.375,64.375,62.750,67.500,643966.677,11349725,110757108
1791013092.729,AD_Stan_tape_chunked_250,70.250,67.000,63.625,65.375,67.625,71.125,64.250,65.000,67.875,67.375,63.125,62.625,67.000,644336.239,11349725,110757108
1791013093.731,AD_Stan_tape_chunked_250,70.500,67.000,64.125,63.875,68.250,71.125,65.000,64.500,68.750,68.750,63.000,63.250,67.750,644705.814,11349725,110757108
1791013094.733,AD_Stan_tape_chunked_250,70.750,67.375,64.250,64.875,67.875,70.125,65.000,64.125,68.250,67.750,63.375,62.625,67.500,645075.783,11349725,110757108
1791013095.736,AD_Stan_tape_chunked_250,70.750,66.500,63.625,66.250,68.250,71.000,63.250,65.875,68.375,68.250,63.125,63.125,67.500,645445.384,11349725,110757108
1791013096.739,AD_Stan_tape_chunked_250,71.000,67.375,63.000,64.875,67.875,70.625,64.250,65.000,69.125,67.875,63.000,62.375,68.625,645815.335,11349725,110757108
1791013097.742,AD_Stan_tape_chunked_250,71.125,67.000,63.625,64.875,68.750,71.125,64.625,64.500,68.250,68.875,63.625,62.625,67.000,646185.697,11349725,110757108
1791013098.745,AD_Stan_tape_chunked_250,71.250,67.000,63.250,64.875,68.500,70.625,65.125,65.000,68.625,67.500,63.875,62.375,67.500,646555.275,11349725,110757108
1791013099.747,AD_Stan_tape_chunked_250,71.250,66.500,63.375,65.750,68.750,71.500,65.125,65.000,67.875,68.750,63.125,62.625,67.750,646924.885,11349725,110757108
1791013100.749,AD_Stan_tape_chunked_250,71.375,67.875,64.125,65.375,67.875,71.500,66.875,65.375,68.625,68.250,63.500,63.625,67.875,647294.453,11349726,110757108
1791013101.752,AD_Stan_tape_chunked_250,71.375,67.000,63.750,65.375,68.250,71.500,64.625,65.375,68.625,69.750,63.375,62.875,68.125,647664.417,11349726,110757108
1791013102.754,AD_Stan_tape_chunked_250,71.375,67.875,65.000,64.875,69.250,71.500,66.000,65.000,68.625,69.250,64.125,63.250,68.750,648034.005,11349726,110757108
1791013103.756,AD_Stan_tape_chunked_250,71.500,67.000,64.625,66.000,69.250,71.500,65.500,65.000,68.250,68.250,63.750,63.375,68.250,648403.559,11349727,110757108
1791013104.759,AD_Stan_tape_chunked_250,71.500,67.875,65.000,65.375,69.250,71.125,65.500,65.000,69.125,68.250,63.625,62.750,68.125,648773.203,11349727,110757108
1791013105.761,AD_Stan_tape_chunked_250,71.625,67.750,64.250,66.500,68.500,71.500,64.625,64.500,69.250,68.250,65.125,63.750,68.125,649143.146,11349727,110757108
1791013106.764,AD_Stan_tape_chunked_250,71.500,67.875,64.625,65.750,68.750,71.500,66.500,65.000,70.125,68.125,63.000,63.625,68.375,649513.088,11349727,110757108
1791013107.767,AD_Stan_tape_chunked_250,71.500,68.875,65.125,65.375,69.250,71.125,66.000,65.875,68.375,67.875,63.875,63.625,68.250,649883.060,11349727,110757108
1791013108.770,AD_Stan_tape_chunked_250,71.625,68.375,66.500,65.375,69.375,72.000,66.000,65.000,68.750,69.000,63.500,63.625,69.250,650252.997,11349727,110757108
1791013109.772,AD_Stan_tape_chunked_250,71.625,68.375,65.625,66.250,68.500,71.500,66.500,65.375,68.625,68.375,64.250,64.750,68.375,650622.577,11349727,110757108
1791013110.775,AD_Stan_tape_chunked_250,71.625,67.500,66.250,64.875,68.500,71.000,65.625,65.000,69.250,69.750,63.875,65.500,68.125,650992.569,11349727,110757108
1791013111.779,AD_Stan_tape_chunked_250,71.875,68.375,65.000,66.750,68.500,72.000,66.000,66.375,69.625,69.250,64.750,64.500,68.750,651362.888,11349727,110757108
1791013112.781,AD_Stan_tape_chunked_250,71.875,67.875,65.500,65.375,70.750,71.500,66.000,65.375,69.250,68.625,65.000,63.625,68.750,651732.486,11349727,110757108
1791013113.783,AD_Stan_tape_chunked_250,71.875,68.375,65.125,66.250,71.250,72.000,65.625,65.875,69.625,69.250,64.000,64.250,68.750,652102.082,11349727,110757108
1791013114.786,AD_Stan_tape_chunked_250,71.875,68.375,64.125,66.750,69.625,71.500,66.500,65.875,69.250,69.750,63.875,63.625,69.000,652472.048,11349727,110757108
1791013115.789,AD_Stan_tape_chunked_250,72.250,68.375,65.125,67.250,69.625,72.375,65.625,66.750,69.250,68.250,64.125,64.750,69.000,652841.999,11349727,110757108
1791013116.792,AD_Stan_tape_chunked_250,72.250,67.750,64.625,67.625,69.625,72.375,66.000,65.875,69.625,68.625,65.000,65.125,69.000,653211.952,11349727,110757108
1791013117.794,AD_Stan_tape_chunked_250,73.125,60.875,57.375,58.125,70.625,74.250,66.000,57.750,61.625,61.625,60.250,57.500,61.250,653507.809,11349727,110757108
1791013118.796,AD_Stan_tape_chunked_250,73.250,59.375,55.875,56.750,59.125,72.375,65.000,56.375,59.375,59.875,60.250,55.625,59.000,653632.083,11349727,110757108
1791013119.796,AD_Stan_tape_chunked_250,73.000,59.000,55.875,56.750,71.500,58.875,64.625,56.750,58.875,59.875,59.000,55.625,58.500,653758.995,11349727,110757108
1791013120.797,AD_Stan_tape_chunked_250,72.875,58.500,55.500,56.250,71.500,58.000,64.125,56.375,58.875,59.000,58.500,55.250,58.125,653882.237,11349727,110757108
1791013121.798,AD_Stan_tape_chunked_250,72.625,58.500,55.500,55.250,57.750,58.500,63.625,55.000,58.000,70.250,57.250,54.250,62.250,654006.041,11349727,110757108
1791013122.800,AD_Stan_tape_chunked_250,72.375,58.500,55.000,55.250,57.750,58.000,63.250,57.250,58.000,70.250,54.375,54.250,61.750,654129.527,11349727,110757108
1791013123.801,AD_Stan_tape_chunked_250,72.125,59.875,55.000,55.250,57.250,57.500,63.250,55.000,58.000,69.250,54.750,53.875,62.750,654253.235,11349727,110757108
1791013124.802,AD_Stan_tape_chunked_250,71.875,57.500,55.000,57.250,57.250,57.500,63.250,55.000,62.000,69.750,53.875,53.875,63.125,654377.001,11349728,110757108
1791013125.803,AD_Stan_tape_chunked_250,71.625,57.500,58.375,54.750,57.250,57.000,62.750,54.500,61.625,70.125,53.875,53.375,57.250,654503.314,11349728,110757108
1791013126.804,AD_Stan_tape_chunked_250,71.250,57.500,54.500,54.375,56.875,57.000,61.750,65.000,57.500,61.875,53.875,64.125,56.750,654625.499,11349728,110757108
1791013127.806,idle_before_MD_BayesMVP_chunks1,70.500,57.125,54.125,56.250,56.875,56.125,61.750,57.375,56.625,57.250,54.375,63.625,56.250,654745.602,11349728,110757108
1791013128.807,idle_before_MD_BayesMVP_chunks1,69.750,59.375,54.125,53.875,56.000,56.625,61.750,53.625,56.625,57.250,52.875,63.625,56.250,654863.837,11349728,110757108
1791013129.808,idle_before_MD_BayesMVP_chunks1,69.250,60.500,54.125,53.875,56.000,56.125,61.750,54.125,56.625,67.000,53.375,53.375,55.875,654983.854,11349728,110757108
1791013130.809,idle_before_MD_BayesMVP_chunks1,69.125,56.625,53.750,53.875,55.750,62.250,61.375,54.125,56.625,67.875,53.375,52.875,55.875,655113.089,11349728,110757108
1791013131.811,idle_before_MD_BayesMVP_chunks1,69.000,56.125,53.125,53.875,58.125,60.000,61.375,53.625,56.250,67.875,52.875,52.875,55.375,655232.267,11349728,110757108
1791013132.812,idle_before_MD_BayesMVP_chunks1,68.875,56.125,55.125,53.375,56.000,55.625,61.750,53.125,55.750,67.875,52.500,52.375,55.375,655353.008,11349728,110757108
1791013133.813,idle_before_MD_BayesMVP_chunks1,68.750,59.125,53.125,53.375,55.000,55.625,61.375,53.125,55.750,67.375,52.500,52.000,56.875,655470.639,11349728,110757108
1791013134.814,idle_before_MD_BayesMVP_chunks1,68.625,57.500,53.125,53.375,55.000,55.625,61.375,52.750,55.750,67.000,52.500,52.375,55.000,655588.461,11349728,110757108
1791013135.815,idle_before_MD_BayesMVP_chunks1,68.375,55.750,53.625,52.875,59.000,55.125,60.875,52.750,58.750,67.000,52.500,52.625,55.000,655706.810,11349728,110757108
1791013136.816,idle_before_MD_BayesMVP_chunks1,68.250,55.750,53.125,53.375,66.875,55.625,60.375,52.750,55.250,56.250,52.000,51.500,54.500,655824.878,11349728,110757108
1791013137.818,idle_before_MD_BayesMVP_chunks1,68.250,56.125,52.250,54.500,67.875,55.125,60.375,52.250,55.250,55.375,52.000,51.500,54.125,655941.755,11349728,110757108
1791013138.819,idle_before_MD_BayesMVP_chunks1,68.125,55.250,52.250,52.375,67.375,55.125,61.750,52.250,54.875,55.375,52.000,51.000,54.125,656058.828,11349728,110757108
1791013139.820,idle_before_MD_BayesMVP_chunks1,68.000,55.250,52.250,52.375,54.875,54.250,60.875,62.750,55.250,55.375,51.500,51.000,55.000,656174.924,11349728,110757108
1791013140.821,idle_before_MD_BayesMVP_chunks1,67.250,54.750,52.250,52.375,54.125,54.250,60.000,62.750,55.250,56.625,51.500,51.000,54.500,656292.418,11349728,110757108
1791013141.822,idle_before_MD_BayesMVP_chunks1,66.625,54.750,52.250,52.375,54.625,54.250,60.375,62.750,54.375,55.375,51.500,51.000,53.625,656410.562,11349728,110757108
1791013142.823,idle_before_MD_BayesMVP_chunks1,66.125,54.750,51.750,52.375,55.375,54.250,60.375,62.250,54.375,55.000,52.000,50.500,53.625,656528.707,11349728,110757108
1791013143.824,idle_before_MD_BayesMVP_chunks1,65.625,54.250,52.250,52.000,54.375,58.875,60.000,62.250,54.375,55.375,51.000,51.000,55.500,656645.446,11349728,110757108
1791013144.826,idle_before_MD_BayesMVP_chunks1,65.125,54.250,63.375,52.000,55.375,53.750,60.000,51.875,54.375,56.250,51.000,51.000,53.625,656763.073,11349728,110757108
1791013145.827,idle_before_MD_BayesMVP_chunks1,64.625,54.250,63.875,52.000,53.250,53.750,60.375,51.375,54.000,54.500,51.875,50.500,55.000,656880.917,11349728,110757108
1791013146.828,idle_before_MD_BayesMVP_chunks1,64.250,53.875,63.875,51.500,53.250,53.375,60.000,51.875,54.000,54.500,51.000,54.000,65.125,656998.216,11349728,110757108
1791013147.830,idle_before_MD_BayesMVP_chunks1,63.875,53.375,63.375,51.500,53.250,53.375,59.500,51.375,53.500,54.500,51.875,50.125,54.000,657114.635,11349728,110757108
1791013148.834,idle_before_MD_BayesMVP_chunks1,63.625,57.125,63.875,52.750,54.000,53.750,59.500,51.375,54.000,54.125,51.000,50.125,53.250,657232.953,11349728,110757108
1791013149.835,idle_before_MD_BayesMVP_chunks1,63.625,53.375,63.375,51.500,56.375,53.375,59.000,50.875,53.500,54.125,50.625,49.625,52.750,657349.098,11349728,110757108
1791013150.837,idle_before_MD_BayesMVP_chunks1,63.625,53.375,63.375,51.000,53.000,52.875,59.500,51.375,53.500,53.625,55.875,50.125,54.875,657466.519,11349728,110757108
1791013151.837,idle_before_MD_BayesMVP_chunks1,63.500,52.875,51.250,53.250,52.750,65.000,59.500,51.375,53.000,54.125,51.000,50.125,53.250,657585.523,11349728,110757108
1791013152.839,idle_before_MD_BayesMVP_chunks1,64.500,53.375,50.750,51.000,54.500,65.375,58.500,52.250,53.500,53.625,50.625,49.625,52.750,657702.888,11349728,110757108
1791013153.840,idle_before_MD_BayesMVP_chunks1,64.625,53.875,50.750,51.500,55.750,64.375,59.000,50.875,53.000,53.625,50.125,49.125,52.250,657819.516,11349728,110757108
1791013154.841,idle_before_MD_BayesMVP_chunks1,64.750,52.875,50.750,51.000,55.750,64.375,58.500,50.875,53.000,53.625,50.125,50.125,52.250,657935.409,11349728,110757108
1791013155.842,idle_before_MD_BayesMVP_chunks1,64.750,53.375,50.750,51.000,52.375,64.375,58.500,50.500,53.000,53.125,50.625,49.625,52.250,658055.871,11349728,110757108
1791013156.843,idle_before_MD_BayesMVP_chunks1,64.625,52.375,50.375,50.500,52.500,64.375,59.000,50.500,52.625,53.125,51.000,49.125,52.250,658175.532,11349728,110757108
1791013157.844,idle_before_MD_BayesMVP_chunks1,64.625,54.000,50.375,51.250,57.625,64.375,58.500,50.500,53.500,56.375,50.625,49.625,52.250,658295.646,11349728,110757108
1791013158.846,idle_before_MD_BayesMVP_chunks1,64.625,52.375,50.750,50.500,52.125,64.000,58.125,50.500,53.000,53.625,50.125,49.125,52.250,658412.043,11349728,110757108
1791013159.847,idle_before_MD_BayesMVP_chunks1,64.625,52.375,49.875,50.500,52.375,64.000,58.125,50.000,52.625,53.625,50.125,49.625,51.375,658526.347,11349728,110757108
1791013160.848,idle_before_MD_BayesMVP_chunks1,64.500,52.375,49.875,50.000,56.750,64.000,58.125,50.500,52.625,53.125,49.625,49.125,51.375,658639.765,11349729,110757108
1791013161.849,idle_before_MD_BayesMVP_chunks1,64.500,52.375,49.875,50.500,51.625,63.500,57.625,50.000,55.250,53.125,50.125,50.750,51.375,658756.651,11349729,110757108
1791013162.850,idle_before_MD_BayesMVP_chunks1,64.375,52.375,49.375,50.500,52.125,64.000,57.625,50.500,54.375,52.750,49.625,52.375,54.375,658872.253,11349729,110757108
1791013163.852,idle_before_MD_BayesMVP_chunks1,64.375,63.250,49.875,50.000,51.500,51.875,58.125,52.750,51.750,52.250,51.625,49.125,51.375,658988.436,11349729,110757108
1791013164.853,idle_before_MD_BayesMVP_chunks1,64.250,63.250,49.875,57.750,51.625,53.750,58.125,50.000,52.625,52.750,50.125,49.125,51.375,659104.011,11349729,110757108
1791013165.854,idle_before_MD_BayesMVP_chunks1,64.125,63.250,49.875,50.000,54.875,51.875,57.625,49.500,52.125,54.750,49.875,49.125,51.375,659228.698,11349729,110757108
1791013166.855,idle_before_MD_BayesMVP_chunks1,64.125,63.750,49.375,49.625,51.250,51.875,57.625,49.500,51.750,52.250,49.625,50.125,51.000,659344.504,11349729,110757108
1791013167.856,idle_before_MD_BayesMVP_chunks1,64.000,63.250,49.875,51.250,51.125,51.500,57.625,49.500,51.750,52.750,49.250,49.125,55.500,659459.550,11349729,110757108
1791013168.857,idle_before_MD_BayesMVP_chunks1,63.875,62.750,49.375,49.625,51.125,51.875,57.625,49.125,51.250,53.125,49.250,48.750,51.000,659576.383,11349729,110757108
1791013169.859,idle_before_MD_BayesMVP_chunks1,63.875,63.250,49.375,49.625,51.625,51.500,57.125,49.500,54.000,53.375,49.250,49.125,51.375,659693.009,11349729,110757108
1791013170.860,idle_before_MD_BayesMVP_chunks1,63.750,63.250,48.875,49.625,50.875,51.500,57.625,49.500,51.250,52.250,49.250,51.000,51.000,659809.316,11349729,110757108
1791013171.861,idle_before_MD_BayesMVP_chunks1,63.625,62.750,49.875,49.625,51.000,51.500,57.625,49.125,51.250,51.875,49.250,48.750,50.500,659925.240,11349729,110757108
1791013172.862,idle_before_MD_BayesMVP_chunks1,63.500,52.375,49.375,49.125,51.000,53.750,57.625,49.500,60.625,52.250,48.750,48.750,50.500,660041.440,11349730,110757108
1791013173.863,idle_before_MD_BayesMVP_chunks1,63.375,52.000,48.875,50.375,51.625,51.000,57.125,49.125,62.500,52.250,48.750,48.250,50.500,660156.672,11349730,110757108
1791013174.865,idle_before_MD_BayesMVP_chunks1,63.375,52.375,48.875,51.125,50.875,51.000,57.125,49.500,62.500,51.875,48.750,48.250,50.500,660272.118,11349730,110757108
1791013175.866,idle_before_MD_BayesMVP_chunks1,63.250,51.500,48.875,50.875,51.125,51.000,57.125,58.500,51.750,51.875,48.750,48.250,50.500,660387.275,11349730,110757108
1791013176.867,idle_before_MD_BayesMVP_chunks1,62.750,51.000,49.375,50.750,50.500,51.000,57.125,59.875,50.875,51.375,48.750,48.750,50.125,660504.271,11349730,110757108
1791013177.868,idle_before_MD_BayesMVP_chunks1,62.250,51.000,48.875,52.125,50.625,50.500,57.125,59.875,50.875,51.875,48.750,48.250,50.500,660621.956,11349730,110757108
1791013178.869,idle_before_MD_BayesMVP_chunks1,61.750,51.500,48.875,49.625,58.625,50.000,57.125,59.875,51.250,51.875,48.750,49.125,50.500,660738.972,11349730,110757108
1791013179.870,idle_before_MD_BayesMVP_chunks1,61.375,51.500,48.875,50.000,50.250,50.500,56.750,59.875,50.375,51.375,48.750,48.750,50.125,660856.013,11349730,110757108
1791013180.872,idle_before_MD_BayesMVP_chunks1,61.000,51.000,48.875,50.000,50.250,50.000,57.125,59.875,51.750,51.375,48.750,48.250,50.125,660973.453,11349730,110757108
1791013181.873,idle_before_MD_BayesMVP_chunks1,60.750,54.750,52.500,50.500,50.625,50.250,57.125,59.375,57.125,51.375,51.250,53.875,50.125,661092.975,11349730,110757108
1791013182.874,idle_before_MD_BayesMVP_chunks1,60.375,50.500,48.875,49.625,50.625,50.000,57.125,59.375,50.375,52.250,48.750,48.250,50.125,661213.460,11349730,110757108
1791013183.875,idle_before_MD_BayesMVP_chunks1,60.125,51.000,48.500,50.125,50.250,50.000,56.750,59.875,50.375,51.375,48.750,48.250,50.125,661331.548,11349730,110757108
1791013184.876,idle_before_MD_BayesMVP_chunks1,59.875,51.000,48.500,49.625,50.125,49.625,56.750,59.375,50.375,50.500,48.250,48.250,54.125,661448.655,11349731,110757108
1791013185.877,idle_before_MD_BayesMVP_chunks1,59.750,50.500,48.875,49.625,53.500,49.625,56.750,59.375,50.875,51.000,48.250,48.250,49.625,661564.669,11349731,110757108
1791013186.878,idle_before_MD_BayesMVP_chunks1,59.750,51.000,52.750,49.125,50.125,49.625,56.250,59.375,50.375,50.500,48.750,49.750,49.625,661684.084,11349731,110757108
1791013187.879,idle_before_MD_BayesMVP_chunks1,59.625,51.000,50.750,49.125,49.750,49.625,56.750,59.375,50.375,50.500,48.750,48.250,50.125,661800.817,11349732,110757108
1791013188.880,idle_before_MD_BayesMVP_chunks1,59.625,50.500,48.500,49.625,49.625,51.000,56.250,59.375,54.875,50.500,48.250,47.750,49.625,661918.746,11349732,110757108
1791013189.881,idle_before_MD_BayesMVP_chunks1,59.625,53.000,48.500,49.125,49.625,50.000,56.250,59.375,49.875,50.500,48.250,47.750,49.125,662036.717,11349732,110757108
1791013190.882,idle_before_MD_BayesMVP_chunks1,59.500,54.125,49.750,49.125,49.750,49.625,56.250,59.000,50.875,54.375,50.375,47.750,49.625,662156.899,11349732,110757108
1791013191.883,idle_before_MD_BayesMVP_chunks1,59.500,50.500,48.000,51.125,49.625,49.625,56.250,59.375,49.875,50.500,47.750,47.750,49.125,662280.547,11349732,110757108
1791013192.885,idle_before_MD_BayesMVP_chunks1,59.500,50.500,48.500,51.125,49.750,49.625,56.750,59.000,50.375,50.125,48.250,47.250,49.125,662397.908,11349732,110757108
1791013193.886,idle_before_MD_BayesMVP_chunks1,59.375,50.125,48.500,48.625,53.500,49.750,56.250,59.375,50.375,50.500,48.250,48.250,49.125,662514.389,11349733,110757108
1791013194.887,idle_before_MD_BayesMVP_chunks1,59.375,50.500,48.000,48.625,50.125,49.625,56.250,59.000,50.375,50.125,47.750,47.750,49.125,662631.314,11349733,110757108
1791013195.888,idle_before_MD_BayesMVP_chunks1,59.250,50.125,48.500,48.625,49.750,49.625,56.250,58.500,50.875,50.500,48.750,47.750,49.125,662749.224,11349733,110757108
1791013196.889,idle_before_MD_BayesMVP_chunks1,59.250,50.125,48.500,49.875,49.250,49.625,56.750,59.375,49.875,50.125,47.750,47.750,48.750,662866.783,11349733,110757108
1791013197.890,idle_before_MD_BayesMVP_chunks1,59.250,50.125,48.000,49.625,49.250,49.625,55.750,59.000,49.500,50.125,47.750,47.250,49.125,662984.377,11349733,110757108
1791013198.891,idle_before_MD_BayesMVP_chunks1,59.250,50.125,48.000,49.125,49.250,49.625,56.250,59.000,49.875,50.125,47.750,47.750,49.125,663102.681,11349733,110757108
1791013199.892,idle_before_MD_BayesMVP_chunks1,59.125,50.125,48.000,49.125,49.750,49.625,56.250,59.000,49.875,50.500,48.250,47.250,49.125,663220.034,11349733,110757108
1791013200.894,idle_before_MD_BayesMVP_chunks1,59.125,50.125,48.000,48.625,51.125,49.625,56.250,59.000,49.875,50.125,48.250,47.750,48.750,663337.174,11349733,110757108
1791013201.895,idle_before_MD_BayesMVP_chunks1,59.125,50.125,48.000,49.125,49.625,49.625,56.250,59.000,53.000,50.125,47.750,47.750,49.125,663455.290,11349733,110757108
1791013202.896,idle_before_MD_BayesMVP_chunks1,59.000,50.250,48.000,48.625,49.250,49.125,56.250,58.500,54.000,49.625,47.750,47.750,48.750,663571.618,11349733,110757108
1791013203.897,idle_before_MD_BayesMVP_chunks1,59.000,50.125,48.000,48.125,49.500,49.125,55.750,58.500,49.875,51.250,47.375,47.250,52.750,663688.970,11349733,110757108
1791013204.898,idle_before_MD_BayesMVP_chunks1,59.000,50.125,48.000,48.625,49.250,49.125,55.750,59.000,49.500,50.125,47.750,49.625,48.250,663806.145,11349733,110757108
1791013205.899,idle_before_MD_BayesMVP_chunks1,59.000,49.625,47.500,50.500,49.250,49.125,56.250,58.500,49.500,50.125,47.750,49.625,48.250,663924.019,11349733,110757108
1791013206.901,idle_before_MD_BayesMVP_chunks1,58.875,50.125,47.500,48.125,53.000,49.125,56.250,58.500,49.875,49.625,47.375,47.250,48.750,664042.344,11349733,110757108
1791013207.902,idle_before_MD_BayesMVP_chunks1,58.875,49.625,47.500,49.000,50.625,49.125,55.750,59.000,49.000,49.625,47.375,47.750,48.750,664159.810,11349733,110757108
1791013208.903,idle_before_MD_BayesMVP_chunks1,58.875,50.125,48.000,48.375,52.500,49.125,56.250,58.500,49.500,50.125,47.750,47.250,48.750,664277.682,11349733,110757108
1791013209.904,idle_before_MD_BayesMVP_chunks1,58.875,54.875,47.500,48.125,50.250,48.625,55.750,58.500,49.000,49.625,47.750,49.750,48.250,664393.493,11349733,110757108
1791013210.905,idle_before_MD_BayesMVP_chunks1,58.750,50.125,48.000,48.125,48.875,50.125,55.750,58.000,49.000,50.125,47.375,46.875,48.250,664510.605,11349733,110757108
1791013211.907,idle_before_MD_BayesMVP_chunks1,58.750,50.125,48.000,48.125,48.875,49.625,55.375,58.000,50.875,50.125,47.750,46.875,48.250,664629.542,11349737,110757108
1791013212.908,idle_before_MD_BayesMVP_chunks1,58.750,50.125,47.500,48.125,51.125,49.125,55.375,58.500,49.500,49.625,47.375,47.250,48.250,664747.212,11349737,110757108
1791013213.909,idle_before_MD_BayesMVP_chunks1,58.625,50.125,47.500,48.125,48.750,48.625,55.375,58.000,49.000,49.625,47.375,48.250,48.250,664867.553,11349737,110757108
1791013214.910,idle_before_MD_BayesMVP_chunks1,58.625,49.625,47.500,47.875,48.875,48.625,55.375,58.500,50.875,49.625,47.750,47.250,48.250,664984.229,11349737,110757108
1791013215.911,idle_before_MD_BayesMVP_chunks1,58.625,50.500,47.500,47.625,48.875,49.125,55.750,58.500,49.500,49.625,47.375,46.875,48.250,665102.379,11349737,110757108
1791013216.913,idle_before_MD_BayesMVP_chunks1,58.500,49.625,47.500,47.625,48.375,49.125,54.875,57.500,49.000,52.875,47.375,47.750,48.750,665219.383,11349737,110757108
1791013217.914,idle_before_MD_BayesMVP_chunks1,58.500,49.625,47.500,47.625,48.875,48.250,55.375,58.000,49.500,49.625,47.750,47.250,48.250,665336.153,11349737,110757108
1791013218.915,idle_before_MD_BayesMVP_chunks1,58.375,49.125,47.500,47.625,48.875,48.625,55.750,58.000,49.000,53.250,49.375,46.875,48.250,665452.320,11349737,110757108
1791013219.915,idle_before_MD_BayesMVP_chunks1,58.375,49.625,47.500,47.625,48.875,48.625,55.375,57.500,49.000,49.625,49.125,46.875,48.250,665568.926,11349737,110757108
1791013220.917,idle_before_MD_BayesMVP_chunks1,58.250,49.625,48.375,47.625,49.250,48.250,55.375,58.000,52.000,49.125,47.375,47.250,48.750,665684.139,11349737,110757108
1791013221.918,idle_before_MD_BayesMVP_chunks1,58.250,49.625,47.500,47.625,49.250,48.625,54.875,57.500,54.875,49.125,48.750,46.375,48.250,665799.564,11349738,110757108
1791013222.919,idle_before_MD_BayesMVP_chunks1,58.250,56.250,47.000,47.625,52.250,48.250,55.375,58.000,50.875,49.625,46.875,46.875,51.375,665916.660,11349738,110757108
1791013223.920,idle_before_MD_BayesMVP_chunks1,58.125,49.750,47.500,47.250,48.875,48.250,55.375,58.000,49.000,49.125,46.875,47.250,48.250,666032.695,11349738,110757108
1791013224.921,idle_before_MD_BayesMVP_chunks1,58.000,49.125,48.750,47.250,49.250,48.250,55.750,47.250,60.250,49.125,46.875,46.875,48.250,666147.508,11349738,110757108
1791013225.923,idle_before_MD_BayesMVP_chunks1,59.000,49.125,49.125,47.250,48.375,48.625,55.375,46.875,60.250,49.125,46.875,46.375,48.250,666261.289,11349738,110757108
1791013226.924,idle_before_MD_BayesMVP_chunks1,59.625,49.625,49.875,47.250,48.750,48.250,55.375,47.250,59.750,48.750,47.375,46.375,48.250,666375.805,11349738,110757108
1791013227.925,idle_before_MD_BayesMVP_chunks1,59.875,49.625,48.000,47.250,48.750,48.250,55.375,46.875,59.375,49.625,46.875,46.375,49.375,666491.839,11349738,110757108
1791013228.926,idle_before_MD_BayesMVP_chunks1,60.000,50.125,47.000,47.250,48.875,48.250,54.875,47.750,60.250,49.125,46.875,46.375,48.250,666608.021,11349738,110757108
1791013229.927,idle_before_MD_BayesMVP_chunks1,60.000,50.125,47.000,47.625,48.375,48.250,54.875,47.250,59.750,49.125,46.875,46.375,47.875,666724.142,11349738,110757108
1791013230.929,idle_before_MD_BayesMVP_chunks1,60.000,50.125,46.625,47.250,48.375,48.250,54.375,47.250,60.250,49.625,47.375,46.375,47.875,666840.167,11349738,110757108
1791013231.930,idle_before_MD_BayesMVP_chunks1,60.000,49.625,47.500,47.625,48.750,48.250,54.875,48.750,59.750,49.625,47.375,46.375,48.250,666957.949,11349739,110757108
1791013232.931,idle_before_MD_BayesMVP_chunks1,60.000,49.125,47.000,47.250,48.500,48.250,55.375,47.750,59.750,49.125,46.875,46.375,48.250,667074.656,11349739,110757108
1791013233.932,idle_before_MD_BayesMVP_chunks1,60.000,49.125,47.000,47.250,48.500,48.250,54.875,48.500,59.750,49.125,47.375,46.875,48.250,667192.925,11349739,110757108
1791013234.933,idle_before_MD_BayesMVP_chunks1,60.000,49.125,47.000,47.250,48.500,48.250,54.875,47.750,59.750,49.125,46.875,46.875,47.875,667309.665,11349739,110757108
1791013235.934,idle_before_MD_BayesMVP_chunks1,60.000,48.750,47.000,50.375,48.375,48.625,54.375,50.000,59.375,49.625,46.875,46.875,48.250,667425.554,11349739,110757108
1791013236.935,idle_before_MD_BayesMVP_chunks1,60.000,51.625,47.000,47.250,48.375,48.250,54.375,47.250,59.750,49.125,49.125,46.375,47.875,667543.293,11349739,110757108
1791013237.937,idle_before_MD_BayesMVP_chunks1,59.875,49.125,47.000,48.000,48.750,47.750,54.375,46.875,59.375,52.625,46.875,47.500,47.875,667659.744,11349739,110757108
1791013238.938,idle_before_MD_BayesMVP_chunks1,59.875,48.750,46.625,48.875,48.750,48.250,54.375,47.250,59.750,49.125,46.875,46.375,47.875,667774.917,11349739,110757108
1791013239.939,idle_before_MD_BayesMVP_chunks1,59.750,48.750,47.000,47.250,51.250,48.250,54.375,46.875,48.625,59.500,46.875,46.375,50.125,667890.721,11349739,110757108
1791013240.940,idle_before_MD_BayesMVP_chunks1,59.750,49.125,46.625,47.250,48.250,47.750,54.875,46.875,48.625,59.500,46.375,50.875,51.750,668006.213,11349739,110757108
1791013241.942,idle_before_MD_BayesMVP_chunks1,59.750,49.125,46.625,46.750,48.250,50.000,54.375,46.875,48.125,60.000,46.375,48.250,47.875,668121.423,11349739,110757108
1791013242.943,idle_before_MD_BayesMVP_chunks1,59.750,49.125,48.625,47.250,49.750,48.250,54.375,46.875,48.625,59.500,46.875,46.375,47.875,668237.981,11349739,110757108
1791013243.944,idle_before_MD_BayesMVP_chunks1,59.750,48.750,46.625,46.750,50.250,48.250,54.375,46.875,49.625,59.500,46.375,46.375,48.250,668355.864,11349739,110757108
1791013244.945,idle_before_MD_BayesMVP_chunks1,59.750,48.750,46.625,47.250,47.875,48.250,54.375,47.250,48.625,59.500,46.875,45.875,47.875,668471.610,11349739,110757108
1791013245.946,idle_before_MD_BayesMVP_chunks1,60.000,48.750,46.625,47.750,48.250,47.750,54.375,47.250,61.125,49.125,46.875,46.375,48.250,668589.452,11349739,110757108
1791013246.948,idle_before_MD_BayesMVP_chunks1,60.500,48.750,47.000,46.750,48.250,47.750,53.875,46.875,61.125,48.750,46.375,45.875,47.875,668706.204,11349739,110757108
1791013247.949,idle_before_MD_BayesMVP_chunks1,60.625,48.750,48.125,46.750,47.875,47.750,54.375,46.875,61.125,48.750,46.375,45.875,47.875,668822.471,11349739,110757108
1791013248.950,idle_before_MD_BayesMVP_chunks1,60.750,48.750,46.625,46.750,48.125,47.750,54.375,47.750,61.125,48.750,46.375,46.375,48.250,668939.069,11349739,110757108
1791013249.951,idle_before_MD_BayesMVP_chunks1,60.750,50.500,46.625,46.750,48.250,49.125,54.375,47.250,60.625,49.125,46.375,46.375,47.875,669056.106,11349739,110757108
1791013250.952,idle_before_MD_BayesMVP_chunks1,60.750,48.250,46.625,47.250,47.875,47.750,54.375,48.625,60.625,49.125,46.375,46.375,47.875,669173.397,11349739,110757108
1791013251.953,idle_before_MD_BayesMVP_chunks1,60.750,48.750,46.625,47.250,48.250,47.750,54.375,47.250,60.625,48.750,46.375,45.875,50.000,669289.870,11349739,110757108
1791013252.955,idle_before_MD_BayesMVP_chunks1,60.875,48.750,46.625,46.250,49.250,47.750,54.375,47.250,60.625,52.875,46.875,45.875,47.875,669406.916,11349739,110757108
1791013253.956,idle_before_MD_BayesMVP_chunks1,60.875,48.750,46.625,46.750,48.250,47.750,54.375,46.875,60.625,48.750,46.375,46.375,48.500,669523.789,11349739,110757108
1791013254.957,idle_before_MD_BayesMVP_chunks1,60.375,48.750,46.625,49.500,47.500,48.250,54.375,46.875,48.625,48.750,46.875,56.125,47.375,669646.720,11349739,110757108
1791013255.958,idle_before_MD_BayesMVP_chunks1,59.875,48.250,46.625,46.750,47.875,47.750,54.375,46.875,48.125,48.750,46.875,55.625,47.875,669763.943,11349740,110757108
1791013256.959,idle_before_MD_BayesMVP_chunks1,59.375,48.750,46.125,46.750,47.875,47.750,54.375,46.875,47.625,48.250,45.875,56.125,50.375,669879.086,11349740,110757108
1791013257.960,idle_before_MD_BayesMVP_chunks1,59.000,48.750,46.625,46.750,47.875,47.250,54.375,49.500,47.625,48.250,45.875,56.125,47.000,669996.605,11349740,110757108
1791013258.962,idle_before_MD_BayesMVP_chunks1,58.500,51.750,46.625,48.625,47.875,47.750,54.375,46.875,47.625,48.250,46.375,55.625,47.375,670113.805,11349740,110757108
1791013259.963,idle_before_MD_BayesMVP_chunks1,58.250,48.250,46.625,46.750,48.375,47.250,54.375,46.375,48.125,48.750,46.375,56.125,48.250,670230.114,11349740,110757108
1791013260.964,idle_before_MD_BayesMVP_chunks1,57.875,48.250,46.625,49.000,48.375,47.750,53.875,46.875,48.125,50.250,45.875,55.250,47.375,670346.954,11349740,110757108
1791013261.965,idle_before_MD_BayesMVP_chunks1,57.500,48.250,46.125,46.750,49.875,47.750,54.375,46.875,47.625,48.250,46.375,56.125,50.500,670463.062,11349740,110757108
1791013262.966,idle_before_MD_BayesMVP_chunks1,58.000,48.250,46.125,46.875,49.875,47.750,54.375,46.375,48.125,58.625,46.375,45.375,47.375,670578.025,11349740,110757108
1791013263.967,idle_before_MD_BayesMVP_chunks1,58.625,48.750,46.125,46.250,49.000,47.750,54.375,45.875,47.625,59.125,46.375,45.375,49.625,670694.446,11349740,110757108
1791013264.969,idle_before_MD_BayesMVP_chunks1,58.875,48.250,46.125,46.250,47.625,47.750,54.375,46.375,48.125,59.125,45.500,45.875,49.125,670810.900,11349740,110757108
1791013265.970,idle_before_MD_BayesMVP_chunks1,59.000,48.750,47.000,46.875,47.625,53.000,54.375,46.375,48.125,59.125,46.375,45.375,47.375,670930.246,11349740,110757108
1791013266.971,idle_before_MD_BayesMVP_chunks1,59.000,48.250,47.000,46.250,47.125,47.750,53.875,46.375,47.625,59.125,45.875,45.375,47.375,671048.507,11349740,110757108
1791013267.973,idle_before_MD_BayesMVP_chunks1,59.125,48.250,47.875,46.250,47.500,47.750,54.375,46.375,58.375,48.750,46.375,45.875,47.375,671169.845,11349740,110757108
1791013268.974,idle_before_MD_BayesMVP_chunks1,59.000,48.250,46.125,46.250,47.625,47.750,54.375,46.375,58.875,48.250,46.875,45.875,47.375,671288.139,11349740,110757108
1791013269.974,idle_before_MD_BayesMVP_chunks1,59.000,48.250,46.125,45.750,47.875,47.250,53.875,46.375,58.875,48.250,48.500,45.375,50.500,671403.417,11349740,110757108
1791013270.976,idle_before_MD_BayesMVP_chunks1,59.000,48.250,46.125,46.250,49.250,47.250,54.375,45.875,58.875,48.250,46.875,45.375,47.375,671520.579,11349740,110757108
1791013271.976,idle_before_MD_BayesMVP_chunks1,59.000,48.250,46.125,46.250,47.875,47.250,54.375,46.375,58.875,48.750,46.375,45.875,51.250,671636.079,11349740,110757108
1791013272.977,idle_before_MD_BayesMVP_chunks1,59.000,48.250,46.625,46.250,49.750,47.250,54.375,45.875,58.875,48.250,45.875,45.375,47.375,671753.484,11349740,110757108
1791013273.979,idle_before_MD_BayesMVP_chunks1,58.625,51.500,46.125,57.625,47.875,47.750,53.875,46.375,47.250,48.750,45.875,45.375,46.500,671870.569,11349743,110757108
1791013274.980,idle_before_MD_BayesMVP_chunks1,58.250,49.375,46.125,58.125,47.875,47.750,53.875,46.875,53.375,48.750,45.875,45.375,47.000,671986.255,11349743,110757108
1791013275.981,idle_before_MD_BayesMVP_chunks1,57.875,48.250,46.125,46.250,52.250,47.750,53.875,46.375,47.250,49.750,46.375,55.250,47.000,672103.178,11349743,110757108
1791013276.982,idle_before_MD_BayesMVP_chunks1,57.625,48.250,46.125,46.250,47.375,47.250,53.875,46.500,55.750,48.625,47.125,55.625,47.000,672220.688,11349743,110757108
1791013277.989,idle_before_MD_BayesMVP_chunks1,57.250,50.750,45.625,46.250,47.875,47.250,54.375,46.375,47.625,48.250,46.375,56.125,47.000,672340.557,11349743,110757108
1791013278.990,idle_before_MD_BayesMVP_chunks1,57.000,48.250,46.125,45.750,47.500,47.750,53.875,46.375,47.625,48.250,49.375,55.250,47.000,672457.830,11349743,110757108
1791013279.992,idle_before_MD_BayesMVP_chunks1,56.750,48.250,46.125,46.250,47.375,47.250,53.875,45.875,49.500,48.250,46.375,55.625,47.375,672575.242,11349743,110757108
1791013280.993,idle_before_MD_BayesMVP_chunks1,56.500,52.875,46.125,46.250,47.000,47.250,54.375,46.500,47.625,48.250,45.875,56.125,49.125,672690.997,11349744,110757108
1791013281.995,idle_before_MD_BayesMVP_chunks1,56.500,48.250,46.125,46.250,47.125,46.750,53.875,47.250,47.625,47.875,46.375,55.625,47.000,672807.912,11349744,110757108
1791013282.996,idle_before_MD_BayesMVP_chunks1,56.375,48.750,46.125,46.250,47.500,47.250,53.875,46.375,47.625,48.750,46.375,55.625,46.500,672924.518,11349744,110757108
1791013283.997,idle_before_MD_BayesMVP_chunks1,56.250,47.750,46.625,46.250,47.000,46.750,54.375,48.000,47.250,47.875,45.875,55.250,46.500,673040.528,11349744,110757108
1791013284.998,idle_before_MD_BayesMVP_chunks1,56.250,48.250,47.000,46.250,47.500,46.750,53.875,46.875,47.625,48.250,46.375,56.125,46.500,673157.818,11349744,110757108
1791013285.999,idle_before_MD_BayesMVP_chunks1,56.250,48.875,46.125,46.250,47.000,47.250,53.875,46.375,47.625,47.875,45.875,55.625,46.500,673274.369,11349744,110757108
1791013287.000,idle_before_MD_BayesMVP_chunks1,56.125,48.250,46.125,45.750,47.375,47.250,53.875,46.375,47.250,48.250,46.500,55.625,46.500,673390.281,11349744,110757108
1791013288.001,idle_before_MD_BayesMVP_chunks1,56.125,48.250,46.125,46.250,47.375,47.250,53.875,46.875,47.250,48.125,45.875,55.625,46.500,673507.938,11349744,110757108
1791013289.003,idle_before_MD_BayesMVP_chunks1,56.000,48.250,46.125,46.250,47.375,51.750,54.375,46.375,47.625,48.250,45.875,55.625,46.500,673625.994,11349744,110757108
1791013290.004,idle_before_MD_BayesMVP_chunks1,56.000,47.750,45.625,46.250,47.500,46.750,53.875,46.375,47.250,48.250,45.875,55.250,46.500,673741.216,11349744,110757108
1791013291.005,idle_before_MD_BayesMVP_chunks1,55.875,49.625,46.125,45.750,47.375,51.000,53.875,46.375,47.250,48.250,45.875,55.250,46.500,673856.564,11349744,110757108
1791013292.006,idle_before_MD_BayesMVP_chunks1,55.875,48.250,45.625,48.500,47.500,47.750,53.875,46.875,48.875,48.250,56.250,45.875,46.500,673973.816,11349744,110757108
1791013293.007,idle_before_MD_BayesMVP_chunks1,56.500,48.375,45.625,46.250,51.625,50.000,53.875,46.375,47.250,47.875,56.625,45.375,47.000,674090.943,11349744,110757108
1791013294.008,idle_before_MD_BayesMVP_chunks1,56.750,48.250,46.125,46.250,47.875,47.250,53.875,45.875,47.250,47.875,57.125,45.375,46.500,674208.972,11349744,110757108
1791013295.009,idle_before_MD_BayesMVP_chunks1,56.875,48.750,46.125,46.250,49.875,47.750,54.375,46.375,47.250,47.875,56.625,45.375,46.500,674327.663,11349744,110757108
1791013296.010,idle_before_MD_BayesMVP_chunks1,57.000,49.625,46.125,46.250,47.000,47.250,54.375,46.375,47.250,47.375,56.625,45.000,46.500,674445.834,11349744,110757108
1791013297.011,idle_before_MD_BayesMVP_chunks1,57.000,47.750,46.125,45.750,47.000,48.875,53.875,46.375,47.250,47.875,57.125,48.250,46.000,674563.337,11349744,110757108
1791013298.012,idle_before_MD_BayesMVP_chunks1,57.125,48.875,46.125,46.250,47.000,47.250,53.875,45.875,47.625,48.250,56.625,45.000,46.500,674682.255,11349744,110757108
1791013299.014,idle_before_MD_BayesMVP_chunks1,57.125,49.750,45.625,45.750,46.500,46.750,54.375,45.875,47.250,47.375,57.125,45.000,46.000,674797.405,11349744,110757108
1791013300.015,idle_before_MD_BayesMVP_chunks1,56.875,47.750,45.625,46.250,47.375,46.750,53.500,50.375,49.125,47.875,45.875,45.375,57.750,674915.320,11349744,110757108
1791013301.016,idle_before_MD_BayesMVP_chunks1,57.250,48.250,45.625,46.250,49.250,47.750,53.875,46.375,47.625,47.875,45.875,45.000,57.750,675032.942,11349744,110757108
1791013302.017,idle_before_MD_BayesMVP_chunks1,57.500,47.750,45.625,45.750,51.750,46.750,53.875,45.875,47.750,47.875,45.875,45.000,57.750,675149.618,11349744,110757108
1791013303.018,idle_before_MD_BayesMVP_chunks1,57.625,50.375,45.625,45.750,47.375,46.750,53.875,45.875,47.625,47.875,45.875,45.000,57.750,675266.703,11349744,110757108
1791013304.020,idle_before_MD_BayesMVP_chunks1,57.750,47.750,46.125,45.750,47.000,46.750,53.875,45.875,50.875,47.875,45.875,45.375,57.750,675385.072,11349744,110757108
1791013305.021,idle_before_MD_BayesMVP_chunks1,57.750,49.375,45.625,45.750,47.500,47.250,53.500,45.875,47.250,47.875,45.500,45.000,58.125,675500.860,11349744,110757108
1791013306.022,idle_before_MD_BayesMVP_chunks1,57.750,48.750,46.125,45.750,46.500,47.250,53.875,45.875,47.250,47.875,45.500,45.375,58.125,675617.356,11349744,110757108
1791013307.023,idle_before_MD_BayesMVP_chunks1,57.750,48.750,45.625,46.250,48.375,47.250,53.500,45.875,47.250,47.875,45.500,45.000,57.750,675735.411,11349744,110757108
1791013308.024,idle_before_MD_BayesMVP_chunks1,57.875,47.750,45.625,45.750,46.500,46.750,53.500,48.875,48.125,47.375,45.875,45.000,58.125,675852.101,11349744,110757108
1791013309.026,idle_before_MD_BayesMVP_chunks1,57.875,47.750,45.625,45.750,47.000,46.750,53.875,46.375,48.625,47.375,45.500,45.000,57.750,675969.064,11349744,110757108
1791013310.027,idle_before_MD_BayesMVP_chunks1,58.000,47.750,45.625,45.750,52.125,46.750,53.875,45.875,48.625,47.375,45.500,45.375,57.750,676085.630,11349744,110757108
1791013311.028,idle_before_MD_BayesMVP_chunks1,58.000,47.750,45.625,45.750,47.000,47.250,53.500,45.875,48.125,47.875,45.875,45.000,57.750,676203.130,11349744,110757108
1791013312.029,idle_before_MD_BayesMVP_chunks1,58.000,47.750,45.625,45.750,47.125,46.750,53.875,49.500,49.500,47.875,45.500,44.500,57.750,676320.815,11349744,110757108
1791013313.030,idle_before_MD_BayesMVP_chunks1,58.000,47.750,45.625,45.750,48.625,47.250,53.500,45.875,47.625,47.875,45.500,45.000,58.125,676438.388,11349744,110757108
1791013314.031,idle_before_MD_BayesMVP_chunks1,58.000,47.750,48.000,46.000,53.000,46.750,53.500,45.875,47.250,48.375,45.500,45.000,57.750,676554.605,11349744,110757108
1791013315.032,idle_before_MD_BayesMVP_chunks1,58.000,47.750,48.500,45.250,47.000,46.750,53.875,45.500,47.250,47.375,45.875,45.000,57.750,676672.050,11349744,110757108
1791013316.033,idle_before_MD_BayesMVP_chunks1,57.875,47.250,48.000,45.750,47.000,46.625,53.875,45.500,47.250,47.875,45.500,46.875,57.750,676787.689,11349744,110757108
1791013317.034,idle_before_MD_BayesMVP_chunks1,57.875,47.750,47.250,45.750,47.000,46.750,53.875,45.500,47.250,47.375,45.500,45.000,57.750,676906.064,11349744,110757108
1791013318.035,idle_before_MD_BayesMVP_chunks1,57.875,47.750,45.625,45.250,46.500,47.750,55.250,45.875,47.250,47.875,45.500,44.500,57.750,677022.217,11349744,110757108
1791013319.036,idle_before_MD_BayesMVP_chunks1,57.750,47.750,45.625,45.750,54.000,47.250,55.250,45.500,47.625,47.875,45.500,46.875,57.250,677138.517,11349744,110757108
1791013320.037,idle_before_MD_BayesMVP_chunks1,57.750,47.750,45.625,45.250,47.000,48.000,55.250,45.500,47.625,47.875,45.000,44.500,57.750,677255.948,11349744,110757108
1791013321.038,idle_before_MD_BayesMVP_chunks1,57.750,47.750,45.625,45.750,47.000,47.500,55.250,46.875,47.250,47.875,45.000,44.500,57.250,677373.345,11349744,110757108
1791013322.040,idle_before_MD_BayesMVP_chunks1,57.750,47.750,45.625,45.750,47.125,47.750,55.625,45.500,47.625,47.875,45.500,45.000,57.750,677491.164,11349744,110757108
1791013323.040,idle_before_MD_BayesMVP_chunks1,57.750,47.750,46.250,45.750,46.500,46.750,55.250,45.500,47.625,47.875,45.500,45.000,58.125,677609.199,11349744,110757108
1791013324.041,idle_before_MD_BayesMVP_chunks1,57.750,47.750,46.125,45.250,47.000,46.750,55.250,45.625,47.250,55.250,45.500,45.375,57.750,677725.754,11349744,110757108
1791013325.042,idle_before_MD_BayesMVP_chunks1,57.750,47.250,45.625,45.250,48.875,49.750,55.250,45.500,47.250,47.875,45.500,45.000,56.875,677842.190,11349744,110757108
1791013326.043,idle_before_MD_BayesMVP_chunks1,57.750,47.250,45.125,45.750,47.000,46.375,55.250,45.500,47.250,47.875,45.000,45.375,57.750,677960.625,11349745,110757108
1791013327.044,idle_before_MD_BayesMVP_chunks1,57.625,47.750,45.125,45.750,47.000,46.750,55.625,45.500,47.250,47.375,45.500,45.000,57.250,678074.935,11349745,110757108
1791013328.045,idle_before_MD_BayesMVP_chunks1,57.625,48.250,45.625,45.250,46.500,58.500,55.250,45.000,46.750,47.875,45.500,44.500,46.500,678189.937,11349745,110757108
1791013329.047,idle_before_MD_BayesMVP_chunks1,58.250,47.250,45.625,45.750,46.250,58.500,55.250,45.500,46.375,48.250,45.500,45.000,49.875,678306.299,11349745,110757108
1791013330.048,idle_before_MD_BayesMVP_chunks1,58.500,47.750,45.125,46.250,46.500,58.875,55.250,46.875,46.750,47.875,45.500,44.500,46.000,678421.897,11349745,110757108
1791013331.049,idle_before_MD_BayesMVP_chunks1,58.625,47.750,45.625,45.750,47.500,59.375,55.625,45.875,49.125,48.250,45.875,45.000,46.000,678546.967,11349745,110757108
1791013332.050,idle_before_MD_BayesMVP_chunks1,58.750,47.750,45.125,45.250,46.500,58.875,55.250,45.500,46.750,47.375,45.500,45.375,46.000,678662.890,11349748,110757108
1791013333.051,idle_before_MD_BayesMVP_chunks1,58.875,48.250,47.625,45.750,46.500,59.375,56.125,45.875,50.125,47.875,46.375,45.000,46.000,678784.093,11349748,110757108
1791013334.053,idle_before_MD_BayesMVP_chunks1,58.750,47.750,45.625,47.625,46.625,58.500,55.625,45.875,47.250,47.875,45.500,45.000,46.000,678902.590,11349748,110757108
1791013335.054,idle_before_MD_BayesMVP_chunks1,58.750,48.875,45.750,46.875,47.000,58.500,55.250,45.500,51.125,47.875,45.500,44.500,46.000,679019.007,11349748,110757108
1791013336.055,idle_before_MD_BayesMVP_chunks1,58.750,48.250,45.125,45.750,48.875,58.500,54.750,45.875,46.750,47.875,45.000,44.500,46.000,679135.280,11349748,110757108
1791013337.056,idle_before_MD_BayesMVP_chunks1,58.750,47.250,45.125,47.875,46.500,58.500,54.750,45.875,46.375,47.375,45.500,44.750,48.625,679251.000,11349748,110757108
1791013338.057,MD_BayesMVP_chunks1,58.625,47.250,46.250,49.125,54.500,46.375,55.250,45.500,47.250,47.375,45.500,45.375,57.250,679374.470,11349748,110757108
1791013339.058,MD_BayesMVP_chunks1,58.500,47.750,45.750,45.250,54.875,46.375,55.250,45.500,47.250,47.375,45.000,45.000,57.250,679496.395,11349748,110757108
1791013340.060,MD_BayesMVP_chunks1,58.375,49.500,45.625,45.250,54.500,46.375,55.250,45.500,47.250,47.000,45.500,45.625,57.750,679616.606,11349748,110757108
1791013341.061,MD_BayesMVP_chunks1,58.250,47.750,45.625,45.250,54.500,46.375,55.625,46.875,47.625,47.375,45.500,45.000,57.750,679738.981,11349748,110757108
1791013342.062,MD_BayesMVP_chunks1,58.250,47.250,45.625,45.250,55.375,46.375,55.625,45.500,47.250,47.875,47.625,45.000,57.750,679860.803,11349751,110757108
1791013343.063,MD_BayesMVP_chunks1,58.125,47.250,45.125,45.250,46.500,46.750,55.250,45.500,47.250,54.375,46.625,44.500,57.750,679985.043,11349751,110757108
1791013344.064,MD_BayesMVP_chunks1,58.125,47.250,45.125,45.250,47.000,46.750,55.250,45.500,47.250,54.375,45.875,45.000,57.250,680105.886,11349751,110757108
1791013345.065,MD_BayesMVP_chunks1,58.000,48.875,45.625,45.250,46.500,46.750,54.750,45.500,48.000,51.000,45.000,45.125,57.750,680227.048,11349751,110757108
1791013346.066,MD_BayesMVP_chunks1,57.875,47.250,45.125,45.750,46.000,46.750,55.250,45.625,47.250,47.375,48.125,44.500,57.250,680349.677,11349751,110757108
1791013347.067,MD_BayesMVP_chunks1,57.875,48.375,45.125,45.750,46.500,46.375,55.250,45.875,47.250,47.375,48.125,45.000,57.750,680471.085,11349751,110757108
1791013348.068,MD_BayesMVP_chunks1,57.750,47.250,45.125,45.750,46.500,46.750,55.625,45.500,47.250,47.000,48.125,45.000,57.750,680592.561,11349751,110757108
1791013349.069,MD_BayesMVP_chunks1,57.875,47.250,50.000,45.250,46.500,46.375,55.625,45.000,47.250,47.375,48.125,45.000,57.250,680713.751,11349751,110757108
1791013350.070,MD_BayesMVP_chunks1,57.750,51.375,45.125,45.250,47.500,46.375,55.250,45.500,47.250,47.375,48.125,44.500,57.250,680835.352,11349751,110757108
1791013351.071,MD_BayesMVP_chunks1,57.750,47.250,45.125,45.250,46.500,46.375,55.250,45.000,50.875,47.375,48.125,44.500,57.750,680957.188,11349751,110757108
1791013352.072,MD_BayesMVP_chunks1,57.750,47.250,45.125,45.250,51.625,47.000,55.250,46.125,48.125,47.375,48.125,45.000,56.875,681076.457,11349754,110757108
1791013353.073,MD_BayesMVP_chunks1,57.625,47.250,45.125,45.750,50.625,46.375,55.250,45.875,47.250,47.000,47.000,45.000,57.250,681198.008,11349754,110757108
1791013354.074,MD_BayesMVP_chunks1,57.625,46.875,45.125,45.250,50.625,46.375,54.750,45.000,51.750,47.000,45.625,44.500,57.750,681317.963,11349754,110757108
1791013355.076,MD_BayesMVP_chunks1,57.750,46.875,45.125,45.250,51.625,46.375,54.750,45.000,47.625,48.250,45.000,44.500,57.750,681438.463,11349754,110757108
1791013356.077,MD_BayesMVP_chunks1,57.750,50.500,48.500,48.750,51.125,50.625,55.250,48.625,50.625,50.625,49.250,47.250,55.000,681600.319,11349754,110757108
1791013357.081,MD_BayesMVP_chunks1,57.750,51.375,49.875,50.375,52.500,53.000,55.250,50.000,52.125,52.000,49.625,48.375,56.875,681915.462,11349754,110757108
1791013358.089,MD_BayesMVP_chunks1,58.125,51.625,50.375,51.125,53.500,53.500,53.375,50.875,52.750,52.500,50.625,48.875,56.875,682233.433,11349754,110757108
1791013359.095,MD_BayesMVP_chunks1,58.375,52.125,50.750,51.375,53.500,53.875,55.625,51.375,53.000,53.250,50.000,49.625,57.250,682551.175,11349754,110757108
1791013360.097,MD_BayesMVP_chunks1,58.625,53.250,50.875,50.750,53.875,53.875,55.625,51.375,53.375,52.875,50.625,49.625,57.750,682869.416,11349754,110757108
1791013361.101,MD_BayesMVP_chunks1,58.875,52.125,50.875,52.125,54.375,54.875,56.500,51.375,53.500,53.375,50.750,50.250,57.750,683187.591,11349754,110757108
1791013362.106,MD_BayesMVP_chunks1,60.125,53.000,51.875,52.125,54.500,54.875,57.000,53.125,54.375,53.375,50.625,50.500,61.375,683506.893,11349757,110757108
1791013363.108,MD_BayesMVP_chunks1,60.625,49.125,47.000,47.250,48.875,51.875,55.625,49.500,49.875,49.625,47.750,46.375,60.000,683710.659,11349757,110757108
1791013364.109,MD_BayesMVP_chunks1,60.500,48.750,46.625,47.250,48.250,48.250,55.250,46.875,48.625,48.750,48.625,49.750,59.125,683837.418,11349757,110757108
1791013365.111,MD_BayesMVP_chunks1,60.375,49.125,47.500,47.625,50.625,51.500,53.875,47.750,50.375,49.625,47.375,48.750,55.500,683963.409,11349757,110757108
1791013366.115,MD_BayesMVP_chunks1,60.250,52.625,53.125,51.125,54.375,54.375,56.875,51.375,53.625,53.375,52.000,50.125,60.000,684277.956,11349757,110757108
1791013367.118,MD_BayesMVP_chunks1,60.250,53.000,51.125,51.625,53.875,54.875,56.875,52.250,54.125,53.750,52.500,50.500,58.125,684595.526,11349757,110757108
1791013368.121,MD_BayesMVP_chunks1,60.375,53.500,51.375,52.125,53.875,54.875,57.250,52.250,54.375,53.875,51.625,51.500,58.125,684914.532,11349757,110757108
1791013369.125,MD_BayesMVP_chunks1,60.250,53.500,51.750,52.750,54.875,55.250,57.250,52.750,54.750,54.375,51.000,52.375,58.625,685233.746,11349757,110757108
1791013370.128,MD_BayesMVP_chunks1,60.250,54.750,52.125,52.625,54.875,55.750,57.750,52.750,55.250,54.250,51.625,52.625,58.625,685552.377,11349757,110757108
1791013371.136,MD_BayesMVP_chunks1,60.375,54.000,52.125,53.000,55.375,55.750,58.250,53.125,55.250,54.375,53.125,51.375,59.500,685872.962,11349757,110757108
1791013372.143,MD_BayesMVP_chunks1,60.500,54.750,51.875,53.000,55.750,55.750,57.000,52.750,55.250,54.500,53.375,52.375,59.125,686193.808,11349757,110757108
1791013373.146,MD_BayesMVP_chunks1,60.625,54.125,53.125,53.000,55.750,56.250,57.500,53.125,55.625,54.750,52.125,52.375,60.000,686513.018,11349757,110757108
1791013374.153,MD_BayesMVP_chunks1,60.750,54.250,52.625,53.250,57.125,56.250,57.500,53.125,56.000,55.250,54.125,52.250,59.500,686833.197,11349759,110757108
1791013375.156,MD_BayesMVP_chunks1,60.875,54.500,53.125,53.500,56.250,56.250,55.375,53.625,55.750,55.250,52.750,52.000,60.000,687153.327,11349759,110757108
1791013376.159,MD_BayesMVP_chunks1,61.125,54.875,53.125,55.125,55.875,57.125,58.625,54.125,56.000,55.750,53.375,52.125,59.500,687473.513,11349759,110757108
1791013377.162,MD_BayesMVP_chunks1,61.250,55.250,53.125,53.500,56.250,56.750,58.625,53.625,55.875,55.625,53.375,53.875,60.500,687793.961,11349759,110757108
1791013378.165,MD_BayesMVP_chunks1,61.375,55.000,54.250,54.625,56.750,57.125,58.250,53.625,56.250,55.750,53.750,52.375,60.875,688113.825,11349759,110757108
1791013379.169,MD_BayesMVP_chunks1,61.500,55.375,53.500,53.500,56.250,57.125,59.625,54.500,56.250,56.375,52.875,53.375,60.000,688433.763,11349759,110757108
1791013380.174,MD_BayesMVP_chunks1,61.625,55.500,53.500,54.500,57.625,57.625,59.125,54.125,57.000,56.375,53.250,52.375,60.000,688753.789,11349759,110757108
1791013381.176,MD_BayesMVP_chunks1,61.875,55.375,53.500,54.000,57.125,57.625,57.750,54.125,56.625,57.375,54.250,52.625,60.500,689085.899,11349759,110757108
1791013382.219,MD_BayesMVP_chunks1,62.000,56.250,53.625,54.000,57.125,57.125,59.625,54.125,56.625,56.125,53.375,52.875,60.500,689405.815,11349759,110757108
1791013383.223,MD_BayesMVP_chunks1,62.125,55.875,53.625,55.000,57.625,57.625,59.625,53.750,57.500,56.625,53.250,53.125,60.500,689725.887,11349760,110757108
1791013384.227,MD_BayesMVP_chunks1,62.250,56.250,54.000,54.500,58.125,57.625,53.375,54.500,57.000,56.625,53.375,53.000,60.875,690046.353,11349760,110757108
1791013385.235,MD_BayesMVP_chunks1,62.375,57.125,54.125,54.500,57.625,57.625,59.125,54.125,58.000,57.125,53.375,54.375,60.875,690367.584,11349760,110757108
1791013386.238,MD_BayesMVP_chunks1,62.500,55.875,54.000,54.500,57.625,58.125,59.625,55.625,57.125,57.125,53.750,53.375,61.375,690687.663,11349760,110757108
1791013387.241,MD_BayesMVP_chunks1,62.625,57.250,54.125,54.500,57.625,58.125,56.125,55.000,58.875,57.125,53.750,54.875,62.250,691007.877,11349760,110757108
1791013388.244,MD_BayesMVP_chunks1,62.750,56.250,54.500,55.500,57.625,58.500,60.125,55.000,57.500,57.125,53.750,53.500,61.750,691327.643,11349760,110757108
1791013389.324,MD_BayesMVP_chunks1,62.875,56.250,54.125,55.000,58.125,58.125,59.250,55.500,57.500,57.125,54.125,54.000,61.750,691672.180,11349760,110757108
1791013390.328,MD_BayesMVP_chunks1,63.000,57.625,56.875,55.875,57.625,59.000,60.125,55.000,58.125,57.375,54.125,55.000,62.250,691992.868,11349760,110757108
1791013391.332,MD_BayesMVP_chunks1,63.125,56.750,56.000,55.375,58.125,59.000,59.625,55.500,58.375,57.375,54.125,53.500,61.375,692313.399,11349760,110757108
1791013392.335,MD_BayesMVP_chunks1,63.250,56.750,55.125,57.250,58.500,58.500,61.000,55.500,58.250,57.625,54.250,53.875,61.375,692634.090,11349760,110757108
1791013393.343,MD_BayesMVP_chunks1,63.250,56.750,56.375,57.250,59.000,58.500,61.000,55.500,58.125,57.750,54.125,54.000,62.750,692956.442,11349760,110757108
1791013394.352,MD_BayesMVP_chunks1,63.375,57.250,54.625,56.000,58.125,60.000,59.250,55.000,58.125,57.875,54.500,56.125,62.250,693278.888,11349760,110757108
1791013395.355,MD_BayesMVP_chunks1,63.500,57.250,54.500,55.375,58.125,61.375,59.250,55.875,58.125,57.625,54.500,56.625,62.250,693599.514,11349760,110757108
1791013396.359,MD_BayesMVP_chunks1,63.500,57.125,54.625,56.000,59.000,59.500,61.000,56.125,58.875,59.250,54.625,55.000,61.750,693920.978,11349762,110757108
1791013397.362,MD_BayesMVP_chunks1,63.625,57.250,54.750,57.000,58.500,60.000,60.625,55.875,58.500,58.000,54.250,54.125,62.750,694242.552,11349762,110757108
1791013398.366,MD_BayesMVP_chunks1,63.625,57.625,55.000,56.375,58.125,59.500,60.625,56.375,58.875,57.875,55.000,54.250,61.750,694564.346,11349762,110757108
1791013399.370,MD_BayesMVP_chunks1,63.750,57.625,55.000,55.875,58.500,59.500,61.500,55.875,58.375,58.375,54.500,54.625,62.750,694885.898,11349762,110757108
1791013400.375,MD_BayesMVP_chunks1,63.875,57.625,55.375,56.375,59.000,60.000,61.000,56.375,59.375,58.375,55.000,55.375,62.750,695206.838,11349762,110757108
1791013401.378,MD_BayesMVP_chunks1,64.000,57.625,56.000,58.250,59.000,60.000,61.500,56.375,58.875,58.375,55.000,54.625,63.125,695528.044,11349762,110757108
1791013402.381,MD_BayesMVP_chunks1,64.000,57.625,55.500,55.375,59.500,59.500,61.500,56.375,58.875,58.375,55.000,54.625,62.250,695848.846,11349765,110757108
1791013403.385,MD_BayesMVP_chunks1,64.125,58.125,55.375,56.375,59.000,60.375,61.000,55.875,59.000,58.375,54.875,54.750,63.125,696170.374,11349765,110757108
1791013404.393,MD_BayesMVP_chunks1,64.250,58.125,55.500,56.375,60.375,59.500,61.500,56.750,58.875,59.875,55.125,54.625,62.750,696492.620,11349765,110757108
1791013405.400,MD_BayesMVP_chunks1,64.250,58.625,55.500,56.375,59.500,59.500,61.500,56.375,59.250,58.500,55.125,55.000,63.125,696815.142,11349765,110757108
1791013406.404,MD_BayesMVP_chunks1,64.375,58.125,56.375,56.875,59.000,60.375,60.625,56.375,59.375,59.000,55.375,54.875,63.625,697136.790,11349765,110757108
1791013407.407,MD_BayesMVP_chunks1,64.500,59.500,55.875,56.875,59.500,60.375,61.500,56.375,59.375,59.125,55.375,54.875,63.625,697458.604,11349765,110757108
1791013408.410,MD_BayesMVP_chunks1,64.500,58.125,55.875,56.375,60.000,60.375,62.375,56.375,59.375,59.125,55.125,54.875,63.125,697779.538,11349765,110757108
1791013409.418,MD_BayesMVP_chunks1,64.625,58.625,55.875,57.250,59.500,60.000,61.500,57.750,59.375,59.125,56.625,55.250,64.125,698102.581,11349765,110757108
1791013410.425,MD_BayesMVP_chunks1,64.625,58.625,55.875,56.875,59.500,59.500,61.875,58.125,59.375,59.250,55.375,55.375,63.125,698425.592,11349765,110757108
1791013411.428,MD_BayesMVP_chunks1,64.625,58.625,56.375,56.875,59.500,59.000,61.875,58.125,60.250,59.125,56.625,55.000,63.625,698747.654,11349765,110757108
1791013412.436,MD_BayesMVP_chunks1,64.750,58.625,56.375,57.000,60.000,60.375,61.500,56.750,59.375,59.125,56.750,54.750,63.625,699070.828,11349765,110757108
1791013413.439,MD_BayesMVP_chunks1,64.750,58.625,56.750,57.250,60.000,60.375,61.000,56.750,59.875,58.750,55.875,55.375,64.125,699393.136,11349765,110757108
1791013414.443,MD_BayesMVP_chunks1,64.875,58.625,56.375,56.875,60.375,60.375,61.875,56.750,61.000,59.250,55.250,55.500,63.625,699715.489,11349765,110757108
1791013415.451,MD_BayesMVP_chunks1,64.875,58.625,56.375,56.875,61.250,60.875,61.875,56.750,59.875,59.875,55.500,55.625,64.500,700038.890,11349765,110757108
1791013416.453,MD_BayesMVP_chunks1,65.750,59.500,56.375,57.250,59.500,61.750,62.375,57.250,60.250,59.250,55.875,55.250,67.750,700360.935,11349765,110757108
1791013417.457,MD_BayesMVP_chunks1,65.750,59.125,56.750,57.750,60.875,60.375,63.750,56.375,61.500,59.250,55.875,55.250,64.500,700680.613,11349765,110757108
1791013418.460,MD_BayesMVP_chunks1,66.500,55.750,54.125,52.375,54.625,57.500,61.500,53.125,60.625,56.250,52.500,52.375,65.875,700933.145,11349765,110757108
1791013419.460,MD_BayesMVP_chunks1,66.375,54.250,52.500,52.000,58.125,53.750,60.625,52.250,54.375,54.500,52.500,51.000,65.375,701060.796,11349765,110757108
1791013420.462,MD_BayesMVP_chunks1,66.250,53.875,51.750,52.000,53.750,53.375,60.125,54.125,54.000,55.000,51.500,50.500,65.000,701190.212,11349765,110757108
1791013421.462,MD_BayesMVP_chunks1,66.125,59.500,55.375,55.375,59.000,59.000,59.625,55.500,58.250,57.875,54.875,53.625,62.750,701386.878,11349765,110757108
1791013422.466,MD_BayesMVP_chunks1,65.875,59.375,56.000,56.375,59.500,60.000,61.500,57.750,59.375,59.250,56.750,54.750,63.625,701705.833,11349765,110757108
1791013423.469,MD_BayesMVP_chunks1,65.750,59.000,55.875,57.250,60.000,60.000,62.375,57.375,59.375,59.250,55.500,55.250,63.625,702027.030,11349765,110757108
1791013424.478,MD_BayesMVP_chunks1,65.625,58.625,56.375,57.250,59.500,60.375,61.875,56.750,59.625,59.500,55.375,55.000,63.625,702349.702,11349765,110757108
1791013425.482,MD_BayesMVP_chunks1,65.625,58.500,57.750,57.250,59.500,62.250,62.375,56.750,60.750,59.500,55.375,56.125,64.125,702672.098,11349765,110757108
1791013426.486,MD_BayesMVP_chunks1,65.500,59.125,56.500,57.250,60.000,62.250,61.500,57.250,60.375,59.500,55.375,55.250,63.625,702993.381,11349765,110757108
1791013427.490,MD_BayesMVP_chunks1,65.500,58.625,58.625,57.750,60.375,60.375,61.875,57.250,59.750,59.625,55.875,56.125,64.500,703314.716,11349765,110757108
1791013428.492,MD_BayesMVP_chunks1,65.375,58.625,57.375,56.875,60.000,61.375,62.375,57.250,59.750,59.875,55.875,57.500,63.625,703636.913,11349765,110757108
1791013429.496,MD_BayesMVP_chunks1,65.375,59.125,57.750,57.250,60.000,61.375,62.375,57.250,59.875,59.625,55.875,55.500,64.125,703958.497,11349765,110757108
1791013430.500,MD_BayesMVP_chunks1,65.375,59.625,56.375,56.875,60.375,60.875,60.125,57.250,60.250,60.125,56.500,55.500,65.000,704280.294,11349765,110757108
1791013431.504,MD_BayesMVP_chunks1,65.375,59.500,56.875,57.250,60.375,61.750,61.875,57.250,60.250,60.000,57.125,55.875,64.500,704602.398,11349765,110757108
1791013432.511,MD_BayesMVP_chunks1,65.375,59.125,56.750,57.250,60.375,60.250,62.375,57.250,60.375,60.000,56.250,55.500,65.000,704925.278,11349765,110757108
1791013433.552,MD_BayesMVP_chunks1,65.375,59.125,58.250,58.250,60.375,61.375,62.875,57.750,61.500,60.125,56.000,55.625,64.500,705259.862,11349765,110757108
1791013434.556,MD_BayesMVP_chunks1,65.375,59.500,56.875,57.875,60.375,61.750,62.375,57.250,60.625,61.250,56.250,55.625,65.000,705582.498,11349765,110757108
1791013435.558,MD_BayesMVP_chunks1,65.500,59.125,56.750,57.250,60.875,61.375,62.375,57.750,60.375,61.000,56.250,56.125,64.500,705905.080,11349765,110757108
1791013436.562,MD_BayesMVP_chunks1,65.500,59.500,56.875,57.250,60.375,60.875,62.375,57.750,60.625,61.875,58.125,59.375,65.000,706227.844,11349765,110757108
1791013437.564,MD_BayesMVP_chunks1,65.625,59.500,57.625,57.750,60.875,61.375,62.875,57.750,60.500,61.875,56.250,56.125,65.375,706549.498,11349765,110757108
1791013438.567,MD_BayesMVP_chunks1,65.625,59.500,57.875,57.750,60.875,61.750,63.250,57.750,60.625,60.625,57.750,56.250,64.500,706871.341,11349765,110757108
1791013439.570,MD_BayesMVP_chunks1,65.750,59.500,58.250,58.250,60.875,61.750,62.875,57.750,61.125,60.625,57.750,56.375,65.000,707193.704,11349765,110757108
1791013440.576,MD_BayesMVP_chunks1,65.750,59.500,58.250,57.750,60.875,62.250,63.750,58.125,61.000,60.625,56.750,56.250,65.375,707517.271,11349765,110757108
1791013441.588,MD_BayesMVP_chunks1,65.750,60.000,57.250,59.250,60.875,61.750,62.875,58.625,60.625,60.625,56.500,56.125,65.000,707841.967,11349765,110757108
1791013442.594,MD_BayesMVP_chunks1,65.875,59.875,57.375,57.250,60.875,61.750,62.375,59.125,60.625,60.625,56.750,56.375,65.375,708164.479,11349765,110757108
1791013443.600,MD_BayesMVP_chunks1,65.875,59.500,57.250,57.750,61.750,61.750,63.750,57.750,61.125,60.500,56.375,56.125,65.000,708487.252,11349765,110757108
1791013444.603,MD_BayesMVP_chunks1,65.875,59.625,57.750,58.250,61.375,62.250,62.875,57.750,61.125,60.625,56.375,56.000,65.375,708809.497,11349765,110757108
1791013445.608,MD_BayesMVP_chunks1,66.000,59.875,57.750,58.250,60.875,61.750,61.750,58.125,61.250,60.875,56.750,56.250,64.500,709132.376,11349765,110757108
1791013446.612,MD_BayesMVP_chunks1,66.000,60.000,57.375,58.250,60.875,62.250,63.125,57.750,60.750,60.875,57.750,59.375,65.000,709454.476,11349765,110757108
1791013447.616,MD_BayesMVP_chunks1,66.000,59.875,57.375,58.250,61.250,62.625,63.625,57.750,61.000,60.875,57.750,56.875,65.375,709776.263,11349765,110757108
1791013448.617,MD_BayesMVP_chunks1,66.125,59.625,57.750,58.750,61.250,62.250,62.250,57.875,61.125,60.875,56.625,58.250,65.375,710098.935,11349765,110757108
1791013449.620,MD_BayesMVP_chunks1,66.125,60.500,57.750,58.750,61.250,62.750,63.250,58.125,61.250,60.875,58.500,56.625,65.375,710421.226,11349765,110757108
1791013450.623,MD_BayesMVP_chunks1,66.250,60.500,59.500,58.750,61.375,62.250,63.250,58.125,61.250,60.875,56.875,56.250,65.375,710743.544,11349765,110757108
1791013451.627,MD_BayesMVP_chunks1,66.250,60.375,57.250,57.750,61.375,62.250,63.750,58.125,61.125,61.375,56.750,56.625,64.500,711065.575,11349765,110757108
1791013452.633,MD_BayesMVP_chunks1,66.250,60.500,57.750,58.750,61.250,62.250,63.750,58.125,61.625,60.875,58.125,56.875,65.375,711388.969,11349765,110757108
1791013453.636,MD_BayesMVP_chunks1,66.375,60.000,57.750,58.750,61.375,62.250,62.250,58.625,61.625,61.000,56.750,57.125,65.375,711711.433,11349765,110757108
1791013454.640,MD_BayesMVP_chunks1,66.375,60.500,57.750,58.250,61.375,62.750,63.125,58.125,61.625,61.250,57.250,56.625,65.875,712034.878,11349765,110757108
1791013455.644,MD_BayesMVP_chunks1,66.375,60.000,57.750,58.750,61.750,62.750,63.625,58.625,61.625,60.875,56.750,56.875,65.375,712357.568,11349765,110757108
1791013456.651,MD_BayesMVP_chunks1,66.500,60.500,57.375,58.250,62.250,62.750,63.625,58.625,61.500,61.375,56.750,56.750,65.875,712681.964,11349766,110757108
1791013457.654,MD_BayesMVP_chunks1,66.500,60.500,58.125,58.750,61.250,63.250,61.875,58.125,62.125,61.000,57.625,56.375,65.875,713004.833,11349767,110757108
1791013458.662,MD_BayesMVP_chunks1,66.500,60.500,58.125,58.750,61.375,63.250,63.625,58.625,62.000,61.375,56.875,56.625,65.875,713328.983,11349767,110757108
1791013459.666,MD_BayesMVP_chunks1,66.625,60.500,58.125,58.750,61.750,62.750,64.125,60.000,61.625,61.500,57.250,56.875,65.875,713652.916,11349767,110757108
1791013460.670,MD_BayesMVP_chunks1,66.625,60.500,57.750,58.750,61.250,62.750,64.125,59.500,61.625,61.750,57.125,56.875,65.875,713976.005,11349768,110757108
1791013461.672,MD_BayesMVP_chunks1,67.500,60.500,58.125,58.750,61.375,63.250,63.625,60.125,62.000,61.500,56.750,56.625,65.375,714299.395,11349768,110757108
1791013462.675,MD_BayesMVP_chunks1,67.375,60.500,57.500,58.750,61.750,62.750,63.625,59.125,61.625,61.375,57.125,56.625,66.375,714622.899,11349768,110757108
1791013463.683,MD_BayesMVP_chunks1,67.250,60.875,58.625,58.750,61.375,63.250,64.125,59.125,62.000,61.875,56.875,57.125,66.375,714946.818,11349770,110757108
1791013464.686,MD_BayesMVP_chunks1,67.250,60.875,58.250,58.750,61.750,64.375,63.625,58.625,63.375,62.750,57.250,58.000,66.375,715269.941,11349771,110757108
1791013465.690,MD_BayesMVP_chunks1,67.250,60.875,59.125,59.125,61.750,62.750,62.750,59.125,62.000,61.500,57.250,58.500,65.875,715593.317,11349771,110757108
1791013466.693,MD_BayesMVP_chunks1,67.125,60.500,58.625,58.750,61.375,63.250,62.750,60.375,62.000,61.500,57.250,57.250,65.875,715916.251,11349771,110757108
1791013467.697,MD_BayesMVP_chunks1,67.125,60.875,58.875,58.750,61.750,63.250,63.250,59.125,62.000,61.750,58.250,56.875,66.375,716240.063,11349771,110757108
1791013468.701,MD_BayesMVP_chunks1,67.125,60.875,57.875,58.875,62.125,63.250,63.750,59.125,62.125,62.250,57.250,57.125,65.875,716563.472,11349771,110757108
1791013469.706,MD_BayesMVP_chunks1,67.750,60.875,57.875,58.750,62.750,63.625,64.125,58.250,62.000,61.875,59.500,57.125,66.375,716887.369,11349771,110757108
1791013470.709,MD_BayesMVP_chunks1,68.500,61.375,58.375,59.625,62.250,63.250,63.625,58.625,62.500,62.750,58.500,56.875,66.375,717211.790,11349771,110757108
1791013471.713,MD_BayesMVP_chunks1,68.750,60.875,58.125,60.250,61.750,63.250,63.625,59.125,62.000,61.750,58.500,57.250,65.875,717535.664,11349772,110757108
1791013472.717,MD_BayesMVP_chunks1,68.875,60.875,58.125,60.125,62.250,62.625,64.625,60.000,62.875,61.875,57.625,57.125,66.750,717858.566,11349772,110757108
1791013473.719,MD_BayesMVP_chunks1,69.375,61.375,58.250,59.125,61.750,58.000,63.250,55.875,63.750,61.375,57.500,56.750,70.375,718174.128,11349773,110757108
1791013474.724,MD_BayesMVP_chunks1,69.500,57.125,54.125,53.375,62.250,56.625,63.250,53.625,57.125,57.250,54.500,52.875,67.750,718367.204,11349773,110757108
1791013475.725,MD_BayesMVP_chunks1,69.250,56.125,53.625,53.375,56.000,56.125,61.750,53.750,60.625,56.750,52.875,52.375,67.750,718492.050,11349774,110757108
1791013476.726,MD_BayesMVP_chunks1,69.125,55.750,52.625,53.375,55.000,55.125,60.875,54.125,59.375,56.250,52.500,52.375,67.250,718613.587,11349775,110757108
1791013477.728,MD_BayesMVP_chunks1,68.750,60.875,57.250,58.875,62.750,61.750,62.250,57.750,60.625,60.500,56.875,55.875,65.000,718882.638,11349775,110757108
1791013478.731,MD_BayesMVP_chunks1,68.500,60.125,57.375,59.125,60.750,62.125,62.750,58.625,61.500,61.000,56.250,56.000,65.375,719204.087,11349775,110757108
1791013479.734,MD_BayesMVP_chunks1,68.500,61.250,57.750,58.250,61.375,62.250,62.750,58.625,61.625,61.000,57.625,56.125,65.375,719527.202,11349775,110757108
1791013480.737,MD_BayesMVP_chunks1,68.500,61.750,57.750,58.750,61.750,62.250,62.750,58.625,61.625,61.500,57.250,56.375,67.750,719851.126,11349775,110757108
1791013481.741,MD_BayesMVP_chunks1,68.375,61.750,57.750,58.750,61.750,65.000,57.875,58.625,61.625,61.000,57.250,56.875,66.375,720175.297,11349775,110757108
1791013482.749,MD_BayesMVP_chunks1,68.250,60.625,58.125,59.250,61.750,65.000,63.625,58.625,62.375,61.750,56.875,56.750,65.875,720499.556,11349776,110757108
1791013483.756,MD_BayesMVP_chunks1,68.125,60.625,57.750,59.250,61.750,64.625,64.125,60.375,62.375,61.500,57.125,56.625,65.375,720824.018,11349776,110757108
1791013484.762,MD_BayesMVP_chunks1,68.000,60.875,58.625,58.750,61.750,62.750,64.500,58.625,62.000,61.750,57.250,56.625,65.875,721148.515,11349776,110757108
1791013485.773,MD_BayesMVP_chunks1,67.875,60.875,58.125,59.125,61.750,64.625,63.625,59.500,62.000,61.875,57.250,57.250,65.875,721472.646,11349776,110757108
1791013486.780,MD_BayesMVP_chunks1,67.875,60.875,58.250,58.750,62.250,62.250,63.625,58.625,62.000,61.875,57.250,56.750,65.875,721796.863,11349777,110757108
1791013487.784,MD_BayesMVP_chunks1,67.750,60.875,58.125,58.750,62.250,62.750,62.250,59.125,62.500,61.750,57.250,58.250,65.875,722119.911,11349777,110757108
1791013488.786,MD_BayesMVP_chunks1,67.625,61.000,58.250,59.750,62.125,63.250,63.125,59.125,63.750,61.750,57.125,57.125,65.000,722442.629,11349777,110757108
1791013489.789,MD_BayesMVP_chunks1,67.500,60.875,58.625,58.750,61.750,63.250,64.125,58.625,63.750,62.250,58.500,57.250,66.375,722765.331,11349778,110757108
1791013490.793,MD_BayesMVP_chunks1,67.500,60.875,58.250,61.500,62.250,62.750,63.625,58.625,62.375,61.750,57.750,58.125,66.375,723088.142,11349778,110757108
1791013491.795,MD_BayesMVP_chunks1,67.375,60.625,58.625,59.125,61.750,63.250,63.625,59.125,62.125,61.875,57.250,59.000,65.875,723410.232,11349778,110757108
1791013492.799,MD_BayesMVP_chunks1,67.375,61.750,58.625,59.625,62.250,63.250,63.625,59.125,63.375,61.750,57.875,57.125,65.875,723733.403,11349778,110757108
1791013493.806,MD_BayesMVP_chunks1,67.375,60.875,58.250,59.125,62.250,63.250,64.125,59.125,63.375,61.750,57.625,57.500,66.750,724057.313,11349779,110757108
1791013494.808,MD_BayesMVP_chunks1,67.375,61.375,58.250,59.125,62.625,63.250,65.125,59.125,62.000,61.750,57.625,57.375,66.750,724379.753,11349779,110757108
1791013495.820,MD_BayesMVP_chunks1,67.250,60.875,58.250,59.625,62.750,62.750,65.125,59.125,62.125,62.250,57.625,57.250,66.375,724705.558,11349779,110757108
1791013496.831,MD_BayesMVP_chunks1,67.250,61.375,60.000,59.125,61.750,63.250,64.625,59.500,62.000,62.750,57.750,57.625,66.750,725031.195,11349780,110757108
1791013497.836,MD_BayesMVP_chunks1,67.250,61.375,59.125,59.625,62.625,63.625,64.625,58.625,62.500,61.750,57.625,57.500,66.375,725356.450,11349780,110757108
1791013498.851,MD_BayesMVP_chunks1,67.375,61.000,60.500,60.125,62.250,63.250,64.125,59.125,62.500,61.875,57.625,58.000,66.375,725690.068,11349780,110757108
1791013499.881,MD_BayesMVP_chunks1,67.375,61.375,59.250,59.625,62.250,63.625,64.500,59.125,62.000,62.750,57.625,58.500,66.375,726014.039,11349780,110757108
1791013500.889,MD_BayesMVP_chunks1,67.375,61.375,58.625,59.625,62.625,63.625,64.500,58.750,62.750,61.875,57.250,57.375,66.750,726338.165,11349781,110757108
1791013501.891,MD_BayesMVP_chunks1,67.375,62.250,58.375,59.625,62.625,63.625,64.125,59.125,62.500,62.375,57.750,58.000,67.250,726660.954,11349782,110757108
1791013502.895,MD_BayesMVP_chunks1,67.375,61.750,60.000,59.125,62.625,62.750,63.250,59.125,62.500,62.250,57.625,57.625,66.375,726983.852,11349784,110757108
1791013503.902,MD_BayesMVP_chunks1,67.375,61.375,59.875,59.625,62.250,63.250,62.250,59.125,62.500,62.375,58.125,57.625,66.750,727308.203,11349784,110757108
1791013504.906,MD_BayesMVP_chunks1,67.375,61.375,58.625,59.625,62.625,63.250,63.250,59.500,62.875,62.250,57.750,57.375,66.375,727632.035,11349785,110757108
1791013505.916,MD_BayesMVP_chunks1,67.375,61.250,59.125,59.625,63.125,63.625,64.125,59.500,62.875,62.375,57.750,57.500,66.750,727957.277,11349785,110757108
1791013506.920,MD_BayesMVP_chunks1,67.500,61.875,58.750,59.125,64.125,64.125,64.125,59.125,62.875,61.875,57.750,57.500,65.875,728281.861,11349785,110757108
1791013507.924,MD_BayesMVP_chunks1,67.500,61.875,59.125,59.625,62.750,63.250,63.625,59.625,62.875,63.250,57.750,59.875,66.750,728605.831,11349785,110757108
1791013508.931,MD_BayesMVP_chunks1,67.500,62.375,59.125,59.625,62.625,63.625,65.500,59.500,62.875,63.250,57.750,57.500,66.750,728930.537,11349785,110757108
1791013509.934,MD_BayesMVP_chunks1,67.625,61.375,59.125,60.125,62.250,63.625,65.500,60.000,63.250,62.750,58.000,58.000,66.750,729254.436,11349785,110757108
1791013510.938,MD_BayesMVP_chunks1,67.625,62.625,59.125,61.500,62.625,64.125,62.750,60.000,63.000,62.375,57.750,57.500,65.875,729578.588,11349785,110757108
1791013511.943,MD_BayesMVP_chunks1,67.625,61.875,59.125,59.625,62.750,64.125,65.000,60.000,63.875,64.125,58.125,59.125,66.375,729903.151,11349785,110757108
1791013512.947,MD_BayesMVP_chunks1,67.625,62.375,59.125,60.125,62.750,63.625,64.125,59.500,63.000,62.375,58.125,57.625,66.750,730227.439,11349785,110757108
1791013513.949,MD_BayesMVP_chunks1,67.625,61.875,59.125,59.625,62.625,63.250,65.000,59.500,64.250,62.375,58.000,58.500,67.250,730551.002,11349785,110757108
1791013514.957,MD_BayesMVP_chunks1,67.625,61.875,59.500,59.750,63.250,63.625,65.000,59.500,64.375,62.250,58.125,58.500,66.375,730875.989,11349785,110757108
1791013515.960,MD_BayesMVP_chunks1,67.625,61.875,59.500,60.625,62.250,63.625,65.375,59.500,63.250,62.875,57.750,57.375,67.250,731200.095,11349785,110757108
1791013516.970,MD_BayesMVP_chunks1,67.750,61.500,58.750,60.125,63.625,63.625,65.000,59.125,63.375,62.750,58.125,58.125,67.250,731525.724,11349785,110757108
1791013517.974,MD_BayesMVP_chunks1,67.750,62.750,59.125,60.250,62.625,63.625,65.000,59.500,63.000,62.375,58.125,57.625,67.750,731849.725,11349785,110757108
1791013518.982,MD_BayesMVP_chunks1,68.125,61.750,58.875,59.625,63.250,63.625,65.375,59.500,62.875,62.875,58.125,57.500,70.875,732174.876,11349785,110757108
1791013519.986,MD_BayesMVP_chunks1,69.000,61.875,59.125,60.125,63.250,64.125,65.000,59.500,64.250,62.750,58.125,58.250,69.500,732499.739,11349785,110757108
1791013520.989,MD_BayesMVP_chunks1,69.375,61.875,59.125,59.625,64.875,64.625,65.375,59.500,63.000,62.750,58.125,59.125,67.750,732824.260,11349785,110757108
1791013521.992,MD_BayesMVP_chunks1,69.500,61.375,59.125,59.625,63.625,64.625,65.000,59.500,63.250,62.750,58.625,61.000,66.750,733148.350,11349785,110757108
1791013522.995,MD_BayesMVP_chunks1,69.375,62.375,59.125,60.125,63.250,63.625,65.875,60.875,63.375,62.750,58.500,60.000,67.250,733472.194,11349785,110757108
1791013523.998,MD_BayesMVP_chunks1,69.125,62.375,59.500,59.625,62.750,63.625,64.500,60.000,63.750,62.750,58.125,59.500,66.375,733796.075,11349785,110757108
1791013525.001,MD_BayesMVP_chunks1,69.000,62.750,59.125,60.125,62.625,64.125,65.375,60.000,62.875,63.250,59.500,57.625,67.250,734119.794,11349785,110757108
1791013526.004,MD_BayesMVP_chunks1,68.875,62.375,59.125,59.625,64.875,64.625,65.875,60.000,63.750,62.875,58.125,59.000,67.750,734443.070,11349786,110757108
1791013527.008,MD_BayesMVP_chunks1,68.875,62.750,61.125,59.625,63.625,64.625,65.000,60.000,63.375,62.750,59.875,58.250,66.750,734767.093,11349786,110757108
1791013528.010,MD_BayesMVP_chunks1,68.750,61.875,60.125,60.125,63.250,64.625,65.375,60.000,63.375,63.125,58.500,59.375,68.625,735090.893,11349786,110757108
1791013529.014,MD_BayesMVP_chunks1,69.875,61.875,59.125,59.625,63.250,64.375,66.750,60.000,63.875,62.750,58.125,58.000,70.875,735414.328,11349786,110757108
1791013530.017,MD_BayesMVP_chunks1,70.250,62.750,59.500,60.625,63.500,58.875,65.000,56.375,63.875,61.500,55.250,54.750,70.000,735700.095,11349788,110757108
1791013531.019,MD_BayesMVP_chunks1,69.750,57.500,54.500,55.250,56.375,57.000,63.125,55.000,62.500,58.500,65.125,53.375,57.250,735840.081,11349788,110757108
1791013532.020,MD_BayesMVP_chunks1,69.250,56.625,54.125,54.750,61.750,56.625,62.750,54.625,57.125,57.625,64.750,52.875,56.750,735966.166,11349788,110757108
1791013533.022,MD_BayesMVP_chunks1,68.750,59.500,57.750,57.250,60.875,61.375,61.875,56.750,60.125,64.625,55.875,55.500,59.500,736121.861,11349791,110757108
1791013534.027,MD_BayesMVP_chunks1,68.500,61.375,58.625,59.125,61.750,63.250,64.125,58.625,62.000,66.000,57.250,57.375,61.375,736442.879,11349812,110757108
1791013535.034,MD_BayesMVP_chunks1,68.375,61.375,59.625,60.625,62.250,64.125,64.500,59.125,62.875,66.500,57.375,57.250,61.750,736766.082,11349812,110757108
1791013536.040,MD_BayesMVP_chunks1,68.250,61.875,59.250,59.625,62.250,64.125,65.000,59.125,62.375,66.500,57.625,57.500,61.625,737089.655,11349812,110757108
1791013537.046,MD_BayesMVP_chunks1,68.250,61.875,60.125,60.125,63.250,64.125,64.500,59.125,62.875,67.000,57.625,57.750,62.250,737413.260,11349814,110757108
1791013538.050,MD_BayesMVP_chunks1,68.125,61.375,59.125,60.125,62.250,64.625,64.500,59.500,62.500,66.500,59.500,57.500,61.750,737736.793,11349815,110757108
1791013539.053,MD_BayesMVP_chunks1,68.125,61.875,58.625,60.125,62.750,64.125,64.500,59.500,62.875,67.000,58.250,57.375,61.750,738060.039,11349815,110757108
1791013540.061,MD_BayesMVP_chunks1,68.000,61.375,58.625,59.125,62.750,63.625,64.500,59.500,62.875,67.375,58.125,57.375,62.250,738385.167,11349815,110757108
1791013541.071,MD_BayesMVP_chunks1,68.000,61.375,59.125,60.125,63.125,65.000,65.000,59.500,62.875,66.000,58.125,57.750,62.250,738709.965,11349818,110757108
1791013542.078,MD_BayesMVP_chunks1,68.000,61.875,59.125,59.125,63.125,64.125,65.000,59.500,63.000,67.375,59.125,57.500,62.250,739034.410,11349818,110757108
1791013543.081,MD_BayesMVP_chunks1,68.000,62.750,58.750,59.125,62.750,64.125,64.500,59.125,63.875,67.000,59.375,57.625,63.125,739357.680,11349818,110757108
1791013544.088,MD_BayesMVP_chunks1,68.000,61.875,59.125,60.125,62.625,64.625,65.000,59.500,64.375,67.000,58.125,57.375,62.000,739682.360,11349824,110757108
1791013545.091,MD_BayesMVP_chunks1,68.000,61.750,59.125,60.125,62.750,64.625,60.875,60.000,64.250,67.375,58.125,57.500,62.250,740005.436,11349824,110757108
1791013546.095,MD_BayesMVP_chunks1,67.875,61.875,59.125,59.625,63.125,64.125,65.375,59.500,64.250,67.000,59.000,57.500,62.250,740328.490,11349824,110757108
1791013547.097,MD_BayesMVP_chunks1,67.875,61.875,59.500,60.125,63.250,64.625,65.000,59.500,62.875,67.875,58.250,57.500,62.125,740651.508,11349824,110757108
1791013548.100,MD_BayesMVP_chunks1,68.000,61.875,59.125,60.125,63.250,64.625,64.500,59.500,63.375,67.375,58.125,57.750,62.250,740974.953,11349826,110757108
1791013549.110,MD_BayesMVP_chunks1,68.000,61.875,58.875,60.125,63.250,64.625,65.375,59.125,62.875,67.375,58.125,58.625,63.125,741300.135,11349826,110757108
1791013550.116,MD_BayesMVP_chunks1,68.000,62.875,59.250,60.125,63.625,64.125,64.500,59.500,63.250,67.000,58.625,58.000,65.625,741623.766,11349826,110757108
1791013551.118,MD_BayesMVP_chunks1,68.000,61.875,59.125,60.125,63.125,64.625,64.500,60.000,63.375,67.375,58.125,57.500,63.500,741946.358,11349826,110757108
1791013552.122,MD_BayesMVP_chunks1,68.000,61.875,58.750,60.125,63.250,64.125,64.625,59.500,63.250,67.375,58.500,58.250,62.250,742269.202,11349829,110757108
1791013553.125,MD_BayesMVP_chunks1,68.125,61.875,59.125,59.625,63.500,64.625,63.625,60.000,64.750,67.000,58.125,58.500,64.125,742592.631,11349829,110757108
1791013554.128,MD_BayesMVP_chunks1,68.125,62.375,59.125,59.625,63.625,64.625,64.625,60.000,63.750,67.000,59.875,57.750,63.625,742916.356,11349832,110757108
1791013555.132,MD_BayesMVP_chunks1,68.125,62.375,58.875,59.625,63.250,65.000,64.625,59.500,63.250,67.375,59.000,58.125,62.500,743240.075,11349834,110757108
1791013556.135,MD_BayesMVP_chunks1,68.125,62.375,59.125,60.125,63.625,64.625,65.000,60.000,63.250,67.875,59.500,58.125,62.500,743563.565,11349834,110757108
1791013557.137,MD_BayesMVP_chunks1,68.125,62.375,59.125,60.125,63.125,64.625,64.500,59.500,63.375,68.375,59.125,58.125,62.750,743886.705,11349834,110757108
1791013558.140,MD_BayesMVP_chunks1,68.250,62.375,59.250,60.125,63.500,64.625,65.000,60.000,63.375,67.875,60.000,58.250,62.875,744209.714,11349834,110757108
1791013559.143,MD_BayesMVP_chunks1,68.250,62.375,59.125,60.125,63.250,65.000,65.375,59.625,63.375,67.875,60.375,59.000,62.750,744533.542,11349836,110757108
1791013560.148,MD_BayesMVP_chunks1,68.250,62.375,59.125,60.125,63.500,64.625,64.625,60.000,63.375,67.875,59.875,58.000,63.375,744856.938,11349836,110757108
1791013561.151,MD_BayesMVP_chunks1,68.250,61.875,59.500,60.625,63.625,65.000,64.625,60.375,63.000,67.375,60.000,58.125,62.750,745180.080,11349836,110757108
1791013562.153,MD_BayesMVP_chunks1,68.375,62.375,59.500,60.500,63.625,64.125,60.625,60.000,63.750,67.000,58.625,58.625,62.500,745503.283,11349836,110757108
1791013563.161,MD_BayesMVP_chunks1,68.375,61.875,59.250,60.625,63.625,64.625,64.125,60.375,64.250,67.875,58.250,58.125,62.500,745827.726,11349836,110757108
1791013564.164,MD_BayesMVP_chunks1,68.375,62.375,59.500,60.125,63.250,64.625,64.125,60.000,63.750,67.375,58.625,58.250,62.875,746151.636,11349838,110757108
1791013565.170,MD_BayesMVP_chunks1,68.375,62.375,59.500,60.125,63.250,64.625,65.000,60.375,63.375,68.375,59.000,58.500,62.750,746476.140,11349838,110757108
1791013566.173,MD_BayesMVP_chunks1,68.375,62.375,59.500,60.125,63.625,65.000,65.000,60.000,63.750,67.375,59.875,58.625,62.750,746799.953,11349839,110757108
1791013567.180,MD_BayesMVP_chunks1,68.375,62.375,59.500,60.625,64.125,65.000,64.625,60.375,63.750,67.375,58.875,58.250,62.750,747125.850,11349839,110757108
1791013568.183,MD_BayesMVP_chunks1,68.500,63.375,60.625,60.625,63.500,64.625,64.625,60.125,63.750,67.375,59.000,58.000,64.375,747449.637,11349839,110757108
1791013569.186,MD_BayesMVP_chunks1,68.500,63.250,60.625,59.625,63.250,65.000,66.000,61.750,63.750,67.875,58.500,58.125,63.500,747774.771,11349839,110757108
1791013570.190,MD_BayesMVP_chunks1,68.500,62.375,59.500,60.625,63.625,65.000,65.000,60.000,65.125,67.875,60.375,58.750,64.750,748100.224,11349839,110757108
1791013571.193,MD_BayesMVP_chunks1,68.500,62.750,60.000,60.625,63.625,65.500,62.250,60.375,63.750,67.375,59.500,58.500,65.000,748424.401,11349839,110757108
1791013572.195,MD_BayesMVP_chunks1,69.125,63.750,60.125,60.625,64.000,65.000,65.875,60.000,63.250,67.875,59.875,58.500,62.875,748748.015,11349840,110757108
1791013573.198,MD_BayesMVP_chunks1,69.625,62.375,61.375,60.125,63.625,64.625,65.125,60.125,63.750,67.875,59.500,59.375,62.750,749072.525,11349841,110757108
1791013574.203,MD_BayesMVP_chunks1,69.500,62.375,59.625,61.125,63.625,65.000,65.125,60.000,63.875,67.375,58.500,58.250,62.875,749397.114,11349841,110757108
1791013575.210,MD_BayesMVP_chunks1,69.500,62.750,59.625,62.500,64.125,64.625,65.625,60.375,63.750,67.375,58.500,58.500,63.000,749722.405,11349841,110757108
1791013576.213,MD_BayesMVP_chunks1,69.375,62.375,59.500,60.125,64.125,65.000,64.250,60.375,63.375,67.875,59.000,58.250,63.000,750046.355,11349841,110757108
1791013577.220,MD_BayesMVP_chunks1,69.250,62.375,60.000,60.125,64.125,65.000,60.500,60.375,63.750,67.875,58.500,58.625,63.875,750371.805,11349842,110757108
1791013578.227,MD_BayesMVP_chunks1,69.125,62.375,59.500,60.625,64.125,65.000,65.625,60.000,63.750,67.875,59.500,58.750,63.000,750697.295,11349842,110757108
1791013579.231,MD_BayesMVP_chunks1,69.125,62.375,60.125,60.125,64.125,65.000,65.125,60.875,65.125,68.875,59.125,58.625,62.750,751021.864,11349842,110757108
1791013580.238,MD_BayesMVP_chunks1,69.000,62.750,59.750,60.125,63.625,65.000,65.125,60.000,63.750,68.375,59.000,60.000,64.250,751346.605,11349842,110757108
1791013581.241,MD_BayesMVP_chunks1,69.000,62.375,59.500,60.625,64.000,65.000,65.125,60.375,63.750,67.875,58.625,59.125,64.125,751669.987,11349842,110757108
1791013582.270,MD_BayesMVP_chunks1,69.000,62.750,60.000,60.625,64.375,66.000,65.625,60.375,63.750,68.375,58.625,59.125,63.125,752000.647,11349842,110757108
1791013583.274,MD_BayesMVP_chunks1,68.875,62.375,60.000,60.125,64.000,65.500,65.625,60.375,63.875,67.375,59.000,58.500,63.125,752325.197,11349842,110757108
1791013584.286,MD_BayesMVP_chunks1,70.125,62.375,59.625,61.125,64.000,65.000,66.000,60.375,64.125,72.125,58.625,58.250,63.375,752650.988,11349846,110757108
1791013585.291,MD_BayesMVP_chunks1,71.750,63.250,59.125,60.125,64.000,65.500,65.625,60.875,64.125,73.875,58.500,58.625,63.375,752970.996,11349847,110757108
1791013586.295,MD_BayesMVP_chunks1,72.750,62.250,55.500,58.750,58.250,58.500,65.125,55.500,58.875,73.000,55.250,54.750,58.500,753182.373,11349848,110757108
1791013587.296,MD_BayesMVP_chunks1,72.875,59.500,55.000,55.250,57.250,58.500,64.250,55.000,57.500,73.375,59.000,53.875,57.625,753310.053,11349848,110757108
1791013588.297,MD_BayesMVP_chunks1,72.875,57.625,54.500,54.750,60.375,58.000,63.750,55.625,57.500,72.000,57.125,53.375,57.250,753434.051,11349850,110757108
1791013589.299,MD_BayesMVP_chunks1,72.500,62.750,58.625,59.750,62.250,63.250,63.750,58.625,62.375,68.250,57.250,57.250,63.000,753676.147,11349850,110757108
1791013590.302,MD_BayesMVP_chunks1,72.125,61.875,59.125,59.625,64.625,64.125,65.125,59.125,62.875,69.250,57.750,59.000,62.250,753999.177,11349850,110757108
1791013591.306,MD_BayesMVP_chunks1,71.875,61.875,60.500,60.125,63.250,64.625,65.000,60.000,62.875,70.625,58.500,59.000,62.125,754321.811,11349850,110757108
1791013592.310,MD_BayesMVP_chunks1,71.625,62.375,59.125,60.125,63.500,64.125,65.000,61.750,62.875,69.750,58.125,57.750,63.875,754645.034,11349854,110757108
1791013593.313,MD_BayesMVP_chunks1,71.500,63.375,59.125,60.125,63.250,64.625,63.250,60.875,63.000,70.625,58.125,58.125,62.500,754967.617,11349854,110757108
1791013594.315,MD_BayesMVP_chunks1,71.250,61.750,59.500,60.125,63.625,64.625,64.250,60.875,62.875,69.750,58.250,58.000,63.000,755290.852,11349855,110757108
1791013595.318,MD_BayesMVP_chunks1,71.125,64.125,59.125,60.125,63.250,64.625,64.250,59.500,63.250,69.750,59.875,57.750,62.750,755613.918,11349856,110757108
1791013596.326,MD_BayesMVP_chunks1,71.000,62.875,59.500,60.125,63.500,64.625,64.625,60.000,63.375,70.125,58.500,58.000,62.250,755938.725,11349857,110757108
1791013597.329,MD_BayesMVP_chunks1,70.875,62.750,59.625,59.625,63.625,65.000,66.000,60.000,63.375,71.125,58.500,58.500,62.500,756261.861,11349857,110757108
1791013598.334,MD_BayesMVP_chunks1,70.750,64.125,60.000,60.125,63.625,64.625,65.500,60.000,63.750,69.750,58.500,58.125,62.750,756585.644,11349857,110757108
1791013599.343,MD_BayesMVP_chunks1,70.750,62.250,58.875,60.125,63.625,65.500,65.500,60.875,63.750,69.750,58.500,58.625,62.625,756910.691,11349859,110757108
1791013600.346,MD_BayesMVP_chunks1,70.625,62.750,59.500,60.125,63.625,65.375,65.500,60.000,64.250,70.125,58.625,58.500,62.750,757234.468,11349859,110757108
1791013601.353,MD_BayesMVP_chunks1,70.500,62.750,59.875,60.125,63.500,64.125,65.500,59.500,63.875,69.750,58.500,58.250,62.625,757558.603,11349859,110757108
1791013602.361,MD_BayesMVP_chunks1,70.500,62.375,60.375,60.125,63.625,64.125,66.875,60.000,63.375,70.625,58.625,58.625,63.125,757883.508,11349860,110757108
1791013603.369,MD_BayesMVP_chunks1,70.500,62.375,60.500,60.125,63.500,65.000,66.375,59.500,63.750,69.750,59.000,58.625,63.500,758208.782,11349860,110757108
1791013604.374,MD_BayesMVP_chunks1,70.500,62.375,59.500,60.625,63.625,64.125,66.000,60.125,63.750,69.750,59.000,58.250,64.250,758532.798,11349861,110757108
1791013605.378,MD_BayesMVP_chunks1,70.500,62.375,59.500,59.625,63.625,64.625,66.000,60.375,63.375,70.125,59.000,58.750,63.000,758856.330,11349861,110757108
1791013606.385,MD_BayesMVP_chunks1,70.500,62.375,60.250,60.625,63.625,65.500,66.875,60.000,63.750,71.125,58.625,58.125,63.125,759180.897,11349861,110757108
1791013607.387,MD_BayesMVP_chunks1,70.500,62.375,60.750,60.125,64.125,65.000,66.375,60.875,63.750,70.625,58.500,58.750,62.750,759504.292,11349861,110757108
1791013608.392,MD_BayesMVP_chunks1,72.250,62.750,60.000,60.125,63.250,64.625,66.000,60.375,63.750,73.875,60.250,59.000,63.125,759828.587,11349861,110757108
1791013609.396,MD_BayesMVP_chunks1,73.125,62.750,59.625,60.625,63.625,64.625,66.000,59.625,63.750,73.875,60.375,59.000,62.875,760153.411,11349861,110757108
1791013610.403,MD_BayesMVP_chunks1,73.250,62.750,59.250,60.625,63.625,65.000,64.125,60.375,63.750,74.375,58.500,60.000,64.375,760477.985,11349863,110757108
1791013611.405,MD_BayesMVP_chunks1,73.500,62.750,60.000,60.625,64.125,65.000,65.000,60.375,63.750,74.875,58.500,58.500,63.125,760808.184,11349863,110757108
1791013612.426,MD_BayesMVP_chunks1,73.250,62.375,59.625,60.125,64.125,65.000,64.625,60.875,63.750,70.125,60.000,58.625,63.125,761131.306,11349863,110757108
1791013613.428,MD_BayesMVP_chunks1,73.250,62.750,59.500,60.625,64.125,65.000,65.000,61.750,64.125,73.375,58.625,59.000,63.125,761455.129,11349866,110757108
1791013614.434,MD_BayesMVP_chunks1,73.500,62.750,59.625,60.625,64.125,65.000,65.000,61.750,63.750,71.500,60.500,58.625,63.000,761780.262,11349868,110757108
1791013615.438,MD_BayesMVP_chunks1,73.625,63.250,60.000,60.625,64.000,65.000,64.625,60.375,65.500,74.875,59.750,58.250,65.125,762104.612,11349868,110757108
1791013616.444,MD_BayesMVP_chunks1,73.625,62.750,59.625,60.625,64.375,65.000,65.000,60.875,63.875,70.125,59.000,58.500,63.500,762430.096,11349868,110757108
1791013617.451,MD_BayesMVP_chunks1,73.250,63.250,59.500,60.625,64.125,65.000,64.625,60.875,64.125,70.625,60.750,58.750,63.625,762754.542,11349869,110757108
1791013618.454,MD_BayesMVP_chunks1,73.125,62.625,60.000,60.625,64.625,64.625,65.000,60.375,63.750,69.750,60.375,60.000,63.125,763078.385,11349869,110757108
1791013619.458,MD_BayesMVP_chunks1,72.875,63.250,61.000,61.125,64.125,65.000,64.125,60.375,64.125,70.625,60.375,58.750,63.125,763401.450,11349869,110757108
1791013620.528,MD_BayesMVP_chunks1,72.625,63.250,60.250,60.625,64.125,65.000,65.000,60.375,63.875,69.750,58.500,58.750,63.500,763746.499,11349869,110757108
1791013621.529,MD_BayesMVP_chunks1,72.375,62.625,60.125,61.125,64.125,65.000,65.000,61.750,64.250,70.625,58.500,58.750,63.125,764070.647,11349871,110757108
1791013622.531,MD_BayesMVP_chunks1,72.250,62.875,61.125,61.125,64.625,65.000,64.625,60.375,64.125,70.625,59.500,58.750,63.375,764394.200,11349871,110757108
1791013623.533,MD_BayesMVP_chunks1,72.125,62.750,60.000,60.625,64.125,65.500,64.625,60.375,64.250,70.625,59.000,59.000,63.125,764718.292,11349871,110757108
1791013624.536,MD_BayesMVP_chunks1,71.875,63.250,61.500,60.625,64.125,65.500,65.000,60.375,63.875,70.625,59.000,59.125,63.375,765042.102,11349874,110757108
1791013625.538,MD_BayesMVP_chunks1,71.750,62.750,60.000,60.625,64.125,65.000,66.375,60.375,64.250,70.125,59.000,59.375,63.125,765365.965,11349874,110757108
1791013626.540,MD_BayesMVP_chunks1,71.625,62.375,60.000,61.125,64.625,65.000,65.500,60.875,64.125,70.625,59.125,58.750,64.500,765689.863,11349874,110757108
1791013627.543,MD_BayesMVP_chunks1,71.500,62.750,60.500,61.125,63.625,65.500,65.000,61.375,64.125,69.250,58.625,59.375,64.500,766014.543,11349874,110757108
1791013628.546,MD_BayesMVP_chunks1,71.500,62.750,60.125,60.625,64.125,65.500,64.625,60.375,64.125,69.750,59.000,59.000,64.000,766339.290,11349877,110757108
1791013629.554,MD_BayesMVP_chunks1,71.375,63.250,60.000,61.125,64.125,65.000,64.625,60.875,64.250,71.125,59.000,59.000,63.625,766665.314,11349877,110757108
1791013630.557,MD_BayesMVP_chunks1,71.250,62.750,61.375,61.125,64.125,65.500,64.625,62.250,64.125,70.125,59.500,59.000,63.500,766989.944,11349877,110757108
1791013631.561,MD_BayesMVP_chunks1,71.250,65.125,60.125,60.625,64.125,65.500,64.125,60.875,64.125,70.625,59.125,59.125,64.500,767314.935,11349877,110757108
1791013632.564,MD_BayesMVP_chunks1,71.125,63.250,60.000,60.625,64.625,65.500,64.625,63.125,63.750,70.625,59.000,59.125,63.625,767639.381,11349882,110757108
1791013633.569,MD_BayesMVP_chunks1,71.125,63.250,60.000,61.125,64.625,65.500,65.000,60.875,64.250,70.625,59.375,58.625,65.625,767964.241,11349882,110757108
1791013634.572,MD_BayesMVP_chunks1,71.125,64.125,60.125,60.625,65.000,65.000,65.000,60.375,64.125,70.125,59.250,59.125,63.375,768288.767,11349884,110757108
1791013635.576,MD_BayesMVP_chunks1,71.125,65.625,60.000,61.500,64.375,65.000,64.625,60.375,64.250,70.625,60.000,59.625,63.625,768614.832,11349884,110757108
1791013636.584,MD_BayesMVP_chunks1,71.000,63.750,60.000,61.125,64.375,65.500,64.625,60.875,64.625,70.625,59.000,60.875,63.375,768940.878,11349884,110757108
1791013637.587,MD_BayesMVP_chunks1,71.000,62.750,60.500,62.125,64.125,66.000,65.125,60.875,64.125,71.500,59.000,58.750,64.125,769266.596,11349884,110757108
1791013638.594,MD_BayesMVP_chunks1,71.000,63.250,60.125,61.125,64.125,65.500,65.125,60.875,64.250,71.125,59.375,59.500,63.500,769591.532,11349884,110757108
1791013639.596,MD_BayesMVP_chunks1,71.750,63.750,61.875,61.125,64.625,65.500,65.125,61.375,64.625,70.625,59.375,59.875,63.375,769915.521,11349887,110757108
1791013640.600,MD_BayesMVP_chunks1,71.625,63.750,60.500,61.125,64.125,64.500,66.375,61.375,64.250,71.125,59.500,59.125,63.875,770237.471,11349887,110757108
1791013641.602,MD_BayesMVP_chunks1,72.125,63.750,61.500,64.500,65.000,60.250,66.375,57.750,60.625,70.625,62.250,55.250,59.875,770522.592,11349887,110757108
1791013642.603,MD_BayesMVP_chunks1,72.000,58.500,56.500,60.750,57.750,58.000,65.000,56.375,58.000,69.750,54.750,60.375,57.625,770672.982,11349890,110757108
1791013643.604,MD_BayesMVP_chunks1,71.750,58.000,55.000,55.250,57.625,57.500,64.500,57.875,61.125,69.250,54.875,53.875,57.625,770799.347,11349890,110757108
1791013644.613,MD_BayesMVP_chunks1,71.500,59.875,56.750,59.125,60.875,61.375,63.125,58.000,60.750,66.000,57.250,55.500,59.875,770935.728,11349895,110757108
1791013645.616,MD_BayesMVP_chunks1,71.125,62.750,59.125,61.500,63.250,64.125,65.000,61.375,63.250,67.875,58.125,57.500,62.125,771255.829,11349895,110757108
1791013646.621,MD_BayesMVP_chunks1,70.750,62.375,59.125,61.500,63.250,65.000,65.375,59.625,63.750,67.875,58.125,57.750,62.500,771578.360,11349897,110757108
1791013647.624,MD_BayesMVP_chunks1,70.500,62.750,59.625,60.125,63.625,64.625,65.875,60.125,63.750,68.250,58.500,58.125,62.750,771901.599,11349897,110757108
1791013648.627,MD_BayesMVP_chunks1,70.375,62.750,59.500,60.125,64.125,65.000,65.875,60.125,63.875,68.250,58.625,59.500,62.750,772225.071,11349897,110757108
1791013649.630,MD_BayesMVP_chunks1,70.125,62.750,59.625,60.625,64.375,65.000,65.375,60.000,65.125,67.375,58.500,58.250,62.625,772548.543,11349897,110757108
1791013650.637,MD_BayesMVP_chunks1,70.000,62.750,59.625,60.125,65.375,65.000,65.375,60.125,63.875,68.250,58.500,58.500,63.125,772874.373,11349900,110757108
1791013651.646,MD_BayesMVP_chunks1,69.875,62.750,61.500,61.125,65.375,65.000,64.500,60.000,63.750,67.875,59.000,58.625,63.125,773198.739,11349901,110757108
1791013652.647,MD_BayesMVP_chunks1,69.750,62.375,59.500,60.125,67.125,65.500,65.375,64.625,63.750,68.250,60.000,58.500,63.125,773522.130,11349901,110757108
1791013653.649,MD_BayesMVP_chunks1,69.625,62.750,59.500,60.625,64.125,65.000,65.875,60.375,63.750,68.250,58.625,58.625,63.125,773845.963,11349903,110757108
1791013654.654,MD_BayesMVP_chunks1,69.500,63.250,60.000,61.125,65.375,65.000,65.375,60.375,64.125,68.250,58.625,58.625,63.500,774169.589,11349903,110757108
1791013655.660,MD_BayesMVP_chunks1,69.500,63.250,60.125,60.625,64.125,65.000,65.875,60.375,63.750,68.750,59.000,60.625,63.125,774494.576,11349903,110757108
1791013656.667,MD_BayesMVP_chunks1,69.375,63.750,61.500,60.625,63.625,65.000,65.000,61.375,63.750,68.250,59.000,59.625,63.125,774819.066,11349903,110757108
1791013657.674,MD_BayesMVP_chunks1,69.375,62.750,61.000,60.625,64.125,64.625,66.750,60.375,63.750,68.750,59.500,58.625,63.500,775143.481,11349904,110757108
1791013658.680,MD_BayesMVP_chunks1,69.250,64.250,60.625,60.125,64.125,65.500,66.375,60.375,63.750,68.250,58.875,58.625,63.125,775468.682,11349904,110757108
1791013659.683,MD_BayesMVP_chunks1,69.250,63.250,60.875,60.625,64.125,65.000,65.875,60.375,63.750,68.750,58.625,58.750,63.125,775791.697,11349904,110757108
1791013660.688,MD_BayesMVP_chunks1,69.125,63.250,60.000,60.625,64.125,64.625,65.875,60.375,64.125,68.750,58.625,59.125,63.125,776115.288,11349906,110757108
1791013661.690,MD_BayesMVP_chunks1,69.125,63.250,61.125,61.125,64.125,64.625,65.000,60.875,63.875,68.750,58.625,58.625,63.875,776438.659,11349906,110757108
1791013662.694,MD_BayesMVP_chunks1,69.500,63.250,60.000,60.625,64.125,64.625,66.375,60.375,64.125,71.375,58.500,59.875,64.750,776762.344,11349906,110757108
1791013663.697,MD_BayesMVP_chunks1,69.500,63.250,60.500,60.625,64.625,65.500,65.875,60.875,64.125,67.875,58.625,58.500,63.500,777086.487,11349908,110757108
1791013664.702,MD_BayesMVP_chunks1,69.875,63.250,60.500,61.125,65.750,65.000,66.750,60.375,64.125,68.750,59.750,59.125,64.750,777411.048,11349913,110757108
1791013665.705,MD_BayesMVP_chunks1,69.750,62.750,60.500,61.125,64.000,65.000,64.125,61.375,63.875,68.250,59.000,58.625,64.500,777735.006,11349913,110757108
1791013666.713,MD_BayesMVP_chunks1,69.625,63.250,60.750,61.125,64.125,65.000,64.125,60.875,64.250,67.375,59.000,59.000,64.125,778059.932,11349914,110757108
1791013667.716,MD_BayesMVP_chunks1,69.625,62.750,60.125,60.250,64.125,65.500,63.625,61.375,64.250,68.250,59.375,58.750,63.625,778383.548,11349914,110757108
1791013668.720,MD_BayesMVP_chunks1,69.500,63.250,60.500,60.625,64.125,67.375,64.125,60.375,63.875,68.250,59.125,60.500,63.625,778707.865,11349917,110757108
1791013669.723,MD_BayesMVP_chunks1,69.375,62.750,60.000,61.125,64.125,65.500,65.000,60.875,64.125,67.875,59.375,59.000,65.250,779032.038,11349917,110757108
1791013670.726,MD_BayesMVP_chunks1,69.375,63.250,60.500,60.625,64.125,65.500,64.625,60.375,64.125,67.875,59.375,58.625,63.375,779356.188,11349917,110757108
1791013671.730,MD_BayesMVP_chunks1,69.250,63.250,60.125,61.125,64.625,65.000,64.625,60.875,64.125,68.250,59.000,58.750,64.750,779679.363,11349920,110757108
1791013672.733,MD_BayesMVP_chunks1,69.250,63.250,60.125,61.125,64.625,65.500,66.000,60.875,64.250,68.250,59.375,60.125,63.625,780002.823,11349920,110757108
1791013673.739,MD_BayesMVP_chunks1,69.250,62.750,60.125,61.125,64.625,65.500,66.375,60.875,64.125,68.250,59.875,59.875,63.625,780328.117,11349920,110757108
1791013674.744,MD_BayesMVP_chunks1,69.125,63.250,59.750,61.125,64.625,65.500,64.625,60.875,64.125,67.375,59.000,60.375,63.625,780652.866,11349921,110757108
1791013675.748,MD_BayesMVP_chunks1,69.125,62.750,60.500,61.125,64.625,65.000,66.875,60.875,64.250,68.250,59.000,59.125,63.125,780977.461,11349922,110757108
1791013676.750,MD_BayesMVP_chunks1,69.500,63.250,60.500,61.125,64.625,65.000,67.250,60.375,63.875,71.875,60.125,58.625,63.625,781301.513,11349922,110757108
1791013677.754,MD_BayesMVP_chunks1,69.500,62.750,60.000,60.625,64.625,65.500,67.250,60.875,64.250,67.875,59.875,58.750,63.500,781626.137,11349922,110757108
1791013678.758,MD_BayesMVP_chunks1,69.500,63.250,60.750,61.625,64.125,65.500,66.000,60.875,63.750,67.875,59.375,58.625,63.500,781950.381,11349922,110757108
1791013679.762,MD_BayesMVP_chunks1,69.500,63.125,60.125,61.125,64.625,65.000,63.750,60.375,64.125,68.250,60.000,59.000,63.625,782274.598,11349925,110757108
1791013680.766,MD_BayesMVP_chunks1,69.625,62.750,60.125,61.125,64.125,65.000,66.375,60.875,64.125,67.875,59.375,59.000,63.875,782598.778,11349925,110757108
1791013681.770,MD_BayesMVP_chunks1,69.500,63.250,60.125,61.125,64.625,67.375,65.000,60.875,64.125,67.375,59.000,58.750,63.500,782923.248,11349925,110757108
1791013682.776,MD_BayesMVP_chunks1,69.500,63.250,60.125,60.625,64.625,65.500,66.875,60.875,64.125,68.250,59.500,59.375,63.500,783248.021,11349928,110757108
1791013683.778,MD_BayesMVP_chunks1,69.375,63.250,60.125,60.625,64.125,67.375,62.875,60.875,64.250,67.875,60.750,59.000,63.625,783572.342,11349928,110757108
1791013684.781,MD_BayesMVP_chunks1,69.375,62.750,60.125,61.500,64.625,65.500,66.875,60.875,65.125,67.375,59.375,59.875,65.375,783897.294,11349929,110757108
1791013685.788,MD_BayesMVP_chunks1,69.375,63.750,60.500,61.125,64.875,65.500,66.000,61.750,64.250,67.875,59.375,59.625,65.125,784222.095,11349929,110757108
1791013686.792,MD_BayesMVP_chunks1,69.250,64.125,60.500,61.500,64.625,66.375,65.000,60.875,64.375,68.250,59.375,59.125,63.875,784546.772,11349930,110757108
1791013687.795,MD_BayesMVP_chunks1,69.250,63.250,60.500,61.500,64.625,65.875,65.875,60.875,64.250,67.875,60.750,59.000,64.000,784871.591,11349930,110757108
1791013688.799,MD_BayesMVP_chunks1,69.250,63.250,63.625,61.125,64.625,65.500,66.375,60.875,65.125,67.875,60.125,59.125,63.625,785196.523,11349930,110757108
1791013689.803,MD_BayesMVP_chunks1,69.250,62.875,60.500,61.125,64.625,66.000,66.750,61.375,66.875,68.250,59.125,59.125,63.875,785521.097,11349930,110757108
1791013690.810,MD_BayesMVP_chunks1,69.250,63.250,60.500,61.125,64.625,65.500,66.375,62.250,64.750,68.250,59.375,59.125,63.625,785846.741,11349933,110757108
1791013691.817,MD_BayesMVP_chunks1,69.375,63.250,61.125,61.125,64.625,66.000,66.375,62.250,65.500,67.875,59.375,59.000,63.625,786172.275,11349933,110757108
1791013692.820,MD_BayesMVP_chunks1,70.250,63.750,60.500,60.625,64.625,66.000,65.125,62.250,64.625,71.875,59.375,59.375,63.875,786497.403,11349939,110757108
1791013693.825,MD_BayesMVP_chunks1,71.000,63.750,60.500,61.125,65.000,65.500,65.625,60.500,64.750,71.875,59.500,59.000,65.125,786823.283,11349943,110757108
1791013694.829,MD_BayesMVP_chunks1,71.125,63.125,60.125,61.500,64.625,65.500,66.000,60.875,64.750,69.125,59.125,59.125,63.500,787147.916,11349945,110757108
1791013695.833,MD_BayesMVP_chunks1,71.000,63.750,60.125,62.000,64.875,65.000,65.625,61.000,64.750,68.250,59.375,59.875,65.000,787471.038,11349945,110757108
1791013696.836,MD_BayesMVP_chunks1,71.625,63.750,60.500,60.625,65.000,66.000,67.250,62.750,64.250,72.375,59.875,59.625,63.500,787794.334,11349945,110757108
1791013697.853,MD_BayesMVP_chunks1,71.625,59.375,56.125,56.750,64.125,59.375,65.500,61.375,59.750,70.125,55.250,55.250,59.000,788016.080,11349946,110757108
1791013698.854,MD_BayesMVP_chunks1,71.500,62.250,55.500,55.750,62.250,58.500,65.000,55.000,60.500,70.125,54.375,54.250,58.125,788142.547,11349955,110757108
1791013699.855,MD_BayesMVP_chunks1,71.250,61.250,55.000,55.250,57.750,58.500,64.625,54.500,58.000,70.125,54.375,53.875,57.250,788265.916,11349955,110757108
1791013700.860,MD_BayesMVP_chunks1,71.000,62.375,59.500,59.625,63.250,66.375,65.000,59.125,62.875,66.500,57.750,57.500,62.125,788511.600,11349956,110757108
1791013701.924,MD_BayesMVP_chunks1,70.750,62.750,59.500,60.125,63.625,64.625,66.000,60.000,64.125,67.875,58.500,59.125,62.750,788846.576,11349956,110757108
1791013702.928,MD_BayesMVP_chunks1,70.500,63.750,59.500,60.125,63.625,64.625,66.000,60.375,64.125,67.875,59.000,58.500,63.125,789169.581,11349957,110757108
1791013703.936,MD_BayesMVP_chunks1,70.375,63.750,59.250,60.625,64.125,65.000,66.875,60.875,64.125,67.875,59.000,58.125,63.125,789494.608,11349957,110757108
1791013704.944,MD_BayesMVP_chunks1,70.125,63.250,60.000,60.625,65.750,64.625,65.875,60.375,63.875,67.875,59.000,58.500,63.125,789819.532,11349962,110757108
1791013705.952,MD_BayesMVP_chunks1,70.125,62.875,60.125,61.125,64.125,65.000,65.875,60.375,64.625,68.250,59.875,59.000,63.500,790144.484,11349962,110757108
1791013706.958,MD_BayesMVP_chunks1,70.000,62.750,60.000,60.625,65.500,65.500,65.375,60.375,64.750,68.250,59.000,58.750,63.625,790468.774,11349964,110757108
1791013707.960,MD_BayesMVP_chunks1,69.875,62.750,60.000,61.125,64.125,64.625,65.375,60.875,63.875,67.875,59.125,59.000,63.500,790792.394,11349964,110757108
1791013708.963,MD_BayesMVP_chunks1,69.750,63.250,60.000,61.125,63.625,65.000,65.875,60.875,63.875,67.875,59.000,59.000,63.375,791116.373,11349967,110757108
1791013709.966,MD_BayesMVP_chunks1,69.625,62.750,60.125,61.125,64.625,65.000,66.375,60.875,63.875,67.875,60.250,59.125,63.500,791439.964,11349967,110757108
1791013710.969,MD_BayesMVP_chunks1,69.625,63.250,59.750,60.625,64.625,64.625,65.875,60.375,63.750,67.875,59.000,58.750,63.375,791762.840,11349967,110757108
1791013711.973,MD_BayesMVP_chunks1,69.625,63.250,60.125,61.125,64.000,65.000,66.375,60.375,64.250,68.250,59.375,59.125,63.500,792086.449,11349969,110757108
1791013712.977,MD_BayesMVP_chunks1,69.500,63.250,60.500,61.125,64.000,65.500,65.875,60.375,63.875,67.875,59.000,59.000,63.375,792410.913,11349969,110757108
1791013713.988,MD_BayesMVP_chunks1,69.500,62.875,60.500,61.125,64.875,65.500,65.875,60.875,64.250,68.250,59.000,59.125,64.750,792737.474,11349969,110757108
1791013714.995,MD_BayesMVP_chunks1,69.375,63.625,60.500,61.125,64.125,64.625,65.375,60.875,64.250,68.250,60.250,59.125,63.500,793062.003,11349974,110757108
1791013716.001,MD_BayesMVP_chunks1,69.375,62.750,59.750,61.125,64.125,65.000,65.000,60.375,64.250,68.250,60.500,58.750,64.500,793386.513,11349976,110757108
1791013717.010,MD_BayesMVP_chunks1,69.250,62.875,60.125,60.750,64.875,65.000,65.375,60.875,64.250,68.250,61.000,59.125,63.625,793712.087,11349976,110757108
1791013718.012,MD_BayesMVP_chunks1,69.250,63.250,60.000,61.125,64.875,65.500,65.875,60.375,64.250,68.250,60.250,59.125,63.375,794035.977,11349976,110757108
1791013719.020,MD_BayesMVP_chunks1,69.250,63.250,60.500,61.125,64.625,65.000,65.875,60.875,64.250,68.250,59.125,59.125,63.625,794362.104,11349976,110757108
1791013720.026,MD_BayesMVP_chunks1,69.250,63.250,60.125,63.000,65.000,65.375,65.000,60.875,64.125,68.250,59.500,59.125,63.625,794686.296,11349978,110757108
1791013721.029,MD_BayesMVP_chunks1,69.250,63.250,60.500,61.500,64.625,65.500,65.375,60.875,64.125,68.250,59.000,59.125,63.625,795009.980,11349978,110757108
1791013722.033,MD_BayesMVP_chunks1,69.250,65.125,60.125,60.625,64.375,65.500,65.875,60.875,64.750,67.875,59.375,59.000,63.625,795333.643,11349978,110757108
1791013723.036,MD_BayesMVP_chunks1,69.250,63.750,60.500,60.625,64.625,65.500,65.375,60.875,65.625,67.875,59.500,59.125,63.625,795657.867,11349981,110757108
1791013724.040,MD_BayesMVP_chunks1,69.250,63.125,61.500,61.500,64.625,67.375,65.625,60.875,64.250,68.250,59.375,59.375,63.500,795981.933,11349981,110757108
1791013725.044,MD_BayesMVP_chunks1,69.250,65.125,60.875,61.500,64.375,65.000,66.500,60.875,64.625,67.375,59.375,59.125,63.625,796306.037,11349985,110757108
1791013726.046,MD_BayesMVP_chunks1,69.250,64.750,60.500,60.625,64.125,65.875,65.625,60.875,64.750,67.875,59.500,59.125,64.125,796629.915,11349985,110757108
1791013727.049,MD_BayesMVP_chunks1,69.250,63.250,60.500,61.125,64.625,65.500,66.000,60.875,64.125,68.250,60.125,59.125,63.625,796953.963,11349988,110757108
1791013728.053,MD_BayesMVP_chunks1,69.250,64.500,60.875,61.125,64.375,65.000,65.125,60.875,64.625,68.250,59.875,59.125,64.750,797277.653,11349988,110757108
1791013729.057,MD_BayesMVP_chunks1,69.250,63.250,61.500,62.000,64.625,65.000,66.000,60.875,64.250,68.250,59.875,59.375,64.125,797601.432,11349988,110757108
1791013730.065,MD_BayesMVP_chunks1,69.250,63.750,60.875,61.125,64.375,65.500,66.500,60.875,64.375,67.875,59.375,59.125,63.625,797927.035,11349988,110757108
1791013731.070,MD_BayesMVP_chunks1,69.250,63.250,60.500,61.500,64.625,64.625,66.500,60.875,64.375,68.250,59.500,59.000,64.125,798252.592,11349988,110757108
1791013732.073,MD_BayesMVP_chunks1,69.250,63.250,60.500,61.125,64.625,65.500,67.250,60.875,64.750,67.875,59.000,59.125,65.125,798576.901,11349988,110757108
1791013733.080,MD_BayesMVP_chunks1,69.250,63.250,59.750,61.500,64.625,65.000,66.375,60.875,64.750,67.375,61.375,59.125,65.250,798902.794,11349988,110757108
1791013734.086,MD_BayesMVP_chunks1,69.375,63.250,62.250,61.500,64.625,65.500,67.250,60.875,64.375,68.250,59.375,59.125,65.250,799228.855,11349990,110757108
1791013735.089,MD_BayesMVP_chunks1,69.375,63.750,60.875,61.500,65.000,66.000,62.250,60.875,64.750,67.875,59.500,59.125,63.875,799554.195,11349990,110757108
1791013736.096,MD_BayesMVP_chunks1,69.375,63.750,60.875,61.125,64.625,66.000,67.250,60.875,64.750,68.250,59.500,59.375,63.625,799879.959,11349990,110757108
1791013737.099,MD_BayesMVP_chunks1,69.375,63.250,60.500,61.625,65.000,65.000,66.875,61.875,64.625,68.750,59.500,60.000,63.625,800204.299,11349990,110757108
1791013738.107,MD_BayesMVP_chunks1,69.375,63.750,60.875,61.625,64.625,65.500,67.750,61.000,65.125,68.750,59.500,59.375,63.625,800530.420,11349991,110757108
1791013739.111,MD_BayesMVP_chunks1,69.500,63.250,60.875,61.500,64.625,65.000,66.875,60.875,64.625,68.250,60.875,59.625,64.500,800855.146,11349991,110757108
1791013740.118,MD_BayesMVP_chunks1,69.625,63.750,62.750,61.125,64.875,65.000,66.875,61.375,64.625,71.375,59.375,59.125,63.875,801180.688,11349991,110757108
1791013741.121,MD_BayesMVP_chunks1,70.625,63.250,62.750,61.125,65.000,65.500,61.000,60.875,64.375,72.375,59.875,60.875,64.125,801505.984,11349992,110757108
1791013742.123,MD_BayesMVP_chunks1,70.625,63.375,60.500,61.500,66.875,65.500,67.250,60.875,64.750,68.750,60.875,59.875,63.875,801830.813,11349992,110757108
1791013743.126,MD_BayesMVP_chunks1,70.500,63.750,60.875,61.500,66.375,65.500,66.875,60.875,65.125,68.250,59.500,59.125,64.125,802155.375,11349992,110757108
1791013744.130,MD_BayesMVP_chunks1,70.375,63.750,60.500,61.125,65.000,65.500,64.625,60.875,64.750,67.875,60.375,59.625,64.250,802480.563,11349994,110757108
1791013745.134,MD_BayesMVP_chunks1,70.250,66.000,60.125,61.625,64.625,65.000,66.375,60.875,64.750,68.750,59.500,59.375,64.125,802804.970,11349994,110757108
1791013746.138,MD_BayesMVP_chunks1,70.250,63.750,60.125,61.125,66.000,66.000,67.250,60.875,64.625,68.250,59.500,59.625,64.125,803130.163,11349994,110757108
1791013747.146,MD_BayesMVP_chunks1,70.125,64.125,61.125,61.500,64.625,65.500,66.875,61.375,64.750,68.750,59.875,59.375,64.000,803456.648,11349994,110757108
1791013748.148,MD_BayesMVP_chunks1,70.000,63.750,61.500,61.500,65.500,65.500,65.875,60.875,64.375,68.250,59.375,59.375,64.125,803780.744,11349994,110757108
1791013749.151,MD_BayesMVP_chunks1,70.000,64.125,61.000,61.500,64.625,66.000,66.000,60.875,65.125,68.750,60.250,59.625,63.875,804105.133,11349996,110757108
1791013750.155,MD_BayesMVP_chunks1,69.875,63.750,61.875,61.500,65.000,66.875,66.000,60.875,65.125,68.250,59.875,59.375,65.000,804429.055,11349996,110757108
1791013751.157,MD_BayesMVP_chunks1,69.875,64.125,60.875,61.125,66.875,64.875,66.000,61.000,66.375,69.125,59.500,59.375,63.875,804752.894,11349996,110757108
1791013752.162,MD_BayesMVP_chunks1,70.500,64.125,60.625,62.000,64.875,66.000,67.375,61.375,64.250,72.750,59.500,59.375,64.375,805076.794,11349999,110757108
1791013753.165,MD_BayesMVP_chunks1,71.375,63.250,60.875,62.125,64.875,65.375,66.000,57.250,61.125,71.375,57.625,60.375,65.250,805369.957,11349999,110757108
1791013754.166,MD_BayesMVP_chunks1,71.250,62.750,56.500,56.250,64.000,58.875,65.000,55.875,59.375,70.500,55.250,54.750,58.125,805510.771,11350003,110757108
1791013755.167,MD_BayesMVP_chunks1,71.250,58.500,55.500,55.750,58.500,58.000,64.125,55.000,61.875,70.125,55.250,54.250,57.625,805635.162,11350003,110757108
1791013756.169,MD_BayesMVP_chunks1,71.000,61.000,58.125,59.125,62.250,65.000,63.250,58.125,61.250,66.000,57.250,58.125,60.750,805787.936,11350004,110757108
1791013757.175,MD_BayesMVP_chunks1,70.750,62.750,59.500,60.625,63.625,65.000,63.625,61.750,63.375,67.875,58.500,58.125,62.500,806109.597,11350004,110757108
1791013758.182,MD_BayesMVP_chunks1,70.500,62.750,60.000,61.125,64.125,65.000,64.125,60.125,63.750,67.875,61.625,59.500,63.375,806433.955,11350004,110757108
1791013759.185,MD_BayesMVP_chunks1,70.375,63.250,59.750,61.125,64.125,65.500,64.625,60.375,64.125,67.875,59.125,58.625,63.625,806758.051,11350005,110757108
1791013760.193,MD_BayesMVP_chunks1,70.250,63.250,60.125,60.625,64.625,65.500,65.500,60.375,64.125,68.250,59.500,58.750,64.750,807083.004,11350005,110757108
1791013761.196,MD_BayesMVP_chunks1,70.125,62.875,60.125,61.125,64.625,65.500,63.250,60.375,64.250,68.750,59.000,59.000,63.375,807406.359,11350005,110757108
1791013762.199,MD_BayesMVP_chunks1,70.000,63.250,60.500,60.625,64.625,65.500,65.000,60.875,64.250,68.750,59.875,60.000,63.375,807729.982,11350005,110757108
1791013763.208,MD_BayesMVP_chunks1,69.875,63.250,60.500,61.125,64.625,66.000,65.500,60.375,64.625,68.250,60.750,59.000,63.625,808055.717,11350007,110757108
1791013764.215,MD_BayesMVP_chunks1,69.750,63.250,60.500,61.500,64.625,66.000,66.375,60.875,64.125,67.875,59.000,59.875,63.625,808380.452,11350012,110757108
1791013765.218,MD_BayesMVP_chunks1,69.625,63.250,60.500,61.125,65.000,66.000,65.625,60.875,64.125,68.250,60.875,58.625,63.625,808704.697,11350015,110757108
1791013766.221,MD_BayesMVP_chunks1,69.750,63.250,61.500,61.125,64.125,66.000,65.500,60.875,64.250,68.250,59.125,59.125,63.625,809027.980,11350015,110757108
1791013767.223,MD_BayesMVP_chunks1,69.625,63.250,62.500,61.500,64.625,65.500,65.500,60.875,64.125,68.750,59.000,59.125,64.500,809351.746,11350029,110757108
1791013768.226,MD_BayesMVP_chunks1,69.625,63.250,60.500,61.125,65.000,65.500,66.000,60.875,64.250,67.875,59.500,59.500,63.375,809675.153,11350033,110757108
1791013769.228,MD_BayesMVP_chunks1,69.500,63.250,60.125,61.125,65.000,65.500,65.500,60.875,64.125,68.250,59.375,59.125,63.875,809998.817,11350033,110757108
1791013770.239,MD_BayesMVP_chunks1,69.500,63.250,61.125,61.125,64.125,65.000,60.625,60.875,64.750,67.875,59.125,59.125,63.500,810325.462,11350036,110757108
1791013771.242,MD_BayesMVP_chunks1,69.375,65.625,60.125,61.125,65.000,66.000,66.000,60.875,64.375,68.250,59.375,59.375,63.875,810656.457,11350036,110757108
1791013772.302,MD_BayesMVP_chunks1,69.375,63.250,60.125,61.500,64.625,65.500,65.625,60.875,64.250,68.750,59.500,58.750,64.125,810992.251,11350036,110757108
1791013773.305,MD_BayesMVP_chunks1,69.375,64.125,60.875,61.125,64.875,66.000,64.250,60.875,64.250,69.125,62.125,59.125,63.625,811316.159,11350037,110757108
1791013774.309,MD_BayesMVP_chunks1,69.625,63.250,60.500,61.125,65.000,65.500,65.625,60.375,64.375,68.750,59.500,59.625,64.125,811640.301,11350040,110757108
1791013775.311,MD_BayesMVP_chunks1,69.625,63.750,60.500,61.125,64.625,65.500,59.625,60.875,65.125,69.125,59.500,59.375,63.625,811964.229,11350040,110757108
1791013776.314,MD_BayesMVP_chunks1,69.500,63.750,60.875,61.125,64.875,65.000,65.625,60.875,65.125,68.750,60.750,59.125,64.500,812287.952,11350040,110757108
1791013777.318,MD_BayesMVP_chunks1,69.500,63.750,60.500,61.500,65.375,65.500,65.500,60.875,64.250,68.250,60.625,59.125,64.875,812612.069,11350040,110757108
1791013778.325,MD_BayesMVP_chunks1,69.500,63.750,60.500,61.125,65.000,66.000,66.000,60.875,64.625,67.875,61.250,59.500,63.875,812937.266,11350040,110757108
1791013779.328,MD_BayesMVP_chunks1,69.375,63.750,61.000,61.500,64.875,65.500,65.375,60.875,64.250,68.750,59.875,59.125,63.875,813261.807,11350041,110757108
1791013780.331,MD_BayesMVP_chunks1,69.375,63.250,60.500,61.500,64.875,65.500,66.750,60.875,65.125,68.250,59.375,59.875,64.125,813584.885,11350041,110757108
1791013781.333,MD_BayesMVP_chunks1,69.375,63.125,61.000,61.500,65.000,65.500,65.875,61.375,66.000,68.750,59.375,60.875,63.875,813907.995,11350043,110757108
1791013782.335,MD_BayesMVP_chunks1,69.375,63.625,61.000,61.500,65.000,65.000,66.375,60.500,65.125,69.625,60.875,59.375,63.875,814231.799,11350043,110757108
1791013783.338,MD_BayesMVP_chunks1,69.375,62.875,61.125,61.125,64.625,65.000,65.875,60.875,64.625,67.875,60.125,61.000,63.875,814555.340,11350043,110757108
1791013784.341,MD_BayesMVP_chunks1,69.375,63.750,60.875,61.125,65.000,64.625,66.375,60.875,64.750,68.750,59.250,59.125,64.125,814879.773,11350045,110757108
1791013785.349,MD_BayesMVP_chunks1,69.375,63.750,61.000,61.500,64.625,66.000,66.750,60.875,65.125,68.750,60.750,59.375,63.875,815205.173,11350046,110757108
1791013786.353,MD_BayesMVP_chunks1,69.375,63.750,60.875,61.500,66.000,65.500,65.000,61.000,64.750,69.125,60.125,59.375,64.250,815529.897,11350046,110757108
1791013787.356,MD_BayesMVP_chunks1,69.375,63.250,61.375,62.125,65.000,65.500,65.000,60.875,64.750,68.750,59.875,59.125,64.125,815854.006,11350046,110757108
1791013788.360,MD_BayesMVP_chunks1,69.375,63.750,61.375,61.500,65.000,65.500,65.000,61.000,66.500,68.750,59.875,59.375,64.125,816178.456,11350048,110757108
1791013789.363,MD_BayesMVP_chunks1,69.375,63.250,60.875,61.500,64.875,64.625,65.500,61.750,64.750,69.625,59.375,59.375,63.875,816503.011,11350048,110757108
1791013790.366,MD_BayesMVP_chunks1,69.500,63.750,60.500,61.500,64.875,66.000,65.500,61.375,64.750,68.250,60.500,59.625,63.875,816827.248,11350048,110757108
1791013791.368,MD_BayesMVP_chunks1,69.500,63.750,60.500,61.500,65.000,66.000,66.000,61.375,65.125,68.250,59.500,59.625,65.625,817152.062,11350048,110757108
1791013792.371,MD_BayesMVP_chunks1,69.500,63.750,60.875,61.500,65.000,66.375,62.750,61.375,65.125,67.875,59.500,59.625,64.125,817477.105,11350050,110757108
1791013793.374,MD_BayesMVP_chunks1,69.500,64.125,60.875,62.625,65.500,66.000,65.500,61.375,65.125,68.250,59.875,59.875,64.125,817802.112,11350090,110757108
1791013794.378,MD_BayesMVP_chunks1,69.500,63.375,60.875,61.500,65.375,65.500,67.250,61.375,64.750,68.750,59.375,59.875,64.125,818126.810,11350094,110757108
1791013795.381,MD_BayesMVP_chunks1,69.500,64.125,61.625,62.125,64.875,66.000,66.750,60.875,66.500,68.250,60.125,59.625,64.000,818451.738,11350094,110757108
1791013796.385,MD_BayesMVP_chunks1,69.625,64.125,60.875,63.000,65.000,65.500,60.500,60.875,65.250,69.125,59.875,59.500,64.250,818776.044,11350095,110757108
1791013797.389,MD_BayesMVP_chunks1,69.625,64.125,60.875,62.125,65.000,65.500,65.875,61.000,64.750,68.750,60.875,59.500,64.125,819100.244,11350095,110757108
1791013798.391,MD_BayesMVP_chunks1,69.625,63.750,60.500,62.125,65.000,66.250,65.375,60.875,64.750,69.625,59.875,60.375,63.625,819424.434,11350095,110757108
1791013799.395,MD_BayesMVP_chunks1,69.625,64.125,60.875,61.500,65.500,66.000,63.250,61.375,65.125,68.750,59.875,61.000,63.875,819749.174,11350098,110757108
1791013800.403,MD_BayesMVP_chunks1,69.875,64.125,60.500,61.500,66.375,65.000,67.250,60.875,66.125,67.375,60.875,59.500,64.125,820075.684,11350098,110757108
1791013801.406,MD_BayesMVP_chunks1,69.875,63.375,60.875,61.500,66.250,66.375,66.000,60.875,66.000,68.250,59.875,59.500,64.000,820399.993,11350098,110757108
1791013802.409,MD_BayesMVP_chunks1,69.875,66.000,60.500,61.500,66.750,66.000,66.500,60.875,64.750,68.250,60.875,59.125,64.250,820724.795,11350098,110757108
1791013803.412,MD_BayesMVP_chunks1,69.750,64.125,60.500,61.625,64.875,66.375,65.375,61.375,64.750,68.750,59.875,59.875,64.125,821049.310,11350103,110757108
1791013804.420,MD_BayesMVP_chunks1,69.750,63.750,60.875,61.500,65.500,65.000,66.750,61.000,64.750,68.250,59.875,59.875,66.000,821374.923,11350104,110757108
1791013805.423,MD_BayesMVP_chunks1,69.750,64.125,60.500,61.500,64.875,65.375,67.250,61.750,64.750,68.750,60.375,59.500,64.000,821699.712,11350104,110757108
1791013806.427,MD_BayesMVP_chunks1,69.750,64.125,60.875,62.000,65.000,65.375,65.875,60.875,64.750,68.750,61.375,61.000,64.250,822023.213,11350104,110757108
1791013807.433,MD_BayesMVP_chunks1,69.750,63.250,60.750,62.000,65.375,66.000,67.625,61.750,65.125,67.375,59.875,60.125,64.125,822347.489,11350105,110757108
1791013808.437,MD_BayesMVP_chunks1,71.375,63.250,61.375,62.000,65.000,64.000,68.125,59.625,64.375,72.750,64.750,59.125,64.250,822668.176,11350105,110757108
1791013809.438,MD_BayesMVP_chunks1,71.750,59.875,56.375,57.625,59.500,59.375,65.875,59.375,59.375,71.375,55.750,56.125,59.375,822885.694,11350105,110757108
1791013810.439,MD_BayesMVP_chunks1,71.625,59.000,55.875,56.250,58.625,61.750,64.500,61.375,63.875,70.500,54.750,55.625,58.500,823012.087,11350107,110757108
1791013811.440,MD_BayesMVP_chunks1,71.500,59.625,55.500,56.250,57.750,61.125,64.125,55.500,61.625,59.375,54.750,54.250,69.500,823133.263,11350107,110757108
1791013812.442,MD_BayesMVP_chunks1,71.250,62.750,60.000,60.125,63.625,66.875,65.000,59.625,63.750,63.125,59.375,57.625,68.125,823384.204,11350107,110757108
1791013813.446,MD_BayesMVP_chunks1,71.000,62.750,60.000,61.125,64.125,65.000,66.375,60.000,64.250,63.625,59.000,59.125,68.625,823706.107,11350111,110757108
1791013814.450,MD_BayesMVP_chunks1,70.875,63.125,60.500,60.625,65.000,65.000,65.375,60.375,64.375,63.750,60.375,59.000,68.625,824029.583,11350115,110757108
1791013815.454,MD_BayesMVP_chunks1,70.625,63.250,60.000,61.125,64.625,65.000,65.500,60.875,64.625,63.750,59.375,59.875,68.625,824352.804,11350115,110757108
1791013816.457,MD_BayesMVP_chunks1,70.500,62.875,60.125,61.500,64.375,65.500,66.375,62.250,65.125,64.125,59.375,59.125,68.625,824676.245,11350115,110757108
1791013817.461,MD_BayesMVP_chunks1,70.375,63.125,60.500,61.125,64.625,65.500,66.000,60.875,65.125,64.125,59.500,59.125,68.625,825000.380,11350115,110757108
1791013818.466,MD_BayesMVP_chunks1,70.250,63.750,60.000,61.125,64.875,65.500,66.000,61.750,65.625,63.625,59.375,59.875,68.125,825324.169,11350119,110757108
1791013819.469,MD_BayesMVP_chunks1,70.125,63.250,59.875,61.125,64.875,65.000,66.875,60.875,65.500,64.125,59.500,59.625,68.625,825647.680,11350119,110757108
1791013820.473,MD_BayesMVP_chunks1,70.000,63.250,61.875,61.500,64.625,65.500,66.000,60.875,64.750,64.500,59.375,61.000,69.000,825971.549,11350121,110757108
1791013821.476,MD_BayesMVP_chunks1,69.875,63.250,60.875,61.125,65.000,65.500,66.000,61.375,64.625,64.125,59.375,59.125,68.625,826295.685,11350130,110757108
1791013822.480,MD_BayesMVP_chunks1,69.875,64.750,60.500,61.125,64.625,65.500,66.875,60.875,66.125,63.625,59.125,59.125,69.000,826619.806,11350132,110757108
1791013823.485,MD_BayesMVP_chunks1,69.750,63.750,60.125,61.500,65.000,66.000,66.875,60.875,64.625,64.125,59.375,59.125,69.000,826944.012,11350132,110757108
1791013824.488,MD_BayesMVP_chunks1,69.750,63.750,60.500,61.500,65.000,65.500,66.375,62.750,66.375,64.125,59.500,59.375,69.000,827268.368,11350136,110757108
1791013825.492,MD_BayesMVP_chunks1,69.625,63.250,60.875,61.125,65.000,66.000,66.375,61.250,66.000,64.625,61.375,59.500,69.500,827592.107,11350138,110757108
1791013826.494,MD_BayesMVP_chunks1,69.625,63.750,60.500,61.500,64.875,66.000,66.875,60.875,68.250,64.125,59.875,59.625,69.000,827916.286,11350138,110757108
1791013827.502,MD_BayesMVP_chunks1,69.625,63.750,60.500,61.500,64.625,66.000,66.375,60.875,64.750,64.125,60.250,59.875,69.000,828241.569,11350138,110757108
1791013828.505,MD_BayesMVP_chunks1,69.625,63.750,60.875,61.125,65.000,66.000,66.875,61.875,64.750,64.125,59.500,59.500,68.625,828564.967,11350138,110757108
1791013829.508,MD_BayesMVP_chunks1,69.625,63.750,60.875,63.000,65.000,65.500,66.875,60.875,64.750,64.125,59.875,59.375,70.000,828888.681,11350142,110757108
1791013830.513,MD_BayesMVP_chunks1,69.500,63.250,60.500,62.000,64.875,66.000,66.000,60.875,64.750,65.625,59.875,59.625,67.750,829212.734,11350142,110757108
1791013831.517,MD_BayesMVP_chunks1,69.500,63.750,60.500,62.625,65.000,65.500,66.875,60.875,64.750,64.625,59.500,59.625,69.500,829536.423,11350145,110757108
1791013832.524,MD_BayesMVP_chunks1,69.500,63.750,60.500,62.000,64.625,66.000,67.250,61.000,64.750,65.125,59.500,59.625,69.000,829861.623,11350149,110757108
1791013833.527,MD_BayesMVP_chunks1,69.625,63.750,60.625,62.500,65.000,66.000,66.875,60.875,64.750,64.125,59.875,59.125,68.625,830185.799,11350149,110757108
1791013834.535,MD_BayesMVP_chunks1,69.625,63.750,60.125,62.500,65.000,65.375,66.375,60.875,65.125,64.625,59.875,59.375,69.000,830511.256,11350152,110757108
1791013835.539,MD_BayesMVP_chunks1,69.625,63.750,61.000,62.000,65.000,65.500,66.875,60.875,64.750,64.625,59.375,59.375,69.500,830835.668,11350152,110757108
1791013836.541,MD_BayesMVP_chunks1,69.625,63.625,60.500,63.000,65.375,65.500,65.000,60.875,64.750,65.000,59.875,59.625,68.625,831159.578,11350155,110757108
1791013837.546,MD_BayesMVP_chunks1,69.625,63.250,60.125,62.000,65.500,66.000,66.875,60.875,64.750,64.625,60.250,59.000,69.500,831484.076,11350155,110757108
1791013838.553,MD_BayesMVP_chunks1,69.625,63.750,60.500,62.000,65.375,66.000,66.375,62.750,64.750,64.125,59.875,59.625,69.000,831809.073,11350155,110757108
1791013839.556,MD_BayesMVP_chunks1,69.625,63.750,62.750,62.000,65.375,66.000,66.000,60.875,64.750,64.625,59.500,59.625,69.500,832133.361,11350155,110757108
1791013840.571,MD_BayesMVP_chunks1,69.625,63.750,60.500,61.500,65.375,66.000,66.875,60.875,65.125,64.125,60.000,59.625,69.000,832461.172,11350157,110757108
1791013841.575,MD_BayesMVP_chunks1,69.625,63.750,60.875,62.125,65.000,65.500,66.000,61.375,65.125,64.500,60.750,59.875,68.625,832785.777,11350157,110757108
1791013842.580,MD_BayesMVP_chunks1,69.625,63.750,60.625,61.500,65.500,65.000,66.875,60.875,65.125,64.125,60.000,59.625,69.500,833111.103,11350157,110757108
1791013843.584,MD_BayesMVP_chunks1,69.625,64.125,60.500,62.625,65.000,65.000,66.000,61.375,65.125,64.625,59.875,60.125,69.000,833435.468,11350159,110757108
1791013844.593,MD_BayesMVP_chunks1,69.625,64.125,60.875,61.500,65.500,66.000,66.875,60.875,65.125,64.250,61.375,59.625,69.000,833761.726,11350161,110757108
1791013845.596,MD_BayesMVP_chunks1,69.625,64.125,61.375,62.125,65.375,66.000,66.000,61.375,65.125,64.625,59.875,59.375,69.000,834086.329,11350161,110757108
1791013846.601,MD_BayesMVP_chunks1,69.625,63.750,60.250,61.500,65.000,66.000,65.625,60.875,65.125,64.625,59.375,61.375,70.000,834419.473,11350161,110757108
1791013847.658,MD_BayesMVP_chunks1,69.750,64.125,60.875,61.625,65.500,66.375,66.000,60.875,65.125,64.625,60.875,60.125,69.500,834752.892,11350164,110757108
1791013848.660,MD_BayesMVP_chunks1,69.750,63.375,60.875,61.500,65.000,66.375,66.000,61.375,65.125,64.625,60.875,59.625,69.500,835077.399,11350164,110757108
1791013849.665,MD_BayesMVP_chunks1,69.750,63.750,60.875,61.500,65.000,65.500,65.625,61.375,65.500,64.625,59.875,60.125,68.625,835400.686,11350164,110757108
1791013850.667,MD_BayesMVP_chunks1,69.750,66.000,60.875,61.625,65.500,66.000,66.000,61.375,65.500,64.625,59.875,59.625,69.000,835725.858,11350167,110757108
1791013851.671,MD_BayesMVP_chunks1,69.750,64.125,61.000,63.000,65.000,66.375,65.625,61.375,65.125,64.625,61.375,59.625,69.000,836051.119,11350167,110757108
1791013852.678,MD_BayesMVP_chunks1,69.750,64.500,60.875,62.125,65.000,66.000,66.000,61.750,65.125,64.500,59.875,60.125,70.000,836376.519,11350167,110757108
1791013853.684,MD_BayesMVP_chunks1,69.750,64.125,60.875,61.500,65.500,66.000,65.625,61.750,65.125,65.000,60.375,59.500,68.625,836702.537,11350168,110757108
1791013854.687,MD_BayesMVP_chunks1,69.750,63.750,60.875,61.500,67.125,65.500,65.625,61.375,65.125,65.000,59.500,60.000,68.625,837027.884,11350174,110757108
1791013855.691,MD_BayesMVP_chunks1,69.750,64.125,61.000,62.625,65.500,66.000,65.625,62.750,65.625,64.625,61.375,59.875,68.625,837352.220,11350174,110757108
1791013856.695,MD_BayesMVP_chunks1,69.875,64.125,60.500,62.125,65.375,66.000,65.125,62.750,64.750,64.625,59.875,60.500,69.500,837676.972,11350174,110757108
1791013857.703,MD_BayesMVP_chunks1,69.875,63.750,61.000,62.000,65.000,66.375,65.625,62.750,64.750,64.625,59.875,60.375,69.500,838002.900,11350174,110757108
1791013858.706,MD_BayesMVP_chunks1,69.875,63.750,60.875,63.000,65.375,66.375,66.000,61.750,65.125,64.625,59.875,60.125,69.000,838327.405,11350176,110757108
1791013859.709,MD_BayesMVP_chunks1,69.875,63.750,60.875,62.000,65.500,66.375,66.000,60.875,65.250,64.625,60.000,61.250,69.000,838651.999,11350176,110757108
1791013860.713,MD_BayesMVP_chunks1,69.875,63.750,61.375,63.000,65.375,66.375,66.375,61.750,65.125,64.625,59.875,59.500,69.500,838976.406,11350176,110757108
1791013861.715,MD_BayesMVP_chunks1,71.375,63.750,61.375,61.500,65.000,66.375,66.000,61.375,65.125,64.625,59.875,60.000,72.625,839300.986,11350178,110757108
1791013862.719,MD_BayesMVP_chunks1,71.250,66.000,61.375,62.000,65.500,66.000,67.875,61.375,65.625,64.625,61.125,60.000,70.375,839625.587,11350178,110757108
1791013863.724,MD_BayesMVP_chunks1,72.375,63.750,60.875,61.500,65.500,66.375,67.250,60.875,65.250,65.000,59.875,60.000,74.625,839948.886,11350178,110757108
1791013864.728,MD_BayesMVP_chunks1,73.125,61.250,63.250,59.125,66.000,60.750,67.750,61.375,61.625,61.250,56.625,56.625,74.125,840224.859,11350182,110757108
1791013865.729,MD_BayesMVP_chunks1,73.125,71.125,55.875,56.750,59.125,58.875,65.000,55.875,58.875,59.875,55.750,55.250,64.500,840358.157,11350187,110757108
1791013866.730,MD_BayesMVP_chunks1,72.875,70.250,55.500,55.750,58.250,60.750,65.000,55.000,61.875,59.000,55.750,54.750,58.500,840484.712,11350187,110757108
1791013867.733,MD_BayesMVP_chunks1,72.625,65.625,59.750,58.875,63.625,63.250,63.250,58.625,64.125,62.250,58.625,57.375,62.875,840650.909,11350187,110757108
1791013868.740,MD_BayesMVP_chunks1,72.125,67.375,60.500,61.125,66.000,65.500,61.000,60.375,64.125,63.625,58.625,59.125,65.000,840972.859,11350187,110757108
1791013869.747,MD_BayesMVP_chunks1,71.875,67.000,60.500,61.125,65.000,64.625,65.500,60.875,63.875,64.125,59.000,59.125,63.375,841296.759,11350191,110757108
1791013870.750,MD_BayesMVP_chunks1,71.625,67.875,60.500,61.125,64.625,65.000,65.500,60.875,64.375,64.125,59.000,59.125,63.625,841619.983,11350191,110757108
1791013871.758,MD_BayesMVP_chunks1,71.375,67.375,61.125,61.125,64.625,64.625,65.500,60.875,64.250,64.125,59.375,59.125,64.750,841944.633,11350191,110757108
1791013872.765,MD_BayesMVP_chunks1,71.125,68.375,60.500,61.500,64.875,65.000,59.250,60.875,64.250,64.125,59.125,59.125,64.250,842268.942,11350193,110757108
1791013873.769,MD_BayesMVP_chunks1,70.875,67.875,61.625,60.625,66.250,65.000,65.000,60.875,64.375,64.125,59.375,59.125,63.625,842593.443,11350193,110757108
1791013874.776,MD_BayesMVP_chunks1,70.750,68.375,60.875,61.500,64.375,65.500,65.500,60.875,64.625,64.125,59.375,59.375,63.875,842918.238,11350198,110757108
1791013875.780,MD_BayesMVP_chunks1,70.625,68.875,60.500,61.125,65.000,65.500,65.000,60.875,65.500,63.625,59.125,59.625,65.375,843241.918,11350198,110757108
1791013876.787,MD_BayesMVP_chunks1,70.500,69.750,60.500,61.500,64.875,67.375,65.500,60.875,64.750,64.625,59.500,59.125,64.125,843566.618,11350201,110757108
1791013877.790,MD_BayesMVP_chunks1,70.375,68.375,60.625,61.500,65.500,65.000,65.500,60.875,65.625,64.125,59.375,59.375,64.125,843890.888,11350201,110757108
1791013878.797,MD_BayesMVP_chunks1,70.250,68.875,60.500,61.500,65.000,66.000,65.000,61.375,65.625,64.625,59.500,59.625,64.500,844215.228,11350201,110757108
1791013879.803,MD_BayesMVP_chunks1,70.125,69.250,60.500,61.500,65.000,65.500,65.500,60.875,65.125,64.625,59.375,59.625,63.875,844540.257,11350202,110757108
1791013880.810,MD_BayesMVP_chunks1,70.125,69.750,60.500,61.125,64.875,65.000,66.375,60.875,64.750,64.625,59.500,59.875,63.875,844865.324,11350204,110757108
1791013881.818,MD_BayesMVP_chunks1,70.000,70.250,62.875,61.500,65.375,66.000,67.250,60.875,64.625,64.125,60.500,59.875,64.750,845190.925,11350204,110757108
1791013882.822,MD_BayesMVP_chunks1,70.000,69.250,60.500,61.500,65.000,66.000,66.375,60.875,64.750,64.125,59.500,59.500,65.125,845514.499,11350205,110757108
1791013883.826,MD_BayesMVP_chunks1,69.875,69.250,60.500,61.500,65.000,66.000,65.875,61.375,64.750,64.125,59.500,60.375,65.125,845838.129,11350207,110757108
1791013884.829,MD_BayesMVP_chunks1,69.875,68.875,60.875,62.000,66.250,65.500,66.375,62.375,64.750,64.125,59.500,59.875,65.625,846161.769,11350210,110757108
1791013885.832,MD_BayesMVP_chunks1,69.875,69.250,60.875,61.500,65.000,66.000,65.875,60.875,64.625,64.125,59.500,59.125,65.125,846486.043,11350210,110757108
1791013886.842,MD_BayesMVP_chunks1,69.875,69.250,60.875,62.000,65.500,66.000,66.750,61.750,64.750,64.625,59.375,60.875,64.125,846812.294,11350210,110757108
1791013887.850,MD_BayesMVP_chunks1,69.875,69.750,61.375,62.000,66.875,66.000,67.875,61.375,66.000,64.500,60.875,59.625,64.375,847138.130,11350211,110757108
1791013888.852,MD_BayesMVP_chunks1,69.875,68.875,60.875,61.125,65.000,65.500,65.625,61.375,64.750,64.125,59.875,59.625,64.375,847461.929,11350211,110757108
1791013889.856,MD_BayesMVP_chunks1,69.875,69.250,60.875,61.125,65.375,66.000,65.625,61.750,66.500,64.500,59.500,59.625,64.125,847785.126,11350211,110757108
1791013890.859,MD_BayesMVP_chunks1,69.875,70.250,60.500,61.500,65.375,66.375,66.000,61.875,66.000,64.625,59.500,59.625,64.500,848108.562,11350211,110757108
1791013891.862,MD_BayesMVP_chunks1,69.875,68.875,60.750,61.625,65.375,66.000,67.250,61.375,64.750,64.250,59.500,59.125,64.500,848431.332,11350213,110757108
1791013892.866,MD_BayesMVP_chunks1,69.875,69.750,60.875,61.125,65.000,66.000,67.750,62.375,64.750,64.125,60.500,59.625,64.500,848754.100,11350213,110757108
1791013893.870,MD_BayesMVP_chunks1,69.875,69.750,60.500,61.500,65.000,66.000,68.250,60.875,65.125,65.125,61.125,60.875,64.125,849076.730,11350213,110757108
1791013894.872,MD_BayesMVP_chunks1,69.875,68.875,61.000,62.000,65.000,66.000,66.875,62.750,65.125,64.625,60.000,60.500,64.250,849399.672,11350214,110757108
1791013895.876,MD_BayesMVP_chunks1,69.875,68.375,60.875,61.125,65.000,66.375,66.875,61.375,65.125,65.625,59.875,60.000,64.000,849722.608,11350214,110757108
1791013896.880,MD_BayesMVP_chunks1,69.875,69.250,61.000,61.500,64.875,65.500,67.250,60.875,66.500,65.875,59.875,59.625,65.375,850045.560,11350214,110757108
1791013897.887,MD_BayesMVP_chunks1,69.875,68.875,60.500,62.125,65.750,66.000,67.750,61.750,64.750,64.500,59.875,59.875,63.875,850370.673,11350214,110757108
1791013898.890,MD_BayesMVP_chunks1,69.875,69.250,60.875,61.500,65.500,66.375,67.750,60.875,64.750,64.625,61.625,60.000,64.125,850695.232,11350215,110757108
1791013899.894,MD_BayesMVP_chunks1,69.875,69.250,60.875,61.500,65.500,66.000,67.250,60.875,65.125,64.500,59.875,60.125,64.125,851019.537,11350215,110757108
1791013900.897,MD_BayesMVP_chunks1,69.875,69.750,60.625,61.500,65.500,65.500,67.750,61.375,64.750,64.500,59.875,60.375,64.500,851343.940,11350215,110757108
1791013901.901,MD_BayesMVP_chunks1,69.875,69.250,60.875,62.625,65.500,66.375,68.250,61.750,65.125,64.625,59.875,60.875,64.125,851668.131,11350216,110757108
1791013902.904,MD_BayesMVP_chunks1,69.875,69.750,61.125,61.500,65.000,66.000,67.750,61.375,66.500,64.500,59.625,60.125,64.125,851991.900,11350216,110757108
1791013903.908,MD_BayesMVP_chunks1,70.000,69.250,60.875,62.000,65.500,66.375,68.250,61.375,64.625,64.625,60.750,59.500,64.500,852316.532,11350216,110757108
1791013904.916,MD_BayesMVP_chunks1,70.000,69.250,60.875,62.000,65.500,66.000,67.250,61.375,65.125,66.000,59.875,60.000,64.250,852642.017,11350216,110757108
1791013905.923,MD_BayesMVP_chunks1,70.000,70.250,60.875,62.000,65.500,66.375,66.375,61.375,64.750,65.000,59.875,60.375,64.375,852967.256,11350217,110757108
1791013906.928,MD_BayesMVP_chunks1,70.000,69.750,60.875,61.500,65.500,66.375,68.250,60.875,64.750,65.000,59.875,60.000,64.125,853292.201,11350217,110757108
1791013907.943,MD_BayesMVP_chunks1,70.000,69.750,60.875,62.000,65.375,66.375,67.750,61.375,65.125,65.000,59.875,60.125,66.500,853620.281,11350217,110757108
1791013908.946,MD_BayesMVP_chunks1,70.000,68.875,61.375,61.500,65.500,66.375,67.250,60.875,64.750,66.375,61.000,60.375,64.250,853944.689,11350217,110757108
1791013909.953,MD_BayesMVP_chunks1,70.375,69.250,61.375,61.500,65.500,66.375,66.375,61.375,64.750,64.500,59.500,61.375,64.250,854270.510,11350218,110757108
1791013910.959,MD_BayesMVP_chunks1,70.625,69.250,61.000,61.500,65.000,66.375,69.125,61.375,65.500,64.500,59.875,59.625,64.250,854595.469,11350218,110757108
1791013911.963,MD_BayesMVP_chunks1,70.500,69.250,61.000,62.000,66.000,66.375,66.875,61.250,66.875,64.250,59.875,59.875,64.375,854920.437,11350218,110757108
1791013912.967,MD_BayesMVP_chunks1,70.375,70.625,61.000,61.500,66.000,66.000,67.250,61.375,64.750,66.000,59.875,59.875,64.500,855245.496,11350219,110757108
1791013913.970,MD_BayesMVP_chunks1,70.375,70.250,61.375,62.625,65.500,66.375,66.750,60.875,64.750,64.500,59.625,59.875,64.500,855569.901,11350219,110757108
1791013914.973,MD_BayesMVP_chunks1,70.375,69.750,61.375,62.000,65.500,66.375,67.625,61.750,65.125,64.625,61.250,61.750,64.375,855894.060,11350219,110757108
1791013915.976,MD_BayesMVP_chunks1,70.250,69.750,61.875,61.500,65.000,66.000,67.625,61.375,65.125,65.000,59.875,60.125,64.000,856218.370,11350219,110757108
1791013916.980,MD_BayesMVP_chunks1,70.250,70.625,61.375,62.000,65.000,66.375,67.625,61.375,65.125,65.000,59.625,60.125,64.375,856542.132,11350219,110757108
1791013917.983,MD_BayesMVP_chunks1,70.375,73.500,61.000,62.000,65.500,66.875,66.750,61.375,65.125,65.000,59.875,60.000,64.500,856866.363,11350219,110757108
1791013918.986,MD_BayesMVP_chunks1,70.500,69.750,61.000,61.625,65.500,66.375,68.625,61.750,65.625,65.375,60.000,59.625,64.250,857189.386,11350219,110757108
1791013919.991,MD_BayesMVP_chunks1,71.750,72.500,61.375,62.000,64.875,67.375,67.625,65.500,67.000,70.125,59.500,60.375,64.500,857497.212,11350219,110757108
1791013920.993,MD_BayesMVP_chunks1,71.875,71.625,56.375,57.125,62.250,65.500,66.375,56.375,60.250,60.375,56.125,55.250,63.125,857683.899,11350220,110757108
1791013921.994,MD_BayesMVP_chunks1,71.750,70.625,55.875,56.250,59.000,58.500,65.375,55.875,59.375,59.875,55.250,55.250,64.125,857806.267,11350220,110757108
1791013922.995,MD_BayesMVP_chunks1,71.625,70.250,55.500,57.125,59.875,58.500,65.000,55.500,60.250,58.500,54.375,54.250,62.250,857926.474,11350220,110757108
1791013923.997,MD_BayesMVP_chunks1,71.375,67.875,59.750,60.625,63.625,65.000,65.375,59.625,63.875,63.250,59.000,58.500,63.125,858191.341,11350220,110757108
1791013925.006,MD_BayesMVP_chunks1,71.125,68.875,60.125,61.125,64.125,65.500,66.750,60.000,64.375,63.750,59.000,58.750,63.000,858513.962,11350221,110757108
1791013926.008,MD_BayesMVP_chunks1,70.875,69.250,60.500,61.125,65.000,66.000,66.375,60.875,64.375,63.750,59.375,59.875,63.500,858837.197,11350221,110757108
1791013927.011,MD_BayesMVP_chunks1,70.750,69.250,60.875,61.500,64.625,65.500,66.750,60.875,65.125,64.625,59.375,60.875,63.625,859160.467,11350221,110757108
1791013928.017,MD_BayesMVP_chunks1,70.625,69.250,60.875,61.500,64.875,65.500,65.875,60.875,65.500,64.625,59.375,59.875,64.125,859485.202,11350221,110757108
1791013929.023,MD_BayesMVP_chunks1,70.500,68.375,61.000,61.500,64.375,65.500,66.375,60.875,64.625,64.125,59.875,59.125,63.625,859809.114,11350221,110757108
1791013930.024,MD_BayesMVP_chunks1,70.375,68.375,62.250,61.125,64.625,66.375,66.375,60.875,64.625,64.125,60.000,59.000,64.000,860132.777,11350221,110757108
1791013931.026,MD_BayesMVP_chunks1,70.250,69.250,63.250,61.125,64.625,66.000,66.375,60.875,64.750,64.125,59.500,59.375,63.875,860456.827,11350221,110757108
1791013932.066,MD_BayesMVP_chunks1,70.125,68.375,62.875,61.125,65.000,66.000,67.625,60.500,64.750,64.625,59.500,59.375,64.125,860792.342,11350221,110757108
1791013933.076,MD_BayesMVP_chunks1,70.125,69.250,61.500,62.000,65.000,66.000,65.875,63.125,65.125,64.500,59.500,59.500,63.625,861118.112,11350221,110757108
1791013934.087,MD_BayesMVP_chunks1,70.000,69.250,61.875,61.500,64.625,65.500,66.750,61.000,64.625,64.125,59.875,59.375,64.125,861445.619,11350221,110757108
1791013935.095,MD_BayesMVP_chunks1,70.000,69.250,60.500,63.375,64.625,66.000,65.375,61.375,64.625,65.625,59.875,59.625,64.125,861768.629,11350223,110757108
1791013936.098,MD_BayesMVP_chunks1,69.875,69.750,60.250,61.125,64.875,66.000,67.250,60.875,65.500,64.250,59.500,59.875,64.000,862092.637,11350223,110757108
1791013937.102,MD_BayesMVP_chunks1,69.875,69.250,60.500,61.500,64.875,66.000,66.750,60.875,66.500,64.125,59.875,59.625,64.125,862416.300,11350223,110757108
1791013938.106,MD_BayesMVP_chunks1,69.875,68.875,60.500,61.125,66.375,65.500,66.750,60.875,64.375,64.125,59.500,59.625,64.250,862739.955,11350223,110757108
1791013939.110,MD_BayesMVP_chunks1,69.875,69.250,60.625,61.125,65.500,65.500,66.375,61.375,64.625,64.125,59.875,59.500,64.250,863063.554,11350223,110757108
1791013940.112,MD_BayesMVP_chunks1,69.875,69.750,60.875,61.125,65.000,66.000,67.250,60.875,64.750,64.125,59.750,59.500,64.000,863386.653,11350223,110757108
1791013941.121,MD_BayesMVP_chunks1,69.875,70.250,60.500,61.500,65.000,66.000,67.250,60.875,64.625,65.125,59.875,60.375,64.125,863710.791,11350224,110757108
1791013942.124,MD_BayesMVP_chunks1,69.875,69.250,60.875,62.000,65.000,66.000,66.750,61.375,66.000,64.625,59.500,59.375,64.000,864033.675,11350224,110757108
1791013943.128,MD_BayesMVP_chunks1,69.875,69.750,60.500,61.500,65.000,68.250,67.250,61.375,65.125,64.625,59.500,59.625,64.250,864356.529,11350224,110757108
1791013944.132,MD_BayesMVP_chunks1,69.875,69.250,61.375,61.625,65.500,65.000,66.750,61.000,64.750,64.125,59.875,59.500,64.000,864680.260,11350224,110757108
1791013945.134,MD_BayesMVP_chunks1,69.875,70.250,60.875,61.500,65.500,65.500,66.750,61.375,64.750,65.875,60.500,59.625,64.375,865003.444,11350225,110757108
1791013946.136,MD_BayesMVP_chunks1,69.875,69.250,60.875,61.500,65.000,65.000,66.750,61.000,64.750,66.375,59.500,60.000,65.375,865326.826,11350226,110757108
1791013947.138,MD_BayesMVP_chunks1,69.875,69.250,60.875,63.375,65.000,66.000,66.375,61.375,65.500,64.500,59.875,60.375,64.375,865649.605,11350226,110757108
1791013948.139,MD_BayesMVP_chunks1,69.875,68.875,60.875,61.125,65.500,66.000,66.750,61.375,64.750,64.500,60.375,60.000,64.375,865973.395,11350226,110757108
1791013949.141,MD_BayesMVP_chunks1,69.875,68.875,61.000,61.500,65.000,66.000,66.750,61.375,64.750,64.625,59.750,59.875,64.375,866297.436,11350230,110757108
1791013950.156,MD_BayesMVP_chunks1,69.875,68.875,60.875,61.500,65.500,66.375,67.250,61.375,65.125,64.625,59.500,59.625,64.125,866625.101,11350230,110757108
1791013951.160,MD_BayesMVP_chunks1,69.875,68.875,61.125,62.000,65.000,66.000,66.750,60.875,64.750,64.625,59.875,60.000,64.250,866948.998,11350230,110757108
1791013952.162,MD_BayesMVP_chunks1,69.875,69.250,61.375,62.125,65.000,66.000,67.625,61.375,64.625,64.500,60.000,59.625,64.375,867272.534,11350230,110757108
1791013953.166,MD_BayesMVP_chunks1,69.875,69.250,60.750,62.000,65.000,66.375,67.250,61.375,64.750,66.375,59.875,60.000,64.125,867597.038,11350232,110757108
1791013954.170,MD_BayesMVP_chunks1,69.875,69.750,60.875,61.500,65.500,66.375,66.750,61.375,65.125,64.625,61.375,60.125,64.250,867921.992,11350232,110757108
1791013955.177,MD_BayesMVP_chunks1,69.875,69.750,61.375,62.000,65.000,66.375,67.250,61.750,66.000,64.625,61.250,59.500,64.125,868246.803,11350236,110757108
1791013956.198,MD_BayesMVP_chunks1,69.875,69.250,61.625,62.000,65.000,66.375,66.750,61.375,64.750,64.625,59.875,59.875,65.375,868577.317,11350236,110757108
1791013957.362,MD_BayesMVP_chunks1,69.875,69.750,60.875,61.500,67.375,66.000,66.375,60.875,65.125,64.625,59.875,60.875,64.250,868953.258,11350237,110757108
1791013958.364,MD_BayesMVP_chunks1,69.875,68.375,60.875,62.000,65.500,66.000,67.625,61.375,64.750,65.500,61.375,59.500,64.375,869277.265,11350237,110757108
1791013959.366,MD_BayesMVP_chunks1,69.875,69.750,60.875,62.000,66.875,66.375,66.875,61.375,65.500,65.000,60.375,59.500,64.250,869601.423,11350237,110757108
1791013960.369,MD_BayesMVP_chunks1,69.875,69.250,60.875,61.500,65.500,66.000,68.250,61.375,65.125,65.000,59.875,59.500,64.750,869925.479,11350238,110757108
1791013961.412,MD_BayesMVP_chunks1,69.875,69.250,60.500,62.000,65.500,66.375,67.750,61.750,66.000,64.625,59.875,60.000,65.375,870261.454,11350238,110757108
1791013962.475,MD_BayesMVP_chunks1,70.000,70.250,60.875,62.000,65.500,66.375,67.750,60.875,66.125,64.625,60.250,59.625,64.375,870603.883,11350238,110757108
1791013963.480,MD_BayesMVP_chunks1,70.250,73.875,61.375,61.125,65.000,66.375,68.250,60.875,65.125,65.000,60.000,59.875,64.250,870927.827,11350238,110757108
1791013964.491,MD_BayesMVP_chunks1,70.750,68.875,60.875,61.500,66.375,66.375,67.250,62.250,65.125,64.625,59.875,59.875,65.375,871253.676,11350240,110757108
1791013965.499,MD_BayesMVP_chunks1,70.625,69.250,60.625,61.500,65.000,66.375,65.500,61.375,65.125,65.000,60.375,59.625,64.250,871577.966,11350244,110757108
1791013966.502,MD_BayesMVP_chunks1,70.500,69.750,60.875,62.000,65.500,66.000,66.000,61.375,64.750,65.000,59.875,59.625,64.375,871901.989,11350244,110757108
1791013967.505,MD_BayesMVP_chunks1,70.500,69.250,60.875,61.500,66.375,66.375,66.000,61.375,65.125,64.625,61.375,59.875,64.500,872226.492,11350246,110757108
1791013968.513,MD_BayesMVP_chunks1,70.375,68.750,60.875,61.500,65.500,66.375,67.250,60.875,64.750,65.500,60.375,59.625,64.500,872552.167,11350246,110757108
1791013969.516,MD_BayesMVP_chunks1,70.375,69.625,60.875,62.000,65.500,66.375,67.750,61.750,65.250,64.625,59.875,59.875,64.375,872877.132,11350246,110757108
1791013970.520,MD_BayesMVP_chunks1,70.250,68.750,60.875,62.625,65.500,66.375,67.250,61.375,65.125,64.125,61.375,60.375,64.750,873202.494,11350246,110757108
1791013971.526,MD_BayesMVP_chunks1,70.250,69.250,60.875,61.500,65.000,66.375,66.375,61.750,65.125,64.625,59.875,60.125,64.500,873527.638,11350268,110757108
1791013972.533,MD_BayesMVP_chunks1,70.250,69.625,61.375,62.000,65.000,66.000,66.000,61.375,65.125,64.625,59.625,59.875,64.500,873854.202,11350268,110757108
1791013973.540,MD_BayesMVP_chunks1,70.125,69.625,61.500,62.000,65.000,66.375,67.250,61.750,65.125,64.625,60.500,60.000,64.500,874179.406,11350270,110757108
1791013974.546,MD_BayesMVP_chunks1,70.875,69.250,62.000,62.000,65.000,66.375,67.750,60.875,66.000,64.625,60.250,59.625,65.000,874504.516,11350270,110757108
1791013975.550,MD_BayesMVP_chunks1,71.750,71.500,61.000,62.500,65.500,66.875,66.875,61.375,66.125,64.625,59.500,59.625,64.375,874826.276,11350271,110757108
1791013976.557,MD_BayesMVP_chunks1,71.750,71.500,56.375,61.625,60.000,65.875,65.500,59.125,60.250,60.375,56.125,56.625,60.750,875059.911,11350271,110757108
1791013977.558,MD_BayesMVP_chunks1,71.750,70.625,55.875,56.750,58.625,63.125,64.625,58.625,59.375,59.375,54.750,55.250,58.500,875179.880,11350272,110757108
1791013978.560,MD_BayesMVP_chunks1,71.500,69.625,55.500,55.750,57.750,64.500,64.125,55.500,58.500,59.375,58.000,56.000,64.750,875299.476,11350273,110757108
1791013979.561,MD_BayesMVP_chunks1,71.375,63.625,55.500,55.750,57.750,63.125,64.125,55.500,58.000,59.000,54.750,54.250,58.625,875420.851,11350273,110757108
1791013980.561,idle_before_AD_Stan_chunks1,71.250,58.500,55.000,55.250,58.125,60.375,63.250,55.000,58.000,59.000,58.625,53.875,69.000,875536.583,11350273,110757108
1791013981.562,idle_before_AD_Stan_chunks1,71.000,57.500,54.500,54.750,57.250,57.500,63.250,54.500,57.500,58.125,53.875,54.250,69.000,875651.299,11350273,110757108
1791013982.564,idle_before_AD_Stan_chunks1,70.750,57.500,55.000,54.750,56.875,60.625,63.250,54.500,57.500,58.500,53.875,53.375,69.000,875764.744,11350276,110757108
1791013983.565,idle_before_AD_Stan_chunks1,70.625,57.125,54.500,56.750,57.250,57.000,62.875,54.125,57.125,58.125,53.875,53.375,69.000,875881.021,11350276,110757108
1791013984.566,idle_before_AD_Stan_chunks1,70.375,57.125,54.500,55.250,56.375,59.375,62.875,54.500,57.125,57.625,53.875,52.875,68.625,875996.225,11350276,110757108
1791013985.567,idle_before_AD_Stan_chunks1,70.125,56.625,54.125,54.750,60.375,56.625,62.875,53.625,57.125,57.250,53.375,52.375,68.125,876111.012,11350282,110757108
1791013986.568,idle_before_AD_Stan_chunks1,70.000,58.000,54.625,54.375,56.000,56.625,62.875,53.625,56.625,57.250,54.000,52.875,67.750,876224.969,11350282,110757108
1791013987.569,idle_before_AD_Stan_chunks1,69.750,56.125,53.625,53.875,55.500,56.625,61.875,53.125,56.625,56.750,53.375,54.125,68.125,876342.318,11350282,110757108
1791013988.571,idle_before_AD_Stan_chunks1,69.625,56.125,53.125,53.875,56.000,56.125,61.875,54.250,56.250,56.750,52.500,54.750,68.125,876455.842,11350282,110757108
1791013989.572,idle_before_AD_Stan_chunks1,69.375,56.125,53.125,53.375,55.500,55.625,62.375,53.125,58.375,56.250,52.875,52.875,67.250,876571.558,11350284,110757108
1791013990.573,idle_before_AD_Stan_chunks1,69.125,56.125,53.125,53.375,59.500,55.625,61.875,52.750,56.250,56.250,52.875,52.000,67.250,876684.804,11350284,110757108
1791013991.574,idle_before_AD_Stan_chunks1,69.000,55.750,55.250,53.375,55.500,55.125,61.000,52.750,55.750,56.250,52.500,52.000,66.750,876800.289,11350284,110757108
1791013992.575,idle_before_AD_Stan_chunks1,68.750,55.750,53.125,52.875,54.875,55.125,61.500,52.250,55.250,55.875,54.375,52.000,66.750,876913.795,11350284,110757108
1791013993.577,idle_before_AD_Stan_chunks1,68.625,55.750,53.125,53.375,55.375,54.750,61.500,52.250,55.250,55.875,54.375,51.500,66.750,877029.146,11350284,110757108
1791013994.578,idle_before_AD_Stan_chunks1,68.375,55.250,55.000,53.375,54.625,55.125,61.500,52.250,55.250,55.375,52.500,51.500,66.375,877142.332,11350284,110757108
1791013995.579,idle_before_AD_Stan_chunks1,68.125,55.250,56.500,52.875,54.625,54.750,61.000,52.250,55.250,55.875,52.000,52.375,66.375,877258.578,11350285,110757108
1791013996.580,idle_before_AD_Stan_chunks1,68.000,55.750,52.250,52.875,54.625,54.750,61.000,51.875,63.750,55.375,52.000,51.000,65.875,877372.856,11350285,110757108
1791013997.581,idle_before_AD_Stan_chunks1,67.750,55.750,56.750,52.375,54.625,58.500,60.625,51.875,54.875,55.375,51.500,51.000,65.875,877486.153,11350285,110757108
1791013998.582,idle_before_AD_Stan_chunks1,67.625,54.750,51.750,52.375,54.125,54.250,61.000,51.875,55.250,55.875,51.500,51.000,65.875,877604.312,11350285,110757108
1791013999.584,idle_before_AD_Stan_chunks1,67.375,54.250,52.250,52.375,55.750,54.250,60.625,51.375,55.250,55.000,54.125,50.500,65.875,877716.686,11350285,110757108
1791014000.585,idle_before_AD_Stan_chunks1,67.250,54.250,52.250,52.000,54.125,54.250,60.125,51.375,55.250,55.000,51.000,50.500,65.875,877831.198,11350287,110757108
1791014001.586,idle_before_AD_Stan_chunks1,67.125,54.250,52.750,52.000,53.750,55.625,60.125,51.375,54.375,54.500,51.000,50.500,65.875,877944.035,11350287,110757108
1791014002.587,idle_before_AD_Stan_chunks1,66.875,54.250,52.250,52.000,53.750,54.250,59.625,51.375,54.000,54.500,51.000,50.500,65.000,878058.175,11350287,110757108
1791014003.588,idle_before_AD_Stan_chunks1,66.750,54.250,53.625,53.875,53.250,53.375,59.625,51.375,54.000,54.125,51.000,50.125,65.000,878171.195,11350289,110757108
1791014004.589,idle_before_AD_Stan_chunks1,66.500,54.250,51.875,51.500,53.875,54.250,60.125,50.875,54.000,54.500,50.625,50.500,65.000,878286.491,11350289,110757108
1791014005.591,idle_before_AD_Stan_chunks1,66.375,56.000,51.750,59.500,52.750,53.375,59.625,50.875,53.500,54.125,50.625,50.125,64.500,878399.263,11350293,110757108
1791014006.592,idle_before_AD_Stan_chunks1,66.250,53.875,51.750,51.500,53.125,53.375,59.250,53.250,53.500,54.125,51.000,50.125,64.125,878513.323,11350293,110757108
1791014007.593,idle_before_AD_Stan_chunks1,66.000,53.375,51.250,51.500,53.250,52.875,59.625,50.500,53.500,53.625,50.625,50.125,64.500,878626.695,11350295,110757108
1791014008.594,idle_before_AD_Stan_chunks1,65.875,53.375,50.750,51.500,52.750,52.875,59.250,50.875,53.000,53.625,50.625,52.000,64.125,878740.403,11350295,110757108
1791014009.595,idle_before_AD_Stan_chunks1,65.750,53.375,50.750,51.000,52.500,52.875,59.250,50.875,53.000,53.625,50.625,50.125,64.500,878852.666,11350295,110757108
1791014010.596,idle_before_AD_Stan_chunks1,65.500,53.375,50.750,51.000,52.375,52.375,59.250,52.750,53.000,53.625,50.125,50.125,64.125,878966.863,11350298,110757108
1791014011.598,idle_before_AD_Stan_chunks1,65.375,52.875,53.250,50.500,52.375,52.375,59.250,50.000,53.000,53.625,50.625,49.125,64.125,879079.569,11350298,110757108
1791014012.599,idle_before_AD_Stan_chunks1,65.250,52.875,50.375,51.000,55.750,65.000,58.750,50.000,52.625,53.625,50.625,49.625,52.250,879194.444,11350298,110757108
1791014013.600,idle_before_AD_Stan_chunks1,65.250,53.375,50.375,50.500,52.750,65.000,58.750,50.500,52.625,53.125,51.500,49.625,52.250,879309.496,11350299,110757108
1791014014.601,idle_before_AD_Stan_chunks1,65.250,52.875,50.375,51.000,52.375,65.000,58.750,55.500,52.625,53.125,51.750,49.625,51.875,879425.772,11350302,110757108
1791014015.602,idle_before_AD_Stan_chunks1,65.125,52.875,50.375,51.500,52.375,64.500,58.750,50.500,52.625,53.625,50.125,49.125,51.875,879540.335,11350302,110757108
1791014016.604,idle_before_AD_Stan_chunks1,65.125,52.375,52.375,50.500,52.375,64.500,58.750,56.750,52.125,52.750,49.625,48.750,56.375,879656.047,11350302,110757108
1791014017.605,idle_before_AD_Stan_chunks1,65.000,52.375,50.375,50.000,53.500,64.500,58.750,50.500,52.625,53.125,49.625,48.750,51.875,879771.159,11350302,110757108
1791014018.606,idle_before_AD_Stan_chunks1,64.500,52.375,53.750,50.000,53.250,52.375,59.250,50.000,52.125,52.750,61.125,48.750,51.375,879884.684,11350302,110757108
1791014019.607,idle_before_AD_Stan_chunks1,64.000,52.375,50.375,50.500,52.375,51.875,59.250,51.375,52.625,52.750,60.750,49.125,51.375,880005.914,11350302,110757108
1791014020.608,idle_before_AD_Stan_chunks1,63.500,55.750,61.500,50.000,51.875,51.500,58.750,50.000,54.250,52.750,51.000,48.750,51.000,880121.912,11350302,110757108
1791014021.609,idle_before_AD_Stan_chunks1,63.000,52.000,62.000,51.000,51.875,51.875,58.375,50.000,51.750,52.250,49.625,49.125,51.375,880237.853,11350303,110757108
1791014022.611,idle_before_AD_Stan_chunks1,62.625,52.375,62.500,50.000,51.875,53.625,58.375,50.000,51.750,52.750,49.625,48.750,51.000,880352.002,11350303,110757108
1791014023.612,idle_before_AD_Stan_chunks1,62.250,52.375,61.500,50.000,51.500,51.875,57.875,49.500,51.750,52.250,49.250,48.750,51.375,880468.782,11350303,110757108
1791014024.613,idle_before_AD_Stan_chunks1,61.875,52.375,61.500,50.000,51.625,51.000,58.375,50.000,51.750,51.875,49.625,48.750,51.000,880583.073,11350303,110757108
1791014025.614,idle_before_AD_Stan_chunks1,61.750,52.000,49.875,50.000,51.500,51.875,58.375,49.500,51.250,51.875,60.750,48.750,51.000,880698.638,11350306,110757108
1791014026.615,idle_before_AD_Stan_chunks1,61.625,51.500,49.375,50.000,51.000,51.625,58.375,49.500,51.250,51.875,61.125,49.125,50.500,880813.697,11350306,110757108
1791014027.616,idle_before_AD_Stan_chunks1,61.500,52.000,49.375,49.625,51.500,51.000,58.375,49.500,51.750,51.875,60.250,48.750,51.000,880931.439,11350306,110757108
1791014028.618,idle_before_AD_Stan_chunks1,61.375,51.500,49.375,49.625,53.875,51.500,58.375,49.500,51.750,51.875,60.250,48.250,51.000,881044.742,11350309,110757108
1791014029.619,idle_before_AD_Stan_chunks1,61.250,51.500,49.375,49.625,50.625,51.000,57.875,49.500,51.250,51.875,60.250,48.750,50.500,881160.332,11350309,110757108
1791014030.620,idle_before_AD_Stan_chunks1,61.250,51.500,59.750,51.125,51.000,51.000,58.375,49.500,51.250,51.375,60.750,48.750,50.125,881278.238,11350310,110757108
1791014031.621,idle_before_AD_Stan_chunks1,61.125,51.500,49.375,51.750,50.500,51.000,57.500,49.500,51.250,51.000,59.750,48.250,50.125,881396.271,11350310,110757108
1791014032.622,idle_before_AD_Stan_chunks1,61.000,51.000,48.875,50.750,50.250,51.000,57.875,49.500,50.875,51.375,60.250,48.375,50.500,881510.992,11350313,110757108
1791014033.623,idle_before_AD_Stan_chunks1,60.875,51.000,48.875,49.625,50.500,51.500,57.875,49.125,50.875,51.375,60.250,50.750,50.125,881627.109,11350313,110757108
1791014034.624,idle_before_AD_Stan_chunks1,60.750,51.000,48.875,49.625,51.125,50.500,57.875,49.500,50.875,51.000,59.750,52.000,50.125,881742.621,11350313,110757108
1791014035.626,idle_before_AD_Stan_chunks1,60.750,51.000,48.875,49.625,51.000,50.500,57.500,49.500,54.000,52.500,59.750,48.250,54.500,881858.638,11350319,110757108
1791014036.627,idle_before_AD_Stan_chunks1,60.625,51.000,48.500,49.625,50.500,50.500,57.500,49.125,54.000,62.375,48.750,48.250,50.125,881972.898,11350319,110757108
1791014037.628,idle_before_AD_Stan_chunks1,60.875,51.000,48.500,52.500,50.500,52.875,57.500,48.625,50.875,51.375,48.750,47.750,61.375,882086.999,11350320,110757108
1791014038.629,idle_before_AD_Stan_chunks1,61.250,51.000,48.500,48.625,50.125,50.000,57.500,49.500,50.875,51.000,48.250,48.250,61.750,882201.088,11350320,110757108
1791014039.630,idle_before_AD_Stan_chunks1,61.500,54.000,48.500,49.625,50.625,50.000,57.000,48.625,50.875,53.125,48.750,48.250,61.375,882314.960,11350322,110757108
1791014040.631,idle_before_AD_Stan_chunks1,61.500,51.000,48.500,49.125,50.125,50.000,57.000,48.625,50.875,53.875,48.750,47.750,61.750,882431.318,11350322,110757108
1791014041.632,idle_before_AD_Stan_chunks1,61.625,51.000,51.125,49.125,50.250,50.500,57.000,48.625,50.875,51.000,48.750,47.250,61.750,882548.584,11350322,110757108
1791014042.633,idle_before_AD_Stan_chunks1,61.625,50.125,48.500,48.625,50.125,49.625,57.000,48.625,50.875,51.000,48.750,47.750,61.375,882663.297,11350324,110757108
1791014043.634,idle_before_AD_Stan_chunks1,61.625,50.500,48.000,48.625,50.125,50.500,57.000,48.125,50.375,51.000,47.750,47.250,61.375,882776.137,11350324,110757108
1791014044.636,idle_before_AD_Stan_chunks1,61.500,52.125,48.500,49.125,50.250,50.500,57.000,48.125,50.375,51.000,47.375,47.250,61.375,882892.029,11350324,110757108
1791014045.637,idle_before_AD_Stan_chunks1,61.500,51.500,48.500,48.625,49.625,50.000,57.000,48.625,50.375,51.000,48.250,47.250,61.375,883005.161,11350324,110757108
1791014046.638,idle_before_AD_Stan_chunks1,61.500,50.500,48.000,49.625,49.625,49.625,57.000,48.625,50.375,50.500,48.250,47.250,61.375,883120.844,11350325,110757108
1791014047.639,idle_before_AD_Stan_chunks1,61.500,50.500,48.500,51.750,49.250,49.125,57.000,48.625,49.875,50.500,47.750,47.750,61.375,883233.335,11350325,110757108
1791014048.640,idle_before_AD_Stan_chunks1,61.375,50.125,48.000,48.625,49.750,51.250,57.000,48.625,50.375,50.500,48.250,47.250,60.875,883347.919,11350325,110757108
1791014049.641,idle_before_AD_Stan_chunks1,61.375,50.125,48.000,49.125,50.125,52.375,57.000,48.625,50.375,50.500,47.750,47.750,60.875,883463.438,11350325,110757108
1791014050.643,idle_before_AD_Stan_chunks1,61.625,50.500,48.500,48.625,61.750,49.625,57.000,48.125,50.375,50.125,48.250,47.250,50.000,883581.296,11350326,110757108
1791014051.644,idle_before_AD_Stan_chunks1,61.875,50.125,48.000,48.125,50.125,61.750,56.500,48.625,50.875,50.500,47.750,47.250,50.125,883693.659,11350326,110757108
1791014052.645,idle_before_AD_Stan_chunks1,62.000,50.500,48.000,48.625,52.125,61.750,56.125,48.125,50.375,50.500,48.250,51.125,49.625,883809.972,11350326,110757108
1791014053.646,idle_before_AD_Stan_chunks1,62.000,50.125,47.500,48.125,53.000,61.750,56.500,47.750,49.875,50.500,47.750,47.250,49.125,883923.542,11350327,110757108
1791014054.647,idle_before_AD_Stan_chunks1,61.875,53.875,48.000,48.625,53.000,61.750,56.125,48.125,50.375,50.500,47.750,47.250,50.875,884037.823,11350327,110757108
1791014055.648,idle_before_AD_Stan_chunks1,61.875,50.125,48.125,48.125,51.125,61.750,56.500,47.750,49.875,50.500,47.750,46.875,49.125,884151.300,11350330,110757108
1791014056.649,idle_before_AD_Stan_chunks1,61.875,50.125,48.000,47.625,50.625,61.250,56.500,47.750,52.250,50.125,47.375,47.750,49.125,884265.151,11350330,110757108
1791014057.650,idle_before_AD_Stan_chunks1,61.875,50.125,48.000,48.125,49.625,61.250,56.500,47.750,50.375,50.500,48.250,47.250,49.125,884388.287,11350330,110757108
1791014058.651,idle_before_AD_Stan_chunks1,61.875,50.125,48.000,48.125,49.250,61.750,56.500,48.125,49.875,50.500,49.750,47.750,49.625,884501.482,11350330,110757108
1791014059.652,idle_before_AD_Stan_chunks1,61.875,50.125,47.500,48.125,49.625,61.250,56.500,48.125,49.500,50.875,47.750,47.750,48.750,884616.528,11350330,110757108
1791014060.653,idle_before_AD_Stan_chunks1,61.750,50.125,48.000,48.125,49.250,61.250,56.500,47.750,49.500,50.125,47.750,46.875,52.750,884729.216,11350332,110757108
1791014061.655,idle_before_AD_Stan_chunks1,61.750,50.125,47.500,47.625,49.250,61.750,56.125,47.750,49.500,50.125,47.750,48.750,49.125,884845.309,11350332,110757108
1791014062.656,idle_before_AD_Stan_chunks1,61.750,49.625,47.500,49.875,48.750,61.250,56.125,47.750,49.500,50.125,47.750,46.875,48.750,884958.850,11350332,110757108
1791014063.657,idle_before_AD_Stan_chunks1,61.625,50.125,48.000,48.125,49.250,61.250,56.125,48.125,49.500,50.125,48.625,47.250,48.750,885074.397,11350332,110757108
1791014064.658,idle_before_AD_Stan_chunks1,61.625,50.125,47.500,48.125,49.250,61.250,56.125,49.500,58.875,50.125,47.750,47.250,48.750,885189.119,11350335,110757108
1791014065.659,idle_before_AD_Stan_chunks1,61.625,50.125,48.000,47.625,49.250,61.250,56.500,47.750,49.500,50.500,47.750,46.875,48.750,885305.034,11350337,110757108
1791014066.661,idle_before_AD_Stan_chunks1,61.625,49.625,47.500,47.625,49.250,61.750,56.125,47.750,49.500,50.125,46.875,46.375,49.125,885417.407,11350337,110757108
1791014067.662,idle_before_AD_Stan_chunks1,61.500,50.125,47.500,47.625,49.625,61.250,56.125,47.250,49.500,49.625,47.375,46.875,48.750,885531.772,11350337,110757108
1791014068.663,idle_before_AD_Stan_chunks1,61.500,49.625,47.500,47.625,48.875,61.250,55.625,48.125,49.500,50.125,47.375,46.875,48.750,885644.178,11350338,110757108
1791014069.664,idle_before_AD_Stan_chunks1,61.500,50.125,47.500,47.625,54.375,61.250,56.125,47.750,49.000,49.625,47.375,46.875,48.750,885757.740,11350338,110757108
1791014070.665,idle_before_AD_Stan_chunks1,61.500,49.625,47.000,48.125,48.875,61.250,56.125,47.750,52.125,49.625,47.375,46.875,48.250,885871.165,11350339,110757108
1791014071.666,idle_before_AD_Stan_chunks1,61.500,50.125,47.000,47.625,48.750,61.250,56.125,47.250,49.000,49.625,47.375,46.375,53.250,885984.752,11350341,110757108
1791014072.668,idle_before_AD_Stan_chunks1,61.500,51.500,47.500,47.625,48.875,61.250,56.125,47.750,49.000,49.625,46.875,46.375,48.250,886096.841,11350341,110757108
1791014073.669,idle_before_AD_Stan_chunks1,61.375,49.625,47.000,47.625,48.750,60.750,56.125,48.500,50.875,49.625,47.375,46.375,51.875,886212.572,11350341,110757108
1791014074.670,idle_before_AD_Stan_chunks1,61.375,49.625,47.000,47.625,48.875,61.250,56.125,47.250,49.625,49.125,46.875,46.375,49.125,886330.648,11350345,110757108
1791014075.671,idle_before_AD_Stan_chunks1,61.250,49.625,47.000,47.250,55.375,60.750,56.125,47.750,49.000,49.625,48.000,48.750,47.875,886442.826,11350349,110757108
1791014076.672,idle_before_AD_Stan_chunks1,61.250,49.625,47.000,47.625,48.750,60.750,56.500,47.750,49.000,50.500,46.875,46.375,48.250,886558.307,11350349,110757108
1791014077.674,idle_before_AD_Stan_chunks1,61.250,49.125,46.625,47.625,48.375,61.250,56.125,47.250,48.625,51.250,46.375,46.375,48.250,886670.719,11350349,110757108
1791014078.675,idle_before_AD_Stan_chunks1,61.125,49.625,47.000,47.250,48.375,60.750,56.125,47.250,49.000,49.625,47.750,45.875,48.250,886785.223,11350351,110757108
1791014079.676,idle_before_AD_Stan_chunks1,61.125,49.125,47.000,47.250,48.375,60.250,55.625,47.250,50.375,49.125,48.750,46.375,47.875,886897.314,11350351,110757108
1791014080.677,idle_before_AD_Stan_chunks1,61.000,49.125,47.000,47.625,48.250,60.750,55.625,47.250,48.625,49.125,47.375,46.375,47.875,887011.112,11350351,110757108
1791014081.679,idle_before_AD_Stan_chunks1,61.000,49.625,47.000,47.250,48.375,60.250,55.625,47.250,49.000,49.125,46.875,51.500,48.250,887123.668,11350351,110757108
1791014082.680,idle_before_AD_Stan_chunks1,61.000,49.625,47.000,49.250,48.375,60.750,57.000,50.000,53.000,49.625,46.875,46.375,52.750,887243.627,11350353,110757108
1791014083.681,idle_before_AD_Stan_chunks1,60.875,49.125,47.000,47.250,49.625,60.750,56.125,47.250,49.000,49.125,46.875,46.375,48.250,887360.199,11350354,110757108
1791014084.682,idle_before_AD_Stan_chunks1,60.875,49.125,47.000,47.250,48.750,60.750,56.125,52.250,49.000,49.625,46.875,45.875,49.375,887478.898,11350354,110757108
1791014085.684,idle_before_AD_Stan_chunks1,60.875,49.125,47.000,47.250,48.250,60.250,55.625,46.875,49.000,49.125,46.875,46.375,48.750,887591.984,11350360,110757108
1791014086.685,idle_before_AD_Stan_chunks1,60.750,49.125,47.000,46.750,48.875,60.750,55.625,49.875,49.000,49.125,46.875,46.375,48.250,887706.137,11350360,110757108
1791014087.686,idle_before_AD_Stan_chunks1,60.750,49.125,47.000,46.750,53.000,60.250,55.625,47.250,48.625,49.625,46.375,46.375,47.375,887817.661,11350360,110757108
1791014088.687,idle_before_AD_Stan_chunks1,60.750,49.125,46.625,47.250,48.375,60.750,55.625,46.875,52.625,49.625,46.375,48.000,47.875,887931.599,11350360,110757108
1791014089.688,idle_before_AD_Stan_chunks1,60.625,49.125,46.625,47.250,48.375,60.250,55.625,47.250,48.125,49.125,47.375,45.875,47.875,888045.027,11350363,110757108
1791014090.688,idle_before_AD_Stan_chunks1,60.625,48.750,46.625,47.250,47.875,60.250,54.750,46.875,48.625,50.875,46.875,46.875,47.875,888158.508,11350363,110757108
1791014091.689,idle_before_AD_Stan_chunks1,60.625,49.125,46.625,47.250,47.875,60.250,55.625,46.875,48.625,49.625,46.875,46.375,52.125,888273.689,11350363,110757108
1791014092.690,idle_before_AD_Stan_chunks1,60.500,48.750,47.000,47.250,48.375,60.250,55.250,46.875,48.125,49.125,48.250,46.375,47.875,888388.055,11350365,110757108
1791014093.691,idle_before_AD_Stan_chunks1,60.500,48.750,46.625,47.250,48.125,60.250,55.625,46.875,48.125,49.125,49.375,46.375,47.875,888501.933,11350365,110757108
1791014094.692,idle_before_AD_Stan_chunks1,60.500,50.750,46.625,46.750,47.875,60.750,55.625,46.875,48.125,49.125,49.625,45.875,47.875,888617.731,11350365,110757108
1791014095.693,idle_before_AD_Stan_chunks1,60.500,49.625,46.625,46.750,48.250,60.250,55.250,47.250,48.125,49.125,46.875,46.375,47.875,888732.226,11350368,110757108
1791014096.693,idle_before_AD_Stan_chunks1,60.500,48.750,46.625,46.750,47.875,59.875,55.625,46.875,47.625,49.125,48.875,46.375,47.875,888844.317,11350371,110757108
1791014097.694,idle_before_AD_Stan_chunks1,60.375,48.750,46.625,47.250,47.875,60.250,55.625,46.875,48.125,48.750,48.250,46.375,47.375,888958.658,11350371,110757108
1791014098.695,idle_before_AD_Stan_chunks1,60.375,48.750,46.625,46.750,47.875,59.875,55.625,46.375,48.125,49.125,46.375,45.875,49.625,889071.104,11350371,110757108
1791014099.696,idle_before_AD_Stan_chunks1,60.375,48.750,46.625,46.750,47.875,59.875,55.250,46.375,48.625,49.125,48.000,45.875,47.375,889183.784,11350373,110757108
1791014100.697,idle_before_AD_Stan_chunks1,60.250,48.750,46.125,46.750,47.875,59.875,55.250,46.375,48.125,49.625,46.375,46.375,47.875,889296.663,11350373,110757108
1791014101.698,idle_before_AD_Stan_chunks1,60.250,48.750,46.625,46.750,49.250,60.250,55.250,46.375,48.625,48.750,46.375,45.375,47.875,889410.407,11350373,110757108
1791014102.699,idle_before_AD_Stan_chunks1,60.250,48.750,48.000,46.750,47.875,60.250,55.250,46.375,50.625,48.750,46.375,45.375,47.375,889523.727,11350373,110757108
1791014103.701,idle_before_AD_Stan_chunks1,60.125,48.750,46.625,46.750,53.000,60.250,55.625,46.875,48.125,48.750,46.375,46.375,47.375,889643.957,11350375,110757108
1791014104.702,idle_before_AD_Stan_chunks1,60.250,48.250,46.625,46.250,60.375,47.750,55.250,46.875,48.625,48.750,46.375,45.375,47.875,889760.824,11350375,110757108
1791014105.703,idle_before_AD_Stan_chunks1,60.250,48.750,46.625,46.250,60.875,49.125,55.250,48.875,48.125,49.125,47.000,45.875,47.375,889878.754,11350379,110757108
1791014106.703,idle_before_AD_Stan_chunks1,60.375,48.250,46.625,46.750,60.375,47.750,55.250,45.875,48.125,49.625,46.375,45.375,47.375,889995.219,11350379,110757108
1791014107.705,idle_before_AD_Stan_chunks1,60.000,48.250,47.500,46.750,47.375,51.500,55.250,46.875,48.125,49.125,46.375,56.125,47.375,890112.189,11350379,110757108
1791014108.706,idle_before_AD_Stan_chunks1,59.500,49.125,46.625,47.250,47.875,48.250,55.625,46.875,48.125,49.125,45.875,56.125,47.875,890234.151,11350379,110757108
1791014109.707,idle_before_AD_Stan_chunks1,59.125,48.750,46.125,47.250,47.875,47.750,55.250,46.375,48.125,48.750,47.750,55.625,51.250,890352.507,11350379,110757108
1791014110.708,idle_before_AD_Stan_chunks1,58.750,48.250,47.000,46.750,48.375,47.750,54.750,46.875,48.125,48.750,46.375,55.625,47.875,890469.794,11350380,110757108
1791014111.709,idle_before_AD_Stan_chunks1,58.375,48.250,46.625,46.750,47.375,47.750,55.250,46.375,48.125,48.750,47.625,55.625,47.375,890587.423,11350380,110757108
1791014112.710,idle_before_AD_Stan_chunks1,58.000,48.250,58.375,46.750,47.875,47.750,55.250,46.375,47.625,48.250,46.875,48.000,47.375,890704.341,11350380,110757108
1791014113.711,idle_before_AD_Stan_chunks1,57.875,48.250,58.375,46.750,55.750,47.750,55.250,46.875,48.125,48.250,45.875,45.875,49.625,890822.787,11350380,110757108
1791014114.713,idle_before_AD_Stan_chunks1,58.250,48.250,58.875,46.750,47.875,47.750,55.250,46.875,47.625,48.250,46.375,45.875,49.500,890938.406,11350380,110757108
1791014115.714,idle_before_AD_Stan_chunks1,58.250,59.500,46.625,46.750,47.875,47.750,55.250,48.625,48.125,48.250,46.375,46.375,47.375,891056.875,11350381,110757108
1791014116.715,idle_before_AD_Stan_chunks1,58.625,59.500,47.000,47.250,50.500,47.750,55.250,48.625,47.625,48.750,46.375,45.875,47.000,891175.848,11350381,110757108
1791014117.716,idle_before_AD_Stan_chunks1,59.125,59.125,46.125,46.750,47.875,47.250,55.250,49.500,47.625,48.750,46.375,45.375,47.000,891292.756,11350382,110757108
1791014118.717,idle_before_AD_Stan_chunks1,59.250,59.500,46.625,46.750,47.375,47.750,54.750,48.625,48.125,48.750,46.375,45.375,47.000,891411.457,11350382,110757108
1791014119.718,idle_before_AD_Stan_chunks1,59.375,48.250,47.875,46.250,60.000,47.750,56.125,46.375,47.625,48.250,46.375,45.875,47.375,891528.617,11350382,110757108
1791014120.719,idle_before_AD_Stan_chunks1,59.625,51.750,46.125,46.250,59.500,47.750,55.250,46.375,47.625,48.875,46.375,45.375,47.000,891645.451,11350382,110757108
1791014121.720,idle_before_AD_Stan_chunks1,59.875,47.750,46.625,46.750,60.000,47.250,54.750,45.875,47.625,48.250,46.375,45.375,47.000,891761.092,11350382,110757108
1791014122.720,idle_before_AD_Stan_chunks1,59.500,48.250,47.750,58.125,47.375,47.750,55.250,46.875,47.625,48.250,49.875,45.375,47.000,891879.094,11350382,110757108
1791014123.722,idle_before_AD_Stan_chunks1,59.000,47.750,46.625,46.250,47.375,47.750,54.750,46.375,47.625,48.750,57.125,45.875,47.000,891997.442,11350382,110757108
1791014124.723,idle_before_AD_Stan_chunks1,58.625,48.250,46.625,46.250,47.375,48.250,55.625,50.500,47.625,48.250,57.125,45.375,47.375,892115.954,11350383,110757108
1791014125.724,idle_before_AD_Stan_chunks1,58.125,48.250,46.125,46.750,50.625,47.250,55.625,46.875,47.625,48.250,57.500,45.375,47.375,892232.049,11350383,110757108
1791014126.725,idle_before_AD_Stan_chunks1,57.875,48.250,50.500,46.750,47.000,48.250,55.250,46.375,47.625,48.250,58.000,45.375,47.000,892348.808,11350383,110757108
1791014127.726,idle_before_AD_Stan_chunks1,57.500,48.250,46.625,46.250,47.000,50.125,55.250,45.875,47.625,48.250,57.500,45.375,47.000,892464.351,11350383,110757108
1791014128.728,idle_before_AD_Stan_chunks1,57.375,47.750,45.625,46.250,47.000,49.125,55.250,46.375,47.625,48.250,57.125,45.375,50.125,892579.349,11350383,110757108
1791014129.729,idle_before_AD_Stan_chunks1,57.375,49.500,46.125,46.250,47.125,47.750,55.250,46.375,47.625,47.875,57.500,45.375,47.000,892695.121,11350383,110757108
1791014130.736,idle_before_AD_Stan_chunks1,57.375,47.750,46.125,48.500,47.000,47.250,55.250,46.875,47.625,47.875,57.500,46.875,47.000,892813.816,11350383,110757108
1791014131.737,idle_before_AD_Stan_chunks1,57.375,47.750,46.125,47.625,47.000,47.250,55.250,46.375,47.625,49.750,57.500,45.375,47.375,892930.746,11350383,110757108
1791014132.738,idle_before_AD_Stan_chunks1,57.375,49.625,46.125,46.250,47.000,47.750,55.250,46.875,53.375,47.875,57.125,45.375,47.000,893047.103,11350384,110757108
1791014133.739,idle_before_AD_Stan_chunks1,57.375,49.375,46.125,46.250,47.875,47.750,55.250,46.375,47.625,48.250,57.500,45.875,46.500,893163.384,11350384,110757108
1791014134.741,idle_before_AD_Stan_chunks1,57.375,47.750,46.125,46.250,47.875,48.625,55.250,46.375,47.250,48.250,57.500,45.375,47.000,893278.508,11350384,110757108
1791014135.742,idle_before_AD_Stan_chunks1,57.375,48.250,46.125,46.250,47.375,48.250,54.750,46.375,47.625,47.875,57.500,45.000,47.000,893396.128,11350387,110757108
1791014136.743,idle_before_AD_Stan_chunks1,57.375,48.250,46.125,46.625,47.375,47.250,54.375,45.875,47.250,48.250,57.500,45.875,47.000,893510.845,11350387,110757108
1791014137.744,idle_before_AD_Stan_chunks1,57.375,48.250,46.125,46.250,47.000,47.750,53.500,46.375,47.250,48.250,57.500,45.875,47.000,893628.065,11350387,110757108
1791014138.745,idle_before_AD_Stan_chunks1,57.375,48.750,46.125,46.250,47.000,47.250,53.875,45.875,47.250,47.875,57.125,45.375,47.000,893743.196,11350387,110757108
1791014139.746,idle_before_AD_Stan_chunks1,57.250,47.750,46.125,46.750,47.000,47.250,53.875,45.875,47.625,48.250,57.125,45.375,47.000,893860.026,11350389,110757108
1791014140.748,idle_before_AD_Stan_chunks1,57.250,47.750,46.125,46.250,47.000,48.625,53.875,45.875,47.250,47.875,56.625,45.375,46.500,893975.175,11350389,110757108
1791014141.749,idle_before_AD_Stan_chunks1,57.250,47.750,45.625,46.250,47.000,47.250,53.875,46.375,47.250,48.875,56.625,45.000,49.875,894091.271,11350389,110757108
1791014142.750,idle_before_AD_Stan_chunks1,57.250,47.750,46.125,46.250,48.125,47.250,53.500,45.875,47.625,47.875,57.125,45.000,47.375,894207.653,11350392,110757108
1791014143.751,idle_before_AD_Stan_chunks1,57.250,48.250,45.625,46.250,46.500,49.375,53.500,45.875,47.250,48.250,57.125,45.000,47.000,894323.153,11350392,110757108
1791014144.752,idle_before_AD_Stan_chunks1,57.125,47.750,45.625,46.250,47.000,46.750,53.875,45.875,47.250,48.250,57.125,45.000,46.500,894437.846,11350393,110757108
1791014145.753,idle_before_AD_Stan_chunks1,57.125,48.250,46.125,46.250,48.375,47.250,54.875,45.875,51.750,47.875,57.125,45.000,47.000,894557.253,11350398,110757108
1791014146.755,idle_before_AD_Stan_chunks1,57.125,47.750,45.625,47.375,47.375,47.250,56.125,45.875,47.250,50.125,57.125,45.000,47.250,894672.446,11350402,110757108
1791014147.756,idle_before_AD_Stan_chunks1,57.250,47.750,45.625,46.250,47.000,47.250,56.500,46.375,47.250,48.375,57.500,45.000,47.250,894787.951,11350402,110757108
1791014148.757,idle_before_AD_Stan_chunks1,57.250,47.750,46.125,46.250,47.000,46.750,56.500,45.875,46.750,48.875,57.125,45.000,46.500,894903.740,11350402,110757108
1791014149.758,idle_before_AD_Stan_chunks1,57.250,47.250,45.625,46.250,47.000,47.250,56.500,45.875,47.250,47.875,57.500,45.000,46.500,895019.558,11350404,110757108
1791014150.759,idle_before_AD_Stan_chunks1,57.250,47.750,46.125,45.750,47.000,48.875,56.500,45.875,47.250,48.250,57.500,45.000,46.500,895136.506,11350404,110757108
1791014151.760,idle_before_AD_Stan_chunks1,57.250,47.250,45.625,45.750,47.000,46.750,56.500,47.250,47.250,47.875,57.125,45.375,46.500,895253.975,11350404,110757108
1791014152.762,idle_before_AD_Stan_chunks1,57.375,47.750,47.875,46.250,47.000,47.250,57.000,46.375,46.750,47.875,58.000,45.375,46.500,895370.051,11350404,110757108
1791014153.763,idle_before_AD_Stan_chunks1,57.375,47.250,46.125,46.250,46.500,48.625,56.500,46.375,47.625,47.375,57.125,50.125,46.500,895486.732,11350408,110757108
1791014154.764,idle_before_AD_Stan_chunks1,57.375,47.250,45.625,46.250,46.500,47.750,56.500,45.875,47.250,47.875,57.500,45.375,46.500,895605.032,11350409,110757108
1791014155.764,idle_before_AD_Stan_chunks1,57.375,47.750,45.625,46.250,47.000,47.250,56.125,45.500,47.250,47.875,57.125,45.000,47.375,895720.771,11350417,110757108
1791014156.765,idle_before_AD_Stan_chunks1,57.375,47.750,46.125,46.250,47.000,46.750,56.500,45.875,47.250,47.875,57.125,45.375,46.500,895836.523,11350419,110757108
1791014157.766,idle_before_AD_Stan_chunks1,57.375,47.250,45.625,45.750,46.500,46.750,56.500,45.875,47.625,47.875,57.125,45.000,46.500,895952.021,11350419,110757108
1791014158.768,idle_before_AD_Stan_chunks1,57.375,47.250,45.625,46.250,47.000,46.750,56.500,45.875,46.750,47.875,57.125,45.375,46.000,896069.229,11350419,110757108
1791014159.769,idle_before_AD_Stan_chunks1,57.375,47.250,45.625,45.750,46.500,47.250,56.500,45.875,46.750,47.375,57.125,45.375,46.000,896183.788,11350419,110757108
1791014160.770,idle_before_AD_Stan_chunks1,57.375,47.250,45.625,45.750,46.500,46.750,55.625,45.875,47.625,47.875,57.125,46.375,46.000,896300.626,11350422,110757108
1791014161.771,idle_before_AD_Stan_chunks1,57.375,47.250,45.625,45.750,46.625,46.375,56.500,45.875,48.125,47.375,57.500,45.000,46.500,896416.790,11350422,110757108
1791014162.772,idle_before_AD_Stan_chunks1,57.375,47.250,46.125,46.250,47.000,47.875,56.125,46.375,47.625,47.875,57.125,47.250,46.500,896533.391,11350422,110757108
1791014163.773,idle_before_AD_Stan_chunks1,57.375,47.250,45.625,46.250,46.500,46.750,56.500,46.375,47.250,47.875,57.500,45.375,46.500,896650.864,11350422,110757108
1791014164.774,idle_before_AD_Stan_chunks1,57.375,47.250,45.625,46.250,46.500,46.375,56.125,45.875,46.750,47.375,56.625,45.375,49.625,896768.103,11350424,110757108
1791014165.775,idle_before_AD_Stan_chunks1,57.250,47.750,45.625,46.250,47.000,46.750,56.125,45.875,47.250,47.375,57.125,45.000,48.500,896883.742,11350428,110757108
1791014166.776,idle_before_AD_Stan_chunks1,57.250,50.125,45.625,48.500,47.000,46.750,56.500,46.375,47.250,47.875,57.125,45.375,46.500,897002.593,11350428,110757108
1791014167.778,idle_before_AD_Stan_chunks1,57.250,48.000,45.125,45.750,46.500,46.375,56.125,47.250,47.250,47.375,57.125,53.500,46.500,897122.409,11350430,110757108
1791014168.779,idle_before_AD_Stan_chunks1,57.250,47.750,45.625,46.250,47.000,46.750,56.500,46.375,47.250,47.375,57.125,45.375,46.500,897241.403,11350430,110757108
1791014169.780,idle_before_AD_Stan_chunks1,57.375,47.250,45.625,45.750,49.750,46.375,56.500,45.875,47.250,47.875,57.500,45.375,46.500,897358.808,11350430,110757108
1791014170.781,idle_before_AD_Stan_chunks1,57.375,46.875,45.625,45.750,47.375,46.375,56.500,45.875,47.250,47.375,57.500,45.000,46.000,897475.014,11350430,110757108
1791014171.782,idle_before_AD_Stan_chunks1,57.375,46.875,57.500,45.750,47.875,46.375,55.625,46.375,47.250,47.875,45.500,45.000,46.000,897590.995,11350431,110757108
1791014172.783,idle_before_AD_Stan_chunks1,57.500,46.875,57.500,46.625,48.875,46.750,55.625,45.875,47.250,48.375,45.500,45.000,45.625,897706.802,11350431,110757108
1791014173.784,idle_before_AD_Stan_chunks1,57.625,47.750,57.875,45.750,46.500,46.750,56.125,46.375,47.250,47.375,45.875,45.000,46.625,897824.695,11350431,110757108
1791014174.785,idle_before_AD_Stan_chunks1,57.625,48.000,57.500,45.750,46.500,46.750,55.625,45.875,46.750,47.000,45.000,44.500,46.500,897939.646,11350432,110757108
1791014175.787,idle_before_AD_Stan_chunks1,57.625,47.250,46.125,45.750,46.500,46.375,55.625,45.875,46.750,47.875,56.625,44.500,46.500,898058.034,11350432,110757108
1791014176.788,idle_before_AD_Stan_chunks1,57.500,47.250,45.625,47.625,46.500,46.375,56.125,45.500,46.750,47.875,56.625,44.500,46.500,898174.456,11350432,110757108
1791014177.789,idle_before_AD_Stan_chunks1,57.375,47.250,45.625,45.750,47.875,46.375,55.625,45.875,46.750,47.875,56.125,45.000,46.500,898290.937,11350432,110757108
1791014178.790,idle_before_AD_Stan_chunks1,57.250,47.750,45.625,45.750,47.000,46.750,56.125,45.875,46.750,47.875,56.125,45.000,46.000,898408.784,11350432,110757108
1791014179.791,idle_before_AD_Stan_chunks1,57.125,47.250,45.625,45.750,47.000,46.375,55.625,45.875,46.750,47.375,56.125,45.000,48.125,898527.064,11350432,110757108
1791014180.793,idle_before_AD_Stan_chunks1,57.000,49.375,45.125,45.750,46.500,46.375,55.625,45.500,46.750,47.875,56.125,45.000,46.000,898641.993,11350433,110757108
1791014181.794,idle_before_AD_Stan_chunks1,56.875,47.250,45.125,45.250,49.750,46.375,55.625,45.500,46.750,47.375,56.125,47.750,46.000,898759.558,11350434,110757108
1791014182.795,idle_before_AD_Stan_chunks1,56.875,47.250,45.625,45.750,46.500,46.375,55.250,48.125,46.750,47.375,55.750,45.000,46.750,898876.452,11350434,110757108
1791014183.796,idle_before_AD_Stan_chunks1,56.750,48.875,45.125,45.750,50.375,46.375,55.625,45.875,46.750,47.375,56.125,45.000,46.000,898996.404,11350434,110757108
1791014184.797,idle_before_AD_Stan_chunks1,56.625,48.875,45.125,45.750,46.750,46.750,56.125,45.500,46.375,47.375,56.125,45.000,46.000,899115.976,11350434,110757108
1791014185.798,idle_before_AD_Stan_chunks1,56.625,47.250,45.625,47.125,47.500,46.375,55.250,45.500,46.750,47.500,55.250,46.750,49.375,899234.022,11350434,110757108
1791014186.799,idle_before_AD_Stan_chunks1,56.500,46.875,45.625,46.125,46.500,46.375,55.625,45.875,46.750,48.875,55.750,45.125,46.500,899351.389,11350434,110757108
1791014187.801,idle_before_AD_Stan_chunks1,56.500,48.375,45.625,45.250,47.125,46.750,55.625,46.375,57.875,47.750,45.875,47.750,46.000,899468.537,11350434,110757108
1791014188.801,idle_before_AD_Stan_chunks1,56.875,46.875,45.625,45.750,47.875,47.125,55.625,45.875,46.750,57.750,45.500,45.375,46.000,899586.101,11350434,110757108
1791014189.802,idle_before_AD_Stan_chunks1,56.750,47.250,45.125,45.750,46.500,46.750,55.625,45.875,50.875,47.875,45.500,54.750,46.000,899703.360,11350435,110757108
1791014190.804,idle_before_AD_Stan_chunks1,56.500,47.250,45.125,45.750,46.500,48.000,55.250,45.875,46.750,47.875,45.500,55.250,45.625,899821.015,11350435,110757108
1791014191.804,idle_before_AD_Stan_chunks1,56.250,47.250,45.125,45.250,53.875,49.750,55.625,56.125,46.375,47.875,45.500,45.000,46.000,899937.533,11350435,110757108
1791014192.805,idle_before_AD_Stan_chunks1,56.125,46.875,45.125,45.250,46.000,46.750,55.250,56.125,46.750,48.625,45.500,45.000,46.000,900057.176,11350437,110757108
1791014193.807,idle_before_AD_Stan_chunks1,56.625,46.875,57.500,45.250,46.500,46.750,55.625,45.000,46.375,47.375,46.375,44.500,48.250,900173.609,11350437,110757108
1791014194.808,idle_before_AD_Stan_chunks1,57.125,47.250,57.500,45.750,46.500,46.750,55.625,45.500,46.375,47.875,45.500,44.500,45.625,900291.608,11350437,110757108
1791014195.809,idle_before_AD_Stan_chunks1,57.000,46.875,45.125,45.750,47.500,46.750,55.250,56.125,47.625,47.375,45.000,45.000,46.000,900407.628,11350442,110757108
1791014196.809,idle_before_AD_Stan_chunks1,56.875,46.875,45.125,45.750,46.000,46.750,55.625,56.125,46.750,47.375,45.500,45.000,46.000,900525.746,11350444,110757108
1791014197.810,idle_before_AD_Stan_chunks1,56.750,47.000,45.125,45.750,46.500,46.375,55.250,55.625,46.750,47.000,45.000,45.000,46.500,900641.910,11350444,110757108
1791014198.812,idle_before_AD_Stan_chunks1,56.750,57.250,45.125,45.750,46.500,46.750,55.625,46.375,46.750,47.375,48.125,45.000,46.375,900759.789,11350444,110757108
1791014199.813,idle_before_AD_Stan_chunks1,56.750,57.625,45.125,45.250,46.500,46.750,55.250,45.500,46.750,47.375,45.000,45.000,45.625,900875.213,11350447,110757108
1791014200.814,idle_before_AD_Stan_chunks1,57.375,58.125,45.125,45.250,48.375,48.250,55.625,45.500,51.000,47.375,45.500,44.500,46.000,900993.498,11350447,110757108
1791014201.815,idle_before_AD_Stan_chunks1,57.750,57.625,45.125,45.750,46.000,50.250,55.250,45.500,46.750,47.375,45.000,45.000,46.000,901107.989,11350447,110757108
1791014202.816,idle_before_AD_Stan_chunks1,57.875,57.625,45.125,47.125,46.500,46.375,55.250,45.500,48.250,47.375,45.000,45.000,46.000,901225.270,11350447,110757108
1791014203.817,idle_before_AD_Stan_chunks1,58.000,58.125,45.125,45.750,46.000,46.750,55.250,45.875,46.375,47.000,44.500,44.500,46.000,901341.954,11350448,110757108
1791014204.818,idle_before_AD_Stan_chunks1,58.000,58.125,45.125,45.750,47.000,47.750,55.250,45.500,46.750,47.000,45.500,46.375,45.625,901457.953,11350448,110757108
1791014205.820,idle_before_AD_Stan_chunks1,58.000,58.125,45.625,45.750,46.250,46.375,55.250,45.500,46.750,47.375,44.500,44.500,46.000,901579.767,11350450,110757108
1791014206.821,idle_before_AD_Stan_chunks1,58.000,58.125,45.125,45.750,46.500,46.750,54.750,45.000,46.750,47.000,45.000,45.375,46.375,901696.284,11350450,110757108
1791014207.822,idle_before_AD_Stan_chunks1,58.000,57.625,46.750,45.250,47.000,46.375,55.250,45.000,46.750,47.000,45.000,44.500,46.000,901814.711,11350450,110757108
1791014208.823,idle_before_AD_Stan_chunks1,58.000,57.625,45.125,45.250,46.500,46.375,55.625,45.000,46.750,47.000,45.500,45.375,46.000,901931.198,11350450,110757108
1791014209.824,idle_before_AD_Stan_chunks1,58.000,58.125,45.125,45.750,46.500,46.375,55.625,45.500,49.000,47.000,45.000,45.000,46.000,902046.877,11350450,110757108
1791014210.825,idle_before_AD_Stan_chunks1,58.000,57.625,45.125,51.250,47.500,46.375,55.625,45.500,46.375,47.000,45.500,44.500,46.000,902161.344,11350454,110757108
1791014211.826,idle_before_AD_Stan_chunks1,58.000,58.125,44.750,45.250,46.500,46.375,55.250,45.500,48.125,47.000,45.500,44.500,46.000,902279.025,11350454,110757108
1791014212.827,idle_before_AD_Stan_chunks1,58.000,58.125,45.125,45.250,46.500,45.875,55.250,45.500,48.125,47.000,45.000,44.500,46.000,902393.821,11350454,110757108
1791014213.828,idle_before_AD_Stan_chunks1,58.000,57.625,45.125,45.750,48.375,46.375,55.250,45.000,49.750,47.000,44.500,44.000,46.000,902510.587,11350454,110757108
1791014214.830,idle_before_AD_Stan_chunks1,58.000,58.125,44.750,45.250,46.500,46.375,54.750,45.000,48.125,47.375,47.625,44.500,46.000,902627.102,11350459,110757108
1791014215.831,idle_before_AD_Stan_chunks1,58.000,57.625,48.625,45.250,47.875,46.375,54.750,45.000,46.750,47.375,44.875,44.000,46.000,902743.218,11350463,110757108
1791014216.832,idle_before_AD_Stan_chunks1,58.000,57.625,45.125,45.250,46.500,46.375,55.250,45.000,46.375,47.375,45.500,44.000,46.000,902858.436,11350463,110757108
1791014217.833,idle_before_AD_Stan_chunks1,58.000,58.125,45.125,45.250,49.500,46.375,55.625,45.000,50.375,47.000,45.000,44.000,45.625,902976.787,11350464,110757108
1791014218.834,idle_before_AD_Stan_chunks1,58.000,57.625,45.125,47.375,46.500,46.750,55.250,45.500,46.750,47.000,44.500,44.500,45.625,903090.829,11350464,110757108
1791014219.835,idle_before_AD_Stan_chunks1,57.875,57.625,45.125,45.250,50.250,46.375,55.250,45.500,46.750,47.000,45.000,46.125,46.000,903207.623,11350464,110757108
1791014220.837,idle_before_AD_Stan_chunks1,57.875,57.625,45.125,45.250,46.500,46.750,55.250,45.000,46.375,47.375,45.000,44.500,45.625,903323.936,11350464,110757108
1791014221.838,idle_before_AD_Stan_chunks1,57.875,57.625,47.625,45.250,46.000,46.375,55.250,45.000,46.375,48.000,45.875,44.500,46.000,903440.829,11350465,110757108
1791014222.839,idle_before_AD_Stan_chunks1,57.875,57.625,46.875,45.250,46.000,46.375,55.250,45.000,46.750,47.500,45.000,44.500,46.000,903556.550,11350465,110757108
1791014223.840,idle_before_AD_Stan_chunks1,58.000,57.625,45.125,45.250,46.000,49.125,55.250,45.875,46.750,47.375,44.500,44.500,46.000,903673.502,11350465,110757108
1791014224.841,idle_before_AD_Stan_chunks1,57.875,57.625,45.125,45.250,46.500,49.125,55.250,45.500,46.750,47.000,44.500,45.000,45.625,903791.631,11350468,110757108
1791014225.844,idle_before_AD_Stan_chunks1,57.875,57.625,45.125,46.625,48.875,46.375,55.250,45.500,46.375,46.500,45.000,44.500,46.000,903910.056,11350471,110757108
1791014226.845,idle_before_AD_Stan_chunks1,57.875,57.625,47.375,45.250,46.000,46.375,54.750,45.500,46.375,47.000,44.500,44.500,45.625,904027.325,11350471,110757108
1791014227.846,idle_before_AD_Stan_chunks1,57.875,57.250,44.750,44.875,46.000,46.375,54.750,45.500,46.375,47.000,44.500,45.000,46.000,904145.826,11350471,110757108
1791014228.847,idle_before_AD_Stan_chunks1,57.875,58.125,45.125,45.250,46.000,46.375,54.750,45.500,46.375,47.375,44.500,44.500,45.625,904263.333,11350472,110757108
1791014229.848,idle_before_AD_Stan_chunks1,57.875,57.625,44.750,45.250,46.000,47.250,54.250,45.500,46.375,47.375,44.500,44.000,45.625,904381.201,11350472,110757108
1791014230.850,idle_before_AD_Stan_chunks1,58.000,58.125,44.750,45.250,46.000,49.250,54.750,45.000,46.375,47.000,44.500,44.500,45.625,904498.588,11350472,110757108
1791014231.851,idle_before_AD_Stan_chunks1,58.000,57.625,45.125,44.875,45.750,51.250,54.750,45.000,46.375,48.750,45.000,44.000,45.625,904613.651,11350474,110757108
1791014232.852,idle_before_AD_Stan_chunks1,58.000,58.125,45.125,44.875,46.000,46.375,54.750,45.000,46.750,47.375,44.500,44.500,46.250,904732.142,11350474,110757108
1791014233.853,idle_before_AD_Stan_chunks1,58.000,58.125,45.125,45.250,49.000,46.375,54.250,45.000,46.375,47.000,45.000,44.500,45.625,904852.743,11350474,110757108
1791014234.855,idle_before_AD_Stan_chunks1,57.625,46.875,56.500,45.250,46.000,45.875,54.750,45.000,46.375,49.500,45.000,44.000,45.625,904971.071,11350474,110757108
1791014235.856,idle_before_AD_Stan_chunks1,57.125,46.375,56.500,44.875,46.000,45.875,55.250,45.000,46.375,46.500,45.000,44.500,45.625,905090.274,11350476,110757108
1791014236.857,idle_before_AD_Stan_chunks1,56.875,46.875,56.500,45.750,46.000,46.375,54.750,45.000,46.375,51.000,45.000,44.500,45.625,905208.428,11350476,110757108
1791014237.858,idle_before_AD_Stan_chunks1,56.625,46.375,56.500,45.250,46.000,45.375,54.750,45.000,46.375,49.500,45.000,44.500,45.625,905325.592,11350476,110757108
1791014238.859,idle_before_AD_Stan_chunks1,56.625,48.375,56.500,49.000,45.750,45.875,54.750,45.000,45.875,47.000,45.000,45.000,46.000,905444.431,11350478,110757108
1791014239.860,idle_before_AD_Stan_chunks1,56.750,46.375,56.500,52.250,45.625,47.250,54.750,45.000,46.375,47.375,44.500,44.500,52.750,905565.403,11350478,110757108
1791014240.862,idle_before_AD_Stan_chunks1,56.750,46.875,57.000,48.750,46.000,45.875,54.750,45.500,46.375,47.000,45.875,45.625,45.625,905689.169,11350478,110757108
1791014241.863,idle_before_AD_Stan_chunks1,56.875,46.375,56.500,45.250,45.625,45.875,55.250,45.000,46.375,48.000,45.000,45.000,45.125,905805.602,11350478,110757108
1791014242.864,idle_before_AD_Stan_chunks1,56.875,46.875,57.000,45.250,46.000,45.875,54.750,46.875,45.875,46.500,45.875,44.500,46.000,905924.408,11350481,110757108
1791014243.865,idle_before_AD_Stan_chunks1,56.875,46.875,56.500,46.500,45.625,45.875,55.250,45.000,45.875,46.500,45.500,44.000,45.125,906042.575,11350481,110757108
1791014244.866,idle_before_AD_Stan_chunks1,56.875,46.375,56.500,46.625,46.500,45.875,55.250,45.875,45.875,46.500,44.500,44.500,45.125,906160.067,11350481,110757108
1791014245.867,idle_before_AD_Stan_chunks1,56.875,46.375,56.500,45.250,49.750,45.875,54.750,45.000,46.375,46.500,44.500,44.000,45.125,906276.863,11350483,110757108
1791014246.869,idle_before_AD_Stan_chunks1,56.875,46.875,56.500,45.250,50.375,45.875,54.750,45.500,46.375,46.500,44.500,44.000,45.125,906394.810,11350484,110757108
1791014247.870,idle_before_AD_Stan_chunks1,56.875,46.375,57.000,45.250,45.625,45.375,54.750,45.000,45.875,46.500,45.000,45.375,45.125,906512.015,11350484,110757108
1791014248.871,idle_before_AD_Stan_chunks1,56.875,47.000,56.500,45.250,45.625,45.875,54.250,45.000,45.875,46.000,44.500,45.375,45.125,906629.806,11350484,110757108
1791014249.872,AD_Stan_chunks1,56.875,46.375,57.000,45.750,46.000,45.875,53.000,45.500,45.875,52.125,45.000,45.875,45.125,906748.942,11350488,110757108
1791014250.879,AD_Stan_chunks1,56.875,46.375,57.000,45.250,55.375,45.875,53.000,45.500,45.875,48.750,44.500,45.875,49.375,906876.321,11350488,110757108
1791014251.880,AD_Stan_chunks1,56.875,46.375,57.000,45.250,53.875,45.875,54.375,45.000,46.375,47.000,44.500,44.000,45.625,906999.716,11350488,110757108
1791014252.881,AD_Stan_chunks1,56.875,46.375,57.000,45.250,55.375,45.875,54.125,45.875,46.375,46.500,45.000,44.000,45.625,907123.484,11350488,110757108
1791014253.882,AD_Stan_chunks1,56.875,50.125,57.000,45.750,46.000,46.375,54.125,45.000,45.875,49.875,53.500,44.500,45.125,907251.378,11350492,110757108
1791014254.883,AD_Stan_chunks1,57.000,46.375,57.000,45.250,46.500,45.875,53.750,45.500,54.250,47.000,45.000,44.500,45.125,907375.781,11350492,110757108
1791014255.884,AD_Stan_chunks1,56.875,46.375,56.500,45.750,46.000,55.125,53.250,49.125,46.375,47.000,45.000,45.000,45.125,907499.924,11350494,110757108
1791014256.885,AD_Stan_chunks1,56.875,46.875,56.500,45.250,45.625,50.500,52.750,45.000,49.000,47.000,45.000,44.000,45.625,907623.383,11350496,110757108
1791014257.887,AD_Stan_chunks1,56.875,46.375,56.500,46.250,46.000,45.875,53.250,48.125,45.875,47.000,44.500,44.500,59.375,907745.313,11350496,110757108
1791014258.889,AD_Stan_chunks1,57.000,46.375,56.500,47.250,46.000,45.875,53.250,45.500,46.375,47.000,45.000,45.000,49.000,907869.757,11350496,110757108
1791014259.890,AD_Stan_chunks1,57.250,46.375,56.500,45.250,45.625,45.875,53.250,45.500,46.375,48.625,45.000,44.875,46.375,907992.753,11350496,110757108
1791014260.891,AD_Stan_chunks1,57.250,46.375,57.000,45.750,46.000,54.125,53.250,45.000,46.375,47.625,45.000,45.000,52.625,908114.684,11350499,110757108
1791014261.892,AD_Stan_chunks1,57.125,47.000,57.000,44.875,46.000,46.625,53.750,45.500,46.375,47.375,45.000,44.500,49.000,908238.140,11350499,110757108
1791014262.894,AD_Stan_chunks1,56.875,46.375,57.000,45.250,46.000,45.875,53.250,45.000,46.375,48.250,45.000,44.500,49.500,908359.798,11350499,110757108
1791014263.895,AD_Stan_chunks1,57.000,55.750,53.750,55.000,56.250,55.750,53.875,54.125,56.250,54.750,55.875,52.875,56.875,908508.275,11350502,110757108
1791014264.896,AD_Stan_chunks1,58.625,51.750,57.000,51.375,52.625,52.125,56.875,50.625,56.625,52.875,49.875,49.375,53.000,908865.211,11350502,110757108
1791014265.897,AD_Stan_chunks1,58.250,51.750,57.500,49.875,48.125,51.250,56.875,50.625,53.750,51.250,49.500,49.375,52.750,909082.108,11350506,110757108
1791014266.898,AD_Stan_chunks1,58.125,51.625,58.375,53.500,50.375,52.375,55.500,52.250,52.000,53.375,47.375,46.375,51.250,909294.068,11350506,110757108
1791014267.899,AD_Stan_chunks1,58.875,48.250,57.750,46.750,53.000,53.375,56.000,46.875,51.750,51.750,46.875,46.375,51.250,909487.415,11350507,110757108
1791014268.901,AD_Stan_chunks1,58.750,57.125,57.250,49.750,49.000,55.625,56.875,48.625,53.000,49.625,47.750,46.875,53.250,909725.036,11350507,110757108
1791014269.901,AD_Stan_chunks1,58.750,53.875,58.875,50.875,52.250,53.625,55.500,53.625,52.500,53.375,51.125,51.000,52.125,909976.804,11350507,110757108
1791014270.902,AD_Stan_chunks1,59.125,52.000,59.250,51.625,53.125,54.250,57.125,50.000,53.375,52.875,51.375,51.000,52.250,910270.681,11350507,110757108
1791014271.907,AD_Stan_chunks1,59.250,50.500,57.500,50.250,51.625,51.125,55.750,57.375,50.875,50.625,48.250,49.375,50.500,910554.958,11350508,110757108
1791014272.911,AD_Stan_chunks1,59.125,50.250,57.500,49.250,52.125,50.625,55.750,49.500,51.750,51.500,50.250,55.250,50.500,910783.601,11350508,110757108
1791014273.916,AD_Stan_chunks1,58.875,50.125,57.500,49.250,53.500,51.125,55.375,49.500,50.875,50.625,48.750,48.125,50.125,911007.177,11350508,110757108
1791014274.916,AD_Stan_chunks1,59.500,48.250,59.625,46.750,47.875,48.250,55.375,46.875,49.750,48.750,47.375,46.375,47.875,911182.307,11350511,110757108
1791014275.917,AD_Stan_chunks1,59.375,47.750,46.625,57.625,59.875,47.750,54.875,48.625,48.125,48.750,46.875,46.375,51.250,911305.954,11350513,110757108
1791014276.919,AD_Stan_chunks1,59.250,48.875,46.625,57.625,51.750,47.250,54.375,46.375,47.625,47.875,46.375,45.375,47.375,911428.784,11350514,110757108
1791014277.920,AD_Stan_chunks1,59.125,47.750,46.125,57.625,47.000,47.250,54.375,48.000,47.250,48.250,49.000,45.375,47.000,911552.337,11350514,110757108
1791014278.921,AD_Stan_chunks1,59.000,48.000,46.625,57.625,46.625,47.250,54.375,46.375,47.250,49.500,48.625,45.375,47.000,911675.614,11350515,110757108
1791014279.923,AD_Stan_chunks1,58.750,55.250,52.875,53.750,56.250,56.750,53.125,53.625,56.500,55.625,53.625,53.125,56.875,911809.180,11350515,110757108
1791014280.924,AD_Stan_chunks1,59.250,54.875,50.750,61.125,54.500,57.875,56.250,51.375,54.000,52.500,53.500,51.500,54.500,912155.517,11350515,110757108
1791014281.926,AD_Stan_chunks1,60.000,52.125,50.375,60.625,52.500,53.000,56.250,50.875,52.625,52.250,50.125,49.750,52.625,912417.494,11350515,110757108
1791014282.927,AD_Stan_chunks1,60.375,51.375,50.375,61.125,53.500,53.875,56.750,51.375,52.750,52.750,50.625,49.625,53.500,912682.173,11350518,110757108
1791014283.929,AD_Stan_chunks1,60.625,59.625,57.500,61.125,60.000,59.375,57.125,53.625,58.875,53.375,57.125,57.125,56.750,912959.511,11350518,110757108
1791014284.930,AD_Stan_chunks1,60.625,52.625,51.750,57.875,54.000,55.250,58.125,51.875,55.750,53.375,51.625,51.125,53.250,913273.832,11350519,110757108
1791014285.935,AD_Stan_chunks1,60.500,55.000,52.125,57.875,54.875,55.250,57.625,52.250,55.125,54.375,52.625,52.125,54.500,913580.624,11350527,110757108
1791014286.938,AD_Stan_chunks1,60.500,52.625,51.375,58.375,54.875,54.375,56.875,53.125,55.125,53.375,51.000,51.000,54.375,913885.596,11350527,110757108
1791014287.942,AD_Stan_chunks1,60.375,53.000,52.250,56.875,56.750,56.250,58.625,52.750,54.875,54.750,51.625,51.625,54.125,914192.831,11350527,110757108
1791014288.946,AD_Stan_chunks1,60.375,53.500,52.625,58.375,54.875,54.875,58.625,53.125,56.000,54.250,51.875,51.375,53.500,914498.394,11350527,110757108
1791014289.955,AD_Stan_chunks1,60.500,54.750,52.250,57.875,54.875,56.250,58.250,53.250,56.000,54.500,53.875,52.875,55.250,914806.618,11350529,110757108
1791014290.962,AD_Stan_chunks1,60.500,54.500,52.625,58.750,55.375,55.625,57.250,53.125,57.375,54.750,52.875,51.625,54.500,915114.765,11350529,110757108
1791014292.026,AD_Stan_chunks1,60.625,55.250,53.125,59.750,56.250,58.125,59.125,53.625,55.875,55.625,52.625,52.000,55.875,915440.501,11350529,110757108
1791014293.030,AD_Stan_chunks1,60.750,54.875,52.625,57.375,55.750,57.125,59.125,53.250,55.750,55.250,52.000,53.000,54.500,915747.037,11350532,110757108
1791014294.038,AD_Stan_chunks1,60.875,54.750,54.875,58.750,56.250,56.125,59.125,54.125,55.625,57.375,52.125,52.000,54.875,916055.234,11350532,110757108
1791014295.043,AD_Stan_chunks1,61.125,54.875,53.750,58.375,57.125,58.000,59.000,53.125,56.000,55.625,52.750,53.125,54.500,916361.803,11350532,110757108
1791014296.046,AD_Stan_chunks1,61.250,55.000,54.625,59.250,57.125,56.250,57.625,54.500,56.250,57.625,54.375,52.000,55.500,916669.502,11350536,110757108
1791014297.050,AD_Stan_chunks1,61.250,54.625,53.750,59.750,56.250,56.250,53.250,53.625,55.875,56.000,56.375,52.625,55.375,916976.806,11350538,110757108
1791014298.052,AD_Stan_chunks1,61.500,56.125,54.250,59.250,57.125,57.125,58.250,53.750,55.625,56.500,52.625,52.000,55.875,917283.913,11350538,110757108
1791014299.056,AD_Stan_chunks1,61.500,55.750,54.625,61.250,56.750,56.750,58.625,53.625,56.625,56.500,53.875,52.875,55.375,917591.276,11350538,110757108
1791014300.059,AD_Stan_chunks1,61.625,55.875,55.125,59.250,58.500,57.125,54.125,54.250,56.000,57.000,53.750,52.875,56.250,917898.071,11350538,110757108
1791014301.061,AD_Stan_chunks1,61.750,55.750,53.500,59.750,57.625,57.125,57.750,55.000,56.000,57.125,53.125,52.750,56.875,918205.510,11350540,110757108
1791014302.066,AD_Stan_chunks1,61.875,56.250,53.750,58.750,56.250,56.750,58.625,55.500,56.250,57.250,54.750,52.875,55.500,918512.809,11350540,110757108
1791014303.072,AD_Stan_chunks1,62.000,57.250,53.750,63.125,57.125,56.750,58.625,54.500,56.500,56.625,54.125,54.125,56.250,918821.312,11350540,110757108
1791014304.076,AD_Stan_chunks1,62.375,55.875,53.250,60.250,57.625,57.125,59.625,55.000,57.125,55.875,54.125,53.375,56.250,919129.046,11350542,110757108
1791014305.081,AD_Stan_chunks1,62.500,56.375,54.625,60.750,57.125,56.750,58.500,55.000,56.500,57.875,53.250,53.875,56.375,919437.327,11350544,110757108
1791014306.087,AD_Stan_chunks1,62.500,58.625,54.625,58.750,56.750,57.625,60.000,55.000,57.125,56.500,53.625,54.125,56.625,919744.599,11350548,110757108
1791014307.091,AD_Stan_chunks1,62.500,57.250,54.250,60.750,57.125,57.625,60.500,54.500,57.875,56.750,53.500,54.000,56.375,920051.563,11350548,110757108
1791014308.097,AD_Stan_chunks1,62.500,56.250,54.500,60.750,60.000,57.625,59.500,55.500,57.250,59.000,56.000,53.500,56.375,920358.593,11350551,110757108
1791014309.105,AD_Stan_chunks1,62.625,56.250,54.875,59.750,57.125,58.000,61.375,55.500,57.375,59.625,53.625,53.625,57.625,920667.460,11350551,110757108
1791014310.108,AD_Stan_chunks1,62.750,57.125,54.625,61.250,58.125,58.125,60.875,55.500,57.500,57.125,54.375,53.125,56.875,920974.315,11350551,110757108
1791014311.113,AD_Stan_chunks1,62.750,56.625,55.000,60.750,58.125,57.125,59.500,55.125,58.500,58.625,54.750,53.500,57.625,921280.546,11350551,110757108
1791014312.117,AD_Stan_chunks1,62.875,56.750,55.000,64.625,57.625,57.625,58.500,55.125,57.375,57.875,54.750,56.250,57.500,921588.238,11350551,110757108
1791014313.123,AD_Stan_chunks1,63.500,56.750,54.500,64.125,58.125,57.125,60.875,55.500,58.000,57.875,54.875,54.875,57.125,921898.176,11350551,110757108
1791014314.127,AD_Stan_chunks1,63.625,56.750,55.875,62.625,58.125,58.125,60.375,55.625,58.375,57.250,54.500,54.250,57.750,922206.730,11350551,110757108
1791014315.135,AD_Stan_chunks1,63.625,58.250,54.875,61.750,58.125,58.000,60.375,55.875,58.750,58.375,55.750,56.625,58.875,922516.404,11350552,110757108
1791014316.138,AD_Stan_chunks1,63.625,57.250,55.625,61.250,57.625,59.500,61.875,56.375,58.750,58.000,54.875,54.625,56.875,922824.497,11350552,110757108
1791014317.143,AD_Stan_chunks1,63.625,56.875,55.375,60.750,58.500,58.125,62.375,56.500,57.875,58.750,54.875,54.125,57.250,923132.900,11350552,110757108
1791014318.149,AD_Stan_chunks1,63.500,57.250,56.000,61.750,58.125,59.000,61.500,57.250,60.250,58.500,55.000,54.750,58.000,923442.139,11350552,110757108
1791014319.152,AD_Stan_chunks1,63.625,57.375,55.500,62.125,60.750,58.375,62.875,56.000,57.875,57.125,55.375,54.625,60.000,923749.772,11350553,110757108
1791014320.160,AD_Stan_chunks1,63.625,57.250,57.500,60.750,58.500,59.000,62.375,56.875,58.375,58.250,54.500,55.875,58.000,924059.626,11350553,110757108
1791014321.164,AD_Stan_chunks1,63.625,57.250,56.000,61.750,60.375,59.500,61.500,56.500,58.875,58.250,56.875,55.000,57.500,924367.824,11350555,110757108
1791014322.168,AD_Stan_chunks1,63.625,57.125,55.125,61.250,59.875,59.375,61.875,55.875,58.750,57.750,55.375,54.875,57.250,924676.157,11350555,110757108
1791014323.171,AD_Stan_chunks1,63.750,57.625,55.500,61.750,58.125,59.000,60.625,56.000,58.375,59.250,54.875,54.875,58.125,924983.097,11350556,110757108
1791014324.175,AD_Stan_chunks1,63.750,60.875,56.875,62.125,58.500,59.375,62.375,56.375,61.125,58.625,55.000,54.750,58.125,925291.724,11350556,110757108
1791014325.179,AD_Stan_chunks1,63.875,57.625,55.625,62.125,59.500,59.000,61.000,56.500,58.875,58.000,55.875,54.875,57.750,925599.179,11350556,110757108
1791014326.181,AD_Stan_chunks1,63.875,57.750,56.375,62.625,60.000,60.250,63.250,56.750,58.875,58.375,56.500,56.125,58.125,925907.829,11350557,110757108
1791014327.185,AD_Stan_chunks1,64.000,57.500,55.625,61.250,60.875,60.375,61.375,58.750,59.750,58.500,55.000,55.375,59.000,926216.103,11350557,110757108
1791014328.188,AD_Stan_chunks1,64.000,57.500,56.125,62.125,59.500,59.500,61.750,55.875,58.750,58.750,55.875,55.250,58.125,926523.713,11350557,110757108
1791014329.191,AD_Stan_chunks1,64.000,59.125,55.625,64.125,59.500,59.375,60.875,56.000,59.375,58.750,56.375,56.125,58.625,926831.178,11350557,110757108
1791014330.199,AD_Stan_chunks1,64.875,61.875,56.875,66.000,59.500,60.375,62.250,59.125,59.375,59.000,55.000,55.250,60.250,927141.614,11350558,110757108
1791014331.205,AD_Stan_chunks1,65.250,61.750,59.750,65.000,58.500,59.875,65.000,58.625,57.125,56.875,53.625,53.375,65.375,927443.886,11350559,110757108
1791014332.206,AD_Stan_chunks1,65.250,55.875,53.375,65.000,56.750,57.375,60.875,58.125,56.250,55.875,54.375,52.375,55.875,927680.991,11350559,110757108
1791014333.207,AD_Stan_chunks1,65.250,56.625,51.750,64.125,53.500,54.625,60.375,52.375,54.375,55.000,52.000,51.125,53.625,927868.526,11350562,110757108
1791014334.207,AD_Stan_chunks1,65.125,55.750,50.750,64.125,52.750,53.375,60.000,51.375,53.000,54.125,51.000,59.500,52.750,927997.096,11350562,110757108
1791014335.209,AD_Stan_chunks1,64.875,56.125,50.750,63.625,52.500,56.500,59.000,50.875,54.750,54.125,50.125,50.125,52.750,928124.985,11350562,110757108
1791014336.210,AD_Stan_chunks1,64.750,56.125,53.250,62.625,52.625,51.875,58.500,50.875,57.875,53.625,50.125,51.000,52.750,928252.794,11350564,110757108
1791014337.210,AD_Stan_chunks1,64.500,52.375,50.875,62.125,52.625,51.875,58.125,63.125,60.500,53.625,50.125,51.625,52.250,928381.244,11350567,110757108
1791014338.212,AD_Stan_chunks1,64.375,52.375,50.375,62.625,53.000,51.875,58.125,50.500,52.250,52.250,52.125,49.625,51.875,928508.551,11350567,110757108
1791014339.213,AD_Stan_chunks1,64.250,52.375,50.375,62.125,56.250,51.500,58.125,50.000,52.125,54.000,52.625,49.125,51.875,928632.336,11350567,110757108
1791014340.214,AD_Stan_chunks1,64.000,52.375,49.875,62.125,53.875,51.500,58.500,50.000,52.125,60.500,52.125,49.125,51.375,928758.229,11350567,110757108
1791014341.215,AD_Stan_chunks1,63.875,52.000,49.875,62.125,51.500,51.000,59.000,50.000,51.750,52.250,52.125,48.750,51.000,928885.076,11350570,110757108
1791014342.216,AD_Stan_chunks1,63.750,56.750,56.500,64.125,59.500,62.125,61.375,57.250,58.375,57.750,59.500,55.250,64.750,929206.599,11350570,110757108
1791014343.218,AD_Stan_chunks1,63.500,57.250,53.625,62.125,57.125,57.625,60.375,54.250,57.250,57.250,57.125,53.125,60.000,929477.661,11350570,110757108
1791014344.219,AD_Stan_chunks1,63.375,56.250,54.125,62.125,58.500,57.625,60.375,56.375,56.750,62.000,54.500,53.375,56.375,929747.731,11350573,110757108
1791014345.220,AD_Stan_chunks1,63.250,56.250,54.000,62.625,57.625,57.625,60.875,54.250,61.875,61.125,54.125,53.000,58.125,930018.426,11350573,110757108
1791014346.221,AD_Stan_chunks1,63.250,57.250,55.625,60.750,59.000,58.500,60.000,55.000,58.250,59.250,55.750,53.875,58.500,930321.786,11350582,110757108
1791014347.229,AD_Stan_chunks1,63.375,57.250,55.125,59.750,59.500,59.000,60.875,55.500,58.375,57.750,54.250,54.125,58.500,930630.877,11350582,110757108
1791014348.236,AD_Stan_chunks1,63.375,56.875,55.125,61.750,58.125,59.500,60.000,55.625,58.250,59.250,55.250,54.250,57.750,930939.345,11350582,110757108
1791014349.239,AD_Stan_chunks1,63.500,57.250,55.500,61.750,59.000,59.000,61.875,55.500,58.125,58.375,55.375,54.125,58.500,931248.239,11350582,110757108
1791014350.243,AD_Stan_chunks1,63.625,57.625,55.125,61.250,58.500,61.250,59.125,55.875,57.625,58.625,55.250,54.875,57.625,931555.346,11350582,110757108
1791014351.247,AD_Stan_chunks1,63.625,58.125,59.125,61.750,59.000,59.000,61.000,57.250,58.875,59.250,55.250,54.625,57.625,931863.329,11350582,110757108
1791014352.250,AD_Stan_chunks1,63.750,57.625,56.125,61.250,59.000,58.500,60.500,55.875,58.375,58.000,55.125,54.250,58.125,932171.528,11350583,110757108
1791014353.258,AD_Stan_chunks1,63.750,57.375,55.375,61.250,59.500,58.500,62.250,57.250,59.375,58.750,55.500,55.375,58.000,932481.544,11350583,110757108
1791014354.266,AD_Stan_chunks1,63.875,58.625,55.375,62.125,59.500,59.500,58.250,56.125,58.375,59.125,54.500,54.625,58.125,932791.318,11350584,110757108
1791014355.269,AD_Stan_chunks1,64.000,58.125,55.125,61.250,59.500,59.500,61.000,58.625,58.875,59.000,55.250,55.000,59.125,933099.585,11350586,110757108
1791014356.274,AD_Stan_chunks1,64.000,58.125,55.625,62.625,60.000,59.500,55.500,57.750,58.875,59.125,55.375,56.250,58.125,933407.757,11350591,110757108
1791014357.281,AD_Stan_chunks1,64.125,58.125,55.875,61.250,58.500,60.000,60.000,57.250,59.000,61.375,55.000,56.000,58.125,933717.222,11350591,110757108
1791014358.288,AD_Stan_chunks1,64.250,58.625,56.375,61.750,59.000,59.000,60.875,56.375,58.875,58.750,54.625,55.875,58.000,934027.137,11350591,110757108
1791014359.295,AD_Stan_chunks1,64.250,58.125,55.625,61.750,59.500,60.000,60.375,56.750,59.625,61.250,55.500,56.250,59.375,934336.427,11350591,110757108
1791014360.299,AD_Stan_chunks1,64.375,59.375,56.875,61.250,60.000,60.875,61.375,56.375,58.875,59.500,55.250,54.625,58.125,934644.792,11350591,110757108
1791014361.307,AD_Stan_chunks1,64.375,58.750,57.375,62.125,59.000,60.000,61.375,56.375,60.500,61.000,55.375,54.375,58.125,934954.658,11350591,110757108
1791014362.310,AD_Stan_chunks1,64.500,58.625,55.875,61.750,60.000,59.500,60.375,56.375,59.250,60.375,58.500,55.625,59.375,935262.267,11350594,110757108
1791014363.318,AD_Stan_chunks1,64.625,59.125,56.375,63.125,59.500,60.375,61.375,56.750,59.375,59.500,55.875,55.000,59.125,935572.301,11350606,110757108
1791014364.322,AD_Stan_chunks1,64.625,59.500,56.375,62.125,60.375,60.000,60.375,57.750,58.875,59.625,57.625,55.375,58.875,935880.269,11350606,110757108
1791014365.324,AD_Stan_chunks1,64.625,59.000,56.375,61.750,60.000,60.375,60.000,56.750,59.375,59.000,55.250,56.750,58.875,936188.215,11350606,110757108
1791014366.331,AD_Stan_chunks1,64.750,59.000,56.375,62.125,60.000,60.375,61.750,56.750,59.375,59.625,55.750,55.875,59.750,936497.888,11350612,110757108
1791014367.336,AD_Stan_chunks1,64.750,58.125,56.375,62.625,59.500,60.375,58.125,58.125,59.750,59.500,55.250,56.375,58.500,936806.007,11350612,110757108
1791014368.339,AD_Stan_chunks1,64.750,58.625,56.375,61.250,59.500,60.750,61.000,56.750,59.750,60.125,55.500,55.625,59.125,937114.782,11350612,110757108
1791014369.343,AD_Stan_chunks1,64.875,59.125,56.125,62.125,59.500,60.375,61.375,58.625,61.250,59.250,57.250,55.500,58.500,937422.616,11350612,110757108
1791014370.345,AD_Stan_chunks1,64.875,58.625,57.375,62.625,59.875,62.750,61.875,56.750,59.875,59.500,57.625,55.375,59.125,937730.548,11350615,110757108
1791014371.348,AD_Stan_chunks1,64.875,59.500,57.375,62.125,60.000,60.875,60.500,57.375,60.750,59.250,56.250,56.250,59.125,938039.507,11350615,110757108
1791014372.352,AD_Stan_chunks1,65.000,59.000,56.750,63.125,60.375,63.000,60.500,57.750,60.250,59.000,57.250,55.500,60.500,938347.739,11350615,110757108
1791014373.356,AD_Stan_chunks1,65.000,58.625,57.125,62.125,60.875,60.375,61.875,57.250,59.875,59.625,57.125,55.625,59.750,938656.153,11350618,110757108
1791014374.360,AD_Stan_chunks1,65.000,59.500,57.250,63.125,60.875,61.250,61.000,56.750,61.125,59.625,56.750,57.250,59.125,938965.103,11350618,110757108
1791014375.364,AD_Stan_chunks1,65.125,59.375,57.625,63.125,60.750,60.000,63.250,57.250,61.000,59.875,56.250,56.250,60.375,939273.769,11350619,110757108
1791014376.372,AD_Stan_chunks1,65.125,60.500,57.750,62.125,60.875,60.375,62.375,57.250,60.500,60.000,55.375,56.625,60.250,939584.346,11350619,110757108
1791014377.375,AD_Stan_chunks1,65.250,59.500,57.625,62.625,60.375,60.875,61.000,56.875,60.250,59.875,57.250,55.875,59.875,939893.634,11350620,110757108
1791014378.379,AD_Stan_chunks1,65.250,59.875,57.500,61.750,61.375,61.250,62.375,57.250,60.125,60.000,57.125,56.000,59.875,940202.370,11350620,110757108
1791014379.387,AD_Stan_chunks1,65.250,59.500,57.250,63.625,61.750,62.750,61.875,57.750,60.125,62.750,56.125,55.875,60.250,940512.862,11350620,110757108
1791014380.390,AD_Stan_chunks1,65.375,59.500,57.000,63.125,60.375,60.875,61.875,57.750,60.250,60.000,55.750,55.875,59.750,940821.210,11350620,110757108
1791014381.393,AD_Stan_chunks1,65.375,60.500,56.375,63.125,60.875,61.375,59.125,56.750,60.625,60.375,56.750,56.750,59.500,941129.135,11350621,110757108
1791014382.401,AD_Stan_chunks1,65.375,58.625,57.000,63.125,60.000,63.625,63.625,58.750,62.500,60.500,56.750,56.125,60.625,941438.302,11350621,110757108
1791014383.405,AD_Stan_chunks1,65.500,60.375,57.000,62.125,60.875,61.375,62.250,56.750,60.625,60.500,56.750,57.750,59.500,941746.494,11350621,110757108
1791014384.408,AD_Stan_chunks1,65.500,60.500,56.750,63.125,60.875,61.625,63.625,58.125,60.375,60.500,56.250,56.750,60.500,942055.463,11350625,110757108
1791014385.412,AD_Stan_chunks1,65.500,59.500,57.250,63.625,60.875,61.750,63.625,57.750,60.250,60.000,56.625,56.375,60.625,942364.540,11350625,110757108
1791014386.416,AD_Stan_chunks1,65.625,60.500,57.500,62.125,60.875,61.375,62.750,58.125,60.250,61.000,56.750,55.875,59.500,942672.398,11350627,110757108
1791014387.419,AD_Stan_chunks1,65.625,59.500,57.250,64.125,61.375,61.375,63.625,59.500,61.125,61.000,56.375,56.000,60.000,942981.234,11350627,110757108
1791014388.428,AD_Stan_chunks1,65.750,59.500,56.750,63.625,60.875,62.250,63.250,57.250,61.875,60.875,56.750,57.375,60.000,943290.840,11350628,110757108
1791014389.431,AD_Stan_chunks1,65.875,60.375,57.750,63.625,60.375,61.375,63.250,58.125,61.000,60.625,57.250,56.875,60.750,943601.006,11350628,110757108
1791014390.436,AD_Stan_chunks1,65.875,61.875,58.875,63.125,60.875,60.875,64.250,58.125,60.625,60.375,57.625,57.125,60.875,943910.552,11350628,110757108
1791014391.439,AD_Stan_chunks1,65.875,59.500,56.875,64.625,61.750,60.250,63.250,59.375,62.375,60.500,56.750,56.750,60.250,944220.890,11350628,110757108
1791014392.444,AD_Stan_chunks1,65.875,59.500,58.750,65.000,60.875,62.125,62.375,62.250,66.500,61.750,57.125,57.625,61.250,944529.502,11350632,110757108
1791014393.451,AD_Stan_chunks1,65.875,64.750,55.375,64.625,58.125,58.500,62.375,57.750,58.375,58.625,54.750,53.500,58.125,944794.696,11350632,110757108
1791014394.451,AD_Stan_chunks1,65.875,58.125,54.875,66.500,58.125,58.125,61.875,54.625,59.625,58.125,54.375,53.500,57.750,945011.652,11350632,110757108
1791014395.452,AD_Stan_chunks1,65.875,55.250,52.625,65.500,54.875,54.750,60.625,53.125,54.875,55.375,59.125,55.375,55.000,945169.112,11350635,110757108
1791014396.453,AD_Stan_chunks1,65.875,54.750,52.250,65.000,54.125,53.750,60.625,52.750,54.000,55.375,52.500,54.875,54.125,945294.270,11350638,110757108
1791014397.454,AD_Stan_chunks1,65.750,54.750,52.250,64.625,53.750,53.750,60.125,51.875,54.000,55.375,51.500,54.375,53.625,945418.825,11350638,110757108
1791014398.455,AD_Stan_chunks1,65.625,54.250,52.250,64.625,53.750,53.750,60.625,52.250,57.000,55.000,51.500,51.000,64.875,945545.351,11350638,110757108
1791014399.456,AD_Stan_chunks1,65.500,53.875,54.250,64.625,53.000,53.375,59.625,58.875,54.000,54.500,51.500,51.000,56.250,945670.287,11350640,110757108
1791014400.457,AD_Stan_chunks1,65.375,53.875,51.750,64.125,53.250,53.750,60.125,51.375,54.000,60.875,58.500,50.500,56.250,945798.911,11350640,110757108
1791014401.459,AD_Stan_chunks1,65.250,53.875,51.250,63.625,53.250,53.375,60.125,51.875,53.500,55.375,51.000,59.000,56.250,945928.249,11350640,110757108
1791014402.460,AD_Stan_chunks1,65.125,56.000,51.250,63.625,59.000,55.000,59.625,51.375,55.750,57.000,56.250,51.500,56.250,946065.085,11350653,110757108
1791014403.461,AD_Stan_chunks1,65.125,58.625,57.250,64.625,61.750,60.625,63.750,55.000,62.375,59.375,58.500,55.250,60.625,946391.704,11350653,110757108
1791014404.463,AD_Stan_chunks1,64.875,57.625,55.375,63.500,59.000,60.750,62.375,55.875,59.000,60.000,62.625,54.375,58.625,946664.035,11350653,110757108
1791014405.464,AD_Stan_chunks1,64.750,58.125,54.875,63.500,59.000,59.000,63.250,56.375,59.750,60.000,55.375,54.750,61.625,946937.185,11350653,110757108
1791014406.465,AD_Stan_chunks1,65.000,64.625,60.250,63.500,59.000,60.000,63.250,55.875,58.500,65.000,55.000,55.000,58.125,947213.284,11350659,110757108
1791014407.466,AD_Stan_chunks1,65.500,59.500,56.000,61.625,60.875,60.375,61.875,58.125,59.625,59.500,55.500,55.000,62.125,947522.141,11350659,110757108
1791014408.475,AD_Stan_chunks1,65.375,59.500,56.375,62.625,60.375,60.875,62.875,56.750,60.250,59.625,58.500,55.250,59.375,947831.535,11350659,110757108
1791014409.478,AD_Stan_chunks1,65.250,59.125,59.250,61.625,59.500,61.125,62.875,57.875,60.500,59.250,56.750,55.500,60.000,948139.995,11350659,110757108
1791014410.486,AD_Stan_chunks1,65.250,60.125,57.000,65.000,60.000,60.875,63.250,58.625,60.250,59.875,55.875,55.875,59.125,948453.183,11350662,110757108
1791014411.490,AD_Stan_chunks1,65.250,58.625,56.750,65.000,60.000,60.750,62.875,57.750,59.375,60.000,55.875,54.875,59.500,948762.540,11350662,110757108
1791014412.493,AD_Stan_chunks1,65.250,59.125,57.250,63.000,60.875,60.375,63.250,58.125,61.000,59.625,56.125,55.875,60.375,949071.432,11350662,110757108
1791014413.500,AD_Stan_chunks1,65.250,59.500,57.500,62.125,60.875,60.000,63.250,57.250,60.125,59.625,55.875,56.750,59.375,949380.768,11350665,110757108
1791014414.503,AD_Stan_chunks1,65.250,60.000,59.625,62.125,60.375,60.375,61.875,57.250,60.250,59.875,56.375,56.250,59.375,949690.806,11350665,110757108
1791014415.508,AD_Stan_chunks1,65.250,59.375,57.625,62.625,60.375,60.875,62.875,57.000,60.375,60.375,56.375,57.125,60.625,949999.899,11350665,110757108
1791014416.512,AD_Stan_chunks1,65.250,60.000,57.375,62.625,59.875,62.625,63.250,57.250,60.500,60.125,56.500,57.125,59.375,950309.358,11350669,110757108
1791014417.520,AD_Stan_chunks1,65.375,59.500,57.125,62.625,60.875,60.875,62.375,57.250,60.500,60.875,55.875,55.875,60.000,950620.347,11350672,110757108
1791014418.523,AD_Stan_chunks1,65.375,60.500,58.000,62.125,62.625,60.875,63.750,58.125,60.625,61.250,56.250,57.500,59.875,950929.662,11350672,110757108
1791014419.531,AD_Stan_chunks1,65.500,59.500,57.000,62.125,60.875,60.875,64.125,57.750,61.000,59.500,57.625,57.250,59.125,951239.658,11350672,110757108
1791014420.540,AD_Stan_chunks1,65.500,60.000,56.750,62.625,60.875,61.375,62.875,61.375,61.875,60.500,56.000,56.250,59.750,951549.764,11350673,110757108
1791014421.549,AD_Stan_chunks1,65.500,59.625,57.750,63.500,61.750,62.250,61.875,58.125,61.875,60.125,56.250,55.625,59.500,951860.696,11350674,110757108
1791014422.554,AD_Stan_chunks1,65.625,59.500,57.750,63.500,60.875,61.375,63.250,58.125,62.875,61.000,57.250,55.875,62.125,952170.147,11350674,110757108
1791014423.564,AD_Stan_chunks1,65.625,59.625,57.750,62.625,61.250,61.750,63.750,59.500,61.875,60.875,57.250,57.125,59.875,952481.960,11350674,110757108
1791014424.567,AD_Stan_chunks1,65.625,59.625,57.500,63.500,60.875,61.750,57.000,59.125,62.875,60.875,56.625,55.500,59.500,952791.569,11350677,110757108
1791014425.570,AD_Stan_chunks1,65.750,59.500,57.750,62.125,61.750,61.375,62.250,58.250,60.625,61.375,56.625,57.375,60.250,953100.335,11350677,110757108
1791014426.575,AD_Stan_chunks1,65.750,59.500,57.000,63.000,61.375,63.125,62.750,57.875,60.625,60.500,57.250,56.750,60.000,953410.038,11350680,110757108
1791014427.579,AD_Stan_chunks1,65.750,59.500,57.500,62.625,62.250,61.375,63.750,59.125,61.500,61.750,57.125,57.375,59.875,953719.072,11350680,110757108
1791014428.586,AD_Stan_chunks1,65.875,59.875,57.750,63.500,61.750,61.750,62.375,58.625,62.375,61.500,57.125,56.125,61.125,954029.167,11350684,110757108
1791014429.594,AD_Stan_chunks1,65.875,59.875,57.500,64.000,61.250,61.375,63.250,57.750,60.625,61.000,56.750,57.250,60.500,954339.416,11350684,110757108
1791014430.598,AD_Stan_chunks1,65.875,60.625,57.000,62.625,61.375,63.250,61.875,58.625,62.000,61.500,56.750,56.625,60.625,954648.078,11350684,110757108
1791014431.601,AD_Stan_chunks1,66.000,60.000,58.000,63.500,61.750,61.750,62.750,58.125,60.625,60.500,57.250,56.875,60.000,954957.821,11350685,110757108
1791014432.605,AD_Stan_chunks1,66.000,59.625,58.250,62.125,61.375,61.375,63.250,58.125,61.625,61.000,56.375,57.250,60.625,955266.766,11350685,110757108
1791014433.610,AD_Stan_chunks1,66.125,59.500,57.750,64.500,61.375,61.375,64.125,58.125,60.625,61.750,56.750,56.750,61.625,955576.509,11350685,110757108
1791014434.615,AD_Stan_chunks1,66.125,60.875,58.875,62.625,61.750,61.750,64.500,58.125,61.500,60.500,56.500,56.875,61.625,955885.966,11350685,110757108
1791014435.623,AD_Stan_chunks1,66.125,60.875,61.125,64.500,64.000,63.250,63.125,59.500,61.125,60.625,57.625,56.250,61.250,956197.527,11350688,110757108
1791014436.630,AD_Stan_chunks1,66.250,60.500,57.750,63.500,61.250,61.750,64.500,58.125,61.625,60.875,56.875,56.750,61.625,956507.639,11350692,110757108
1791014437.636,AD_Stan_chunks1,66.250,60.625,59.125,63.000,62.750,61.750,64.125,59.125,61.000,61.250,59.375,57.125,62.000,956817.531,11350692,110757108
1791014438.639,AD_Stan_chunks1,66.250,60.875,58.125,64.000,61.375,61.750,64.125,57.750,61.250,60.875,58.000,56.250,60.625,957128.489,11350692,110757108
1791014439.647,AD_Stan_chunks1,66.250,60.875,57.750,64.000,62.125,63.625,64.125,57.875,61.875,61.750,57.500,56.375,62.250,957439.553,11350695,110757108
1791014440.651,AD_Stan_chunks1,66.375,60.375,57.750,63.500,62.250,62.750,64.125,57.875,61.625,63.125,57.375,57.125,60.875,957748.362,11350695,110757108
1791014441.658,AD_Stan_chunks1,66.375,61.875,58.125,64.000,62.750,61.750,64.125,59.125,61.625,61.875,57.750,56.625,60.500,958058.319,11350695,110757108
1791014442.665,AD_Stan_chunks1,66.375,62.375,60.125,64.000,61.750,62.250,64.125,58.625,61.875,60.375,58.125,57.125,62.125,958368.352,11350697,110757108
1791014443.672,AD_Stan_chunks1,66.375,62.750,58.125,64.500,61.750,65.000,62.750,57.875,62.500,61.000,57.625,57.250,60.875,958678.114,11350697,110757108
1791014444.678,AD_Stan_chunks1,66.375,60.875,58.125,64.000,63.250,64.125,64.125,58.625,61.000,61.500,57.125,56.375,61.750,958988.037,11350697,110757108
1791014445.685,AD_Stan_chunks1,66.500,60.875,58.375,62.125,61.750,63.250,64.500,59.125,61.875,61.000,56.750,56.875,60.875,959298.975,11350698,110757108
1791014446.688,AD_Stan_chunks1,66.500,62.000,57.875,63.500,61.375,61.750,63.625,59.125,61.875,60.875,59.500,57.250,60.500,959608.178,11350703,110757108
1791014447.692,AD_Stan_chunks1,66.500,60.875,57.750,64.000,62.250,61.750,63.625,58.250,62.125,61.000,59.000,56.875,62.125,959917.527,11350703,110757108
1791014448.695,AD_Stan_chunks1,66.625,61.500,58.875,63.000,61.750,63.625,64.500,59.125,61.625,62.750,56.375,56.750,60.875,960226.718,11350703,110757108
1791014449.698,AD_Stan_chunks1,66.625,60.375,58.375,63.500,61.750,62.625,63.125,60.375,62.875,61.750,57.625,57.500,60.625,960535.026,11350703,110757108
1791014450.700,AD_Stan_chunks1,66.625,60.875,57.875,64.000,62.750,62.125,65.000,59.125,61.625,61.375,57.375,57.750,62.875,960844.271,11350705,110757108
1791014451.702,AD_Stan_chunks1,66.625,60.875,57.875,65.000,65.500,62.750,65.000,59.625,62.000,62.375,60.875,57.125,61.625,961154.107,11350705,110757108
1791014452.705,AD_Stan_chunks1,66.625,61.000,58.375,66.000,62.625,63.625,65.000,59.625,61.625,63.625,58.125,58.250,61.750,961463.881,11350705,110757108
1791014453.709,AD_Stan_chunks1,67.000,60.875,59.625,66.875,64.875,65.375,64.500,56.625,63.375,65.125,58.500,57.250,61.625,961772.789,11350707,110757108
1791014454.715,AD_Stan_chunks1,67.125,59.500,56.375,66.875,59.000,59.000,63.750,57.750,59.000,59.000,55.375,55.250,58.625,962035.422,11350707,110757108
1791014455.716,AD_Stan_chunks1,67.125,57.750,55.875,66.875,59.500,60.375,63.250,57.250,58.750,57.875,55.000,54.875,57.625,962248.627,11350707,110757108
1791014456.717,AD_Stan_chunks1,67.000,55.750,57.000,54.375,68.250,55.125,62.750,53.625,55.750,55.875,52.875,52.375,55.375,962378.952,11350709,110757108
1791014457.718,AD_Stan_chunks1,67.000,67.000,57.000,53.375,57.625,55.125,62.375,59.375,57.875,55.875,55.000,52.000,55.000,962502.213,11350709,110757108
1791014458.719,AD_Stan_chunks1,67.125,67.375,57.875,53.375,55.000,55.125,61.875,53.125,55.875,55.375,52.875,52.000,55.375,962632.847,11350709,110757108
1791014459.720,AD_Stan_chunks1,67.125,66.500,52.625,52.875,68.000,64.000,61.375,52.750,54.875,59.250,52.500,53.500,55.000,962760.050,11350709,110757108
1791014460.721,AD_Stan_chunks1,67.125,66.500,52.250,52.375,59.000,54.750,61.000,51.875,54.875,55.375,51.500,51.000,54.125,962881.826,11350710,110757108
1791014461.722,AD_Stan_chunks1,67.000,66.000,52.625,52.375,54.375,56.500,61.000,52.250,58.000,55.375,52.000,51.500,57.500,963004.311,11350710,110757108
1791014462.723,AD_Stan_chunks1,67.000,65.625,52.250,57.000,58.500,57.000,61.000,55.875,57.500,55.375,52.000,51.000,53.625,963128.308,11350710,110757108
1791014463.725,AD_Stan_chunks1,66.875,63.250,60.875,61.125,64.000,64.625,58.750,60.375,63.375,63.250,59.875,59.375,62.625,963273.905,11350710,110757108
1791014464.726,AD_Stan_chunks1,67.500,66.000,55.875,61.500,60.000,59.500,62.750,59.375,59.750,59.625,55.750,55.375,60.875,963616.634,11350711,110757108
1791014465.727,AD_Stan_chunks1,67.375,65.625,56.125,61.125,60.000,60.875,62.750,56.750,59.375,59.500,56.375,60.000,59.000,963885.160,11350711,110757108
1791014466.728,AD_Stan_chunks1,67.250,66.000,55.875,57.625,60.375,59.500,62.750,56.375,59.375,59.500,61.125,54.875,59.000,964155.133,11350711,110757108
1791014467.730,AD_Stan_chunks1,67.125,66.000,56.750,56.875,59.500,64.500,62.750,63.625,66.000,59.125,59.875,61.375,64.500,964429.884,11350712,110757108
1791014468.731,AD_Stan_chunks1,67.000,64.125,56.125,58.250,60.875,60.375,61.375,63.625,59.625,59.625,56.875,56.125,59.750,964743.407,11350712,110757108
1791014469.739,AD_Stan_chunks1,66.875,63.750,56.625,57.250,60.375,60.875,62.750,57.375,60.125,61.250,56.250,56.250,60.250,965053.698,11350713,110757108
1791014470.744,AD_Stan_chunks1,66.750,65.625,57.500,56.875,60.875,61.250,63.250,57.750,60.625,60.625,57.625,56.125,60.375,965362.064,11350713,110757108
1791014471.748,AD_Stan_chunks1,66.625,64.625,57.000,58.250,60.875,61.750,61.875,58.625,61.125,60.375,56.750,56.250,60.625,965671.746,11350714,110757108
1791014472.751,AD_Stan_chunks1,66.500,64.625,57.000,56.875,60.875,61.375,63.750,57.250,60.250,62.375,56.875,56.000,60.500,965979.925,11350714,110757108
1791014473.758,AD_Stan_chunks1,66.500,64.125,57.750,59.250,61.375,61.375,62.375,58.125,61.625,61.500,57.250,56.750,61.125,966291.016,11350714,110757108
1791014474.762,AD_Stan_chunks1,66.375,64.625,58.250,57.250,61.750,60.875,63.750,57.875,61.250,61.375,56.125,55.625,60.250,966600.049,11350714,110757108
1791014475.766,AD_Stan_chunks1,66.375,64.125,57.875,57.750,63.625,61.375,63.250,57.750,64.250,60.500,57.250,57.500,61.125,966910.645,11350715,110757108
1791014477.041,AD_Stan_chunks1,66.250,66.000,57.000,57.750,61.375,62.250,63.250,58.250,61.625,60.375,57.125,56.125,62.875,967302.334,11350715,110757108
1791014478.053,AD_Stan_chunks1,66.250,64.625,57.500,57.375,62.250,61.750,63.250,57.750,61.125,62.250,57.125,56.875,60.625,967613.794,11350715,110757108
1791014479.055,AD_Stan_chunks1,66.250,64.625,58.125,57.250,62.250,61.750,63.750,60.000,60.375,60.125,56.750,56.625,61.375,967922.188,11350715,110757108
1791014480.060,AD_Stan_chunks1,66.250,65.625,57.875,58.750,61.375,62.250,62.750,60.875,61.125,61.375,57.375,56.250,61.125,968232.021,11350715,110757108
1791014481.067,AD_Stan_chunks1,66.125,65.125,57.750,57.750,61.375,62.250,63.750,59.125,61.125,61.000,57.250,56.250,62.500,968541.774,11350715,110757108
1791014482.074,AD_Stan_chunks1,66.125,66.000,57.750,58.250,62.750,61.375,64.625,58.625,61.500,61.000,57.125,57.375,60.500,968852.008,11350715,110757108
1791014483.077,AD_Stan_chunks1,66.125,65.625,57.500,57.750,62.250,63.250,63.250,58.125,62.000,60.625,57.625,56.375,61.375,969161.191,11350716,110757108
1791014484.082,AD_Stan_chunks1,66.125,64.625,57.750,58.750,61.750,61.750,63.750,59.125,62.000,60.625,58.125,56.875,60.625,969471.447,11350716,110757108
1791014485.085,AD_Stan_chunks1,66.250,65.625,61.000,57.750,61.250,61.375,64.250,59.125,61.125,60.875,56.625,57.250,60.250,969779.825,11350716,110757108
1791014486.089,AD_Stan_chunks1,66.250,64.125,57.875,61.250,62.750,61.750,62.375,59.125,61.625,61.750,57.125,57.375,61.125,970089.885,11350717,110757108
1791014487.097,AD_Stan_chunks1,66.250,65.625,58.250,59.125,61.750,61.750,64.250,58.625,64.750,60.625,56.625,57.250,60.375,970399.533,11350717,110757108
1791014488.104,AD_Stan_chunks1,66.375,66.000,60.125,60.250,62.750,62.500,64.625,59.500,61.125,61.250,57.625,57.250,61.750,970710.062,11350717,110757108
1791014489.111,AD_Stan_chunks1,66.375,65.125,57.750,59.125,61.375,63.250,63.250,59.125,61.000,61.875,56.750,56.875,62.250,971019.540,11350717,110757108
1791014490.115,AD_Stan_chunks1,66.375,65.625,58.625,59.625,62.625,62.250,63.625,58.125,62.000,61.375,58.000,57.250,62.250,971328.857,11350718,110757108
1791014491.121,AD_Stan_chunks1,66.375,65.625,58.375,61.625,61.375,62.500,64.500,57.875,62.000,61.000,57.250,57.125,61.125,971638.572,11350718,110757108
1791014492.125,AD_Stan_chunks1,66.500,65.625,58.750,58.750,62.250,61.750,62.750,58.125,61.625,62.750,57.625,56.625,61.750,971947.889,11350718,110757108
1791014493.128,AD_Stan_chunks1,66.500,66.000,58.375,58.375,61.750,62.750,64.125,58.125,64.625,62.750,57.125,57.250,60.875,972257.069,11350718,110757108
1791014494.137,AD_Stan_chunks1,66.625,64.625,58.375,60.125,62.125,63.125,63.750,59.125,61.625,61.250,58.000,57.125,61.375,972567.089,11350719,110757108
1791014495.141,AD_Stan_chunks1,66.625,65.625,58.250,60.625,61.750,62.750,62.875,59.125,62.125,61.875,57.250,56.250,63.500,972876.134,11350719,110757108
1791014496.148,AD_Stan_chunks1,66.625,66.000,58.625,59.125,64.125,61.750,63.250,59.125,61.500,63.250,57.625,59.625,61.250,973186.965,11350719,110757108
1791014497.151,AD_Stan_chunks1,66.625,65.125,58.125,59.125,61.750,63.250,64.125,58.625,61.625,63.125,57.375,57.750,61.625,973495.828,11350720,110757108
1791014498.155,AD_Stan_chunks1,66.750,66.500,57.750,58.250,61.750,62.750,65.000,58.750,62.125,64.125,58.500,58.250,61.125,973804.494,11350720,110757108
1791014499.158,AD_Stan_chunks1,66.750,65.125,58.625,58.250,61.750,63.625,63.625,61.750,61.625,61.750,57.250,56.875,62.000,974112.819,11350720,110757108
1791014500.162,AD_Stan_chunks1,66.750,66.000,58.750,58.875,62.250,63.125,65.000,58.125,63.375,62.375,58.125,56.750,61.375,974421.693,11350720,110757108
1791014501.165,AD_Stan_chunks1,66.750,69.750,60.000,60.500,62.250,62.750,64.500,59.125,62.000,61.375,57.625,56.875,63.375,974729.774,11350722,110757108
1791014502.175,AD_Stan_chunks1,66.875,66.000,58.625,59.250,62.125,62.750,64.125,58.250,62.000,61.250,57.625,57.125,62.000,975040.697,11350722,110757108
1791014503.178,AD_Stan_chunks1,66.875,66.000,58.875,59.125,63.250,63.250,65.000,58.750,61.625,62.250,57.750,57.375,61.750,975350.447,11350722,110757108
1791014504.181,AD_Stan_chunks1,66.875,65.625,58.625,58.875,62.750,63.125,64.500,59.500,61.625,61.875,57.875,57.125,61.375,975660.137,11350722,110757108
1791014505.188,AD_Stan_chunks1,66.875,66.000,59.125,58.250,63.250,62.750,63.625,58.625,62.000,61.750,57.625,57.250,61.750,975969.786,11350725,110757108
1791014506.194,AD_Stan_chunks1,66.875,67.875,58.875,59.250,63.500,62.250,65.000,58.625,62.375,62.250,57.625,57.250,61.625,976279.464,11350728,110757108
1791014507.198,AD_Stan_chunks1,67.000,66.500,60.000,58.750,62.750,63.625,64.125,58.250,62.500,61.500,58.125,57.250,61.375,976590.116,11350728,110757108
1791014508.204,AD_Stan_chunks1,67.250,69.250,59.625,59.125,62.625,62.750,64.125,60.000,62.875,62.750,58.250,56.750,62.000,976900.489,11350729,110757108
1791014509.208,AD_Stan_chunks1,68.000,69.250,58.875,60.625,62.750,63.625,63.625,58.125,62.875,61.250,59.000,57.500,60.875,977211.323,11350729,110757108
1791014510.216,AD_Stan_chunks1,68.250,67.000,59.500,58.750,63.250,62.250,63.625,59.500,62.500,61.875,57.750,57.375,62.000,977522.645,11350729,110757108
1791014511.219,AD_Stan_chunks1,68.125,67.000,58.125,58.375,63.625,63.625,64.125,59.500,62.875,61.875,58.000,57.750,61.250,977833.793,11350729,110757108
1791014512.222,AD_Stan_chunks1,68.000,66.500,59.500,59.625,64.125,63.250,63.250,58.625,62.875,61.750,58.125,58.125,61.625,978143.440,11350732,110757108
1791014513.225,AD_Stan_chunks1,68.750,69.250,58.250,58.750,63.250,63.250,65.000,60.000,62.875,61.875,58.500,59.000,62.000,978453.943,11350732,110757108
1791014514.228,AD_Stan_chunks1,69.500,69.750,58.375,58.750,62.750,64.500,65.000,59.625,63.750,62.250,58.125,58.500,62.125,978764.217,11350732,110757108
1791014515.235,AD_Stan_chunks1,69.500,69.250,65.000,57.000,60.375,61.375,63.625,57.250,61.625,60.375,56.750,56.125,64.250,979059.337,11350735,110757108
1791014516.235,AD_Stan_chunks1,69.500,68.875,56.375,56.375,60.000,60.000,64.125,56.375,60.250,59.125,56.000,55.250,59.125,979280.477,11350740,110757108
1791014517.236,AD_Stan_chunks1,69.500,69.250,55.000,58.250,57.250,57.500,63.250,54.500,57.500,58.125,54.375,53.875,57.625,979486.720,11350740,110757108
1791014518.237,AD_Stan_chunks1,69.250,59.000,53.625,57.250,56.000,56.125,60.875,53.125,67.375,56.750,52.875,52.375,57.250,979612.105,11350740,110757108
1791014519.238,AD_Stan_chunks1,69.125,56.125,56.625,56.375,68.250,55.625,61.375,52.750,55.750,56.250,54.375,52.000,55.375,979735.988,11350742,110757108
1791014520.239,AD_Stan_chunks1,68.625,55.750,53.125,57.250,55.500,55.125,60.875,55.500,55.750,62.250,52.500,62.625,55.375,979861.817,11350742,110757108
1791014521.240,AD_Stan_chunks1,68.250,58.500,53.625,55.375,55.000,54.750,60.875,53.125,58.750,59.875,52.500,62.625,55.000,980010.332,11350742,110757108
1791014522.241,AD_Stan_chunks1,67.625,58.500,54.750,52.375,55.375,54.750,60.375,52.750,54.875,55.375,52.500,62.250,54.500,980133.344,11350742,110757108
1791014523.242,AD_Stan_chunks1,67.000,58.000,54.750,52.375,54.875,54.750,60.375,52.250,54.875,55.375,52.000,61.750,54.125,980253.663,11350745,110757108
1791014524.244,AD_Stan_chunks1,66.500,58.000,55.125,64.375,54.375,54.250,60.375,52.250,54.375,65.000,52.000,51.500,54.125,980376.678,11350745,110757108
1791014525.245,AD_Stan_chunks1,66.250,64.625,63.250,63.375,66.250,66.375,61.875,62.750,66.375,66.375,62.375,61.500,65.375,980560.675,11350746,110757108
1791014526.246,AD_Stan_chunks1,66.625,59.000,56.500,67.250,60.000,65.375,63.250,56.750,59.625,59.250,55.750,56.250,59.500,980886.038,11350754,110757108
1791014527.247,AD_Stan_chunks1,66.375,59.125,56.000,66.750,59.500,61.375,62.250,56.500,59.625,59.625,55.750,57.250,61.375,981153.651,11350754,110757108
1791014528.248,AD_Stan_chunks1,66.375,58.625,56.375,66.750,60.000,60.875,62.750,57.750,62.875,59.625,55.875,56.625,63.625,981422.223,11350754,110757108
1791014529.250,AD_Stan_chunks1,67.375,59.375,62.625,66.750,60.000,67.875,64.125,63.125,59.750,65.125,64.375,61.250,59.125,981714.645,11350754,110757108
1791014530.251,AD_Stan_chunks1,67.375,59.125,58.250,64.375,60.875,62.250,62.250,58.625,60.500,60.500,56.375,56.000,60.375,982027.926,11350756,110757108
1791014531.255,AD_Stan_chunks1,67.125,60.625,57.750,65.750,61.375,61.375,62.750,57.250,62.875,60.625,57.250,55.875,60.500,982337.422,11350756,110757108
1791014532.260,AD_Stan_chunks1,67.000,60.000,58.125,65.750,60.375,62.125,63.625,59.500,60.500,59.875,56.375,56.375,60.750,982644.508,11350756,110757108
1791014533.263,AD_Stan_chunks1,66.875,59.875,57.500,64.875,60.875,62.125,61.750,58.250,61.000,60.500,56.750,57.250,60.500,982954.945,11350758,110757108
1791014534.275,AD_Stan_chunks1,66.750,60.500,57.375,65.750,60.875,62.250,64.125,58.125,60.625,60.500,56.375,56.250,60.000,983265.034,11350758,110757108
1791014535.279,AD_Stan_chunks1,66.625,61.875,58.625,64.375,61.375,61.750,60.375,58.625,60.750,60.625,57.625,56.250,60.500,983574.817,11350758,110757108
1791014536.282,AD_Stan_chunks1,66.625,61.375,57.750,65.750,60.875,62.250,62.250,58.125,61.625,61.375,56.750,56.750,60.000,983882.906,11350762,110757108
1791014537.287,AD_Stan_chunks1,66.500,60.875,58.250,65.750,63.250,61.750,62.750,58.125,61.125,61.375,56.750,56.250,60.625,984192.917,11350765,110757108
1791014538.294,AD_Stan_chunks1,66.500,59.875,58.125,65.375,62.250,61.375,63.250,58.625,61.000,60.875,56.250,56.875,60.875,984502.148,11350765,110757108
1791014539.299,AD_Stan_chunks1,66.500,61.500,58.125,65.750,62.750,61.375,63.625,59.125,62.125,60.375,56.875,57.250,61.625,984811.122,11350765,110757108
1791014540.303,AD_Stan_chunks1,66.500,61.500,58.125,65.375,62.750,64.000,63.250,58.625,61.500,61.250,56.625,56.250,60.875,985119.239,11350765,110757108
1791014541.309,AD_Stan_chunks1,66.500,60.875,58.125,66.250,63.250,61.750,65.000,58.625,61.125,62.750,56.750,56.625,60.625,985429.541,11350767,110757108
1791014542.312,AD_Stan_chunks1,66.500,60.000,58.125,65.750,62.625,62.250,62.750,59.500,61.875,61.875,56.875,56.750,60.500,985737.673,11350767,110757108
1791014543.320,AD_Stan_chunks1,66.625,60.000,58.750,66.250,62.250,62.250,62.750,59.500,62.500,62.750,57.375,57.250,61.125,986047.550,11350767,110757108
1791014544.324,AD_Stan_chunks1,66.625,60.000,57.750,66.750,62.750,62.250,64.625,58.125,62.000,62.250,56.750,57.250,60.750,986356.051,11350770,110757108
1791014545.334,AD_Stan_chunks1,66.625,60.500,58.375,65.375,62.250,62.250,63.625,59.500,62.375,62.000,57.250,58.000,62.000,986667.386,11350770,110757108
1791014546.337,AD_Stan_chunks1,66.750,60.500,58.375,66.250,62.750,62.750,63.250,59.125,61.625,61.000,57.375,57.500,60.750,986975.829,11350774,110757108
1791014547.347,AD_Stan_chunks1,66.750,61.375,58.625,65.375,62.250,62.125,65.000,59.125,61.625,61.375,57.625,57.250,60.625,987285.720,11350776,110757108
1791014548.350,AD_Stan_chunks1,66.750,60.500,57.875,66.750,62.750,63.250,61.375,60.375,64.125,61.375,56.875,57.125,61.125,987594.281,11350779,110757108
1791014549.353,AD_Stan_chunks1,66.750,62.375,58.875,66.250,62.250,63.250,63.250,60.000,62.500,61.750,58.000,60.875,60.750,987903.096,11350779,110757108
1791014550.361,AD_Stan_chunks1,66.750,60.500,59.500,67.250,61.750,62.250,63.250,58.625,63.750,61.250,57.375,57.250,61.625,988213.005,11350779,110757108
1791014551.367,AD_Stan_chunks1,66.875,60.875,59.125,66.250,62.250,62.250,64.250,59.125,63.250,61.500,58.000,57.625,60.750,988522.818,11350779,110757108
1791014552.370,AD_Stan_chunks1,66.875,60.875,58.625,65.375,62.250,62.750,63.250,58.750,62.375,61.375,57.500,57.250,62.250,988831.547,11350781,110757108
1791014553.377,AD_Stan_chunks1,66.875,63.375,58.250,66.250,62.750,62.250,64.250,59.500,62.500,62.250,57.625,57.250,61.625,989141.748,11350781,110757108
1791014554.382,AD_Stan_chunks1,66.875,60.875,58.250,65.750,63.250,62.750,64.625,59.125,62.875,62.250,57.750,57.250,61.375,989450.456,11350781,110757108
1791014555.384,AD_Stan_chunks1,67.000,60.500,58.250,66.750,61.750,62.250,64.250,60.000,62.000,61.375,57.500,57.250,62.125,989759.306,11350784,110757108
1791014556.388,AD_Stan_chunks1,67.000,61.875,58.125,66.750,62.750,63.250,64.625,60.875,61.875,61.750,58.000,57.125,61.625,990067.481,11350790,110757108
1791014557.396,AD_Stan_chunks1,67.000,61.375,58.375,65.375,61.750,63.625,65.125,60.000,62.500,61.500,58.125,58.000,61.375,990378.372,11350791,110757108
1791014558.399,AD_Stan_chunks1,67.000,60.875,58.625,66.750,62.250,62.750,63.750,60.375,61.625,61.375,57.250,57.500,61.375,990687.299,11350791,110757108
1791014559.550,AD_Stan_chunks1,67.125,61.375,61.875,64.875,62.250,63.625,65.125,59.500,62.000,62.250,58.125,57.125,61.625,991041.866,11350794,110757108
1791014560.558,AD_Stan_chunks1,67.125,60.875,61.125,67.250,62.250,64.500,64.625,59.500,62.375,61.875,58.500,57.500,61.625,991353.240,11350794,110757108
1791014561.562,AD_Stan_chunks1,67.125,61.375,58.625,66.250,62.750,62.750,63.250,60.000,62.000,61.875,57.625,57.375,60.875,991663.486,11350794,110757108
1791014562.569,AD_Stan_chunks1,67.250,61.375,59.125,67.625,61.750,64.000,64.625,59.625,64.125,63.625,57.625,57.375,62.125,991974.216,11350797,110757108
1791014563.577,AD_Stan_chunks1,67.250,63.250,58.625,66.750,62.750,62.250,64.625,59.125,62.375,61.500,58.000,59.000,61.625,992285.671,11350797,110757108
1791014564.583,AD_Stan_chunks1,67.250,60.500,59.500,65.375,62.250,63.250,63.750,60.000,62.500,62.750,58.875,57.250,61.625,992595.619,11350797,110757108
1791014565.590,AD_Stan_chunks1,67.250,61.875,58.750,66.750,63.625,62.750,65.125,59.500,63.375,61.250,60.125,60.875,61.750,992906.867,11350797,110757108
1791014566.592,AD_Stan_chunks1,67.250,61.875,59.125,65.750,65.000,63.625,64.250,59.500,63.750,62.750,59.750,57.375,61.750,993216.837,11350801,110757108
1791014567.596,AD_Stan_chunks1,67.250,60.875,60.250,66.750,63.625,62.750,64.625,59.500,62.875,61.875,57.625,58.750,61.750,993526.765,11350801,110757108
1791014568.599,AD_Stan_chunks1,67.375,63.625,58.375,68.125,62.750,62.750,64.250,59.500,63.375,62.750,58.500,58.125,62.500,993836.363,11350801,110757108
1791014569.604,AD_Stan_chunks1,67.375,61.250,60.500,66.750,62.625,62.750,63.250,58.750,63.250,63.625,58.250,57.250,62.750,994147.127,11350801,110757108
1791014570.612,AD_Stan_chunks1,68.125,62.250,60.125,69.500,62.750,63.250,64.125,60.000,62.125,61.875,57.750,58.000,62.625,994457.881,11350803,110757108
1791014571.616,AD_Stan_chunks1,69.625,61.250,58.750,71.000,63.625,63.125,63.250,59.500,62.500,63.250,58.250,58.625,62.250,994769.119,11350804,110757108
1791014572.623,AD_Stan_chunks1,70.000,61.375,60.000,71.000,62.250,64.500,64.125,60.125,63.375,62.375,58.500,57.750,62.500,995081.525,11350804,110757108
1791014573.626,AD_Stan_chunks1,70.375,62.250,59.125,70.000,63.250,62.750,64.125,60.375,63.250,62.875,58.000,58.000,62.750,995391.693,11350807,110757108
1791014574.629,AD_Stan_chunks1,70.625,61.750,58.750,70.500,61.750,62.625,65.000,59.500,62.375,64.625,58.500,58.125,62.625,995702.344,11350807,110757108
1791014575.633,AD_Stan_chunks1,70.750,62.375,60.500,71.000,63.250,61.250,63.625,60.125,62.875,62.375,58.125,59.000,62.500,996009.947,11350807,110757108
1791014576.634,AD_Stan_chunks1,70.625,59.500,55.625,70.000,64.625,59.500,64.125,58.625,62.000,65.625,55.250,55.375,62.250,996277.814,11350811,110757108
1791014577.635,AD_Stan_chunks1,70.625,59.125,56.375,70.000,59.500,60.750,64.125,55.500,58.500,65.625,56.000,54.375,59.000,996486.977,11350814,110757108
1791014578.636,AD_Stan_chunks1,70.500,59.875,54.125,69.125,56.375,56.625,63.250,54.125,59.250,57.625,53.875,53.375,56.250,996649.473,11350814,110757108
1791014579.637,AD_Stan_chunks1,70.250,59.875,53.625,68.125,56.000,58.375,61.875,54.125,57.875,56.750,53.375,52.375,55.375,996771.322,11350814,110757108
1791014580.638,AD_Stan_chunks1,70.000,59.000,53.625,68.125,56.375,55.625,62.375,54.125,55.750,56.250,52.500,52.375,55.500,996893.256,11350817,110757108
1791014581.639,AD_Stan_chunks1,69.875,59.375,53.250,67.625,55.500,57.000,61.875,53.125,55.750,56.250,52.875,52.000,55.000,997014.838,11350817,110757108
1791014582.640,AD_Stan_chunks1,69.625,55.750,52.625,67.625,58.125,55.625,61.500,53.125,55.750,58.625,52.000,52.000,55.000,997137.514,11350817,110757108
1791014583.642,AD_Stan_chunks1,69.375,55.750,52.625,67.250,58.125,55.125,61.000,52.750,55.250,56.250,52.000,52.000,54.500,997260.059,11350817,110757108
1791014584.643,AD_Stan_chunks1,69.125,56.250,52.625,66.750,57.625,54.750,61.000,53.125,57.125,55.875,53.375,51.500,54.500,997380.369,11350819,110757108
1791014585.644,AD_Stan_chunks1,68.875,56.625,53.250,66.750,57.625,54.750,60.625,52.750,54.875,55.375,60.000,51.000,54.125,997501.084,11350819,110757108
1791014586.645,AD_Stan_chunks1,68.625,65.125,61.875,63.375,64.625,67.875,61.875,62.250,65.125,64.250,61.250,60.625,64.750,997772.148,11350825,110757108
1791014587.648,AD_Stan_chunks1,68.375,59.500,56.750,68.125,60.000,60.875,63.750,57.250,62.125,59.875,59.000,56.125,59.375,998055.895,11350826,110757108
1791014588.649,AD_Stan_chunks1,68.250,59.500,57.250,66.750,63.250,60.875,63.250,56.750,60.250,64.125,59.875,57.125,60.375,998323.366,11350828,110757108
1791014589.650,AD_Stan_chunks1,68.125,63.750,63.250,66.750,60.375,65.875,63.750,57.250,67.000,63.750,60.375,55.500,65.375,998603.808,11350828,110757108
1791014590.651,AD_Stan_chunks1,68.000,59.500,57.875,68.125,64.000,62.250,62.375,59.125,61.625,62.250,56.750,57.625,64.250,998917.648,11350828,110757108
1791014591.658,AD_Stan_chunks1,67.875,60.875,57.875,66.250,62.750,61.375,64.125,57.750,63.750,60.500,59.125,57.375,60.750,999230.113,11350831,110757108
1791014592.660,AD_Stan_chunks1,67.750,60.125,58.375,63.875,60.875,61.375,64.125,58.625,61.125,62.750,57.250,55.875,60.500,999538.844,11350831,110757108
1791014593.668,AD_Stan_chunks1,67.625,60.875,58.625,67.625,63.250,61.375,62.875,59.125,63.250,61.375,56.875,56.250,62.125,999849.322,11350831,110757108
1791014594.675,AD_Stan_chunks1,67.500,59.625,57.750,64.375,62.250,61.625,64.125,58.125,61.625,62.375,57.250,56.750,61.625,1000159.040,11350831,110757108
1791014595.683,AD_Stan_chunks1,67.375,60.000,59.500,65.750,61.750,61.750,63.625,58.375,61.625,61.500,58.250,56.125,61.125,1000468.180,11350834,110757108
1791014596.690,AD_Stan_chunks1,67.250,60.500,57.500,65.375,61.750,61.750,65.500,59.500,62.000,61.750,57.250,56.375,61.375,1000777.470,11350834,110757108
1791014597.693,AD_Stan_chunks1,67.125,63.250,58.625,65.375,62.250,61.375,58.625,58.125,61.500,62.375,57.625,57.125,61.375,1001086.466,11350834,110757108
1791014598.697,AD_Stan_chunks1,67.000,59.875,58.375,63.875,62.250,61.750,64.625,59.500,61.625,60.875,57.125,57.250,62.000,1001395.199,11350834,110757108
1791014599.700,AD_Stan_chunks1,67.000,60.500,57.875,65.375,62.250,62.750,65.000,57.875,61.125,62.750,57.625,57.500,62.250,1001702.898,11350835,110757108
1791014600.707,AD_Stan_chunks1,66.875,60.875,57.875,64.375,62.625,62.250,63.250,58.750,61.625,61.000,57.250,57.250,61.750,1002012.485,11350835,110757108
1791014601.712,AD_Stan_chunks1,66.875,60.125,58.250,65.375,62.250,61.750,62.375,58.625,62.000,61.500,57.625,57.250,61.250,1002321.981,11350835,110757108
1791014602.725,AD_Stan_chunks1,66.875,61.875,59.250,65.375,62.750,61.750,63.250,58.625,61.125,61.375,58.250,59.125,61.250,1002633.271,11350836,110757108
1791014603.732,AD_Stan_chunks1,66.750,62.750,59.625,65.375,61.750,63.500,63.250,58.625,62.125,60.875,57.250,57.250,61.625,1002943.329,11350836,110757108
1791014604.739,AD_Stan_chunks1,66.750,61.375,58.125,64.375,61.375,61.750,61.875,59.125,62.375,61.750,58.500,57.250,61.625,1003252.991,11350836,110757108
1791014605.746,AD_Stan_chunks1,66.750,60.375,58.250,64.375,62.250,63.250,59.125,60.875,62.125,61.250,57.250,56.625,60.875,1003561.860,11350836,110757108
1791014606.756,AD_Stan_chunks1,66.875,61.250,59.500,64.375,63.250,64.000,65.375,59.500,62.875,61.375,56.750,56.875,61.625,1003886.886,11350837,110757108
1791014607.863,AD_Stan_chunks1,66.875,60.875,58.750,63.000,62.125,62.750,62.750,59.125,62.875,61.500,58.500,57.375,61.125,1004213.616,11350837,110757108
1791014608.866,AD_Stan_chunks1,66.875,61.000,59.125,65.750,62.750,66.000,62.250,60.000,63.000,62.250,59.125,57.250,61.625,1004522.133,11350837,110757108
1791014609.875,AD_Stan_chunks1,66.875,61.375,58.000,64.875,62.750,62.750,62.750,59.125,61.875,61.500,59.000,57.125,60.875,1004833.283,11350838,110757108
1791014610.882,AD_Stan_chunks1,66.875,60.875,59.125,63.875,62.750,63.250,64.500,60.000,63.875,62.375,57.125,57.625,61.625,1005143.105,11350838,110757108
1791014611.895,AD_Stan_chunks1,67.000,61.875,58.625,65.750,63.625,64.125,65.000,59.125,63.250,61.375,57.500,57.125,63.875,1005455.604,11350838,110757108
1791014612.899,AD_Stan_chunks1,67.000,60.875,58.625,65.375,62.250,62.750,62.250,59.500,62.375,61.875,58.125,58.125,62.625,1005764.648,11350838,110757108
1791014613.906,AD_Stan_chunks1,67.000,61.375,58.750,65.375,61.750,63.250,62.750,59.500,64.750,62.250,58.500,57.375,62.625,1006075.716,11350838,110757108
1791014614.912,AD_Stan_chunks1,67.000,61.250,59.125,65.750,61.750,63.625,64.125,59.125,62.000,62.375,57.625,57.250,62.000,1006385.953,11350838,110757108
1791014615.914,AD_Stan_chunks1,67.125,60.875,60.625,65.375,62.250,63.000,63.625,59.125,62.750,61.875,58.125,57.125,62.875,1006694.894,11350838,110757108
1791014616.920,AD_Stan_chunks1,67.125,60.875,59.125,65.375,62.250,63.250,64.125,59.125,62.500,62.375,58.500,57.250,63.125,1007004.973,11350840,110757108
1791014617.924,AD_Stan_chunks1,67.125,61.875,59.750,64.875,63.250,63.250,64.625,62.250,63.875,61.750,58.625,58.000,62.875,1007314.473,11350840,110757108
1791014618.927,AD_Stan_chunks1,67.250,61.375,59.750,65.375,65.000,63.250,64.125,59.125,61.875,62.375,57.500,58.125,63.125,1007624.761,11350840,110757108
1791014619.930,AD_Stan_chunks1,67.250,61.500,59.125,65.375,62.750,63.250,64.125,60.875,62.875,62.750,58.625,57.375,62.250,1007933.521,11350840,110757108
1791014620.932,AD_Stan_chunks1,67.250,62.625,59.750,65.750,62.750,63.625,64.625,60.000,62.500,61.875,58.625,58.125,62.750,1008243.996,11350840,110757108
1791014621.943,AD_Stan_chunks1,67.250,61.375,59.750,65.375,62.250,62.250,64.625,60.000,62.500,62.375,58.125,58.500,64.250,1008555.332,11350840,110757108
1791014622.946,AD_Stan_chunks1,67.250,61.750,61.125,64.875,62.750,63.250,64.125,59.625,62.500,61.875,58.125,60.000,62.250,1008864.632,11350840,110757108
1791014623.953,AD_Stan_chunks1,67.375,61.000,60.125,65.750,62.625,62.750,64.125,59.125,62.500,62.250,58.500,57.625,62.750,1009175.084,11350840,110757108
1791014624.961,AD_Stan_chunks1,67.375,62.375,59.500,65.375,62.750,63.250,64.625,60.000,62.375,61.750,60.250,57.250,63.125,1009486.335,11350841,110757108
1791014625.969,AD_Stan_chunks1,67.375,62.750,59.250,65.375,62.750,64.000,65.000,59.125,62.875,62.250,58.500,57.750,62.750,1009797.669,11350841,110757108
1791014626.973,AD_Stan_chunks1,67.375,61.375,58.875,66.750,62.750,62.750,63.250,60.125,62.500,63.125,59.000,58.000,62.250,1010107.852,11350841,110757108
1791014627.977,AD_Stan_chunks1,67.375,60.875,59.750,65.375,62.750,63.625,63.250,59.500,62.750,62.750,58.125,58.125,62.125,1010418.422,11350842,110757108
1791014628.981,AD_Stan_chunks1,67.500,61.875,60.625,66.250,64.375,63.625,65.000,59.500,63.375,62.750,60.375,57.750,61.625,1010728.034,11350842,110757108
1791014629.984,AD_Stan_chunks1,67.500,61.375,59.750,66.250,63.500,63.625,66.375,60.375,62.875,62.750,58.750,57.750,62.125,1011037.766,11350842,110757108
1791014630.988,AD_Stan_chunks1,67.500,61.375,59.125,64.875,63.125,63.625,64.125,60.375,62.375,62.750,59.000,57.625,63.875,1011348.257,11350842,110757108
1791014631.992,AD_Stan_chunks1,67.625,62.375,59.750,65.750,63.125,63.125,65.875,60.000,62.875,62.375,60.500,58.125,61.750,1011658.793,11350843,110757108
1791014632.994,AD_Stan_chunks1,67.750,61.875,59.000,66.250,63.250,64.125,65.375,61.750,63.875,61.875,59.500,58.000,61.750,1011968.806,11350843,110757108
1791014633.996,AD_Stan_chunks1,67.750,63.250,59.250,66.750,63.625,64.125,64.500,60.000,63.000,62.875,58.875,58.125,62.625,1012279.890,11350843,110757108
1791014634.999,AD_Stan_chunks1,67.750,62.375,59.500,67.250,63.625,64.625,65.375,60.000,63.375,61.750,58.125,59.375,64.875,1012591.289,11350843,110757108
1791014636.006,AD_Stan_chunks1,67.750,61.875,59.625,65.375,63.125,63.125,65.125,59.125,63.875,62.750,59.000,58.750,63.375,1012903.462,11350844,110757108
1791014637.009,AD_Stan_chunks1,67.750,64.625,57.000,66.750,65.750,61.125,65.625,63.250,61.250,65.625,57.250,59.375,60.750,1013208.781,11350844,110757108
1791014638.010,AD_Stan_chunks1,67.750,59.500,56.375,66.250,60.375,62.250,65.125,56.750,59.875,60.000,55.750,56.125,59.000,1013448.473,11350844,110757108
1791014639.011,AD_Stan_chunks1,68.000,59.500,57.000,68.625,59.500,58.500,64.250,56.375,58.000,59.500,55.250,57.250,58.625,1013662.204,11350845,110757108
1791014640.012,AD_Stan_chunks1,68.000,56.625,54.125,66.750,56.000,60.250,62.750,57.000,56.625,57.625,53.375,52.875,56.750,1013790.893,11350845,110757108
1791014641.013,AD_Stan_chunks1,67.875,56.125,53.625,66.750,56.000,56.125,62.375,56.625,56.250,56.750,53.375,55.250,55.875,1013918.403,11350845,110757108
1791014642.014,AD_Stan_chunks1,67.750,56.125,53.625,65.750,55.375,55.125,62.375,56.625,55.750,57.875,52.875,52.875,55.375,1014041.641,11350845,110757108
1791014643.015,AD_Stan_chunks1,67.250,56.125,53.625,53.875,55.500,68.250,61.875,53.625,67.875,56.250,54.750,52.375,55.000,1014165.568,11350845,110757108
1791014644.016,AD_Stan_chunks1,67.750,55.750,53.125,53.875,55.000,68.250,62.375,53.125,58.500,56.750,53.625,52.000,55.000,1014286.997,11350845,110757108
1791014645.017,AD_Stan_chunks1,67.875,55.750,55.625,57.750,54.875,67.750,61.875,52.750,58.500,59.500,52.875,51.500,54.500,1014409.172,11350845,110757108
1791014646.018,AD_Stan_chunks1,67.875,55.750,52.625,53.375,54.625,67.750,61.875,52.250,58.125,55.875,53.375,51.500,54.500,1014531.420,11350846,110757108
1791014647.019,AD_Stan_chunks1,67.875,64.125,58.875,60.125,63.250,64.500,59.500,60.875,63.375,62.750,58.500,60.875,64.000,1014665.593,11350848,110757108
1791014648.021,AD_Stan_chunks1,68.375,60.500,59.750,60.625,61.750,68.750,64.250,59.125,61.500,64.250,58.000,59.125,61.125,1015007.784,11350848,110757108
1791014649.022,AD_Stan_chunks1,68.500,59.500,57.750,57.000,60.875,69.625,63.750,57.250,60.500,60.500,57.125,55.875,60.875,1015277.443,11350848,110757108
1791014650.024,AD_Stan_chunks1,69.375,59.500,58.750,57.750,60.375,70.500,64.625,57.750,63.750,60.625,58.500,56.125,63.625,1015547.743,11350849,110757108
1791014651.025,AD_Stan_chunks1,69.875,60.000,68.375,58.250,60.375,69.250,63.750,61.875,61.125,61.000,62.000,59.375,65.750,1015838.551,11350849,110757108
1791014652.026,AD_Stan_chunks1,69.750,60.500,59.250,59.125,61.750,65.875,61.875,58.750,61.000,61.000,57.375,57.125,60.875,1016155.456,11350849,110757108
1791014653.033,AD_Stan_chunks1,69.500,60.500,58.375,59.125,61.750,67.750,63.125,58.625,61.625,60.625,58.625,57.375,61.250,1016464.913,11350849,110757108
1791014654.036,AD_Stan_chunks1,69.250,61.375,57.750,58.750,61.750,67.250,65.500,59.125,61.625,61.375,57.375,56.875,61.375,1016773.645,11350850,110757108
1791014655.045,AD_Stan_chunks1,69.000,60.875,58.250,59.625,62.125,67.250,65.500,59.125,62.500,61.375,58.500,56.625,61.625,1017085.400,11350850,110757108
1791014656.052,AD_Stan_chunks1,68.875,60.875,60.250,58.250,61.375,67.250,64.625,58.125,62.000,60.875,57.625,57.250,61.125,1017395.620,11350851,110757108
1791014657.059,AD_Stan_chunks1,68.625,60.875,58.625,58.750,61.750,66.875,63.250,59.125,61.625,62.250,58.000,57.125,61.750,1017705.485,11350853,110757108
1791014658.062,AD_Stan_chunks1,68.500,60.875,58.375,58.750,62.250,67.250,62.750,59.125,61.875,61.000,57.625,56.750,61.375,1018013.750,11350853,110757108
1791014659.070,AD_Stan_chunks1,69.125,60.500,59.125,58.750,62.250,69.125,63.250,59.125,61.625,61.875,58.500,57.750,61.375,1018324.786,11350853,110757108
1791014660.076,AD_Stan_chunks1,69.375,61.875,58.125,59.250,62.750,68.250,60.375,59.500,62.875,61.500,57.625,56.375,61.625,1018634.325,11350853,110757108
1791014661.079,AD_Stan_chunks1,69.375,61.875,58.250,59.625,63.625,68.750,63.625,59.125,62.000,61.875,57.625,57.250,61.125,1018943.126,11350857,110757108
1791014662.084,AD_Stan_chunks1,69.375,62.375,57.875,58.375,62.250,69.625,63.250,58.125,62.500,61.750,59.375,56.625,61.750,1019252.065,11350857,110757108
1791014663.088,AD_Stan_chunks1,69.375,62.750,58.625,59.125,61.750,67.250,62.250,58.125,65.125,62.250,57.750,58.000,63.625,1019562.138,11350857,110757108
1791014664.095,AD_Stan_chunks1,69.250,62.875,59.625,59.250,62.250,67.750,63.625,59.125,63.375,61.000,57.250,56.875,61.625,1019871.961,11350862,110757108
1791014665.102,AD_Stan_chunks1,69.125,61.000,60.000,58.750,62.250,67.250,64.625,59.125,64.750,61.875,57.625,57.125,61.375,1020180.545,11350863,110757108
1791014666.109,AD_Stan_chunks1,68.875,61.875,58.250,58.375,62.750,67.750,62.750,59.500,63.000,62.875,56.875,57.500,62.125,1020492.063,11350863,110757108
1791014667.117,AD_Stan_chunks1,68.875,61.500,58.625,59.125,61.750,66.875,64.125,59.125,63.250,62.750,59.000,58.000,61.250,1020801.084,11350868,110757108
1791014668.120,AD_Stan_chunks1,68.750,61.375,57.875,59.125,61.750,68.250,64.125,58.750,62.500,63.250,60.250,57.375,61.750,1021110.521,11350870,110757108
1791014669.124,AD_Stan_chunks1,68.625,61.375,58.500,59.625,62.125,67.250,64.125,59.625,62.375,61.500,59.000,57.375,61.750,1021419.684,11350870,110757108
1791014670.128,AD_Stan_chunks1,68.625,61.250,58.750,58.375,62.750,67.750,64.125,58.625,62.875,61.875,58.000,57.750,61.375,1021729.426,11350870,110757108
1791014671.136,AD_Stan_chunks1,69.625,63.250,58.375,59.625,62.750,69.625,65.000,59.125,63.250,62.250,59.375,57.625,62.000,1022040.859,11350870,110757108
1791014672.143,AD_Stan_chunks1,70.000,61.875,59.750,59.250,64.625,69.625,62.750,59.500,62.875,61.875,58.000,57.375,62.750,1022351.806,11350873,110757108
1791014673.146,AD_Stan_chunks1,69.750,61.500,59.250,59.625,62.250,68.750,64.125,59.125,61.875,61.750,59.000,57.500,62.250,1022661.810,11350873,110757108
1791014674.149,AD_Stan_chunks1,69.625,61.875,59.125,60.125,62.750,68.250,64.625,60.000,62.500,62.750,57.625,57.500,61.750,1022972.367,11350873,110757108
1791014675.158,AD_Stan_chunks1,69.500,61.500,58.375,59.125,63.250,68.250,63.250,59.125,63.750,61.875,58.250,57.375,61.625,1023283.799,11350876,110757108
1791014676.161,AD_Stan_chunks1,69.375,61.750,58.500,59.625,63.250,67.250,63.250,59.500,63.250,63.250,57.750,58.125,62.625,1023593.471,11350876,110757108
1791014677.168,AD_Stan_chunks1,69.250,61.375,58.250,59.250,63.125,67.750,64.625,59.125,63.375,64.125,58.000,58.000,62.500,1023903.841,11350879,110757108
1791014678.174,AD_Stan_chunks1,69.125,61.250,58.375,60.125,65.000,68.250,63.750,60.375,63.750,62.375,58.125,58.250,62.000,1024214.372,11350879,110757108
1791014679.181,AD_Stan_chunks1,69.000,60.875,59.500,59.750,63.625,68.250,63.250,60.375,62.875,62.750,58.125,59.000,62.000,1024525.307,11350883,110757108
1791014680.184,AD_Stan_chunks1,68.875,62.250,59.250,60.125,62.750,68.250,64.250,59.125,62.875,62.250,58.500,57.250,61.625,1024835.234,11350883,110757108
1791014681.187,AD_Stan_chunks1,68.875,62.625,58.875,59.625,62.750,67.250,63.750,60.000,62.875,62.375,59.875,58.500,62.750,1025145.386,11350883,110757108
1791014682.192,AD_Stan_chunks1,68.875,62.375,60.000,59.625,62.750,68.750,64.625,60.000,62.375,62.250,59.375,57.500,62.500,1025455.307,11350883,110757108
1791014683.198,AD_Stan_chunks1,68.750,61.375,60.125,59.125,62.250,69.125,64.625,59.500,62.875,62.375,58.125,57.500,62.875,1025765.966,11350887,110757108
1791014684.205,AD_Stan_chunks1,68.750,61.875,60.000,62.000,63.250,68.750,63.750,59.500,62.875,62.250,57.625,57.750,62.125,1026076.513,11350887,110757108
1791014685.212,AD_Stan_chunks1,68.750,61.500,58.875,59.750,63.625,68.250,64.125,59.125,63.250,62.250,58.500,58.000,63.125,1026386.890,11350887,110757108
1791014686.219,AD_Stan_chunks1,69.625,62.375,59.250,59.625,62.750,71.000,63.250,59.500,62.375,62.750,57.875,58.750,63.375,1026697.223,11350895,110757108
1791014687.223,AD_Stan_chunks1,70.125,61.875,59.125,59.625,63.250,68.750,64.125,60.000,62.875,62.750,59.500,58.125,63.375,1027007.220,11350895,110757108
1791014688.226,AD_Stan_chunks1,70.625,62.375,59.125,59.625,62.750,68.750,62.750,60.125,63.000,62.750,58.125,58.125,63.000,1027316.829,11350895,110757108
1791014689.229,AD_Stan_chunks1,70.750,61.375,59.750,59.625,64.000,71.500,63.625,59.125,62.875,62.375,59.500,57.500,63.000,1027626.853,11350895,110757108
1791014690.236,AD_Stan_chunks1,70.875,61.875,59.625,59.750,62.750,69.125,64.625,60.000,62.500,62.375,58.250,59.000,62.750,1027937.702,11350898,110757108
1791014691.238,AD_Stan_chunks1,70.750,62.750,59.500,59.625,63.625,68.750,65.625,61.000,63.250,63.125,58.500,58.500,62.250,1028248.032,11350898,110757108
1791014692.241,AD_Stan_chunks1,70.500,61.875,59.500,60.625,63.625,68.250,65.125,59.625,63.000,63.125,58.500,58.750,63.625,1028558.087,11350898,110757108
1791014693.248,AD_Stan_chunks1,70.375,62.625,59.125,61.625,63.250,67.750,63.750,60.000,63.375,64.250,58.625,59.000,63.500,1028869.148,11350898,110757108
1791014694.258,AD_Stan_chunks1,70.125,62.625,59.500,60.125,64.125,68.750,65.625,60.000,64.250,62.875,58.125,58.750,62.625,1029181.040,11350901,110757108
1791014695.261,AD_Stan_chunks1,70.000,63.250,59.250,60.625,63.625,69.125,65.625,61.375,63.375,62.375,58.500,58.500,63.875,1029493.165,11350901,110757108
1791014696.267,AD_Stan_chunks1,70.000,63.250,59.625,59.625,63.625,71.500,66.500,60.875,63.375,64.125,58.250,58.250,62.875,1029803.556,11350906,110757108
1791014697.271,AD_Stan_chunks1,71.000,63.250,60.250,60.625,63.250,71.500,65.500,60.875,63.875,64.625,59.125,58.000,63.125,1030113.345,11350908,110757108
1791014698.273,AD_Stan_chunks1,71.500,61.375,57.625,64.875,66.750,72.000,65.500,58.750,60.750,59.500,56.125,63.750,59.500,1030402.452,11350908,110757108
1791014699.274,AD_Stan_chunks1,71.500,60.000,56.125,57.250,60.875,71.500,65.000,57.250,60.375,59.375,55.750,55.500,58.875,1030619.140,11350908,110757108
1791014700.274,AD_Stan_chunks1,71.500,57.500,54.500,57.750,56.875,70.125,64.125,55.625,57.125,58.125,53.875,53.875,56.750,1030779.384,11350908,110757108
1791014701.275,AD_Stan_chunks1,71.375,57.125,61.000,57.250,58.125,69.625,64.125,54.125,56.625,57.625,53.375,52.875,58.625,1030900.853,11350912,110757108
1791014702.277,AD_Stan_chunks1,71.125,56.625,54.125,57.750,55.500,69.125,63.750,53.625,59.000,57.250,53.375,52.875,56.250,1031026.428,11350912,110757108
1791014703.278,AD_Stan_chunks1,70.875,57.125,53.625,57.250,55.375,68.750,63.750,53.625,56.250,56.750,52.875,52.375,55.875,1031147.917,11350912,110757108
1791014704.279,AD_Stan_chunks1,70.625,56.125,53.625,53.375,55.875,68.750,63.750,54.250,56.250,57.250,52.875,54.750,55.375,1031273.837,11350912,110757108
1791014705.280,AD_Stan_chunks1,70.500,56.625,53.125,53.375,55.000,68.250,63.250,53.125,56.625,57.250,52.500,54.750,54.500,1031394.738,11350914,110757108
1791014706.281,AD_Stan_chunks1,70.250,55.750,53.625,53.375,68.250,59.875,63.250,52.750,57.375,56.250,52.500,54.750,55.000,1031517.796,11350919,110757108
1791014707.283,AD_Stan_chunks1,70.000,55.750,52.625,55.000,68.250,55.125,62.875,52.750,55.750,55.875,52.000,54.750,54.500,1031640.397,11350919,110757108
1791014708.284,AD_Stan_chunks1,69.875,65.625,62.000,63.375,66.250,66.875,61.875,62.250,66.875,66.000,61.375,62.000,65.250,1031940.148,11350921,110757108
1791014709.287,AD_Stan_chunks1,69.750,63.125,57.250,57.250,71.500,60.875,64.625,57.250,62.125,60.625,56.250,55.875,59.750,1032212.983,11350921,110757108
1791014710.288,AD_Stan_chunks1,69.875,60.875,56.750,57.000,71.500,60.875,64.625,58.875,61.250,60.500,57.375,56.000,60.000,1032482.355,11350921,110757108
1791014711.290,AD_Stan_chunks1,70.250,59.500,57.375,64.625,69.625,60.875,65.000,57.375,66.000,65.500,61.875,63.250,66.000,1032762.785,11350921,110757108
1791014712.291,AD_Stan_chunks1,70.125,61.250,57.875,59.500,66.375,62.250,64.125,59.125,62.375,61.000,57.750,56.750,61.750,1033075.853,11350924,110757108
1791014713.294,AD_Stan_chunks1,69.875,60.375,58.125,58.375,67.375,62.750,65.500,58.625,62.500,62.250,59.875,56.750,61.250,1033385.912,11350924,110757108
1791014714.302,AD_Stan_chunks1,69.500,61.375,58.625,59.125,66.875,62.250,65.500,58.750,61.125,62.250,56.625,56.750,61.625,1033694.589,11350924,110757108
1791014715.304,AD_Stan_chunks1,69.250,60.625,59.250,59.750,66.375,62.750,64.625,59.125,61.625,61.000,58.500,57.125,62.500,1034003.702,11350927,110757108
1791014716.309,AD_Stan_chunks1,69.000,60.875,59.125,57.875,67.375,63.250,66.000,58.625,61.500,62.250,57.125,56.750,61.375,1034311.794,11350931,110757108
1791014717.312,AD_Stan_chunks1,68.875,61.375,58.750,59.750,66.375,63.250,64.125,59.125,62.125,61.250,58.125,58.125,61.750,1034620.698,11350931,110757108
1791014718.320,AD_Stan_chunks1,68.625,61.875,58.000,60.125,67.375,62.750,66.000,59.125,62.375,63.125,57.625,57.125,61.750,1034930.055,11350931,110757108
1791014719.324,AD_Stan_chunks1,68.500,62.375,58.250,59.625,67.375,62.250,65.000,59.500,61.875,61.875,57.250,57.375,61.250,1035239.738,11350934,110757108
1791014720.331,AD_Stan_chunks1,68.375,60.500,58.875,60.125,67.875,61.750,65.500,58.625,63.750,61.000,58.125,57.500,61.625,1035548.930,11350934,110757108
1791014721.335,AD_Stan_chunks1,68.375,60.875,59.250,60.125,67.875,61.750,65.000,60.000,62.375,61.750,57.625,57.625,61.750,1035857.750,11350935,110757108
1791014722.338,AD_Stan_chunks1,68.250,60.875,58.250,59.625,66.875,64.000,65.500,59.125,62.000,61.000,58.000,57.375,61.375,1036166.864,11350935,110757108
1791014723.343,AD_Stan_chunks1,68.125,61.375,58.125,59.125,67.375,63.625,65.500,59.125,62.500,61.875,58.000,57.750,61.750,1036476.185,11350938,110757108
1791014724.346,AD_Stan_chunks1,68.000,61.875,59.125,59.125,67.375,64.375,65.500,58.625,62.375,63.125,57.625,57.500,61.250,1036785.592,11350938,110757108
1791014725.351,AD_Stan_chunks1,68.000,63.250,58.500,59.625,66.875,64.000,63.750,59.125,62.500,63.625,58.250,59.875,61.625,1037094.759,11350938,110757108
1791014726.356,AD_Stan_chunks1,68.000,61.250,58.750,59.250,67.875,63.250,65.500,59.125,63.750,61.000,56.875,58.000,61.250,1037404.262,11350946,110757108
1791014727.359,AD_Stan_chunks1,68.000,61.875,58.875,64.875,66.875,62.250,64.625,60.000,63.875,63.250,57.750,58.625,61.625,1037713.710,11350946,110757108
1791014728.363,AD_Stan_chunks1,68.000,61.375,59.250,59.125,67.875,62.250,65.500,58.750,62.500,62.375,57.375,57.625,62.625,1038023.435,11350946,110757108
1791014729.371,AD_Stan_chunks1,67.875,61.875,58.250,60.125,67.375,63.625,65.500,59.125,62.500,61.875,57.750,58.125,61.250,1038333.102,11350946,110757108
1791014730.374,AD_Stan_chunks1,68.000,61.875,58.375,59.250,67.875,63.250,64.125,60.375,62.500,62.750,58.250,57.625,63.125,1038642.809,11350949,110757108
1791014731.379,AD_Stan_chunks1,68.000,61.375,58.125,58.750,68.250,64.375,64.125,60.875,63.750,61.750,57.500,58.250,61.750,1038952.422,11350949,110757108
1791014732.382,AD_Stan_chunks1,68.000,61.875,59.750,58.750,67.875,62.750,65.500,58.750,63.750,62.375,57.375,57.625,62.750,1039261.635,11350949,110757108
1791014733.387,AD_Stan_chunks1,68.000,60.875,59.125,59.625,67.875,62.250,64.625,59.500,62.500,62.375,57.625,59.000,62.000,1039571.011,11350951,110757108
1791014734.391,AD_Stan_chunks1,68.000,61.875,58.750,59.625,69.250,63.250,66.375,59.125,62.875,61.750,58.125,58.000,63.625,1039880.598,11350951,110757108
1791014735.394,AD_Stan_chunks1,68.125,61.875,58.375,58.750,67.875,62.750,64.125,59.500,65.125,64.125,58.500,57.375,62.500,1040190.609,11350951,110757108
1791014736.401,AD_Stan_chunks1,68.125,61.375,60.500,59.250,67.875,63.250,65.000,60.000,62.875,63.250,58.500,57.250,61.625,1040500.822,11350955,110757108
1791014737.409,AD_Stan_chunks1,68.125,61.375,59.125,59.625,67.375,62.750,64.500,59.125,62.875,62.375,59.000,58.000,62.500,1040811.384,11350958,110757108
1791014738.411,AD_Stan_chunks1,68.250,61.875,59.625,59.125,67.875,64.125,65.375,59.125,62.875,61.750,58.500,59.500,62.500,1041120.840,11350958,110757108
1791014739.420,AD_Stan_chunks1,68.250,61.375,60.250,59.125,68.750,63.250,65.375,61.375,62.500,63.250,58.500,59.000,62.000,1041431.727,11350959,110757108
1791014740.424,AD_Stan_chunks1,68.250,61.500,60.000,60.125,67.875,64.625,64.125,59.500,62.875,62.750,58.125,58.000,62.875,1041742.164,11350959,110757108
1791014741.428,AD_Stan_chunks1,68.250,61.875,60.250,59.625,69.250,63.250,65.875,59.500,62.500,62.750,58.500,58.500,62.125,1042051.955,11350962,110757108
1791014742.437,AD_Stan_chunks1,68.250,61.375,59.250,61.125,68.250,63.250,65.375,60.000,63.750,62.750,58.750,57.500,61.625,1042362.816,11350962,110757108
1791014743.440,AD_Stan_chunks1,68.375,63.125,59.125,59.125,67.875,63.625,64.500,59.125,63.375,62.875,58.000,58.000,61.625,1042672.395,11350962,110757108
1791014744.445,AD_Stan_chunks1,68.375,61.750,58.750,59.250,68.750,64.000,65.375,59.125,63.250,62.250,58.250,57.375,61.625,1042983.032,11350962,110757108
1791014745.447,AD_Stan_chunks1,68.375,61.375,59.500,59.250,68.750,63.625,66.375,60.875,63.375,62.375,60.375,59.125,62.250,1043293.410,11350965,110757108
1791014746.458,AD_Stan_chunks1,68.375,62.000,59.250,59.250,67.875,63.250,64.500,59.125,64.250,63.625,59.375,59.000,62.000,1043605.062,11350970,110757108
1791014747.461,AD_Stan_chunks1,68.375,62.375,59.500,59.625,66.875,63.250,65.875,59.125,62.500,62.750,59.875,58.250,62.750,1043914.708,11350971,110757108
1791014748.464,AD_Stan_chunks1,68.500,62.750,59.125,59.625,67.875,63.250,65.375,60.000,62.125,62.875,59.125,59.000,62.250,1044224.623,11350975,110757108
1791014749.468,AD_Stan_chunks1,68.500,62.750,59.500,59.625,69.250,63.250,65.375,60.000,63.250,63.125,59.125,58.125,62.875,1044534.006,11350975,110757108
1791014750.475,AD_Stan_chunks1,68.500,61.750,59.125,59.750,66.875,64.125,65.875,59.625,65.125,62.750,59.000,57.500,62.875,1044844.076,11350975,110757108
1791014751.496,AD_Stan_chunks1,68.750,62.375,59.250,59.250,67.375,63.625,65.000,61.750,67.000,63.250,60.750,58.500,62.750,1045158.689,11350975,110757108
1791014752.502,AD_Stan_chunks1,69.250,62.375,58.750,61.125,69.250,63.625,65.375,60.125,63.250,63.750,58.250,58.125,62.500,1045469.798,11350978,110757108
1791014753.505,AD_Stan_chunks1,69.125,61.375,60.500,60.125,67.375,64.625,65.875,62.375,64.375,64.125,58.250,58.750,62.500,1045778.708,11350978,110757108
1791014754.509,AD_Stan_chunks1,69.125,62.875,59.250,59.625,68.250,65.000,65.875,62.250,63.000,62.875,59.500,58.125,62.500,1046088.281,11350978,110757108
1791014755.513,AD_Stan_chunks1,69.000,61.875,59.250,59.625,68.250,63.125,65.000,60.375,63.375,63.125,58.875,58.250,63.125,1046398.331,11350980,110757108
1791014756.517,AD_Stan_chunks1,69.000,62.375,59.250,59.625,67.875,63.625,66.375,60.875,63.750,63.125,58.125,58.125,62.500,1046708.366,11350980,110757108
1791014757.520,AD_Stan_chunks1,70.000,62.375,59.750,59.625,71.500,63.625,66.375,60.875,64.125,62.750,58.000,58.250,63.375,1047018.710,11350980,110757108
1791014758.528,AD_Stan_chunks1,70.750,65.625,60.875,61.500,71.500,61.625,65.875,57.250,61.125,64.500,62.000,56.625,66.375,1047324.051,11350980,110757108
1791014759.528,AD_Stan_chunks1,71.125,59.625,58.875,58.250,68.250,60.875,67.625,60.000,65.125,60.500,56.250,56.125,61.625,1047562.449,11350980,110757108
1791014760.529,AD_Stan_chunks1,71.125,59.500,56.500,57.250,70.625,59.500,65.000,56.375,59.375,60.000,55.875,55.250,59.000,1047774.584,11350980,110757108
1791014761.530,AD_Stan_chunks1,71.000,57.125,54.500,54.750,69.625,57.000,64.500,54.125,57.125,57.625,57.250,53.875,58.875,1047906.683,11350980,110757108
1791014762.531,AD_Stan_chunks1,70.875,61.750,54.125,53.875,69.625,60.375,63.625,53.625,56.625,57.625,57.250,52.875,56.250,1048026.982,11350980,110757108
1791014763.532,AD_Stan_chunks1,70.750,56.625,54.125,57.750,68.250,56.125,64.125,53.625,56.250,57.250,56.750,60.750,55.875,1048152.259,11350981,110757108
1791014764.533,AD_Stan_chunks1,70.500,56.625,53.625,56.250,68.250,55.625,63.625,53.625,56.250,68.625,52.875,59.875,59.750,1048275.633,11350981,110757108
1791014765.534,AD_Stan_chunks1,70.250,56.125,53.625,53.750,68.250,55.625,62.750,53.625,56.625,57.250,52.875,52.375,55.375,1048399.371,11350981,110757108
1791014766.535,AD_Stan_chunks1,70.125,55.750,56.500,55.500,67.875,55.125,62.250,53.625,56.250,55.875,52.875,52.375,59.125,1048520.777,11350982,110757108
1791014767.536,AD_Stan_chunks1,69.875,56.125,56.500,56.375,68.250,55.125,62.250,53.125,55.250,55.875,52.000,52.000,55.000,1048640.838,11350982,110757108
1791014768.537,AD_Stan_chunks1,69.750,63.125,60.625,63.000,65.500,61.625,62.750,62.375,65.250,62.750,59.375,59.000,62.250,1048769.122,11350982,110757108
1791014769.538,AD_Stan_chunks1,69.625,62.375,57.625,59.125,69.875,59.375,65.000,59.125,62.125,58.500,56.875,55.375,65.375,1049108.690,11350982,110757108
1791014770.540,AD_Stan_chunks1,69.500,60.000,57.000,57.750,67.625,60.375,65.375,57.250,60.500,60.500,57.625,56.000,61.125,1049377.764,11350983,110757108
1791014771.541,AD_Stan_chunks1,69.250,60.125,57.750,57.750,67.625,65.875,64.500,57.750,60.625,60.625,56.375,61.250,59.875,1049646.322,11350983,110757108
1791014772.542,AD_Stan_chunks1,69.250,60.125,56.875,62.625,67.625,65.500,64.125,62.250,66.375,66.875,62.750,60.375,60.500,1049939.853,11350983,110757108
1791014773.544,AD_Stan_chunks1,69.000,61.375,58.250,58.625,64.875,62.250,64.500,59.125,62.000,61.875,57.125,57.625,61.375,1050257.546,11350984,110757108
1791014774.550,AD_Stan_chunks1,68.750,61.250,59.125,58.750,66.750,63.625,65.000,58.625,61.625,61.500,57.625,57.250,63.125,1050566.457,11350985,110757108
1791014775.556,AD_Stan_chunks1,68.625,61.000,59.500,58.750,66.250,61.750,64.500,59.125,62.500,61.000,57.250,58.250,60.500,1050875.976,11350985,110757108
1791014776.559,AD_Stan_chunks1,68.500,61.875,58.000,58.750,66.750,61.750,63.125,60.375,62.875,62.375,58.500,57.500,61.625,1051186.557,11350985,110757108
1791014777.563,AD_Stan_chunks1,68.250,60.875,58.375,59.125,67.125,62.750,64.500,58.750,62.500,61.375,58.500,58.125,60.875,1051494.651,11350986,110757108
1791014778.566,AD_Stan_chunks1,68.125,62.750,58.250,60.125,67.125,62.750,62.750,59.125,64.250,61.375,58.125,58.250,61.625,1051803.658,11350986,110757108
1791014779.589,AD_Stan_chunks1,68.000,60.875,58.875,58.375,66.750,62.625,63.625,60.000,61.875,61.250,59.000,56.625,62.625,1052118.956,11350986,110757108
1791014780.592,AD_Stan_chunks1,68.000,60.875,58.500,59.625,67.125,63.250,65.875,60.375,62.875,61.375,58.250,57.375,62.250,1052428.477,11350986,110757108
1791014781.596,AD_Stan_chunks1,67.875,60.875,59.250,60.250,67.125,61.750,65.375,58.625,62.375,61.375,57.625,57.250,61.625,1052737.659,11350986,110757108
1791014782.603,AD_Stan_chunks1,67.750,61.375,59.125,59.125,67.125,62.750,64.125,59.125,63.375,62.750,57.500,58.000,61.375,1053047.854,11350986,110757108
1791014783.613,AD_Stan_chunks1,67.750,60.875,60.000,59.750,66.750,62.750,65.375,59.125,62.875,61.875,58.625,57.500,61.250,1053358.830,11350987,110757108
1791014784.616,AD_Stan_chunks1,67.750,60.875,58.625,59.625,68.000,62.250,65.875,60.375,62.875,65.125,59.875,57.750,60.875,1053668.852,11350988,110757108
1791014785.627,AD_Stan_chunks1,67.750,61.375,59.250,59.625,66.250,61.750,64.125,60.875,62.500,61.875,58.250,57.500,63.125,1053979.903,11350988,110757108
1791014786.630,AD_Stan_chunks1,67.750,61.250,58.375,60.125,68.500,63.250,65.000,59.125,62.500,62.375,59.125,58.000,61.750,1054289.244,11350989,110757108
1791014787.634,AD_Stan_chunks1,67.625,60.625,59.125,59.125,66.750,62.750,63.750,61.000,62.000,61.875,58.625,58.500,61.375,1054598.606,11350989,110757108
1791014788.639,AD_Stan_chunks1,67.750,61.750,59.500,59.250,66.750,63.250,65.625,59.125,62.000,62.250,58.500,57.625,62.000,1054909.146,11350989,110757108
1791014789.643,AD_Stan_chunks1,67.750,61.500,60.125,59.750,68.000,65.000,65.125,59.500,64.625,62.750,57.625,57.750,61.625,1055218.682,11350989,110757108
1791014790.650,AD_Stan_chunks1,67.750,61.375,58.875,59.125,66.250,63.250,64.250,58.625,62.375,61.750,57.625,57.750,62.125,1055529.744,11350989,110757108
1791014791.667,AD_Stan_chunks1,67.750,62.000,58.875,60.125,67.125,63.250,63.750,60.000,62.875,62.750,58.500,57.375,62.000,1055842.567,11350989,110757108
1791014792.672,AD_Stan_chunks1,67.875,61.875,58.875,59.625,66.750,62.750,63.250,59.500,62.500,61.750,58.625,57.625,61.625,1056152.911,11350990,110757108
1791014793.680,AD_Stan_chunks1,67.875,61.375,58.750,59.250,67.625,62.750,65.625,59.625,62.750,62.250,59.000,58.125,61.625,1056464.616,11350990,110757108
1791014794.684,AD_Stan_chunks1,67.875,60.875,58.875,60.125,67.625,62.750,63.250,60.375,62.500,61.750,59.500,59.000,63.125,1056773.418,11350990,110757108
1791014795.686,AD_Stan_chunks1,68.000,61.875,59.750,59.250,66.750,63.250,66.000,60.000,63.750,62.750,59.000,57.250,62.000,1057082.598,11350992,110757108
1791014796.691,AD_Stan_chunks1,68.000,61.875,60.500,61.125,68.500,63.250,66.375,60.000,63.375,62.375,58.500,59.000,62.500,1057393.706,11350993,110757108
1791014797.750,AD_Stan_chunks1,68.125,61.500,59.250,59.250,69.000,63.250,64.125,60.000,63.250,62.750,58.125,58.000,62.000,1057720.300,11350993,110757108
1791014798.759,AD_Stan_chunks1,68.250,61.875,58.750,60.625,69.000,64.625,66.375,59.125,63.375,61.750,58.500,58.000,62.125,1058031.810,11350993,110757108
1791014799.762,AD_Stan_chunks1,68.250,61.875,60.125,60.250,68.500,63.250,66.875,60.875,63.250,62.250,58.125,58.625,62.250,1058341.794,11351000,110757108
1791014800.766,AD_Stan_chunks1,68.250,61.750,58.750,60.125,67.125,64.125,64.250,59.500,62.875,62.250,58.500,60.375,63.125,1058651.129,11351000,110757108
1791014801.769,AD_Stan_chunks1,68.250,61.375,59.500,61.125,67.625,63.625,65.125,60.000,63.000,63.125,58.250,59.125,62.125,1058960.987,11351000,110757108
1791014802.777,AD_Stan_chunks1,68.250,62.250,58.750,59.625,68.500,63.250,64.250,59.500,63.875,63.750,58.125,59.500,62.500,1059271.916,11351001,110757108
1791014803.781,AD_Stan_chunks1,68.250,61.875,58.875,59.625,68.500,63.625,64.625,60.375,63.250,62.750,58.125,58.625,62.875,1059582.597,11351001,110757108
1791014804.826,AD_Stan_chunks1,68.250,61.875,59.625,60.125,68.000,64.125,66.000,60.125,63.750,62.750,59.375,58.625,62.000,1059904.970,11351001,110757108
1791014805.831,AD_Stan_chunks1,68.250,61.875,60.500,59.250,67.625,64.125,64.625,60.375,63.250,63.125,58.125,58.125,62.125,1060215.271,11351001,110757108
1791014806.839,AD_Stan_chunks1,68.250,62.750,59.625,59.250,68.000,63.625,65.125,60.875,62.500,62.750,59.250,59.125,63.125,1060526.163,11351002,110757108
1791014807.847,AD_Stan_chunks1,68.250,62.750,59.500,59.625,67.625,63.250,65.125,60.375,63.375,62.375,58.125,59.125,62.250,1060837.479,11351002,110757108
1791014808.851,AD_Stan_chunks1,68.375,62.750,58.750,60.125,68.000,63.625,64.625,60.125,63.375,62.875,58.125,58.500,62.500,1061147.562,11351002,110757108
1791014809.859,AD_Stan_chunks1,68.375,62.375,60.125,60.250,68.000,63.625,63.625,61.375,63.375,63.250,58.500,59.125,63.125,1061457.082,11351002,110757108
1791014810.863,AD_Stan_chunks1,68.375,62.375,60.125,59.625,68.000,64.000,64.625,60.000,63.750,63.125,58.500,58.000,63.125,1061765.883,11351003,110757108
1791014811.868,AD_Stan_chunks1,68.375,63.250,60.125,60.250,67.125,63.250,65.500,60.000,63.875,62.750,58.125,58.125,62.125,1062075.220,11351003,110757108
1791014812.871,AD_Stan_chunks1,68.500,61.875,59.125,60.250,67.125,63.625,65.000,60.000,62.875,64.125,59.000,57.750,62.250,1062384.418,11351003,110757108
1791014813.873,AD_Stan_chunks1,69.625,62.375,59.625,60.625,68.500,63.625,63.625,60.000,63.875,63.625,58.500,58.500,62.875,1062694.843,11351003,110757108
1791014814.877,AD_Stan_chunks1,70.000,62.375,59.500,60.125,71.125,63.625,64.125,61.750,64.250,63.250,59.000,58.000,63.375,1063004.117,11351003,110757108
1791014815.889,AD_Stan_chunks1,70.875,63.125,62.000,60.125,71.500,64.125,65.000,60.375,64.750,63.750,58.500,58.250,62.625,1063317.020,11351003,110757108
1791014816.892,AD_Stan_chunks1,71.375,62.250,60.000,60.625,71.500,64.125,64.125,59.625,64.375,63.125,59.500,58.000,63.375,1063627.861,11351005,110757108
1791014817.896,AD_Stan_chunks1,71.625,61.875,59.750,59.750,70.625,63.625,66.000,61.750,63.375,62.750,58.500,58.500,62.625,1063939.260,11351005,110757108
1791014818.899,AD_Stan_chunks1,71.875,61.875,60.125,60.125,72.500,63.625,66.000,63.125,64.625,63.625,59.375,58.125,63.500,1064249.859,11351006,110757108
1791014819.900,AD_Stan_chunks1,72.125,61.000,57.875,57.750,71.500,61.375,65.000,58.125,60.750,60.875,57.625,56.625,61.250,1064527.726,11351006,110757108
1791014820.901,AD_Stan_chunks1,72.125,59.875,56.500,57.000,71.125,60.875,63.625,61.875,60.500,60.500,56.625,56.000,59.500,1064743.388,11351007,110757108
1791014821.902,AD_Stan_chunks1,72.000,58.000,55.000,55.250,70.125,57.000,63.250,55.500,57.500,61.000,55.250,53.875,57.250,1064917.858,11351007,110757108
1791014822.903,AD_Stan_chunks1,71.750,57.125,54.125,54.375,69.625,56.625,62.250,57.375,57.500,60.000,53.875,53.375,58.000,1065048.769,11351007,110757108
1791014823.904,AD_Stan_chunks1,71.500,56.625,59.125,54.375,69.250,56.125,62.250,54.125,60.250,60.000,53.375,52.375,56.750,1065177.437,11351007,110757108
1791014824.905,AD_Stan_chunks1,71.250,59.500,54.125,53.875,69.250,56.625,62.250,54.125,58.875,57.250,53.375,52.875,55.875,1065305.213,11351009,110757108
1791014825.906,AD_Stan_chunks1,71.125,56.625,56.750,56.875,68.750,56.125,61.750,53.625,56.250,58.875,53.375,52.875,55.375,1065433.816,11351009,110757108
1791014826.907,AD_Stan_chunks1,70.875,56.625,57.250,54.750,68.750,56.125,61.375,53.625,55.750,58.125,52.875,52.375,55.375,1065559.805,11351011,110757108
1791014827.909,AD_Stan_chunks1,70.625,56.625,56.375,53.375,68.750,55.625,61.375,55.875,55.750,56.250,52.500,52.000,55.375,1065684.370,11351011,110757108
1791014828.910,AD_Stan_chunks1,70.375,55.750,56.375,53.375,68.250,55.625,61.375,52.750,55.750,56.250,52.500,52.625,55.000,1065811.309,11351012,110757108
1791014829.911,AD_Stan_chunks1,70.250,65.125,62.750,63.000,66.250,67.875,61.875,62.750,67.000,66.000,61.750,60.625,64.750,1066084.217,11351012,110757108
1791014830.912,AD_Stan_chunks1,70.125,59.500,57.250,57.750,68.000,61.375,63.250,58.125,61.125,60.500,56.625,57.125,62.500,1066369.304,11351012,110757108
1791014831.914,AD_Stan_chunks1,70.000,60.000,56.875,57.750,68.500,61.375,63.625,57.750,61.000,60.875,58.500,56.250,60.625,1066639.037,11351017,110757108
1791014832.915,AD_Stan_chunks1,69.750,60.000,57.000,60.250,68.500,65.000,63.250,64.250,61.000,61.750,58.000,56.375,60.000,1066911.370,11351017,110757108
1791014833.919,AD_Stan_chunks1,69.625,61.375,57.750,58.250,69.000,62.125,63.250,59.125,62.000,63.750,58.125,58.500,63.500,1067220.213,11351017,110757108
1791014834.922,AD_Stan_chunks1,69.500,60.500,58.250,58.375,67.125,62.625,64.125,61.375,62.875,62.750,58.000,58.500,61.125,1067532.319,11351017,110757108
1791014835.931,AD_Stan_chunks1,69.250,60.875,57.750,58.750,66.750,63.625,65.000,59.125,61.875,61.250,58.125,57.250,61.625,1067843.491,11351019,110757108
1791014836.935,AD_Stan_chunks1,69.125,60.875,58.125,61.125,67.625,62.750,62.750,59.500,62.500,61.875,57.625,57.500,61.375,1068153.662,11351022,110757108
1791014837.943,AD_Stan_chunks1,68.875,60.875,58.875,58.375,67.625,62.500,63.250,58.625,62.375,61.875,58.125,57.375,62.125,1068463.748,11351022,110757108
1791014838.947,AD_Stan_chunks1,68.750,61.750,58.875,60.125,67.625,62.500,62.750,59.500,61.625,61.875,58.125,59.125,60.750,1068773.599,11351023,110757108
1791014839.951,AD_Stan_chunks1,68.625,61.750,58.125,59.250,67.625,64.125,59.125,58.625,62.875,61.750,58.000,57.250,61.125,1069083.418,11351023,110757108
1791014840.955,AD_Stan_chunks1,68.500,61.375,58.875,61.125,66.750,62.750,60.875,59.500,61.625,62.250,58.250,57.375,61.250,1069393.549,11351023,110757108
1791014841.958,AD_Stan_chunks1,68.375,61.750,58.375,59.250,67.625,62.750,63.625,60.000,62.875,62.750,57.750,57.375,61.375,1069703.328,11351023,110757108
1791014842.962,AD_Stan_chunks1,68.375,61.750,59.500,59.750,66.250,63.625,63.625,61.375,62.875,61.750,57.625,57.500,61.250,1070012.972,11351025,110757108
1791014843.964,AD_Stan_chunks1,68.250,61.375,59.125,59.625,68.500,62.750,65.375,60.375,63.000,61.750,58.250,57.375,65.000,1070322.854,11351025,110757108
1791014844.967,AD_Stan_chunks1,68.250,61.375,59.250,58.750,68.000,63.625,65.375,60.375,64.250,63.125,57.625,57.250,61.625,1070632.937,11351025,110757108
1791014845.971,AD_Stan_chunks1,68.250,61.875,58.875,58.750,66.750,63.625,65.000,60.000,63.750,61.500,58.000,57.375,63.125,1070943.103,11351025,110757108
1791014846.975,AD_Stan_chunks1,68.250,62.375,58.875,60.125,67.625,64.625,65.375,59.125,62.875,65.500,59.375,57.375,62.000,1071252.756,11351032,110757108
1791014847.977,AD_Stan_chunks1,68.250,61.375,59.000,59.250,67.125,63.250,64.625,59.500,62.375,62.750,59.500,59.125,62.875,1071562.173,11351034,110757108
1791014848.987,AD_Stan_chunks1,68.250,61.875,58.625,59.250,68.000,63.625,63.250,58.750,63.000,62.750,57.750,57.375,62.500,1071874.491,11351034,110757108
1791014849.994,AD_Stan_chunks1,68.250,62.375,60.125,59.625,71.625,63.250,63.625,59.125,62.375,62.750,58.000,58.750,62.250,1072185.928,11351035,110757108
1791014850.998,AD_Stan_chunks1,68.375,60.875,60.500,59.250,67.625,63.250,64.625,59.125,63.000,62.750,58.125,57.375,62.250,1072496.489,11351035,110757108
1791014852.002,AD_Stan_chunks1,68.375,62.250,58.750,59.250,68.000,62.750,63.250,60.000,63.750,64.125,58.125,58.125,63.000,1072806.612,11351035,110757108
1791014853.011,AD_Stan_chunks1,68.375,62.625,58.875,59.625,67.625,64.625,64.625,60.125,62.875,62.250,57.750,58.000,61.625,1073117.973,11351035,110757108
1791014854.015,AD_Stan_chunks1,68.375,62.375,59.250,59.625,68.500,63.250,63.750,61.375,62.875,62.500,58.500,58.000,61.375,1073428.990,11351039,110757108
1791014855.024,AD_Stan_chunks1,68.375,62.625,59.625,59.250,68.500,63.625,64.625,60.375,62.500,62.250,57.750,57.375,63.500,1073739.917,11351039,110757108
1791014856.029,AD_Stan_chunks1,68.500,61.375,59.125,59.750,67.125,63.625,63.750,60.000,62.875,62.750,58.500,58.250,63.125,1074050.529,11351039,110757108
1791014857.032,AD_Stan_chunks1,68.500,62.375,59.625,61.500,68.500,65.000,65.125,61.875,63.750,62.250,58.500,58.125,64.250,1074361.311,11351042,110757108
1791014858.040,AD_Stan_chunks1,68.625,62.375,58.875,60.750,68.500,63.250,65.125,59.875,63.375,62.250,58.500,58.500,63.625,1074673.078,11351045,110757108
1791014859.048,AD_Stan_chunks1,68.750,62.750,59.125,60.625,68.000,64.125,63.250,60.375,63.750,62.375,58.000,58.000,62.625,1074984.103,11351045,110757108
1791014860.051,AD_Stan_chunks1,68.750,62.250,60.500,60.125,69.000,63.250,65.625,60.375,62.875,62.875,58.000,59.500,63.625,1075294.984,11351045,110757108
1791014861.060,AD_Stan_chunks1,68.750,61.375,59.500,62.500,66.750,63.625,58.750,60.000,63.375,63.250,58.500,60.375,61.750,1075607.178,11351045,110757108
1791014862.067,AD_Stan_chunks1,68.750,62.375,59.250,60.625,70.375,65.000,66.000,60.000,63.375,61.875,58.500,59.000,62.875,1075918.485,11351047,110757108
1791014863.072,AD_Stan_chunks1,68.875,61.500,59.500,59.125,68.500,64.000,65.375,60.375,64.625,61.875,58.125,58.000,61.750,1076229.295,11351047,110757108
1791014864.075,AD_Stan_chunks1,68.875,62.250,59.750,60.125,69.000,63.500,65.500,59.500,63.750,62.500,58.500,59.625,62.500,1076539.640,11351047,110757108
1791014865.084,AD_Stan_chunks1,69.000,62.750,58.750,60.625,68.000,64.125,65.500,60.000,63.875,62.250,58.500,58.750,62.500,1076851.391,11351049,110757108
1791014866.092,AD_Stan_chunks1,69.000,62.750,59.250,60.125,69.375,63.500,66.000,59.500,63.375,63.125,59.000,58.625,62.250,1077162.851,11351049,110757108
1791014867.095,AD_Stan_chunks1,69.000,62.000,60.125,60.250,69.000,63.625,65.500,60.875,64.125,63.125,59.875,59.000,62.625,1077472.588,11351069,110757108
1791014868.103,AD_Stan_chunks1,69.000,61.375,60.125,59.250,68.000,63.250,65.000,61.375,63.250,62.375,59.375,58.500,63.125,1077783.811,11351069,110757108
1791014869.106,AD_Stan_chunks1,69.125,61.875,60.000,59.250,69.375,64.625,65.500,60.000,64.125,63.125,61.250,58.125,62.625,1078093.651,11351071,110757108
1791014870.108,AD_Stan_chunks1,69.000,62.000,60.000,60.125,68.500,63.625,65.500,60.375,63.250,62.750,60.500,58.750,62.875,1078403.731,11351071,110757108
1791014871.112,AD_Stan_chunks1,69.125,62.375,59.750,60.125,68.500,65.000,66.000,60.875,63.375,63.625,59.500,58.625,63.625,1078713.498,11351071,110757108
1791014872.119,AD_Stan_chunks1,69.125,62.375,59.500,60.625,69.375,65.875,66.000,60.375,63.375,63.125,58.500,58.750,62.875,1079024.325,11351072,110757108
1791014873.126,AD_Stan_chunks1,69.125,62.375,58.875,60.125,68.000,63.625,64.625,60.000,63.375,62.375,59.000,59.000,64.000,1079336.853,11351072,110757108
1791014874.129,AD_Stan_chunks1,69.125,62.750,60.625,60.125,68.500,64.125,66.375,60.000,65.250,63.250,59.000,59.125,62.875,1079648.574,11351072,110757108
1791014875.137,AD_Stan_chunks1,69.125,62.750,59.125,61.125,68.500,64.625,65.875,60.000,63.875,62.875,58.500,58.625,62.875,1079960.712,11351072,110757108
1791014876.143,AD_Stan_chunks1,69.250,62.625,59.500,60.625,68.000,63.625,66.750,60.875,64.750,62.875,59.000,60.500,63.000,1080271.693,11351073,110757108
1791014877.150,AD_Stan_chunks1,69.875,61.750,59.250,60.625,71.625,64.125,65.625,60.375,62.875,63.250,59.500,58.125,63.125,1080583.971,11351073,110757108
1791014878.158,AD_Stan_chunks1,70.750,63.750,61.125,60.125,70.750,65.500,64.625,60.000,64.250,63.750,61.250,59.000,63.875,1080896.493,11351073,110757108
1791014879.160,AD_Stan_chunks1,71.125,63.125,61.125,61.125,72.125,64.000,65.625,60.875,64.250,64.500,59.750,59.000,64.250,1081208.282,11351073,110757108
1791014880.162,AD_Stan_chunks1,71.750,62.750,60.500,61.500,71.625,65.875,65.375,58.625,61.625,65.125,63.000,60.000,64.750,1081518.960,11351073,110757108
1791014881.164,AD_Stan_chunks1,71.750,59.500,58.125,57.750,71.625,68.250,65.875,58.000,61.125,61.000,57.750,56.125,60.625,1081781.825,11351073,110757108
1791014882.165,AD_Stan_chunks1,71.750,59.500,57.750,58.250,71.625,60.250,65.375,57.750,60.500,60.000,55.875,56.250,59.750,1081999.231,11351073,110757108
1791014883.166,AD_Stan_chunks1,71.625,58.625,55.000,54.750,57.125,57.500,64.500,55.000,61.000,69.250,54.375,53.875,57.625,1082151.843,11351074,110757108
1791014884.167,AD_Stan_chunks1,71.375,57.125,55.625,54.750,56.875,57.000,63.625,55.625,61.000,68.875,53.875,53.375,56.750,1082279.222,11351074,110757108
1791014885.168,AD_Stan_chunks1,71.125,57.125,54.125,54.375,58.500,56.625,63.625,54.125,61.500,68.375,53.375,53.375,56.250,1082404.806,11351074,110757108
1791014886.169,AD_Stan_chunks1,70.750,57.125,53.625,55.500,60.875,56.625,63.625,53.625,56.625,68.875,52.875,52.875,56.250,1082528.796,11351074,110757108
1791014887.171,AD_Stan_chunks1,70.625,61.375,54.500,53.875,56.000,56.125,63.125,53.125,56.625,67.875,53.375,52.375,55.875,1082654.558,11351079,110757108
1791014888.172,idle_after,70.375,56.625,53.625,55.375,59.000,55.625,63.125,53.625,56.625,67.875,52.875,52.375,55.875,1082779.989,11351079,110757108
1791014889.173,idle_after,70.125,56.125,53.125,53.375,55.750,55.625,62.750,53.125,58.875,67.375,52.500,52.000,55.375,1082900.270,11351079,110757108
1791014890.174,idle_after,69.875,56.125,53.125,53.375,56.750,55.125,62.750,52.750,56.250,67.375,52.500,52.375,55.375,1083022.674,11351079,110757108
1791014891.176,idle_after,69.625,56.125,55.250,53.375,55.000,55.625,62.250,52.750,55.750,67.375,52.000,52.000,54.500,1083141.689,11351079,110757108
1791014892.177,idle_after,69.375,55.750,53.125,53.375,57.750,60.250,62.250,52.750,55.750,67.000,52.000,52.000,55.000,1083263.300,11351079,110757108
1791014893.178,idle_after,69.125,55.750,53.125,53.375,56.250,54.750,62.250,53.750,55.250,66.500,52.000,51.500,54.500,1083382.192,11351079,110757108
1791014894.179,idle_after,68.875,55.750,56.375,52.875,56.750,55.125,62.250,52.750,55.250,67.000,52.000,51.500,54.500,1083504.049,11351080,110757108
1791014895.181,idle_after,68.625,55.250,52.625,52.375,55.375,54.750,61.875,51.875,55.250,66.500,51.500,51.000,54.125,1083622.980,11351080,110757108
1791014896.182,idle_after,68.500,55.250,52.625,52.375,56.250,65.375,61.875,52.250,54.875,58.000,52.000,51.000,56.875,1083744.597,11351080,110757108
1791014897.182,idle_after,68.250,55.250,52.625,52.000,57.125,66.875,61.375,51.875,54.375,55.375,51.000,51.000,54.500,1083863.764,11351082,110757108
1791014898.184,idle_after,67.750,54.750,56.375,52.000,55.375,57.500,61.375,51.875,54.375,55.375,62.500,50.500,53.625,1083983.284,11351083,110757108
1791014899.185,idle_after,67.000,57.625,51.750,52.375,53.750,54.250,61.375,51.875,54.375,55.375,51.500,60.375,53.625,1084101.156,11351083,110757108
1791014900.186,idle_after,66.375,54.750,51.750,52.375,54.875,56.125,61.375,51.875,59.750,55.000,51.000,61.250,53.250,1084220.882,11351105,110757108
1791014901.187,idle_after,65.875,53.875,51.750,52.375,53.875,53.375,60.875,51.875,54.375,54.500,51.000,60.750,53.625,1084339.033,11351107,110757108
1791014902.188,idle_after,65.375,53.875,53.750,52.000,53.250,53.375,60.500,51.375,53.500,56.500,51.000,60.750,53.250,1084457.561,11351107,110757108
1791014903.190,idle_after,64.875,53.875,51.750,52.000,53.250,53.375,60.500,51.875,54.000,54.500,50.625,60.750,53.250,1084577.188,11351107,110757108
1791014904.191,idle_after,64.375,54.250,51.250,53.875,53.250,53.375,60.875,51.875,53.500,54.500,51.000,61.250,53.250,1084696.680,11351107,110757108
1791014905.192,idle_after,64.000,53.375,51.250,51.500,56.250,54.250,60.000,51.375,54.000,55.625,50.125,60.750,52.750,1084815.096,11351109,110757108
1791014906.193,idle_after,63.625,53.875,51.250,51.000,52.625,52.375,60.000,50.875,53.500,55.750,50.625,60.375,52.750,1084932.205,11351109,110757108
1791014907.194,idle_after,63.250,53.875,51.250,51.000,52.750,52.875,60.000,51.375,53.500,55.250,50.125,60.375,52.750,1085052.689,11351116,110757108
1791014908.196,idle_after,62.875,53.375,51.250,51.000,53.000,52.875,60.000,50.875,57.000,53.625,50.125,60.375,52.250,1085169.866,11351119,110757108
1791014909.197,idle_after,62.500,52.875,50.375,51.000,52.750,55.000,60.000,57.000,53.000,53.625,49.625,60.375,52.250,1085288.898,11351119,110757108
1791014910.198,idle_after,62.250,52.875,50.750,50.500,52.750,51.875,59.500,50.500,55.000,53.625,50.875,60.750,52.750,1085407.132,11351119,110757108
1791014911.199,idle_after,62.000,52.875,50.750,51.000,53.500,52.375,60.000,50.875,52.625,53.125,50.125,60.750,51.875,1085525.669,11351119,110757108
1791014912.200,idle_after,62.000,52.375,50.375,50.500,64.625,53.750,60.000,50.875,53.625,53.125,50.125,49.625,52.250,1085644.338,11351123,110757108
1791014913.202,idle_after,63.750,52.375,54.250,50.500,65.000,52.375,59.500,50.500,52.625,53.125,50.125,50.250,51.875,1085763.928,11351123,110757108
1791014914.203,idle_after,64.375,52.375,50.750,50.500,65.000,51.875,59.500,50.500,52.625,52.750,49.625,49.125,51.875,1085880.396,11351123,110757108
1791014915.204,idle_after,64.625,52.875,54.750,50.500,65.000,51.875,59.500,50.500,52.625,52.750,50.125,49.625,51.875,1086002.135,11351127,110757108
1791014916.206,idle_after,64.625,52.375,50.375,51.000,64.625,51.500,59.500,50.000,52.125,52.250,49.625,49.125,51.000,1086118.000,11351127,110757108
1791014917.207,idle_after,64.750,52.375,50.625,53.500,64.625,51.500,59.500,50.000,52.125,52.750,49.250,48.750,51.375,1086235.608,11351133,110757108
1791014918.208,idle_after,64.625,52.000,49.875,50.500,51.875,64.000,59.125,50.000,54.000,52.750,49.625,48.750,51.875,1086351.582,11351133,110757108
1791014919.209,idle_after,64.625,54.500,49.875,50.000,52.125,64.000,59.125,50.500,55.625,53.500,49.625,49.125,51.375,1086469.165,11351136,110757108
1791014920.210,idle_after,64.500,52.000,50.375,52.000,52.500,63.625,59.500,51.375,52.125,52.750,49.250,48.750,51.875,1086588.369,11351136,110757108
1791014921.212,idle_after,64.500,53.500,49.875,49.625,51.875,63.625,59.125,49.500,52.125,52.250,49.250,48.250,51.000,1086704.742,11351136,110757108
1791014922.213,idle_after,64.375,52.375,50.125,49.625,51.500,63.625,58.625,49.500,51.750,52.750,48.750,48.250,51.000,1086823.832,11351140,110757108
1791014923.214,idle_after,64.375,52.375,49.875,49.625,51.000,64.000,58.625,49.500,51.250,52.250,49.250,51.000,51.000,1086940.493,11351140,110757108
1791014924.215,idle_after,64.375,52.000,49.875,49.625,51.000,63.625,59.125,49.500,51.250,51.875,49.250,51.500,50.500,1087059.890,11351140,110757108
1791014925.216,idle_after,64.250,52.000,49.875,49.625,51.500,64.000,59.125,49.500,51.250,51.875,48.750,48.750,50.500,1087176.544,11351140,110757108
1791014926.217,idle_after,64.125,52.000,49.375,49.625,63.250,51.000,58.625,49.500,51.750,51.875,49.250,49.625,50.500,1087295.192,11351143,110757108
1791014927.219,idle_after,64.125,51.500,50.625,49.125,63.625,51.000,58.625,49.125,51.750,52.250,48.750,48.750,50.500,1087411.398,11351148,110757108
1791014928.220,idle_after,64.125,52.000,49.375,49.875,63.625,51.500,58.625,49.125,50.875,51.375,48.750,49.125,50.125,1087530.197,11351148,110757108
1791014929.221,idle_after,64.000,51.500,49.375,49.875,63.625,50.500,58.625,49.125,50.875,51.875,49.625,48.250,50.500,1087647.703,11351148,110757108
1791014930.222,idle_after,64.000,51.000,52.875,50.000,63.250,50.000,58.250,49.125,51.250,51.375,48.250,48.750,50.125,1087763.222,11351150,110757108
1791014931.223,idle_after,63.875,51.000,48.875,52.250,63.625,50.500,57.750,49.500,50.875,51.000,48.250,48.250,50.125,1087884.303,11351150,110757108
1791014932.224,idle_after,63.750,51.000,48.875,49.125,63.250,50.000,58.250,48.625,50.875,54.750,48.750,49.125,50.125,1088001.584,11351150,110757108
1791014933.226,idle_after,63.750,51.500,48.875,49.125,63.250,52.250,58.250,49.125,50.875,51.375,48.250,48.250,50.125,1088116.486,11351152,110757108
1791014934.227,idle_after,63.625,51.500,48.875,57.375,62.750,50.500,58.250,49.125,53.500,51.375,48.250,48.250,50.125,1088234.866,11351152,110757108
1791014935.228,idle_after,63.625,51.000,48.875,49.125,62.750,49.625,57.750,48.625,50.375,51.000,48.250,50.500,49.625,1088352.242,11351152,110757108
1791014936.229,idle_after,63.500,51.500,48.875,48.625,63.250,50.000,57.750,48.625,50.875,51.375,47.750,49.750,53.250,1088469.257,11351152,110757108
1791014937.230,idle_after,63.500,51.000,48.875,48.625,62.250,49.625,57.750,48.625,50.875,50.500,48.250,50.125,50.125,1088585.867,11351161,110757108
1791014938.232,idle_after,63.375,50.500,48.500,48.625,62.750,49.625,57.750,49.125,50.875,51.000,48.750,50.125,49.625,1088703.256,11351161,110757108
1791014939.233,idle_after,63.000,51.250,48.875,49.625,49.625,49.625,57.750,49.125,50.375,60.500,49.250,50.500,49.625,1088820.811,11351161,110757108
1791014940.235,idle_after,62.875,51.000,48.500,51.750,49.625,49.625,57.250,55.000,50.375,61.375,49.250,48.250,49.125,1088938.119,11351164,110757108
1791014941.236,idle_after,62.750,51.000,48.000,48.625,50.125,50.000,58.250,48.625,50.375,61.000,49.250,47.750,49.625,1089055.364,11351164,110757108
1791014942.237,idle_after,62.625,52.000,48.500,48.625,50.125,50.500,57.750,48.625,49.875,61.875,47.750,47.250,49.125,1089172.614,11351164,110757108
1791014943.238,idle_after,62.500,50.500,48.500,48.625,49.625,49.625,57.750,48.625,50.375,61.375,47.750,47.250,49.625,1089290.708,11351164,110757108
1791014944.239,idle_after,62.375,50.500,48.625,48.125,49.625,49.625,57.750,48.625,50.875,61.875,48.875,47.250,49.625,1089406.666,11351167,110757108
1791014945.241,idle_after,62.250,51.000,49.000,49.125,49.625,49.625,57.750,48.625,49.875,61.375,47.750,47.750,49.625,1089525.883,11351167,110757108
1791014946.242,idle_after,62.125,51.625,48.000,48.625,49.625,49.625,57.750,48.625,49.875,61.375,47.375,47.250,49.125,1089643.151,11351167,110757108
1791014947.243,idle_after,62.125,50.125,48.875,48.125,49.625,49.625,56.875,48.625,50.375,61.000,47.375,50.125,49.125,1089761.504,11351175,110757108
1791014948.245,idle_after,62.000,50.125,48.500,48.625,49.625,49.625,57.250,49.250,49.875,61.000,47.375,48.250,49.125,1089878.031,11351177,110757108
1791014949.246,idle_after,61.875,50.125,48.000,53.000,49.250,49.625,57.250,48.125,49.875,61.375,48.250,49.125,49.125,1089996.861,11351177,110757108
1791014950.247,idle_after,61.750,50.125,48.000,49.125,49.625,50.000,57.750,48.625,49.875,61.375,47.375,47.250,48.750,1090113.072,11351177,110757108
1791014951.248,idle_after,61.750,60.875,52.875,47.625,49.625,49.625,56.875,48.125,49.875,52.875,47.750,47.250,49.125,1090230.785,11351179,110757108
1791014952.250,idle_after,61.625,61.875,49.750,48.125,50.125,49.625,58.250,50.500,49.875,50.500,50.500,47.250,48.750,1090358.571,11351179,110757108
1791014953.251,idle_after,61.250,54.000,60.125,48.125,49.625,49.625,57.250,49.125,49.500,50.125,48.250,48.250,49.125,1090478.989,11351179,110757108
1791014954.252,idle_after,60.750,49.625,48.500,48.125,49.250,49.875,57.750,58.000,49.500,50.125,47.750,46.875,48.750,1090597.635,11351179,110757108
1791014955.253,idle_after,60.375,50.125,48.000,49.875,48.875,49.125,56.875,58.500,53.500,50.125,47.750,47.250,48.750,1090716.278,11351183,110757108
1791014956.254,idle_after,60.000,50.125,48.000,50.500,49.625,49.125,56.875,58.500,49.500,49.625,49.875,47.250,48.750,1090834.541,11351183,110757108
1791014957.255,idle_after,59.625,50.125,47.500,48.125,48.875,49.125,57.750,58.500,49.500,51.875,47.375,47.250,48.750,1090954.359,11351186,110757108
1791014958.257,idle_after,59.375,50.125,48.000,51.625,49.750,49.000,56.875,58.500,49.500,49.625,47.375,46.875,48.750,1091073.570,11351189,110757108
1791014959.258,idle_after,59.250,49.625,48.000,48.125,49.250,48.625,56.875,58.500,49.000,54.375,49.125,48.000,48.250,1091190.327,11351189,110757108
1791014960.259,idle_after,59.125,49.625,48.000,49.875,49.250,48.625,56.875,58.000,49.000,49.625,47.375,46.875,48.250,1091308.241,11351189,110757108
1791014961.260,idle_after,59.000,49.625,48.000,50.625,49.250,49.125,56.875,58.000,49.000,58.000,47.375,46.875,48.250,1091427.726,11351189,110757108
1791014962.262,idle_after,59.000,50.125,48.000,48.125,50.875,49.625,57.250,58.500,49.500,50.250,47.750,47.250,48.250,1091552.011,11351193,110757108
1791014963.263,idle_after,58.875,50.125,48.000,48.125,48.750,49.625,56.875,57.500,49.500,49.625,47.375,46.875,48.250,1091669.622,11351193,110757108
1791014964.264,idle_after,58.750,49.625,48.500,49.000,48.875,49.250,56.875,58.000,49.875,50.125,47.750,47.750,50.500,1091794.252,11351193,110757108
1791014965.265,idle_after,58.750,49.625,47.500,47.625,48.750,48.625,56.875,58.000,49.000,49.625,47.375,47.250,48.750,1091913.252,11351196,110757108
1791014966.266,idle_after,58.625,53.000,47.500,49.750,48.750,48.625,56.875,58.000,49.000,49.125,47.375,47.250,48.250,1092032.343,11351196,110757108
1791014967.268,idle_after,58.625,49.625,47.500,47.625,48.875,48.625,56.875,58.000,50.500,49.125,46.875,46.375,48.750,1092150.205,11351200,110757108
1791014968.269,idle_after,58.625,52.000,47.875,47.625,60.875,48.625,56.875,47.750,52.000,49.625,47.375,46.875,48.750,1092268.318,11351200,110757108
1791014969.270,idle_after,60.125,49.625,47.500,47.250,60.875,49.250,56.875,47.750,49.000,49.125,46.875,47.750,48.250,1092390.481,11351203,110757108
1791014970.271,idle_after,60.625,49.125,47.500,47.625,60.875,51.875,56.375,47.750,49.000,49.625,47.375,46.375,48.750,1092506.618,11351204,110757108
1791014971.272,idle_after,60.875,49.125,47.500,49.500,60.875,48.625,56.375,47.750,49.500,49.125,46.875,46.375,47.875,1092623.427,11351204,110757108
1791014972.274,idle_after,61.000,49.125,48.000,47.625,60.875,48.625,57.250,50.500,49.000,49.625,47.375,46.875,48.250,1092740.665,11351207,110757108
1791014973.275,idle_after,61.125,49.625,48.500,47.250,60.875,48.250,56.375,49.500,49.000,49.125,46.875,46.875,48.250,1092858.515,11351207,110757108
1791014974.276,idle_after,61.125,49.625,48.000,47.625,60.875,48.625,56.375,47.250,49.500,49.625,46.375,47.000,48.250,1092975.156,11351207,110757108
1791014975.277,idle_after,61.250,49.125,47.500,47.625,60.875,48.250,56.375,47.750,49.000,49.125,47.375,49.375,47.875,1093092.161,11351207,110757108
1791014976.278,idle_after,61.250,49.625,55.375,49.125,60.875,48.250,56.875,47.250,49.000,49.125,46.875,46.375,47.875,1093211.366,11351211,110757108
1791014977.280,idle_after,61.125,49.750,47.500,47.625,60.875,48.250,56.375,47.250,48.625,49.125,47.000,46.375,47.875,1093330.547,11351216,110757108
1791014978.281,idle_after,61.125,54.250,49.875,47.250,60.875,48.250,56.875,47.250,48.625,50.625,46.875,46.375,47.875,1093452.795,11351216,110757108
1791014979.281,idle_after,61.125,49.625,48.000,47.250,60.375,48.625,56.375,47.250,49.500,49.625,46.875,46.875,48.250,1093573.136,11351216,110757108
1791014980.282,idle_after,61.125,49.125,47.500,46.750,60.875,48.250,56.375,47.250,51.500,49.125,46.875,46.375,47.875,1093689.871,11351220,110757108
1791014981.284,idle_after,61.000,49.125,47.500,47.250,60.875,50.000,56.375,47.250,52.125,49.125,46.875,46.875,48.250,1093809.050,11351220,110757108
1791014982.285,idle_after,61.000,49.125,47.500,47.250,60.375,53.750,56.375,49.125,49.000,49.125,46.875,46.875,47.375,1093926.774,11351220,110757108
1791014983.286,idle_after,61.000,49.125,47.500,47.250,60.875,48.250,56.375,47.250,49.000,49.125,46.375,48.375,47.875,1094046.982,11351222,110757108
1791014984.287,idle_after,61.000,49.625,47.000,46.750,60.875,48.250,56.375,47.250,49.000,49.125,46.375,46.375,47.875,1094164.442,11351222,110757108
1791014985.288,idle_after,61.000,49.125,47.750,47.250,60.875,48.250,56.375,47.750,48.625,48.750,47.250,48.125,47.875,1094282.256,11351222,110757108
1791014986.289,idle_after,61.000,49.125,46.625,46.750,60.875,49.625,56.375,47.250,48.625,49.125,46.375,46.375,47.375,1094400.203,11351222,110757108
1791014987.291,idle_after,60.875,49.125,47.625,46.750,60.375,48.250,56.375,46.875,52.000,52.500,46.375,46.375,47.375,1094518.386,11351224,110757108
1791014988.292,idle_after,60.875,49.125,47.500,46.750,60.375,48.250,56.375,46.875,49.000,48.750,46.375,48.125,47.375,1094637.003,11351224,110757108
1791014989.293,idle_after,60.875,49.125,47.000,46.750,60.375,48.250,56.375,46.875,50.875,51.000,46.375,46.375,47.375,1094755.488,11351224,110757108
1791014990.294,idle_after,60.750,49.125,47.000,47.375,60.375,48.250,56.000,46.875,48.125,48.750,46.375,47.250,47.375,1094872.756,11351224,110757108
1791014991.295,idle_after,60.750,48.750,47.000,49.250,60.875,47.750,56.375,47.750,48.625,50.125,47.375,46.375,47.375,1094993.289,11351224,110757108
1791014992.297,idle_after,60.750,48.750,46.625,47.250,60.875,49.125,56.375,46.875,48.625,49.625,46.375,45.875,47.375,1095110.710,11351224,110757108
1791014993.298,idle_after,60.625,59.500,46.625,47.625,48.375,47.750,56.875,46.875,48.625,48.750,46.375,45.875,50.000,1095229.896,11351224,110757108
1791014994.299,idle_after,60.500,59.500,47.625,46.750,47.875,47.750,56.875,47.250,48.125,48.750,46.375,45.875,47.375,1095347.708,11351225,110757108
1791014995.300,idle_after,60.375,59.500,47.000,47.250,47.875,47.750,56.375,47.250,48.625,48.750,46.375,48.000,47.375,1095468.466,11351225,110757108
1791014996.301,idle_after,60.375,59.500,47.000,46.750,47.875,47.750,56.375,48.625,48.625,48.750,46.375,45.875,47.375,1095588.124,11351225,110757108
1791014997.303,idle_after,60.250,59.500,53.250,46.750,48.375,48.250,56.000,46.375,48.125,48.750,46.375,45.375,50.375,1095707.711,11351226,110757108
1791014998.304,idle_after,60.125,59.500,46.625,46.750,48.250,47.750,56.000,47.250,48.625,49.125,45.875,45.875,47.375,1095828.147,11351226,110757108
1791014999.305,idle_after,60.125,59.500,46.625,46.750,47.500,52.375,56.375,46.375,48.125,48.750,46.375,47.000,47.375,1095945.716,11351226,110757108
1791015000.306,idle_after,60.000,59.500,47.000,46.750,48.250,47.750,56.375,46.875,48.125,48.750,46.375,46.375,47.375,1096065.723,11351226,110757108
1791015001.307,idle_after,60.000,59.500,47.000,46.750,47.875,47.750,56.375,46.875,49.625,48.750,45.875,46.375,47.375,1096184.098,11351227,110757108
1791015002.309,idle_after,59.875,59.125,48.125,46.750,47.875,49.125,56.000,46.875,48.125,48.750,46.375,46.375,47.375,1096302.382,11351227,110757108
1791015003.310,idle_after,59.875,59.500,46.625,46.750,50.625,47.750,56.375,46.875,48.625,48.750,45.875,45.875,47.000,1096419.686,11351227,110757108
1791015004.311,idle_after,59.750,59.500,47.000,47.250,47.875,47.750,56.000,46.875,48.125,48.750,46.375,45.875,49.625,1096539.012,11351228,110757108
1791015005.312,idle_after,59.750,59.500,46.625,46.250,47.375,51.125,56.375,46.875,57.125,49.125,45.875,45.875,47.000,1096655.117,11351228,110757108
1791015006.313,idle_after,59.750,59.500,46.625,49.500,47.875,47.750,56.000,46.875,48.125,48.750,46.375,48.250,47.000,1096773.682,11351228,110757108
1791015007.316,idle_after,59.625,59.125,46.625,47.875,47.375,47.250,56.000,47.250,47.625,48.750,45.875,46.875,47.250,1096891.344,11351228,110757108
1791015008.317,idle_after,59.625,59.500,46.625,46.250,47.375,47.250,56.000,46.875,47.625,48.250,45.875,46.875,47.000,1097008.802,11351229,110757108
1791015009.318,idle_after,59.500,59.500,46.625,46.250,47.000,47.250,56.000,46.875,49.500,48.750,45.875,46.375,47.000,1097124.886,11351229,110757108
1791015010.319,idle_after,59.500,59.125,47.000,47.375,47.375,50.125,56.000,46.875,48.625,48.750,46.875,46.375,50.875,1097248.505,11351229,110757108
1791015011.320,idle_after,59.500,59.125,48.125,46.250,47.875,47.750,56.000,46.375,47.625,48.250,46.375,45.875,47.375,1097367.618,11351229,110757108
1791015012.322,idle_after,59.500,59.125,47.500,46.750,47.875,50.125,56.000,48.500,48.125,48.750,46.375,45.875,47.000,1097486.237,11351230,110757108
1791015013.323,idle_after,59.375,59.125,46.625,46.750,47.500,47.750,55.500,46.375,48.125,48.750,46.875,45.875,47.375,1097604.988,11351230,110757108
1791015014.325,idle_after,59.375,59.125,46.125,46.750,47.875,47.250,56.000,46.375,48.125,48.250,46.375,46.875,47.875,1097723.598,11351230,110757108
1791015015.326,idle_after,59.375,58.625,46.125,46.250,47.375,47.250,55.500,46.875,48.125,48.250,45.875,48.250,55.750,1097842.291,11351231,110757108
1791015016.327,idle_after,59.375,59.125,46.625,46.750,47.375,47.250,55.500,46.375,48.625,49.500,46.375,46.500,47.000,1097962.309,11351231,110757108
1791015017.328,idle_after,59.250,59.125,46.625,46.750,47.375,47.750,55.500,46.375,48.625,49.625,45.875,46.125,47.000,1098081.410,11351231,110757108
1791015018.329,idle_after,59.250,58.625,46.625,48.375,47.000,47.750,55.500,46.875,47.625,50.625,45.875,45.375,48.625,1098199.277,11351231,110757108
1791015019.331,idle_after,59.250,59.125,46.125,46.250,47.500,47.750,55.500,46.875,48.125,48.750,46.375,46.375,47.000,1098318.160,11351231,110757108
1791015020.332,idle_after,59.250,59.125,46.625,51.125,47.500,48.250,56.000,46.375,47.625,48.250,45.875,45.875,47.375,1098437.152,11351231,110757108
1791015021.333,idle_after,59.250,59.125,46.625,46.750,47.875,47.250,55.500,48.625,48.125,48.250,45.875,45.875,47.375,1098557.447,11351231,110757108
1791015022.334,idle_after,59.250,59.125,46.625,46.250,47.500,47.250,56.000,47.250,47.625,48.750,46.375,45.875,47.000,1098675.966,11351232,110757108
1791015023.335,idle_after,59.125,59.125,46.625,46.250,47.000,47.250,55.500,46.375,47.250,48.250,48.000,45.375,46.500,1098793.073,11351232,110757108
1791015024.336,idle_after,59.125,59.125,46.625,46.250,47.375,47.250,55.500,46.375,48.750,48.250,45.875,45.375,47.000,1098909.900,11351232,110757108
1791015025.337,idle_after,59.125,59.125,46.125,46.500,47.000,47.250,55.500,46.375,47.625,47.875,48.250,45.375,47.000,1099028.588,11351232,110757108
1791015026.339,idle_after,59.125,59.125,47.500,46.250,47.375,47.250,56.000,46.375,49.250,48.250,45.875,45.375,46.500,1099146.266,11351232,110757108
1791015027.340,idle_after,59.000,58.625,52.625,46.250,47.375,47.750,55.500,50.500,47.625,48.875,45.875,45.375,47.000,1099265.844,11351232,110757108
1791015028.341,idle_after,59.000,59.125,46.625,46.250,47.000,47.250,55.500,46.375,48.125,48.250,48.250,45.875,47.000,1099381.913,11351232,110757108
1791015029.343,idle_after,59.000,58.625,46.625,48.500,47.375,47.250,55.500,46.375,47.625,48.250,46.375,45.375,50.125,1099499.822,11351233,110757108
1791015030.344,idle_after,59.000,58.625,46.125,48.375,47.125,47.250,55.500,46.375,47.625,48.250,45.875,45.375,46.500,1099615.175,11351233,110757108
1791015031.345,idle_after,59.000,58.625,46.625,48.375,47.375,47.250,55.500,47.250,52.125,47.875,45.500,45.875,47.125,1099733.084,11351233,110757108
1791015032.345,idle_after,59.000,58.625,46.125,45.750,47.375,47.250,55.500,45.875,47.250,48.250,45.875,46.875,47.000,1099851.262,11351233,110757108
1791015033.347,idle_after,59.000,58.625,46.125,46.250,47.000,47.250,56.000,46.375,47.625,50.750,45.875,46.375,47.000,1099971.661,11351233,110757108
1791015034.348,idle_after,59.000,58.625,46.125,46.250,47.000,46.750,55.500,47.750,47.625,48.250,46.375,45.875,47.000,1100089.355,11351233,110757108
1791015035.349,idle_after,59.000,59.125,46.625,46.250,47.000,47.250,55.500,46.375,51.750,48.250,45.875,45.375,46.500,1100208.630,11351233,110757108
1791015036.350,idle_after,59.000,58.125,56.000,46.250,47.000,47.250,55.500,46.375,47.625,48.750,45.875,45.375,46.500,1100327.067,11351233,110757108
1791015037.351,idle_after,59.000,58.625,53.250,46.250,48.875,47.250,55.500,47.250,47.625,48.250,45.875,47.000,51.750,1100445.988,11351234,110757108
1791015038.352,idle_after,59.000,58.625,46.125,46.250,50.250,47.250,55.500,45.875,47.625,47.875,45.875,45.375,47.000,1100565.013,11351234,110757108
1791015039.354,idle_after,58.875,58.625,46.125,45.750,47.000,47.250,55.500,45.875,55.250,47.875,46.750,45.375,47.000,1100682.467,11351234,110757108
1791015040.355,idle_after,58.875,58.625,46.625,46.250,47.375,47.250,55.500,45.875,47.625,47.375,48.500,45.375,47.000,1100802.207,11351235,110757108
1791015041.356,idle_after,58.875,58.625,46.125,46.250,47.000,46.750,55.500,45.875,48.125,47.875,48.500,45.375,46.500,1100918.848,11351235,110757108
1791015042.357,idle_after,58.875,58.625,46.125,46.250,47.375,46.750,55.500,46.375,48.625,47.875,45.875,45.375,49.500,1101037.712,11351235,110757108
1791015043.358,idle_after,58.875,58.625,46.125,45.750,47.375,47.250,55.500,47.250,47.625,48.000,45.875,45.375,47.000,1101154.938,11351235,110757108
1791015044.359,idle_after,59.000,58.625,46.125,46.875,47.375,47.250,55.000,45.875,48.125,47.875,45.875,45.000,47.000,1101273.529,11351236,110757108
1791015045.361,idle_after,59.000,58.625,46.125,46.750,47.000,47.250,55.000,46.875,47.625,48.875,45.875,45.000,46.500,1101390.105,11351236,110757108
1791015046.362,idle_after,58.875,58.625,46.125,46.250,47.375,46.750,55.000,46.375,47.250,48.250,45.500,45.875,47.375,1101513.795,11351236,110757108
1791015047.363,idle_after,58.875,58.625,45.625,46.250,47.000,47.250,55.000,46.375,47.625,48.250,45.500,45.000,47.000,1101631.219,11351238,110757108
1791015048.364,idle_after,58.875,58.125,46.125,45.750,47.000,47.250,55.000,45.875,47.250,48.250,45.500,45.875,46.500,1101749.986,11351241,110757108
1791015049.365,idle_after,58.875,58.625,45.625,46.250,47.000,46.750,54.625,46.375,47.250,47.875,45.625,48.125,47.000,1101868.246,11351241,110757108
1791015050.366,idle_after,58.875,58.625,46.125,45.750,47.000,46.750,55.000,45.875,47.250,47.875,49.875,47.750,46.500,1101987.997,11351242,110757108
1791015051.367,idle_after,58.875,58.625,46.125,46.250,47.000,47.250,55.000,48.625,47.250,48.250,45.500,45.375,47.000,1102107.193,11351244,110757108
1791015052.368,idle_after,58.750,58.625,45.625,45.750,47.000,47.250,54.625,48.125,47.250,47.875,49.125,45.375,46.500,1102226.341,11351244,110757108
1791015053.369,idle_after,58.750,58.625,45.625,46.250,47.000,46.750,55.000,48.625,47.250,47.875,45.500,45.875,46.500,1102344.830,11351244,110757108
1791015054.370,idle_after,58.750,58.125,45.625,46.250,46.750,47.250,54.625,45.875,46.750,47.875,48.750,47.250,47.250,1102462.906,11351246,110757108
1791015055.371,idle_after,58.750,58.625,46.125,46.250,47.000,46.750,55.000,45.500,47.250,48.250,45.500,45.375,46.000,1102580.509,11351246,110757108
1791015056.372,idle_after,58.750,58.625,45.625,45.750,47.000,48.250,55.000,46.375,47.250,47.875,51.000,47.500,46.500,1102698.184,11351246,110757108
1791015057.373,idle_after,58.625,47.750,45.625,45.750,47.000,46.750,55.000,46.375,58.375,47.875,45.875,45.875,46.500,1102820.223,11351249,110757108
1791015058.375,idle_after,58.625,47.250,46.125,45.750,47.875,46.750,55.000,45.875,58.375,48.875,45.500,45.000,46.500,1102938.126,11351251,110757108
1791015059.376,idle_after,58.250,47.750,45.625,46.250,47.000,46.750,55.000,47.875,47.250,47.875,45.500,55.250,46.500,1103057.928,11351251,110757108
1791015060.377,idle_after,57.875,47.500,45.625,46.250,46.625,46.375,55.000,46.375,55.250,47.875,45.000,55.625,47.625,1103178.996,11351251,110757108
1791015061.378,idle_after,58.125,47.750,45.625,45.750,46.500,58.875,54.625,45.875,47.625,47.875,45.500,45.000,49.000,1103301.744,11351251,110757108
1791015062.379,idle_after,58.500,47.250,45.625,45.750,46.500,58.500,54.625,45.875,47.250,47.375,45.000,46.875,46.500,1103419.196,11351254,110757108
1791015063.381,idle_after,58.375,47.750,45.625,45.750,47.000,46.750,55.000,46.375,47.250,47.875,45.875,45.375,57.750,1103543.964,11351255,110757108
1791015064.382,idle_after,58.250,47.750,45.625,46.250,49.750,46.750,55.000,46.375,47.625,47.875,45.875,45.000,57.250,1103662.519,11351255,110757108
1791015065.383,idle_after,58.250,54.875,45.625,45.750,46.500,46.750,55.000,45.875,47.250,47.875,56.625,45.000,48.750,1103782.159,11351256,110757108
1791015066.384,idle_after,57.875,47.250,45.625,45.750,47.000,46.750,55.000,45.875,47.250,48.250,56.625,45.000,46.500,1103900.019,11351256,110757108
1791015067.385,idle_after,57.500,48.875,45.625,45.750,47.375,46.750,55.000,47.750,47.625,47.875,45.500,55.625,46.500,1104020.603,11351257,110757108
1791015068.386,idle_after,57.125,47.250,45.625,45.250,47.000,46.375,53.875,46.375,47.250,47.875,45.500,55.625,46.500,1104138.070,11351257,110757108
1791015069.387,idle_after,56.875,47.750,45.625,45.750,46.500,46.750,53.875,46.375,46.750,47.375,45.875,55.250,46.000,1104257.994,11351257,110757108
1791015070.388,idle_after,56.625,47.750,45.625,47.375,47.125,46.750,53.500,45.875,47.250,47.375,45.500,55.250,46.000,1104377.375,11351257,110757108
1791015071.389,idle_after,56.375,48.375,45.625,45.750,48.625,46.750,53.875,45.875,47.250,47.875,45.500,55.250,49.875,1104497.451,11351257,110757108
1791015072.391,idle_after,56.125,47.250,45.625,45.750,53.000,46.375,53.875,45.875,47.625,47.375,45.000,55.250,46.500,1104614.109,11351260,110757108
1791015073.392,idle_after,55.875,47.250,47.125,46.250,47.000,46.750,53.875,45.875,47.250,47.875,47.375,55.625,46.000,1104734.580,11351260,110757108
1791015074.393,idle_after,55.750,47.250,47.625,45.250,47.000,46.750,53.875,46.375,47.250,47.875,45.000,55.250,46.500,1104851.995,11351260,110757108
1791015075.394,idle_after,56.125,47.750,48.625,46.250,46.500,46.750,53.875,53.250,49.000,49.625,45.500,53.875,46.000,1104972.364,11351260,110757108
1791015076.395,idle_after,56.000,47.250,45.625,46.250,46.500,46.375,53.875,45.875,47.250,47.000,45.000,55.250,47.750,1105092.948,11351262,110757108
1791015077.396,idle_after,56.000,47.250,45.625,45.750,46.500,46.375,53.500,45.875,47.250,49.125,48.250,54.750,46.500,1105210.643,11351266,110757108
1791015078.397,idle_after,55.875,50.250,45.625,45.750,46.500,46.375,53.875,45.875,47.250,47.375,45.875,55.250,46.500,1105331.470,11351266,110757108
1791015079.398,idle_after,55.750,48.875,45.625,45.750,46.500,46.750,53.875,45.875,47.250,47.375,45.500,55.250,46.500,1105448.874,11351268,110757108
1791015080.399,idle_after,55.750,47.750,45.625,46.375,46.500,48.250,53.875,45.875,46.750,47.375,45.500,55.250,46.500,1105567.157,11351268,110757108
1791015081.400,idle_after,55.625,47.250,45.625,45.750,47.000,46.375,53.500,45.875,48.625,47.375,45.500,55.625,46.000,1105688.390,11351268,110757108
1791015082.401,idle_after,55.625,47.250,45.625,45.250,46.500,46.750,53.500,45.875,46.750,47.375,48.500,55.250,46.000,1105807.674,11351268,110757108
1791015083.402,idle_after,55.625,47.250,46.125,45.750,46.500,46.375,53.875,45.875,46.375,47.375,45.500,55.250,46.500,1105924.924,11351271,110757108
1791015084.403,idle_after,55.500,47.250,45.625,47.750,47.000,46.375,53.500,45.875,46.750,47.375,45.500,54.750,46.000,1106045.561,11351271,110757108
1791015085.405,idle_after,55.500,46.875,45.625,45.250,49.875,45.875,53.875,46.375,47.250,47.375,45.500,54.750,46.000,1106161.855,11351271,110757108
1791015086.406,idle_after,55.375,47.250,46.125,45.750,47.000,46.375,53.500,45.875,47.250,47.375,45.500,55.250,46.000,1106281.398,11351273,110757108
1791015087.407,idle_after,55.375,47.250,45.125,45.750,50.250,45.875,53.500,45.875,46.750,47.375,45.500,55.250,46.500,1106399.205,11351275,110757108
1791015088.409,idle_after,55.875,46.875,46.125,57.125,49.750,46.375,53.500,45.875,46.750,47.375,45.500,48.125,46.000,1106518.126,11351275,110757108
1791015089.410,idle_after,56.500,47.250,45.625,57.125,46.000,46.375,53.500,45.875,46.750,48.250,45.500,44.500,46.000,1106635.108,11351275,110757108
1791015090.411,idle_after,56.750,47.250,45.625,56.625,49.750,47.250,53.500,45.875,47.250,50.625,45.500,45.875,46.000,1106753.478,11351277,110757108
1791015091.413,idle_after,56.875,47.250,45.625,56.625,46.500,46.375,53.500,45.875,46.750,47.750,45.000,45.000,45.625,1106872.630,11351277,110757108
1791015092.414,idle_after,56.875,48.375,46.125,57.125,46.500,46.750,53.000,45.875,46.750,50.125,46.875,45.000,46.000,1106990.809,11351277,110757108
1791015093.415,idle_after,57.000,47.250,46.125,56.625,46.500,46.375,53.500,45.500,47.250,51.875,45.500,45.000,46.000,1107109.433,11351277,110757108
1791015094.416,idle_after,57.000,47.250,46.125,56.625,47.000,48.250,53.500,45.875,46.750,48.875,45.500,45.000,46.000,1107228.858,11351279,110757108
1791015095.417,idle_after,57.000,47.250,45.125,56.625,47.000,46.750,53.500,46.125,48.125,47.375,45.000,44.500,46.000,1107346.832,11351279,110757108
1791015096.419,idle_after,57.000,47.250,46.875,57.125,46.500,46.375,53.875,45.875,46.750,47.375,45.500,45.000,50.750,1107465.626,11351279,110757108
1791015097.420,idle_after,57.000,47.250,45.625,56.625,47.000,46.375,53.500,48.250,46.750,47.000,45.000,45.000,46.000,1107586.350,11351281,110757108
1791015098.421,idle_after,57.125,46.875,45.625,57.125,46.500,47.250,53.000,45.875,46.750,47.000,45.500,44.500,46.000,1107704.089,11351281,110757108
1791015099.422,idle_after,57.000,46.875,45.625,45.750,46.000,46.375,53.000,48.000,46.375,47.000,56.125,45.000,45.625,1107824.512,11351281,110757108
1791015100.423,idle_after,56.875,47.250,45.625,45.250,46.000,46.750,53.500,45.500,46.750,48.625,55.250,45.000,46.000,1107943.330,11351281,110757108
1791015101.425,idle_after,56.750,48.000,45.125,45.250,46.000,46.375,53.875,45.500,46.750,47.375,55.750,45.000,47.750,1108061.831,11351282,110757108
1791015102.426,idle_after,56.750,46.875,45.625,45.250,46.000,45.875,53.500,45.000,48.875,47.375,55.750,44.500,46.500,1108179.794,11351282,110757108
1791015103.427,idle_after,56.625,48.875,45.625,45.750,46.625,48.375,53.500,45.500,46.750,47.375,45.500,44.500,56.375,1108300.204,11351282,110757108
1791015104.428,idle_after,56.375,46.875,45.625,45.750,46.250,46.375,53.500,45.500,46.750,47.375,46.875,44.500,56.875,1108417.375,11351283,110757108
1791015105.429,idle_after,56.500,46.875,45.625,45.250,49.500,48.625,53.500,45.000,46.750,47.000,45.500,44.000,56.875,1108536.730,11351283,110757108
1791015106.430,idle_after,56.750,46.875,45.625,45.250,48.875,46.375,53.000,45.500,46.750,47.000,45.000,44.500,56.875,1108654.041,11351283,110757108
1791015107.431,idle_after,56.875,47.250,45.625,45.250,47.625,46.750,53.500,45.000,46.750,50.625,45.000,44.500,57.250,1108773.467,11351283,110757108
1791015108.433,idle_after,57.000,58.125,45.125,45.250,47.000,46.375,53.000,45.500,46.750,47.000,46.000,44.500,46.000,1108892.861,11351284,110757108
1791015109.434,idle_after,57.625,58.125,45.125,45.250,54.875,46.375,53.500,45.500,46.750,47.375,45.000,44.500,49.125,1109013.421,11351284,110757108
1791015110.435,idle_after,57.875,58.125,45.125,45.750,46.500,46.375,53.500,45.500,47.375,47.375,45.000,45.000,45.625,1109132.583,11351284,110757108
1791015111.436,idle_after,58.000,58.125,47.375,45.250,46.500,46.500,53.000,45.500,47.625,47.000,48.250,44.500,46.000,1109252.900,11351286,110757108
1791015112.437,idle_after,58.125,58.125,45.625,45.250,46.000,46.375,53.000,45.500,46.375,47.375,45.000,45.125,45.625,1109373.463,11351286,110757108
1791015113.438,idle_after,58.125,58.125,45.625,45.750,46.500,46.375,53.000,45.500,46.750,47.000,45.000,44.500,45.625,1109491.759,11351286,110757108
1791015114.439,idle_after,58.125,58.125,45.125,46.500,49.750,46.750,53.500,45.500,46.750,47.375,44.500,44.500,45.625,1109611.648,11351286,110757108
1791015115.440,idle_after,58.125,58.125,45.125,45.250,47.625,46.375,53.000,45.500,47.250,47.375,45.000,44.750,45.625,1109731.397,11351288,110757108
1791015116.441,idle_after,58.125,58.125,45.125,45.250,46.500,46.375,53.000,45.500,46.375,47.375,45.000,45.000,45.625,1109850.035,11351288,110757108
1791015117.442,idle_after,58.125,58.125,45.125,45.250,47.625,46.375,53.500,45.500,46.750,47.375,45.000,45.000,45.625,1109969.104,11351290,110757108
1791015118.443,idle_after,58.000,57.625,45.125,45.250,46.500,47.000,53.500,45.500,46.500,47.375,45.000,45.000,46.250,1110093.467,11351290,110757108
1791015119.445,idle_after,58.000,58.125,51.500,45.250,46.750,45.875,53.000,45.000,46.750,47.375,45.500,44.500,45.625,1110210.522,11351291,110757108
1791015120.446,idle_after,58.000,47.250,45.625,45.250,49.750,46.375,53.500,45.500,46.750,47.375,45.000,44.500,56.375,1110331.488,11351291,110757108
1791015121.447,idle_after,57.875,47.250,45.125,45.250,46.000,46.375,53.000,45.000,47.250,47.000,45.000,45.750,56.875,1110449.651,11351292,110757108
1791015122.448,idle_after,57.875,46.875,45.125,45.750,49.875,46.375,53.500,45.000,49.500,47.250,45.500,44.500,57.250,1110569.677,11351294,110757108
1791015123.449,idle_after,57.750,46.875,45.125,45.250,46.500,46.375,53.500,45.500,47.375,47.000,45.500,44.500,57.250,1110688.303,11351294,110757108
1791015124.450,idle_after,57.625,48.375,45.125,45.250,46.500,49.375,53.500,45.500,46.750,57.750,45.000,44.500,46.000,1110807.882,11351294,110757108
1791015125.451,idle_after,57.625,47.250,48.750,45.250,46.000,46.375,53.500,45.500,46.750,57.250,45.000,44.500,45.625,1110925.944,11351294,110757108
1791015126.452,idle_after,57.625,47.250,45.625,46.000,47.625,46.375,53.000,45.000,46.750,57.250,45.000,47.500,45.625,1111044.466,11351297,110757108
1791015127.454,idle_after,57.625,46.875,47.500,45.250,56.250,46.375,53.875,45.500,46.375,47.875,45.000,44.500,45.625,1111163.147,11351298,110757108
1791015128.455,idle_after,58.125,46.875,45.125,46.250,58.500,46.375,53.000,45.500,46.750,47.375,44.500,44.500,45.625,1111281.933,11351298,110757108
1791015129.456,idle_after,58.125,47.250,45.625,45.250,46.500,58.000,53.500,45.500,46.750,47.375,45.875,44.000,46.000,1111400.433,11351299,110757108
1791015130.457,idle_after,58.125,47.250,46.125,44.875,46.500,58.000,53.500,45.625,46.375,47.375,45.000,45.000,45.625,1111519.093,11351299,110757108
1791015131.458,idle_after,58.125,46.875,45.625,45.250,46.000,58.500,53.500,45.000,48.625,47.375,45.000,44.000,45.625,1111639.328,11351299,110757108
1791015132.459,idle_after,58.250,47.250,45.125,45.000,46.500,58.500,53.500,46.375,46.375,47.000,45.000,44.500,46.000,1111757.531,11351299,110757108
1791015133.461,idle_after,58.125,57.625,45.625,45.250,46.000,46.375,53.500,45.875,46.750,47.000,45.000,45.000,45.625,1111876.839,11351302,110757108
1791015134.462,idle_after,58.125,57.625,45.125,45.250,49.000,46.375,53.000,45.000,53.000,47.000,44.500,44.000,46.000,1111993.728,11351302,110757108
1791015135.463,idle_after,58.125,56.250,44.750,45.250,48.375,46.375,53.500,45.875,46.750,46.500,45.875,44.500,46.000,1112111.201,11351302,110757108
1791015136.466,idle_after,58.000,46.875,45.125,45.250,46.000,45.875,53.500,45.000,57.125,47.000,45.625,44.000,46.000,1112227.844,11351304,110757108
1791015137.467,idle_after,57.875,47.250,45.125,44.875,46.000,48.625,53.500,55.625,48.000,47.375,47.250,44.000,46.375,1112346.252,11351307,110757108
1791015138.469,idle_after,57.375,46.875,45.125,45.250,46.000,45.875,53.000,55.125,46.750,47.000,45.500,44.000,45.625,1112463.960,11351307,110757108
1791015139.470,idle_after,57.000,46.875,44.750,46.500,51.625,45.875,53.000,55.125,46.375,47.000,45.000,44.000,46.000,1112583.319,11351309,110757108
1791015140.474,idle_after,56.750,46.875,45.125,45.250,46.000,45.875,53.500,55.125,46.375,47.000,45.000,44.500,47.625,1112704.246,11351310,110757108
1791015141.475,idle_after,56.375,46.875,45.125,45.250,46.000,45.875,53.500,55.625,50.875,47.000,52.250,44.500,48.000,1112822.214,11351310,110757108
1791015142.477,idle_after,56.125,46.875,44.750,46.250,46.000,46.375,53.500,55.625,46.375,47.000,45.500,45.000,46.000,1112943.785,11351310,110757108
1791015143.478,idle_after,55.875,46.875,45.125,45.750,45.625,45.875,53.000,55.125,49.875,47.375,44.500,44.250,46.875,1113062.035,11351310,110757108
1791015144.479,idle_after,55.625,46.875,45.125,45.250,46.000,45.875,52.500,55.125,46.750,47.000,44.500,44.500,48.500,1113179.322,11351312,110757108
1791015145.480,idle_after,55.500,46.875,45.125,45.250,46.000,47.000,53.500,55.125,46.375,47.000,45.500,44.500,47.000,1113299.429,11351313,110757108
1791015146.481,idle_after,55.500,46.875,45.125,45.250,46.000,45.875,53.000,55.125,46.375,47.000,45.000,44.500,48.625,1113418.214,11351313,110757108
1791015147.483,idle_after,55.500,46.875,45.125,45.250,46.000,45.875,53.000,55.625,45.875,47.500,44.500,44.500,45.625,1113538.720,11351322,110757108
1791015148.484,idle_after,55.500,46.875,45.625,45.250,46.000,45.375,53.500,55.125,46.375,47.000,45.000,45.000,45.625,1113658.208,11351322,110757108
1791015149.485,idle_after,55.500,46.875,45.125,45.250,47.875,45.875,53.000,45.500,46.375,47.000,55.750,44.500,45.125,1113775.425,11351322,110757108
1791015150.486,idle_after,55.875,46.375,45.125,45.875,46.000,45.875,53.000,45.500,46.375,46.500,56.625,44.500,45.625,1113894.789,11351322,110757108
1791015151.487,idle_after,55.875,57.625,45.125,45.750,46.000,45.875,53.500,45.000,45.875,47.000,45.000,44.500,45.125,1114013.702,11351326,110757108
1791015152.488,idle_after,56.500,46.875,45.125,45.250,46.000,45.875,53.875,45.000,45.875,57.250,45.500,44.500,45.125,1114131.214,11351326,110757108
1791015153.490,idle_after,57.000,46.875,45.125,45.250,51.125,45.875,53.000,45.000,45.875,57.250,45.000,44.500,45.625,1114251.033,11351326,110757108
1791015154.491,idle_after,57.250,57.625,45.125,45.750,45.625,46.375,53.000,45.500,46.375,46.500,45.000,44.500,45.625,1114370.356,11351330,110757108
1791015155.492,idle_after,57.500,57.625,45.125,45.750,45.625,46.375,53.000,45.500,45.875,47.000,44.500,44.000,45.625,1114487.286,11351330,110757108
1791015156.493,idle_after,57.500,57.625,50.625,45.250,45.625,46.750,53.875,45.000,45.875,47.375,44.500,44.000,45.125,1114607.305,11351330,110757108
1791015157.494,idle_after,57.625,57.625,45.125,45.375,45.625,45.875,53.000,45.500,45.875,46.500,44.500,44.000,45.625,1114726.070,11351334,110757108
1791015158.495,idle_after,57.625,57.625,45.125,48.875,45.625,45.875,53.500,45.000,45.875,47.000,45.750,44.000,45.125,1114844.358,11351338,110757108
1791015159.497,idle_after,57.500,46.875,48.125,45.250,49.750,45.875,52.500,47.250,47.250,47.000,45.625,54.250,45.125,1114961.829,11351338,110757108
1791015160.498,idle_after,57.125,46.875,45.125,45.250,49.625,45.875,53.500,45.000,45.875,47.000,46.000,54.250,45.125,1115082.381,11351338,110757108
1791015161.500,idle_after,56.750,46.375,45.125,45.250,46.000,45.375,53.000,46.500,45.875,46.500,45.000,54.750,45.125,1115200.704,11351342,110757108
1791015162.501,idle_after,56.375,46.875,45.125,48.375,46.000,45.375,53.000,45.000,46.625,47.000,47.375,54.250,45.125,1115320.574,11351342,110757108
1791015163.502,idle_after,56.125,46.375,44.750,45.250,46.000,45.875,53.500,45.500,45.875,48.625,45.000,54.750,45.625,1115439.687,11351342,110757108
1791015164.503,idle_after,56.250,46.375,45.125,45.250,46.000,45.875,53.500,45.000,57.125,46.500,48.500,44.500,45.125,1115558.907,11351342,110757108
1791015165.504,idle_after,56.625,46.375,45.125,45.250,46.000,45.875,53.875,45.000,56.625,46.500,45.000,44.500,45.125,1115676.786,11351345,110757108
1791015166.505,idle_after,56.875,46.375,45.125,45.250,46.000,45.875,53.500,44.500,57.125,47.000,48.000,44.500,45.625,1115795.032,11351345,110757108
1791015167.505,idle_after,57.000,48.250,45.125,44.875,46.000,46.375,53.500,45.500,56.625,47.000,45.000,44.500,45.625,1115914.273,11351353,110757108
1791015168.506,idle_after,57.000,46.375,48.125,45.250,46.000,45.875,53.500,44.500,57.125,47.000,45.000,44.000,45.625,1116035.270,11351353,110757108
1791015169.507,idle_after,57.125,46.875,45.625,44.875,46.250,45.375,53.000,44.500,57.125,47.000,45.000,44.500,46.000,1116154.906,11351356,110757108
1791015170.508,idle_after,57.125,46.875,44.750,44.875,46.250,45.875,53.000,45.000,57.125,48.250,44.500,44.500,45.625,1116274.415,11351356,110757108
1791015171.510,idle_after,57.125,46.875,45.125,44.875,46.000,45.875,52.500,44.500,57.125,47.000,48.000,44.000,45.625,1116395.267,11351356,110757108
1791015172.511,idle_after,57.125,46.375,45.125,44.875,46.500,46.375,53.000,45.000,57.125,47.000,45.000,44.000,45.625,1116513.206,11351359,110757108
1791015173.512,idle_after,57.125,46.875,45.625,44.875,45.625,45.875,53.000,45.000,57.125,46.500,45.000,44.750,46.000,1116630.565,11351359,110757108
1791015174.513,idle_after,57.125,46.875,52.875,44.875,48.875,45.875,53.000,45.000,57.125,47.000,44.500,49.375,46.000,1116748.811,11351359,110757108
1791015175.514,idle_after,57.125,48.750,46.625,44.875,51.125,45.875,53.000,45.000,57.125,46.500,45.000,44.000,46.000,1116873.485,11351359,110757108
1791015176.515,idle_after,57.250,46.375,46.250,45.250,46.500,45.875,53.000,45.500,57.125,47.000,44.500,44.500,46.000,1116991.385,11351361,110757108
1791015177.517,idle_after,57.250,46.875,44.750,44.875,46.500,45.875,53.000,45.000,57.500,48.250,45.000,44.000,49.500,1117116.111,11351365,110757108
1791015178.517,idle_after,57.250,46.375,44.750,44.875,45.750,45.875,53.000,45.000,57.500,48.875,44.500,44.500,45.625,1117234.589,11351365,110757108
1791015179.518,idle_after,57.250,46.375,45.125,48.375,46.000,45.875,53.000,45.000,57.125,47.000,47.625,44.000,45.625,1117352.929,11351368,110757108
1791015180.520,idle_after,57.250,46.875,46.125,45.250,45.625,45.875,53.000,44.500,57.125,47.000,44.500,44.000,46.000,1117470.585,11351368,110757108
1791015181.521,idle_after,57.250,46.875,45.125,45.250,46.500,45.875,53.000,45.000,57.125,47.375,47.250,44.500,51.250,1117590.472,11351369,110757108
1791015182.522,idle_after,57.375,46.875,44.750,44.875,46.000,45.875,53.000,45.000,57.125,46.500,44.125,44.500,45.625,1117707.881,11351369,110757108
1791015183.523,idle_after,57.250,46.375,51.125,45.250,46.000,45.875,53.000,45.000,57.125,46.500,44.500,45.000,45.125,1117826.476,11351372,110757108
1791015184.524,idle_after,57.250,46.875,45.125,44.875,46.500,49.125,53.000,44.500,56.625,47.000,44.500,44.500,45.625,1117946.459,11351372,110757108
1791015185.525,idle_after,57.250,46.375,45.125,44.875,46.000,50.250,53.000,44.500,57.125,47.375,44.125,43.500,45.125,1118063.730,11351372,110757108
1791015186.526,idle_after,57.250,46.875,45.125,47.125,46.000,45.875,53.000,45.000,57.125,47.000,44.500,44.000,45.625,1118181.057,11351375,110757108
1791015187.528,idle_after,57.250,46.375,45.125,45.250,57.625,48.625,53.000,44.500,46.375,47.000,44.500,44.000,45.125,1118299.389,11351380,110757108
